<gpx xmlns:ns3="http://www.garmin.com/xmlschemas/TrackPointExtension/v1" xmlns="http://www.topografix.com/GPX/1/1" xmlns:xsi="http://www.w3.org/2001/XMLSchema-instance" xmlns:ns2="http://www.garmin.com/xmlschemas/GpxExtensions/v3" creator="Garmin Connect" version="1.1" xsi:schemaLocation="http://www.topografix.com/GPX/1/1 http://www.topografix.com/GPX/11.xsd">
  <extensions>
<distance>5616.72</distance>
<average_hr></average_hr>
<average_speed>2.180999994277954</average_speed>
<start_time>2024-09-02T13:05:46+00:00</start_time>
<end_time>2024-09-02T13:48:41.063000+00:00</end_time>
<moving_time>2514.759</moving_time>
<elapsed_time>2644.351</elapsed_time>
</extensions>
<metadata>
    <link href="connect.garmin.com">
      <text>Garmin Connect</text>
    </link>
    <time>2024-09-02T13:05:46.000Z</time>
  </metadata>
  <trk>
    <name>杭州市 跑步</name>
    <type>running</type>
    <trkseg>
      <trkpt lat="30.43236200697720050811767578125" lon="120.26816035620868206024169921875">
        <ele>7.599999904632568359375</ele>
        <time>2024-09-02T13:05:46.000Z</time>
        <extensions>
          <ns3:TrackPointExtension>
            <ns3:cad>61</ns3:cad>
          </ns3:TrackPointExtension>
        </extensions>
      </trkpt>
      <trkpt lat="30.4323501884937286376953125" lon="120.26815867982804775238037109375">
        <ele>7.599999904632568359375</ele>
        <time>2024-09-02T13:05:47.000Z</time>
        <extensions>
          <ns3:TrackPointExtension>
            <ns3:cad>61</ns3:cad>
          </ns3:TrackPointExtension>
        </extensions>
      </trkpt>
      <trkpt lat="30.43234415352344512939453125" lon="120.26815675199031829833984375">
        <ele>7.599999904632568359375</ele>
        <time>2024-09-02T13:05:48.000Z</time>
        <extensions>
          <ns3:TrackPointExtension>
            <ns3:cad>61</ns3:cad>
          </ns3:TrackPointExtension>
        </extensions>
      </trkpt>
      <trkpt lat="30.4323389567434787750244140625" lon="120.26815800927579402923583984375">
        <ele>7.400000095367431640625</ele>
        <time>2024-09-02T13:05:49.000Z</time>
        <extensions>
          <ns3:TrackPointExtension>
            <ns3:cad>61</ns3:cad>
          </ns3:TrackPointExtension>
        </extensions>
      </trkpt>
      <trkpt lat="30.4323342628777027130126953125" lon="120.2681619487702846527099609375">
        <ele>7.400000095367431640625</ele>
        <time>2024-09-02T13:05:50.000Z</time>
        <extensions>
          <ns3:TrackPointExtension>
            <ns3:cad>61</ns3:cad>
          </ns3:TrackPointExtension>
        </extensions>
      </trkpt>
      <trkpt lat="30.43232948519289493560791015625" lon="120.2681582607328891754150390625">
        <ele>7.400000095367431640625</ele>
        <time>2024-09-02T13:05:51.000Z</time>
        <extensions>
          <ns3:TrackPointExtension>
            <ns3:cad>61</ns3:cad>
          </ns3:TrackPointExtension>
        </extensions>
      </trkpt>
      <trkpt lat="30.4323206841945648193359375" lon="120.268143676221370697021484375">
        <ele>7.400000095367431640625</ele>
        <time>2024-09-02T13:05:52.000Z</time>
        <extensions>
          <ns3:TrackPointExtension>
            <ns3:cad>0</ns3:cad>
          </ns3:TrackPointExtension>
        </extensions>
      </trkpt>
      <trkpt lat="30.43231657706201076507568359375" lon="120.26813018135726451873779296875">
        <ele>7.400000095367431640625</ele>
        <time>2024-09-02T13:05:53.000Z</time>
        <extensions>
          <ns3:TrackPointExtension>
            <ns3:cad>0</ns3:cad>
          </ns3:TrackPointExtension>
        </extensions>
      </trkpt>
      <trkpt lat="30.4323101229965686798095703125" lon="120.26812146417796611785888671875">
        <ele>7.400000095367431640625</ele>
        <time>2024-09-02T13:05:54.000Z</time>
        <extensions>
          <ns3:TrackPointExtension>
            <ns3:cad>0</ns3:cad>
          </ns3:TrackPointExtension>
        </extensions>
      </trkpt>
      <trkpt lat="30.43230249546468257904052734375" lon="120.26810654439032077789306640625">
        <ele>7.400000095367431640625</ele>
        <time>2024-09-02T13:05:55.000Z</time>
        <extensions>
          <ns3:TrackPointExtension>
            <ns3:cad>0</ns3:cad>
          </ns3:TrackPointExtension>
        </extensions>
      </trkpt>
      <trkpt lat="30.43229344300925731658935546875" lon="120.26808726601302623748779296875">
        <ele>7.400000095367431640625</ele>
        <time>2024-09-02T13:05:56.000Z</time>
        <extensions>
          <ns3:TrackPointExtension>
            <ns3:cad>60</ns3:cad>
          </ns3:TrackPointExtension>
        </extensions>
      </trkpt>
      <trkpt lat="30.432281792163848876953125" lon="120.26806346140801906585693359375">
        <ele>7.400000095367431640625</ele>
        <time>2024-09-02T13:05:57.000Z</time>
        <extensions>
          <ns3:TrackPointExtension>
            <ns3:cad>60</ns3:cad>
          </ns3:TrackPointExtension>
        </extensions>
      </trkpt>
      <trkpt lat="30.43226779438555240631103515625" lon="120.26802624575793743133544921875">
        <ele>7.19999980926513671875</ele>
        <time>2024-09-02T13:05:58.000Z</time>
        <extensions>
          <ns3:TrackPointExtension>
            <ns3:cad>60</ns3:cad>
          </ns3:TrackPointExtension>
        </extensions>
      </trkpt>
      <trkpt lat="30.4322568140923976898193359375" lon="120.26800009422004222869873046875">
        <ele>7</ele>
        <time>2024-09-02T13:05:59.000Z</time>
        <extensions>
          <ns3:TrackPointExtension>
            <ns3:cad>0</ns3:cad>
          </ns3:TrackPointExtension>
        </extensions>
      </trkpt>
      <trkpt lat="30.4322477616369724273681640625" lon="120.2679629623889923095703125">
        <ele>7</ele>
        <time>2024-09-02T13:06:00.000Z</time>
        <extensions>
          <ns3:TrackPointExtension>
            <ns3:cad>0</ns3:cad>
          </ns3:TrackPointExtension>
        </extensions>
      </trkpt>
      <trkpt lat="30.43223359622061252593994140625" lon="120.2679265849292278289794921875">
        <ele>7</ele>
        <time>2024-09-02T13:06:01.000Z</time>
        <extensions>
          <ns3:TrackPointExtension>
            <ns3:cad>89</ns3:cad>
          </ns3:TrackPointExtension>
        </extensions>
      </trkpt>
      <trkpt lat="30.43222345411777496337890625" lon="120.26789012365043163299560546875">
        <ele>7</ele>
        <time>2024-09-02T13:06:02.000Z</time>
        <extensions>
          <ns3:TrackPointExtension>
            <ns3:cad>89</ns3:cad>
          </ns3:TrackPointExtension>
        </extensions>
      </trkpt>
      <trkpt lat="30.432209707796573638916015625" lon="120.267862044274806976318359375">
        <ele>7</ele>
        <time>2024-09-02T13:06:03.000Z</time>
        <extensions>
          <ns3:TrackPointExtension>
            <ns3:cad>89</ns3:cad>
          </ns3:TrackPointExtension>
        </extensions>
      </trkpt>
      <trkpt lat="30.43219135142862796783447265625" lon="120.26782147586345672607421875">
        <ele>7</ele>
        <time>2024-09-02T13:06:04.000Z</time>
        <extensions>
          <ns3:TrackPointExtension>
            <ns3:cad>89</ns3:cad>
          </ns3:TrackPointExtension>
        </extensions>
      </trkpt>
      <trkpt lat="30.43218229897320270538330078125" lon="120.26779356412589550018310546875">
        <ele>7</ele>
        <time>2024-09-02T13:06:05.000Z</time>
        <extensions>
          <ns3:TrackPointExtension>
            <ns3:cad>89</ns3:cad>
          </ns3:TrackPointExtension>
        </extensions>
      </trkpt>
      <trkpt lat="30.43217391707003116607666015625" lon="120.2677646465599536895751953125">
        <ele>7</ele>
        <time>2024-09-02T13:06:06.000Z</time>
        <extensions>
          <ns3:TrackPointExtension>
            <ns3:cad>88</ns3:cad>
          </ns3:TrackPointExtension>
        </extensions>
      </trkpt>
      <trkpt lat="30.4321632720530033111572265625" lon="120.26773707009851932525634765625">
        <ele>6.80000019073486328125</ele>
        <time>2024-09-02T13:06:07.000Z</time>
        <extensions>
          <ns3:TrackPointExtension>
            <ns3:cad>88</ns3:cad>
          </ns3:TrackPointExtension>
        </extensions>
      </trkpt>
      <trkpt lat="30.4321570694446563720703125" lon="120.26771829463541507720947265625">
        <ele>6.80000019073486328125</ele>
        <time>2024-09-02T13:06:08.000Z</time>
        <extensions>
          <ns3:TrackPointExtension>
            <ns3:cad>88</ns3:cad>
          </ns3:TrackPointExtension>
        </extensions>
      </trkpt>
      <trkpt lat="30.432144664227962493896484375" lon="120.267696082592010498046875">
        <ele>6.80000019073486328125</ele>
        <time>2024-09-02T13:06:09.000Z</time>
        <extensions>
          <ns3:TrackPointExtension>
            <ns3:cad>88</ns3:cad>
          </ns3:TrackPointExtension>
        </extensions>
      </trkpt>
      <trkpt lat="30.43213091790676116943359375" lon="120.26767185889184474945068359375">
        <ele>6.599999904632568359375</ele>
        <time>2024-09-02T13:06:10.000Z</time>
        <extensions>
          <ns3:TrackPointExtension>
            <ns3:cad>88</ns3:cad>
          </ns3:TrackPointExtension>
        </extensions>
      </trkpt>
      <trkpt lat="30.4321181774139404296875" lon="120.26764688082039356231689453125">
        <ele>6.400000095367431640625</ele>
        <time>2024-09-02T13:06:11.000Z</time>
        <extensions>
          <ns3:TrackPointExtension>
            <ns3:cad>88</ns3:cad>
          </ns3:TrackPointExtension>
        </extensions>
      </trkpt>
      <trkpt lat="30.43210652656853199005126953125" lon="120.26763028465211391448974609375">
        <ele>6.19999980926513671875</ele>
        <time>2024-09-02T13:06:12.000Z</time>
        <extensions>
          <ns3:TrackPointExtension>
            <ns3:cad>89</ns3:cad>
          </ns3:TrackPointExtension>
        </extensions>
      </trkpt>
      <trkpt lat="30.43209194205701351165771484375" lon="120.26761318556964397430419921875">
        <ele>6</ele>
        <time>2024-09-02T13:06:13.000Z</time>
        <extensions>
          <ns3:TrackPointExtension>
            <ns3:cad>89</ns3:cad>
          </ns3:TrackPointExtension>
        </extensions>
      </trkpt>
      <trkpt lat="30.4320781119167804718017578125" lon="120.26758954860270023345947265625">
        <ele>5.80000019073486328125</ele>
        <time>2024-09-02T13:06:14.000Z</time>
        <extensions>
          <ns3:TrackPointExtension>
            <ns3:cad>88</ns3:cad>
          </ns3:TrackPointExtension>
        </extensions>
      </trkpt>
      <trkpt lat="30.43206830509006977081298828125" lon="120.26756800711154937744140625">
        <ele>5.599999904632568359375</ele>
        <time>2024-09-02T13:06:15.000Z</time>
        <extensions>
          <ns3:TrackPointExtension>
            <ns3:cad>87</ns3:cad>
          </ns3:TrackPointExtension>
        </extensions>
      </trkpt>
      <trkpt lat="30.43205506168305873870849609375" lon="120.267545878887176513671875">
        <ele>5.400000095367431640625</ele>
        <time>2024-09-02T13:06:16.000Z</time>
        <extensions>
          <ns3:TrackPointExtension>
            <ns3:cad>87</ns3:cad>
          </ns3:TrackPointExtension>
        </extensions>
      </trkpt>
      <trkpt lat="30.4320449195802211761474609375" lon="120.2675163745880126953125">
        <ele>5</ele>
        <time>2024-09-02T13:06:17.000Z</time>
        <extensions>
          <ns3:TrackPointExtension>
            <ns3:cad>87</ns3:cad>
          </ns3:TrackPointExtension>
        </extensions>
      </trkpt>
      <trkpt lat="30.432034023106098175048828125" lon="120.2674930728971958160400390625">
        <ele>4.80000019073486328125</ele>
        <time>2024-09-02T13:06:18.000Z</time>
        <extensions>
          <ns3:TrackPointExtension>
            <ns3:cad>86</ns3:cad>
          </ns3:TrackPointExtension>
        </extensions>
      </trkpt>
      <trkpt lat="30.4320231266319751739501953125" lon="120.2674628980457782745361328125">
        <ele>4.400000095367431640625</ele>
        <time>2024-09-02T13:06:19.000Z</time>
        <extensions>
          <ns3:TrackPointExtension>
            <ns3:cad>85</ns3:cad>
          </ns3:TrackPointExtension>
        </extensions>
      </trkpt>
      <trkpt lat="30.4320122301578521728515625" lon="120.26744269765913486480712890625">
        <ele>4.19999980926513671875</ele>
        <time>2024-09-02T13:06:20.000Z</time>
        <extensions>
          <ns3:TrackPointExtension>
            <ns3:cad>85</ns3:cad>
          </ns3:TrackPointExtension>
        </extensions>
      </trkpt>
      <trkpt lat="30.43200552463531494140625" lon="120.26742761023342609405517578125">
        <ele>4</ele>
        <time>2024-09-02T13:06:21.000Z</time>
        <extensions>
          <ns3:TrackPointExtension>
            <ns3:cad>83</ns3:cad>
          </ns3:TrackPointExtension>
        </extensions>
      </trkpt>
      <trkpt lat="30.43200016021728515625" lon="120.267400033771991729736328125">
        <ele>4</ele>
        <time>2024-09-02T13:06:22.000Z</time>
        <extensions>
          <ns3:TrackPointExtension>
            <ns3:cad>83</ns3:cad>
          </ns3:TrackPointExtension>
        </extensions>
      </trkpt>
      <trkpt lat="30.4319979809224605560302734375" lon="120.267379581928253173828125">
        <ele>4</ele>
        <time>2024-09-02T13:06:23.000Z</time>
        <extensions>
          <ns3:TrackPointExtension>
            <ns3:cad>83</ns3:cad>
          </ns3:TrackPointExtension>
        </extensions>
      </trkpt>
      <trkpt lat="30.4319952987134456634521484375" lon="120.26735770516097545623779296875">
        <ele>4</ele>
        <time>2024-09-02T13:06:24.000Z</time>
        <extensions>
          <ns3:TrackPointExtension>
            <ns3:cad>83</ns3:cad>
          </ns3:TrackPointExtension>
        </extensions>
      </trkpt>
      <trkpt lat="30.4319849051535129547119140625" lon="120.2673307992517948150634765625">
        <ele>4</ele>
        <time>2024-09-02T13:06:25.000Z</time>
        <extensions>
          <ns3:TrackPointExtension>
            <ns3:cad>83</ns3:cad>
          </ns3:TrackPointExtension>
        </extensions>
      </trkpt>
      <trkpt lat="30.43197275139391422271728515625" lon="120.26730808429419994354248046875">
        <ele>4</ele>
        <time>2024-09-02T13:06:26.000Z</time>
        <extensions>
          <ns3:TrackPointExtension>
            <ns3:cad>83</ns3:cad>
          </ns3:TrackPointExtension>
        </extensions>
      </trkpt>
      <trkpt lat="30.43196051381528377532958984375" lon="120.2672870457172393798828125">
        <ele>4</ele>
        <time>2024-09-02T13:06:27.000Z</time>
        <extensions>
          <ns3:TrackPointExtension>
            <ns3:cad>83</ns3:cad>
          </ns3:TrackPointExtension>
        </extensions>
      </trkpt>
      <trkpt lat="30.43195548467338085174560546875" lon="120.26725779287517070770263671875">
        <ele>4</ele>
        <time>2024-09-02T13:06:28.000Z</time>
        <extensions>
          <ns3:TrackPointExtension>
            <ns3:cad>85</ns3:cad>
          </ns3:TrackPointExtension>
        </extensions>
      </trkpt>
      <trkpt lat="30.4319450072944164276123046875" lon="120.26723449118435382843017578125">
        <ele>4</ele>
        <time>2024-09-02T13:06:29.000Z</time>
        <extensions>
          <ns3:TrackPointExtension>
            <ns3:cad>85</ns3:cad>
          </ns3:TrackPointExtension>
        </extensions>
      </trkpt>
      <trkpt lat="30.43193788267672061920166015625" lon="120.267206244170665740966796875">
        <ele>4</ele>
        <time>2024-09-02T13:06:30.000Z</time>
        <extensions>
          <ns3:TrackPointExtension>
            <ns3:cad>85</ns3:cad>
          </ns3:TrackPointExtension>
        </extensions>
      </trkpt>
      <trkpt lat="30.43192899785935878753662109375" lon="120.26717699132859706878662109375">
        <ele>4</ele>
        <time>2024-09-02T13:06:31.000Z</time>
        <extensions>
          <ns3:TrackPointExtension>
            <ns3:cad>86</ns3:cad>
          </ns3:TrackPointExtension>
        </extensions>
      </trkpt>
      <trkpt lat="30.43192363344132900238037109375" lon="120.26715419255197048187255859375">
        <ele>4</ele>
        <time>2024-09-02T13:06:32.000Z</time>
        <extensions>
          <ns3:TrackPointExtension>
            <ns3:cad>86</ns3:cad>
          </ns3:TrackPointExtension>
        </extensions>
      </trkpt>
      <trkpt lat="30.43191365897655487060546875" lon="120.26712753809988498687744140625">
        <ele>4</ele>
        <time>2024-09-02T13:06:33.000Z</time>
        <extensions>
          <ns3:TrackPointExtension>
            <ns3:cad>86</ns3:cad>
          </ns3:TrackPointExtension>
        </extensions>
      </trkpt>
      <trkpt lat="30.43189949356019496917724609375" lon="120.2671073377132415771484375">
        <ele>4</ele>
        <time>2024-09-02T13:06:34.000Z</time>
        <extensions>
          <ns3:TrackPointExtension>
            <ns3:cad>85</ns3:cad>
          </ns3:TrackPointExtension>
        </extensions>
      </trkpt>
      <trkpt lat="30.43188549578189849853515625" lon="120.26708177290856838226318359375">
        <ele>4.19999980926513671875</ele>
        <time>2024-09-02T13:06:35.000Z</time>
        <extensions>
          <ns3:TrackPointExtension>
            <ns3:cad>85</ns3:cad>
          </ns3:TrackPointExtension>
        </extensions>
      </trkpt>
      <trkpt lat="30.431876443326473236083984375" lon="120.2670541964471340179443359375">
        <ele>4.19999980926513671875</ele>
        <time>2024-09-02T13:06:36.000Z</time>
        <extensions>
          <ns3:TrackPointExtension>
            <ns3:cad>85</ns3:cad>
          </ns3:TrackPointExtension>
        </extensions>
      </trkpt>
      <trkpt lat="30.431868731975555419921875" lon="120.26702578179538249969482421875">
        <ele>4.19999980926513671875</ele>
        <time>2024-09-02T13:06:37.000Z</time>
        <extensions>
          <ns3:TrackPointExtension>
            <ns3:cad>86</ns3:cad>
          </ns3:TrackPointExtension>
        </extensions>
      </trkpt>
      <trkpt lat="30.43185641057789325714111328125" lon="120.2670072577893733978271484375">
        <ele>4.400000095367431640625</ele>
        <time>2024-09-02T13:06:38.000Z</time>
        <extensions>
          <ns3:TrackPointExtension>
            <ns3:cad>86</ns3:cad>
          </ns3:TrackPointExtension>
        </extensions>
      </trkpt>
      <trkpt lat="30.43183981440961360931396484375" lon="120.26699309237301349639892578125">
        <ele>4.400000095367431640625</ele>
        <time>2024-09-02T13:06:39.000Z</time>
        <extensions>
          <ns3:TrackPointExtension>
            <ns3:cad>86</ns3:cad>
          </ns3:TrackPointExtension>
        </extensions>
      </trkpt>
      <trkpt lat="30.431829504668712615966796875" lon="120.2669710479676723480224609375">
        <ele>4.599999904632568359375</ele>
        <time>2024-09-02T13:06:40.000Z</time>
        <extensions>
          <ns3:TrackPointExtension>
            <ns3:cad>87</ns3:cad>
          </ns3:TrackPointExtension>
        </extensions>
      </trkpt>
      <trkpt lat="30.43181709945201873779296875" lon="120.2669485844671726226806640625">
        <ele>4.599999904632568359375</ele>
        <time>2024-09-02T13:06:41.000Z</time>
        <extensions>
          <ns3:TrackPointExtension>
            <ns3:cad>87</ns3:cad>
          </ns3:TrackPointExtension>
        </extensions>
      </trkpt>
      <trkpt lat="30.4318062029778957366943359375" lon="120.26692251674830913543701171875">
        <ele>4.80000019073486328125</ele>
        <time>2024-09-02T13:06:42.000Z</time>
        <extensions>
          <ns3:TrackPointExtension>
            <ns3:cad>87</ns3:cad>
          </ns3:TrackPointExtension>
        </extensions>
      </trkpt>
      <trkpt lat="30.431793294847011566162109375" lon="120.26689946651458740234375">
        <ele>4.80000019073486328125</ele>
        <time>2024-09-02T13:06:43.000Z</time>
        <extensions>
          <ns3:TrackPointExtension>
            <ns3:cad>86</ns3:cad>
          </ns3:TrackPointExtension>
        </extensions>
      </trkpt>
      <trkpt lat="30.43177946470677852630615234375" lon="120.26687490753829479217529296875">
        <ele>4.80000019073486328125</ele>
        <time>2024-09-02T13:06:44.000Z</time>
        <extensions>
          <ns3:TrackPointExtension>
            <ns3:cad>85</ns3:cad>
          </ns3:TrackPointExtension>
        </extensions>
      </trkpt>
      <trkpt lat="30.43176211416721343994140625" lon="120.26685831137001514434814453125">
        <ele>5</ele>
        <time>2024-09-02T13:06:45.000Z</time>
        <extensions>
          <ns3:TrackPointExtension>
            <ns3:cad>84</ns3:cad>
          </ns3:TrackPointExtension>
        </extensions>
      </trkpt>
      <trkpt lat="30.431750379502773284912109375" lon="120.2668352611362934112548828125">
        <ele>5.19999980926513671875</ele>
        <time>2024-09-02T13:06:46.000Z</time>
        <extensions>
          <ns3:TrackPointExtension>
            <ns3:cad>84</ns3:cad>
          </ns3:TrackPointExtension>
        </extensions>
      </trkpt>
      <trkpt lat="30.43174467980861663818359375" lon="120.26681053452193737030029296875">
        <ele>5.19999980926513671875</ele>
        <time>2024-09-02T13:06:47.000Z</time>
        <extensions>
          <ns3:TrackPointExtension>
            <ns3:cad>85</ns3:cad>
          </ns3:TrackPointExtension>
        </extensions>
      </trkpt>
      <trkpt lat="30.43174467980861663818359375" lon="120.26681053452193737030029296875">
        <ele>5.19999980926513671875</ele>
        <time>2024-09-02T13:06:48.000Z</time>
        <extensions>
          <ns3:TrackPointExtension>
            <ns3:cad>86</ns3:cad>
          </ns3:TrackPointExtension>
        </extensions>
      </trkpt>
      <trkpt lat="30.4317252337932586669921875" lon="120.2667678706347942352294921875">
        <ele>5.19999980926513671875</ele>
        <time>2024-09-02T13:06:49.000Z</time>
        <extensions>
          <ns3:TrackPointExtension>
            <ns3:cad>87</ns3:cad>
          </ns3:TrackPointExtension>
        </extensions>
      </trkpt>
      <trkpt lat="30.431720875203609466552734375" lon="120.26675001718103885650634765625">
        <ele>5.400000095367431640625</ele>
        <time>2024-09-02T13:06:50.000Z</time>
        <extensions>
          <ns3:TrackPointExtension>
            <ns3:cad>87</ns3:cad>
          </ns3:TrackPointExtension>
        </extensions>
      </trkpt>
      <trkpt lat="30.4317129962146282196044921875" lon="120.26673325337469577789306640625">
        <ele>5.400000095367431640625</ele>
        <time>2024-09-02T13:06:51.000Z</time>
        <extensions>
          <ns3:TrackPointExtension>
            <ns3:cad>88</ns3:cad>
          </ns3:TrackPointExtension>
        </extensions>
      </trkpt>
      <trkpt lat="30.4317079670727252960205078125" lon="120.266711711883544921875">
        <ele>5.400000095367431640625</ele>
        <time>2024-09-02T13:06:52.000Z</time>
        <extensions>
          <ns3:TrackPointExtension>
            <ns3:cad>88</ns3:cad>
          </ns3:TrackPointExtension>
        </extensions>
      </trkpt>
      <trkpt lat="30.43170553632080554962158203125" lon="120.26668824255466461181640625">
        <ele>5.400000095367431640625</ele>
        <time>2024-09-02T13:06:53.000Z</time>
        <extensions>
          <ns3:TrackPointExtension>
            <ns3:cad>88</ns3:cad>
          </ns3:TrackPointExtension>
        </extensions>
      </trkpt>
      <trkpt lat="30.4317010939121246337890625" lon="120.2666674554347991943359375">
        <ele>5.400000095367431640625</ele>
        <time>2024-09-02T13:06:54.000Z</time>
        <extensions>
          <ns3:TrackPointExtension>
            <ns3:cad>0</ns3:cad>
          </ns3:TrackPointExtension>
        </extensions>
      </trkpt>
      <trkpt lat="30.431697405874729156494140625" lon="120.2666485123336315155029296875">
        <ele>5.400000095367431640625</ele>
        <time>2024-09-02T13:06:55.000Z</time>
        <extensions>
          <ns3:TrackPointExtension>
            <ns3:cad>0</ns3:cad>
          </ns3:TrackPointExtension>
        </extensions>
      </trkpt>
      <trkpt lat="30.4316952265799045562744140625" lon="120.26663015596568584442138671875">
        <ele>5.599999904632568359375</ele>
        <time>2024-09-02T13:06:56.000Z</time>
        <extensions>
          <ns3:TrackPointExtension>
            <ns3:cad>69</ns3:cad>
          </ns3:TrackPointExtension>
        </extensions>
      </trkpt>
      <trkpt lat="30.431691706180572509765625" lon="120.26661540381610393524169921875">
        <ele>5.599999904632568359375</ele>
        <time>2024-09-02T13:06:57.000Z</time>
        <extensions>
          <ns3:TrackPointExtension>
            <ns3:cad>69</ns3:cad>
          </ns3:TrackPointExtension>
        </extensions>
      </trkpt>
      <trkpt lat="30.4316885210573673248291015625" lon="120.266595371067523956298828125">
        <ele>5.599999904632568359375</ele>
        <time>2024-09-02T13:06:58.000Z</time>
        <extensions>
          <ns3:TrackPointExtension>
            <ns3:cad>67</ns3:cad>
          </ns3:TrackPointExtension>
        </extensions>
      </trkpt>
      <trkpt lat="30.431688018143177032470703125" lon="120.26657097972929477691650390625">
        <ele>5.599999904632568359375</ele>
        <time>2024-09-02T13:06:59.000Z</time>
        <extensions>
          <ns3:TrackPointExtension>
            <ns3:cad>67</ns3:cad>
          </ns3:TrackPointExtension>
        </extensions>
      </trkpt>
      <trkpt lat="30.43168743140995502471923828125" lon="120.26654751040041446685791015625">
        <ele>5.400000095367431640625</ele>
        <time>2024-09-02T13:07:00.000Z</time>
        <extensions>
          <ns3:TrackPointExtension>
            <ns3:cad>67</ns3:cad>
          </ns3:TrackPointExtension>
        </extensions>
      </trkpt>
      <trkpt lat="30.43168743140995502471923828125" lon="120.26652722619473934173583984375">
        <ele>5.400000095367431640625</ele>
        <time>2024-09-02T13:07:01.000Z</time>
        <extensions>
          <ns3:TrackPointExtension>
            <ns3:cad>67</ns3:cad>
          </ns3:TrackPointExtension>
        </extensions>
      </trkpt>
      <trkpt lat="30.4316861741244792938232421875" lon="120.2665076963603496551513671875">
        <ele>5.19999980926513671875</ele>
        <time>2024-09-02T13:07:02.000Z</time>
        <extensions>
          <ns3:TrackPointExtension>
            <ns3:cad>0</ns3:cad>
          </ns3:TrackPointExtension>
        </extensions>
      </trkpt>
      <trkpt lat="30.43168525211513042449951171875" lon="120.2664905972778797149658203125">
        <ele>5.19999980926513671875</ele>
        <time>2024-09-02T13:07:03.000Z</time>
        <extensions>
          <ns3:TrackPointExtension>
            <ns3:cad>0</ns3:cad>
          </ns3:TrackPointExtension>
        </extensions>
      </trkpt>
      <trkpt lat="30.4316850006580352783203125" lon="120.266474671661853790283203125">
        <ele>5.19999980926513671875</ele>
        <time>2024-09-02T13:07:04.000Z</time>
        <extensions>
          <ns3:TrackPointExtension>
            <ns3:cad>0</ns3:cad>
          </ns3:TrackPointExtension>
        </extensions>
      </trkpt>
      <trkpt lat="30.4316881857812404632568359375" lon="120.26645983569324016571044921875">
        <ele>5.19999980926513671875</ele>
        <time>2024-09-02T13:07:05.000Z</time>
        <extensions>
          <ns3:TrackPointExtension>
            <ns3:cad>0</ns3:cad>
          </ns3:TrackPointExtension>
        </extensions>
      </trkpt>
      <trkpt lat="30.43169229291379451751708984375" lon="120.266443826258182525634765625">
        <ele>5</ele>
        <time>2024-09-02T13:07:06.000Z</time>
        <extensions>
          <ns3:TrackPointExtension>
            <ns3:cad>0</ns3:cad>
          </ns3:TrackPointExtension>
        </extensions>
      </trkpt>
      <trkpt lat="30.4316915385425090789794921875" lon="120.2664285711944103240966796875">
        <ele>5</ele>
        <time>2024-09-02T13:07:07.000Z</time>
        <extensions>
          <ns3:TrackPointExtension>
            <ns3:cad>62</ns3:cad>
          </ns3:TrackPointExtension>
        </extensions>
      </trkpt>
      <trkpt lat="30.431691370904445648193359375" lon="120.26641356758773326873779296875">
        <ele>5</ele>
        <time>2024-09-02T13:07:08.000Z</time>
        <extensions>
          <ns3:TrackPointExtension>
            <ns3:cad>62</ns3:cad>
          </ns3:TrackPointExtension>
        </extensions>
      </trkpt>
      <trkpt lat="30.4316901974380016326904296875" lon="120.26639881543815135955810546875">
        <ele>4.80000019073486328125</ele>
        <time>2024-09-02T13:07:09.000Z</time>
        <extensions>
          <ns3:TrackPointExtension>
            <ns3:cad>62</ns3:cad>
          </ns3:TrackPointExtension>
        </extensions>
      </trkpt>
      <trkpt lat="30.4316885210573673248291015625" lon="120.2663880027830600738525390625">
        <ele>4.80000019073486328125</ele>
        <time>2024-09-02T13:07:10.000Z</time>
        <extensions>
          <ns3:TrackPointExtension>
            <ns3:cad>62</ns3:cad>
          </ns3:TrackPointExtension>
        </extensions>
      </trkpt>
      <trkpt lat="30.4316885210573673248291015625" lon="120.26637936942279338836669921875">
        <ele>4.80000019073486328125</ele>
        <time>2024-09-02T13:07:11.000Z</time>
        <extensions>
          <ns3:TrackPointExtension>
            <ns3:cad>0</ns3:cad>
          </ns3:TrackPointExtension>
        </extensions>
      </trkpt>
      <trkpt lat="30.43168994598090648651123046875" lon="120.26636579073965549468994140625">
        <ele>4.80000019073486328125</ele>
        <time>2024-09-02T13:07:12.000Z</time>
        <extensions>
          <ns3:TrackPointExtension>
            <ns3:cad>0</ns3:cad>
          </ns3:TrackPointExtension>
        </extensions>
      </trkpt>
      <trkpt lat="30.431687347590923309326171875" lon="120.26636109687387943267822265625">
        <ele>4.80000019073486328125</ele>
        <time>2024-09-02T13:07:13.000Z</time>
        <extensions>
          <ns3:TrackPointExtension>
            <ns3:cad>0</ns3:cad>
          </ns3:TrackPointExtension>
        </extensions>
      </trkpt>
      <trkpt lat="30.43168567121028900146484375" lon="120.26635858230292797088623046875">
        <ele>4.80000019073486328125</ele>
        <time>2024-09-02T13:07:14.000Z</time>
        <extensions>
          <ns3:TrackPointExtension>
            <ns3:cad>0</ns3:cad>
          </ns3:TrackPointExtension>
        </extensions>
      </trkpt>
      <trkpt lat="30.43168491683900356292724609375" lon="120.26635791175067424774169921875">
        <ele>4.80000019073486328125</ele>
        <time>2024-09-02T13:07:15.000Z</time>
        <extensions>
          <ns3:TrackPointExtension>
            <ns3:cad>0</ns3:cad>
          </ns3:TrackPointExtension>
        </extensions>
      </trkpt>
      <trkpt lat="30.43168491683900356292724609375" lon="120.2663581632077693939208984375">
        <ele>4.80000019073486328125</ele>
        <time>2024-09-02T13:07:16.000Z</time>
        <extensions>
          <ns3:TrackPointExtension>
            <ns3:cad>0</ns3:cad>
          </ns3:TrackPointExtension>
        </extensions>
      </trkpt>
      <trkpt lat="30.43168508447706699371337890625" lon="120.2663591690361499786376953125">
        <ele>4.80000019073486328125</ele>
        <time>2024-09-02T13:07:17.000Z</time>
        <extensions>
          <ns3:TrackPointExtension>
            <ns3:cad>0</ns3:cad>
          </ns3:TrackPointExtension>
        </extensions>
      </trkpt>
      <trkpt lat="30.43168474920094013214111328125" lon="120.2663595043122768402099609375">
        <ele>4.80000019073486328125</ele>
        <time>2024-09-02T13:07:18.000Z</time>
        <extensions>
          <ns3:TrackPointExtension>
            <ns3:cad>0</ns3:cad>
          </ns3:TrackPointExtension>
        </extensions>
      </trkpt>
      <trkpt lat="30.43168491683900356292724609375" lon="120.26635942049324512481689453125">
        <ele>4.80000019073486328125</ele>
        <time>2024-09-02T13:07:19.000Z</time>
        <extensions>
          <ns3:TrackPointExtension>
            <ns3:cad>0</ns3:cad>
          </ns3:TrackPointExtension>
        </extensions>
      </trkpt>
      <trkpt lat="30.4316855035722255706787109375" lon="120.26635942049324512481689453125">
        <ele>4.80000019073486328125</ele>
        <time>2024-09-02T13:07:20.000Z</time>
        <extensions>
          <ns3:TrackPointExtension>
            <ns3:cad>0</ns3:cad>
          </ns3:TrackPointExtension>
        </extensions>
      </trkpt>
      <trkpt lat="30.43168541975319385528564453125" lon="120.2663591690361499786376953125">
        <ele>4.80000019073486328125</ele>
        <time>2024-09-02T13:07:21.000Z</time>
        <extensions>
          <ns3:TrackPointExtension>
            <ns3:cad>0</ns3:cad>
          </ns3:TrackPointExtension>
        </extensions>
      </trkpt>
      <trkpt lat="30.4316858388483524322509765625" lon="120.26635925285518169403076171875">
        <ele>4.80000019073486328125</ele>
        <time>2024-09-02T13:07:22.000Z</time>
        <extensions>
          <ns3:TrackPointExtension>
            <ns3:cad>0</ns3:cad>
          </ns3:TrackPointExtension>
        </extensions>
      </trkpt>
      <trkpt lat="30.43168592266738414764404296875" lon="120.266359336674213409423828125">
        <ele>4.80000019073486328125</ele>
        <time>2024-09-02T13:07:23.000Z</time>
        <extensions>
          <ns3:TrackPointExtension>
            <ns3:cad>0</ns3:cad>
          </ns3:TrackPointExtension>
        </extensions>
      </trkpt>
      <trkpt lat="30.43168592266738414764404296875" lon="120.266359336674213409423828125">
        <ele>4.80000019073486328125</ele>
        <time>2024-09-02T13:07:24.000Z</time>
        <extensions>
          <ns3:TrackPointExtension>
            <ns3:cad>0</ns3:cad>
          </ns3:TrackPointExtension>
        </extensions>
      </trkpt>
      <trkpt lat="30.43168592266738414764404296875" lon="120.266359336674213409423828125">
        <ele>4.80000019073486328125</ele>
        <time>2024-09-02T13:07:25.000Z</time>
        <extensions>
          <ns3:TrackPointExtension>
            <ns3:cad>0</ns3:cad>
          </ns3:TrackPointExtension>
        </extensions>
      </trkpt>
      <trkpt lat="30.43168592266738414764404296875" lon="120.266359336674213409423828125">
        <ele>4.80000019073486328125</ele>
        <time>2024-09-02T13:07:26.000Z</time>
        <extensions>
          <ns3:TrackPointExtension>
            <ns3:cad>0</ns3:cad>
          </ns3:TrackPointExtension>
        </extensions>
      </trkpt>
      <trkpt lat="30.43168592266738414764404296875" lon="120.266359336674213409423828125">
        <ele>4.80000019073486328125</ele>
        <time>2024-09-02T13:07:27.000Z</time>
        <extensions>
          <ns3:TrackPointExtension>
            <ns3:cad>0</ns3:cad>
          </ns3:TrackPointExtension>
        </extensions>
      </trkpt>
      <trkpt lat="30.43168592266738414764404296875" lon="120.266359336674213409423828125">
        <ele>4.80000019073486328125</ele>
        <time>2024-09-02T13:07:28.000Z</time>
        <extensions>
          <ns3:TrackPointExtension>
            <ns3:cad>0</ns3:cad>
          </ns3:TrackPointExtension>
        </extensions>
      </trkpt>
      <trkpt lat="30.43168592266738414764404296875" lon="120.266359336674213409423828125">
        <ele>4.80000019073486328125</ele>
        <time>2024-09-02T13:07:29.000Z</time>
        <extensions>
          <ns3:TrackPointExtension>
            <ns3:cad>0</ns3:cad>
          </ns3:TrackPointExtension>
        </extensions>
      </trkpt>
      <trkpt lat="30.43168592266738414764404296875" lon="120.266359336674213409423828125">
        <ele>4.80000019073486328125</ele>
        <time>2024-09-02T13:07:30.000Z</time>
        <extensions>
          <ns3:TrackPointExtension>
            <ns3:cad>0</ns3:cad>
          </ns3:TrackPointExtension>
        </extensions>
      </trkpt>
      <trkpt lat="30.4316858388483524322509765625" lon="120.266359336674213409423828125">
        <ele>4.80000019073486328125</ele>
        <time>2024-09-02T13:07:31.000Z</time>
        <extensions>
          <ns3:TrackPointExtension>
            <ns3:cad>0</ns3:cad>
          </ns3:TrackPointExtension>
        </extensions>
      </trkpt>
      <trkpt lat="30.4316855035722255706787109375" lon="120.266359336674213409423828125">
        <ele>4.80000019073486328125</ele>
        <time>2024-09-02T13:07:32.000Z</time>
        <extensions>
          <ns3:TrackPointExtension>
            <ns3:cad>0</ns3:cad>
          </ns3:TrackPointExtension>
        </extensions>
      </trkpt>
      <trkpt lat="30.431683994829654693603515625" lon="120.26635556481778621673583984375">
        <ele>4.80000019073486328125</ele>
        <time>2024-09-02T13:07:34.000Z</time>
        <extensions>
          <ns3:TrackPointExtension>
            <ns3:cad>0</ns3:cad>
          </ns3:TrackPointExtension>
        </extensions>
      </trkpt>
      <trkpt lat="30.4316771216690540313720703125" lon="120.26634014211595058441162109375">
        <ele>4.80000019073486328125</ele>
        <time>2024-09-02T13:07:35.000Z</time>
        <extensions>
          <ns3:TrackPointExtension>
            <ns3:cad>0</ns3:cad>
          </ns3:TrackPointExtension>
        </extensions>
      </trkpt>
      <trkpt lat="30.43166446499526500701904296875" lon="120.26631784625351428985595703125">
        <ele>5</ele>
        <time>2024-09-02T13:07:36.000Z</time>
        <extensions>
          <ns3:TrackPointExtension>
            <ns3:cad>0</ns3:cad>
          </ns3:TrackPointExtension>
        </extensions>
      </trkpt>
      <trkpt lat="30.43164870701730251312255859375" lon="120.2662904374301433563232421875">
        <ele>5</ele>
        <time>2024-09-02T13:07:37.000Z</time>
        <extensions>
          <ns3:TrackPointExtension>
            <ns3:cad>0</ns3:cad>
          </ns3:TrackPointExtension>
        </extensions>
      </trkpt>
      <trkpt lat="30.43163227848708629608154296875" lon="120.26626034639775753021240234375">
        <ele>5</ele>
        <time>2024-09-02T13:07:38.000Z</time>
        <extensions>
          <ns3:TrackPointExtension>
            <ns3:cad>0</ns3:cad>
          </ns3:TrackPointExtension>
        </extensions>
      </trkpt>
      <trkpt lat="30.4316152632236480712890625" lon="120.2662230469286441802978515625">
        <ele>5</ele>
        <time>2024-09-02T13:07:39.000Z</time>
        <extensions>
          <ns3:TrackPointExtension>
            <ns3:cad>85</ns3:cad>
          </ns3:TrackPointExtension>
        </extensions>
      </trkpt>
      <trkpt lat="30.43159824796020984649658203125" lon="120.2661846578121185302734375">
        <ele>4.80000019073486328125</ele>
        <time>2024-09-02T13:07:40.000Z</time>
        <extensions>
          <ns3:TrackPointExtension>
            <ns3:cad>86</ns3:cad>
          </ns3:TrackPointExtension>
        </extensions>
      </trkpt>
      <trkpt lat="30.431582070887088775634765625" lon="120.26615255512297153472900390625">
        <ele>4.80000019073486328125</ele>
        <time>2024-09-02T13:07:41.000Z</time>
        <extensions>
          <ns3:TrackPointExtension>
            <ns3:cad>86</ns3:cad>
          </ns3:TrackPointExtension>
        </extensions>
      </trkpt>
      <trkpt lat="30.43156455270946025848388671875" lon="120.26611500419676303863525390625">
        <ele>4.80000019073486328125</ele>
        <time>2024-09-02T13:07:42.000Z</time>
        <extensions>
          <ns3:TrackPointExtension>
            <ns3:cad>87</ns3:cad>
          </ns3:TrackPointExtension>
        </extensions>
      </trkpt>
      <trkpt lat="30.43154795654118061065673828125" lon="120.26608063839375972747802734375">
        <ele>4.80000019073486328125</ele>
        <time>2024-09-02T13:07:43.000Z</time>
        <extensions>
          <ns3:TrackPointExtension>
            <ns3:cad>88</ns3:cad>
          </ns3:TrackPointExtension>
        </extensions>
      </trkpt>
      <trkpt lat="30.43153488077223300933837890625" lon="120.2660510502755641937255859375">
        <ele>4.599999904632568359375</ele>
        <time>2024-09-02T13:07:44.000Z</time>
        <extensions>
          <ns3:TrackPointExtension>
            <ns3:cad>88</ns3:cad>
          </ns3:TrackPointExtension>
        </extensions>
      </trkpt>
      <trkpt lat="30.43152281083166599273681640625" lon="120.26601970195770263671875">
        <ele>4.599999904632568359375</ele>
        <time>2024-09-02T13:07:45.000Z</time>
        <extensions>
          <ns3:TrackPointExtension>
            <ns3:cad>88</ns3:cad>
          </ns3:TrackPointExtension>
        </extensions>
      </trkpt>
      <trkpt lat="30.431510992348194122314453125" lon="120.26599195785820484161376953125">
        <ele>4.80000019073486328125</ele>
        <time>2024-09-02T13:07:46.000Z</time>
        <extensions>
          <ns3:TrackPointExtension>
            <ns3:cad>88</ns3:cad>
          </ns3:TrackPointExtension>
        </extensions>
      </trkpt>
      <trkpt lat="30.43149565346539020538330078125" lon="120.2659668959677219390869140625">
        <ele>4.80000019073486328125</ele>
        <time>2024-09-02T13:07:47.000Z</time>
        <extensions>
          <ns3:TrackPointExtension>
            <ns3:cad>88</ns3:cad>
          </ns3:TrackPointExtension>
        </extensions>
      </trkpt>
      <trkpt lat="30.4314796440303325653076171875" lon="120.2659440971910953521728515625">
        <ele>4.80000019073486328125</ele>
        <time>2024-09-02T13:07:48.000Z</time>
        <extensions>
          <ns3:TrackPointExtension>
            <ns3:cad>87</ns3:cad>
          </ns3:TrackPointExtension>
        </extensions>
      </trkpt>
      <trkpt lat="30.431461036205291748046875" lon="120.2659233100712299346923828125">
        <ele>4.80000019073486328125</ele>
        <time>2024-09-02T13:07:49.000Z</time>
        <extensions>
          <ns3:TrackPointExtension>
            <ns3:cad>87</ns3:cad>
          </ns3:TrackPointExtension>
        </extensions>
      </trkpt>
      <trkpt lat="30.43144452385604381561279296875" lon="120.26590227149426937103271484375">
        <ele>4.80000019073486328125</ele>
        <time>2024-09-02T13:07:50.000Z</time>
        <extensions>
          <ns3:TrackPointExtension>
            <ns3:cad>87</ns3:cad>
          </ns3:TrackPointExtension>
        </extensions>
      </trkpt>
      <trkpt lat="30.43142725713551044464111328125" lon="120.2658820711076259613037109375">
        <ele>4.80000019073486328125</ele>
        <time>2024-09-02T13:07:51.000Z</time>
        <extensions>
          <ns3:TrackPointExtension>
            <ns3:cad>87</ns3:cad>
          </ns3:TrackPointExtension>
        </extensions>
      </trkpt>
      <trkpt lat="30.4314095713198184967041015625" lon="120.26586472056806087493896484375">
        <ele>4.80000019073486328125</ele>
        <time>2024-09-02T13:07:52.000Z</time>
        <extensions>
          <ns3:TrackPointExtension>
            <ns3:cad>87</ns3:cad>
          </ns3:TrackPointExtension>
        </extensions>
      </trkpt>
      <trkpt lat="30.431392975151538848876953125" lon="120.26584611274302005767822265625">
        <ele>4.80000019073486328125</ele>
        <time>2024-09-02T13:07:53.000Z</time>
        <extensions>
          <ns3:TrackPointExtension>
            <ns3:cad>87</ns3:cad>
          </ns3:TrackPointExtension>
        </extensions>
      </trkpt>
      <trkpt lat="30.431378223001956939697265625" lon="120.2658244036138057708740234375">
        <ele>4.80000019073486328125</ele>
        <time>2024-09-02T13:07:54.000Z</time>
        <extensions>
          <ns3:TrackPointExtension>
            <ns3:cad>87</ns3:cad>
          </ns3:TrackPointExtension>
        </extensions>
      </trkpt>
      <trkpt lat="30.43136154301464557647705078125" lon="120.26580537669360637664794921875">
        <ele>4.80000019073486328125</ele>
        <time>2024-09-02T13:07:55.000Z</time>
        <extensions>
          <ns3:TrackPointExtension>
            <ns3:cad>87</ns3:cad>
          </ns3:TrackPointExtension>
        </extensions>
      </trkpt>
      <trkpt lat="30.43134343810379505157470703125" lon="120.2657865174114704132080078125">
        <ele>4.80000019073486328125</ele>
        <time>2024-09-02T13:07:56.000Z</time>
        <extensions>
          <ns3:TrackPointExtension>
            <ns3:cad>86</ns3:cad>
          </ns3:TrackPointExtension>
        </extensions>
      </trkpt>
      <trkpt lat="30.43132449500262737274169921875" lon="120.2657700888812541961669921875">
        <ele>4.80000019073486328125</ele>
        <time>2024-09-02T13:07:57.000Z</time>
        <extensions>
          <ns3:TrackPointExtension>
            <ns3:cad>86</ns3:cad>
          </ns3:TrackPointExtension>
        </extensions>
      </trkpt>
      <trkpt lat="30.43130504898726940155029296875" lon="120.2657526545226573944091796875">
        <ele>4.80000019073486328125</ele>
        <time>2024-09-02T13:07:58.000Z</time>
        <extensions>
          <ns3:TrackPointExtension>
            <ns3:cad>86</ns3:cad>
          </ns3:TrackPointExtension>
        </extensions>
      </trkpt>
      <trkpt lat="30.43128660880029201507568359375" lon="120.26573203504085540771484375">
        <ele>5</ele>
        <time>2024-09-02T13:07:59.000Z</time>
        <extensions>
          <ns3:TrackPointExtension>
            <ns3:cad>87</ns3:cad>
          </ns3:TrackPointExtension>
        </extensions>
      </trkpt>
      <trkpt lat="30.431268252432346343994140625" lon="120.26571066118776798248291015625">
        <ele>5</ele>
        <time>2024-09-02T13:08:00.000Z</time>
        <extensions>
          <ns3:TrackPointExtension>
            <ns3:cad>87</ns3:cad>
          </ns3:TrackPointExtension>
        </extensions>
      </trkpt>
      <trkpt lat="30.4312503151595592498779296875" lon="120.2656876109540462493896484375">
        <ele>5.19999980926513671875</ele>
        <time>2024-09-02T13:08:01.000Z</time>
        <extensions>
          <ns3:TrackPointExtension>
            <ns3:cad>87</ns3:cad>
          </ns3:TrackPointExtension>
        </extensions>
      </trkpt>
      <trkpt lat="30.4312317073345184326171875" lon="120.2656668238341808319091796875">
        <ele>5.19999980926513671875</ele>
        <time>2024-09-02T13:08:02.000Z</time>
        <extensions>
          <ns3:TrackPointExtension>
            <ns3:cad>87</ns3:cad>
          </ns3:TrackPointExtension>
        </extensions>
      </trkpt>
      <trkpt lat="30.4312154464423656463623046875" lon="120.26564042083919048309326171875">
        <ele>5.400000095367431640625</ele>
        <time>2024-09-02T13:08:03.000Z</time>
        <extensions>
          <ns3:TrackPointExtension>
            <ns3:cad>86</ns3:cad>
          </ns3:TrackPointExtension>
        </extensions>
      </trkpt>
      <trkpt lat="30.43119910173118114471435546875" lon="120.26561493985354900360107421875">
        <ele>5.400000095367431640625</ele>
        <time>2024-09-02T13:08:04.000Z</time>
        <extensions>
          <ns3:TrackPointExtension>
            <ns3:cad>86</ns3:cad>
          </ns3:TrackPointExtension>
        </extensions>
      </trkpt>
      <trkpt lat="30.4311862774193286895751953125" lon="120.26558660902082920074462890625">
        <ele>5.599999904632568359375</ele>
        <time>2024-09-02T13:08:05.000Z</time>
        <extensions>
          <ns3:TrackPointExtension>
            <ns3:cad>87</ns3:cad>
          </ns3:TrackPointExtension>
        </extensions>
      </trkpt>
      <trkpt lat="30.43117177672684192657470703125" lon="120.26556012220680713653564453125">
        <ele>5.599999904632568359375</ele>
        <time>2024-09-02T13:08:06.000Z</time>
        <extensions>
          <ns3:TrackPointExtension>
            <ns3:cad>87</ns3:cad>
          </ns3:TrackPointExtension>
        </extensions>
      </trkpt>
      <trkpt lat="30.43115685693919658660888671875" lon="120.2655290253460407257080078125">
        <ele>5.80000019073486328125</ele>
        <time>2024-09-02T13:08:07.000Z</time>
        <extensions>
          <ns3:TrackPointExtension>
            <ns3:cad>88</ns3:cad>
          </ns3:TrackPointExtension>
        </extensions>
      </trkpt>
      <trkpt lat="30.43114093132317066192626953125" lon="120.26550044305622577667236328125">
        <ele>6</ele>
        <time>2024-09-02T13:08:08.000Z</time>
        <extensions>
          <ns3:TrackPointExtension>
            <ns3:cad>88</ns3:cad>
          </ns3:TrackPointExtension>
        </extensions>
      </trkpt>
      <trkpt lat="30.431127436459064483642578125" lon="120.26547043584287166595458984375">
        <ele>6</ele>
        <time>2024-09-02T13:08:09.000Z</time>
        <extensions>
          <ns3:TrackPointExtension>
            <ns3:cad>88</ns3:cad>
          </ns3:TrackPointExtension>
        </extensions>
      </trkpt>
      <trkpt lat="30.431114025413990020751953125" lon="120.2654408477246761322021484375">
        <ele>6.19999980926513671875</ele>
        <time>2024-09-02T13:08:10.000Z</time>
        <extensions>
          <ns3:TrackPointExtension>
            <ns3:cad>88</ns3:cad>
          </ns3:TrackPointExtension>
        </extensions>
      </trkpt>
      <trkpt lat="30.43110187165439128875732421875" lon="120.26541511528193950653076171875">
        <ele>6.19999980926513671875</ele>
        <time>2024-09-02T13:08:11.000Z</time>
        <extensions>
          <ns3:TrackPointExtension>
            <ns3:cad>88</ns3:cad>
          </ns3:TrackPointExtension>
        </extensions>
      </trkpt>
      <trkpt lat="30.43109483085572719573974609375" lon="120.26539248414337635040283203125">
        <ele>6.19999980926513671875</ele>
        <time>2024-09-02T13:08:12.000Z</time>
        <extensions>
          <ns3:TrackPointExtension>
            <ns3:cad>88</ns3:cad>
          </ns3:TrackPointExtension>
        </extensions>
      </trkpt>
      <trkpt lat="30.43108359910547733306884765625" lon="120.2653754688799381256103515625">
        <ele>6.400000095367431640625</ele>
        <time>2024-09-02T13:08:13.000Z</time>
        <extensions>
          <ns3:TrackPointExtension>
            <ns3:cad>88</ns3:cad>
          </ns3:TrackPointExtension>
        </extensions>
      </trkpt>
      <trkpt lat="30.43107219971716403961181640625" lon="120.26535375975072383880615234375">
        <ele>6.400000095367431640625</ele>
        <time>2024-09-02T13:08:14.000Z</time>
        <extensions>
          <ns3:TrackPointExtension>
            <ns3:cad>88</ns3:cad>
          </ns3:TrackPointExtension>
        </extensions>
      </trkpt>
      <trkpt lat="30.43106230907142162322998046875" lon="120.265330038964748382568359375">
        <ele>6.599999904632568359375</ele>
        <time>2024-09-02T13:08:15.000Z</time>
        <extensions>
          <ns3:TrackPointExtension>
            <ns3:cad>88</ns3:cad>
          </ns3:TrackPointExtension>
        </extensions>
      </trkpt>
      <trkpt lat="30.43105141259729862213134765625" lon="120.26530279777944087982177734375">
        <ele>6.599999904632568359375</ele>
        <time>2024-09-02T13:08:16.000Z</time>
        <extensions>
          <ns3:TrackPointExtension>
            <ns3:cad>87</ns3:cad>
          </ns3:TrackPointExtension>
        </extensions>
      </trkpt>
      <trkpt lat="30.43103951029479503631591796875" lon="120.265276394784450531005859375">
        <ele>6.80000019073486328125</ele>
        <time>2024-09-02T13:08:17.000Z</time>
        <extensions>
          <ns3:TrackPointExtension>
            <ns3:cad>85</ns3:cad>
          </ns3:TrackPointExtension>
        </extensions>
      </trkpt>
      <trkpt lat="30.431025512516498565673828125" lon="120.265244878828525543212890625">
        <ele>6.80000019073486328125</ele>
        <time>2024-09-02T13:08:18.000Z</time>
        <extensions>
          <ns3:TrackPointExtension>
            <ns3:cad>85</ns3:cad>
          </ns3:TrackPointExtension>
        </extensions>
      </trkpt>
      <trkpt lat="30.43101511895656585693359375" lon="120.265210680663585662841796875">
        <ele>7</ele>
        <time>2024-09-02T13:08:19.000Z</time>
        <extensions>
          <ns3:TrackPointExtension>
            <ns3:cad>85</ns3:cad>
          </ns3:TrackPointExtension>
        </extensions>
      </trkpt>
      <trkpt lat="30.43100665323436260223388671875" lon="120.265180505812168121337890625">
        <ele>7</ele>
        <time>2024-09-02T13:08:20.000Z</time>
        <extensions>
          <ns3:TrackPointExtension>
            <ns3:cad>88</ns3:cad>
          </ns3:TrackPointExtension>
        </extensions>
      </trkpt>
      <trkpt lat="30.43100078590214252471923828125" lon="120.26515536010265350341796875">
        <ele>6.80000019073486328125</ele>
        <time>2024-09-02T13:08:21.000Z</time>
        <extensions>
          <ns3:TrackPointExtension>
            <ns3:cad>90</ns3:cad>
          </ns3:TrackPointExtension>
        </extensions>
      </trkpt>
      <trkpt lat="30.430992655456066131591796875" lon="120.26512946002185344696044921875">
        <ele>6.80000019073486328125</ele>
        <time>2024-09-02T13:08:22.000Z</time>
        <extensions>
          <ns3:TrackPointExtension>
            <ns3:cad>90</ns3:cad>
          </ns3:TrackPointExtension>
        </extensions>
      </trkpt>
      <trkpt lat="30.43097731657326221466064453125" lon="120.2651025541126728057861328125">
        <ele>6.599999904632568359375</ele>
        <time>2024-09-02T13:08:23.000Z</time>
        <extensions>
          <ns3:TrackPointExtension>
            <ns3:cad>90</ns3:cad>
          </ns3:TrackPointExtension>
        </extensions>
      </trkpt>
      <trkpt lat="30.4309606365859508514404296875" lon="120.26507112197577953338623046875">
        <ele>6.599999904632568359375</ele>
        <time>2024-09-02T13:08:24.000Z</time>
        <extensions>
          <ns3:TrackPointExtension>
            <ns3:cad>89</ns3:cad>
          </ns3:TrackPointExtension>
        </extensions>
      </trkpt>
      <trkpt lat="30.43094680644571781158447265625" lon="120.26504882611334323883056640625">
        <ele>6.400000095367431640625</ele>
        <time>2024-09-02T13:08:25.000Z</time>
        <extensions>
          <ns3:TrackPointExtension>
            <ns3:cad>88</ns3:cad>
          </ns3:TrackPointExtension>
        </extensions>
      </trkpt>
      <trkpt lat="30.43092853389680385589599609375" lon="120.26502368040382862091064453125">
        <ele>6.400000095367431640625</ele>
        <time>2024-09-02T13:08:26.000Z</time>
        <extensions>
          <ns3:TrackPointExtension>
            <ns3:cad>88</ns3:cad>
          </ns3:TrackPointExtension>
        </extensions>
      </trkpt>
      <trkpt lat="30.430912189185619354248046875" lon="120.265004150569438934326171875">
        <ele>6.400000095367431640625</ele>
        <time>2024-09-02T13:08:27.000Z</time>
        <extensions>
          <ns3:TrackPointExtension>
            <ns3:cad>88</ns3:cad>
          </ns3:TrackPointExtension>
        </extensions>
      </trkpt>
      <trkpt lat="30.43090171180665493011474609375" lon="120.26497338898479938507080078125">
        <ele>6.19999980926513671875</ele>
        <time>2024-09-02T13:08:28.000Z</time>
        <extensions>
          <ns3:TrackPointExtension>
            <ns3:cad>88</ns3:cad>
          </ns3:TrackPointExtension>
        </extensions>
      </trkpt>
      <trkpt lat="30.43089617975056171417236328125" lon="120.2649481594562530517578125">
        <ele>6.19999980926513671875</ele>
        <time>2024-09-02T13:08:29.000Z</time>
        <extensions>
          <ns3:TrackPointExtension>
            <ns3:cad>88</ns3:cad>
          </ns3:TrackPointExtension>
        </extensions>
      </trkpt>
      <trkpt lat="30.430883355438709259033203125" lon="120.2649147994816303253173828125">
        <ele>6</ele>
        <time>2024-09-02T13:08:30.000Z</time>
        <extensions>
          <ns3:TrackPointExtension>
            <ns3:cad>88</ns3:cad>
          </ns3:TrackPointExtension>
        </extensions>
      </trkpt>
      <trkpt lat="30.43087572790682315826416015625" lon="120.26487909257411956787109375">
        <ele>6</ele>
        <time>2024-09-02T13:08:31.000Z</time>
        <extensions>
          <ns3:TrackPointExtension>
            <ns3:cad>88</ns3:cad>
          </ns3:TrackPointExtension>
        </extensions>
      </trkpt>
      <trkpt lat="30.43086759746074676513671875" lon="120.26484196074306964874267578125">
        <ele>6</ele>
        <time>2024-09-02T13:08:32.000Z</time>
        <extensions>
          <ns3:TrackPointExtension>
            <ns3:cad>88</ns3:cad>
          </ns3:TrackPointExtension>
        </extensions>
      </trkpt>
      <trkpt lat="30.43085686862468719482421875" lon="120.2648086845874786376953125">
        <ele>6</ele>
        <time>2024-09-02T13:08:33.000Z</time>
        <extensions>
          <ns3:TrackPointExtension>
            <ns3:cad>88</ns3:cad>
          </ns3:TrackPointExtension>
        </extensions>
      </trkpt>
      <trkpt lat="30.4308419488370418548583984375" lon="120.26478412561118602752685546875">
        <ele>6</ele>
        <time>2024-09-02T13:08:34.000Z</time>
        <extensions>
          <ns3:TrackPointExtension>
            <ns3:cad>88</ns3:cad>
          </ns3:TrackPointExtension>
        </extensions>
      </trkpt>
      <trkpt lat="30.43083063326776027679443359375" lon="120.26476501487195491790771484375">
        <ele>6</ele>
        <time>2024-09-02T13:08:35.000Z</time>
        <extensions>
          <ns3:TrackPointExtension>
            <ns3:cad>88</ns3:cad>
          </ns3:TrackPointExtension>
        </extensions>
      </trkpt>
      <trkpt lat="30.43081219308078289031982421875" lon="120.2647485025227069854736328125">
        <ele>6</ele>
        <time>2024-09-02T13:08:36.000Z</time>
        <extensions>
          <ns3:TrackPointExtension>
            <ns3:cad>88</ns3:cad>
          </ns3:TrackPointExtension>
        </extensions>
      </trkpt>
      <trkpt lat="30.430792160332202911376953125" lon="120.2647324092686176300048828125">
        <ele>6</ele>
        <time>2024-09-02T13:08:37.000Z</time>
        <extensions>
          <ns3:TrackPointExtension>
            <ns3:cad>88</ns3:cad>
          </ns3:TrackPointExtension>
        </extensions>
      </trkpt>
      <trkpt lat="30.43077950365841388702392578125" lon="120.264715813100337982177734375">
        <ele>6</ele>
        <time>2024-09-02T13:08:38.000Z</time>
        <extensions>
          <ns3:TrackPointExtension>
            <ns3:cad>88</ns3:cad>
          </ns3:TrackPointExtension>
        </extensions>
      </trkpt>
      <trkpt lat="30.4307661764323711395263671875" lon="120.26469762437045574188232421875">
        <ele>5.80000019073486328125</ele>
        <time>2024-09-02T13:08:39.000Z</time>
        <extensions>
          <ns3:TrackPointExtension>
            <ns3:cad>88</ns3:cad>
          </ns3:TrackPointExtension>
        </extensions>
      </trkpt>
      <trkpt lat="30.43074966408312320709228515625" lon="120.26467398740351200103759765625">
        <ele>5.80000019073486328125</ele>
        <time>2024-09-02T13:08:40.000Z</time>
        <extensions>
          <ns3:TrackPointExtension>
            <ns3:cad>88</ns3:cad>
          </ns3:TrackPointExtension>
        </extensions>
      </trkpt>
      <trkpt lat="30.43073692359030246734619140625" lon="120.26465387083590030670166015625">
        <ele>5.80000019073486328125</ele>
        <time>2024-09-02T13:08:41.000Z</time>
        <extensions>
          <ns3:TrackPointExtension>
            <ns3:cad>88</ns3:cad>
          </ns3:TrackPointExtension>
        </extensions>
      </trkpt>
      <trkpt lat="30.43073155917227268218994140625" lon="120.26463459245860576629638671875">
        <ele>5.80000019073486328125</ele>
        <time>2024-09-02T13:08:42.000Z</time>
        <extensions>
          <ns3:TrackPointExtension>
            <ns3:cad>88</ns3:cad>
          </ns3:TrackPointExtension>
        </extensions>
      </trkpt>
      <trkpt lat="30.43072653003036975860595703125" lon="120.26461631990969181060791015625">
        <ele>5.80000019073486328125</ele>
        <time>2024-09-02T13:08:43.000Z</time>
        <extensions>
          <ns3:TrackPointExtension>
            <ns3:cad>88</ns3:cad>
          </ns3:TrackPointExtension>
        </extensions>
      </trkpt>
      <trkpt lat="30.43071781285107135772705078125" lon="120.26459938846528530120849609375">
        <ele>5.80000019073486328125</ele>
        <time>2024-09-02T13:08:44.000Z</time>
        <extensions>
          <ns3:TrackPointExtension>
            <ns3:cad>88</ns3:cad>
          </ns3:TrackPointExtension>
        </extensions>
      </trkpt>
      <trkpt lat="30.43070808984339237213134765625" lon="120.26458740234375">
        <ele>5.80000019073486328125</ele>
        <time>2024-09-02T13:08:45.000Z</time>
        <extensions>
          <ns3:TrackPointExtension>
            <ns3:cad>88</ns3:cad>
          </ns3:TrackPointExtension>
        </extensions>
      </trkpt>
      <trkpt lat="30.4306984506547451019287109375" lon="120.2645753324031829833984375">
        <ele>5.80000019073486328125</ele>
        <time>2024-09-02T13:08:46.000Z</time>
        <extensions>
          <ns3:TrackPointExtension>
            <ns3:cad>88</ns3:cad>
          </ns3:TrackPointExtension>
        </extensions>
      </trkpt>
      <trkpt lat="30.43069182895123958587646484375" lon="120.264562927186489105224609375">
        <ele>6</ele>
        <time>2024-09-02T13:08:47.000Z</time>
        <extensions>
          <ns3:TrackPointExtension>
            <ns3:cad>71</ns3:cad>
          </ns3:TrackPointExtension>
        </extensions>
      </trkpt>
      <trkpt lat="30.43068512342870235443115234375" lon="120.26454809121787548065185546875">
        <ele>6</ele>
        <time>2024-09-02T13:08:48.000Z</time>
        <extensions>
          <ns3:TrackPointExtension>
            <ns3:cad>68</ns3:cad>
          </ns3:TrackPointExtension>
        </extensions>
      </trkpt>
      <trkpt lat="30.4306756518781185150146484375" lon="120.26453183032572269439697265625">
        <ele>6</ele>
        <time>2024-09-02T13:08:49.000Z</time>
        <extensions>
          <ns3:TrackPointExtension>
            <ns3:cad>67</ns3:cad>
          </ns3:TrackPointExtension>
        </extensions>
      </trkpt>
      <trkpt lat="30.4306602291762828826904296875" lon="120.26451858691871166229248046875">
        <ele>6</ele>
        <time>2024-09-02T13:08:50.000Z</time>
        <extensions>
          <ns3:TrackPointExtension>
            <ns3:cad>67</ns3:cad>
          </ns3:TrackPointExtension>
        </extensions>
      </trkpt>
      <trkpt lat="30.43064673431217670440673828125" lon="120.26449947617948055267333984375">
        <ele>6</ele>
        <time>2024-09-02T13:08:51.000Z</time>
        <extensions>
          <ns3:TrackPointExtension>
            <ns3:cad>67</ns3:cad>
          </ns3:TrackPointExtension>
        </extensions>
      </trkpt>
      <trkpt lat="30.43062946759164333343505859375" lon="120.2644789405167102813720703125">
        <ele>6</ele>
        <time>2024-09-02T13:08:52.000Z</time>
        <extensions>
          <ns3:TrackPointExtension>
            <ns3:cad>0</ns3:cad>
          </ns3:TrackPointExtension>
        </extensions>
      </trkpt>
      <trkpt lat="30.43061672709882259368896484375" lon="120.26445932686328887939453125">
        <ele>6</ele>
        <time>2024-09-02T13:08:53.000Z</time>
        <extensions>
          <ns3:TrackPointExtension>
            <ns3:cad>0</ns3:cad>
          </ns3:TrackPointExtension>
        </extensions>
      </trkpt>
      <trkpt lat="30.43060080148279666900634765625" lon="120.26443325914442539215087890625">
        <ele>6</ele>
        <time>2024-09-02T13:08:54.000Z</time>
        <extensions>
          <ns3:TrackPointExtension>
            <ns3:cad>86</ns3:cad>
          </ns3:TrackPointExtension>
        </extensions>
      </trkpt>
      <trkpt lat="30.43058571405708789825439453125" lon="120.26441062800586223602294921875">
        <ele>6</ele>
        <time>2024-09-02T13:08:55.000Z</time>
        <extensions>
          <ns3:TrackPointExtension>
            <ns3:cad>86</ns3:cad>
          </ns3:TrackPointExtension>
        </extensions>
      </trkpt>
      <trkpt lat="30.4305732250213623046875" lon="120.26439185254275798797607421875">
        <ele>5.80000019073486328125</ele>
        <time>2024-09-02T13:08:56.000Z</time>
        <extensions>
          <ns3:TrackPointExtension>
            <ns3:cad>86</ns3:cad>
          </ns3:TrackPointExtension>
        </extensions>
      </trkpt>
      <trkpt lat="30.43056425638496875762939453125" lon="120.26436972431838512420654296875">
        <ele>5.80000019073486328125</ele>
        <time>2024-09-02T13:08:57.000Z</time>
        <extensions>
          <ns3:TrackPointExtension>
            <ns3:cad>87</ns3:cad>
          </ns3:TrackPointExtension>
        </extensions>
      </trkpt>
      <trkpt lat="30.43055386282503604888916015625" lon="120.2643468417227268218994140625">
        <ele>6</ele>
        <time>2024-09-02T13:08:58.000Z</time>
        <extensions>
          <ns3:TrackPointExtension>
            <ns3:cad>87</ns3:cad>
          </ns3:TrackPointExtension>
        </extensions>
      </trkpt>
      <trkpt lat="30.430549085140228271484375" lon="120.2643341012299060821533203125">
        <ele>6</ele>
        <time>2024-09-02T13:08:59.000Z</time>
        <extensions>
          <ns3:TrackPointExtension>
            <ns3:cad>87</ns3:cad>
          </ns3:TrackPointExtension>
        </extensions>
      </trkpt>
      <trkpt lat="30.4305412061512470245361328125" lon="120.26431876234710216522216796875">
        <ele>6</ele>
        <time>2024-09-02T13:09:00.000Z</time>
        <extensions>
          <ns3:TrackPointExtension>
            <ns3:cad>87</ns3:cad>
          </ns3:TrackPointExtension>
        </extensions>
      </trkpt>
      <trkpt lat="30.43053223751485347747802734375" lon="120.26430333964526653289794921875">
        <ele>6.19999980926513671875</ele>
        <time>2024-09-02T13:09:01.000Z</time>
        <extensions>
          <ns3:TrackPointExtension>
            <ns3:cad>0</ns3:cad>
          </ns3:TrackPointExtension>
        </extensions>
      </trkpt>
      <trkpt lat="30.43052385561168193817138671875" lon="120.26428959332406520843505859375">
        <ele>6.19999980926513671875</ele>
        <time>2024-09-02T13:09:02.000Z</time>
        <extensions>
          <ns3:TrackPointExtension>
            <ns3:cad>0</ns3:cad>
          </ns3:TrackPointExtension>
        </extensions>
      </trkpt>
      <trkpt lat="30.4305184073746204376220703125" lon="120.26427668519318103790283203125">
        <ele>6.400000095367431640625</ele>
        <time>2024-09-02T13:09:03.000Z</time>
        <extensions>
          <ns3:TrackPointExtension>
            <ns3:cad>66</ns3:cad>
          </ns3:TrackPointExtension>
        </extensions>
      </trkpt>
      <trkpt lat="30.4305137135088443756103515625" lon="120.26425589807331562042236328125">
        <ele>6.400000095367431640625</ele>
        <time>2024-09-02T13:09:04.000Z</time>
        <extensions>
          <ns3:TrackPointExtension>
            <ns3:cad>66</ns3:cad>
          </ns3:TrackPointExtension>
        </extensions>
      </trkpt>
      <trkpt lat="30.43051815591752529144287109375" lon="120.26424315758049488067626953125">
        <ele>6.400000095367431640625</ele>
        <time>2024-09-02T13:09:05.000Z</time>
        <extensions>
          <ns3:TrackPointExtension>
            <ns3:cad>65</ns3:cad>
          </ns3:TrackPointExtension>
        </extensions>
      </trkpt>
      <trkpt lat="30.43050943873822689056396484375" lon="120.26422907598316669464111328125">
        <ele>6.599999904632568359375</ele>
        <time>2024-09-02T13:09:06.000Z</time>
        <extensions>
          <ns3:TrackPointExtension>
            <ns3:cad>65</ns3:cad>
          </ns3:TrackPointExtension>
        </extensions>
      </trkpt>
      <trkpt lat="30.4305016435682773590087890625" lon="120.26421650312840938568115234375">
        <ele>6.599999904632568359375</ele>
        <time>2024-09-02T13:09:07.000Z</time>
        <extensions>
          <ns3:TrackPointExtension>
            <ns3:cad>65</ns3:cad>
          </ns3:TrackPointExtension>
        </extensions>
      </trkpt>
      <trkpt lat="30.4304902441799640655517578125" lon="120.26420661248266696929931640625">
        <ele>6.599999904632568359375</ele>
        <time>2024-09-02T13:09:08.000Z</time>
        <extensions>
          <ns3:TrackPointExtension>
            <ns3:cad>66</ns3:cad>
          </ns3:TrackPointExtension>
        </extensions>
      </trkpt>
      <trkpt lat="30.4304788447916507720947265625" lon="120.26419806294143199920654296875">
        <ele>6.80000019073486328125</ele>
        <time>2024-09-02T13:09:09.000Z</time>
        <extensions>
          <ns3:TrackPointExtension>
            <ns3:cad>68</ns3:cad>
          </ns3:TrackPointExtension>
        </extensions>
      </trkpt>
      <trkpt lat="30.43046669103205204010009765625" lon="120.26418305933475494384765625">
        <ele>6.80000019073486328125</ele>
        <time>2024-09-02T13:09:10.000Z</time>
        <extensions>
          <ns3:TrackPointExtension>
            <ns3:cad>68</ns3:cad>
          </ns3:TrackPointExtension>
        </extensions>
      </trkpt>
      <trkpt lat="30.4304593987762928009033203125" lon="120.2641721628606319427490234375">
        <ele>6.80000019073486328125</ele>
        <time>2024-09-02T13:09:11.000Z</time>
        <extensions>
          <ns3:TrackPointExtension>
            <ns3:cad>68</ns3:cad>
          </ns3:TrackPointExtension>
        </extensions>
      </trkpt>
      <trkpt lat="30.43044942431151866912841796875" lon="120.264161936938762664794921875">
        <ele>7</ele>
        <time>2024-09-02T13:09:12.000Z</time>
        <extensions>
          <ns3:TrackPointExtension>
            <ns3:cad>67</ns3:cad>
          </ns3:TrackPointExtension>
        </extensions>
      </trkpt>
      <trkpt lat="30.430436432361602783203125" lon="120.26415632106363773345947265625">
        <ele>7</ele>
        <time>2024-09-02T13:09:13.000Z</time>
        <extensions>
          <ns3:TrackPointExtension>
            <ns3:cad>67</ns3:cad>
          </ns3:TrackPointExtension>
        </extensions>
      </trkpt>
      <trkpt lat="30.43042914010584354400634765625" lon="120.264139808714389801025390625">
        <ele>7.19999980926513671875</ele>
        <time>2024-09-02T13:09:14.000Z</time>
        <extensions>
          <ns3:TrackPointExtension>
            <ns3:cad>67</ns3:cad>
          </ns3:TrackPointExtension>
        </extensions>
      </trkpt>
      <trkpt lat="30.4304228536784648895263671875" lon="120.264123380184173583984375">
        <ele>7.19999980926513671875</ele>
        <time>2024-09-02T13:09:15.000Z</time>
        <extensions>
          <ns3:TrackPointExtension>
            <ns3:cad>0</ns3:cad>
          </ns3:TrackPointExtension>
        </extensions>
      </trkpt>
      <trkpt lat="30.430419333279132843017578125" lon="120.26409999467432498931884765625">
        <ele>7.19999980926513671875</ele>
        <time>2024-09-02T13:09:16.000Z</time>
        <extensions>
          <ns3:TrackPointExtension>
            <ns3:cad>0</ns3:cad>
          </ns3:TrackPointExtension>
        </extensions>
      </trkpt>
      <trkpt lat="30.4304124601185321807861328125" lon="120.26407266966998577117919921875">
        <ele>7.400000095367431640625</ele>
        <time>2024-09-02T13:09:17.000Z</time>
        <extensions>
          <ns3:TrackPointExtension>
            <ns3:cad>0</ns3:cad>
          </ns3:TrackPointExtension>
        </extensions>
      </trkpt>
      <trkpt lat="30.43040801770985126495361328125" lon="120.26405607350170612335205078125">
        <ele>7.400000095367431640625</ele>
        <time>2024-09-02T13:09:18.000Z</time>
        <extensions>
          <ns3:TrackPointExtension>
            <ns3:cad>0</ns3:cad>
          </ns3:TrackPointExtension>
        </extensions>
      </trkpt>
      <trkpt lat="30.43039544485509395599365234375" lon="120.2640474401414394378662109375">
        <ele>7.400000095367431640625</ele>
        <time>2024-09-02T13:09:19.000Z</time>
        <extensions>
          <ns3:TrackPointExtension>
            <ns3:cad>0</ns3:cad>
          </ns3:TrackPointExtension>
        </extensions>
      </trkpt>
      <trkpt lat="30.4303866438567638397216796875" lon="120.26404148899018764495849609375">
        <ele>7.400000095367431640625</ele>
        <time>2024-09-02T13:09:20.000Z</time>
        <extensions>
          <ns3:TrackPointExtension>
            <ns3:cad>73</ns3:cad>
          </ns3:TrackPointExtension>
        </extensions>
      </trkpt>
      <trkpt lat="30.43038035742938518524169921875" lon="120.264024473726749420166015625">
        <ele>7.400000095367431640625</ele>
        <time>2024-09-02T13:09:21.000Z</time>
        <extensions>
          <ns3:TrackPointExtension>
            <ns3:cad>73</ns3:cad>
          </ns3:TrackPointExtension>
        </extensions>
      </trkpt>
      <trkpt lat="30.4303725622594356536865234375" lon="120.26400712318718433380126953125">
        <ele>7.599999904632568359375</ele>
        <time>2024-09-02T13:09:22.000Z</time>
        <extensions>
          <ns3:TrackPointExtension>
            <ns3:cad>70</ns3:cad>
          </ns3:TrackPointExtension>
        </extensions>
      </trkpt>
      <trkpt lat="30.43036275543272495269775390625" lon="120.2639877609908580780029296875">
        <ele>7.599999904632568359375</ele>
        <time>2024-09-02T13:09:23.000Z</time>
        <extensions>
          <ns3:TrackPointExtension>
            <ns3:cad>69</ns3:cad>
          </ns3:TrackPointExtension>
        </extensions>
      </trkpt>
      <trkpt lat="30.4303534515202045440673828125" lon="120.26396722532808780670166015625">
        <ele>7.599999904632568359375</ele>
        <time>2024-09-02T13:09:24.000Z</time>
        <extensions>
          <ns3:TrackPointExtension>
            <ns3:cad>69</ns3:cad>
          </ns3:TrackPointExtension>
        </extensions>
      </trkpt>
      <trkpt lat="30.4303447343409061431884765625" lon="120.26395012624561786651611328125">
        <ele>7.599999904632568359375</ele>
        <time>2024-09-02T13:09:25.000Z</time>
        <extensions>
          <ns3:TrackPointExtension>
            <ns3:cad>69</ns3:cad>
          </ns3:TrackPointExtension>
        </extensions>
      </trkpt>
      <trkpt lat="30.43033459223806858062744140625" lon="120.2639408223330974578857421875">
        <ele>7.599999904632568359375</ele>
        <time>2024-09-02T13:09:26.000Z</time>
        <extensions>
          <ns3:TrackPointExtension>
            <ns3:cad>69</ns3:cad>
          </ns3:TrackPointExtension>
        </extensions>
      </trkpt>
      <trkpt lat="30.43032579123973846435546875" lon="120.26392632164061069488525390625">
        <ele>7.599999904632568359375</ele>
        <time>2024-09-02T13:09:27.000Z</time>
        <extensions>
          <ns3:TrackPointExtension>
            <ns3:cad>68</ns3:cad>
          </ns3:TrackPointExtension>
        </extensions>
      </trkpt>
      <trkpt lat="30.4303189180791378021240234375" lon="120.2639119885861873626708984375">
        <ele>7.80000019073486328125</ele>
        <time>2024-09-02T13:09:28.000Z</time>
        <extensions>
          <ns3:TrackPointExtension>
            <ns3:cad>68</ns3:cad>
          </ns3:TrackPointExtension>
        </extensions>
      </trkpt>
      <trkpt lat="30.43031196109950542449951171875" lon="120.263895727694034576416015625">
        <ele>7.80000019073486328125</ele>
        <time>2024-09-02T13:09:29.000Z</time>
        <extensions>
          <ns3:TrackPointExtension>
            <ns3:cad>68</ns3:cad>
          </ns3:TrackPointExtension>
        </extensions>
      </trkpt>
      <trkpt lat="30.43030433356761932373046875" lon="120.2638779580593109130859375">
        <ele>7.80000019073486328125</ele>
        <time>2024-09-02T13:09:30.000Z</time>
        <extensions>
          <ns3:TrackPointExtension>
            <ns3:cad>69</ns3:cad>
          </ns3:TrackPointExtension>
        </extensions>
      </trkpt>
      <trkpt lat="30.4302967898547649383544921875" lon="120.2638586796820163726806640625">
        <ele>7.80000019073486328125</ele>
        <time>2024-09-02T13:09:31.000Z</time>
        <extensions>
          <ns3:TrackPointExtension>
            <ns3:cad>69</ns3:cad>
          </ns3:TrackPointExtension>
        </extensions>
      </trkpt>
      <trkpt lat="30.4302880726754665374755859375" lon="120.2638395689427852630615234375">
        <ele>7.80000019073486328125</ele>
        <time>2024-09-02T13:09:32.000Z</time>
        <extensions>
          <ns3:TrackPointExtension>
            <ns3:cad>69</ns3:cad>
          </ns3:TrackPointExtension>
        </extensions>
      </trkpt>
      <trkpt lat="30.43028446845710277557373046875" lon="120.26382473297417163848876953125">
        <ele>7.80000019073486328125</ele>
        <time>2024-09-02T13:09:33.000Z</time>
        <extensions>
          <ns3:TrackPointExtension>
            <ns3:cad>69</ns3:cad>
          </ns3:TrackPointExtension>
        </extensions>
      </trkpt>
      <trkpt lat="30.43028161861002445220947265625" lon="120.2638043649494647979736328125">
        <ele>7.80000019073486328125</ele>
        <time>2024-09-02T13:09:34.000Z</time>
        <extensions>
          <ns3:TrackPointExtension>
            <ns3:cad>69</ns3:cad>
          </ns3:TrackPointExtension>
        </extensions>
      </trkpt>
      <trkpt lat="30.4302768409252166748046875" lon="120.2637902833521366119384765625">
        <ele>7.80000019073486328125</ele>
        <time>2024-09-02T13:09:35.000Z</time>
        <extensions>
          <ns3:TrackPointExtension>
            <ns3:cad>68</ns3:cad>
          </ns3:TrackPointExtension>
        </extensions>
      </trkpt>
      <trkpt lat="30.43026519007980823516845703125" lon="120.26377460919320583343505859375">
        <ele>7.80000019073486328125</ele>
        <time>2024-09-02T13:09:36.000Z</time>
        <extensions>
          <ns3:TrackPointExtension>
            <ns3:cad>67</ns3:cad>
          </ns3:TrackPointExtension>
        </extensions>
      </trkpt>
      <trkpt lat="30.43025471270084381103515625" lon="120.2637626230716705322265625">
        <ele>7.80000019073486328125</ele>
        <time>2024-09-02T13:09:37.000Z</time>
        <extensions>
          <ns3:TrackPointExtension>
            <ns3:cad>67</ns3:cad>
          </ns3:TrackPointExtension>
        </extensions>
      </trkpt>
      <trkpt lat="30.43024155311286449432373046875" lon="120.26375792920589447021484375">
        <ele>7.80000019073486328125</ele>
        <time>2024-09-02T13:09:38.000Z</time>
        <extensions>
          <ns3:TrackPointExtension>
            <ns3:cad>66</ns3:cad>
          </ns3:TrackPointExtension>
        </extensions>
      </trkpt>
      <trkpt lat="30.4302334226667881011962890625" lon="120.26374720036983489990234375">
        <ele>7.80000019073486328125</ele>
        <time>2024-09-02T13:09:39.000Z</time>
        <extensions>
          <ns3:TrackPointExtension>
            <ns3:cad>66</ns3:cad>
          </ns3:TrackPointExtension>
        </extensions>
      </trkpt>
      <trkpt lat="30.4302297346293926239013671875" lon="120.26373781263828277587890625">
        <ele>7.80000019073486328125</ele>
        <time>2024-09-02T13:09:40.000Z</time>
        <extensions>
          <ns3:TrackPointExtension>
            <ns3:cad>66</ns3:cad>
          </ns3:TrackPointExtension>
        </extensions>
      </trkpt>
      <trkpt lat="30.4302240349352359771728515625" lon="120.26372415013611316680908203125">
        <ele>7.80000019073486328125</ele>
        <time>2024-09-02T13:09:41.000Z</time>
        <extensions>
          <ns3:TrackPointExtension>
            <ns3:cad>66</ns3:cad>
          </ns3:TrackPointExtension>
        </extensions>
      </trkpt>
      <trkpt lat="30.43021607212722301483154296875" lon="120.26370906271040439605712890625">
        <ele>7.599999904632568359375</ele>
        <time>2024-09-02T13:09:42.000Z</time>
        <extensions>
          <ns3:TrackPointExtension>
            <ns3:cad>66</ns3:cad>
          </ns3:TrackPointExtension>
        </extensions>
      </trkpt>
      <trkpt lat="30.43020416982471942901611328125" lon="120.26369196362793445587158203125">
        <ele>7.599999904632568359375</ele>
        <time>2024-09-02T13:09:43.000Z</time>
        <extensions>
          <ns3:TrackPointExtension>
            <ns3:cad>66</ns3:cad>
          </ns3:TrackPointExtension>
        </extensions>
      </trkpt>
      <trkpt lat="30.43019411154091358184814453125" lon="120.26367134414613246917724609375">
        <ele>7.599999904632568359375</ele>
        <time>2024-09-02T13:09:44.000Z</time>
        <extensions>
          <ns3:TrackPointExtension>
            <ns3:cad>66</ns3:cad>
          </ns3:TrackPointExtension>
        </extensions>
      </trkpt>
      <trkpt lat="30.4301784373819828033447265625" lon="120.2636518143117427825927734375">
        <ele>7.400000095367431640625</ele>
        <time>2024-09-02T13:09:45.000Z</time>
        <extensions>
          <ns3:TrackPointExtension>
            <ns3:cad>67</ns3:cad>
          </ns3:TrackPointExtension>
        </extensions>
      </trkpt>
      <trkpt lat="30.4301653616130352020263671875" lon="120.26364636607468128204345703125">
        <ele>7.400000095367431640625</ele>
        <time>2024-09-02T13:09:46.000Z</time>
        <extensions>
          <ns3:TrackPointExtension>
            <ns3:cad>67</ns3:cad>
          </ns3:TrackPointExtension>
        </extensions>
      </trkpt>
      <trkpt lat="30.430143065750598907470703125" lon="120.26362792588770389556884765625">
        <ele>7.400000095367431640625</ele>
        <time>2024-09-02T13:09:47.000Z</time>
        <extensions>
          <ns3:TrackPointExtension>
            <ns3:cad>67</ns3:cad>
          </ns3:TrackPointExtension>
        </extensions>
      </trkpt>
      <trkpt lat="30.4301221109926700592041015625" lon="120.2636097371578216552734375">
        <ele>7.19999980926513671875</ele>
        <time>2024-09-02T13:09:48.000Z</time>
        <extensions>
          <ns3:TrackPointExtension>
            <ns3:cad>88</ns3:cad>
          </ns3:TrackPointExtension>
        </extensions>
      </trkpt>
      <trkpt lat="30.4300996474921703338623046875" lon="120.26358517818152904510498046875">
        <ele>7.19999980926513671875</ele>
        <time>2024-09-02T13:09:49.000Z</time>
        <extensions>
          <ns3:TrackPointExtension>
            <ns3:cad>88</ns3:cad>
          </ns3:TrackPointExtension>
        </extensions>
      </trkpt>
      <trkpt lat="30.4300828836858272552490234375" lon="120.26355885900557041168212890625">
        <ele>7.19999980926513671875</ele>
        <time>2024-09-02T13:09:50.000Z</time>
        <extensions>
          <ns3:TrackPointExtension>
            <ns3:cad>87</ns3:cad>
          </ns3:TrackPointExtension>
        </extensions>
      </trkpt>
      <trkpt lat="30.43006620369851589202880859375" lon="120.263533629477024078369140625">
        <ele>7</ele>
        <time>2024-09-02T13:09:51.000Z</time>
        <extensions>
          <ns3:TrackPointExtension>
            <ns3:cad>87</ns3:cad>
          </ns3:TrackPointExtension>
        </extensions>
      </trkpt>
      <trkpt lat="30.43005195446312427520751953125" lon="120.2635059691965579986572265625">
        <ele>7</ele>
        <time>2024-09-02T13:09:52.000Z</time>
        <extensions>
          <ns3:TrackPointExtension>
            <ns3:cad>88</ns3:cad>
          </ns3:TrackPointExtension>
        </extensions>
      </trkpt>
      <trkpt lat="30.4300403036177158355712890625" lon="120.2634731121361255645751953125">
        <ele>7</ele>
        <time>2024-09-02T13:09:53.000Z</time>
        <extensions>
          <ns3:TrackPointExtension>
            <ns3:cad>88</ns3:cad>
          </ns3:TrackPointExtension>
        </extensions>
      </trkpt>
      <trkpt lat="30.4300300776958465576171875" lon="120.26343832723796367645263671875">
        <ele>7</ele>
        <time>2024-09-02T13:09:54.000Z</time>
        <extensions>
          <ns3:TrackPointExtension>
            <ns3:cad>89</ns3:cad>
          </ns3:TrackPointExtension>
        </extensions>
      </trkpt>
      <trkpt lat="30.430019013583660125732421875" lon="120.263411588966846466064453125">
        <ele>7</ele>
        <time>2024-09-02T13:09:55.000Z</time>
        <extensions>
          <ns3:TrackPointExtension>
            <ns3:cad>89</ns3:cad>
          </ns3:TrackPointExtension>
        </extensions>
      </trkpt>
      <trkpt lat="30.43000719510018825531005859375" lon="120.263391472399234771728515625">
        <ele>7</ele>
        <time>2024-09-02T13:09:56.000Z</time>
        <extensions>
          <ns3:TrackPointExtension>
            <ns3:cad>88</ns3:cad>
          </ns3:TrackPointExtension>
        </extensions>
      </trkpt>
      <trkpt lat="30.4299937002360820770263671875" lon="120.26336632668972015380859375">
        <ele>7</ele>
        <time>2024-09-02T13:09:57.000Z</time>
        <extensions>
          <ns3:TrackPointExtension>
            <ns3:cad>87</ns3:cad>
          </ns3:TrackPointExtension>
        </extensions>
      </trkpt>
      <trkpt lat="30.42998339049518108367919921875" lon="120.2633426897227764129638671875">
        <ele>7</ele>
        <time>2024-09-02T13:09:58.000Z</time>
        <extensions>
          <ns3:TrackPointExtension>
            <ns3:cad>87</ns3:cad>
          </ns3:TrackPointExtension>
        </extensions>
      </trkpt>
      <trkpt lat="30.42997551150619983673095703125" lon="120.26331125758588314056396484375">
        <ele>7</ele>
        <time>2024-09-02T13:09:59.000Z</time>
        <extensions>
          <ns3:TrackPointExtension>
            <ns3:cad>87</ns3:cad>
          </ns3:TrackPointExtension>
        </extensions>
      </trkpt>
      <trkpt lat="30.42996679432690143585205078125" lon="120.263278484344482421875">
        <ele>7</ele>
        <time>2024-09-02T13:10:00.000Z</time>
        <extensions>
          <ns3:TrackPointExtension>
            <ns3:cad>88</ns3:cad>
          </ns3:TrackPointExtension>
        </extensions>
      </trkpt>
      <trkpt lat="30.42995941825211048126220703125" lon="120.263238251209259033203125">
        <ele>7</ele>
        <time>2024-09-02T13:10:01.000Z</time>
        <extensions>
          <ns3:TrackPointExtension>
            <ns3:cad>88</ns3:cad>
          </ns3:TrackPointExtension>
        </extensions>
      </trkpt>
      <trkpt lat="30.429950617253780364990234375" lon="120.26320732198655605316162109375">
        <ele>7</ele>
        <time>2024-09-02T13:10:02.000Z</time>
        <extensions>
          <ns3:TrackPointExtension>
            <ns3:cad>88</ns3:cad>
          </ns3:TrackPointExtension>
        </extensions>
      </trkpt>
      <trkpt lat="30.42993955314159393310546875" lon="120.2631760574877262115478515625">
        <ele>6.80000019073486328125</ele>
        <time>2024-09-02T13:10:03.000Z</time>
        <extensions>
          <ns3:TrackPointExtension>
            <ns3:cad>88</ns3:cad>
          </ns3:TrackPointExtension>
        </extensions>
      </trkpt>
      <trkpt lat="30.4299246333539485931396484375" lon="120.26315099559724330902099609375">
        <ele>6.80000019073486328125</ele>
        <time>2024-09-02T13:10:04.000Z</time>
        <extensions>
          <ns3:TrackPointExtension>
            <ns3:cad>88</ns3:cad>
          </ns3:TrackPointExtension>
        </extensions>
      </trkpt>
      <trkpt lat="30.42991734109818935394287109375" lon="120.2631242573261260986328125">
        <ele>6.599999904632568359375</ele>
        <time>2024-09-02T13:10:05.000Z</time>
        <extensions>
          <ns3:TrackPointExtension>
            <ns3:cad>88</ns3:cad>
          </ns3:TrackPointExtension>
        </extensions>
      </trkpt>
      <trkpt lat="30.429911054670810699462890625" lon="120.2631009556353092193603515625">
        <ele>6.599999904632568359375</ele>
        <time>2024-09-02T13:10:06.000Z</time>
        <extensions>
          <ns3:TrackPointExtension>
            <ns3:cad>87</ns3:cad>
          </ns3:TrackPointExtension>
        </extensions>
      </trkpt>
      <trkpt lat="30.42990091256797313690185546875" lon="120.26308226399123668670654296875">
        <ele>6.599999904632568359375</ele>
        <time>2024-09-02T13:10:07.000Z</time>
        <extensions>
          <ns3:TrackPointExtension>
            <ns3:cad>86</ns3:cad>
          </ns3:TrackPointExtension>
        </extensions>
      </trkpt>
      <trkpt lat="30.42989261448383331298828125" lon="120.2630627341568470001220703125">
        <ele>6.599999904632568359375</ele>
        <time>2024-09-02T13:10:08.000Z</time>
        <extensions>
          <ns3:TrackPointExtension>
            <ns3:cad>86</ns3:cad>
          </ns3:TrackPointExtension>
        </extensions>
      </trkpt>
      <trkpt lat="30.42988481931388378143310546875" lon="120.2630489878356456756591796875">
        <ele>6.400000095367431640625</ele>
        <time>2024-09-02T13:10:09.000Z</time>
        <extensions>
          <ns3:TrackPointExtension>
            <ns3:cad>85</ns3:cad>
          </ns3:TrackPointExtension>
        </extensions>
      </trkpt>
      <trkpt lat="30.429875850677490234375" lon="120.26303700171411037445068359375">
        <ele>6.400000095367431640625</ele>
        <time>2024-09-02T13:10:10.000Z</time>
        <extensions>
          <ns3:TrackPointExtension>
            <ns3:cad>85</ns3:cad>
          </ns3:TrackPointExtension>
        </extensions>
      </trkpt>
      <trkpt lat="30.4298673011362552642822265625" lon="120.2630231715738773345947265625">
        <ele>6.400000095367431640625</ele>
        <time>2024-09-02T13:10:11.000Z</time>
        <extensions>
          <ns3:TrackPointExtension>
            <ns3:cad>85</ns3:cad>
          </ns3:TrackPointExtension>
        </extensions>
      </trkpt>
      <trkpt lat="30.429856739938259124755859375" lon="120.2630089223384857177734375">
        <ele>6.19999980926513671875</ele>
        <time>2024-09-02T13:10:12.000Z</time>
        <extensions>
          <ns3:TrackPointExtension>
            <ns3:cad>85</ns3:cad>
          </ns3:TrackPointExtension>
        </extensions>
      </trkpt>
      <trkpt lat="30.429848022758960723876953125" lon="120.262996517121791839599609375">
        <ele>6.19999980926513671875</ele>
        <time>2024-09-02T13:10:13.000Z</time>
        <extensions>
          <ns3:TrackPointExtension>
            <ns3:cad>75</ns3:cad>
          </ns3:TrackPointExtension>
        </extensions>
      </trkpt>
      <trkpt lat="30.42984240688383579254150390625" lon="120.262980423867702484130859375">
        <ele>6.19999980926513671875</ele>
        <time>2024-09-02T13:10:14.000Z</time>
        <extensions>
          <ns3:TrackPointExtension>
            <ns3:cad>75</ns3:cad>
          </ns3:TrackPointExtension>
        </extensions>
      </trkpt>
      <trkpt lat="30.42983637191355228424072265625" lon="120.26296927593648433685302734375">
        <ele>6</ele>
        <time>2024-09-02T13:10:15.000Z</time>
        <extensions>
          <ns3:TrackPointExtension>
            <ns3:cad>75</ns3:cad>
          </ns3:TrackPointExtension>
        </extensions>
      </trkpt>
      <trkpt lat="30.429829247295856475830078125" lon="120.26296257041394710540771484375">
        <ele>6</ele>
        <time>2024-09-02T13:10:16.000Z</time>
        <extensions>
          <ns3:TrackPointExtension>
            <ns3:cad>64</ns3:cad>
          </ns3:TrackPointExtension>
        </extensions>
      </trkpt>
      <trkpt lat="30.42982078157365322113037109375" lon="120.26295251213014125823974609375">
        <ele>6</ele>
        <time>2024-09-02T13:10:17.000Z</time>
        <extensions>
          <ns3:TrackPointExtension>
            <ns3:cad>64</ns3:cad>
          </ns3:TrackPointExtension>
        </extensions>
      </trkpt>
      <trkpt lat="30.42981156148016452789306640625" lon="120.26293759234249591827392578125">
        <ele>6</ele>
        <time>2024-09-02T13:10:18.000Z</time>
        <extensions>
          <ns3:TrackPointExtension>
            <ns3:cad>64</ns3:cad>
          </ns3:TrackPointExtension>
        </extensions>
      </trkpt>
      <trkpt lat="30.42979882098734378814697265625" lon="120.26292853988707065582275390625">
        <ele>5.80000019073486328125</ele>
        <time>2024-09-02T13:10:19.000Z</time>
        <extensions>
          <ns3:TrackPointExtension>
            <ns3:cad>64</ns3:cad>
          </ns3:TrackPointExtension>
        </extensions>
      </trkpt>
      <trkpt lat="30.4297838173806667327880859375" lon="120.2629105187952518463134765625">
        <ele>5.80000019073486328125</ele>
        <time>2024-09-02T13:10:20.000Z</time>
        <extensions>
          <ns3:TrackPointExtension>
            <ns3:cad>64</ns3:cad>
          </ns3:TrackPointExtension>
        </extensions>
      </trkpt>
      <trkpt lat="30.429772920906543731689453125" lon="120.262889564037322998046875">
        <ele>5.599999904632568359375</ele>
        <time>2024-09-02T13:10:21.000Z</time>
        <extensions>
          <ns3:TrackPointExtension>
            <ns3:cad>86</ns3:cad>
          </ns3:TrackPointExtension>
        </extensions>
      </trkpt>
      <trkpt lat="30.42976252734661102294921875" lon="120.26286198757588863372802734375">
        <ele>5.599999904632568359375</ele>
        <time>2024-09-02T13:10:22.000Z</time>
        <extensions>
          <ns3:TrackPointExtension>
            <ns3:cad>86</ns3:cad>
          </ns3:TrackPointExtension>
        </extensions>
      </trkpt>
      <trkpt lat="30.4297566600143909454345703125" lon="120.26283583603799343109130859375">
        <ele>5.599999904632568359375</ele>
        <time>2024-09-02T13:10:23.000Z</time>
        <extensions>
          <ns3:TrackPointExtension>
            <ns3:cad>86</ns3:cad>
          </ns3:TrackPointExtension>
        </extensions>
      </trkpt>
      <trkpt lat="30.4297449253499507904052734375" lon="120.2628065831959247589111328125">
        <ele>5.400000095367431640625</ele>
        <time>2024-09-02T13:10:24.000Z</time>
        <extensions>
          <ns3:TrackPointExtension>
            <ns3:cad>87</ns3:cad>
          </ns3:TrackPointExtension>
        </extensions>
      </trkpt>
      <trkpt lat="30.42973511852324008941650390625" lon="120.262782275676727294921875">
        <ele>5.400000095367431640625</ele>
        <time>2024-09-02T13:10:25.000Z</time>
        <extensions>
          <ns3:TrackPointExtension>
            <ns3:cad>88</ns3:cad>
          </ns3:TrackPointExtension>
        </extensions>
      </trkpt>
      <trkpt lat="30.42972053401172161102294921875" lon="120.2627572976052761077880859375">
        <ele>5.19999980926513671875</ele>
        <time>2024-09-02T13:10:26.000Z</time>
        <extensions>
          <ns3:TrackPointExtension>
            <ns3:cad>88</ns3:cad>
          </ns3:TrackPointExtension>
        </extensions>
      </trkpt>
      <trkpt lat="30.429707877337932586669921875" lon="120.262730307877063751220703125">
        <ele>5.19999980926513671875</ele>
        <time>2024-09-02T13:10:27.000Z</time>
        <extensions>
          <ns3:TrackPointExtension>
            <ns3:cad>89</ns3:cad>
          </ns3:TrackPointExtension>
        </extensions>
      </trkpt>
      <trkpt lat="30.42969253845512866973876953125" lon="120.26270524598658084869384765625">
        <ele>5</ele>
        <time>2024-09-02T13:10:28.000Z</time>
        <extensions>
          <ns3:TrackPointExtension>
            <ns3:cad>89</ns3:cad>
          </ns3:TrackPointExtension>
        </extensions>
      </trkpt>
      <trkpt lat="30.429674685001373291015625" lon="120.26267959736287593841552734375">
        <ele>5</ele>
        <time>2024-09-02T13:10:29.000Z</time>
        <extensions>
          <ns3:TrackPointExtension>
            <ns3:cad>88</ns3:cad>
          </ns3:TrackPointExtension>
        </extensions>
      </trkpt>
      <trkpt lat="30.42966437526047229766845703125" lon="120.2626496739685535430908203125">
        <ele>5</ele>
        <time>2024-09-02T13:10:30.000Z</time>
        <extensions>
          <ns3:TrackPointExtension>
            <ns3:cad>87</ns3:cad>
          </ns3:TrackPointExtension>
        </extensions>
      </trkpt>
      <trkpt lat="30.429656244814395904541015625" lon="120.26262427680194377899169921875">
        <ele>5.19999980926513671875</ele>
        <time>2024-09-02T13:10:31.000Z</time>
        <extensions>
          <ns3:TrackPointExtension>
            <ns3:cad>87</ns3:cad>
          </ns3:TrackPointExtension>
        </extensions>
      </trkpt>
      <trkpt lat="30.429643504321575164794921875" lon="120.2626010589301586151123046875">
        <ele>5.19999980926513671875</ele>
        <time>2024-09-02T13:10:32.000Z</time>
        <extensions>
          <ns3:TrackPointExtension>
            <ns3:cad>87</ns3:cad>
          </ns3:TrackPointExtension>
        </extensions>
      </trkpt>
      <trkpt lat="30.42962615378201007843017578125" lon="120.2625717222690582275390625">
        <ele>5.19999980926513671875</ele>
        <time>2024-09-02T13:10:33.000Z</time>
        <extensions>
          <ns3:TrackPointExtension>
            <ns3:cad>87</ns3:cad>
          </ns3:TrackPointExtension>
        </extensions>
      </trkpt>
      <trkpt lat="30.42961073108017444610595703125" lon="120.26254649274051189422607421875">
        <ele>5.19999980926513671875</ele>
        <time>2024-09-02T13:10:34.000Z</time>
        <extensions>
          <ns3:TrackPointExtension>
            <ns3:cad>86</ns3:cad>
          </ns3:TrackPointExtension>
        </extensions>
      </trkpt>
      <trkpt lat="30.42959698475897312164306640625" lon="120.2625199221074581146240234375">
        <ele>5.400000095367431640625</ele>
        <time>2024-09-02T13:10:35.000Z</time>
        <extensions>
          <ns3:TrackPointExtension>
            <ns3:cad>84</ns3:cad>
          </ns3:TrackPointExtension>
        </extensions>
      </trkpt>
      <trkpt lat="30.4295839928090572357177734375" lon="120.2624993026256561279296875">
        <ele>5.400000095367431640625</ele>
        <time>2024-09-02T13:10:36.000Z</time>
        <extensions>
          <ns3:TrackPointExtension>
            <ns3:cad>84</ns3:cad>
          </ns3:TrackPointExtension>
        </extensions>
      </trkpt>
      <trkpt lat="30.4295668937265872955322265625" lon="120.26247021742165088653564453125">
        <ele>5.400000095367431640625</ele>
        <time>2024-09-02T13:10:37.000Z</time>
        <extensions>
          <ns3:TrackPointExtension>
            <ns3:cad>84</ns3:cad>
          </ns3:TrackPointExtension>
        </extensions>
      </trkpt>
      <trkpt lat="30.42955608107149600982666015625" lon="120.2624495141208171844482421875">
        <ele>5.400000095367431640625</ele>
        <time>2024-09-02T13:10:38.000Z</time>
        <extensions>
          <ns3:TrackPointExtension>
            <ns3:cad>84</ns3:cad>
          </ns3:TrackPointExtension>
        </extensions>
      </trkpt>
      <trkpt lat="30.42953898198902606964111328125" lon="120.262423865497112274169921875">
        <ele>5.400000095367431640625</ele>
        <time>2024-09-02T13:10:39.000Z</time>
        <extensions>
          <ns3:TrackPointExtension>
            <ns3:cad>84</ns3:cad>
          </ns3:TrackPointExtension>
        </extensions>
      </trkpt>
      <trkpt lat="30.42952741496264934539794921875" lon="120.2624032460153102874755859375">
        <ele>5.400000095367431640625</ele>
        <time>2024-09-02T13:10:40.000Z</time>
        <extensions>
          <ns3:TrackPointExtension>
            <ns3:cad>85</ns3:cad>
          </ns3:TrackPointExtension>
        </extensions>
      </trkpt>
      <trkpt lat="30.42951802723109722137451171875" lon="120.26238706894218921661376953125">
        <ele>5.599999904632568359375</ele>
        <time>2024-09-02T13:10:41.000Z</time>
        <extensions>
          <ns3:TrackPointExtension>
            <ns3:cad>86</ns3:cad>
          </ns3:TrackPointExtension>
        </extensions>
      </trkpt>
      <trkpt lat="30.4295062087476253509521484375" lon="120.2623623423278331756591796875">
        <ele>5.599999904632568359375</ele>
        <time>2024-09-02T13:10:42.000Z</time>
        <extensions>
          <ns3:TrackPointExtension>
            <ns3:cad>86</ns3:cad>
          </ns3:TrackPointExtension>
        </extensions>
      </trkpt>
      <trkpt lat="30.42949573136866092681884765625" lon="120.26234683580696582794189453125">
        <ele>5.599999904632568359375</ele>
        <time>2024-09-02T13:10:43.000Z</time>
        <extensions>
          <ns3:TrackPointExtension>
            <ns3:cad>86</ns3:cad>
          </ns3:TrackPointExtension>
        </extensions>
      </trkpt>
      <trkpt lat="30.42948164977133274078369140625" lon="120.2623281441628932952880859375">
        <ele>5.599999904632568359375</ele>
        <time>2024-09-02T13:10:44.000Z</time>
        <extensions>
          <ns3:TrackPointExtension>
            <ns3:cad>86</ns3:cad>
          </ns3:TrackPointExtension>
        </extensions>
      </trkpt>
      <trkpt lat="30.42946555651724338531494140625" lon="120.26230341754853725433349609375">
        <ele>5.599999904632568359375</ele>
        <time>2024-09-02T13:10:45.000Z</time>
        <extensions>
          <ns3:TrackPointExtension>
            <ns3:cad>86</ns3:cad>
          </ns3:TrackPointExtension>
        </extensions>
      </trkpt>
      <trkpt lat="30.42945264838635921478271484375" lon="120.2622781880199909210205078125">
        <ele>5.599999904632568359375</ele>
        <time>2024-09-02T13:10:46.000Z</time>
        <extensions>
          <ns3:TrackPointExtension>
            <ns3:cad>86</ns3:cad>
          </ns3:TrackPointExtension>
        </extensions>
      </trkpt>
      <trkpt lat="30.42944091372191905975341796875" lon="120.26224784553050994873046875">
        <ele>5.80000019073486328125</ele>
        <time>2024-09-02T13:10:47.000Z</time>
        <extensions>
          <ns3:TrackPointExtension>
            <ns3:cad>86</ns3:cad>
          </ns3:TrackPointExtension>
        </extensions>
      </trkpt>
      <trkpt lat="30.4294341243803501129150390625" lon="120.26222848333418369293212890625">
        <ele>5.80000019073486328125</ele>
        <time>2024-09-02T13:10:48.000Z</time>
        <extensions>
          <ns3:TrackPointExtension>
            <ns3:cad>86</ns3:cad>
          </ns3:TrackPointExtension>
        </extensions>
      </trkpt>
      <trkpt lat="30.42942230589687824249267578125" lon="120.26220300234854221343994140625">
        <ele>5.80000019073486328125</ele>
        <time>2024-09-02T13:10:49.000Z</time>
        <extensions>
          <ns3:TrackPointExtension>
            <ns3:cad>87</ns3:cad>
          </ns3:TrackPointExtension>
        </extensions>
      </trkpt>
      <trkpt lat="30.42940621264278888702392578125" lon="120.26217785663902759552001953125">
        <ele>5.80000019073486328125</ele>
        <time>2024-09-02T13:10:50.000Z</time>
        <extensions>
          <ns3:TrackPointExtension>
            <ns3:cad>87</ns3:cad>
          </ns3:TrackPointExtension>
        </extensions>
      </trkpt>
      <trkpt lat="30.42939162813127040863037109375" lon="120.26215572841465473175048828125">
        <ele>6</ele>
        <time>2024-09-02T13:10:51.000Z</time>
        <extensions>
          <ns3:TrackPointExtension>
            <ns3:cad>87</ns3:cad>
          </ns3:TrackPointExtension>
        </extensions>
      </trkpt>
      <trkpt lat="30.429381318390369415283203125" lon="120.26213477365672588348388671875">
        <ele>6.19999980926513671875</ele>
        <time>2024-09-02T13:10:52.000Z</time>
        <extensions>
          <ns3:TrackPointExtension>
            <ns3:cad>87</ns3:cad>
          </ns3:TrackPointExtension>
        </extensions>
      </trkpt>
      <trkpt lat="30.42937419377267360687255859375" lon="120.26211717166006565093994140625">
        <ele>6.400000095367431640625</ele>
        <time>2024-09-02T13:10:53.000Z</time>
        <extensions>
          <ns3:TrackPointExtension>
            <ns3:cad>87</ns3:cad>
          </ns3:TrackPointExtension>
        </extensions>
      </trkpt>
      <trkpt lat="30.42936949990689754486083984375" lon="120.26209940202534198760986328125">
        <ele>6.599999904632568359375</ele>
        <time>2024-09-02T13:10:54.000Z</time>
        <extensions>
          <ns3:TrackPointExtension>
            <ns3:cad>87</ns3:cad>
          </ns3:TrackPointExtension>
        </extensions>
      </trkpt>
      <trkpt lat="30.4293623752892017364501953125" lon="120.26208364404737949371337890625">
        <ele>6.599999904632568359375</ele>
        <time>2024-09-02T13:10:55.000Z</time>
        <extensions>
          <ns3:TrackPointExtension>
            <ns3:cad>87</ns3:cad>
          </ns3:TrackPointExtension>
        </extensions>
      </trkpt>
      <trkpt lat="30.42935759760439395904541015625" lon="120.2620713226497173309326171875">
        <ele>6.80000019073486328125</ele>
        <time>2024-09-02T13:10:56.000Z</time>
        <extensions>
          <ns3:TrackPointExtension>
            <ns3:cad>0</ns3:cad>
          </ns3:TrackPointExtension>
        </extensions>
      </trkpt>
      <trkpt lat="30.42935592122375965118408203125" lon="120.26205413974821567535400390625">
        <ele>6.80000019073486328125</ele>
        <time>2024-09-02T13:10:57.000Z</time>
        <extensions>
          <ns3:TrackPointExtension>
            <ns3:cad>0</ns3:cad>
          </ns3:TrackPointExtension>
        </extensions>
      </trkpt>
      <trkpt lat="30.4293503053486347198486328125" lon="120.26203352026641368865966796875">
        <ele>7</ele>
        <time>2024-09-02T13:10:58.000Z</time>
        <extensions>
          <ns3:TrackPointExtension>
            <ns3:cad>0</ns3:cad>
          </ns3:TrackPointExtension>
        </extensions>
      </trkpt>
      <trkpt lat="30.429342091083526611328125" lon="120.26201491244137287139892578125">
        <ele>7.19999980926513671875</ele>
        <time>2024-09-02T13:10:59.000Z</time>
        <extensions>
          <ns3:TrackPointExtension>
            <ns3:cad>80</ns3:cad>
          </ns3:TrackPointExtension>
        </extensions>
      </trkpt>
      <trkpt lat="30.4293372295796871185302734375" lon="120.26199974119663238525390625">
        <ele>7.19999980926513671875</ele>
        <time>2024-09-02T13:11:00.000Z</time>
        <extensions>
          <ns3:TrackPointExtension>
            <ns3:cad>80</ns3:cad>
          </ns3:TrackPointExtension>
        </extensions>
      </trkpt>
      <trkpt lat="30.42932591401040554046630859375" lon="120.26197166182100772857666015625">
        <ele>7.400000095367431640625</ele>
        <time>2024-09-02T13:11:01.000Z</time>
        <extensions>
          <ns3:TrackPointExtension>
            <ns3:cad>80</ns3:cad>
          </ns3:TrackPointExtension>
        </extensions>
      </trkpt>
      <trkpt lat="30.4293157719075679779052734375" lon="120.26194341480731964111328125">
        <ele>7.599999904632568359375</ele>
        <time>2024-09-02T13:11:02.000Z</time>
        <extensions>
          <ns3:TrackPointExtension>
            <ns3:cad>86</ns3:cad>
          </ns3:TrackPointExtension>
        </extensions>
      </trkpt>
      <trkpt lat="30.42930462397634983062744140625" lon="120.26191432960331439971923828125">
        <ele>8</ele>
        <time>2024-09-02T13:11:03.000Z</time>
        <extensions>
          <ns3:TrackPointExtension>
            <ns3:cad>86</ns3:cad>
          </ns3:TrackPointExtension>
        </extensions>
      </trkpt>
      <trkpt lat="30.42929825372993946075439453125" lon="120.261893458664417266845703125">
        <ele>8</ele>
        <time>2024-09-02T13:11:04.000Z</time>
        <extensions>
          <ns3:TrackPointExtension>
            <ns3:cad>87</ns3:cad>
          </ns3:TrackPointExtension>
        </extensions>
      </trkpt>
      <trkpt lat="30.42928886599838733673095703125" lon="120.2618688158690929412841796875">
        <ele>8.19999980926513671875</ele>
        <time>2024-09-02T13:11:05.000Z</time>
        <extensions>
          <ns3:TrackPointExtension>
            <ns3:cad>87</ns3:cad>
          </ns3:TrackPointExtension>
        </extensions>
      </trkpt>
      <trkpt lat="30.4292788915336132049560546875" lon="120.26184861548244953155517578125">
        <ele>8.3999996185302734375</ele>
        <time>2024-09-02T13:11:06.000Z</time>
        <extensions>
          <ns3:TrackPointExtension>
            <ns3:cad>87</ns3:cad>
          </ns3:TrackPointExtension>
        </extensions>
      </trkpt>
      <trkpt lat="30.429271347820758819580078125" lon="120.2618287503719329833984375">
        <ele>8.3999996185302734375</ele>
        <time>2024-09-02T13:11:07.000Z</time>
        <extensions>
          <ns3:TrackPointExtension>
            <ns3:cad>87</ns3:cad>
          </ns3:TrackPointExtension>
        </extensions>
      </trkpt>
      <trkpt lat="30.42926824651658535003662109375" lon="120.26180469430983066558837890625">
        <ele>8.3999996185302734375</ele>
        <time>2024-09-02T13:11:08.000Z</time>
        <extensions>
          <ns3:TrackPointExtension>
            <ns3:cad>87</ns3:cad>
          </ns3:TrackPointExtension>
        </extensions>
      </trkpt>
      <trkpt lat="30.4292634688317775726318359375" lon="120.2617746032774448394775390625">
        <ele>8.6000003814697265625</ele>
        <time>2024-09-02T13:11:09.000Z</time>
        <extensions>
          <ns3:TrackPointExtension>
            <ns3:cad>87</ns3:cad>
          </ns3:TrackPointExtension>
        </extensions>
      </trkpt>
      <trkpt lat="30.42925852350890636444091796875" lon="120.26176244951784610748291015625">
        <ele>8.6000003814697265625</ele>
        <time>2024-09-02T13:11:10.000Z</time>
        <extensions>
          <ns3:TrackPointExtension>
            <ns3:cad>87</ns3:cad>
          </ns3:TrackPointExtension>
        </extensions>
      </trkpt>
      <trkpt lat="30.42925399728119373321533203125" lon="120.2617444284260272979736328125">
        <ele>8.6000003814697265625</ele>
        <time>2024-09-02T13:11:11.000Z</time>
        <extensions>
          <ns3:TrackPointExtension>
            <ns3:cad>75</ns3:cad>
          </ns3:TrackPointExtension>
        </extensions>
      </trkpt>
      <trkpt lat="30.429246537387371063232421875" lon="120.26172724552452564239501953125">
        <ele>8.80000019073486328125</ele>
        <time>2024-09-02T13:11:12.000Z</time>
        <extensions>
          <ns3:TrackPointExtension>
            <ns3:cad>71</ns3:cad>
          </ns3:TrackPointExtension>
        </extensions>
      </trkpt>
      <trkpt lat="30.42923874221742153167724609375" lon="120.2617162652313709259033203125">
        <ele>8.80000019073486328125</ele>
        <time>2024-09-02T13:11:13.000Z</time>
        <extensions>
          <ns3:TrackPointExtension>
            <ns3:cad>71</ns3:cad>
          </ns3:TrackPointExtension>
        </extensions>
      </trkpt>
      <trkpt lat="30.4292322881519794464111328125" lon="120.26170545257627964019775390625">
        <ele>8.80000019073486328125</ele>
        <time>2024-09-02T13:11:14.000Z</time>
        <extensions>
          <ns3:TrackPointExtension>
            <ns3:cad>68</ns3:cad>
          </ns3:TrackPointExtension>
        </extensions>
      </trkpt>
      <trkpt lat="30.429224409162998199462890625" lon="120.26168667711317539215087890625">
        <ele>9</ele>
        <time>2024-09-02T13:11:15.000Z</time>
        <extensions>
          <ns3:TrackPointExtension>
            <ns3:cad>68</ns3:cad>
          </ns3:TrackPointExtension>
        </extensions>
      </trkpt>
      <trkpt lat="30.429218709468841552734375" lon="120.2616723440587520599365234375">
        <ele>9</ele>
        <time>2024-09-02T13:11:16.000Z</time>
        <extensions>
          <ns3:TrackPointExtension>
            <ns3:cad>68</ns3:cad>
          </ns3:TrackPointExtension>
        </extensions>
      </trkpt>
      <trkpt lat="30.42921041138470172882080078125" lon="120.261660777032375335693359375">
        <ele>9.19999980926513671875</ele>
        <time>2024-09-02T13:11:17.000Z</time>
        <extensions>
          <ns3:TrackPointExtension>
            <ns3:cad>67</ns3:cad>
          </ns3:TrackPointExtension>
        </extensions>
      </trkpt>
      <trkpt lat="30.42920731008052825927734375" lon="120.26164158247411251068115234375">
        <ele>9.19999980926513671875</ele>
        <time>2024-09-02T13:11:18.000Z</time>
        <extensions>
          <ns3:TrackPointExtension>
            <ns3:cad>67</ns3:cad>
          </ns3:TrackPointExtension>
        </extensions>
      </trkpt>
      <trkpt lat="30.42920538224279880523681640625" lon="120.261624567210674285888671875">
        <ele>9.19999980926513671875</ele>
        <time>2024-09-02T13:11:19.000Z</time>
        <extensions>
          <ns3:TrackPointExtension>
            <ns3:cad>67</ns3:cad>
          </ns3:TrackPointExtension>
        </extensions>
      </trkpt>
      <trkpt lat="30.42920060455799102783203125" lon="120.26159883476793766021728515625">
        <ele>9.19999980926513671875</ele>
        <time>2024-09-02T13:11:20.000Z</time>
        <extensions>
          <ns3:TrackPointExtension>
            <ns3:cad>67</ns3:cad>
          </ns3:TrackPointExtension>
        </extensions>
      </trkpt>
      <trkpt lat="30.42919524013996124267578125" lon="120.261586010456085205078125">
        <ele>9.19999980926513671875</ele>
        <time>2024-09-02T13:11:21.000Z</time>
        <extensions>
          <ns3:TrackPointExtension>
            <ns3:cad>67</ns3:cad>
          </ns3:TrackPointExtension>
        </extensions>
      </trkpt>
      <trkpt lat="30.429186858236789703369140625" lon="120.26157117448747158050537109375">
        <ele>9.3999996185302734375</ele>
        <time>2024-09-02T13:11:22.000Z</time>
        <extensions>
          <ns3:TrackPointExtension>
            <ns3:cad>68</ns3:cad>
          </ns3:TrackPointExtension>
        </extensions>
      </trkpt>
      <trkpt lat="30.42916783131659030914306640625" lon="120.26156044565141201019287109375">
        <ele>9.3999996185302734375</ele>
        <time>2024-09-02T13:11:23.000Z</time>
        <extensions>
          <ns3:TrackPointExtension>
            <ns3:cad>68</ns3:cad>
          </ns3:TrackPointExtension>
        </extensions>
      </trkpt>
      <trkpt lat="30.42916179634630680084228515625" lon="120.261537730693817138671875">
        <ele>9.3999996185302734375</ele>
        <time>2024-09-02T13:11:24.000Z</time>
        <extensions>
          <ns3:TrackPointExtension>
            <ns3:cad>68</ns3:cad>
          </ns3:TrackPointExtension>
        </extensions>
      </trkpt>
      <trkpt lat="30.4291518218815326690673828125" lon="120.26151400990784168243408203125">
        <ele>9.3999996185302734375</ele>
        <time>2024-09-02T13:11:25.000Z</time>
        <extensions>
          <ns3:TrackPointExtension>
            <ns3:cad>68</ns3:cad>
          </ns3:TrackPointExtension>
        </extensions>
      </trkpt>
      <trkpt lat="30.429138243198394775390625" lon="120.26148634962737560272216796875">
        <ele>9.6000003814697265625</ele>
        <time>2024-09-02T13:11:26.000Z</time>
        <extensions>
          <ns3:TrackPointExtension>
            <ns3:cad>68</ns3:cad>
          </ns3:TrackPointExtension>
        </extensions>
      </trkpt>
      <trkpt lat="30.42912952601909637451171875" lon="120.26146740652620792388916015625">
        <ele>9.6000003814697265625</ele>
        <time>2024-09-02T13:11:27.000Z</time>
        <extensions>
          <ns3:TrackPointExtension>
            <ns3:cad>68</ns3:cad>
          </ns3:TrackPointExtension>
        </extensions>
      </trkpt>
      <trkpt lat="30.42911745607852935791015625" lon="120.2614467032253742218017578125">
        <ele>9.6000003814697265625</ele>
        <time>2024-09-02T13:11:28.000Z</time>
        <extensions>
          <ns3:TrackPointExtension>
            <ns3:cad>68</ns3:cad>
          </ns3:TrackPointExtension>
        </extensions>
      </trkpt>
      <trkpt lat="30.4291008599102497100830078125" lon="120.26142532937228679656982421875">
        <ele>9.6000003814697265625</ele>
        <time>2024-09-02T13:11:29.000Z</time>
        <extensions>
          <ns3:TrackPointExtension>
            <ns3:cad>86</ns3:cad>
          </ns3:TrackPointExtension>
        </extensions>
      </trkpt>
      <trkpt lat="30.42908661067485809326171875" lon="120.26140219531953334808349609375">
        <ele>9.6000003814697265625</ele>
        <time>2024-09-02T13:11:30.000Z</time>
        <extensions>
          <ns3:TrackPointExtension>
            <ns3:cad>86</ns3:cad>
          </ns3:TrackPointExtension>
        </extensions>
      </trkpt>
      <trkpt lat="30.42907395400106906890869140625" lon="120.26138124056160449981689453125">
        <ele>9.6000003814697265625</ele>
        <time>2024-09-02T13:11:31.000Z</time>
        <extensions>
          <ns3:TrackPointExtension>
            <ns3:cad>87</ns3:cad>
          </ns3:TrackPointExtension>
        </extensions>
      </trkpt>
      <trkpt lat="30.42905978858470916748046875" lon="120.26136062107980251312255859375">
        <ele>9.6000003814697265625</ele>
        <time>2024-09-02T13:11:32.000Z</time>
        <extensions>
          <ns3:TrackPointExtension>
            <ns3:cad>87</ns3:cad>
          </ns3:TrackPointExtension>
        </extensions>
      </trkpt>
      <trkpt lat="30.429043360054492950439453125" lon="120.26133916340768337249755859375">
        <ele>9.80000019073486328125</ele>
        <time>2024-09-02T13:11:33.000Z</time>
        <extensions>
          <ns3:TrackPointExtension>
            <ns3:cad>88</ns3:cad>
          </ns3:TrackPointExtension>
        </extensions>
      </trkpt>
      <trkpt lat="30.429033301770687103271484375" lon="120.26130613870918750762939453125">
        <ele>9.6000003814697265625</ele>
        <time>2024-09-02T13:11:34.000Z</time>
        <extensions>
          <ns3:TrackPointExtension>
            <ns3:cad>88</ns3:cad>
          </ns3:TrackPointExtension>
        </extensions>
      </trkpt>
      <trkpt lat="30.42902500368654727935791015625" lon="120.26127554476261138916015625">
        <ele>9.6000003814697265625</ele>
        <time>2024-09-02T13:11:35.000Z</time>
        <extensions>
          <ns3:TrackPointExtension>
            <ns3:cad>87</ns3:cad>
          </ns3:TrackPointExtension>
        </extensions>
      </trkpt>
      <trkpt lat="30.429017879068851470947265625" lon="120.261255763471126556396484375">
        <ele>9.3999996185302734375</ele>
        <time>2024-09-02T13:11:36.000Z</time>
        <extensions>
          <ns3:TrackPointExtension>
            <ns3:cad>87</ns3:cad>
          </ns3:TrackPointExtension>
        </extensions>
      </trkpt>
      <trkpt lat="30.429009161889553070068359375" lon="120.26123573072254657745361328125">
        <ele>9.3999996185302734375</ele>
        <time>2024-09-02T13:11:37.000Z</time>
        <extensions>
          <ns3:TrackPointExtension>
            <ns3:cad>86</ns3:cad>
          </ns3:TrackPointExtension>
        </extensions>
      </trkpt>
      <trkpt lat="30.42900086380541324615478515625" lon="120.2612133510410785675048828125">
        <ele>9.19999980926513671875</ele>
        <time>2024-09-02T13:11:38.000Z</time>
        <extensions>
          <ns3:TrackPointExtension>
            <ns3:cad>86</ns3:cad>
          </ns3:TrackPointExtension>
        </extensions>
      </trkpt>
      <trkpt lat="30.42899273335933685302734375" lon="120.261197425425052642822265625">
        <ele>9.19999980926513671875</ele>
        <time>2024-09-02T13:11:39.000Z</time>
        <extensions>
          <ns3:TrackPointExtension>
            <ns3:cad>86</ns3:cad>
          </ns3:TrackPointExtension>
        </extensions>
      </trkpt>
      <trkpt lat="30.42898627929389476776123046875" lon="120.26118610985577106475830078125">
        <ele>9.19999980926513671875</ele>
        <time>2024-09-02T13:11:40.000Z</time>
        <extensions>
          <ns3:TrackPointExtension>
            <ns3:cad>86</ns3:cad>
          </ns3:TrackPointExtension>
        </extensions>
      </trkpt>
      <trkpt lat="30.42897990904748439788818359375" lon="120.26116557419300079345703125">
        <ele>9</ele>
        <time>2024-09-02T13:11:41.000Z</time>
        <extensions>
          <ns3:TrackPointExtension>
            <ns3:cad>73</ns3:cad>
          </ns3:TrackPointExtension>
        </extensions>
      </trkpt>
      <trkpt lat="30.42896993458271026611328125" lon="120.2611459605395793914794921875">
        <ele>9</ele>
        <time>2024-09-02T13:11:42.000Z</time>
        <extensions>
          <ns3:TrackPointExtension>
            <ns3:cad>71</ns3:cad>
          </ns3:TrackPointExtension>
        </extensions>
      </trkpt>
      <trkpt lat="30.42896146886050701141357421875" lon="120.261139757931232452392578125">
        <ele>9</ele>
        <time>2024-09-02T13:11:43.000Z</time>
        <extensions>
          <ns3:TrackPointExtension>
            <ns3:cad>71</ns3:cad>
          </ns3:TrackPointExtension>
        </extensions>
      </trkpt>
      <trkpt lat="30.4289530031383037567138671875" lon="120.26113741099834442138671875">
        <ele>9</ele>
        <time>2024-09-02T13:11:44.000Z</time>
        <extensions>
          <ns3:TrackPointExtension>
            <ns3:cad>68</ns3:cad>
          </ns3:TrackPointExtension>
        </extensions>
      </trkpt>
      <trkpt lat="30.42894286103546619415283203125" lon="120.26113414205610752105712890625">
        <ele>9.19999980926513671875</ele>
        <time>2024-09-02T13:11:45.000Z</time>
        <extensions>
          <ns3:TrackPointExtension>
            <ns3:cad>67</ns3:cad>
          </ns3:TrackPointExtension>
        </extensions>
      </trkpt>
      <trkpt lat="30.42893682606518268585205078125" lon="120.26112190447747707366943359375">
        <ele>9</ele>
        <time>2024-09-02T13:11:46.000Z</time>
        <extensions>
          <ns3:TrackPointExtension>
            <ns3:cad>67</ns3:cad>
          </ns3:TrackPointExtension>
        </extensions>
      </trkpt>
      <trkpt lat="30.42892894707620143890380859375" lon="120.261113941669464111328125">
        <ele>9</ele>
        <time>2024-09-02T13:11:47.000Z</time>
        <extensions>
          <ns3:TrackPointExtension>
            <ns3:cad>67</ns3:cad>
          </ns3:TrackPointExtension>
        </extensions>
      </trkpt>
      <trkpt lat="30.42891570366919040679931640625" lon="120.26109986007213592529296875">
        <ele>9</ele>
        <time>2024-09-02T13:11:48.000Z</time>
        <extensions>
          <ns3:TrackPointExtension>
            <ns3:cad>68</ns3:cad>
          </ns3:TrackPointExtension>
        </extensions>
      </trkpt>
      <trkpt lat="30.42890631593763828277587890625" lon="120.2610805816948413848876953125">
        <ele>9</ele>
        <time>2024-09-02T13:11:49.000Z</time>
        <extensions>
          <ns3:TrackPointExtension>
            <ns3:cad>68</ns3:cad>
          </ns3:TrackPointExtension>
        </extensions>
      </trkpt>
      <trkpt lat="30.4288933239877223968505859375" lon="120.2610643208026885986328125">
        <ele>9</ele>
        <time>2024-09-02T13:11:50.000Z</time>
        <extensions>
          <ns3:TrackPointExtension>
            <ns3:cad>68</ns3:cad>
          </ns3:TrackPointExtension>
        </extensions>
      </trkpt>
      <trkpt lat="30.4288779012858867645263671875" lon="120.26104378513991832733154296875">
        <ele>9</ele>
        <time>2024-09-02T13:11:51.000Z</time>
        <extensions>
          <ns3:TrackPointExtension>
            <ns3:cad>68</ns3:cad>
          </ns3:TrackPointExtension>
        </extensions>
      </trkpt>
      <trkpt lat="30.428862981498241424560546875" lon="120.26102249510586261749267578125">
        <ele>9</ele>
        <time>2024-09-02T13:11:52.000Z</time>
        <extensions>
          <ns3:TrackPointExtension>
            <ns3:cad>85</ns3:cad>
          </ns3:TrackPointExtension>
        </extensions>
      </trkpt>
      <trkpt lat="30.4288520850241184234619140625" lon="120.2610001154243946075439453125">
        <ele>9</ele>
        <time>2024-09-02T13:11:53.000Z</time>
        <extensions>
          <ns3:TrackPointExtension>
            <ns3:cad>86</ns3:cad>
          </ns3:TrackPointExtension>
        </extensions>
      </trkpt>
      <trkpt lat="30.428835488855838775634765625" lon="120.2609907276928424835205078125">
        <ele>9.19999980926513671875</ele>
        <time>2024-09-02T13:11:54.000Z</time>
        <extensions>
          <ns3:TrackPointExtension>
            <ns3:cad>85</ns3:cad>
          </ns3:TrackPointExtension>
        </extensions>
      </trkpt>
      <trkpt lat="30.428832136094570159912109375" lon="120.260971449315547943115234375">
        <ele>9.19999980926513671875</ele>
        <time>2024-09-02T13:11:55.000Z</time>
        <extensions>
          <ns3:TrackPointExtension>
            <ns3:cad>86</ns3:cad>
          </ns3:TrackPointExtension>
        </extensions>
      </trkpt>
      <trkpt lat="30.42881973087787628173828125" lon="120.260960720479488372802734375">
        <ele>9.19999980926513671875</ele>
        <time>2024-09-02T13:11:56.000Z</time>
        <extensions>
          <ns3:TrackPointExtension>
            <ns3:cad>86</ns3:cad>
          </ns3:TrackPointExtension>
        </extensions>
      </trkpt>
      <trkpt lat="30.42879936285316944122314453125" lon="120.26095711626112461090087890625">
        <ele>9.3999996185302734375</ele>
        <time>2024-09-02T13:11:57.000Z</time>
        <extensions>
          <ns3:TrackPointExtension>
            <ns3:cad>86</ns3:cad>
          </ns3:TrackPointExtension>
        </extensions>
      </trkpt>
      <trkpt lat="30.4287840239703655242919921875" lon="120.26095502078533172607421875">
        <ele>9.3999996185302734375</ele>
        <time>2024-09-02T13:11:58.000Z</time>
        <extensions>
          <ns3:TrackPointExtension>
            <ns3:cad>42</ns3:cad>
          </ns3:TrackPointExtension>
        </extensions>
      </trkpt>
      <trkpt lat="30.42877539061009883880615234375" lon="120.2609531767666339874267578125">
        <ele>9.6000003814697265625</ele>
        <time>2024-09-02T13:11:59.000Z</time>
        <extensions>
          <ns3:TrackPointExtension>
            <ns3:cad>42</ns3:cad>
          </ns3:TrackPointExtension>
        </extensions>
      </trkpt>
      <trkpt lat="30.4287665896117687225341796875" lon="120.2609397657215595245361328125">
        <ele>9.6000003814697265625</ele>
        <time>2024-09-02T13:12:00.000Z</time>
        <extensions>
          <ns3:TrackPointExtension>
            <ns3:cad>42</ns3:cad>
          </ns3:TrackPointExtension>
        </extensions>
      </trkpt>
      <trkpt lat="30.4287598840892314910888671875" lon="120.26093565858900547027587890625">
        <ele>9.6000003814697265625</ele>
        <time>2024-09-02T13:12:01.000Z</time>
        <extensions>
          <ns3:TrackPointExtension>
            <ns3:cad>69</ns3:cad>
          </ns3:TrackPointExtension>
        </extensions>
      </trkpt>
      <trkpt lat="30.4287561960518360137939453125" lon="120.26092509739100933074951171875">
        <ele>9.6000003814697265625</ele>
        <time>2024-09-02T13:12:02.000Z</time>
        <extensions>
          <ns3:TrackPointExtension>
            <ns3:cad>69</ns3:cad>
          </ns3:TrackPointExtension>
        </extensions>
      </trkpt>
      <trkpt lat="30.42876818217337131500244140625" lon="120.2608784101903438568115234375">
        <ele>9.6000003814697265625</ele>
        <time>2024-09-02T13:12:03.000Z</time>
        <extensions>
          <ns3:TrackPointExtension>
            <ns3:cad>67</ns3:cad>
          </ns3:TrackPointExtension>
        </extensions>
      </trkpt>
      <trkpt lat="30.4287722893059253692626953125" lon="120.26083541102707386016845703125">
        <ele>9.6000003814697265625</ele>
        <time>2024-09-02T13:12:04.000Z</time>
        <extensions>
          <ns3:TrackPointExtension>
            <ns3:cad>67</ns3:cad>
          </ns3:TrackPointExtension>
        </extensions>
      </trkpt>
      <trkpt lat="30.4287642426788806915283203125" lon="120.2608076669275760650634765625">
        <ele>9.6000003814697265625</ele>
        <time>2024-09-02T13:12:05.000Z</time>
        <extensions>
          <ns3:TrackPointExtension>
            <ns3:cad>67</ns3:cad>
          </ns3:TrackPointExtension>
        </extensions>
      </trkpt>
      <trkpt lat="30.428755022585391998291015625" lon="120.26078444905579090118408203125">
        <ele>9.6000003814697265625</ele>
        <time>2024-09-02T13:12:06.000Z</time>
        <extensions>
          <ns3:TrackPointExtension>
            <ns3:cad>67</ns3:cad>
          </ns3:TrackPointExtension>
        </extensions>
      </trkpt>
      <trkpt lat="30.42874471284449100494384765625" lon="120.2607758156955242156982421875">
        <ele>9.80000019073486328125</ele>
        <time>2024-09-02T13:12:07.000Z</time>
        <extensions>
          <ns3:TrackPointExtension>
            <ns3:cad>67</ns3:cad>
          </ns3:TrackPointExtension>
        </extensions>
      </trkpt>
      <trkpt lat="30.428736247122287750244140625" lon="120.260764919221401214599609375">
        <ele>9.80000019073486328125</ele>
        <time>2024-09-02T13:12:08.000Z</time>
        <extensions>
          <ns3:TrackPointExtension>
            <ns3:cad>67</ns3:cad>
          </ns3:TrackPointExtension>
        </extensions>
      </trkpt>
      <trkpt lat="30.42872359044849872589111328125" lon="120.2607553638517856597900390625">
        <ele>10</ele>
        <time>2024-09-02T13:12:09.000Z</time>
        <extensions>
          <ns3:TrackPointExtension>
            <ns3:cad>67</ns3:cad>
          </ns3:TrackPointExtension>
        </extensions>
      </trkpt>
      <trkpt lat="30.4287109337747097015380859375" lon="120.26074756868183612823486328125">
        <ele>10</ele>
        <time>2024-09-02T13:12:10.000Z</time>
        <extensions>
          <ns3:TrackPointExtension>
            <ns3:cad>67</ns3:cad>
          </ns3:TrackPointExtension>
        </extensions>
      </trkpt>
      <trkpt lat="30.42870364151895046234130859375" lon="120.26072611100971698760986328125">
        <ele>10</ele>
        <time>2024-09-02T13:12:11.000Z</time>
        <extensions>
          <ns3:TrackPointExtension>
            <ns3:cad>68</ns3:cad>
          </ns3:TrackPointExtension>
        </extensions>
      </trkpt>
      <trkpt lat="30.42869500815868377685546875" lon="120.26070289313793182373046875">
        <ele>10</ele>
        <time>2024-09-02T13:12:12.000Z</time>
        <extensions>
          <ns3:TrackPointExtension>
            <ns3:cad>68</ns3:cad>
          </ns3:TrackPointExtension>
        </extensions>
      </trkpt>
      <trkpt lat="30.428679920732975006103515625" lon="120.2606883086264133453369140625">
        <ele>10</ele>
        <time>2024-09-02T13:12:13.000Z</time>
        <extensions>
          <ns3:TrackPointExtension>
            <ns3:cad>68</ns3:cad>
          </ns3:TrackPointExtension>
        </extensions>
      </trkpt>
      <trkpt lat="30.428671203553676605224609375" lon="120.26067280210554599761962890625">
        <ele>10</ele>
        <time>2024-09-02T13:12:14.000Z</time>
        <extensions>
          <ns3:TrackPointExtension>
            <ns3:cad>68</ns3:cad>
          </ns3:TrackPointExtension>
        </extensions>
      </trkpt>
      <trkpt lat="30.42866055853664875030517578125" lon="120.26065520010888576507568359375">
        <ele>10</ele>
        <time>2024-09-02T13:12:15.000Z</time>
        <extensions>
          <ns3:TrackPointExtension>
            <ns3:cad>68</ns3:cad>
          </ns3:TrackPointExtension>
        </extensions>
      </trkpt>
      <trkpt lat="30.42865351773798465728759765625" lon="120.2606360055506229400634765625">
        <ele>10</ele>
        <time>2024-09-02T13:12:16.000Z</time>
        <extensions>
          <ns3:TrackPointExtension>
            <ns3:cad>67</ns3:cad>
          </ns3:TrackPointExtension>
        </extensions>
      </trkpt>
      <trkpt lat="30.42864739894866943359375" lon="120.2606110274791717529296875">
        <ele>10</ele>
        <time>2024-09-02T13:12:17.000Z</time>
        <extensions>
          <ns3:TrackPointExtension>
            <ns3:cad>67</ns3:cad>
          </ns3:TrackPointExtension>
        </extensions>
      </trkpt>
      <trkpt lat="30.4286368377506732940673828125" lon="120.26059736497700214385986328125">
        <ele>10</ele>
        <time>2024-09-02T13:12:18.000Z</time>
        <extensions>
          <ns3:TrackPointExtension>
            <ns3:cad>68</ns3:cad>
          </ns3:TrackPointExtension>
        </extensions>
      </trkpt>
      <trkpt lat="30.4286318086087703704833984375" lon="120.2605810202658176422119140625">
        <ele>10</ele>
        <time>2024-09-02T13:12:19.000Z</time>
        <extensions>
          <ns3:TrackPointExtension>
            <ns3:cad>68</ns3:cad>
          </ns3:TrackPointExtension>
        </extensions>
      </trkpt>
      <trkpt lat="30.42862317524850368499755859375" lon="120.26056098751723766326904296875">
        <ele>10</ele>
        <time>2024-09-02T13:12:20.000Z</time>
        <extensions>
          <ns3:TrackPointExtension>
            <ns3:cad>68</ns3:cad>
          </ns3:TrackPointExtension>
        </extensions>
      </trkpt>
      <trkpt lat="30.42860523797571659088134765625" lon="120.2605431340634822845458984375">
        <ele>10</ele>
        <time>2024-09-02T13:12:21.000Z</time>
        <extensions>
          <ns3:TrackPointExtension>
            <ns3:cad>79</ns3:cad>
          </ns3:TrackPointExtension>
        </extensions>
      </trkpt>
      <trkpt lat="30.42859576642513275146484375" lon="120.26051991619169712066650390625">
        <ele>10</ele>
        <time>2024-09-02T13:12:22.000Z</time>
        <extensions>
          <ns3:TrackPointExtension>
            <ns3:cad>79</ns3:cad>
          </ns3:TrackPointExtension>
        </extensions>
      </trkpt>
      <trkpt lat="30.42858897708356380462646484375" lon="120.26049636304378509521484375">
        <ele>10</ele>
        <time>2024-09-02T13:12:23.000Z</time>
        <extensions>
          <ns3:TrackPointExtension>
            <ns3:cad>79</ns3:cad>
          </ns3:TrackPointExtension>
        </extensions>
      </trkpt>
      <trkpt lat="30.428580343723297119140625" lon="120.26046685874462127685546875">
        <ele>10</ele>
        <time>2024-09-02T13:12:24.000Z</time>
        <extensions>
          <ns3:TrackPointExtension>
            <ns3:cad>86</ns3:cad>
          </ns3:TrackPointExtension>
        </extensions>
      </trkpt>
      <trkpt lat="30.42856919579207897186279296875" lon="120.26044028811156749725341796875">
        <ele>9.80000019073486328125</ele>
        <time>2024-09-02T13:12:25.000Z</time>
        <extensions>
          <ns3:TrackPointExtension>
            <ns3:cad>87</ns3:cad>
          </ns3:TrackPointExtension>
        </extensions>
      </trkpt>
      <trkpt lat="30.428558886051177978515625" lon="120.26041329838335514068603515625">
        <ele>9.6000003814697265625</ele>
        <time>2024-09-02T13:12:26.000Z</time>
        <extensions>
          <ns3:TrackPointExtension>
            <ns3:cad>87</ns3:cad>
          </ns3:TrackPointExtension>
        </extensions>
      </trkpt>
      <trkpt lat="30.42854639701545238494873046875" lon="120.26039200834929943084716796875">
        <ele>9.6000003814697265625</ele>
        <time>2024-09-02T13:12:27.000Z</time>
        <extensions>
          <ns3:TrackPointExtension>
            <ns3:cad>88</ns3:cad>
          </ns3:TrackPointExtension>
        </extensions>
      </trkpt>
      <trkpt lat="30.42853130958974361419677734375" lon="120.26036887429654598236083984375">
        <ele>9.3999996185302734375</ele>
        <time>2024-09-02T13:12:28.000Z</time>
        <extensions>
          <ns3:TrackPointExtension>
            <ns3:cad>88</ns3:cad>
          </ns3:TrackPointExtension>
        </extensions>
      </trkpt>
      <trkpt lat="30.42851421050727367401123046875" lon="120.26034775190055370330810546875">
        <ele>9.3999996185302734375</ele>
        <time>2024-09-02T13:12:29.000Z</time>
        <extensions>
          <ns3:TrackPointExtension>
            <ns3:cad>88</ns3:cad>
          </ns3:TrackPointExtension>
        </extensions>
      </trkpt>
      <trkpt lat="30.428500883281230926513671875" lon="120.26032277382910251617431640625">
        <ele>9.19999980926513671875</ele>
        <time>2024-09-02T13:12:30.000Z</time>
        <extensions>
          <ns3:TrackPointExtension>
            <ns3:cad>88</ns3:cad>
          </ns3:TrackPointExtension>
        </extensions>
      </trkpt>
      <trkpt lat="30.4284906573593616485595703125" lon="120.26029963977634906768798828125">
        <ele>9</ele>
        <time>2024-09-02T13:12:31.000Z</time>
        <extensions>
          <ns3:TrackPointExtension>
            <ns3:cad>88</ns3:cad>
          </ns3:TrackPointExtension>
        </extensions>
      </trkpt>
      <trkpt lat="30.42847783304750919342041015625" lon="120.2602765895426273345947265625">
        <ele>9</ele>
        <time>2024-09-02T13:12:32.000Z</time>
        <extensions>
          <ns3:TrackPointExtension>
            <ns3:cad>89</ns3:cad>
          </ns3:TrackPointExtension>
        </extensions>
      </trkpt>
      <trkpt lat="30.42846777476370334625244140625" lon="120.26026032865047454833984375">
        <ele>8.80000019073486328125</ele>
        <time>2024-09-02T13:12:33.000Z</time>
        <extensions>
          <ns3:TrackPointExtension>
            <ns3:cad>89</ns3:cad>
          </ns3:TrackPointExtension>
        </extensions>
      </trkpt>
      <trkpt lat="30.4284604825079441070556640625" lon="120.2602422237396240234375">
        <ele>8.80000019073486328125</ele>
        <time>2024-09-02T13:12:34.000Z</time>
        <extensions>
          <ns3:TrackPointExtension>
            <ns3:cad>89</ns3:cad>
          </ns3:TrackPointExtension>
        </extensions>
      </trkpt>
      <trkpt lat="30.42846190743148326873779296875" lon="120.26022403500974178314208984375">
        <ele>8.6000003814697265625</ele>
        <time>2024-09-02T13:12:35.000Z</time>
        <extensions>
          <ns3:TrackPointExtension>
            <ns3:cad>87</ns3:cad>
          </ns3:TrackPointExtension>
        </extensions>
      </trkpt>
      <trkpt lat="30.4284628294408321380615234375" lon="120.2602038346230983734130859375">
        <ele>8.3999996185302734375</ele>
        <time>2024-09-02T13:12:36.000Z</time>
        <extensions>
          <ns3:TrackPointExtension>
            <ns3:cad>0</ns3:cad>
          </ns3:TrackPointExtension>
        </extensions>
      </trkpt>
      <trkpt lat="30.42846878059208393096923828125" lon="120.26017986238002777099609375">
        <ele>8.3999996185302734375</ele>
        <time>2024-09-02T13:12:37.000Z</time>
        <extensions>
          <ns3:TrackPointExtension>
            <ns3:cad>0</ns3:cad>
          </ns3:TrackPointExtension>
        </extensions>
      </trkpt>
      <trkpt lat="30.42846878059208393096923828125" lon="120.260164104402065277099609375">
        <ele>8.19999980926513671875</ele>
        <time>2024-09-02T13:12:38.000Z</time>
        <extensions>
          <ns3:TrackPointExtension>
            <ns3:cad>0</ns3:cad>
          </ns3:TrackPointExtension>
        </extensions>
      </trkpt>
      <trkpt lat="30.4284581355750560760498046875" lon="120.26013954542577266693115234375">
        <ele>8.19999980926513671875</ele>
        <time>2024-09-02T13:12:39.000Z</time>
        <extensions>
          <ns3:TrackPointExtension>
            <ns3:cad>0</ns3:cad>
          </ns3:TrackPointExtension>
        </extensions>
      </trkpt>
      <trkpt lat="30.42845453135669231414794921875" lon="120.260116495192050933837890625">
        <ele>8.19999980926513671875</ele>
        <time>2024-09-02T13:12:40.000Z</time>
        <extensions>
          <ns3:TrackPointExtension>
            <ns3:cad>0</ns3:cad>
          </ns3:TrackPointExtension>
        </extensions>
      </trkpt>
      <trkpt lat="30.42843944393098354339599609375" lon="120.26008824817836284637451171875">
        <ele>8.19999980926513671875</ele>
        <time>2024-09-02T13:12:41.000Z</time>
        <extensions>
          <ns3:TrackPointExtension>
            <ns3:cad>88</ns3:cad>
          </ns3:TrackPointExtension>
        </extensions>
      </trkpt>
      <trkpt lat="30.42843022383749485015869140625" lon="120.26006058789789676666259765625">
        <ele>8</ele>
        <time>2024-09-02T13:12:42.000Z</time>
        <extensions>
          <ns3:TrackPointExtension>
            <ns3:cad>88</ns3:cad>
          </ns3:TrackPointExtension>
        </extensions>
      </trkpt>
      <trkpt lat="30.4284179024398326873779296875" lon="120.26003410108387470245361328125">
        <ele>8</ele>
        <time>2024-09-02T13:12:43.000Z</time>
        <extensions>
          <ns3:TrackPointExtension>
            <ns3:cad>88</ns3:cad>
          </ns3:TrackPointExtension>
        </extensions>
      </trkpt>
      <trkpt lat="30.4284162260591983795166015625" lon="120.259977690875530242919921875">
        <ele>7.80000019073486328125</ele>
        <time>2024-09-02T13:12:44.000Z</time>
        <extensions>
          <ns3:TrackPointExtension>
            <ns3:cad>89</ns3:cad>
          </ns3:TrackPointExtension>
        </extensions>
      </trkpt>
      <trkpt lat="30.428403317928314208984375" lon="120.25995028205215930938720703125">
        <ele>7.80000019073486328125</ele>
        <time>2024-09-02T13:12:45.000Z</time>
        <extensions>
          <ns3:TrackPointExtension>
            <ns3:cad>89</ns3:cad>
          </ns3:TrackPointExtension>
        </extensions>
      </trkpt>
      <trkpt lat="30.42839904315769672393798828125" lon="120.25991993956267833709716796875">
        <ele>7.599999904632568359375</ele>
        <time>2024-09-02T13:12:46.000Z</time>
        <extensions>
          <ns3:TrackPointExtension>
            <ns3:cad>89</ns3:cad>
          </ns3:TrackPointExtension>
        </extensions>
      </trkpt>
      <trkpt lat="30.42838060297071933746337890625" lon="120.25990636087954044342041015625">
        <ele>7.599999904632568359375</ele>
        <time>2024-09-02T13:12:47.000Z</time>
        <extensions>
          <ns3:TrackPointExtension>
            <ns3:cad>89</ns3:cad>
          </ns3:TrackPointExtension>
        </extensions>
      </trkpt>
      <trkpt lat="30.4283635877072811126708984375" lon="120.259897895157337188720703125">
        <ele>7.80000019073486328125</ele>
        <time>2024-09-02T13:12:48.000Z</time>
        <extensions>
          <ns3:TrackPointExtension>
            <ns3:cad>89</ns3:cad>
          </ns3:TrackPointExtension>
        </extensions>
      </trkpt>
      <trkpt lat="30.42836266569793224334716796875" lon="120.2598819695413112640380859375">
        <ele>7.80000019073486328125</ele>
        <time>2024-09-02T13:12:49.000Z</time>
        <extensions>
          <ns3:TrackPointExtension>
            <ns3:cad>89</ns3:cad>
          </ns3:TrackPointExtension>
        </extensions>
      </trkpt>
      <trkpt lat="30.42836249805986881256103515625" lon="120.25985757820308208465576171875">
        <ele>7.80000019073486328125</ele>
        <time>2024-09-02T13:12:50.000Z</time>
        <extensions>
          <ns3:TrackPointExtension>
            <ns3:cad>89</ns3:cad>
          </ns3:TrackPointExtension>
        </extensions>
      </trkpt>
      <trkpt lat="30.4283572174608707427978515625" lon="120.25983695872128009796142578125">
        <ele>7.80000019073486328125</ele>
        <time>2024-09-02T13:12:51.000Z</time>
        <extensions>
          <ns3:TrackPointExtension>
            <ns3:cad>89</ns3:cad>
          </ns3:TrackPointExtension>
        </extensions>
      </trkpt>
      <trkpt lat="30.428357385098934173583984375" lon="120.2598197758197784423828125">
        <ele>7.80000019073486328125</ele>
        <time>2024-09-02T13:12:52.000Z</time>
        <extensions>
          <ns3:TrackPointExtension>
            <ns3:cad>69</ns3:cad>
          </ns3:TrackPointExtension>
        </extensions>
      </trkpt>
      <trkpt lat="30.42835881002247333526611328125" lon="120.25980158708989620208740234375">
        <ele>7.80000019073486328125</ele>
        <time>2024-09-02T13:12:53.000Z</time>
        <extensions>
          <ns3:TrackPointExtension>
            <ns3:cad>69</ns3:cad>
          </ns3:TrackPointExtension>
        </extensions>
      </trkpt>
      <trkpt lat="30.428350009024143218994140625" lon="120.259788595139980316162109375">
        <ele>7.80000019073486328125</ele>
        <time>2024-09-02T13:12:54.000Z</time>
        <extensions>
          <ns3:TrackPointExtension>
            <ns3:cad>66</ns3:cad>
          </ns3:TrackPointExtension>
        </extensions>
      </trkpt>
      <trkpt lat="30.42834187857806682586669921875" lon="120.25977082550525665283203125">
        <ele>7.80000019073486328125</ele>
        <time>2024-09-02T13:12:55.000Z</time>
        <extensions>
          <ns3:TrackPointExtension>
            <ns3:cad>65</ns3:cad>
          </ns3:TrackPointExtension>
        </extensions>
      </trkpt>
      <trkpt lat="30.4283320717513561248779296875" lon="120.25974936783313751220703125">
        <ele>7.80000019073486328125</ele>
        <time>2024-09-02T13:12:56.000Z</time>
        <extensions>
          <ns3:TrackPointExtension>
            <ns3:cad>65</ns3:cad>
          </ns3:TrackPointExtension>
        </extensions>
      </trkpt>
      <trkpt lat="30.42832075618207454681396484375" lon="120.25973117910325527191162109375">
        <ele>8</ele>
        <time>2024-09-02T13:12:57.000Z</time>
        <extensions>
          <ns3:TrackPointExtension>
            <ns3:cad>66</ns3:cad>
          </ns3:TrackPointExtension>
        </extensions>
      </trkpt>
      <trkpt lat="30.42830784805119037628173828125" lon="120.25971726514399051666259765625">
        <ele>8</ele>
        <time>2024-09-02T13:12:58.000Z</time>
        <extensions>
          <ns3:TrackPointExtension>
            <ns3:cad>66</ns3:cad>
          </ns3:TrackPointExtension>
        </extensions>
      </trkpt>
      <trkpt lat="30.42830667458474636077880859375" lon="120.2597039379179477691650390625">
        <ele>8</ele>
        <time>2024-09-02T13:12:59.000Z</time>
        <extensions>
          <ns3:TrackPointExtension>
            <ns3:cad>67</ns3:cad>
          </ns3:TrackPointExtension>
        </extensions>
      </trkpt>
      <trkpt lat="30.4282941855490207672119140625" lon="120.25968977250158786773681640625">
        <ele>8</ele>
        <time>2024-09-02T13:13:00.000Z</time>
        <extensions>
          <ns3:TrackPointExtension>
            <ns3:cad>67</ns3:cad>
          </ns3:TrackPointExtension>
        </extensions>
      </trkpt>
      <trkpt lat="30.428274236619472503662109375" lon="120.25967250578105449676513671875">
        <ele>8.19999980926513671875</ele>
        <time>2024-09-02T13:13:01.000Z</time>
        <extensions>
          <ns3:TrackPointExtension>
            <ns3:cad>83</ns3:cad>
          </ns3:TrackPointExtension>
        </extensions>
      </trkpt>
      <trkpt lat="30.42824666015803813934326171875" lon="120.2596561610698699951171875">
        <ele>8.3999996185302734375</ele>
        <time>2024-09-02T13:13:02.000Z</time>
        <extensions>
          <ns3:TrackPointExtension>
            <ns3:cad>83</ns3:cad>
          </ns3:TrackPointExtension>
        </extensions>
      </trkpt>
      <trkpt lat="30.428227968513965606689453125" lon="120.25963143445551395416259765625">
        <ele>8.3999996185302734375</ele>
        <time>2024-09-02T13:13:03.000Z</time>
        <extensions>
          <ns3:TrackPointExtension>
            <ns3:cad>83</ns3:cad>
          </ns3:TrackPointExtension>
        </extensions>
      </trkpt>
      <trkpt lat="30.4282167367637157440185546875" lon="120.25959941558539867401123046875">
        <ele>8.6000003814697265625</ele>
        <time>2024-09-02T13:13:04.000Z</time>
        <extensions>
          <ns3:TrackPointExtension>
            <ns3:cad>83</ns3:cad>
          </ns3:TrackPointExtension>
        </extensions>
      </trkpt>
      <trkpt lat="30.428199470043182373046875" lon="120.25956965982913970947265625">
        <ele>8.6000003814697265625</ele>
        <time>2024-09-02T13:13:05.000Z</time>
        <extensions>
          <ns3:TrackPointExtension>
            <ns3:cad>88</ns3:cad>
          </ns3:TrackPointExtension>
        </extensions>
      </trkpt>
      <trkpt lat="30.42818329297006130218505859375" lon="120.25954149663448333740234375">
        <ele>8.80000019073486328125</ele>
        <time>2024-09-02T13:13:06.000Z</time>
        <extensions>
          <ns3:TrackPointExtension>
            <ns3:cad>88</ns3:cad>
          </ns3:TrackPointExtension>
        </extensions>
      </trkpt>
      <trkpt lat="30.4281647689640522003173828125" lon="120.25951878167688846588134765625">
        <ele>9</ele>
        <time>2024-09-02T13:13:07.000Z</time>
        <extensions>
          <ns3:TrackPointExtension>
            <ns3:cad>88</ns3:cad>
          </ns3:TrackPointExtension>
        </extensions>
      </trkpt>
      <trkpt lat="30.42815378867089748382568359375" lon="120.25949430651962757110595703125">
        <ele>9</ele>
        <time>2024-09-02T13:13:08.000Z</time>
        <extensions>
          <ns3:TrackPointExtension>
            <ns3:cad>88</ns3:cad>
          </ns3:TrackPointExtension>
        </extensions>
      </trkpt>
      <trkpt lat="30.42813635431230068206787109375" lon="120.259468741714954376220703125">
        <ele>9.19999980926513671875</ele>
        <time>2024-09-02T13:13:09.000Z</time>
        <extensions>
          <ns3:TrackPointExtension>
            <ns3:cad>88</ns3:cad>
          </ns3:TrackPointExtension>
        </extensions>
      </trkpt>
      <trkpt lat="30.42811774648725986480712890625" lon="120.25944451801478862762451171875">
        <ele>9.3999996185302734375</ele>
        <time>2024-09-02T13:13:10.000Z</time>
        <extensions>
          <ns3:TrackPointExtension>
            <ns3:cad>88</ns3:cad>
          </ns3:TrackPointExtension>
        </extensions>
      </trkpt>
      <trkpt lat="30.4281007312238216400146484375" lon="120.25942222215235233306884765625">
        <ele>9.3999996185302734375</ele>
        <time>2024-09-02T13:13:11.000Z</time>
        <extensions>
          <ns3:TrackPointExtension>
            <ns3:cad>87</ns3:cad>
          </ns3:TrackPointExtension>
        </extensions>
      </trkpt>
      <trkpt lat="30.4280827939510345458984375" lon="120.25940227322280406951904296875">
        <ele>9.6000003814697265625</ele>
        <time>2024-09-02T13:13:12.000Z</time>
        <extensions>
          <ns3:TrackPointExtension>
            <ns3:cad>87</ns3:cad>
          </ns3:TrackPointExtension>
        </extensions>
      </trkpt>
      <trkpt lat="30.4280682094395160675048828125" lon="120.25938165374100208282470703125">
        <ele>9.80000019073486328125</ele>
        <time>2024-09-02T13:13:13.000Z</time>
        <extensions>
          <ns3:TrackPointExtension>
            <ns3:cad>87</ns3:cad>
          </ns3:TrackPointExtension>
        </extensions>
      </trkpt>
      <trkpt lat="30.42805287055671215057373046875" lon="120.25935851968824863433837890625">
        <ele>9.80000019073486328125</ele>
        <time>2024-09-02T13:13:14.000Z</time>
        <extensions>
          <ns3:TrackPointExtension>
            <ns3:cad>87</ns3:cad>
          </ns3:TrackPointExtension>
        </extensions>
      </trkpt>
      <trkpt lat="30.4280346818268299102783203125" lon="120.25933857075870037078857421875">
        <ele>9.80000019073486328125</ele>
        <time>2024-09-02T13:13:15.000Z</time>
        <extensions>
          <ns3:TrackPointExtension>
            <ns3:cad>87</ns3:cad>
          </ns3:TrackPointExtension>
        </extensions>
      </trkpt>
      <trkpt lat="30.42801967822015285491943359375" lon="120.25931342504918575286865234375">
        <ele>9.80000019073486328125</ele>
        <time>2024-09-02T13:13:16.000Z</time>
        <extensions>
          <ns3:TrackPointExtension>
            <ns3:cad>87</ns3:cad>
          </ns3:TrackPointExtension>
        </extensions>
      </trkpt>
      <trkpt lat="30.42800509370863437652587890625" lon="120.25929112918674945831298828125">
        <ele>9.80000019073486328125</ele>
        <time>2024-09-02T13:13:17.000Z</time>
        <extensions>
          <ns3:TrackPointExtension>
            <ns3:cad>87</ns3:cad>
          </ns3:TrackPointExtension>
        </extensions>
      </trkpt>
      <trkpt lat="30.42799470014870166778564453125" lon="120.259260199964046478271484375">
        <ele>9.6000003814697265625</ele>
        <time>2024-09-02T13:13:18.000Z</time>
        <extensions>
          <ns3:TrackPointExtension>
            <ns3:cad>87</ns3:cad>
          </ns3:TrackPointExtension>
        </extensions>
      </trkpt>
      <trkpt lat="30.42798397131264209747314453125" lon="120.2592311985790729522705078125">
        <ele>9.3999996185302734375</ele>
        <time>2024-09-02T13:13:19.000Z</time>
        <extensions>
          <ns3:TrackPointExtension>
            <ns3:cad>87</ns3:cad>
          </ns3:TrackPointExtension>
        </extensions>
      </trkpt>
      <trkpt lat="30.427971147000789642333984375" lon="120.25920529849827289581298828125">
        <ele>9.19999980926513671875</ele>
        <time>2024-09-02T13:13:20.000Z</time>
        <extensions>
          <ns3:TrackPointExtension>
            <ns3:cad>87</ns3:cad>
          </ns3:TrackPointExtension>
        </extensions>
      </trkpt>
      <trkpt lat="30.4279594123363494873046875" lon="120.25918476283550262451171875">
        <ele>9.19999980926513671875</ele>
        <time>2024-09-02T13:13:21.000Z</time>
        <extensions>
          <ns3:TrackPointExtension>
            <ns3:cad>88</ns3:cad>
          </ns3:TrackPointExtension>
        </extensions>
      </trkpt>
      <trkpt lat="30.4279471747577190399169921875" lon="120.25915802456438541412353515625">
        <ele>9</ele>
        <time>2024-09-02T13:13:22.000Z</time>
        <extensions>
          <ns3:TrackPointExtension>
            <ns3:cad>88</ns3:cad>
          </ns3:TrackPointExtension>
        </extensions>
      </trkpt>
      <trkpt lat="30.42793720029294490814208984375" lon="120.2591366507112979888916015625">
        <ele>8.80000019073486328125</ele>
        <time>2024-09-02T13:13:23.000Z</time>
        <extensions>
          <ns3:TrackPointExtension>
            <ns3:cad>88</ns3:cad>
          </ns3:TrackPointExtension>
        </extensions>
      </trkpt>
      <trkpt lat="30.4279257170855998992919921875" lon="120.25911175645887851715087890625">
        <ele>8.80000019073486328125</ele>
        <time>2024-09-02T13:13:24.000Z</time>
        <extensions>
          <ns3:TrackPointExtension>
            <ns3:cad>88</ns3:cad>
          </ns3:TrackPointExtension>
        </extensions>
      </trkpt>
      <trkpt lat="30.42791456915438175201416015625" lon="120.25908677838742733001708984375">
        <ele>8.6000003814697265625</ele>
        <time>2024-09-02T13:13:25.000Z</time>
        <extensions>
          <ns3:TrackPointExtension>
            <ns3:cad>88</ns3:cad>
          </ns3:TrackPointExtension>
        </extensions>
      </trkpt>
      <trkpt lat="30.42790333740413188934326171875" lon="120.2590595372021198272705078125">
        <ele>8.6000003814697265625</ele>
        <time>2024-09-02T13:13:26.000Z</time>
        <extensions>
          <ns3:TrackPointExtension>
            <ns3:cad>89</ns3:cad>
          </ns3:TrackPointExtension>
        </extensions>
      </trkpt>
      <trkpt lat="30.42789034545421600341796875" lon="120.25903455913066864013671875">
        <ele>8.3999996185302734375</ele>
        <time>2024-09-02T13:13:27.000Z</time>
        <extensions>
          <ns3:TrackPointExtension>
            <ns3:cad>89</ns3:cad>
          </ns3:TrackPointExtension>
        </extensions>
      </trkpt>
      <trkpt lat="30.4278762638568878173828125" lon="120.25900513865053653717041015625">
        <ele>8.19999980926513671875</ele>
        <time>2024-09-02T13:13:28.000Z</time>
        <extensions>
          <ns3:TrackPointExtension>
            <ns3:cad>89</ns3:cad>
          </ns3:TrackPointExtension>
        </extensions>
      </trkpt>
      <trkpt lat="30.42786444537341594696044921875" lon="120.258979238569736480712890625">
        <ele>8</ele>
        <time>2024-09-02T13:13:29.000Z</time>
        <extensions>
          <ns3:TrackPointExtension>
            <ns3:cad>89</ns3:cad>
          </ns3:TrackPointExtension>
        </extensions>
      </trkpt>
      <trkpt lat="30.4278512857854366302490234375" lon="120.2589539252221584320068359375">
        <ele>8</ele>
        <time>2024-09-02T13:13:30.000Z</time>
        <extensions>
          <ns3:TrackPointExtension>
            <ns3:cad>89</ns3:cad>
          </ns3:TrackPointExtension>
        </extensions>
      </trkpt>
      <trkpt lat="30.427837707102298736572265625" lon="120.25893053971230983734130859375">
        <ele>7.80000019073486328125</ele>
        <time>2024-09-02T13:13:31.000Z</time>
        <extensions>
          <ns3:TrackPointExtension>
            <ns3:cad>88</ns3:cad>
          </ns3:TrackPointExtension>
        </extensions>
      </trkpt>
      <trkpt lat="30.4278251342475414276123046875" lon="120.2589083276689052581787109375">
        <ele>7.599999904632568359375</ele>
        <time>2024-09-02T13:13:32.000Z</time>
        <extensions>
          <ns3:TrackPointExtension>
            <ns3:cad>87</ns3:cad>
          </ns3:TrackPointExtension>
        </extensions>
      </trkpt>
      <trkpt lat="30.427814908325672149658203125" lon="120.2588858641684055328369140625">
        <ele>7.599999904632568359375</ele>
        <time>2024-09-02T13:13:33.000Z</time>
        <extensions>
          <ns3:TrackPointExtension>
            <ns3:cad>87</ns3:cad>
          </ns3:TrackPointExtension>
        </extensions>
      </trkpt>
      <trkpt lat="30.427806191146373748779296875" lon="120.25886633433401584625244140625">
        <ele>7.400000095367431640625</ele>
        <time>2024-09-02T13:13:34.000Z</time>
        <extensions>
          <ns3:TrackPointExtension>
            <ns3:cad>88</ns3:cad>
          </ns3:TrackPointExtension>
        </extensions>
      </trkpt>
      <trkpt lat="30.42779789306223392486572265625" lon="120.25884814560413360595703125">
        <ele>7.400000095367431640625</ele>
        <time>2024-09-02T13:13:35.000Z</time>
        <extensions>
          <ns3:TrackPointExtension>
            <ns3:cad>88</ns3:cad>
          </ns3:TrackPointExtension>
        </extensions>
      </trkpt>
      <trkpt lat="30.427791438996791839599609375" lon="120.25883213616907596588134765625">
        <ele>7.19999980926513671875</ele>
        <time>2024-09-02T13:13:36.000Z</time>
        <extensions>
          <ns3:TrackPointExtension>
            <ns3:cad>88</ns3:cad>
          </ns3:TrackPointExtension>
        </extensions>
      </trkpt>
      <trkpt lat="30.42778599075973033905029296875" lon="120.25881906040012836456298828125">
        <ele>7.19999980926513671875</ele>
        <time>2024-09-02T13:13:37.000Z</time>
        <extensions>
          <ns3:TrackPointExtension>
            <ns3:cad>88</ns3:cad>
          </ns3:TrackPointExtension>
        </extensions>
      </trkpt>
      <trkpt lat="30.42777794413268566131591796875" lon="120.25880246423184871673583984375">
        <ele>7.19999980926513671875</ele>
        <time>2024-09-02T13:13:38.000Z</time>
        <extensions>
          <ns3:TrackPointExtension>
            <ns3:cad>88</ns3:cad>
          </ns3:TrackPointExtension>
        </extensions>
      </trkpt>
      <trkpt lat="30.42777040041983127593994140625" lon="120.2587852813303470611572265625">
        <ele>7.19999980926513671875</ele>
        <time>2024-09-02T13:13:39.000Z</time>
        <extensions>
          <ns3:TrackPointExtension>
            <ns3:cad>88</ns3:cad>
          </ns3:TrackPointExtension>
        </extensions>
      </trkpt>
      <trkpt lat="30.42776436544954776763916015625" lon="120.25876910425722599029541015625">
        <ele>7</ele>
        <time>2024-09-02T13:13:40.000Z</time>
        <extensions>
          <ns3:TrackPointExtension>
            <ns3:cad>88</ns3:cad>
          </ns3:TrackPointExtension>
        </extensions>
      </trkpt>
      <trkpt lat="30.42775816284120082855224609375" lon="120.25875451974570751190185546875">
        <ele>7</ele>
        <time>2024-09-02T13:13:41.000Z</time>
        <extensions>
          <ns3:TrackPointExtension>
            <ns3:cad>88</ns3:cad>
          </ns3:TrackPointExtension>
        </extensions>
      </trkpt>
      <trkpt lat="30.4277502000331878662109375" lon="120.258741192519664764404296875">
        <ele>7</ele>
        <time>2024-09-02T13:13:42.000Z</time>
        <extensions>
          <ns3:TrackPointExtension>
            <ns3:cad>88</ns3:cad>
          </ns3:TrackPointExtension>
        </extensions>
      </trkpt>
      <trkpt lat="30.42774391360580921173095703125" lon="120.25872753001749515533447265625">
        <ele>7</ele>
        <time>2024-09-02T13:13:43.000Z</time>
        <extensions>
          <ns3:TrackPointExtension>
            <ns3:cad>66</ns3:cad>
          </ns3:TrackPointExtension>
        </extensions>
      </trkpt>
      <trkpt lat="30.42774005793035030364990234375" lon="120.25871529243886470794677734375">
        <ele>7</ele>
        <time>2024-09-02T13:13:44.000Z</time>
        <extensions>
          <ns3:TrackPointExtension>
            <ns3:cad>66</ns3:cad>
          </ns3:TrackPointExtension>
        </extensions>
      </trkpt>
      <trkpt lat="30.42773938737809658050537109375" lon="120.2587038092315196990966796875">
        <ele>7</ele>
        <time>2024-09-02T13:13:45.000Z</time>
        <extensions>
          <ns3:TrackPointExtension>
            <ns3:cad>66</ns3:cad>
          </ns3:TrackPointExtension>
        </extensions>
      </trkpt>
      <trkpt lat="30.42773838154971599578857421875" lon="120.25868763215839862823486328125">
        <ele>7</ele>
        <time>2024-09-02T13:13:46.000Z</time>
        <extensions>
          <ns3:TrackPointExtension>
            <ns3:cad>66</ns3:cad>
          </ns3:TrackPointExtension>
        </extensions>
      </trkpt>
      <trkpt lat="30.4277341067790985107421875" lon="120.25867153890430927276611328125">
        <ele>7</ele>
        <time>2024-09-02T13:13:47.000Z</time>
        <extensions>
          <ns3:TrackPointExtension>
            <ns3:cad>66</ns3:cad>
          </ns3:TrackPointExtension>
        </extensions>
      </trkpt>
      <trkpt lat="30.42773100547492504119873046875" lon="120.2586538530886173248291015625">
        <ele>7</ele>
        <time>2024-09-02T13:13:48.000Z</time>
        <extensions>
          <ns3:TrackPointExtension>
            <ns3:cad>65</ns3:cad>
          </ns3:TrackPointExtension>
        </extensions>
      </trkpt>
      <trkpt lat="30.42772228829562664031982421875" lon="120.258641950786113739013671875">
        <ele>7.19999980926513671875</ele>
        <time>2024-09-02T13:13:49.000Z</time>
        <extensions>
          <ns3:TrackPointExtension>
            <ns3:cad>65</ns3:cad>
          </ns3:TrackPointExtension>
        </extensions>
      </trkpt>
      <trkpt lat="30.42772145010530948638916015625" lon="120.25862325914204120635986328125">
        <ele>7.19999980926513671875</ele>
        <time>2024-09-02T13:13:50.000Z</time>
        <extensions>
          <ns3:TrackPointExtension>
            <ns3:cad>65</ns3:cad>
          </ns3:TrackPointExtension>
        </extensions>
      </trkpt>
      <trkpt lat="30.42772228829562664031982421875" lon="120.2586112730205059051513671875">
        <ele>7.19999980926513671875</ele>
        <time>2024-09-02T13:13:51.000Z</time>
        <extensions>
          <ns3:TrackPointExtension>
            <ns3:cad>65</ns3:cad>
          </ns3:TrackPointExtension>
        </extensions>
      </trkpt>
      <trkpt lat="30.42772631160914897918701171875" lon="120.25859291665256023406982421875">
        <ele>7.19999980926513671875</ele>
        <time>2024-09-02T13:13:52.000Z</time>
        <extensions>
          <ns3:TrackPointExtension>
            <ns3:cad>65</ns3:cad>
          </ns3:TrackPointExtension>
        </extensions>
      </trkpt>
      <trkpt lat="30.4277332685887813568115234375" lon="120.25857866741716861724853515625">
        <ele>7</ele>
        <time>2024-09-02T13:13:53.000Z</time>
        <extensions>
          <ns3:TrackPointExtension>
            <ns3:cad>65</ns3:cad>
          </ns3:TrackPointExtension>
        </extensions>
      </trkpt>
      <trkpt lat="30.42774123139679431915283203125" lon="120.25856274180114269256591796875">
        <ele>7</ele>
        <time>2024-09-02T13:13:54.000Z</time>
        <extensions>
          <ns3:TrackPointExtension>
            <ns3:cad>0</ns3:cad>
          </ns3:TrackPointExtension>
        </extensions>
      </trkpt>
      <trkpt lat="30.4277475178241729736328125" lon="120.2585536055266857147216796875">
        <ele>7</ele>
        <time>2024-09-02T13:13:55.000Z</time>
        <extensions>
          <ns3:TrackPointExtension>
            <ns3:cad>0</ns3:cad>
          </ns3:TrackPointExtension>
        </extensions>
      </trkpt>
      <trkpt lat="30.42775011621415615081787109375" lon="120.258546061813831329345703125">
        <ele>7</ele>
        <time>2024-09-02T13:13:56.000Z</time>
        <extensions>
          <ns3:TrackPointExtension>
            <ns3:cad>0</ns3:cad>
          </ns3:TrackPointExtension>
        </extensions>
      </trkpt>
      <trkpt lat="30.42775355279445648193359375" lon="120.2585412003099918365478515625">
        <ele>7</ele>
        <time>2024-09-02T13:13:57.000Z</time>
        <extensions>
          <ns3:TrackPointExtension>
            <ns3:cad>0</ns3:cad>
          </ns3:TrackPointExtension>
        </extensions>
      </trkpt>
      <trkpt lat="30.42775489389896392822265625" lon="120.258537344634532928466796875">
        <ele>7</ele>
        <time>2024-09-02T13:13:58.000Z</time>
        <extensions>
          <ns3:TrackPointExtension>
            <ns3:cad>0</ns3:cad>
          </ns3:TrackPointExtension>
        </extensions>
      </trkpt>
      <trkpt lat="30.42775447480380535125732421875" lon="120.25853625498712062835693359375">
        <ele>7</ele>
        <time>2024-09-02T13:13:59.000Z</time>
        <extensions>
          <ns3:TrackPointExtension>
            <ns3:cad>0</ns3:cad>
          </ns3:TrackPointExtension>
        </extensions>
      </trkpt>
      <trkpt lat="30.42775531299412250518798828125" lon="120.25853633880615234375">
        <ele>7</ele>
        <time>2024-09-02T13:14:00.000Z</time>
        <extensions>
          <ns3:TrackPointExtension>
            <ns3:cad>0</ns3:cad>
          </ns3:TrackPointExtension>
        </extensions>
      </trkpt>
      <trkpt lat="30.4277553968131542205810546875" lon="120.2585378475487232208251953125">
        <ele>7</ele>
        <time>2024-09-02T13:14:01.000Z</time>
        <extensions>
          <ns3:TrackPointExtension>
            <ns3:cad>0</ns3:cad>
          </ns3:TrackPointExtension>
        </extensions>
      </trkpt>
      <trkpt lat="30.427755899727344512939453125" lon="120.2585368417203426361083984375">
        <ele>7</ele>
        <time>2024-09-02T13:14:02.000Z</time>
        <extensions>
          <ns3:TrackPointExtension>
            <ns3:cad>0</ns3:cad>
          </ns3:TrackPointExtension>
        </extensions>
      </trkpt>
      <trkpt lat="30.42775623500347137451171875" lon="120.25853566825389862060546875">
        <ele>7</ele>
        <time>2024-09-02T13:14:03.000Z</time>
        <extensions>
          <ns3:TrackPointExtension>
            <ns3:cad>0</ns3:cad>
          </ns3:TrackPointExtension>
        </extensions>
      </trkpt>
      <trkpt lat="30.4277577437460422515869140625" lon="120.25853323750197887420654296875">
        <ele>7</ele>
        <time>2024-09-02T13:14:04.000Z</time>
        <extensions>
          <ns3:TrackPointExtension>
            <ns3:cad>0</ns3:cad>
          </ns3:TrackPointExtension>
        </extensions>
      </trkpt>
      <trkpt lat="30.42775933630764484405517578125" lon="120.2585311420261859893798828125">
        <ele>7</ele>
        <time>2024-09-02T13:14:05.000Z</time>
        <extensions>
          <ns3:TrackPointExtension>
            <ns3:cad>0</ns3:cad>
          </ns3:TrackPointExtension>
        </extensions>
      </trkpt>
      <trkpt lat="30.4277607612311840057373046875" lon="120.2585298009216785430908203125">
        <ele>7</ele>
        <time>2024-09-02T13:14:06.000Z</time>
        <extensions>
          <ns3:TrackPointExtension>
            <ns3:cad>0</ns3:cad>
          </ns3:TrackPointExtension>
        </extensions>
      </trkpt>
      <trkpt lat="30.4277634434401988983154296875" lon="120.25853105820715427398681640625">
        <ele>7</ele>
        <time>2024-09-02T13:14:07.000Z</time>
        <extensions>
          <ns3:TrackPointExtension>
            <ns3:cad>0</ns3:cad>
          </ns3:TrackPointExtension>
        </extensions>
      </trkpt>
      <trkpt lat="30.42776335962116718292236328125" lon="120.2585308067500591278076171875">
        <ele>7</ele>
        <time>2024-09-02T13:14:08.000Z</time>
        <extensions>
          <ns3:TrackPointExtension>
            <ns3:cad>0</ns3:cad>
          </ns3:TrackPointExtension>
        </extensions>
      </trkpt>
      <trkpt lat="30.42776335962116718292236328125" lon="120.2585308067500591278076171875">
        <ele>7</ele>
        <time>2024-09-02T13:14:09.000Z</time>
        <extensions>
          <ns3:TrackPointExtension>
            <ns3:cad>0</ns3:cad>
          </ns3:TrackPointExtension>
        </extensions>
      </trkpt>
      <trkpt lat="30.42776335962116718292236328125" lon="120.2585308067500591278076171875">
        <ele>7</ele>
        <time>2024-09-02T13:14:10.000Z</time>
        <extensions>
          <ns3:TrackPointExtension>
            <ns3:cad>0</ns3:cad>
          </ns3:TrackPointExtension>
        </extensions>
      </trkpt>
      <trkpt lat="30.42776335962116718292236328125" lon="120.2585308067500591278076171875">
        <ele>7</ele>
        <time>2024-09-02T13:14:11.000Z</time>
        <extensions>
          <ns3:TrackPointExtension>
            <ns3:cad>0</ns3:cad>
          </ns3:TrackPointExtension>
        </extensions>
      </trkpt>
      <trkpt lat="30.42776335962116718292236328125" lon="120.2585308067500591278076171875">
        <ele>7</ele>
        <time>2024-09-02T13:14:12.000Z</time>
        <extensions>
          <ns3:TrackPointExtension>
            <ns3:cad>0</ns3:cad>
          </ns3:TrackPointExtension>
        </extensions>
      </trkpt>
      <trkpt lat="30.42776335962116718292236328125" lon="120.2585308067500591278076171875">
        <ele>7</ele>
        <time>2024-09-02T13:14:13.000Z</time>
        <extensions>
          <ns3:TrackPointExtension>
            <ns3:cad>0</ns3:cad>
          </ns3:TrackPointExtension>
        </extensions>
      </trkpt>
      <trkpt lat="30.42776335962116718292236328125" lon="120.2585308067500591278076171875">
        <ele>7</ele>
        <time>2024-09-02T13:14:14.000Z</time>
        <extensions>
          <ns3:TrackPointExtension>
            <ns3:cad>0</ns3:cad>
          </ns3:TrackPointExtension>
        </extensions>
      </trkpt>
      <trkpt lat="30.42776335962116718292236328125" lon="120.2585308067500591278076171875">
        <ele>7</ele>
        <time>2024-09-02T13:14:15.000Z</time>
        <extensions>
          <ns3:TrackPointExtension>
            <ns3:cad>0</ns3:cad>
          </ns3:TrackPointExtension>
        </extensions>
      </trkpt>
      <trkpt lat="30.42776335962116718292236328125" lon="120.2585308067500591278076171875">
        <ele>7</ele>
        <time>2024-09-02T13:14:16.000Z</time>
        <extensions>
          <ns3:TrackPointExtension>
            <ns3:cad>0</ns3:cad>
          </ns3:TrackPointExtension>
        </extensions>
      </trkpt>
      <trkpt lat="30.4277627728879451751708984375" lon="120.25853097438812255859375">
        <ele>7</ele>
        <time>2024-09-02T13:14:17.000Z</time>
        <extensions>
          <ns3:TrackPointExtension>
            <ns3:cad>0</ns3:cad>
          </ns3:TrackPointExtension>
        </extensions>
      </trkpt>
      <trkpt lat="30.427762605249881744384765625" lon="120.2585311420261859893798828125">
        <ele>7</ele>
        <time>2024-09-02T13:14:18.000Z</time>
        <extensions>
          <ns3:TrackPointExtension>
            <ns3:cad>0</ns3:cad>
          </ns3:TrackPointExtension>
        </extensions>
      </trkpt>
      <trkpt lat="30.4277600906789302825927734375" lon="120.25852938182651996612548828125">
        <ele>7</ele>
        <time>2024-09-02T13:14:19.000Z</time>
        <extensions>
          <ns3:TrackPointExtension>
            <ns3:cad>0</ns3:cad>
          </ns3:TrackPointExtension>
        </extensions>
      </trkpt>
      <trkpt lat="30.427744500339031219482421875" lon="120.25851412676274776458740234375">
        <ele>7</ele>
        <time>2024-09-02T13:14:20.000Z</time>
        <extensions>
          <ns3:TrackPointExtension>
            <ns3:cad>0</ns3:cad>
          </ns3:TrackPointExtension>
        </extensions>
      </trkpt>
      <trkpt lat="30.42773469351232051849365234375" lon="120.25849920697510242462158203125">
        <ele>7</ele>
        <time>2024-09-02T13:14:21.000Z</time>
        <extensions>
          <ns3:TrackPointExtension>
            <ns3:cad>0</ns3:cad>
          </ns3:TrackPointExtension>
        </extensions>
      </trkpt>
      <trkpt lat="30.427722372114658355712890625" lon="120.25848361663520336151123046875">
        <ele>7</ele>
        <time>2024-09-02T13:14:22.000Z</time>
        <extensions>
          <ns3:TrackPointExtension>
            <ns3:cad>0</ns3:cad>
          </ns3:TrackPointExtension>
        </extensions>
      </trkpt>
      <trkpt lat="30.42770602740347385406494140625" lon="120.25846785865724086761474609375">
        <ele>7.19999980926513671875</ele>
        <time>2024-09-02T13:14:23.000Z</time>
        <extensions>
          <ns3:TrackPointExtension>
            <ns3:cad>0</ns3:cad>
          </ns3:TrackPointExtension>
        </extensions>
      </trkpt>
      <trkpt lat="30.42768725194036960601806640625" lon="120.25844908319413661956787109375">
        <ele>7.19999980926513671875</ele>
        <time>2024-09-02T13:14:24.000Z</time>
        <extensions>
          <ns3:TrackPointExtension>
            <ns3:cad>0</ns3:cad>
          </ns3:TrackPointExtension>
        </extensions>
      </trkpt>
      <trkpt lat="30.42767182923853397369384765625" lon="120.25843298994004726409912109375">
        <ele>7.19999980926513671875</ele>
        <time>2024-09-02T13:14:25.000Z</time>
        <extensions>
          <ns3:TrackPointExtension>
            <ns3:cad>66</ns3:cad>
          </ns3:TrackPointExtension>
        </extensions>
      </trkpt>
      <trkpt lat="30.42765674181282520294189453125" lon="120.2584169805049896240234375">
        <ele>7.400000095367431640625</ele>
        <time>2024-09-02T13:14:26.000Z</time>
        <extensions>
          <ns3:TrackPointExtension>
            <ns3:cad>66</ns3:cad>
          </ns3:TrackPointExtension>
        </extensions>
      </trkpt>
      <trkpt lat="30.427644588053226470947265625" lon="120.25841387920081615447998046875">
        <ele>7.400000095367431640625</ele>
        <time>2024-09-02T13:14:27.000Z</time>
        <extensions>
          <ns3:TrackPointExtension>
            <ns3:cad>63</ns3:cad>
          </ns3:TrackPointExtension>
        </extensions>
      </trkpt>
      <trkpt lat="30.42762883007526397705078125" lon="120.25840826332569122314453125">
        <ele>7.400000095367431640625</ele>
        <time>2024-09-02T13:14:28.000Z</time>
        <extensions>
          <ns3:TrackPointExtension>
            <ns3:cad>63</ns3:cad>
          </ns3:TrackPointExtension>
        </extensions>
      </trkpt>
      <trkpt lat="30.427615083754062652587890625" lon="120.2584047429263591766357421875">
        <ele>7.400000095367431640625</ele>
        <time>2024-09-02T13:14:29.000Z</time>
        <extensions>
          <ns3:TrackPointExtension>
            <ns3:cad>68</ns3:cad>
          </ns3:TrackPointExtension>
        </extensions>
      </trkpt>
      <trkpt lat="30.42759873904287815093994140625" lon="120.25840164162218570709228515625">
        <ele>7.599999904632568359375</ele>
        <time>2024-09-02T13:14:30.000Z</time>
        <extensions>
          <ns3:TrackPointExtension>
            <ns3:cad>69</ns3:cad>
          </ns3:TrackPointExtension>
        </extensions>
      </trkpt>
      <trkpt lat="30.42758331634104251861572265625" lon="120.2583916671574115753173828125">
        <ele>7.599999904632568359375</ele>
        <time>2024-09-02T13:14:31.000Z</time>
        <extensions>
          <ns3:TrackPointExtension>
            <ns3:cad>69</ns3:cad>
          </ns3:TrackPointExtension>
        </extensions>
      </trkpt>
      <trkpt lat="30.42756889946758747100830078125" lon="120.25837213732302188873291015625">
        <ele>7.599999904632568359375</ele>
        <time>2024-09-02T13:14:32.000Z</time>
        <extensions>
          <ns3:TrackPointExtension>
            <ns3:cad>69</ns3:cad>
          </ns3:TrackPointExtension>
        </extensions>
      </trkpt>
      <trkpt lat="30.4275490343570709228515625" lon="120.25834933854639530181884765625">
        <ele>7.80000019073486328125</ele>
        <time>2024-09-02T13:14:33.000Z</time>
        <extensions>
          <ns3:TrackPointExtension>
            <ns3:cad>69</ns3:cad>
          </ns3:TrackPointExtension>
        </extensions>
      </trkpt>
      <trkpt lat="30.42752900160849094390869140625" lon="120.25832452811300754547119140625">
        <ele>7.80000019073486328125</ele>
        <time>2024-09-02T13:14:34.000Z</time>
        <extensions>
          <ns3:TrackPointExtension>
            <ns3:cad>85</ns3:cad>
          </ns3:TrackPointExtension>
        </extensions>
      </trkpt>
      <trkpt lat="30.42751257307827472686767578125" lon="120.25829955004155635833740234375">
        <ele>7.80000019073486328125</ele>
        <time>2024-09-02T13:14:35.000Z</time>
        <extensions>
          <ns3:TrackPointExtension>
            <ns3:cad>87</ns3:cad>
          </ns3:TrackPointExtension>
        </extensions>
      </trkpt>
      <trkpt lat="30.4274975694715976715087890625" lon="120.258270464837551116943359375">
        <ele>7.80000019073486328125</ele>
        <time>2024-09-02T13:14:36.000Z</time>
        <extensions>
          <ns3:TrackPointExtension>
            <ns3:cad>87</ns3:cad>
          </ns3:TrackPointExtension>
        </extensions>
      </trkpt>
      <trkpt lat="30.42748239822685718536376953125" lon="120.25824339129030704498291015625">
        <ele>8</ele>
        <time>2024-09-02T13:14:37.000Z</time>
        <extensions>
          <ns3:TrackPointExtension>
            <ns3:cad>87</ns3:cad>
          </ns3:TrackPointExtension>
        </extensions>
      </trkpt>
      <trkpt lat="30.4274630360305309295654296875" lon="120.25821992196142673492431640625">
        <ele>7.80000019073486328125</ele>
        <time>2024-09-02T13:14:38.000Z</time>
        <extensions>
          <ns3:TrackPointExtension>
            <ns3:cad>87</ns3:cad>
          </ns3:TrackPointExtension>
        </extensions>
      </trkpt>
      <trkpt lat="30.427448116242885589599609375" lon="120.25818907655775547027587890625">
        <ele>7.80000019073486328125</ele>
        <time>2024-09-02T13:14:39.000Z</time>
        <extensions>
          <ns3:TrackPointExtension>
            <ns3:cad>88</ns3:cad>
          </ns3:TrackPointExtension>
        </extensions>
      </trkpt>
      <trkpt lat="30.42743613012135028839111328125" lon="120.25816418230533599853515625">
        <ele>7.80000019073486328125</ele>
        <time>2024-09-02T13:14:40.000Z</time>
        <extensions>
          <ns3:TrackPointExtension>
            <ns3:cad>89</ns3:cad>
          </ns3:TrackPointExtension>
        </extensions>
      </trkpt>
      <trkpt lat="30.4274217970669269561767578125" lon="120.25813601911067962646484375">
        <ele>7.80000019073486328125</ele>
        <time>2024-09-02T13:14:41.000Z</time>
        <extensions>
          <ns3:TrackPointExtension>
            <ns3:cad>89</ns3:cad>
          </ns3:TrackPointExtension>
        </extensions>
      </trkpt>
      <trkpt lat="30.42740880511701107025146484375" lon="120.25810777209699153900146484375">
        <ele>7.80000019073486328125</ele>
        <time>2024-09-02T13:14:42.000Z</time>
        <extensions>
          <ns3:TrackPointExtension>
            <ns3:cad>88</ns3:cad>
          </ns3:TrackPointExtension>
        </extensions>
      </trkpt>
      <trkpt lat="30.4273946397006511688232421875" lon="120.25807944126427173614501953125">
        <ele>7.80000019073486328125</ele>
        <time>2024-09-02T13:14:43.000Z</time>
        <extensions>
          <ns3:TrackPointExtension>
            <ns3:cad>88</ns3:cad>
          </ns3:TrackPointExtension>
        </extensions>
      </trkpt>
      <trkpt lat="30.4273822344839572906494140625" lon="120.258050858974456787109375">
        <ele>7.80000019073486328125</ele>
        <time>2024-09-02T13:14:44.000Z</time>
        <extensions>
          <ns3:TrackPointExtension>
            <ns3:cad>88</ns3:cad>
          </ns3:TrackPointExtension>
        </extensions>
      </trkpt>
      <trkpt lat="30.42736840434372425079345703125" lon="120.25802210904657840728759765625">
        <ele>7.80000019073486328125</ele>
        <time>2024-09-02T13:14:45.000Z</time>
        <extensions>
          <ns3:TrackPointExtension>
            <ns3:cad>88</ns3:cad>
          </ns3:TrackPointExtension>
        </extensions>
      </trkpt>
      <trkpt lat="30.42735390365123748779296875" lon="120.25799520313739776611328125">
        <ele>7.80000019073486328125</ele>
        <time>2024-09-02T13:14:46.000Z</time>
        <extensions>
          <ns3:TrackPointExtension>
            <ns3:cad>88</ns3:cad>
          </ns3:TrackPointExtension>
        </extensions>
      </trkpt>
      <trkpt lat="30.42733244597911834716796875" lon="120.2579651959240436553955078125">
        <ele>8</ele>
        <time>2024-09-02T13:14:47.000Z</time>
        <extensions>
          <ns3:TrackPointExtension>
            <ns3:cad>87</ns3:cad>
          </ns3:TrackPointExtension>
        </extensions>
      </trkpt>
      <trkpt lat="30.4273114912211894989013671875" lon="120.25794088840484619140625">
        <ele>8</ele>
        <time>2024-09-02T13:14:48.000Z</time>
        <extensions>
          <ns3:TrackPointExtension>
            <ns3:cad>87</ns3:cad>
          </ns3:TrackPointExtension>
        </extensions>
      </trkpt>
      <trkpt lat="30.4272888600826263427734375" lon="120.2579108811914920806884765625">
        <ele>8</ele>
        <time>2024-09-02T13:14:49.000Z</time>
        <extensions>
          <ns3:TrackPointExtension>
            <ns3:cad>88</ns3:cad>
          </ns3:TrackPointExtension>
        </extensions>
      </trkpt>
      <trkpt lat="30.42727922089397907257080078125" lon="120.2578907646238803863525390625">
        <ele>8</ele>
        <time>2024-09-02T13:14:50.000Z</time>
        <extensions>
          <ns3:TrackPointExtension>
            <ns3:cad>88</ns3:cad>
          </ns3:TrackPointExtension>
        </extensions>
      </trkpt>
      <trkpt lat="30.427269749343395233154296875" lon="120.25786620564758777618408203125">
        <ele>8</ele>
        <time>2024-09-02T13:14:51.000Z</time>
        <extensions>
          <ns3:TrackPointExtension>
            <ns3:cad>89</ns3:cad>
          </ns3:TrackPointExtension>
        </extensions>
      </trkpt>
      <trkpt lat="30.4272608645260334014892578125" lon="120.25784139521420001983642578125">
        <ele>8</ele>
        <time>2024-09-02T13:14:52.000Z</time>
        <extensions>
          <ns3:TrackPointExtension>
            <ns3:cad>89</ns3:cad>
          </ns3:TrackPointExtension>
        </extensions>
      </trkpt>
      <trkpt lat="30.4272457771003246307373046875" lon="120.2578159980475902557373046875">
        <ele>8</ele>
        <time>2024-09-02T13:14:53.000Z</time>
        <extensions>
          <ns3:TrackPointExtension>
            <ns3:cad>89</ns3:cad>
          </ns3:TrackPointExtension>
        </extensions>
      </trkpt>
      <trkpt lat="30.42723010294139385223388671875" lon="120.25779294781386852264404296875">
        <ele>8</ele>
        <time>2024-09-02T13:14:54.000Z</time>
        <extensions>
          <ns3:TrackPointExtension>
            <ns3:cad>90</ns3:cad>
          </ns3:TrackPointExtension>
        </extensions>
      </trkpt>
      <trkpt lat="30.42721183039247989654541015625" lon="120.257769562304019927978515625">
        <ele>8</ele>
        <time>2024-09-02T13:14:55.000Z</time>
        <extensions>
          <ns3:TrackPointExtension>
            <ns3:cad>90</ns3:cad>
          </ns3:TrackPointExtension>
        </extensions>
      </trkpt>
      <trkpt lat="30.42719431221485137939453125" lon="120.257745422422885894775390625">
        <ele>8.19999980926513671875</ele>
        <time>2024-09-02T13:14:56.000Z</time>
        <extensions>
          <ns3:TrackPointExtension>
            <ns3:cad>90</ns3:cad>
          </ns3:TrackPointExtension>
        </extensions>
      </trkpt>
      <trkpt lat="30.4271790571510791778564453125" lon="120.25772119872272014617919921875">
        <ele>8.19999980926513671875</ele>
        <time>2024-09-02T13:14:57.000Z</time>
        <extensions>
          <ns3:TrackPointExtension>
            <ns3:cad>90</ns3:cad>
          </ns3:TrackPointExtension>
        </extensions>
      </trkpt>
      <trkpt lat="30.42716640047729015350341796875" lon="120.25769320316612720489501953125">
        <ele>8</ele>
        <time>2024-09-02T13:14:58.000Z</time>
        <extensions>
          <ns3:TrackPointExtension>
            <ns3:cad>90</ns3:cad>
          </ns3:TrackPointExtension>
        </extensions>
      </trkpt>
      <trkpt lat="30.42715785093605518341064453125" lon="120.2576631121337413787841796875">
        <ele>8</ele>
        <time>2024-09-02T13:14:59.000Z</time>
        <extensions>
          <ns3:TrackPointExtension>
            <ns3:cad>90</ns3:cad>
          </ns3:TrackPointExtension>
        </extensions>
      </trkpt>
      <trkpt lat="30.42714536190032958984375" lon="120.2576362900435924530029296875">
        <ele>8</ele>
        <time>2024-09-02T13:15:00.000Z</time>
        <extensions>
          <ns3:TrackPointExtension>
            <ns3:cad>88</ns3:cad>
          </ns3:TrackPointExtension>
        </extensions>
      </trkpt>
      <trkpt lat="30.42712985537946224212646484375" lon="120.257606618106365203857421875">
        <ele>8</ele>
        <time>2024-09-02T13:15:01.000Z</time>
        <extensions>
          <ns3:TrackPointExtension>
            <ns3:cad>87</ns3:cad>
          </ns3:TrackPointExtension>
        </extensions>
      </trkpt>
      <trkpt lat="30.4271133430302143096923828125" lon="120.25757602415978908538818359375">
        <ele>8</ele>
        <time>2024-09-02T13:15:02.000Z</time>
        <extensions>
          <ns3:TrackPointExtension>
            <ns3:cad>87</ns3:cad>
          </ns3:TrackPointExtension>
        </extensions>
      </trkpt>
      <trkpt lat="30.42709867469966411590576171875" lon="120.25754903443157672882080078125">
        <ele>7.80000019073486328125</ele>
        <time>2024-09-02T13:15:03.000Z</time>
        <extensions>
          <ns3:TrackPointExtension>
            <ns3:cad>88</ns3:cad>
          </ns3:TrackPointExtension>
        </extensions>
      </trkpt>
      <trkpt lat="30.4270845092833042144775390625" lon="120.25752237997949123382568359375">
        <ele>7.80000019073486328125</ele>
        <time>2024-09-02T13:15:04.000Z</time>
        <extensions>
          <ns3:TrackPointExtension>
            <ns3:cad>89</ns3:cad>
          </ns3:TrackPointExtension>
        </extensions>
      </trkpt>
      <trkpt lat="30.42707093060016632080078125" lon="120.2574994973838329315185546875">
        <ele>7.80000019073486328125</ele>
        <time>2024-09-02T13:15:05.000Z</time>
        <extensions>
          <ns3:TrackPointExtension>
            <ns3:cad>89</ns3:cad>
          </ns3:TrackPointExtension>
        </extensions>
      </trkpt>
      <trkpt lat="30.427058525383472442626953125" lon="120.2574793808162212371826171875">
        <ele>7.80000019073486328125</ele>
        <time>2024-09-02T13:15:06.000Z</time>
        <extensions>
          <ns3:TrackPointExtension>
            <ns3:cad>89</ns3:cad>
          </ns3:TrackPointExtension>
        </extensions>
      </trkpt>
      <trkpt lat="30.42704570107161998748779296875" lon="120.25745951570570468902587890625">
        <ele>7.80000019073486328125</ele>
        <time>2024-09-02T13:15:07.000Z</time>
        <extensions>
          <ns3:TrackPointExtension>
            <ns3:cad>88</ns3:cad>
          </ns3:TrackPointExtension>
        </extensions>
      </trkpt>
      <trkpt lat="30.4270312003791332244873046875" lon="120.25743805803358554840087890625">
        <ele>7.80000019073486328125</ele>
        <time>2024-09-02T13:15:08.000Z</time>
        <extensions>
          <ns3:TrackPointExtension>
            <ns3:cad>87</ns3:cad>
          </ns3:TrackPointExtension>
        </extensions>
      </trkpt>
      <trkpt lat="30.42701502330601215362548828125" lon="120.2574163489043712615966796875">
        <ele>7.80000019073486328125</ele>
        <time>2024-09-02T13:15:09.000Z</time>
        <extensions>
          <ns3:TrackPointExtension>
            <ns3:cad>87</ns3:cad>
          </ns3:TrackPointExtension>
        </extensions>
      </trkpt>
      <trkpt lat="30.4270020313560962677001953125" lon="120.25740402750670909881591796875">
        <ele>7.599999904632568359375</ele>
        <time>2024-09-02T13:15:10.000Z</time>
        <extensions>
          <ns3:TrackPointExtension>
            <ns3:cad>89</ns3:cad>
          </ns3:TrackPointExtension>
        </extensions>
      </trkpt>
      <trkpt lat="30.4269819147884845733642578125" lon="120.25739111937582492828369140625">
        <ele>7.400000095367431640625</ele>
        <time>2024-09-02T13:15:11.000Z</time>
        <extensions>
          <ns3:TrackPointExtension>
            <ns3:cad>89</ns3:cad>
          </ns3:TrackPointExtension>
        </extensions>
      </trkpt>
      <trkpt lat="30.426967330276966094970703125" lon="120.257371254265308380126953125">
        <ele>7.19999980926513671875</ele>
        <time>2024-09-02T13:15:12.000Z</time>
        <extensions>
          <ns3:TrackPointExtension>
            <ns3:cad>89</ns3:cad>
          </ns3:TrackPointExtension>
        </extensions>
      </trkpt>
      <trkpt lat="30.4269503988325595855712890625" lon="120.25734786875545978546142578125">
        <ele>6.80000019073486328125</ele>
        <time>2024-09-02T13:15:13.000Z</time>
        <extensions>
          <ns3:TrackPointExtension>
            <ns3:cad>89</ns3:cad>
          </ns3:TrackPointExtension>
        </extensions>
      </trkpt>
      <trkpt lat="30.4269353114068508148193359375" lon="120.2573253214359283447265625">
        <ele>6.599999904632568359375</ele>
        <time>2024-09-02T13:15:14.000Z</time>
        <extensions>
          <ns3:TrackPointExtension>
            <ns3:cad>89</ns3:cad>
          </ns3:TrackPointExtension>
        </extensions>
      </trkpt>
      <trkpt lat="30.42692651040852069854736328125" lon="120.2572917938232421875">
        <ele>6.19999980926513671875</ele>
        <time>2024-09-02T13:15:15.000Z</time>
        <extensions>
          <ns3:TrackPointExtension>
            <ns3:cad>89</ns3:cad>
          </ns3:TrackPointExtension>
        </extensions>
      </trkpt>
      <trkpt lat="30.42692433111369609832763671875" lon="120.25725985877215862274169921875">
        <ele>6</ele>
        <time>2024-09-02T13:15:16.000Z</time>
        <extensions>
          <ns3:TrackPointExtension>
            <ns3:cad>89</ns3:cad>
          </ns3:TrackPointExtension>
        </extensions>
      </trkpt>
      <trkpt lat="30.42692516930401325225830078125" lon="120.2572245709598064422607421875">
        <ele>5.80000019073486328125</ele>
        <time>2024-09-02T13:15:17.000Z</time>
        <extensions>
          <ns3:TrackPointExtension>
            <ns3:cad>89</ns3:cad>
          </ns3:TrackPointExtension>
        </extensions>
      </trkpt>
      <trkpt lat="30.4269195534288883209228515625" lon="120.25719028897583484649658203125">
        <ele>5.400000095367431640625</ele>
        <time>2024-09-02T13:15:18.000Z</time>
        <extensions>
          <ns3:TrackPointExtension>
            <ns3:cad>87</ns3:cad>
          </ns3:TrackPointExtension>
        </extensions>
      </trkpt>
      <trkpt lat="30.426911003887653350830078125" lon="120.2571655623614788055419921875">
        <ele>5.19999980926513671875</ele>
        <time>2024-09-02T13:15:19.000Z</time>
        <extensions>
          <ns3:TrackPointExtension>
            <ns3:cad>85</ns3:cad>
          </ns3:TrackPointExtension>
        </extensions>
      </trkpt>
      <trkpt lat="30.4269017837941646575927734375" lon="120.25714871473610401153564453125">
        <ele>5</ele>
        <time>2024-09-02T13:15:20.000Z</time>
        <extensions>
          <ns3:TrackPointExtension>
            <ns3:cad>83</ns3:cad>
          </ns3:TrackPointExtension>
        </extensions>
      </trkpt>
      <trkpt lat="30.4268910549581050872802734375" lon="120.25712759234011173248291015625">
        <ele>5</ele>
        <time>2024-09-02T13:15:21.000Z</time>
        <extensions>
          <ns3:TrackPointExtension>
            <ns3:cad>83</ns3:cad>
          </ns3:TrackPointExtension>
        </extensions>
      </trkpt>
      <trkpt lat="30.426879487931728363037109375" lon="120.257107727229595184326171875">
        <ele>5</ele>
        <time>2024-09-02T13:15:22.000Z</time>
        <extensions>
          <ns3:TrackPointExtension>
            <ns3:cad>84</ns3:cad>
          </ns3:TrackPointExtension>
        </extensions>
      </trkpt>
      <trkpt lat="30.426871441304683685302734375" lon="120.25710093788802623748779296875">
        <ele>4.80000019073486328125</ele>
        <time>2024-09-02T13:15:23.000Z</time>
        <extensions>
          <ns3:TrackPointExtension>
            <ns3:cad>85</ns3:cad>
          </ns3:TrackPointExtension>
        </extensions>
      </trkpt>
      <trkpt lat="30.4268649034202098846435546875" lon="120.25708995759487152099609375">
        <ele>4.80000019073486328125</ele>
        <time>2024-09-02T13:15:24.000Z</time>
        <extensions>
          <ns3:TrackPointExtension>
            <ns3:cad>85</ns3:cad>
          </ns3:TrackPointExtension>
        </extensions>
      </trkpt>
      <trkpt lat="30.42685844935476779937744140625" lon="120.25707386434078216552734375">
        <ele>4.80000019073486328125</ele>
        <time>2024-09-02T13:15:25.000Z</time>
        <extensions>
          <ns3:TrackPointExtension>
            <ns3:cad>85</ns3:cad>
          </ns3:TrackPointExtension>
        </extensions>
      </trkpt>
      <trkpt lat="30.42685207910835742950439453125" lon="120.25706715881824493408203125">
        <ele>4.80000019073486328125</ele>
        <time>2024-09-02T13:15:26.000Z</time>
        <extensions>
          <ns3:TrackPointExtension>
            <ns3:cad>85</ns3:cad>
          </ns3:TrackPointExtension>
        </extensions>
      </trkpt>
      <trkpt lat="30.4268478043377399444580078125" lon="120.25705433450639247894287109375">
        <ele>4.80000019073486328125</ele>
        <time>2024-09-02T13:15:27.000Z</time>
        <extensions>
          <ns3:TrackPointExtension>
            <ns3:cad>85</ns3:cad>
          </ns3:TrackPointExtension>
        </extensions>
      </trkpt>
      <trkpt lat="30.42684420011937618255615234375" lon="120.25703958235681056976318359375">
        <ele>4.80000019073486328125</ele>
        <time>2024-09-02T13:15:28.000Z</time>
        <extensions>
          <ns3:TrackPointExtension>
            <ns3:cad>85</ns3:cad>
          </ns3:TrackPointExtension>
        </extensions>
      </trkpt>
      <trkpt lat="30.42684051208198070526123046875" lon="120.25702851824462413787841796875">
        <ele>5</ele>
        <time>2024-09-02T13:15:29.000Z</time>
        <extensions>
          <ns3:TrackPointExtension>
            <ns3:cad>85</ns3:cad>
          </ns3:TrackPointExtension>
        </extensions>
      </trkpt>
      <trkpt lat="30.42683900333940982818603515625" lon="120.25703036226332187652587890625">
        <ele>4.80000019073486328125</ele>
        <time>2024-09-02T13:15:30.000Z</time>
        <extensions>
          <ns3:TrackPointExtension>
            <ns3:cad>69</ns3:cad>
          </ns3:TrackPointExtension>
        </extensions>
      </trkpt>
      <trkpt lat="30.42683481238782405853271484375" lon="120.25703740306198596954345703125">
        <ele>4.80000019073486328125</ele>
        <time>2024-09-02T13:15:31.000Z</time>
        <extensions>
          <ns3:TrackPointExtension>
            <ns3:cad>69</ns3:cad>
          </ns3:TrackPointExtension>
        </extensions>
      </trkpt>
      <trkpt lat="30.42682257480919361114501953125" lon="120.2570240758359432220458984375">
        <ele>4.80000019073486328125</ele>
        <time>2024-09-02T13:15:32.000Z</time>
        <extensions>
          <ns3:TrackPointExtension>
            <ns3:cad>69</ns3:cad>
          </ns3:TrackPointExtension>
        </extensions>
      </trkpt>
      <trkpt lat="30.42681746184825897216796875" lon="120.257003121078014373779296875">
        <ele>4.80000019073486328125</ele>
        <time>2024-09-02T13:15:33.000Z</time>
        <extensions>
          <ns3:TrackPointExtension>
            <ns3:cad>69</ns3:cad>
          </ns3:TrackPointExtension>
        </extensions>
      </trkpt>
      <trkpt lat="30.4268087446689605712890625" lon="120.2569808252155780792236328125">
        <ele>4.80000019073486328125</ele>
        <time>2024-09-02T13:15:34.000Z</time>
        <extensions>
          <ns3:TrackPointExtension>
            <ns3:cad>69</ns3:cad>
          </ns3:TrackPointExtension>
        </extensions>
      </trkpt>
      <trkpt lat="30.42679105885326862335205078125" lon="120.2569627203047275543212890625">
        <ele>4.80000019073486328125</ele>
        <time>2024-09-02T13:15:35.000Z</time>
        <extensions>
          <ns3:TrackPointExtension>
            <ns3:cad>66</ns3:cad>
          </ns3:TrackPointExtension>
        </extensions>
      </trkpt>
      <trkpt lat="30.42677110992372035980224609375" lon="120.25694721378386020660400390625">
        <ele>4.599999904632568359375</ele>
        <time>2024-09-02T13:15:36.000Z</time>
        <extensions>
          <ns3:TrackPointExtension>
            <ns3:cad>66</ns3:cad>
          </ns3:TrackPointExtension>
        </extensions>
      </trkpt>
      <trkpt lat="30.42675434611737728118896484375" lon="120.25692525319755077362060546875">
        <ele>4.599999904632568359375</ele>
        <time>2024-09-02T13:15:37.000Z</time>
        <extensions>
          <ns3:TrackPointExtension>
            <ns3:cad>66</ns3:cad>
          </ns3:TrackPointExtension>
        </extensions>
      </trkpt>
      <trkpt lat="30.42674546130001544952392578125" lon="120.25689281523227691650390625">
        <ele>4.80000019073486328125</ele>
        <time>2024-09-02T13:15:38.000Z</time>
        <extensions>
          <ns3:TrackPointExtension>
            <ns3:cad>83</ns3:cad>
          </ns3:TrackPointExtension>
        </extensions>
      </trkpt>
      <trkpt lat="30.426719896495342254638671875" lon="120.256876051425933837890625">
        <ele>4.599999904632568359375</ele>
        <time>2024-09-02T13:15:39.000Z</time>
        <extensions>
          <ns3:TrackPointExtension>
            <ns3:cad>86</ns3:cad>
          </ns3:TrackPointExtension>
        </extensions>
      </trkpt>
      <trkpt lat="30.42669785209000110626220703125" lon="120.2568621374666690826416015625">
        <ele>4.400000095367431640625</ele>
        <time>2024-09-02T13:15:40.000Z</time>
        <extensions>
          <ns3:TrackPointExtension>
            <ns3:cad>86</ns3:cad>
          </ns3:TrackPointExtension>
        </extensions>
      </trkpt>
      <trkpt lat="30.42667538858950138092041015625" lon="120.256845541298389434814453125">
        <ele>4.400000095367431640625</ele>
        <time>2024-09-02T13:15:41.000Z</time>
        <extensions>
          <ns3:TrackPointExtension>
            <ns3:cad>87</ns3:cad>
          </ns3:TrackPointExtension>
        </extensions>
      </trkpt>
      <trkpt lat="30.4266493208706378936767578125" lon="120.25683539919555187225341796875">
        <ele>4.19999980926513671875</ele>
        <time>2024-09-02T13:15:42.000Z</time>
        <extensions>
          <ns3:TrackPointExtension>
            <ns3:cad>87</ns3:cad>
          </ns3:TrackPointExtension>
        </extensions>
      </trkpt>
      <trkpt lat="30.426626019179821014404296875" lon="120.25681360624730587005615234375">
        <ele>4.19999980926513671875</ele>
        <time>2024-09-02T13:15:43.000Z</time>
        <extensions>
          <ns3:TrackPointExtension>
            <ns3:cad>87</ns3:cad>
          </ns3:TrackPointExtension>
        </extensions>
      </trkpt>
      <trkpt lat="30.426595844328403472900390625" lon="120.25679902173578739166259765625">
        <ele>4.19999980926513671875</ele>
        <time>2024-09-02T13:15:44.000Z</time>
        <extensions>
          <ns3:TrackPointExtension>
            <ns3:cad>87</ns3:cad>
          </ns3:TrackPointExtension>
        </extensions>
      </trkpt>
      <trkpt lat="30.426571033895015716552734375" lon="120.25678192265331745147705078125">
        <ele>4.19999980926513671875</ele>
        <time>2024-09-02T13:15:45.000Z</time>
        <extensions>
          <ns3:TrackPointExtension>
            <ns3:cad>87</ns3:cad>
          </ns3:TrackPointExtension>
        </extensions>
      </trkpt>
      <trkpt lat="30.4265453852713108062744140625" lon="120.25677521713078022003173828125">
        <ele>4.400000095367431640625</ele>
        <time>2024-09-02T13:15:46.000Z</time>
        <extensions>
          <ns3:TrackPointExtension>
            <ns3:cad>87</ns3:cad>
          </ns3:TrackPointExtension>
        </extensions>
      </trkpt>
      <trkpt lat="30.42652484960854053497314453125" lon="120.25676281191408634185791015625">
        <ele>4.400000095367431640625</ele>
        <time>2024-09-02T13:15:47.000Z</time>
        <extensions>
          <ns3:TrackPointExtension>
            <ns3:cad>87</ns3:cad>
          </ns3:TrackPointExtension>
        </extensions>
      </trkpt>
      <trkpt lat="30.42650624178349971771240234375" lon="120.25674931704998016357421875">
        <ele>4.400000095367431640625</ele>
        <time>2024-09-02T13:15:48.000Z</time>
        <extensions>
          <ns3:TrackPointExtension>
            <ns3:cad>88</ns3:cad>
          </ns3:TrackPointExtension>
        </extensions>
      </trkpt>
      <trkpt lat="30.42649718932807445526123046875" lon="120.25672727264463901519775390625">
        <ele>4.400000095367431640625</ele>
        <time>2024-09-02T13:15:49.000Z</time>
        <extensions>
          <ns3:TrackPointExtension>
            <ns3:cad>88</ns3:cad>
          </ns3:TrackPointExtension>
        </extensions>
      </trkpt>
      <trkpt lat="30.42648780159652233123779296875" lon="120.25672375224530696868896484375">
        <ele>4.599999904632568359375</ele>
        <time>2024-09-02T13:15:50.000Z</time>
        <extensions>
          <ns3:TrackPointExtension>
            <ns3:cad>88</ns3:cad>
          </ns3:TrackPointExtension>
        </extensions>
      </trkpt>
      <trkpt lat="30.42647673748433589935302734375" lon="120.2567099221050739288330078125">
        <ele>4.599999904632568359375</ele>
        <time>2024-09-02T13:15:51.000Z</time>
        <extensions>
          <ns3:TrackPointExtension>
            <ns3:cad>88</ns3:cad>
          </ns3:TrackPointExtension>
        </extensions>
      </trkpt>
      <trkpt lat="30.42646617628633975982666015625" lon="120.2566958405077457427978515625">
        <ele>4.599999904632568359375</ele>
        <time>2024-09-02T13:15:52.000Z</time>
        <extensions>
          <ns3:TrackPointExtension>
            <ns3:cad>88</ns3:cad>
          </ns3:TrackPointExtension>
        </extensions>
      </trkpt>
      <trkpt lat="30.426457040011882781982421875" lon="120.25667823851108551025390625">
        <ele>4.599999904632568359375</ele>
        <time>2024-09-02T13:15:53.000Z</time>
        <extensions>
          <ns3:TrackPointExtension>
            <ns3:cad>77</ns3:cad>
          </ns3:TrackPointExtension>
        </extensions>
      </trkpt>
      <trkpt lat="30.4264439642429351806640625" lon="120.256662480533123016357421875">
        <ele>4.80000019073486328125</ele>
        <time>2024-09-02T13:15:54.000Z</time>
        <extensions>
          <ns3:TrackPointExtension>
            <ns3:cad>72</ns3:cad>
          </ns3:TrackPointExtension>
        </extensions>
      </trkpt>
      <trkpt lat="30.42643851600587368011474609375" lon="120.25665015913546085357666015625">
        <ele>4.80000019073486328125</ele>
        <time>2024-09-02T13:15:55.000Z</time>
        <extensions>
          <ns3:TrackPointExtension>
            <ns3:cad>68</ns3:cad>
          </ns3:TrackPointExtension>
        </extensions>
      </trkpt>
      <trkpt lat="30.42642527259886264801025390625" lon="120.256640017032623291015625">
        <ele>4.80000019073486328125</ele>
        <time>2024-09-02T13:15:56.000Z</time>
        <extensions>
          <ns3:TrackPointExtension>
            <ns3:cad>68</ns3:cad>
          </ns3:TrackPointExtension>
        </extensions>
      </trkpt>
      <trkpt lat="30.42641471140086650848388671875" lon="120.25661327876150608062744140625">
        <ele>4.80000019073486328125</ele>
        <time>2024-09-02T13:15:57.000Z</time>
        <extensions>
          <ns3:TrackPointExtension>
            <ns3:cad>68</ns3:cad>
          </ns3:TrackPointExtension>
        </extensions>
      </trkpt>
      <trkpt lat="30.42640448547899723052978515625" lon="120.2565731294453144073486328125">
        <ele>5</ele>
        <time>2024-09-02T13:15:58.000Z</time>
        <extensions>
          <ns3:TrackPointExtension>
            <ns3:cad>68</ns3:cad>
          </ns3:TrackPointExtension>
        </extensions>
      </trkpt>
      <trkpt lat="30.4264022223651409149169921875" lon="120.25653230957686901092529296875">
        <ele>5.19999980926513671875</ele>
        <time>2024-09-02T13:15:59.000Z</time>
        <extensions>
          <ns3:TrackPointExtension>
            <ns3:cad>68</ns3:cad>
          </ns3:TrackPointExtension>
        </extensions>
      </trkpt>
      <trkpt lat="30.426392666995525360107421875" lon="120.25649660266935825347900390625">
        <ele>5.400000095367431640625</ele>
        <time>2024-09-02T13:16:00.000Z</time>
        <extensions>
          <ns3:TrackPointExtension>
            <ns3:cad>68</ns3:cad>
          </ns3:TrackPointExtension>
        </extensions>
      </trkpt>
      <trkpt lat="30.42638235725462436676025390625" lon="120.2564598061144351959228515625">
        <ele>5.400000095367431640625</ele>
        <time>2024-09-02T13:16:01.000Z</time>
        <extensions>
          <ns3:TrackPointExtension>
            <ns3:cad>87</ns3:cad>
          </ns3:TrackPointExtension>
        </extensions>
      </trkpt>
      <trkpt lat="30.426374562084674835205078125" lon="120.25642669759690761566162109375">
        <ele>5.599999904632568359375</ele>
        <time>2024-09-02T13:16:02.000Z</time>
        <extensions>
          <ns3:TrackPointExtension>
            <ns3:cad>87</ns3:cad>
          </ns3:TrackPointExtension>
        </extensions>
      </trkpt>
      <trkpt lat="30.42637531645596027374267578125" lon="120.25639048777520656585693359375">
        <ele>5.599999904632568359375</ele>
        <time>2024-09-02T13:16:03.000Z</time>
        <extensions>
          <ns3:TrackPointExtension>
            <ns3:cad>87</ns3:cad>
          </ns3:TrackPointExtension>
        </extensions>
      </trkpt>
      <trkpt lat="30.42638151906430721282958984375" lon="120.2563489973545074462890625">
        <ele>5.80000019073486328125</ele>
        <time>2024-09-02T13:16:04.000Z</time>
        <extensions>
          <ns3:TrackPointExtension>
            <ns3:cad>87</ns3:cad>
          </ns3:TrackPointExtension>
        </extensions>
      </trkpt>
      <trkpt lat="30.42638386599719524383544921875" lon="120.25630163960158824920654296875">
        <ele>5.80000019073486328125</ele>
        <time>2024-09-02T13:16:05.000Z</time>
        <extensions>
          <ns3:TrackPointExtension>
            <ns3:cad>87</ns3:cad>
          </ns3:TrackPointExtension>
        </extensions>
      </trkpt>
      <trkpt lat="30.42638562619686126708984375" lon="120.25626241229474544525146484375">
        <ele>5.80000019073486328125</ele>
        <time>2024-09-02T13:16:06.000Z</time>
        <extensions>
          <ns3:TrackPointExtension>
            <ns3:cad>87</ns3:cad>
          </ns3:TrackPointExtension>
        </extensions>
      </trkpt>
      <trkpt lat="30.426384620368480682373046875" lon="120.25622620247304439544677734375">
        <ele>5.599999904632568359375</ele>
        <time>2024-09-02T13:16:07.000Z</time>
        <extensions>
          <ns3:TrackPointExtension>
            <ns3:cad>88</ns3:cad>
          </ns3:TrackPointExtension>
        </extensions>
      </trkpt>
      <trkpt lat="30.426385961472988128662109375" lon="120.25620407424867153167724609375">
        <ele>5.599999904632568359375</ele>
        <time>2024-09-02T13:16:08.000Z</time>
        <extensions>
          <ns3:TrackPointExtension>
            <ns3:cad>88</ns3:cad>
          </ns3:TrackPointExtension>
        </extensions>
      </trkpt>
      <trkpt lat="30.42638487182557582855224609375" lon="120.256189405918121337890625">
        <ele>5.400000095367431640625</ele>
        <time>2024-09-02T13:16:09.000Z</time>
        <extensions>
          <ns3:TrackPointExtension>
            <ns3:cad>88</ns3:cad>
          </ns3:TrackPointExtension>
        </extensions>
      </trkpt>
      <trkpt lat="30.4263834469020366668701171875" lon="120.2561798505485057830810546875">
        <ele>5.400000095367431640625</ele>
        <time>2024-09-02T13:16:10.000Z</time>
        <extensions>
          <ns3:TrackPointExtension>
            <ns3:cad>88</ns3:cad>
          </ns3:TrackPointExtension>
        </extensions>
      </trkpt>
      <trkpt lat="30.4263769090175628662109375" lon="120.256177671253681182861328125">
        <ele>5.400000095367431640625</ele>
        <time>2024-09-02T13:16:11.000Z</time>
        <extensions>
          <ns3:TrackPointExtension>
            <ns3:cad>0</ns3:cad>
          </ns3:TrackPointExtension>
        </extensions>
      </trkpt>
      <trkpt lat="30.426369197666645050048828125" lon="120.25616325438022613525390625">
        <ele>5.400000095367431640625</ele>
        <time>2024-09-02T13:16:12.000Z</time>
        <extensions>
          <ns3:TrackPointExtension>
            <ns3:cad>0</ns3:cad>
          </ns3:TrackPointExtension>
        </extensions>
      </trkpt>
      <trkpt lat="30.42636282742023468017578125" lon="120.2561531960964202880859375">
        <ele>5.400000095367431640625</ele>
        <time>2024-09-02T13:16:13.000Z</time>
        <extensions>
          <ns3:TrackPointExtension>
            <ns3:cad>0</ns3:cad>
          </ns3:TrackPointExtension>
        </extensions>
      </trkpt>
      <trkpt lat="30.4263556189835071563720703125" lon="120.25614238344132900238037109375">
        <ele>5.400000095367431640625</ele>
        <time>2024-09-02T13:16:14.000Z</time>
        <extensions>
          <ns3:TrackPointExtension>
            <ns3:cad>65</ns3:cad>
          </ns3:TrackPointExtension>
        </extensions>
      </trkpt>
      <trkpt lat="30.426345728337764739990234375" lon="120.256130062043666839599609375">
        <ele>5.400000095367431640625</ele>
        <time>2024-09-02T13:16:15.000Z</time>
        <extensions>
          <ns3:TrackPointExtension>
            <ns3:cad>65</ns3:cad>
          </ns3:TrackPointExtension>
        </extensions>
      </trkpt>
      <trkpt lat="30.42633533477783203125" lon="120.25610969401895999908447265625">
        <ele>5.400000095367431640625</ele>
        <time>2024-09-02T13:16:16.000Z</time>
        <extensions>
          <ns3:TrackPointExtension>
            <ns3:cad>66</ns3:cad>
          </ns3:TrackPointExtension>
        </extensions>
      </trkpt>
      <trkpt lat="30.42632452212274074554443359375" lon="120.25609695352613925933837890625">
        <ele>5.19999980926513671875</ele>
        <time>2024-09-02T13:16:17.000Z</time>
        <extensions>
          <ns3:TrackPointExtension>
            <ns3:cad>66</ns3:cad>
          </ns3:TrackPointExtension>
        </extensions>
      </trkpt>
      <trkpt lat="30.426311194896697998046875" lon="120.25608069263398647308349609375">
        <ele>5.19999980926513671875</ele>
        <time>2024-09-02T13:16:18.000Z</time>
        <extensions>
          <ns3:TrackPointExtension>
            <ns3:cad>65</ns3:cad>
          </ns3:TrackPointExtension>
        </extensions>
      </trkpt>
      <trkpt lat="30.42630591429769992828369140625" lon="120.25606929324567317962646484375">
        <ele>5.19999980926513671875</ele>
        <time>2024-09-02T13:16:19.000Z</time>
        <extensions>
          <ns3:TrackPointExtension>
            <ns3:cad>65</ns3:cad>
          </ns3:TrackPointExtension>
        </extensions>
      </trkpt>
      <trkpt lat="30.426300130784511566162109375" lon="120.2560517750680446624755859375">
        <ele>5</ele>
        <time>2024-09-02T13:16:20.000Z</time>
        <extensions>
          <ns3:TrackPointExtension>
            <ns3:cad>66</ns3:cad>
          </ns3:TrackPointExtension>
        </extensions>
      </trkpt>
      <trkpt lat="30.42629308998584747314453125" lon="120.25603643618524074554443359375">
        <ele>5</ele>
        <time>2024-09-02T13:16:21.000Z</time>
        <extensions>
          <ns3:TrackPointExtension>
            <ns3:cad>67</ns3:cad>
          </ns3:TrackPointExtension>
        </extensions>
      </trkpt>
      <trkpt lat="30.42628864757716655731201171875" lon="120.2560192532837390899658203125">
        <ele>5</ele>
        <time>2024-09-02T13:16:22.000Z</time>
        <extensions>
          <ns3:TrackPointExtension>
            <ns3:cad>67</ns3:cad>
          </ns3:TrackPointExtension>
        </extensions>
      </trkpt>
      <trkpt lat="30.42628479190170764923095703125" lon="120.256003998219966888427734375">
        <ele>5</ele>
        <time>2024-09-02T13:16:23.000Z</time>
        <extensions>
          <ns3:TrackPointExtension>
            <ns3:cad>67</ns3:cad>
          </ns3:TrackPointExtension>
        </extensions>
      </trkpt>
      <trkpt lat="30.4262721352279186248779296875" lon="120.2559998072683811187744140625">
        <ele>5</ele>
        <time>2024-09-02T13:16:24.000Z</time>
        <extensions>
          <ns3:TrackPointExtension>
            <ns3:cad>66</ns3:cad>
          </ns3:TrackPointExtension>
        </extensions>
      </trkpt>
      <trkpt lat="30.42626886628568172454833984375" lon="120.2559853903949260711669921875">
        <ele>5</ele>
        <time>2024-09-02T13:16:25.000Z</time>
        <extensions>
          <ns3:TrackPointExtension>
            <ns3:cad>66</ns3:cad>
          </ns3:TrackPointExtension>
        </extensions>
      </trkpt>
      <trkpt lat="30.42625964619219303131103515625" lon="120.25597013533115386962890625">
        <ele>5</ele>
        <time>2024-09-02T13:16:26.000Z</time>
        <extensions>
          <ns3:TrackPointExtension>
            <ns3:cad>66</ns3:cad>
          </ns3:TrackPointExtension>
        </extensions>
      </trkpt>
      <trkpt lat="30.426251180469989776611328125" lon="120.25595647282898426055908203125">
        <ele>5</ele>
        <time>2024-09-02T13:16:27.000Z</time>
        <extensions>
          <ns3:TrackPointExtension>
            <ns3:cad>67</ns3:cad>
          </ns3:TrackPointExtension>
        </extensions>
      </trkpt>
      <trkpt lat="30.4262382723391056060791015625" lon="120.2559357695281505584716796875">
        <ele>5</ele>
        <time>2024-09-02T13:16:28.000Z</time>
        <extensions>
          <ns3:TrackPointExtension>
            <ns3:cad>67</ns3:cad>
          </ns3:TrackPointExtension>
        </extensions>
      </trkpt>
      <trkpt lat="30.42622393928468227386474609375" lon="120.255915820598602294921875">
        <ele>5</ele>
        <time>2024-09-02T13:16:29.000Z</time>
        <extensions>
          <ns3:TrackPointExtension>
            <ns3:cad>67</ns3:cad>
          </ns3:TrackPointExtension>
        </extensions>
      </trkpt>
      <trkpt lat="30.426207594573497772216796875" lon="120.25589243508875370025634765625">
        <ele>5</ele>
        <time>2024-09-02T13:16:30.000Z</time>
        <extensions>
          <ns3:TrackPointExtension>
            <ns3:cad>67</ns3:cad>
          </ns3:TrackPointExtension>
        </extensions>
      </trkpt>
      <trkpt lat="30.426198877394199371337890625" lon="120.2558742463588714599609375">
        <ele>5</ele>
        <time>2024-09-02T13:16:31.000Z</time>
        <extensions>
          <ns3:TrackPointExtension>
            <ns3:cad>85</ns3:cad>
          </ns3:TrackPointExtension>
        </extensions>
      </trkpt>
      <trkpt lat="30.42619049549102783203125" lon="120.25585253722965717315673828125">
        <ele>5</ele>
        <time>2024-09-02T13:16:32.000Z</time>
        <extensions>
          <ns3:TrackPointExtension>
            <ns3:cad>85</ns3:cad>
          </ns3:TrackPointExtension>
        </extensions>
      </trkpt>
      <trkpt lat="30.42617700062692165374755859375" lon="120.25582931935787200927734375">
        <ele>5</ele>
        <time>2024-09-02T13:16:33.000Z</time>
        <extensions>
          <ns3:TrackPointExtension>
            <ns3:cad>85</ns3:cad>
          </ns3:TrackPointExtension>
        </extensions>
      </trkpt>
      <trkpt lat="30.4261668585240840911865234375" lon="120.2558177523314952850341796875">
        <ele>5</ele>
        <time>2024-09-02T13:16:34.000Z</time>
        <extensions>
          <ns3:TrackPointExtension>
            <ns3:cad>86</ns3:cad>
          </ns3:TrackPointExtension>
        </extensions>
      </trkpt>
      <trkpt lat="30.4261557944118976593017578125" lon="120.25580207817256450653076171875">
        <ele>5</ele>
        <time>2024-09-02T13:16:35.000Z</time>
        <extensions>
          <ns3:TrackPointExtension>
            <ns3:cad>86</ns3:cad>
          </ns3:TrackPointExtension>
        </extensions>
      </trkpt>
      <trkpt lat="30.42615001089870929718017578125" lon="120.25579252280294895172119140625">
        <ele>5</ele>
        <time>2024-09-02T13:16:36.000Z</time>
        <extensions>
          <ns3:TrackPointExtension>
            <ns3:cad>84</ns3:cad>
          </ns3:TrackPointExtension>
        </extensions>
      </trkpt>
      <trkpt lat="30.4261420480906963348388671875" lon="120.25577911175787448883056640625">
        <ele>5</ele>
        <time>2024-09-02T13:16:37.000Z</time>
        <extensions>
          <ns3:TrackPointExtension>
            <ns3:cad>84</ns3:cad>
          </ns3:TrackPointExtension>
        </extensions>
      </trkpt>
      <trkpt lat="30.42613509111106395721435546875" lon="120.25576067157089710235595703125">
        <ele>5</ele>
        <time>2024-09-02T13:16:38.000Z</time>
        <extensions>
          <ns3:TrackPointExtension>
            <ns3:cad>77</ns3:cad>
          </ns3:TrackPointExtension>
        </extensions>
      </trkpt>
      <trkpt lat="30.42613039724528789520263671875" lon="120.25574793107807636260986328125">
        <ele>5</ele>
        <time>2024-09-02T13:16:39.000Z</time>
        <extensions>
          <ns3:TrackPointExtension>
            <ns3:cad>69</ns3:cad>
          </ns3:TrackPointExtension>
        </extensions>
      </trkpt>
      <trkpt lat="30.42612486518919467926025390625" lon="120.2557322569191455841064453125">
        <ele>5</ele>
        <time>2024-09-02T13:16:40.000Z</time>
        <extensions>
          <ns3:TrackPointExtension>
            <ns3:cad>67</ns3:cad>
          </ns3:TrackPointExtension>
        </extensions>
      </trkpt>
      <trkpt lat="30.42611883021891117095947265625" lon="120.255714319646358489990234375">
        <ele>5</ele>
        <time>2024-09-02T13:16:41.000Z</time>
        <extensions>
          <ns3:TrackPointExtension>
            <ns3:cad>65</ns3:cad>
          </ns3:TrackPointExtension>
        </extensions>
      </trkpt>
      <trkpt lat="30.4261118732392787933349609375" lon="120.25569713674485683441162109375">
        <ele>5</ele>
        <time>2024-09-02T13:16:42.000Z</time>
        <extensions>
          <ns3:TrackPointExtension>
            <ns3:cad>65</ns3:cad>
          </ns3:TrackPointExtension>
        </extensions>
      </trkpt>
      <trkpt lat="30.42610608972609043121337890625" lon="120.25567819364368915557861328125">
        <ele>5</ele>
        <time>2024-09-02T13:16:43.000Z</time>
        <extensions>
          <ns3:TrackPointExtension>
            <ns3:cad>65</ns3:cad>
          </ns3:TrackPointExtension>
        </extensions>
      </trkpt>
      <trkpt lat="30.42610156349837779998779296875" lon="120.2556611783802509307861328125">
        <ele>5</ele>
        <time>2024-09-02T13:16:44.000Z</time>
        <extensions>
          <ns3:TrackPointExtension>
            <ns3:cad>66</ns3:cad>
          </ns3:TrackPointExtension>
        </extensions>
      </trkpt>
      <trkpt lat="30.42609754018485546112060546875" lon="120.25564516894519329071044921875">
        <ele>5</ele>
        <time>2024-09-02T13:16:45.000Z</time>
        <extensions>
          <ns3:TrackPointExtension>
            <ns3:cad>66</ns3:cad>
          </ns3:TrackPointExtension>
        </extensions>
      </trkpt>
      <trkpt lat="30.426091253757476806640625" lon="120.2556289918720722198486328125">
        <ele>5</ele>
        <time>2024-09-02T13:16:46.000Z</time>
        <extensions>
          <ns3:TrackPointExtension>
            <ns3:cad>67</ns3:cad>
          </ns3:TrackPointExtension>
        </extensions>
      </trkpt>
      <trkpt lat="30.42608379386365413665771484375" lon="120.2556125633418560028076171875">
        <ele>5</ele>
        <time>2024-09-02T13:16:47.000Z</time>
        <extensions>
          <ns3:TrackPointExtension>
            <ns3:cad>67</ns3:cad>
          </ns3:TrackPointExtension>
        </extensions>
      </trkpt>
      <trkpt lat="30.426078177988529205322265625" lon="120.2555951289832592010498046875">
        <ele>5</ele>
        <time>2024-09-02T13:16:48.000Z</time>
        <extensions>
          <ns3:TrackPointExtension>
            <ns3:cad>67</ns3:cad>
          </ns3:TrackPointExtension>
        </extensions>
      </trkpt>
      <trkpt lat="30.426073484122753143310546875" lon="120.2555770240724086761474609375">
        <ele>5</ele>
        <time>2024-09-02T13:16:49.000Z</time>
        <extensions>
          <ns3:TrackPointExtension>
            <ns3:cad>66</ns3:cad>
          </ns3:TrackPointExtension>
        </extensions>
      </trkpt>
      <trkpt lat="30.4260676167905330657958984375" lon="120.2555579133331775665283203125">
        <ele>5</ele>
        <time>2024-09-02T13:16:50.000Z</time>
        <extensions>
          <ns3:TrackPointExtension>
            <ns3:cad>67</ns3:cad>
          </ns3:TrackPointExtension>
        </extensions>
      </trkpt>
      <trkpt lat="30.42606376111507415771484375" lon="120.25553938932716846466064453125">
        <ele>5</ele>
        <time>2024-09-02T13:16:51.000Z</time>
        <extensions>
          <ns3:TrackPointExtension>
            <ns3:cad>67</ns3:cad>
          </ns3:TrackPointExtension>
        </extensions>
      </trkpt>
      <trkpt lat="30.42605747468769550323486328125" lon="120.25551793165504932403564453125">
        <ele>5</ele>
        <time>2024-09-02T13:16:52.000Z</time>
        <extensions>
          <ns3:TrackPointExtension>
            <ns3:cad>67</ns3:cad>
          </ns3:TrackPointExtension>
        </extensions>
      </trkpt>
      <trkpt lat="30.42604674585163593292236328125" lon="120.25549345649778842926025390625">
        <ele>4.80000019073486328125</ele>
        <time>2024-09-02T13:16:53.000Z</time>
        <extensions>
          <ns3:TrackPointExtension>
            <ns3:cad>67</ns3:cad>
          </ns3:TrackPointExtension>
        </extensions>
      </trkpt>
      <trkpt lat="30.42603350244462490081787109375" lon="120.25546914897859096527099609375">
        <ele>4.80000019073486328125</ele>
        <time>2024-09-02T13:16:54.000Z</time>
        <extensions>
          <ns3:TrackPointExtension>
            <ns3:cad>0</ns3:cad>
          </ns3:TrackPointExtension>
        </extensions>
      </trkpt>
      <trkpt lat="30.4260220192372798919677734375" lon="120.25544433854520320892333984375">
        <ele>4.80000019073486328125</ele>
        <time>2024-09-02T13:16:55.000Z</time>
        <extensions>
          <ns3:TrackPointExtension>
            <ns3:cad>0</ns3:cad>
          </ns3:TrackPointExtension>
        </extensions>
      </trkpt>
      <trkpt lat="30.4260086081922054290771484375" lon="120.2554207853972911834716796875">
        <ele>4.599999904632568359375</ele>
        <time>2024-09-02T13:16:56.000Z</time>
        <extensions>
          <ns3:TrackPointExtension>
            <ns3:cad>85</ns3:cad>
          </ns3:TrackPointExtension>
        </extensions>
      </trkpt>
      <trkpt lat="30.425996370613574981689453125" lon="120.2553979866206645965576171875">
        <ele>4.400000095367431640625</ele>
        <time>2024-09-02T13:16:57.000Z</time>
        <extensions>
          <ns3:TrackPointExtension>
            <ns3:cad>85</ns3:cad>
          </ns3:TrackPointExtension>
        </extensions>
      </trkpt>
      <trkpt lat="30.4259879887104034423828125" lon="120.2553788758814334869384765625">
        <ele>4.400000095367431640625</ele>
        <time>2024-09-02T13:16:58.000Z</time>
        <extensions>
          <ns3:TrackPointExtension>
            <ns3:cad>85</ns3:cad>
          </ns3:TrackPointExtension>
        </extensions>
      </trkpt>
      <trkpt lat="30.42598354630172252655029296875" lon="120.25536127388477325439453125">
        <ele>4.400000095367431640625</ele>
        <time>2024-09-02T13:16:59.000Z</time>
        <extensions>
          <ns3:TrackPointExtension>
            <ns3:cad>85</ns3:cad>
          </ns3:TrackPointExtension>
        </extensions>
      </trkpt>
      <trkpt lat="30.4259801097214221954345703125" lon="120.2553433366119861602783203125">
        <ele>4.400000095367431640625</ele>
        <time>2024-09-02T13:17:00.000Z</time>
        <extensions>
          <ns3:TrackPointExtension>
            <ns3:cad>85</ns3:cad>
          </ns3:TrackPointExtension>
        </extensions>
      </trkpt>
      <trkpt lat="30.42597063817083835601806640625" lon="120.25532833300530910491943359375">
        <ele>4.400000095367431640625</ele>
        <time>2024-09-02T13:17:01.000Z</time>
        <extensions>
          <ns3:TrackPointExtension>
            <ns3:cad>85</ns3:cad>
          </ns3:TrackPointExtension>
        </extensions>
      </trkpt>
      <trkpt lat="30.425960160791873931884765625" lon="120.25531835854053497314453125">
        <ele>4.400000095367431640625</ele>
        <time>2024-09-02T13:17:02.000Z</time>
        <extensions>
          <ns3:TrackPointExtension>
            <ns3:cad>71</ns3:cad>
          </ns3:TrackPointExtension>
        </extensions>
      </trkpt>
      <trkpt lat="30.42595119215548038482666015625" lon="120.25530586950480937957763671875">
        <ele>4.19999980926513671875</ele>
        <time>2024-09-02T13:17:03.000Z</time>
        <extensions>
          <ns3:TrackPointExtension>
            <ns3:cad>71</ns3:cad>
          </ns3:TrackPointExtension>
        </extensions>
      </trkpt>
      <trkpt lat="30.4259435646235942840576171875" lon="120.255291871726512908935546875">
        <ele>4.19999980926513671875</ele>
        <time>2024-09-02T13:17:04.000Z</time>
        <extensions>
          <ns3:TrackPointExtension>
            <ns3:cad>71</ns3:cad>
          </ns3:TrackPointExtension>
        </extensions>
      </trkpt>
      <trkpt lat="30.4259371943771839141845703125" lon="120.25527535937726497650146484375">
        <ele>4.19999980926513671875</ele>
        <time>2024-09-02T13:17:05.000Z</time>
        <extensions>
          <ns3:TrackPointExtension>
            <ns3:cad>66</ns3:cad>
          </ns3:TrackPointExtension>
        </extensions>
      </trkpt>
      <trkpt lat="30.42593099176883697509765625" lon="120.25526111014187335968017578125">
        <ele>4.19999980926513671875</ele>
        <time>2024-09-02T13:17:06.000Z</time>
        <extensions>
          <ns3:TrackPointExtension>
            <ns3:cad>66</ns3:cad>
          </ns3:TrackPointExtension>
        </extensions>
      </trkpt>
      <trkpt lat="30.4259234480559825897216796875" lon="120.25525222532451152801513671875">
        <ele>4.19999980926513671875</ele>
        <time>2024-09-02T13:17:07.000Z</time>
        <extensions>
          <ns3:TrackPointExtension>
            <ns3:cad>66</ns3:cad>
          </ns3:TrackPointExtension>
        </extensions>
      </trkpt>
      <trkpt lat="30.4259170778095722198486328125" lon="120.25524132885038852691650390625">
        <ele>4.19999980926513671875</ele>
        <time>2024-09-02T13:17:08.000Z</time>
        <extensions>
          <ns3:TrackPointExtension>
            <ns3:cad>66</ns3:cad>
          </ns3:TrackPointExtension>
        </extensions>
      </trkpt>
      <trkpt lat="30.42591230012476444244384765625" lon="120.25522858835756778717041015625">
        <ele>4.19999980926513671875</ele>
        <time>2024-09-02T13:17:09.000Z</time>
        <extensions>
          <ns3:TrackPointExtension>
            <ns3:cad>66</ns3:cad>
          </ns3:TrackPointExtension>
        </extensions>
      </trkpt>
      <trkpt lat="30.425906516611576080322265625" lon="120.25521651841700077056884765625">
        <ele>4</ele>
        <time>2024-09-02T13:17:10.000Z</time>
        <extensions>
          <ns3:TrackPointExtension>
            <ns3:cad>64</ns3:cad>
          </ns3:TrackPointExtension>
        </extensions>
      </trkpt>
      <trkpt lat="30.42589872144162654876708984375" lon="120.2552048675715923309326171875">
        <ele>4</ele>
        <time>2024-09-02T13:17:11.000Z</time>
        <extensions>
          <ns3:TrackPointExtension>
            <ns3:cad>63</ns3:cad>
          </ns3:TrackPointExtension>
        </extensions>
      </trkpt>
      <trkpt lat="30.42589017190039157867431640625" lon="120.2551902830600738525390625">
        <ele>4</ele>
        <time>2024-09-02T13:17:12.000Z</time>
        <extensions>
          <ns3:TrackPointExtension>
            <ns3:cad>63</ns3:cad>
          </ns3:TrackPointExtension>
        </extensions>
      </trkpt>
      <trkpt lat="30.42588061653077602386474609375" lon="120.2551743574440479278564453125">
        <ele>3.7999999523162841796875</ele>
        <time>2024-09-02T13:17:13.000Z</time>
        <extensions>
          <ns3:TrackPointExtension>
            <ns3:cad>63</ns3:cad>
          </ns3:TrackPointExtension>
        </extensions>
      </trkpt>
      <trkpt lat="30.42586804367601871490478515625" lon="120.25515331886708736419677734375">
        <ele>3.7999999523162841796875</ele>
        <time>2024-09-02T13:17:14.000Z</time>
        <extensions>
          <ns3:TrackPointExtension>
            <ns3:cad>86</ns3:cad>
          </ns3:TrackPointExtension>
        </extensions>
      </trkpt>
      <trkpt lat="30.4258550517261028289794921875" lon="120.2551304362714290618896484375">
        <ele>3.599999904632568359375</ele>
        <time>2024-09-02T13:17:15.000Z</time>
        <extensions>
          <ns3:TrackPointExtension>
            <ns3:cad>86</ns3:cad>
          </ns3:TrackPointExtension>
        </extensions>
      </trkpt>
      <trkpt lat="30.4258470050990581512451171875" lon="120.255105458199977874755859375">
        <ele>3.599999904632568359375</ele>
        <time>2024-09-02T13:17:16.000Z</time>
        <extensions>
          <ns3:TrackPointExtension>
            <ns3:cad>88</ns3:cad>
          </ns3:TrackPointExtension>
        </extensions>
      </trkpt>
      <trkpt lat="30.425838120281696319580078125" lon="120.2550814859569072723388671875">
        <ele>3.400000095367431640625</ele>
        <time>2024-09-02T13:17:17.000Z</time>
        <extensions>
          <ns3:TrackPointExtension>
            <ns3:cad>88</ns3:cad>
          </ns3:TrackPointExtension>
        </extensions>
      </trkpt>
      <trkpt lat="30.42582697235047817230224609375" lon="120.2550593577325344085693359375">
        <ele>3.400000095367431640625</ele>
        <time>2024-09-02T13:17:18.000Z</time>
        <extensions>
          <ns3:TrackPointExtension>
            <ns3:cad>88</ns3:cad>
          </ns3:TrackPointExtension>
        </extensions>
      </trkpt>
      <trkpt lat="30.42581356130540370941162109375" lon="120.2550362236797809600830078125">
        <ele>3.2000000476837158203125</ele>
        <time>2024-09-02T13:17:19.000Z</time>
        <extensions>
          <ns3:TrackPointExtension>
            <ns3:cad>88</ns3:cad>
          </ns3:TrackPointExtension>
        </extensions>
      </trkpt>
      <trkpt lat="30.42579897679388523101806640625" lon="120.2550083957612514495849609375">
        <ele>3</ele>
        <time>2024-09-02T13:17:20.000Z</time>
        <extensions>
          <ns3:TrackPointExtension>
            <ns3:cad>88</ns3:cad>
          </ns3:TrackPointExtension>
        </extensions>
      </trkpt>
      <trkpt lat="30.42579445056617259979248046875" lon="120.25499322451651096343994140625">
        <ele>3</ele>
        <time>2024-09-02T13:17:21.000Z</time>
        <extensions>
          <ns3:TrackPointExtension>
            <ns3:cad>88</ns3:cad>
          </ns3:TrackPointExtension>
        </extensions>
      </trkpt>
      <trkpt lat="30.42579009197652339935302734375" lon="120.25497511960566043853759765625">
        <ele>3</ele>
        <time>2024-09-02T13:17:22.000Z</time>
        <extensions>
          <ns3:TrackPointExtension>
            <ns3:cad>88</ns3:cad>
          </ns3:TrackPointExtension>
        </extensions>
      </trkpt>
      <trkpt lat="30.425784476101398468017578125" lon="120.254957266151905059814453125">
        <ele>3</ele>
        <time>2024-09-02T13:17:23.000Z</time>
        <extensions>
          <ns3:TrackPointExtension>
            <ns3:cad>88</ns3:cad>
          </ns3:TrackPointExtension>
        </extensions>
      </trkpt>
      <trkpt lat="30.42577835731208324432373046875" lon="120.25494041852653026580810546875">
        <ele>2.7999999523162841796875</ele>
        <time>2024-09-02T13:17:24.000Z</time>
        <extensions>
          <ns3:TrackPointExtension>
            <ns3:cad>0</ns3:cad>
          </ns3:TrackPointExtension>
        </extensions>
      </trkpt>
      <trkpt lat="30.425771065056324005126953125" lon="120.25492080487310886383056640625">
        <ele>2.7999999523162841796875</ele>
        <time>2024-09-02T13:17:25.000Z</time>
        <extensions>
          <ns3:TrackPointExtension>
            <ns3:cad>0</ns3:cad>
          </ns3:TrackPointExtension>
        </extensions>
      </trkpt>
      <trkpt lat="30.42576477862894535064697265625" lon="120.2549064718186855316162109375">
        <ele>2.7999999523162841796875</ele>
        <time>2024-09-02T13:17:26.000Z</time>
        <extensions>
          <ns3:TrackPointExtension>
            <ns3:cad>0</ns3:cad>
          </ns3:TrackPointExtension>
        </extensions>
      </trkpt>
      <trkpt lat="30.42576461099088191986083984375" lon="120.25489297695457935333251953125">
        <ele>3</ele>
        <time>2024-09-02T13:17:27.000Z</time>
        <extensions>
          <ns3:TrackPointExtension>
            <ns3:cad>68</ns3:cad>
          </ns3:TrackPointExtension>
        </extensions>
      </trkpt>
      <trkpt lat="30.425759665668010711669921875" lon="120.25487847626209259033203125">
        <ele>3.2000000476837158203125</ele>
        <time>2024-09-02T13:17:28.000Z</time>
        <extensions>
          <ns3:TrackPointExtension>
            <ns3:cad>68</ns3:cad>
          </ns3:TrackPointExtension>
        </extensions>
      </trkpt>
      <trkpt lat="30.42575052939355373382568359375" lon="120.25486238300800323486328125">
        <ele>3.2000000476837158203125</ele>
        <time>2024-09-02T13:17:29.000Z</time>
        <extensions>
          <ns3:TrackPointExtension>
            <ns3:cad>68</ns3:cad>
          </ns3:TrackPointExtension>
        </extensions>
      </trkpt>
      <trkpt lat="30.42573560960590839385986328125" lon="120.254844613373279571533203125">
        <ele>3.2000000476837158203125</ele>
        <time>2024-09-02T13:17:30.000Z</time>
        <extensions>
          <ns3:TrackPointExtension>
            <ns3:cad>0</ns3:cad>
          </ns3:TrackPointExtension>
        </extensions>
      </trkpt>
      <trkpt lat="30.425723455846309661865234375" lon="120.254821144044399261474609375">
        <ele>3.400000095367431640625</ele>
        <time>2024-09-02T13:17:31.000Z</time>
        <extensions>
          <ns3:TrackPointExtension>
            <ns3:cad>0</ns3:cad>
          </ns3:TrackPointExtension>
        </extensions>
      </trkpt>
      <trkpt lat="30.4257128946483135223388671875" lon="120.25479490868747234344482421875">
        <ele>3.599999904632568359375</ele>
        <time>2024-09-02T13:17:32.000Z</time>
        <extensions>
          <ns3:TrackPointExtension>
            <ns3:cad>0</ns3:cad>
          </ns3:TrackPointExtension>
        </extensions>
      </trkpt>
      <trkpt lat="30.42570208199322223663330078125" lon="120.254767499864101409912109375">
        <ele>3.7999999523162841796875</ele>
        <time>2024-09-02T13:17:33.000Z</time>
        <extensions>
          <ns3:TrackPointExtension>
            <ns3:cad>83</ns3:cad>
          </ns3:TrackPointExtension>
        </extensions>
      </trkpt>
      <trkpt lat="30.4256877489387989044189453125" lon="120.254741348326206207275390625">
        <ele>3.7999999523162841796875</ele>
        <time>2024-09-02T13:17:34.000Z</time>
        <extensions>
          <ns3:TrackPointExtension>
            <ns3:cad>86</ns3:cad>
          </ns3:TrackPointExtension>
        </extensions>
      </trkpt>
      <trkpt lat="30.4256790317595005035400390625" lon="120.25472600944340229034423828125">
        <ele>4</ele>
        <time>2024-09-02T13:17:35.000Z</time>
        <extensions>
          <ns3:TrackPointExtension>
            <ns3:cad>86</ns3:cad>
          </ns3:TrackPointExtension>
        </extensions>
      </trkpt>
      <trkpt lat="30.42566813528537750244140625" lon="120.25470287539064884185791015625">
        <ele>4</ele>
        <time>2024-09-02T13:17:36.000Z</time>
        <extensions>
          <ns3:TrackPointExtension>
            <ns3:cad>86</ns3:cad>
          </ns3:TrackPointExtension>
        </extensions>
      </trkpt>
      <trkpt lat="30.42565866373479366302490234375" lon="120.25468259118497371673583984375">
        <ele>4.19999980926513671875</ele>
        <time>2024-09-02T13:17:37.000Z</time>
        <extensions>
          <ns3:TrackPointExtension>
            <ns3:cad>86</ns3:cad>
          </ns3:TrackPointExtension>
        </extensions>
      </trkpt>
      <trkpt lat="30.4256473481655120849609375" lon="120.2546684257686138153076171875">
        <ele>4.19999980926513671875</ele>
        <time>2024-09-02T13:17:38.000Z</time>
        <extensions>
          <ns3:TrackPointExtension>
            <ns3:cad>86</ns3:cad>
          </ns3:TrackPointExtension>
        </extensions>
      </trkpt>
      <trkpt lat="30.4256371222436428070068359375" lon="120.2546563558280467987060546875">
        <ele>4.19999980926513671875</ele>
        <time>2024-09-02T13:17:39.000Z</time>
        <extensions>
          <ns3:TrackPointExtension>
            <ns3:cad>86</ns3:cad>
          </ns3:TrackPointExtension>
        </extensions>
      </trkpt>
      <trkpt lat="30.42562932707369327545166015625" lon="120.2546404302120208740234375">
        <ele>4.400000095367431640625</ele>
        <time>2024-09-02T13:17:40.000Z</time>
        <extensions>
          <ns3:TrackPointExtension>
            <ns3:cad>86</ns3:cad>
          </ns3:TrackPointExtension>
        </extensions>
      </trkpt>
      <trkpt lat="30.42562429793179035186767578125" lon="120.25462157092988491058349609375">
        <ele>4.400000095367431640625</ele>
        <time>2024-09-02T13:17:41.000Z</time>
        <extensions>
          <ns3:TrackPointExtension>
            <ns3:cad>73</ns3:cad>
          </ns3:TrackPointExtension>
        </extensions>
      </trkpt>
      <trkpt lat="30.42562161572277545928955078125" lon="120.25460648350417613983154296875">
        <ele>4.400000095367431640625</ele>
        <time>2024-09-02T13:17:42.000Z</time>
        <extensions>
          <ns3:TrackPointExtension>
            <ns3:cad>71</ns3:cad>
          </ns3:TrackPointExtension>
        </extensions>
      </trkpt>
      <trkpt lat="30.42561390437185764312744140625" lon="120.25458536110818386077880859375">
        <ele>4.599999904632568359375</ele>
        <time>2024-09-02T13:17:43.000Z</time>
        <extensions>
          <ns3:TrackPointExtension>
            <ns3:cad>71</ns3:cad>
          </ns3:TrackPointExtension>
        </extensions>
      </trkpt>
      <trkpt lat="30.42560510337352752685546875" lon="120.25456943549215793609619140625">
        <ele>4.599999904632568359375</ele>
        <time>2024-09-02T13:17:44.000Z</time>
        <extensions>
          <ns3:TrackPointExtension>
            <ns3:cad>68</ns3:cad>
          </ns3:TrackPointExtension>
        </extensions>
      </trkpt>
      <trkpt lat="30.42559261433780193328857421875" lon="120.25454831309616565704345703125">
        <ele>4.599999904632568359375</ele>
        <time>2024-09-02T13:17:45.000Z</time>
        <extensions>
          <ns3:TrackPointExtension>
            <ns3:cad>68</ns3:cad>
          </ns3:TrackPointExtension>
        </extensions>
      </trkpt>
      <trkpt lat="30.4255797900259494781494140625" lon="120.25452769361436367034912109375">
        <ele>4.599999904632568359375</ele>
        <time>2024-09-02T13:17:46.000Z</time>
        <extensions>
          <ns3:TrackPointExtension>
            <ns3:cad>68</ns3:cad>
          </ns3:TrackPointExtension>
        </extensions>
      </trkpt>
      <trkpt lat="30.42556864209473133087158203125" lon="120.25450556538999080657958984375">
        <ele>4.599999904632568359375</ele>
        <time>2024-09-02T13:17:47.000Z</time>
        <extensions>
          <ns3:TrackPointExtension>
            <ns3:cad>68</ns3:cad>
          </ns3:TrackPointExtension>
        </extensions>
      </trkpt>
      <trkpt lat="30.42555774562060832977294921875" lon="120.25448243133723735809326171875">
        <ele>4.599999904632568359375</ele>
        <time>2024-09-02T13:17:48.000Z</time>
        <extensions>
          <ns3:TrackPointExtension>
            <ns3:cad>85</ns3:cad>
          </ns3:TrackPointExtension>
        </extensions>
      </trkpt>
      <trkpt lat="30.42554668150842189788818359375" lon="120.2544602192938327789306640625">
        <ele>4.80000019073486328125</ele>
        <time>2024-09-02T13:17:49.000Z</time>
        <extensions>
          <ns3:TrackPointExtension>
            <ns3:cad>86</ns3:cad>
          </ns3:TrackPointExtension>
        </extensions>
      </trkpt>
      <trkpt lat="30.4255345277488231658935546875" lon="120.2544380910694599151611328125">
        <ele>4.80000019073486328125</ele>
        <time>2024-09-02T13:17:50.000Z</time>
        <extensions>
          <ns3:TrackPointExtension>
            <ns3:cad>86</ns3:cad>
          </ns3:TrackPointExtension>
        </extensions>
      </trkpt>
      <trkpt lat="30.4255214519798755645751953125" lon="120.25441713631153106689453125">
        <ele>4.80000019073486328125</ele>
        <time>2024-09-02T13:17:51.000Z</time>
        <extensions>
          <ns3:TrackPointExtension>
            <ns3:cad>86</ns3:cad>
          </ns3:TrackPointExtension>
        </extensions>
      </trkpt>
      <trkpt lat="30.42550829239189624786376953125" lon="120.254395343363285064697265625">
        <ele>4.80000019073486328125</ele>
        <time>2024-09-02T13:17:52.000Z</time>
        <extensions>
          <ns3:TrackPointExtension>
            <ns3:cad>86</ns3:cad>
          </ns3:TrackPointExtension>
        </extensions>
      </trkpt>
      <trkpt lat="30.42549571953713893890380859375" lon="120.25436961092054843902587890625">
        <ele>4.80000019073486328125</ele>
        <time>2024-09-02T13:17:53.000Z</time>
        <extensions>
          <ns3:TrackPointExtension>
            <ns3:cad>86</ns3:cad>
          </ns3:TrackPointExtension>
        </extensions>
      </trkpt>
      <trkpt lat="30.42548440396785736083984375" lon="120.254346393048763275146484375">
        <ele>4.80000019073486328125</ele>
        <time>2024-09-02T13:17:54.000Z</time>
        <extensions>
          <ns3:TrackPointExtension>
            <ns3:cad>86</ns3:cad>
          </ns3:TrackPointExtension>
        </extensions>
      </trkpt>
      <trkpt lat="30.42547090910375118255615234375" lon="120.25432283990085124969482421875">
        <ele>4.80000019073486328125</ele>
        <time>2024-09-02T13:17:55.000Z</time>
        <extensions>
          <ns3:TrackPointExtension>
            <ns3:cad>86</ns3:cad>
          </ns3:TrackPointExtension>
        </extensions>
      </trkpt>
      <trkpt lat="30.4254574142396450042724609375" lon="120.254302136600017547607421875">
        <ele>4.80000019073486328125</ele>
        <time>2024-09-02T13:17:56.000Z</time>
        <extensions>
          <ns3:TrackPointExtension>
            <ns3:cad>86</ns3:cad>
          </ns3:TrackPointExtension>
        </extensions>
      </trkpt>
      <trkpt lat="30.42544190771877765655517578125" lon="120.25428310967981815338134765625">
        <ele>4.80000019073486328125</ele>
        <time>2024-09-02T13:17:57.000Z</time>
        <extensions>
          <ns3:TrackPointExtension>
            <ns3:cad>85</ns3:cad>
          </ns3:TrackPointExtension>
        </extensions>
      </trkpt>
      <trkpt lat="30.42543134652078151702880859375" lon="120.2542647533118724822998046875">
        <ele>4.599999904632568359375</ele>
        <time>2024-09-02T13:17:58.000Z</time>
        <extensions>
          <ns3:TrackPointExtension>
            <ns3:cad>85</ns3:cad>
          </ns3:TrackPointExtension>
        </extensions>
      </trkpt>
      <trkpt lat="30.425421707332134246826171875" lon="120.25424656458199024200439453125">
        <ele>4.599999904632568359375</ele>
        <time>2024-09-02T13:17:59.000Z</time>
        <extensions>
          <ns3:TrackPointExtension>
            <ns3:cad>85</ns3:cad>
          </ns3:TrackPointExtension>
        </extensions>
      </trkpt>
      <trkpt lat="30.425417013466358184814453125" lon="120.25423566810786724090576171875">
        <ele>4.599999904632568359375</ele>
        <time>2024-09-02T13:18:00.000Z</time>
        <extensions>
          <ns3:TrackPointExtension>
            <ns3:cad>85</ns3:cad>
          </ns3:TrackPointExtension>
        </extensions>
      </trkpt>
      <trkpt lat="30.4254134930670261383056640625" lon="120.25421756319701671600341796875">
        <ele>4.599999904632568359375</ele>
        <time>2024-09-02T13:18:01.000Z</time>
        <extensions>
          <ns3:TrackPointExtension>
            <ns3:cad>84</ns3:cad>
          </ns3:TrackPointExtension>
        </extensions>
      </trkpt>
      <trkpt lat="30.42540754191577434539794921875" lon="120.254202894866466522216796875">
        <ele>4.599999904632568359375</ele>
        <time>2024-09-02T13:18:02.000Z</time>
        <extensions>
          <ns3:TrackPointExtension>
            <ns3:cad>84</ns3:cad>
          </ns3:TrackPointExtension>
        </extensions>
      </trkpt>
      <trkpt lat="30.4254014231264591217041015625" lon="120.2541926689445972442626953125">
        <ele>4.599999904632568359375</ele>
        <time>2024-09-02T13:18:03.000Z</time>
        <extensions>
          <ns3:TrackPointExtension>
            <ns3:cad>84</ns3:cad>
          </ns3:TrackPointExtension>
        </extensions>
      </trkpt>
      <trkpt lat="30.42539262212812900543212890625" lon="120.25418487377464771270751953125">
        <ele>4.599999904632568359375</ele>
        <time>2024-09-02T13:18:04.000Z</time>
        <extensions>
          <ns3:TrackPointExtension>
            <ns3:cad>84</ns3:cad>
          </ns3:TrackPointExtension>
        </extensions>
      </trkpt>
      <trkpt lat="30.42537979781627655029296875" lon="120.25417380966246128082275390625">
        <ele>4.400000095367431640625</ele>
        <time>2024-09-02T13:18:05.000Z</time>
        <extensions>
          <ns3:TrackPointExtension>
            <ns3:cad>68</ns3:cad>
          </ns3:TrackPointExtension>
        </extensions>
      </trkpt>
      <trkpt lat="30.425372086465358734130859375" lon="120.25415587238967418670654296875">
        <ele>4.400000095367431640625</ele>
        <time>2024-09-02T13:18:06.000Z</time>
        <extensions>
          <ns3:TrackPointExtension>
            <ns3:cad>68</ns3:cad>
          </ns3:TrackPointExtension>
        </extensions>
      </trkpt>
      <trkpt lat="30.4253628663718700408935546875" lon="120.2541420422494411468505859375">
        <ele>4.400000095367431640625</ele>
        <time>2024-09-02T13:18:07.000Z</time>
        <extensions>
          <ns3:TrackPointExtension>
            <ns3:cad>65</ns3:cad>
          </ns3:TrackPointExtension>
        </extensions>
      </trkpt>
      <trkpt lat="30.425359345972537994384765625" lon="120.25412502698600292205810546875">
        <ele>4.400000095367431640625</ele>
        <time>2024-09-02T13:18:08.000Z</time>
        <extensions>
          <ns3:TrackPointExtension>
            <ns3:cad>65</ns3:cad>
          </ns3:TrackPointExtension>
        </extensions>
      </trkpt>
      <trkpt lat="30.42535163462162017822265625" lon="120.2541118673980236053466796875">
        <ele>4.400000095367431640625</ele>
        <time>2024-09-02T13:18:09.000Z</time>
        <extensions>
          <ns3:TrackPointExtension>
            <ns3:cad>66</ns3:cad>
          </ns3:TrackPointExtension>
        </extensions>
      </trkpt>
      <trkpt lat="30.4253430850803852081298828125" lon="120.2541004680097103118896484375">
        <ele>4.400000095367431640625</ele>
        <time>2024-09-02T13:18:10.000Z</time>
        <extensions>
          <ns3:TrackPointExtension>
            <ns3:cad>66</ns3:cad>
          </ns3:TrackPointExtension>
        </extensions>
      </trkpt>
      <trkpt lat="30.42533327825367450714111328125" lon="120.25409049354493618011474609375">
        <ele>4.400000095367431640625</ele>
        <time>2024-09-02T13:18:11.000Z</time>
        <extensions>
          <ns3:TrackPointExtension>
            <ns3:cad>66</ns3:cad>
          </ns3:TrackPointExtension>
        </extensions>
      </trkpt>
      <trkpt lat="30.42533126659691333770751953125" lon="120.2540669403970241546630859375">
        <ele>4.400000095367431640625</ele>
        <time>2024-09-02T13:18:12.000Z</time>
        <extensions>
          <ns3:TrackPointExtension>
            <ns3:cad>66</ns3:cad>
          </ns3:TrackPointExtension>
        </extensions>
      </trkpt>
      <trkpt lat="30.42532506398856639862060546875" lon="120.25405210442841053009033203125">
        <ele>4.400000095367431640625</ele>
        <time>2024-09-02T13:18:13.000Z</time>
        <extensions>
          <ns3:TrackPointExtension>
            <ns3:cad>66</ns3:cad>
          </ns3:TrackPointExtension>
        </extensions>
      </trkpt>
      <trkpt lat="30.42532137595117092132568359375" lon="120.2540350891649723052978515625">
        <ele>4.400000095367431640625</ele>
        <time>2024-09-02T13:18:14.000Z</time>
        <extensions>
          <ns3:TrackPointExtension>
            <ns3:cad>66</ns3:cad>
          </ns3:TrackPointExtension>
        </extensions>
      </trkpt>
      <trkpt lat="30.42531467042863368988037109375" lon="120.2540213428437709808349609375">
        <ele>4.400000095367431640625</ele>
        <time>2024-09-02T13:18:15.000Z</time>
        <extensions>
          <ns3:TrackPointExtension>
            <ns3:cad>66</ns3:cad>
          </ns3:TrackPointExtension>
        </extensions>
      </trkpt>
      <trkpt lat="30.425302349030971527099609375" lon="120.25401120074093341827392578125">
        <ele>4.400000095367431640625</ele>
        <time>2024-09-02T13:18:16.000Z</time>
        <extensions>
          <ns3:TrackPointExtension>
            <ns3:cad>66</ns3:cad>
          </ns3:TrackPointExtension>
        </extensions>
      </trkpt>
      <trkpt lat="30.425290949642658233642578125" lon="120.2539967000484466552734375">
        <ele>4.400000095367431640625</ele>
        <time>2024-09-02T13:18:17.000Z</time>
        <extensions>
          <ns3:TrackPointExtension>
            <ns3:cad>67</ns3:cad>
          </ns3:TrackPointExtension>
        </extensions>
      </trkpt>
      <trkpt lat="30.425287596881389617919921875" lon="120.25398672558367252349853515625">
        <ele>4.400000095367431640625</ele>
        <time>2024-09-02T13:18:18.000Z</time>
        <extensions>
          <ns3:TrackPointExtension>
            <ns3:cad>67</ns3:cad>
          </ns3:TrackPointExtension>
        </extensions>
      </trkpt>
      <trkpt lat="30.42528080753982067108154296875" lon="120.25397633202373981475830078125">
        <ele>4.599999904632568359375</ele>
        <time>2024-09-02T13:18:19.000Z</time>
        <extensions>
          <ns3:TrackPointExtension>
            <ns3:cad>66</ns3:cad>
          </ns3:TrackPointExtension>
        </extensions>
      </trkpt>
      <trkpt lat="30.4252770356833934783935546875" lon="120.2539643459022045135498046875">
        <ele>4.599999904632568359375</ele>
        <time>2024-09-02T13:18:20.000Z</time>
        <extensions>
          <ns3:TrackPointExtension>
            <ns3:cad>66</ns3:cad>
          </ns3:TrackPointExtension>
        </extensions>
      </trkpt>
      <trkpt lat="30.425269491970539093017578125" lon="120.25394632481038570404052734375">
        <ele>4.599999904632568359375</ele>
        <time>2024-09-02T13:18:21.000Z</time>
        <extensions>
          <ns3:TrackPointExtension>
            <ns3:cad>66</ns3:cad>
          </ns3:TrackPointExtension>
        </extensions>
      </trkpt>
      <trkpt lat="30.42526337318122386932373046875" lon="120.25393425486981868743896484375">
        <ele>4.599999904632568359375</ele>
        <time>2024-09-02T13:18:22.000Z</time>
        <extensions>
          <ns3:TrackPointExtension>
            <ns3:cad>67</ns3:cad>
          </ns3:TrackPointExtension>
        </extensions>
      </trkpt>
      <trkpt lat="30.42525331489741802215576171875" lon="120.25391816161572933197021484375">
        <ele>4.599999904632568359375</ele>
        <time>2024-09-02T13:18:23.000Z</time>
        <extensions>
          <ns3:TrackPointExtension>
            <ns3:cad>67</ns3:cad>
          </ns3:TrackPointExtension>
        </extensions>
      </trkpt>
      <trkpt lat="30.425244681537151336669921875" lon="120.25390625931322574615478515625">
        <ele>4.599999904632568359375</ele>
        <time>2024-09-02T13:18:24.000Z</time>
        <extensions>
          <ns3:TrackPointExtension>
            <ns3:cad>67</ns3:cad>
          </ns3:TrackPointExtension>
        </extensions>
      </trkpt>
      <trkpt lat="30.42523495852947235107421875" lon="120.2538905851542949676513671875">
        <ele>4.599999904632568359375</ele>
        <time>2024-09-02T13:18:25.000Z</time>
        <extensions>
          <ns3:TrackPointExtension>
            <ns3:cad>66</ns3:cad>
          </ns3:TrackPointExtension>
        </extensions>
      </trkpt>
      <trkpt lat="30.42522649280726909637451171875" lon="120.25387792848050594329833984375">
        <ele>4.80000019073486328125</ele>
        <time>2024-09-02T13:18:26.000Z</time>
        <extensions>
          <ns3:TrackPointExtension>
            <ns3:cad>65</ns3:cad>
          </ns3:TrackPointExtension>
        </extensions>
      </trkpt>
      <trkpt lat="30.42521626688539981842041015625" lon="120.253864265978336334228515625">
        <ele>4.80000019073486328125</ele>
        <time>2024-09-02T13:18:27.000Z</time>
        <extensions>
          <ns3:TrackPointExtension>
            <ns3:cad>65</ns3:cad>
          </ns3:TrackPointExtension>
        </extensions>
      </trkpt>
      <trkpt lat="30.42520469985902309417724609375" lon="120.25384507142007350921630859375">
        <ele>4.80000019073486328125</ele>
        <time>2024-09-02T13:18:28.000Z</time>
        <extensions>
          <ns3:TrackPointExtension>
            <ns3:cad>65</ns3:cad>
          </ns3:TrackPointExtension>
        </extensions>
      </trkpt>
      <trkpt lat="30.42519262991845607757568359375" lon="120.25382227264344692230224609375">
        <ele>5</ele>
        <time>2024-09-02T13:18:29.000Z</time>
        <extensions>
          <ns3:TrackPointExtension>
            <ns3:cad>65</ns3:cad>
          </ns3:TrackPointExtension>
        </extensions>
      </trkpt>
      <trkpt lat="30.4251804761588573455810546875" lon="120.25380182079970836639404296875">
        <ele>5</ele>
        <time>2024-09-02T13:18:30.000Z</time>
        <extensions>
          <ns3:TrackPointExtension>
            <ns3:cad>65</ns3:cad>
          </ns3:TrackPointExtension>
        </extensions>
      </trkpt>
      <trkpt lat="30.42516765184700489044189453125" lon="120.253780782222747802734375">
        <ele>5</ele>
        <time>2024-09-02T13:18:31.000Z</time>
        <extensions>
          <ns3:TrackPointExtension>
            <ns3:cad>83</ns3:cad>
          </ns3:TrackPointExtension>
        </extensions>
      </trkpt>
      <trkpt lat="30.42515189386904239654541015625" lon="120.25376192294061183929443359375">
        <ele>5.19999980926513671875</ele>
        <time>2024-09-02T13:18:32.000Z</time>
        <extensions>
          <ns3:TrackPointExtension>
            <ns3:cad>83</ns3:cad>
          </ns3:TrackPointExtension>
        </extensions>
      </trkpt>
      <trkpt lat="30.4251385666429996490478515625" lon="120.2537390403449535369873046875">
        <ele>5.19999980926513671875</ele>
        <time>2024-09-02T13:18:33.000Z</time>
        <extensions>
          <ns3:TrackPointExtension>
            <ns3:cad>83</ns3:cad>
          </ns3:TrackPointExtension>
        </extensions>
      </trkpt>
      <trkpt lat="30.4251269996166229248046875" lon="120.25371498428285121917724609375">
        <ele>5.400000095367431640625</ele>
        <time>2024-09-02T13:18:34.000Z</time>
        <extensions>
          <ns3:TrackPointExtension>
            <ns3:cad>83</ns3:cad>
          </ns3:TrackPointExtension>
        </extensions>
      </trkpt>
      <trkpt lat="30.42511166073381900787353515625" lon="120.25369302369654178619384765625">
        <ele>5.400000095367431640625</ele>
        <time>2024-09-02T13:18:35.000Z</time>
        <extensions>
          <ns3:TrackPointExtension>
            <ns3:cad>85</ns3:cad>
          </ns3:TrackPointExtension>
        </extensions>
      </trkpt>
      <trkpt lat="30.42510294355452060699462890625" lon="120.2536646090447902679443359375">
        <ele>5.400000095367431640625</ele>
        <time>2024-09-02T13:18:36.000Z</time>
        <extensions>
          <ns3:TrackPointExtension>
            <ns3:cad>86</ns3:cad>
          </ns3:TrackPointExtension>
        </extensions>
      </trkpt>
      <trkpt lat="30.4250993393361568450927734375" lon="120.25364474393427371978759765625">
        <ele>5.599999904632568359375</ele>
        <time>2024-09-02T13:18:37.000Z</time>
        <extensions>
          <ns3:TrackPointExtension>
            <ns3:cad>87</ns3:cad>
          </ns3:TrackPointExtension>
        </extensions>
      </trkpt>
      <trkpt lat="30.4250963218510150909423828125" lon="120.25362429209053516387939453125">
        <ele>5.599999904632568359375</ele>
        <time>2024-09-02T13:18:38.000Z</time>
        <extensions>
          <ns3:TrackPointExtension>
            <ns3:cad>87</ns3:cad>
          </ns3:TrackPointExtension>
        </extensions>
      </trkpt>
      <trkpt lat="30.42509422637522220611572265625" lon="120.25360669009387493133544921875">
        <ele>5.80000019073486328125</ele>
        <time>2024-09-02T13:18:39.000Z</time>
        <extensions>
          <ns3:TrackPointExtension>
            <ns3:cad>87</ns3:cad>
          </ns3:TrackPointExtension>
        </extensions>
      </trkpt>
      <trkpt lat="30.4250902868807315826416015625" lon="120.25358808226883411407470703125">
        <ele>5.80000019073486328125</ele>
        <time>2024-09-02T13:18:40.000Z</time>
        <extensions>
          <ns3:TrackPointExtension>
            <ns3:cad>87</ns3:cad>
          </ns3:TrackPointExtension>
        </extensions>
      </trkpt>
      <trkpt lat="30.42508299462497234344482421875" lon="120.25356687605381011962890625">
        <ele>5.80000019073486328125</ele>
        <time>2024-09-02T13:18:41.000Z</time>
        <extensions>
          <ns3:TrackPointExtension>
            <ns3:cad>87</ns3:cad>
          </ns3:TrackPointExtension>
        </extensions>
      </trkpt>
      <trkpt lat="30.42507536709308624267578125" lon="120.2535499446094036102294921875">
        <ele>6</ele>
        <time>2024-09-02T13:18:42.000Z</time>
        <extensions>
          <ns3:TrackPointExtension>
            <ns3:cad>0</ns3:cad>
          </ns3:TrackPointExtension>
        </extensions>
      </trkpt>
      <trkpt lat="30.4250708408653736114501953125" lon="120.25353846140205860137939453125">
        <ele>6</ele>
        <time>2024-09-02T13:18:43.000Z</time>
        <extensions>
          <ns3:TrackPointExtension>
            <ns3:cad>0</ns3:cad>
          </ns3:TrackPointExtension>
        </extensions>
      </trkpt>
      <trkpt lat="30.42506757192313671112060546875" lon="120.253526978194713592529296875">
        <ele>6</ele>
        <time>2024-09-02T13:18:44.000Z</time>
        <extensions>
          <ns3:TrackPointExtension>
            <ns3:cad>0</ns3:cad>
          </ns3:TrackPointExtension>
        </extensions>
      </trkpt>
      <trkpt lat="30.42506321333348751068115234375" lon="120.2535184286534786224365234375">
        <ele>6</ele>
        <time>2024-09-02T13:18:45.000Z</time>
        <extensions>
          <ns3:TrackPointExtension>
            <ns3:cad>0</ns3:cad>
          </ns3:TrackPointExtension>
        </extensions>
      </trkpt>
      <trkpt lat="30.42505768127739429473876953125" lon="120.253508202731609344482421875">
        <ele>6</ele>
        <time>2024-09-02T13:18:46.000Z</time>
        <extensions>
          <ns3:TrackPointExtension>
            <ns3:cad>0</ns3:cad>
          </ns3:TrackPointExtension>
        </extensions>
      </trkpt>
      <trkpt lat="30.42505064047873020172119140625" lon="120.25349973700940608978271484375">
        <ele>6</ele>
        <time>2024-09-02T13:18:47.000Z</time>
        <extensions>
          <ns3:TrackPointExtension>
            <ns3:cad>63</ns3:cad>
          </ns3:TrackPointExtension>
        </extensions>
      </trkpt>
      <trkpt lat="30.4250446893274784088134765625" lon="120.25349001400172710418701171875">
        <ele>6</ele>
        <time>2024-09-02T13:18:48.000Z</time>
        <extensions>
          <ns3:TrackPointExtension>
            <ns3:cad>63</ns3:cad>
          </ns3:TrackPointExtension>
        </extensions>
      </trkpt>
      <trkpt lat="30.4250366427004337310791015625" lon="120.25347769260406494140625">
        <ele>6</ele>
        <time>2024-09-02T13:18:49.000Z</time>
        <extensions>
          <ns3:TrackPointExtension>
            <ns3:cad>63</ns3:cad>
          </ns3:TrackPointExtension>
        </extensions>
      </trkpt>
      <trkpt lat="30.4250277578830718994140625" lon="120.25346436537802219390869140625">
        <ele>6</ele>
        <time>2024-09-02T13:18:50.000Z</time>
        <extensions>
          <ns3:TrackPointExtension>
            <ns3:cad>63</ns3:cad>
          </ns3:TrackPointExtension>
        </extensions>
      </trkpt>
      <trkpt lat="30.42501644231379032135009765625" lon="120.2534523792564868927001953125">
        <ele>6</ele>
        <time>2024-09-02T13:18:51.000Z</time>
        <extensions>
          <ns3:TrackPointExtension>
            <ns3:cad>63</ns3:cad>
          </ns3:TrackPointExtension>
        </extensions>
      </trkpt>
      <trkpt lat="30.4250036180019378662109375" lon="120.25344106368720531463623046875">
        <ele>6</ele>
        <time>2024-09-02T13:18:52.000Z</time>
        <extensions>
          <ns3:TrackPointExtension>
            <ns3:cad>63</ns3:cad>
          </ns3:TrackPointExtension>
        </extensions>
      </trkpt>
      <trkpt lat="30.4249902069568634033203125" lon="120.25342882610857486724853515625">
        <ele>6</ele>
        <time>2024-09-02T13:18:53.000Z</time>
        <extensions>
          <ns3:TrackPointExtension>
            <ns3:cad>64</ns3:cad>
          </ns3:TrackPointExtension>
        </extensions>
      </trkpt>
      <trkpt lat="30.42497788555920124053955078125" lon="120.253420360386371612548828125">
        <ele>6</ele>
        <time>2024-09-02T13:18:54.000Z</time>
        <extensions>
          <ns3:TrackPointExtension>
            <ns3:cad>64</ns3:cad>
          </ns3:TrackPointExtension>
        </extensions>
      </trkpt>
      <trkpt lat="30.4249679110944271087646484375" lon="120.25340904481709003448486328125">
        <ele>6</ele>
        <time>2024-09-02T13:18:55.000Z</time>
        <extensions>
          <ns3:TrackPointExtension>
            <ns3:cad>64</ns3:cad>
          </ns3:TrackPointExtension>
        </extensions>
      </trkpt>
      <trkpt lat="30.42495994828641414642333984375" lon="120.25339948944747447967529296875">
        <ele>6</ele>
        <time>2024-09-02T13:18:56.000Z</time>
        <extensions>
          <ns3:TrackPointExtension>
            <ns3:cad>65</ns3:cad>
          </ns3:TrackPointExtension>
        </extensions>
      </trkpt>
      <trkpt lat="30.42495424859225749969482421875" lon="120.2533906884491443634033203125">
        <ele>6</ele>
        <time>2024-09-02T13:18:57.000Z</time>
        <extensions>
          <ns3:TrackPointExtension>
            <ns3:cad>65</ns3:cad>
          </ns3:TrackPointExtension>
        </extensions>
      </trkpt>
      <trkpt lat="30.4249501414597034454345703125" lon="120.25337870232760906219482421875">
        <ele>6</ele>
        <time>2024-09-02T13:18:58.000Z</time>
        <extensions>
          <ns3:TrackPointExtension>
            <ns3:cad>65</ns3:cad>
          </ns3:TrackPointExtension>
        </extensions>
      </trkpt>
      <trkpt lat="30.424940586090087890625" lon="120.2533621899783611297607421875">
        <ele>6</ele>
        <time>2024-09-02T13:18:59.000Z</time>
        <extensions>
          <ns3:TrackPointExtension>
            <ns3:cad>64</ns3:cad>
          </ns3:TrackPointExtension>
        </extensions>
      </trkpt>
      <trkpt lat="30.42492692358791828155517578125" lon="120.2533437497913837432861328125">
        <ele>6</ele>
        <time>2024-09-02T13:19:00.000Z</time>
        <extensions>
          <ns3:TrackPointExtension>
            <ns3:cad>64</ns3:cad>
          </ns3:TrackPointExtension>
        </extensions>
      </trkpt>
      <trkpt lat="30.42491569183766841888427734375" lon="120.25332556106150150299072265625">
        <ele>6</ele>
        <time>2024-09-02T13:19:01.000Z</time>
        <extensions>
          <ns3:TrackPointExtension>
            <ns3:cad>0</ns3:cad>
          </ns3:TrackPointExtension>
        </extensions>
      </trkpt>
      <trkpt lat="30.424905382096767425537109375" lon="120.25330376811325550079345703125">
        <ele>6</ele>
        <time>2024-09-02T13:19:02.000Z</time>
        <extensions>
          <ns3:TrackPointExtension>
            <ns3:cad>0</ns3:cad>
          </ns3:TrackPointExtension>
        </extensions>
      </trkpt>
      <trkpt lat="30.4248988442122936248779296875" lon="120.253286920487880706787109375">
        <ele>6</ele>
        <time>2024-09-02T13:19:03.000Z</time>
        <extensions>
          <ns3:TrackPointExtension>
            <ns3:cad>88</ns3:cad>
          </ns3:TrackPointExtension>
        </extensions>
      </trkpt>
      <trkpt lat="30.424891300499439239501953125" lon="120.2532793767750263214111328125">
        <ele>6</ele>
        <time>2024-09-02T13:19:04.000Z</time>
        <extensions>
          <ns3:TrackPointExtension>
            <ns3:cad>88</ns3:cad>
          </ns3:TrackPointExtension>
        </extensions>
      </trkpt>
      <trkpt lat="30.42488032020628452301025390625" lon="120.25327241979539394378662109375">
        <ele>6</ele>
        <time>2024-09-02T13:19:05.000Z</time>
        <extensions>
          <ns3:TrackPointExtension>
            <ns3:cad>88</ns3:cad>
          </ns3:TrackPointExtension>
        </extensions>
      </trkpt>
      <trkpt lat="30.424874536693096160888671875" lon="120.25326110422611236572265625">
        <ele>6</ele>
        <time>2024-09-02T13:19:06.000Z</time>
        <extensions>
          <ns3:TrackPointExtension>
            <ns3:cad>43</ns3:cad>
          </ns3:TrackPointExtension>
        </extensions>
      </trkpt>
      <trkpt lat="30.4248733632266521453857421875" lon="120.25325012393295764923095703125">
        <ele>6</ele>
        <time>2024-09-02T13:19:07.000Z</time>
        <extensions>
          <ns3:TrackPointExtension>
            <ns3:cad>43</ns3:cad>
          </ns3:TrackPointExtension>
        </extensions>
      </trkpt>
      <trkpt lat="30.42487042956054210662841796875" lon="120.25324190966784954071044921875">
        <ele>6</ele>
        <time>2024-09-02T13:19:08.000Z</time>
        <extensions>
          <ns3:TrackPointExtension>
            <ns3:cad>43</ns3:cad>
          </ns3:TrackPointExtension>
        </extensions>
      </trkpt>
      <trkpt lat="30.4248616285622119903564453125" lon="120.25323294103145599365234375">
        <ele>6</ele>
        <time>2024-09-02T13:19:09.000Z</time>
        <extensions>
          <ns3:TrackPointExtension>
            <ns3:cad>66</ns3:cad>
          </ns3:TrackPointExtension>
        </extensions>
      </trkpt>
      <trkpt lat="30.42485282756388187408447265625" lon="120.2532267384231090545654296875">
        <ele>6</ele>
        <time>2024-09-02T13:19:10.000Z</time>
        <extensions>
          <ns3:TrackPointExtension>
            <ns3:cad>66</ns3:cad>
          </ns3:TrackPointExtension>
        </extensions>
      </trkpt>
      <trkpt lat="30.4248415119946002960205078125" lon="120.25322221219539642333984375">
        <ele>6</ele>
        <time>2024-09-02T13:19:11.000Z</time>
        <extensions>
          <ns3:TrackPointExtension>
            <ns3:cad>66</ns3:cad>
          </ns3:TrackPointExtension>
        </extensions>
      </trkpt>
      <trkpt lat="30.4248301126062870025634765625" lon="120.25322631932795047760009765625">
        <ele>6</ele>
        <time>2024-09-02T13:19:12.000Z</time>
        <extensions>
          <ns3:TrackPointExtension>
            <ns3:cad>65</ns3:cad>
          </ns3:TrackPointExtension>
        </extensions>
      </trkpt>
      <trkpt lat="30.42481812648475170135498046875" lon="120.25323436595499515533447265625">
        <ele>6</ele>
        <time>2024-09-02T13:19:13.000Z</time>
        <extensions>
          <ns3:TrackPointExtension>
            <ns3:cad>65</ns3:cad>
          </ns3:TrackPointExtension>
        </extensions>
      </trkpt>
      <trkpt lat="30.42480689473450183868408203125" lon="120.25324341841042041778564453125">
        <ele>6</ele>
        <time>2024-09-02T13:19:14.000Z</time>
        <extensions>
          <ns3:TrackPointExtension>
            <ns3:cad>64</ns3:cad>
          </ns3:TrackPointExtension>
        </extensions>
      </trkpt>
      <trkpt lat="30.42479901574552059173583984375" lon="120.25324895046651363372802734375">
        <ele>6</ele>
        <time>2024-09-02T13:19:15.000Z</time>
        <extensions>
          <ns3:TrackPointExtension>
            <ns3:cad>64</ns3:cad>
          </ns3:TrackPointExtension>
        </extensions>
      </trkpt>
      <trkpt lat="30.42479314841330051422119140625" lon="120.2532599307596683502197265625">
        <ele>6</ele>
        <time>2024-09-02T13:19:16.000Z</time>
        <extensions>
          <ns3:TrackPointExtension>
            <ns3:cad>64</ns3:cad>
          </ns3:TrackPointExtension>
        </extensions>
      </trkpt>
      <trkpt lat="30.424787364900112152099609375" lon="120.25327879004180431365966796875">
        <ele>6</ele>
        <time>2024-09-02T13:19:17.000Z</time>
        <extensions>
          <ns3:TrackPointExtension>
            <ns3:cad>66</ns3:cad>
          </ns3:TrackPointExtension>
        </extensions>
      </trkpt>
      <trkpt lat="30.42477873153984546661376953125" lon="120.25328767485916614532470703125">
        <ele>6</ele>
        <time>2024-09-02T13:19:18.000Z</time>
        <extensions>
          <ns3:TrackPointExtension>
            <ns3:cad>66</ns3:cad>
          </ns3:TrackPointExtension>
        </extensions>
      </trkpt>
      <trkpt lat="30.424760542809963226318359375" lon="120.25329622440040111541748046875">
        <ele>6</ele>
        <time>2024-09-02T13:19:19.000Z</time>
        <extensions>
          <ns3:TrackPointExtension>
            <ns3:cad>66</ns3:cad>
          </ns3:TrackPointExtension>
        </extensions>
      </trkpt>
      <trkpt lat="30.4247459582984447479248046875" lon="120.25330997072160243988037109375">
        <ele>6</ele>
        <time>2024-09-02T13:19:20.000Z</time>
        <extensions>
          <ns3:TrackPointExtension>
            <ns3:cad>66</ns3:cad>
          </ns3:TrackPointExtension>
        </extensions>
      </trkpt>
      <trkpt lat="30.4247302003204822540283203125" lon="120.253327824175357818603515625">
        <ele>6</ele>
        <time>2024-09-02T13:19:21.000Z</time>
        <extensions>
          <ns3:TrackPointExtension>
            <ns3:cad>66</ns3:cad>
          </ns3:TrackPointExtension>
        </extensions>
      </trkpt>
      <trkpt lat="30.42471460998058319091796875" lon="120.25334425270557403564453125">
        <ele>6</ele>
        <time>2024-09-02T13:19:22.000Z</time>
        <extensions>
          <ns3:TrackPointExtension>
            <ns3:cad>66</ns3:cad>
          </ns3:TrackPointExtension>
        </extensions>
      </trkpt>
      <trkpt lat="30.424695499241352081298828125" lon="120.2533621899783611297607421875">
        <ele>6</ele>
        <time>2024-09-02T13:19:23.000Z</time>
        <extensions>
          <ns3:TrackPointExtension>
            <ns3:cad>87</ns3:cad>
          </ns3:TrackPointExtension>
        </extensions>
      </trkpt>
      <trkpt lat="30.42467496357858180999755859375" lon="120.25337778031826019287109375">
        <ele>6</ele>
        <time>2024-09-02T13:19:24.000Z</time>
        <extensions>
          <ns3:TrackPointExtension>
            <ns3:cad>88</ns3:cad>
          </ns3:TrackPointExtension>
        </extensions>
      </trkpt>
      <trkpt lat="30.4246510751545429229736328125" lon="120.25339395739138126373291015625">
        <ele>6.19999980926513671875</ele>
        <time>2024-09-02T13:19:25.000Z</time>
        <extensions>
          <ns3:TrackPointExtension>
            <ns3:cad>88</ns3:cad>
          </ns3:TrackPointExtension>
        </extensions>
      </trkpt>
      <trkpt lat="30.4246259294450283050537109375" lon="120.25340728461742401123046875">
        <ele>6.19999980926513671875</ele>
        <time>2024-09-02T13:19:26.000Z</time>
        <extensions>
          <ns3:TrackPointExtension>
            <ns3:cad>88</ns3:cad>
          </ns3:TrackPointExtension>
        </extensions>
      </trkpt>
      <trkpt lat="30.42460195720195770263671875" lon="120.253414995968341827392578125">
        <ele>6.400000095367431640625</ele>
        <time>2024-09-02T13:19:27.000Z</time>
        <extensions>
          <ns3:TrackPointExtension>
            <ns3:cad>88</ns3:cad>
          </ns3:TrackPointExtension>
        </extensions>
      </trkpt>
      <trkpt lat="30.42458175681531429290771484375" lon="120.25342178530991077423095703125">
        <ele>6.400000095367431640625</ele>
        <time>2024-09-02T13:19:28.000Z</time>
        <extensions>
          <ns3:TrackPointExtension>
            <ns3:cad>88</ns3:cad>
          </ns3:TrackPointExtension>
        </extensions>
      </trkpt>
      <trkpt lat="30.42456834577023983001708984375" lon="120.2534319274127483367919921875">
        <ele>6.400000095367431640625</ele>
        <time>2024-09-02T13:19:29.000Z</time>
        <extensions>
          <ns3:TrackPointExtension>
            <ns3:cad>88</ns3:cad>
          </ns3:TrackPointExtension>
        </extensions>
      </trkpt>
      <trkpt lat="30.42455661110579967498779296875" lon="120.2534389682114124298095703125">
        <ele>6.400000095367431640625</ele>
        <time>2024-09-02T13:19:30.000Z</time>
        <extensions>
          <ns3:TrackPointExtension>
            <ns3:cad>87</ns3:cad>
          </ns3:TrackPointExtension>
        </extensions>
      </trkpt>
      <trkpt lat="30.4245511628687381744384765625" lon="120.25345313362777233123779296875">
        <ele>6.400000095367431640625</ele>
        <time>2024-09-02T13:19:31.000Z</time>
        <extensions>
          <ns3:TrackPointExtension>
            <ns3:cad>87</ns3:cad>
          </ns3:TrackPointExtension>
        </extensions>
      </trkpt>
      <trkpt lat="30.4245441220700740814208984375" lon="120.25346386246383190155029296875">
        <ele>6.599999904632568359375</ele>
        <time>2024-09-02T13:19:32.000Z</time>
        <extensions>
          <ns3:TrackPointExtension>
            <ns3:cad>87</ns3:cad>
          </ns3:TrackPointExtension>
        </extensions>
      </trkpt>
      <trkpt lat="30.42452811263501644134521484375" lon="120.25347425602376461029052734375">
        <ele>6.599999904632568359375</ele>
        <time>2024-09-02T13:19:33.000Z</time>
        <extensions>
          <ns3:TrackPointExtension>
            <ns3:cad>87</ns3:cad>
          </ns3:TrackPointExtension>
        </extensions>
      </trkpt>
      <trkpt lat="30.42451336048543453216552734375" lon="120.25349252857267856597900390625">
        <ele>6.599999904632568359375</ele>
        <time>2024-09-02T13:19:34.000Z</time>
        <extensions>
          <ns3:TrackPointExtension>
            <ns3:cad>87</ns3:cad>
          </ns3:TrackPointExtension>
        </extensions>
      </trkpt>
      <trkpt lat="30.42449005879461765289306640625" lon="120.25351029820740222930908203125">
        <ele>6.80000019073486328125</ele>
        <time>2024-09-02T13:19:35.000Z</time>
        <extensions>
          <ns3:TrackPointExtension>
            <ns3:cad>0</ns3:cad>
          </ns3:TrackPointExtension>
        </extensions>
      </trkpt>
      <trkpt lat="30.42446860112249851226806640625" lon="120.25352790020406246185302734375">
        <ele>6.80000019073486328125</ele>
        <time>2024-09-02T13:19:36.000Z</time>
        <extensions>
          <ns3:TrackPointExtension>
            <ns3:cad>0</ns3:cad>
          </ns3:TrackPointExtension>
        </extensions>
      </trkpt>
      <trkpt lat="30.4244505800306797027587890625" lon="120.25354449637234210968017578125">
        <ele>7</ele>
        <time>2024-09-02T13:19:37.000Z</time>
        <extensions>
          <ns3:TrackPointExtension>
            <ns3:cad>0</ns3:cad>
          </ns3:TrackPointExtension>
        </extensions>
      </trkpt>
      <trkpt lat="30.4244371689856052398681640625" lon="120.25356821715831756591796875">
        <ele>7.19999980926513671875</ele>
        <time>2024-09-02T13:19:38.000Z</time>
        <extensions>
          <ns3:TrackPointExtension>
            <ns3:cad>83</ns3:cad>
          </ns3:TrackPointExtension>
        </extensions>
      </trkpt>
      <trkpt lat="30.42442400939762592315673828125" lon="120.25359344668686389923095703125">
        <ele>7.400000095367431640625</ele>
        <time>2024-09-02T13:19:39.000Z</time>
        <extensions>
          <ns3:TrackPointExtension>
            <ns3:cad>85</ns3:cad>
          </ns3:TrackPointExtension>
        </extensions>
      </trkpt>
      <trkpt lat="30.424411185085773468017578125" lon="120.2536096237599849700927734375">
        <ele>7.599999904632568359375</ele>
        <time>2024-09-02T13:19:40.000Z</time>
        <extensions>
          <ns3:TrackPointExtension>
            <ns3:cad>86</ns3:cad>
          </ns3:TrackPointExtension>
        </extensions>
      </trkpt>
      <trkpt lat="30.4243962652981281280517578125" lon="120.253623537719249725341796875">
        <ele>7.80000019073486328125</ele>
        <time>2024-09-02T13:19:41.000Z</time>
        <extensions>
          <ns3:TrackPointExtension>
            <ns3:cad>85</ns3:cad>
          </ns3:TrackPointExtension>
        </extensions>
      </trkpt>
      <trkpt lat="30.42437933385372161865234375" lon="120.25364038534462451934814453125">
        <ele>7.80000019073486328125</ele>
        <time>2024-09-02T13:19:42.000Z</time>
        <extensions>
          <ns3:TrackPointExtension>
            <ns3:cad>86</ns3:cad>
          </ns3:TrackPointExtension>
        </extensions>
      </trkpt>
      <trkpt lat="30.4243625700473785400390625" lon="120.25365832261741161346435546875">
        <ele>8</ele>
        <time>2024-09-02T13:19:43.000Z</time>
        <extensions>
          <ns3:TrackPointExtension>
            <ns3:cad>86</ns3:cad>
          </ns3:TrackPointExtension>
        </extensions>
      </trkpt>
      <trkpt lat="30.42434421367943286895751953125" lon="120.2536761760711669921875">
        <ele>8</ele>
        <time>2024-09-02T13:19:44.000Z</time>
        <extensions>
          <ns3:TrackPointExtension>
            <ns3:cad>86</ns3:cad>
          </ns3:TrackPointExtension>
        </extensions>
      </trkpt>
      <trkpt lat="30.42432434856891632080078125" lon="120.25369922630488872528076171875">
        <ele>8.19999980926513671875</ele>
        <time>2024-09-02T13:19:45.000Z</time>
        <extensions>
          <ns3:TrackPointExtension>
            <ns3:cad>86</ns3:cad>
          </ns3:TrackPointExtension>
        </extensions>
      </trkpt>
      <trkpt lat="30.424318648874759674072265625" lon="120.25371548719704151153564453125">
        <ele>8.3999996185302734375</ele>
        <time>2024-09-02T13:19:46.000Z</time>
        <extensions>
          <ns3:TrackPointExtension>
            <ns3:cad>87</ns3:cad>
          </ns3:TrackPointExtension>
        </extensions>
      </trkpt>
      <trkpt lat="30.4243008792400360107421875" lon="120.25372420437633991241455078125">
        <ele>8.3999996185302734375</ele>
        <time>2024-09-02T13:19:47.000Z</time>
        <extensions>
          <ns3:TrackPointExtension>
            <ns3:cad>87</ns3:cad>
          </ns3:TrackPointExtension>
        </extensions>
      </trkpt>
      <trkpt lat="30.4242869652807712554931640625" lon="120.2537365257740020751953125">
        <ele>8.3999996185302734375</ele>
        <time>2024-09-02T13:19:48.000Z</time>
        <extensions>
          <ns3:TrackPointExtension>
            <ns3:cad>88</ns3:cad>
          </ns3:TrackPointExtension>
        </extensions>
      </trkpt>
      <trkpt lat="30.42427497915923595428466796875" lon="120.2537499368190765380859375">
        <ele>8.3999996185302734375</ele>
        <time>2024-09-02T13:19:49.000Z</time>
        <extensions>
          <ns3:TrackPointExtension>
            <ns3:cad>88</ns3:cad>
          </ns3:TrackPointExtension>
        </extensions>
      </trkpt>
      <trkpt lat="30.42426425032317638397216796875" lon="120.25375974364578723907470703125">
        <ele>8.3999996185302734375</ele>
        <time>2024-09-02T13:19:50.000Z</time>
        <extensions>
          <ns3:TrackPointExtension>
            <ns3:cad>88</ns3:cad>
          </ns3:TrackPointExtension>
        </extensions>
      </trkpt>
      <trkpt lat="30.4242525994777679443359375" lon="120.25376812554895877838134765625">
        <ele>8.3999996185302734375</ele>
        <time>2024-09-02T13:19:51.000Z</time>
        <extensions>
          <ns3:TrackPointExtension>
            <ns3:cad>88</ns3:cad>
          </ns3:TrackPointExtension>
        </extensions>
      </trkpt>
      <trkpt lat="30.42424480430781841278076171875" lon="120.25377600453794002532958984375">
        <ele>8.3999996185302734375</ele>
        <time>2024-09-02T13:19:52.000Z</time>
        <extensions>
          <ns3:TrackPointExtension>
            <ns3:cad>68</ns3:cad>
          </ns3:TrackPointExtension>
        </extensions>
      </trkpt>
      <trkpt lat="30.42423642240464687347412109375" lon="120.25378321297466754913330078125">
        <ele>8.3999996185302734375</ele>
        <time>2024-09-02T13:19:53.000Z</time>
        <extensions>
          <ns3:TrackPointExtension>
            <ns3:cad>67</ns3:cad>
          </ns3:TrackPointExtension>
        </extensions>
      </trkpt>
      <trkpt lat="30.4242259450256824493408203125" lon="120.25379343889653682708740234375">
        <ele>8.3999996185302734375</ele>
        <time>2024-09-02T13:19:54.000Z</time>
        <extensions>
          <ns3:TrackPointExtension>
            <ns3:cad>65</ns3:cad>
          </ns3:TrackPointExtension>
        </extensions>
      </trkpt>
      <trkpt lat="30.42421345598995685577392578125" lon="120.2538040839135646820068359375">
        <ele>8.19999980926513671875</ele>
        <time>2024-09-02T13:19:55.000Z</time>
        <extensions>
          <ns3:TrackPointExtension>
            <ns3:cad>65</ns3:cad>
          </ns3:TrackPointExtension>
        </extensions>
      </trkpt>
      <trkpt lat="30.4242016375064849853515625" lon="120.25381674058735370635986328125">
        <ele>8.19999980926513671875</ele>
        <time>2024-09-02T13:19:56.000Z</time>
        <extensions>
          <ns3:TrackPointExtension>
            <ns3:cad>65</ns3:cad>
          </ns3:TrackPointExtension>
        </extensions>
      </trkpt>
      <trkpt lat="30.4241880588233470916748046875" lon="120.2538262121379375457763671875">
        <ele>8.19999980926513671875</ele>
        <time>2024-09-02T13:19:57.000Z</time>
        <extensions>
          <ns3:TrackPointExtension>
            <ns3:cad>65</ns3:cad>
          </ns3:TrackPointExtension>
        </extensions>
      </trkpt>
      <trkpt lat="30.42417892254889011383056640625" lon="120.253836102783679962158203125">
        <ele>8.19999980926513671875</ele>
        <time>2024-09-02T13:19:58.000Z</time>
        <extensions>
          <ns3:TrackPointExtension>
            <ns3:cad>64</ns3:cad>
          </ns3:TrackPointExtension>
        </extensions>
      </trkpt>
      <trkpt lat="30.4241655953228473663330078125" lon="120.2538545429706573486328125">
        <ele>8.19999980926513671875</ele>
        <time>2024-09-02T13:19:59.000Z</time>
        <extensions>
          <ns3:TrackPointExtension>
            <ns3:cad>64</ns3:cad>
          </ns3:TrackPointExtension>
        </extensions>
      </trkpt>
      <trkpt lat="30.424155704677104949951171875" lon="120.25387222878634929656982421875">
        <ele>8</ele>
        <time>2024-09-02T13:20:00.000Z</time>
        <extensions>
          <ns3:TrackPointExtension>
            <ns3:cad>66</ns3:cad>
          </ns3:TrackPointExtension>
        </extensions>
      </trkpt>
      <trkpt lat="30.42414422146975994110107421875" lon="120.25389184243977069854736328125">
        <ele>8</ele>
        <time>2024-09-02T13:20:01.000Z</time>
        <extensions>
          <ns3:TrackPointExtension>
            <ns3:cad>66</ns3:cad>
          </ns3:TrackPointExtension>
        </extensions>
      </trkpt>
      <trkpt lat="30.4241319000720977783203125" lon="120.253907851874828338623046875">
        <ele>8</ele>
        <time>2024-09-02T13:20:02.000Z</time>
        <extensions>
          <ns3:TrackPointExtension>
            <ns3:cad>66</ns3:cad>
          </ns3:TrackPointExtension>
        </extensions>
      </trkpt>
      <trkpt lat="30.42411924339830875396728515625" lon="120.25392671115696430206298828125">
        <ele>8</ele>
        <time>2024-09-02T13:20:03.000Z</time>
        <extensions>
          <ns3:TrackPointExtension>
            <ns3:cad>87</ns3:cad>
          </ns3:TrackPointExtension>
        </extensions>
      </trkpt>
      <trkpt lat="30.42411019094288349151611328125" lon="120.2539448998868465423583984375">
        <ele>8</ele>
        <time>2024-09-02T13:20:04.000Z</time>
        <extensions>
          <ns3:TrackPointExtension>
            <ns3:cad>87</ns3:cad>
          </ns3:TrackPointExtension>
        </extensions>
      </trkpt>
      <trkpt lat="30.4240982048213481903076171875" lon="120.25396116077899932861328125">
        <ele>7.80000019073486328125</ele>
        <time>2024-09-02T13:20:05.000Z</time>
        <extensions>
          <ns3:TrackPointExtension>
            <ns3:cad>87</ns3:cad>
          </ns3:TrackPointExtension>
        </extensions>
      </trkpt>
      <trkpt lat="30.42408286593854427337646484375" lon="120.2539770863950252532958984375">
        <ele>7.80000019073486328125</ele>
        <time>2024-09-02T13:20:06.000Z</time>
        <extensions>
          <ns3:TrackPointExtension>
            <ns3:cad>87</ns3:cad>
          </ns3:TrackPointExtension>
        </extensions>
      </trkpt>
      <trkpt lat="30.42406559921801090240478515625" lon="120.2539915032684803009033203125">
        <ele>7.80000019073486328125</ele>
        <time>2024-09-02T13:20:07.000Z</time>
        <extensions>
          <ns3:TrackPointExtension>
            <ns3:cad>87</ns3:cad>
          </ns3:TrackPointExtension>
        </extensions>
      </trkpt>
      <trkpt lat="30.4240549542009830474853515625" lon="120.2540032379329204559326171875">
        <ele>7.80000019073486328125</ele>
        <time>2024-09-02T13:20:08.000Z</time>
        <extensions>
          <ns3:TrackPointExtension>
            <ns3:cad>87</ns3:cad>
          </ns3:TrackPointExtension>
        </extensions>
      </trkpt>
      <trkpt lat="30.424044393002986907958984375" lon="120.2540126256644725799560546875">
        <ele>7.80000019073486328125</ele>
        <time>2024-09-02T13:20:09.000Z</time>
        <extensions>
          <ns3:TrackPointExtension>
            <ns3:cad>43</ns3:cad>
          </ns3:TrackPointExtension>
        </extensions>
      </trkpt>
      <trkpt lat="30.42403223924338817596435546875" lon="120.25401958264410495758056640625">
        <ele>7.80000019073486328125</ele>
        <time>2024-09-02T13:20:10.000Z</time>
        <extensions>
          <ns3:TrackPointExtension>
            <ns3:cad>43</ns3:cad>
          </ns3:TrackPointExtension>
        </extensions>
      </trkpt>
      <trkpt lat="30.42402285151183605194091796875" lon="120.254028551280498504638671875">
        <ele>7.80000019073486328125</ele>
        <time>2024-09-02T13:20:11.000Z</time>
        <extensions>
          <ns3:TrackPointExtension>
            <ns3:cad>43</ns3:cad>
          </ns3:TrackPointExtension>
        </extensions>
      </trkpt>
      <trkpt lat="30.42401446960866451263427734375" lon="120.25404305197298526763916015625">
        <ele>7.80000019073486328125</ele>
        <time>2024-09-02T13:20:12.000Z</time>
        <extensions>
          <ns3:TrackPointExtension>
            <ns3:cad>74</ns3:cad>
          </ns3:TrackPointExtension>
        </extensions>
      </trkpt>
      <trkpt lat="30.4240049980580806732177734375" lon="120.254054702818393707275390625">
        <ele>8</ele>
        <time>2024-09-02T13:20:13.000Z</time>
        <extensions>
          <ns3:TrackPointExtension>
            <ns3:cad>74</ns3:cad>
          </ns3:TrackPointExtension>
        </extensions>
      </trkpt>
      <trkpt lat="30.4239935986697673797607421875" lon="120.25407339446246623992919921875">
        <ele>8</ele>
        <time>2024-09-02T13:20:14.000Z</time>
        <extensions>
          <ns3:TrackPointExtension>
            <ns3:cad>74</ns3:cad>
          </ns3:TrackPointExtension>
        </extensions>
      </trkpt>
      <trkpt lat="30.42397993616759777069091796875" lon="120.25409451685845851898193359375">
        <ele>8</ele>
        <time>2024-09-02T13:20:15.000Z</time>
        <extensions>
          <ns3:TrackPointExtension>
            <ns3:cad>74</ns3:cad>
          </ns3:TrackPointExtension>
        </extensions>
      </trkpt>
      <trkpt lat="30.4239634238183498382568359375" lon="120.2541205845773220062255859375">
        <ele>7.80000019073486328125</ele>
        <time>2024-09-02T13:20:16.000Z</time>
        <extensions>
          <ns3:TrackPointExtension>
            <ns3:cad>83</ns3:cad>
          </ns3:TrackPointExtension>
        </extensions>
      </trkpt>
      <trkpt lat="30.42395328171551227569580078125" lon="120.254137851297855377197265625">
        <ele>7.80000019073486328125</ele>
        <time>2024-09-02T13:20:17.000Z</time>
        <extensions>
          <ns3:TrackPointExtension>
            <ns3:cad>84</ns3:cad>
          </ns3:TrackPointExtension>
        </extensions>
      </trkpt>
      <trkpt lat="30.42394121177494525909423828125" lon="120.2541584707796573638916015625">
        <ele>7.80000019073486328125</ele>
        <time>2024-09-02T13:20:18.000Z</time>
        <extensions>
          <ns3:TrackPointExtension>
            <ns3:cad>85</ns3:cad>
          </ns3:TrackPointExtension>
        </extensions>
      </trkpt>
      <trkpt lat="30.4239334166049957275390625" lon="120.25417649187147617340087890625">
        <ele>7.80000019073486328125</ele>
        <time>2024-09-02T13:20:19.000Z</time>
        <extensions>
          <ns3:TrackPointExtension>
            <ns3:cad>85</ns3:cad>
          </ns3:TrackPointExtension>
        </extensions>
      </trkpt>
      <trkpt lat="30.42391925118863582611083984375" lon="120.25419979356229305267333984375">
        <ele>7.80000019073486328125</ele>
        <time>2024-09-02T13:20:20.000Z</time>
        <extensions>
          <ns3:TrackPointExtension>
            <ns3:cad>85</ns3:cad>
          </ns3:TrackPointExtension>
        </extensions>
      </trkpt>
      <trkpt lat="30.42390181683003902435302734375" lon="120.254214294254779815673828125">
        <ele>7.80000019073486328125</ele>
        <time>2024-09-02T13:20:21.000Z</time>
        <extensions>
          <ns3:TrackPointExtension>
            <ns3:cad>86</ns3:cad>
          </ns3:TrackPointExtension>
        </extensions>
      </trkpt>
      <trkpt lat="30.42388102971017360687255859375" lon="120.254225693643093109130859375">
        <ele>7.80000019073486328125</ele>
        <time>2024-09-02T13:20:22.000Z</time>
        <extensions>
          <ns3:TrackPointExtension>
            <ns3:cad>86</ns3:cad>
          </ns3:TrackPointExtension>
        </extensions>
      </trkpt>
      <trkpt lat="30.42386376298964023590087890625" lon="120.254238434135913848876953125">
        <ele>8</ele>
        <time>2024-09-02T13:20:23.000Z</time>
        <extensions>
          <ns3:TrackPointExtension>
            <ns3:cad>86</ns3:cad>
          </ns3:TrackPointExtension>
        </extensions>
      </trkpt>
      <trkpt lat="30.423854291439056396484375" lon="120.25425578467547893524169921875">
        <ele>8</ele>
        <time>2024-09-02T13:20:24.000Z</time>
        <extensions>
          <ns3:TrackPointExtension>
            <ns3:cad>87</ns3:cad>
          </ns3:TrackPointExtension>
        </extensions>
      </trkpt>
      <trkpt lat="30.42384180240333080291748046875" lon="120.254273302853107452392578125">
        <ele>8</ele>
        <time>2024-09-02T13:20:25.000Z</time>
        <extensions>
          <ns3:TrackPointExtension>
            <ns3:cad>87</ns3:cad>
          </ns3:TrackPointExtension>
        </extensions>
      </trkpt>
      <trkpt lat="30.42383015155792236328125" lon="120.2542888931930065155029296875">
        <ele>8</ele>
        <time>2024-09-02T13:20:26.000Z</time>
        <extensions>
          <ns3:TrackPointExtension>
            <ns3:cad>87</ns3:cad>
          </ns3:TrackPointExtension>
        </extensions>
      </trkpt>
      <trkpt lat="30.423823781311511993408203125" lon="120.25430071167647838592529296875">
        <ele>7.80000019073486328125</ele>
        <time>2024-09-02T13:20:27.000Z</time>
        <extensions>
          <ns3:TrackPointExtension>
            <ns3:cad>87</ns3:cad>
          </ns3:TrackPointExtension>
        </extensions>
      </trkpt>
      <trkpt lat="30.42381875216960906982421875" lon="120.2543157152831554412841796875">
        <ele>7.80000019073486328125</ele>
        <time>2024-09-02T13:20:28.000Z</time>
        <extensions>
          <ns3:TrackPointExtension>
            <ns3:cad>87</ns3:cad>
          </ns3:TrackPointExtension>
        </extensions>
      </trkpt>
      <trkpt lat="30.4238135553896427154541015625" lon="120.2543264441192150115966796875">
        <ele>7.80000019073486328125</ele>
        <time>2024-09-02T13:20:29.000Z</time>
        <extensions>
          <ns3:TrackPointExtension>
            <ns3:cad>87</ns3:cad>
          </ns3:TrackPointExtension>
        </extensions>
      </trkpt>
      <trkpt lat="30.423800647258758544921875" lon="120.25434278883039951324462890625">
        <ele>8</ele>
        <time>2024-09-02T13:20:30.000Z</time>
        <extensions>
          <ns3:TrackPointExtension>
            <ns3:cad>87</ns3:cad>
          </ns3:TrackPointExtension>
        </extensions>
      </trkpt>
      <trkpt lat="30.42379234917461872100830078125" lon="120.25435678660869598388671875">
        <ele>8</ele>
        <time>2024-09-02T13:20:31.000Z</time>
        <extensions>
          <ns3:TrackPointExtension>
            <ns3:cad>64</ns3:cad>
          </ns3:TrackPointExtension>
        </extensions>
      </trkpt>
      <trkpt lat="30.42378480546176433563232421875" lon="120.25436994619667530059814453125">
        <ele>8</ele>
        <time>2024-09-02T13:20:32.000Z</time>
        <extensions>
          <ns3:TrackPointExtension>
            <ns3:cad>64</ns3:cad>
          </ns3:TrackPointExtension>
        </extensions>
      </trkpt>
      <trkpt lat="30.42377826757729053497314453125" lon="120.2543854527175426483154296875">
        <ele>8</ele>
        <time>2024-09-02T13:20:33.000Z</time>
        <extensions>
          <ns3:TrackPointExtension>
            <ns3:cad>64</ns3:cad>
          </ns3:TrackPointExtension>
        </extensions>
      </trkpt>
      <trkpt lat="30.42376401834189891815185546875" lon="120.25439433753490447998046875">
        <ele>8</ele>
        <time>2024-09-02T13:20:34.000Z</time>
        <extensions>
          <ns3:TrackPointExtension>
            <ns3:cad>63</ns3:cad>
          </ns3:TrackPointExtension>
        </extensions>
      </trkpt>
      <trkpt lat="30.423752032220363616943359375" lon="120.25440716184675693511962890625">
        <ele>8</ele>
        <time>2024-09-02T13:20:35.000Z</time>
        <extensions>
          <ns3:TrackPointExtension>
            <ns3:cad>63</ns3:cad>
          </ns3:TrackPointExtension>
        </extensions>
      </trkpt>
      <trkpt lat="30.4237397946417331695556640625" lon="120.25442124344408512115478515625">
        <ele>8</ele>
        <time>2024-09-02T13:20:36.000Z</time>
        <extensions>
          <ns3:TrackPointExtension>
            <ns3:cad>64</ns3:cad>
          </ns3:TrackPointExtension>
        </extensions>
      </trkpt>
      <trkpt lat="30.42372428812086582183837890625" lon="120.254437923431396484375">
        <ele>8</ele>
        <time>2024-09-02T13:20:37.000Z</time>
        <extensions>
          <ns3:TrackPointExtension>
            <ns3:cad>64</ns3:cad>
          </ns3:TrackPointExtension>
        </extensions>
      </trkpt>
      <trkpt lat="30.42371137998998165130615234375" lon="120.25445602834224700927734375">
        <ele>8</ele>
        <time>2024-09-02T13:20:38.000Z</time>
        <extensions>
          <ns3:TrackPointExtension>
            <ns3:cad>64</ns3:cad>
          </ns3:TrackPointExtension>
        </extensions>
      </trkpt>
      <trkpt lat="30.42369461618363857269287109375" lon="120.2544796653091907501220703125">
        <ele>8</ele>
        <time>2024-09-02T13:20:39.000Z</time>
        <extensions>
          <ns3:TrackPointExtension>
            <ns3:cad>86</ns3:cad>
          </ns3:TrackPointExtension>
        </extensions>
      </trkpt>
      <trkpt lat="30.42368388734757900238037109375" lon="120.2544967643916606903076171875">
        <ele>8.19999980926513671875</ele>
        <time>2024-09-02T13:20:40.000Z</time>
        <extensions>
          <ns3:TrackPointExtension>
            <ns3:cad>86</ns3:cad>
          </ns3:TrackPointExtension>
        </extensions>
      </trkpt>
      <trkpt lat="30.42367030866444110870361328125" lon="120.254513360559940338134765625">
        <ele>8.19999980926513671875</ele>
        <time>2024-09-02T13:20:41.000Z</time>
        <extensions>
          <ns3:TrackPointExtension>
            <ns3:cad>86</ns3:cad>
          </ns3:TrackPointExtension>
        </extensions>
      </trkpt>
      <trkpt lat="30.42365354485809803009033203125" lon="120.25453054346144199371337890625">
        <ele>8.3999996185302734375</ele>
        <time>2024-09-02T13:20:42.000Z</time>
        <extensions>
          <ns3:TrackPointExtension>
            <ns3:cad>87</ns3:cad>
          </ns3:TrackPointExtension>
        </extensions>
      </trkpt>
      <trkpt lat="30.42363560758531093597412109375" lon="120.25454227812588214874267578125">
        <ele>8.3999996185302734375</ele>
        <time>2024-09-02T13:20:43.000Z</time>
        <extensions>
          <ns3:TrackPointExtension>
            <ns3:cad>88</ns3:cad>
          </ns3:TrackPointExtension>
        </extensions>
      </trkpt>
      <trkpt lat="30.42362119071185588836669921875" lon="120.25455527007579803466796875">
        <ele>8.6000003814697265625</ele>
        <time>2024-09-02T13:20:44.000Z</time>
        <extensions>
          <ns3:TrackPointExtension>
            <ns3:cad>88</ns3:cad>
          </ns3:TrackPointExtension>
        </extensions>
      </trkpt>
      <trkpt lat="30.42360710911452770233154296875" lon="120.25457010604441165924072265625">
        <ele>8.6000003814697265625</ele>
        <time>2024-09-02T13:20:45.000Z</time>
        <extensions>
          <ns3:TrackPointExtension>
            <ns3:cad>88</ns3:cad>
          </ns3:TrackPointExtension>
        </extensions>
      </trkpt>
      <trkpt lat="30.42359990067780017852783203125" lon="120.25458519347012042999267578125">
        <ele>8.80000019073486328125</ele>
        <time>2024-09-02T13:20:46.000Z</time>
        <extensions>
          <ns3:TrackPointExtension>
            <ns3:cad>88</ns3:cad>
          </ns3:TrackPointExtension>
        </extensions>
      </trkpt>
      <trkpt lat="30.4235966317355632781982421875" lon="120.25460598058998584747314453125">
        <ele>8.80000019073486328125</ele>
        <time>2024-09-02T13:20:47.000Z</time>
        <extensions>
          <ns3:TrackPointExtension>
            <ns3:cad>88</ns3:cad>
          </ns3:TrackPointExtension>
        </extensions>
      </trkpt>
      <trkpt lat="30.42358799837529659271240234375" lon="120.25461520068347454071044921875">
        <ele>8.80000019073486328125</ele>
        <time>2024-09-02T13:20:48.000Z</time>
        <extensions>
          <ns3:TrackPointExtension>
            <ns3:cad>68</ns3:cad>
          </ns3:TrackPointExtension>
        </extensions>
      </trkpt>
      <trkpt lat="30.4235820472240447998046875" lon="120.25462509132921695709228515625">
        <ele>9</ele>
        <time>2024-09-02T13:20:49.000Z</time>
        <extensions>
          <ns3:TrackPointExtension>
            <ns3:cad>66</ns3:cad>
          </ns3:TrackPointExtension>
        </extensions>
      </trkpt>
      <trkpt lat="30.42357509024441242218017578125" lon="120.2546382509171962738037109375">
        <ele>9</ele>
        <time>2024-09-02T13:20:50.000Z</time>
        <extensions>
          <ns3:TrackPointExtension>
            <ns3:cad>65</ns3:cad>
          </ns3:TrackPointExtension>
        </extensions>
      </trkpt>
      <trkpt lat="30.4235574044287204742431640625" lon="120.25464889593422412872314453125">
        <ele>8.80000019073486328125</ele>
        <time>2024-09-02T13:20:51.000Z</time>
        <extensions>
          <ns3:TrackPointExtension>
            <ns3:cad>65</ns3:cad>
          </ns3:TrackPointExtension>
        </extensions>
      </trkpt>
      <trkpt lat="30.4235391318798065185546875" lon="120.2546580322086811065673828125">
        <ele>8.80000019073486328125</ele>
        <time>2024-09-02T13:20:52.000Z</time>
        <extensions>
          <ns3:TrackPointExtension>
            <ns3:cad>65</ns3:cad>
          </ns3:TrackPointExtension>
        </extensions>
      </trkpt>
      <trkpt lat="30.42352505028247833251953125" lon="120.2546632289886474609375">
        <ele>8.6000003814697265625</ele>
        <time>2024-09-02T13:20:53.000Z</time>
        <extensions>
          <ns3:TrackPointExtension>
            <ns3:cad>66</ns3:cad>
          </ns3:TrackPointExtension>
        </extensions>
      </trkpt>
      <trkpt lat="30.423511303961277008056640625" lon="120.25467596948146820068359375">
        <ele>8.3999996185302734375</ele>
        <time>2024-09-02T13:20:54.000Z</time>
        <extensions>
          <ns3:TrackPointExtension>
            <ns3:cad>66</ns3:cad>
          </ns3:TrackPointExtension>
        </extensions>
      </trkpt>
      <trkpt lat="30.42349630035459995269775390625" lon="120.25468694977462291717529296875">
        <ele>8.3999996185302734375</ele>
        <time>2024-09-02T13:20:55.000Z</time>
        <extensions>
          <ns3:TrackPointExtension>
            <ns3:cad>67</ns3:cad>
          </ns3:TrackPointExtension>
        </extensions>
      </trkpt>
      <trkpt lat="30.42348003946244716644287109375" lon="120.254701785743236541748046875">
        <ele>8.19999980926513671875</ele>
        <time>2024-09-02T13:20:56.000Z</time>
        <extensions>
          <ns3:TrackPointExtension>
            <ns3:cad>68</ns3:cad>
          </ns3:TrackPointExtension>
        </extensions>
      </trkpt>
      <trkpt lat="30.4234631918370723724365234375" lon="120.254721902310848236083984375">
        <ele>8</ele>
        <time>2024-09-02T13:20:57.000Z</time>
        <extensions>
          <ns3:TrackPointExtension>
            <ns3:cad>68</ns3:cad>
          </ns3:TrackPointExtension>
        </extensions>
      </trkpt>
      <trkpt lat="30.4234450869262218475341796875" lon="120.25474327616393566131591796875">
        <ele>7.80000019073486328125</ele>
        <time>2024-09-02T13:20:58.000Z</time>
        <extensions>
          <ns3:TrackPointExtension>
            <ns3:cad>68</ns3:cad>
          </ns3:TrackPointExtension>
        </extensions>
      </trkpt>
      <trkpt lat="30.423428155481815338134765625" lon="120.254764817655086517333984375">
        <ele>7.599999904632568359375</ele>
        <time>2024-09-02T13:20:59.000Z</time>
        <extensions>
          <ns3:TrackPointExtension>
            <ns3:cad>87</ns3:cad>
          </ns3:TrackPointExtension>
        </extensions>
      </trkpt>
      <trkpt lat="30.4234092123806476593017578125" lon="120.25478417985141277313232421875">
        <ele>7.400000095367431640625</ele>
        <time>2024-09-02T13:21:00.000Z</time>
        <extensions>
          <ns3:TrackPointExtension>
            <ns3:cad>87</ns3:cad>
          </ns3:TrackPointExtension>
        </extensions>
      </trkpt>
      <trkpt lat="30.42339135892689228057861328125" lon="120.2548048831522464752197265625">
        <ele>7.400000095367431640625</ele>
        <time>2024-09-02T13:21:01.000Z</time>
        <extensions>
          <ns3:TrackPointExtension>
            <ns3:cad>87</ns3:cad>
          </ns3:TrackPointExtension>
        </extensions>
      </trkpt>
      <trkpt lat="30.42337350547313690185546875" lon="120.25482541881501674652099609375">
        <ele>7.400000095367431640625</ele>
        <time>2024-09-02T13:21:02.000Z</time>
        <extensions>
          <ns3:TrackPointExtension>
            <ns3:cad>87</ns3:cad>
          </ns3:TrackPointExtension>
        </extensions>
      </trkpt>
      <trkpt lat="30.4233559034764766693115234375" lon="120.254845283925533294677734375">
        <ele>7.19999980926513671875</ele>
        <time>2024-09-02T13:21:03.000Z</time>
        <extensions>
          <ns3:TrackPointExtension>
            <ns3:cad>88</ns3:cad>
          </ns3:TrackPointExtension>
        </extensions>
      </trkpt>
      <trkpt lat="30.42333872057497501373291015625" lon="120.25486447848379611968994140625">
        <ele>7.19999980926513671875</ele>
        <time>2024-09-02T13:21:04.000Z</time>
        <extensions>
          <ns3:TrackPointExtension>
            <ns3:cad>88</ns3:cad>
          </ns3:TrackPointExtension>
        </extensions>
      </trkpt>
      <trkpt lat="30.423322208225727081298828125" lon="120.25488778017461299896240234375">
        <ele>7</ele>
        <time>2024-09-02T13:21:05.000Z</time>
        <extensions>
          <ns3:TrackPointExtension>
            <ns3:cad>88</ns3:cad>
          </ns3:TrackPointExtension>
        </extensions>
      </trkpt>
      <trkpt lat="30.4233059473335742950439453125" lon="120.2549032866954803466796875">
        <ele>7</ele>
        <time>2024-09-02T13:21:06.000Z</time>
        <extensions>
          <ns3:TrackPointExtension>
            <ns3:cad>88</ns3:cad>
          </ns3:TrackPointExtension>
        </extensions>
      </trkpt>
      <trkpt lat="30.4232908599078655242919921875" lon="120.2549188770353794097900390625">
        <ele>7</ele>
        <time>2024-09-02T13:21:07.000Z</time>
        <extensions>
          <ns3:TrackPointExtension>
            <ns3:cad>89</ns3:cad>
          </ns3:TrackPointExtension>
        </extensions>
      </trkpt>
      <trkpt lat="30.42327535338699817657470703125" lon="120.25493505410850048065185546875">
        <ele>6.80000019073486328125</ele>
        <time>2024-09-02T13:21:08.000Z</time>
        <extensions>
          <ns3:TrackPointExtension>
            <ns3:cad>89</ns3:cad>
          </ns3:TrackPointExtension>
        </extensions>
      </trkpt>
      <trkpt lat="30.423262529075145721435546875" lon="120.2549507282674312591552734375">
        <ele>6.599999904632568359375</ele>
        <time>2024-09-02T13:21:09.000Z</time>
        <extensions>
          <ns3:TrackPointExtension>
            <ns3:cad>89</ns3:cad>
          </ns3:TrackPointExtension>
        </extensions>
      </trkpt>
      <trkpt lat="30.42324953712522983551025390625" lon="120.25495952926576137542724609375">
        <ele>6.400000095367431640625</ele>
        <time>2024-09-02T13:21:10.000Z</time>
        <extensions>
          <ns3:TrackPointExtension>
            <ns3:cad>89</ns3:cad>
          </ns3:TrackPointExtension>
        </extensions>
      </trkpt>
      <trkpt lat="30.423238389194011688232421875" lon="120.254970006644725799560546875">
        <ele>6.400000095367431640625</ele>
        <time>2024-09-02T13:21:11.000Z</time>
        <extensions>
          <ns3:TrackPointExtension>
            <ns3:cad>89</ns3:cad>
          </ns3:TrackPointExtension>
        </extensions>
      </trkpt>
      <trkpt lat="30.42322841472923755645751953125" lon="120.25498081929981708526611328125">
        <ele>6.19999980926513671875</ele>
        <time>2024-09-02T13:21:12.000Z</time>
        <extensions>
          <ns3:TrackPointExtension>
            <ns3:cad>70</ns3:cad>
          </ns3:TrackPointExtension>
        </extensions>
      </trkpt>
      <trkpt lat="30.423221625387668609619140625" lon="120.25499054230749607086181640625">
        <ele>6.19999980926513671875</ele>
        <time>2024-09-02T13:21:13.000Z</time>
        <extensions>
          <ns3:TrackPointExtension>
            <ns3:cad>69</ns3:cad>
          </ns3:TrackPointExtension>
        </extensions>
      </trkpt>
      <trkpt lat="30.4232137463986873626708984375" lon="120.25500076822936534881591796875">
        <ele>6</ele>
        <time>2024-09-02T13:21:14.000Z</time>
        <extensions>
          <ns3:TrackPointExtension>
            <ns3:cad>68</ns3:cad>
          </ns3:TrackPointExtension>
        </extensions>
      </trkpt>
      <trkpt lat="30.42320393957197666168212890625" lon="120.25501283816993236541748046875">
        <ele>6</ele>
        <time>2024-09-02T13:21:15.000Z</time>
        <extensions>
          <ns3:TrackPointExtension>
            <ns3:cad>67</ns3:cad>
          </ns3:TrackPointExtension>
        </extensions>
      </trkpt>
      <trkpt lat="30.423192121088504791259765625" lon="120.2550265006721019744873046875">
        <ele>5.80000019073486328125</ele>
        <time>2024-09-02T13:21:16.000Z</time>
        <extensions>
          <ns3:TrackPointExtension>
            <ns3:cad>67</ns3:cad>
          </ns3:TrackPointExtension>
        </extensions>
      </trkpt>
      <trkpt lat="30.42317946441471576690673828125" lon="120.2550425939261913299560546875">
        <ele>5.599999904632568359375</ele>
        <time>2024-09-02T13:21:17.000Z</time>
        <extensions>
          <ns3:TrackPointExtension>
            <ns3:cad>67</ns3:cad>
          </ns3:TrackPointExtension>
        </extensions>
      </trkpt>
      <trkpt lat="30.4231668077409267425537109375" lon="120.255062878131866455078125">
        <ele>5.400000095367431640625</ele>
        <time>2024-09-02T13:21:18.000Z</time>
        <extensions>
          <ns3:TrackPointExtension>
            <ns3:cad>65</ns3:cad>
          </ns3:TrackPointExtension>
        </extensions>
      </trkpt>
      <trkpt lat="30.4231550730764865875244140625" lon="120.2550767920911312103271484375">
        <ele>5.400000095367431640625</ele>
        <time>2024-09-02T13:21:19.000Z</time>
        <extensions>
          <ns3:TrackPointExtension>
            <ns3:cad>65</ns3:cad>
          </ns3:TrackPointExtension>
        </extensions>
      </trkpt>
      <trkpt lat="30.4231426678597927093505859375" lon="120.2550918795168399810791015625">
        <ele>5.400000095367431640625</ele>
        <time>2024-09-02T13:21:20.000Z</time>
        <extensions>
          <ns3:TrackPointExtension>
            <ns3:cad>65</ns3:cad>
          </ns3:TrackPointExtension>
        </extensions>
      </trkpt>
      <trkpt lat="30.4231255687773227691650390625" lon="120.25510755367577075958251953125">
        <ele>5.400000095367431640625</ele>
        <time>2024-09-02T13:21:21.000Z</time>
        <extensions>
          <ns3:TrackPointExtension>
            <ns3:cad>88</ns3:cad>
          </ns3:TrackPointExtension>
        </extensions>
      </trkpt>
      <trkpt lat="30.42310972698032855987548828125" lon="120.255126915872097015380859375">
        <ele>5.19999980926513671875</ele>
        <time>2024-09-02T13:21:22.000Z</time>
        <extensions>
          <ns3:TrackPointExtension>
            <ns3:cad>88</ns3:cad>
          </ns3:TrackPointExtension>
        </extensions>
      </trkpt>
      <trkpt lat="30.4230923764407634735107421875" lon="120.2551473677158355712890625">
        <ele>5.19999980926513671875</ele>
        <time>2024-09-02T13:21:23.000Z</time>
        <extensions>
          <ns3:TrackPointExtension>
            <ns3:cad>87</ns3:cad>
          </ns3:TrackPointExtension>
        </extensions>
      </trkpt>
      <trkpt lat="30.4230739362537860870361328125" lon="120.2551730163395404815673828125">
        <ele>5</ele>
        <time>2024-09-02T13:21:24.000Z</time>
        <extensions>
          <ns3:TrackPointExtension>
            <ns3:cad>87</ns3:cad>
          </ns3:TrackPointExtension>
        </extensions>
      </trkpt>
      <trkpt lat="30.42305876500904560089111328125" lon="120.2551867626607418060302734375">
        <ele>5</ele>
        <time>2024-09-02T13:21:25.000Z</time>
        <extensions>
          <ns3:TrackPointExtension>
            <ns3:cad>87</ns3:cad>
          </ns3:TrackPointExtension>
        </extensions>
      </trkpt>
      <trkpt lat="30.423038564622402191162109375" lon="120.2552036941051483154296875">
        <ele>5</ele>
        <time>2024-09-02T13:21:26.000Z</time>
        <extensions>
          <ns3:TrackPointExtension>
            <ns3:cad>87</ns3:cad>
          </ns3:TrackPointExtension>
        </extensions>
      </trkpt>
      <trkpt lat="30.4230162687599658966064453125" lon="120.2552229724824428558349609375">
        <ele>5</ele>
        <time>2024-09-02T13:21:27.000Z</time>
        <extensions>
          <ns3:TrackPointExtension>
            <ns3:cad>87</ns3:cad>
          </ns3:TrackPointExtension>
        </extensions>
      </trkpt>
      <trkpt lat="30.4230015166103839874267578125" lon="120.2552343718707561492919921875">
        <ele>5</ele>
        <time>2024-09-02T13:21:28.000Z</time>
        <extensions>
          <ns3:TrackPointExtension>
            <ns3:cad>87</ns3:cad>
          </ns3:TrackPointExtension>
        </extensions>
      </trkpt>
      <trkpt lat="30.4229840822517871856689453125" lon="120.255252979695796966552734375">
        <ele>5</ele>
        <time>2024-09-02T13:21:29.000Z</time>
        <extensions>
          <ns3:TrackPointExtension>
            <ns3:cad>87</ns3:cad>
          </ns3:TrackPointExtension>
        </extensions>
      </trkpt>
      <trkpt lat="30.4229736886918544769287109375" lon="120.255263037979602813720703125">
        <ele>5</ele>
        <time>2024-09-02T13:21:30.000Z</time>
        <extensions>
          <ns3:TrackPointExtension>
            <ns3:cad>86</ns3:cad>
          </ns3:TrackPointExtension>
        </extensions>
      </trkpt>
      <trkpt lat="30.422962121665477752685546875" lon="120.25527418591082096099853515625">
        <ele>5.19999980926513671875</ele>
        <time>2024-09-02T13:21:31.000Z</time>
        <extensions>
          <ns3:TrackPointExtension>
            <ns3:cad>86</ns3:cad>
          </ns3:TrackPointExtension>
        </extensions>
      </trkpt>
      <trkpt lat="30.4229482077062129974365234375" lon="120.2552856691181659698486328125">
        <ele>5.19999980926513671875</ele>
        <time>2024-09-02T13:21:32.000Z</time>
        <extensions>
          <ns3:TrackPointExtension>
            <ns3:cad>86</ns3:cad>
          </ns3:TrackPointExtension>
        </extensions>
      </trkpt>
      <trkpt lat="30.4229347966611385345458984375" lon="120.255297236144542694091796875">
        <ele>5.19999980926513671875</ele>
        <time>2024-09-02T13:21:33.000Z</time>
        <extensions>
          <ns3:TrackPointExtension>
            <ns3:cad>0</ns3:cad>
          </ns3:TrackPointExtension>
        </extensions>
      </trkpt>
      <trkpt lat="30.4229193739593029022216796875" lon="120.2553101442754268646240234375">
        <ele>5.19999980926513671875</ele>
        <time>2024-09-02T13:21:34.000Z</time>
        <extensions>
          <ns3:TrackPointExtension>
            <ns3:cad>0</ns3:cad>
          </ns3:TrackPointExtension>
        </extensions>
      </trkpt>
      <trkpt lat="30.4229093156754970550537109375" lon="120.2553181909024715423583984375">
        <ele>5.400000095367431640625</ele>
        <time>2024-09-02T13:21:35.000Z</time>
        <extensions>
          <ns3:TrackPointExtension>
            <ns3:cad>0</ns3:cad>
          </ns3:TrackPointExtension>
        </extensions>
      </trkpt>
      <trkpt lat="30.422893725335597991943359375" lon="120.25533176958560943603515625">
        <ele>5.400000095367431640625</ele>
        <time>2024-09-02T13:21:36.000Z</time>
        <extensions>
          <ns3:TrackPointExtension>
            <ns3:cad>66</ns3:cad>
          </ns3:TrackPointExtension>
        </extensions>
      </trkpt>
      <trkpt lat="30.42288190685212612152099609375" lon="120.25534157641232013702392578125">
        <ele>5.400000095367431640625</ele>
        <time>2024-09-02T13:21:37.000Z</time>
        <extensions>
          <ns3:TrackPointExtension>
            <ns3:cad>66</ns3:cad>
          </ns3:TrackPointExtension>
        </extensions>
      </trkpt>
      <trkpt lat="30.42287168093025684356689453125" lon="120.255347527563571929931640625">
        <ele>5.599999904632568359375</ele>
        <time>2024-09-02T13:21:38.000Z</time>
        <extensions>
          <ns3:TrackPointExtension>
            <ns3:cad>67</ns3:cad>
          </ns3:TrackPointExtension>
        </extensions>
      </trkpt>
      <trkpt lat="30.4228613711893558502197265625" lon="120.255355574190616607666015625">
        <ele>5.599999904632568359375</ele>
        <time>2024-09-02T13:21:39.000Z</time>
        <extensions>
          <ns3:TrackPointExtension>
            <ns3:cad>67</ns3:cad>
          </ns3:TrackPointExtension>
        </extensions>
      </trkpt>
      <trkpt lat="30.4228452779352664947509765625" lon="120.25536823086440563201904296875">
        <ele>5.599999904632568359375</ele>
        <time>2024-09-02T13:21:40.000Z</time>
        <extensions>
          <ns3:TrackPointExtension>
            <ns3:cad>67</ns3:cad>
          </ns3:TrackPointExtension>
        </extensions>
      </trkpt>
      <trkpt lat="30.42282541282474994659423828125" lon="120.25538113899528980255126953125">
        <ele>5.80000019073486328125</ele>
        <time>2024-09-02T13:21:41.000Z</time>
        <extensions>
          <ns3:TrackPointExtension>
            <ns3:cad>67</ns3:cad>
          </ns3:TrackPointExtension>
        </extensions>
      </trkpt>
      <trkpt lat="30.42280211113393306732177734375" lon="120.25539371185004711151123046875">
        <ele>5.80000019073486328125</ele>
        <time>2024-09-02T13:21:42.000Z</time>
        <extensions>
          <ns3:TrackPointExtension>
            <ns3:cad>33</ns3:cad>
          </ns3:TrackPointExtension>
        </extensions>
      </trkpt>
      <trkpt lat="30.4227822460234165191650390625" lon="120.255404524505138397216796875">
        <ele>6</ele>
        <time>2024-09-02T13:21:43.000Z</time>
        <extensions>
          <ns3:TrackPointExtension>
            <ns3:cad>33</ns3:cad>
          </ns3:TrackPointExtension>
        </extensions>
      </trkpt>
      <trkpt lat="30.42276422493159770965576171875" lon="120.25541651062667369842529296875">
        <ele>6</ele>
        <time>2024-09-02T13:21:44.000Z</time>
        <extensions>
          <ns3:TrackPointExtension>
            <ns3:cad>86</ns3:cad>
          </ns3:TrackPointExtension>
        </extensions>
      </trkpt>
      <trkpt lat="30.4227463714778423309326171875" lon="120.25542975403368473052978515625">
        <ele>6.19999980926513671875</ele>
        <time>2024-09-02T13:21:45.000Z</time>
        <extensions>
          <ns3:TrackPointExtension>
            <ns3:cad>86</ns3:cad>
          </ns3:TrackPointExtension>
        </extensions>
      </trkpt>
      <trkpt lat="30.4227262549102306365966796875" lon="120.255444757640361785888671875">
        <ele>6</ele>
        <time>2024-09-02T13:21:46.000Z</time>
        <extensions>
          <ns3:TrackPointExtension>
            <ns3:cad>87</ns3:cad>
          </ns3:TrackPointExtension>
        </extensions>
      </trkpt>
      <trkpt lat="30.42271368205547332763671875" lon="120.25546210817992687225341796875">
        <ele>6</ele>
        <time>2024-09-02T13:21:47.000Z</time>
        <extensions>
          <ns3:TrackPointExtension>
            <ns3:cad>87</ns3:cad>
          </ns3:TrackPointExtension>
        </extensions>
      </trkpt>
      <trkpt lat="30.42269800789654254913330078125" lon="120.25548323057591915130615234375">
        <ele>5.80000019073486328125</ele>
        <time>2024-09-02T13:21:48.000Z</time>
        <extensions>
          <ns3:TrackPointExtension>
            <ns3:cad>87</ns3:cad>
          </ns3:TrackPointExtension>
        </extensions>
      </trkpt>
      <trkpt lat="30.42268216609954833984375" lon="120.255503766238689422607421875">
        <ele>5.599999904632568359375</ele>
        <time>2024-09-02T13:21:49.000Z</time>
        <extensions>
          <ns3:TrackPointExtension>
            <ns3:cad>87</ns3:cad>
          </ns3:TrackPointExtension>
        </extensions>
      </trkpt>
      <trkpt lat="30.42266808450222015380859375" lon="120.2555233798921108245849609375">
        <ele>5.599999904632568359375</ele>
        <time>2024-09-02T13:21:50.000Z</time>
        <extensions>
          <ns3:TrackPointExtension>
            <ns3:cad>87</ns3:cad>
          </ns3:TrackPointExtension>
        </extensions>
      </trkpt>
      <trkpt lat="30.42265157215297222137451171875" lon="120.25554768741130828857421875">
        <ele>5.400000095367431640625</ele>
        <time>2024-09-02T13:21:51.000Z</time>
        <extensions>
          <ns3:TrackPointExtension>
            <ns3:cad>87</ns3:cad>
          </ns3:TrackPointExtension>
        </extensions>
      </trkpt>
      <trkpt lat="30.4226400889456272125244140625" lon="120.25556235574185848236083984375">
        <ele>5.400000095367431640625</ele>
        <time>2024-09-02T13:21:52.000Z</time>
        <extensions>
          <ns3:TrackPointExtension>
            <ns3:cad>87</ns3:cad>
          </ns3:TrackPointExtension>
        </extensions>
      </trkpt>
      <trkpt lat="30.4226256720721721649169921875" lon="120.25557811371982097625732421875">
        <ele>5.19999980926513671875</ele>
        <time>2024-09-02T13:21:53.000Z</time>
        <extensions>
          <ns3:TrackPointExtension>
            <ns3:cad>87</ns3:cad>
          </ns3:TrackPointExtension>
        </extensions>
      </trkpt>
      <trkpt lat="30.4226109199225902557373046875" lon="120.2555944584310054779052734375">
        <ele>5</ele>
        <time>2024-09-02T13:21:54.000Z</time>
        <extensions>
          <ns3:TrackPointExtension>
            <ns3:cad>88</ns3:cad>
          </ns3:TrackPointExtension>
        </extensions>
      </trkpt>
      <trkpt lat="30.42259373702108860015869140625" lon="120.2556048519909381866455078125">
        <ele>5</ele>
        <time>2024-09-02T13:21:55.000Z</time>
        <extensions>
          <ns3:TrackPointExtension>
            <ns3:cad>88</ns3:cad>
          </ns3:TrackPointExtension>
        </extensions>
      </trkpt>
      <trkpt lat="30.42257714085280895233154296875" lon="120.25562186725437641143798828125">
        <ele>5.19999980926513671875</ele>
        <time>2024-09-02T13:21:56.000Z</time>
        <extensions>
          <ns3:TrackPointExtension>
            <ns3:cad>88</ns3:cad>
          </ns3:TrackPointExtension>
        </extensions>
      </trkpt>
      <trkpt lat="30.42256104759871959686279296875" lon="120.2556408941745758056640625">
        <ele>5.19999980926513671875</ele>
        <time>2024-09-02T13:21:57.000Z</time>
        <extensions>
          <ns3:TrackPointExtension>
            <ns3:cad>88</ns3:cad>
          </ns3:TrackPointExtension>
        </extensions>
      </trkpt>
      <trkpt lat="30.42254260741174221038818359375" lon="120.2556615136563777923583984375">
        <ele>5.400000095367431640625</ele>
        <time>2024-09-02T13:21:58.000Z</time>
        <extensions>
          <ns3:TrackPointExtension>
            <ns3:cad>88</ns3:cad>
          </ns3:TrackPointExtension>
        </extensions>
      </trkpt>
      <trkpt lat="30.42253003455698490142822265625" lon="120.25567634962499141693115234375">
        <ele>5.599999904632568359375</ele>
        <time>2024-09-02T13:21:59.000Z</time>
        <extensions>
          <ns3:TrackPointExtension>
            <ns3:cad>88</ns3:cad>
          </ns3:TrackPointExtension>
        </extensions>
      </trkpt>
      <trkpt lat="30.42251444421708583831787109375" lon="120.2556926943361759185791015625">
        <ele>5.599999904632568359375</ele>
        <time>2024-09-02T13:22:00.000Z</time>
        <extensions>
          <ns3:TrackPointExtension>
            <ns3:cad>88</ns3:cad>
          </ns3:TrackPointExtension>
        </extensions>
      </trkpt>
      <trkpt lat="30.4224989376962184906005859375" lon="120.25570593774318695068359375">
        <ele>5.80000019073486328125</ele>
        <time>2024-09-02T13:22:01.000Z</time>
        <extensions>
          <ns3:TrackPointExtension>
            <ns3:cad>88</ns3:cad>
          </ns3:TrackPointExtension>
        </extensions>
      </trkpt>
      <trkpt lat="30.42248309589922428131103515625" lon="120.2557191811501979827880859375">
        <ele>5.80000019073486328125</ele>
        <time>2024-09-02T13:22:02.000Z</time>
        <extensions>
          <ns3:TrackPointExtension>
            <ns3:cad>89</ns3:cad>
          </ns3:TrackPointExtension>
        </extensions>
      </trkpt>
      <trkpt lat="30.42247119359672069549560546875" lon="120.25573116727173328399658203125">
        <ele>6</ele>
        <time>2024-09-02T13:22:03.000Z</time>
        <extensions>
          <ns3:TrackPointExtension>
            <ns3:cad>89</ns3:cad>
          </ns3:TrackPointExtension>
        </extensions>
      </trkpt>
      <trkpt lat="30.42246289551258087158203125" lon="120.2557433210313320159912109375">
        <ele>6</ele>
        <time>2024-09-02T13:22:04.000Z</time>
        <extensions>
          <ns3:TrackPointExtension>
            <ns3:cad>88</ns3:cad>
          </ns3:TrackPointExtension>
        </extensions>
      </trkpt>
      <trkpt lat="30.42245644144713878631591796875" lon="120.25575648061931133270263671875">
        <ele>6</ele>
        <time>2024-09-02T13:22:05.000Z</time>
        <extensions>
          <ns3:TrackPointExtension>
            <ns3:cad>88</ns3:cad>
          </ns3:TrackPointExtension>
        </extensions>
      </trkpt>
      <trkpt lat="30.42244805954396724700927734375" lon="120.25576989166438579559326171875">
        <ele>6</ele>
        <time>2024-09-02T13:22:06.000Z</time>
        <extensions>
          <ns3:TrackPointExtension>
            <ns3:cad>87</ns3:cad>
          </ns3:TrackPointExtension>
        </extensions>
      </trkpt>
      <trkpt lat="30.42243816889822483062744140625" lon="120.25578028522431850433349609375">
        <ele>6</ele>
        <time>2024-09-02T13:22:07.000Z</time>
        <extensions>
          <ns3:TrackPointExtension>
            <ns3:cad>0</ns3:cad>
          </ns3:TrackPointExtension>
        </extensions>
      </trkpt>
      <trkpt lat="30.422425679862499237060546875" lon="120.2557885833084583282470703125">
        <ele>6.19999980926513671875</ele>
        <time>2024-09-02T13:22:08.000Z</time>
        <extensions>
          <ns3:TrackPointExtension>
            <ns3:cad>0</ns3:cad>
          </ns3:TrackPointExtension>
        </extensions>
      </trkpt>
      <trkpt lat="30.42241285555064678192138671875" lon="120.2558004856109619140625">
        <ele>6.19999980926513671875</ele>
        <time>2024-09-02T13:22:09.000Z</time>
        <extensions>
          <ns3:TrackPointExtension>
            <ns3:cad>64</ns3:cad>
          </ns3:TrackPointExtension>
        </extensions>
      </trkpt>
      <trkpt lat="30.42240011505782604217529296875" lon="120.255813896656036376953125">
        <ele>6.19999980926513671875</ele>
        <time>2024-09-02T13:22:10.000Z</time>
        <extensions>
          <ns3:TrackPointExtension>
            <ns3:cad>65</ns3:cad>
          </ns3:TrackPointExtension>
        </extensions>
      </trkpt>
      <trkpt lat="30.42238645255565643310546875" lon="120.25582395493984222412109375">
        <ele>6.19999980926513671875</ele>
        <time>2024-09-02T13:22:11.000Z</time>
        <extensions>
          <ns3:TrackPointExtension>
            <ns3:cad>65</ns3:cad>
          </ns3:TrackPointExtension>
        </extensions>
      </trkpt>
      <trkpt lat="30.42237262241542339324951171875" lon="120.25583594106137752532958984375">
        <ele>6.400000095367431640625</ele>
        <time>2024-09-02T13:22:12.000Z</time>
        <extensions>
          <ns3:TrackPointExtension>
            <ns3:cad>65</ns3:cad>
          </ns3:TrackPointExtension>
        </extensions>
      </trkpt>
      <trkpt lat="30.4223616421222686767578125" lon="120.255847759544849395751953125">
        <ele>6.400000095367431640625</ele>
        <time>2024-09-02T13:22:13.000Z</time>
        <extensions>
          <ns3:TrackPointExtension>
            <ns3:cad>64</ns3:cad>
          </ns3:TrackPointExtension>
        </extensions>
      </trkpt>
      <trkpt lat="30.4223494045436382293701171875" lon="120.25586108677089214324951171875">
        <ele>6.400000095367431640625</ele>
        <time>2024-09-02T13:22:14.000Z</time>
        <extensions>
          <ns3:TrackPointExtension>
            <ns3:cad>64</ns3:cad>
          </ns3:TrackPointExtension>
        </extensions>
      </trkpt>
      <trkpt lat="30.42233959771692752838134765625" lon="120.255872569978237152099609375">
        <ele>6.400000095367431640625</ele>
        <time>2024-09-02T13:22:15.000Z</time>
        <extensions>
          <ns3:TrackPointExtension>
            <ns3:cad>66</ns3:cad>
          </ns3:TrackPointExtension>
        </extensions>
      </trkpt>
      <trkpt lat="30.422325767576694488525390625" lon="120.255886651575565338134765625">
        <ele>6.400000095367431640625</ele>
        <time>2024-09-02T13:22:16.000Z</time>
        <extensions>
          <ns3:TrackPointExtension>
            <ns3:cad>66</ns3:cad>
          </ns3:TrackPointExtension>
        </extensions>
      </trkpt>
      <trkpt lat="30.4223120212554931640625" lon="120.25589930824935436248779296875">
        <ele>6.599999904632568359375</ele>
        <time>2024-09-02T13:22:17.000Z</time>
        <extensions>
          <ns3:TrackPointExtension>
            <ns3:cad>66</ns3:cad>
          </ns3:TrackPointExtension>
        </extensions>
      </trkpt>
      <trkpt lat="30.422296263277530670166015625" lon="120.25591171346604824066162109375">
        <ele>6.80000019073486328125</ele>
        <time>2024-09-02T13:22:18.000Z</time>
        <extensions>
          <ns3:TrackPointExtension>
            <ns3:cad>66</ns3:cad>
          </ns3:TrackPointExtension>
        </extensions>
      </trkpt>
      <trkpt lat="30.42227824218571186065673828125" lon="120.25592696852982044219970703125">
        <ele>7</ele>
        <time>2024-09-02T13:22:19.000Z</time>
        <extensions>
          <ns3:TrackPointExtension>
            <ns3:cad>79</ns3:cad>
          </ns3:TrackPointExtension>
        </extensions>
      </trkpt>
      <trkpt lat="30.42226231656968593597412109375" lon="120.25594306178390979766845703125">
        <ele>7.19999980926513671875</ele>
        <time>2024-09-02T13:22:20.000Z</time>
        <extensions>
          <ns3:TrackPointExtension>
            <ns3:cad>85</ns3:cad>
          </ns3:TrackPointExtension>
        </extensions>
      </trkpt>
      <trkpt lat="30.42224622331559658050537109375" lon="120.2559599094092845916748046875">
        <ele>7.400000095367431640625</ele>
        <time>2024-09-02T13:22:21.000Z</time>
        <extensions>
          <ns3:TrackPointExtension>
            <ns3:cad>85</ns3:cad>
          </ns3:TrackPointExtension>
        </extensions>
      </trkpt>
      <trkpt lat="30.42223088443279266357421875" lon="120.25597256608307361602783203125">
        <ele>7.400000095367431640625</ele>
        <time>2024-09-02T13:22:22.000Z</time>
        <extensions>
          <ns3:TrackPointExtension>
            <ns3:cad>85</ns3:cad>
          </ns3:TrackPointExtension>
        </extensions>
      </trkpt>
      <trkpt lat="30.42221856303513050079345703125" lon="120.2559842169284820556640625">
        <ele>7.599999904632568359375</ele>
        <time>2024-09-02T13:22:23.000Z</time>
        <extensions>
          <ns3:TrackPointExtension>
            <ns3:cad>85</ns3:cad>
          </ns3:TrackPointExtension>
        </extensions>
      </trkpt>
      <trkpt lat="30.42220850475132465362548828125" lon="120.2559981308877468109130859375">
        <ele>7.80000019073486328125</ele>
        <time>2024-09-02T13:22:24.000Z</time>
        <extensions>
          <ns3:TrackPointExtension>
            <ns3:cad>85</ns3:cad>
          </ns3:TrackPointExtension>
        </extensions>
      </trkpt>
      <trkpt lat="30.42219911701977252960205078125" lon="120.25600894354283809661865234375">
        <ele>7.80000019073486328125</ele>
        <time>2024-09-02T13:22:25.000Z</time>
        <extensions>
          <ns3:TrackPointExtension>
            <ns3:cad>85</ns3:cad>
          </ns3:TrackPointExtension>
        </extensions>
      </trkpt>
      <trkpt lat="30.4221901483833789825439453125" lon="120.2560190856456756591796875">
        <ele>8</ele>
        <time>2024-09-02T13:22:26.000Z</time>
        <extensions>
          <ns3:TrackPointExtension>
            <ns3:cad>85</ns3:cad>
          </ns3:TrackPointExtension>
        </extensions>
      </trkpt>
      <trkpt lat="30.42217531241476535797119140625" lon="120.25603325106203556060791015625">
        <ele>8</ele>
        <time>2024-09-02T13:22:27.000Z</time>
        <extensions>
          <ns3:TrackPointExtension>
            <ns3:cad>0</ns3:cad>
          </ns3:TrackPointExtension>
        </extensions>
      </trkpt>
      <trkpt lat="30.42215804569423198699951171875" lon="120.25605286471545696258544921875">
        <ele>8</ele>
        <time>2024-09-02T13:22:28.000Z</time>
        <extensions>
          <ns3:TrackPointExtension>
            <ns3:cad>0</ns3:cad>
          </ns3:TrackPointExtension>
        </extensions>
      </trkpt>
      <trkpt lat="30.4221408627927303314208984375" lon="120.25607247836887836456298828125">
        <ele>8</ele>
        <time>2024-09-02T13:22:29.000Z</time>
        <extensions>
          <ns3:TrackPointExtension>
            <ns3:cad>0</ns3:cad>
          </ns3:TrackPointExtension>
        </extensions>
      </trkpt>
      <trkpt lat="30.422123260796070098876953125" lon="120.25609259493649005889892578125">
        <ele>8</ele>
        <time>2024-09-02T13:22:30.000Z</time>
        <extensions>
          <ns3:TrackPointExtension>
            <ns3:cad>85</ns3:cad>
          </ns3:TrackPointExtension>
        </extensions>
      </trkpt>
      <trkpt lat="30.42210255749523639678955078125" lon="120.2561183273792266845703125">
        <ele>8</ele>
        <time>2024-09-02T13:22:31.000Z</time>
        <extensions>
          <ns3:TrackPointExtension>
            <ns3:cad>85</ns3:cad>
          </ns3:TrackPointExtension>
        </extensions>
      </trkpt>
      <trkpt lat="30.42208478786051273345947265625" lon="120.2561409585177898406982421875">
        <ele>8</ele>
        <time>2024-09-02T13:22:32.000Z</time>
        <extensions>
          <ns3:TrackPointExtension>
            <ns3:cad>85</ns3:cad>
          </ns3:TrackPointExtension>
        </extensions>
      </trkpt>
      <trkpt lat="30.42206550948321819305419921875" lon="120.2561637572944164276123046875">
        <ele>8</ele>
        <time>2024-09-02T13:22:33.000Z</time>
        <extensions>
          <ns3:TrackPointExtension>
            <ns3:cad>85</ns3:cad>
          </ns3:TrackPointExtension>
        </extensions>
      </trkpt>
      <trkpt lat="30.42204673402011394500732421875" lon="120.25618161074817180633544921875">
        <ele>8</ele>
        <time>2024-09-02T13:22:34.000Z</time>
        <extensions>
          <ns3:TrackPointExtension>
            <ns3:cad>85</ns3:cad>
          </ns3:TrackPointExtension>
        </extensions>
      </trkpt>
      <trkpt lat="30.42203147895634174346923828125" lon="120.25620348751544952392578125">
        <ele>8.19999980926513671875</ele>
        <time>2024-09-02T13:22:35.000Z</time>
        <extensions>
          <ns3:TrackPointExtension>
            <ns3:cad>85</ns3:cad>
          </ns3:TrackPointExtension>
        </extensions>
      </trkpt>
      <trkpt lat="30.4220194928348064422607421875" lon="120.25622100569307804107666015625">
        <ele>8.3999996185302734375</ele>
        <time>2024-09-02T13:22:36.000Z</time>
        <extensions>
          <ns3:TrackPointExtension>
            <ns3:cad>85</ns3:cad>
          </ns3:TrackPointExtension>
        </extensions>
      </trkpt>
      <trkpt lat="30.4220030643045902252197265625" lon="120.256241373717784881591796875">
        <ele>8.3999996185302734375</ele>
        <time>2024-09-02T13:22:37.000Z</time>
        <extensions>
          <ns3:TrackPointExtension>
            <ns3:cad>85</ns3:cad>
          </ns3:TrackPointExtension>
        </extensions>
      </trkpt>
      <trkpt lat="30.4219883121550083160400390625" lon="120.25626509450376033782958984375">
        <ele>8.6000003814697265625</ele>
        <time>2024-09-02T13:22:38.000Z</time>
        <extensions>
          <ns3:TrackPointExtension>
            <ns3:cad>85</ns3:cad>
          </ns3:TrackPointExtension>
        </extensions>
      </trkpt>
      <trkpt lat="30.42197314091026782989501953125" lon="120.256279595196247100830078125">
        <ele>8.6000003814697265625</ele>
        <time>2024-09-02T13:22:39.000Z</time>
        <extensions>
          <ns3:TrackPointExtension>
            <ns3:cad>87</ns3:cad>
          </ns3:TrackPointExtension>
        </extensions>
      </trkpt>
      <trkpt lat="30.4219547845423221588134765625" lon="120.25628956966102123260498046875">
        <ele>8.80000019073486328125</ele>
        <time>2024-09-02T13:22:40.000Z</time>
        <extensions>
          <ns3:TrackPointExtension>
            <ns3:cad>87</ns3:cad>
          </ns3:TrackPointExtension>
        </extensions>
      </trkpt>
      <trkpt lat="30.42194095440208911895751953125" lon="120.25629342533648014068603515625">
        <ele>8.80000019073486328125</ele>
        <time>2024-09-02T13:22:41.000Z</time>
        <extensions>
          <ns3:TrackPointExtension>
            <ns3:cad>87</ns3:cad>
          </ns3:TrackPointExtension>
        </extensions>
      </trkpt>
      <trkpt lat="30.421931482851505279541015625" lon="120.25630566291511058807373046875">
        <ele>9</ele>
        <time>2024-09-02T13:22:42.000Z</time>
        <extensions>
          <ns3:TrackPointExtension>
            <ns3:cad>87</ns3:cad>
          </ns3:TrackPointExtension>
        </extensions>
      </trkpt>
      <trkpt lat="30.4219192452728748321533203125" lon="120.25631940923631191253662109375">
        <ele>9</ele>
        <time>2024-09-02T13:22:43.000Z</time>
        <extensions>
          <ns3:TrackPointExtension>
            <ns3:cad>87</ns3:cad>
          </ns3:TrackPointExtension>
        </extensions>
      </trkpt>
      <trkpt lat="30.4218961112201213836669921875" lon="120.2563360892236232757568359375">
        <ele>8.80000019073486328125</ele>
        <time>2024-09-02T13:22:44.000Z</time>
        <extensions>
          <ns3:TrackPointExtension>
            <ns3:cad>86</ns3:cad>
          </ns3:TrackPointExtension>
        </extensions>
      </trkpt>
      <trkpt lat="30.42187758721411228179931640625" lon="120.25634841062128543853759765625">
        <ele>8.80000019073486328125</ele>
        <time>2024-09-02T13:22:45.000Z</time>
        <extensions>
          <ns3:TrackPointExtension>
            <ns3:cad>86</ns3:cad>
          </ns3:TrackPointExtension>
        </extensions>
      </trkpt>
      <trkpt lat="30.4218639247119426727294921875" lon="120.256370790302753448486328125">
        <ele>8.6000003814697265625</ele>
        <time>2024-09-02T13:22:46.000Z</time>
        <extensions>
          <ns3:TrackPointExtension>
            <ns3:cad>86</ns3:cad>
          </ns3:TrackPointExtension>
        </extensions>
      </trkpt>
      <trkpt lat="30.42184825055301189422607421875" lon="120.25638579390943050384521484375">
        <ele>8.3999996185302734375</ele>
        <time>2024-09-02T13:22:47.000Z</time>
        <extensions>
          <ns3:TrackPointExtension>
            <ns3:cad>88</ns3:cad>
          </ns3:TrackPointExtension>
        </extensions>
      </trkpt>
      <trkpt lat="30.421830900013446807861328125" lon="120.25640440173447132110595703125">
        <ele>8.3999996185302734375</ele>
        <time>2024-09-02T13:22:48.000Z</time>
        <extensions>
          <ns3:TrackPointExtension>
            <ns3:cad>88</ns3:cad>
          </ns3:TrackPointExtension>
        </extensions>
      </trkpt>
      <trkpt lat="30.42181120254099369049072265625" lon="120.2564299665391445159912109375">
        <ele>8.19999980926513671875</ele>
        <time>2024-09-02T13:22:49.000Z</time>
        <extensions>
          <ns3:TrackPointExtension>
            <ns3:cad>88</ns3:cad>
          </ns3:TrackPointExtension>
        </extensions>
      </trkpt>
      <trkpt lat="30.42179695330560207366943359375" lon="120.256446562707424163818359375">
        <ele>8</ele>
        <time>2024-09-02T13:22:50.000Z</time>
        <extensions>
          <ns3:TrackPointExtension>
            <ns3:cad>88</ns3:cad>
          </ns3:TrackPointExtension>
        </extensions>
      </trkpt>
      <trkpt lat="30.4217858053743839263916015625" lon="120.25645184330642223358154296875">
        <ele>8</ele>
        <time>2024-09-02T13:22:51.000Z</time>
        <extensions>
          <ns3:TrackPointExtension>
            <ns3:cad>89</ns3:cad>
          </ns3:TrackPointExtension>
        </extensions>
      </trkpt>
      <trkpt lat="30.42177549563348293304443359375" lon="120.25645553134381771087646484375">
        <ele>8</ele>
        <time>2024-09-02T13:22:52.000Z</time>
        <extensions>
          <ns3:TrackPointExtension>
            <ns3:cad>89</ns3:cad>
          </ns3:TrackPointExtension>
        </extensions>
      </trkpt>
      <trkpt lat="30.42176283895969390869140625" lon="120.25646500289440155029296875">
        <ele>8</ele>
        <time>2024-09-02T13:22:53.000Z</time>
        <extensions>
          <ns3:TrackPointExtension>
            <ns3:cad>87</ns3:cad>
          </ns3:TrackPointExtension>
        </extensions>
      </trkpt>
      <trkpt lat="30.42174817062914371490478515625" lon="120.25647497735917568206787109375">
        <ele>8</ele>
        <time>2024-09-02T13:22:54.000Z</time>
        <extensions>
          <ns3:TrackPointExtension>
            <ns3:cad>87</ns3:cad>
          </ns3:TrackPointExtension>
        </extensions>
      </trkpt>
      <trkpt lat="30.4217351786792278289794921875" lon="120.25648386217653751373291015625">
        <ele>8</ele>
        <time>2024-09-02T13:22:55.000Z</time>
        <extensions>
          <ns3:TrackPointExtension>
            <ns3:cad>74</ns3:cad>
          </ns3:TrackPointExtension>
        </extensions>
      </trkpt>
      <trkpt lat="30.421723611652851104736328125" lon="120.25649962015450000762939453125">
        <ele>8</ele>
        <time>2024-09-02T13:22:56.000Z</time>
        <extensions>
          <ns3:TrackPointExtension>
            <ns3:cad>74</ns3:cad>
          </ns3:TrackPointExtension>
        </extensions>
      </trkpt>
      <trkpt lat="30.4217093624174594879150390625" lon="120.2565179765224456787109375">
        <ele>8</ele>
        <time>2024-09-02T13:22:57.000Z</time>
        <extensions>
          <ns3:TrackPointExtension>
            <ns3:cad>74</ns3:cad>
          </ns3:TrackPointExtension>
        </extensions>
      </trkpt>
      <trkpt lat="30.42169603519141674041748046875" lon="120.256535746157169342041015625">
        <ele>8</ele>
        <time>2024-09-02T13:22:58.000Z</time>
        <extensions>
          <ns3:TrackPointExtension>
            <ns3:cad>66</ns3:cad>
          </ns3:TrackPointExtension>
        </extensions>
      </trkpt>
      <trkpt lat="30.42167834937572479248046875" lon="120.25655125267803668975830078125">
        <ele>8</ele>
        <time>2024-09-02T13:22:59.000Z</time>
        <extensions>
          <ns3:TrackPointExtension>
            <ns3:cad>66</ns3:cad>
          </ns3:TrackPointExtension>
        </extensions>
      </trkpt>
      <trkpt lat="30.42166217230260372161865234375" lon="120.256571285426616668701171875">
        <ele>8</ele>
        <time>2024-09-02T13:23:00.000Z</time>
        <extensions>
          <ns3:TrackPointExtension>
            <ns3:cad>66</ns3:cad>
          </ns3:TrackPointExtension>
        </extensions>
      </trkpt>
      <trkpt lat="30.4216510243713855743408203125" lon="120.256586708128452301025390625">
        <ele>8</ele>
        <time>2024-09-02T13:23:01.000Z</time>
        <extensions>
          <ns3:TrackPointExtension>
            <ns3:cad>66</ns3:cad>
          </ns3:TrackPointExtension>
        </extensions>
      </trkpt>
      <trkpt lat="30.42163543403148651123046875" lon="120.256605483591556549072265625">
        <ele>8</ele>
        <time>2024-09-02T13:23:02.000Z</time>
        <extensions>
          <ns3:TrackPointExtension>
            <ns3:cad>66</ns3:cad>
          </ns3:TrackPointExtension>
        </extensions>
      </trkpt>
      <trkpt lat="30.4216198436915874481201171875" lon="120.2566207386553287506103515625">
        <ele>7.80000019073486328125</ele>
        <time>2024-09-02T13:23:03.000Z</time>
        <extensions>
          <ns3:TrackPointExtension>
            <ns3:cad>86</ns3:cad>
          </ns3:TrackPointExtension>
        </extensions>
      </trkpt>
      <trkpt lat="30.42160249315202236175537109375" lon="120.25663674809038639068603515625">
        <ele>7.80000019073486328125</ele>
        <time>2024-09-02T13:23:04.000Z</time>
        <extensions>
          <ns3:TrackPointExtension>
            <ns3:cad>87</ns3:cad>
          </ns3:TrackPointExtension>
        </extensions>
      </trkpt>
      <trkpt lat="30.4215866513550281524658203125" lon="120.25665284134447574615478515625">
        <ele>7.599999904632568359375</ele>
        <time>2024-09-02T13:23:05.000Z</time>
        <extensions>
          <ns3:TrackPointExtension>
            <ns3:cad>87</ns3:cad>
          </ns3:TrackPointExtension>
        </extensions>
      </trkpt>
      <trkpt lat="30.421571396291255950927734375" lon="120.2566710300743579864501953125">
        <ele>7.400000095367431640625</ele>
        <time>2024-09-02T13:23:06.000Z</time>
        <extensions>
          <ns3:TrackPointExtension>
            <ns3:cad>88</ns3:cad>
          </ns3:TrackPointExtension>
        </extensions>
      </trkpt>
      <trkpt lat="30.421555973589420318603515625" lon="120.25669055990874767303466796875">
        <ele>7.400000095367431640625</ele>
        <time>2024-09-02T13:23:07.000Z</time>
        <extensions>
          <ns3:TrackPointExtension>
            <ns3:cad>88</ns3:cad>
          </ns3:TrackPointExtension>
        </extensions>
      </trkpt>
      <trkpt lat="30.4215373657643795013427734375" lon="120.25670665316283702850341796875">
        <ele>7.19999980926513671875</ele>
        <time>2024-09-02T13:23:08.000Z</time>
        <extensions>
          <ns3:TrackPointExtension>
            <ns3:cad>88</ns3:cad>
          </ns3:TrackPointExtension>
        </extensions>
      </trkpt>
      <trkpt lat="30.421520434319972991943359375" lon="120.25672651827335357666015625">
        <ele>7</ele>
        <time>2024-09-02T13:23:09.000Z</time>
        <extensions>
          <ns3:TrackPointExtension>
            <ns3:cad>88</ns3:cad>
          </ns3:TrackPointExtension>
        </extensions>
      </trkpt>
      <trkpt lat="30.42150006629526615142822265625" lon="120.2567513287067413330078125">
        <ele>7</ele>
        <time>2024-09-02T13:23:10.000Z</time>
        <extensions>
          <ns3:TrackPointExtension>
            <ns3:cad>88</ns3:cad>
          </ns3:TrackPointExtension>
        </extensions>
      </trkpt>
      <trkpt lat="30.42148615233600139617919921875" lon="120.25677270255982875823974609375">
        <ele>7.19999980926513671875</ele>
        <time>2024-09-02T13:23:11.000Z</time>
        <extensions>
          <ns3:TrackPointExtension>
            <ns3:cad>88</ns3:cad>
          </ns3:TrackPointExtension>
        </extensions>
      </trkpt>
      <trkpt lat="30.421464107930660247802734375" lon="120.2567980997264385223388671875">
        <ele>7.400000095367431640625</ele>
        <time>2024-09-02T13:23:12.000Z</time>
        <extensions>
          <ns3:TrackPointExtension>
            <ns3:cad>88</ns3:cad>
          </ns3:TrackPointExtension>
        </extensions>
      </trkpt>
      <trkpt lat="30.42144441045820713043212890625" lon="120.25681997649371623992919921875">
        <ele>7.599999904632568359375</ele>
        <time>2024-09-02T13:23:13.000Z</time>
        <extensions>
          <ns3:TrackPointExtension>
            <ns3:cad>87</ns3:cad>
          </ns3:TrackPointExtension>
        </extensions>
      </trkpt>
      <trkpt lat="30.4214320890605449676513671875" lon="120.25683472864329814910888671875">
        <ele>7.599999904632568359375</ele>
        <time>2024-09-02T13:23:14.000Z</time>
        <extensions>
          <ns3:TrackPointExtension>
            <ns3:cad>87</ns3:cad>
          </ns3:TrackPointExtension>
        </extensions>
      </trkpt>
      <trkpt lat="30.421419180929660797119140625" lon="120.25685115717351436614990234375">
        <ele>7.80000019073486328125</ele>
        <time>2024-09-02T13:23:15.000Z</time>
        <extensions>
          <ns3:TrackPointExtension>
            <ns3:cad>87</ns3:cad>
          </ns3:TrackPointExtension>
        </extensions>
      </trkpt>
      <trkpt lat="30.42140803299844264984130859375" lon="120.2568644843995571136474609375">
        <ele>7.80000019073486328125</ele>
        <time>2024-09-02T13:23:16.000Z</time>
        <extensions>
          <ns3:TrackPointExtension>
            <ns3:cad>87</ns3:cad>
          </ns3:TrackPointExtension>
        </extensions>
      </trkpt>
      <trkpt lat="30.42139965109527111053466796875" lon="120.25687873363494873046875">
        <ele>7.80000019073486328125</ele>
        <time>2024-09-02T13:23:17.000Z</time>
        <extensions>
          <ns3:TrackPointExtension>
            <ns3:cad>65</ns3:cad>
          </ns3:TrackPointExtension>
        </extensions>
      </trkpt>
      <trkpt lat="30.42139328084886074066162109375" lon="120.25689281523227691650390625">
        <ele>8</ele>
        <time>2024-09-02T13:23:18.000Z</time>
        <extensions>
          <ns3:TrackPointExtension>
            <ns3:cad>65</ns3:cad>
          </ns3:TrackPointExtension>
        </extensions>
      </trkpt>
      <trkpt lat="30.4213868267834186553955078125" lon="120.2569063939154148101806640625">
        <ele>8</ele>
        <time>2024-09-02T13:23:19.000Z</time>
        <extensions>
          <ns3:TrackPointExtension>
            <ns3:cad>65</ns3:cad>
          </ns3:TrackPointExtension>
        </extensions>
      </trkpt>
      <trkpt lat="30.42137517593801021575927734375" lon="120.25691754184663295745849609375">
        <ele>8.19999980926513671875</ele>
        <time>2024-09-02T13:23:20.000Z</time>
        <extensions>
          <ns3:TrackPointExtension>
            <ns3:cad>0</ns3:cad>
          </ns3:TrackPointExtension>
        </extensions>
      </trkpt>
      <trkpt lat="30.42136260308325290679931640625" lon="120.2569369040429592132568359375">
        <ele>8.19999980926513671875</ele>
        <time>2024-09-02T13:23:21.000Z</time>
        <extensions>
          <ns3:TrackPointExtension>
            <ns3:cad>0</ns3:cad>
          </ns3:TrackPointExtension>
        </extensions>
      </trkpt>
      <trkpt lat="30.42135237716138362884521484375" lon="120.2569496445357799530029296875">
        <ele>8.3999996185302734375</ele>
        <time>2024-09-02T13:23:22.000Z</time>
        <extensions>
          <ns3:TrackPointExtension>
            <ns3:cad>64</ns3:cad>
          </ns3:TrackPointExtension>
        </extensions>
      </trkpt>
      <trkpt lat="30.42134315706789493560791015625" lon="120.256958864629268646240234375">
        <ele>8.3999996185302734375</ele>
        <time>2024-09-02T13:23:23.000Z</time>
        <extensions>
          <ns3:TrackPointExtension>
            <ns3:cad>64</ns3:cad>
          </ns3:TrackPointExtension>
        </extensions>
      </trkpt>
      <trkpt lat="30.4213281534612178802490234375" lon="120.2569690905511379241943359375">
        <ele>8.3999996185302734375</ele>
        <time>2024-09-02T13:23:24.000Z</time>
        <extensions>
          <ns3:TrackPointExtension>
            <ns3:cad>65</ns3:cad>
          </ns3:TrackPointExtension>
        </extensions>
      </trkpt>
      <trkpt lat="30.421315915882587432861328125" lon="120.2569794841110706329345703125">
        <ele>8.6000003814697265625</ele>
        <time>2024-09-02T13:23:25.000Z</time>
        <extensions>
          <ns3:TrackPointExtension>
            <ns3:cad>65</ns3:cad>
          </ns3:TrackPointExtension>
        </extensions>
      </trkpt>
      <trkpt lat="30.42130460031330585479736328125" lon="120.2569915540516376495361328125">
        <ele>8.6000003814697265625</ele>
        <time>2024-09-02T13:23:26.000Z</time>
        <extensions>
          <ns3:TrackPointExtension>
            <ns3:cad>67</ns3:cad>
          </ns3:TrackPointExtension>
        </extensions>
      </trkpt>
      <trkpt lat="30.421289764344692230224609375" lon="120.25701108388602733612060546875">
        <ele>8.80000019073486328125</ele>
        <time>2024-09-02T13:23:27.000Z</time>
        <extensions>
          <ns3:TrackPointExtension>
            <ns3:cad>67</ns3:cad>
          </ns3:TrackPointExtension>
        </extensions>
      </trkpt>
      <trkpt lat="30.421279035508632659912109375" lon="120.25703069753944873809814453125">
        <ele>8.80000019073486328125</ele>
        <time>2024-09-02T13:23:28.000Z</time>
        <extensions>
          <ns3:TrackPointExtension>
            <ns3:cad>67</ns3:cad>
          </ns3:TrackPointExtension>
        </extensions>
      </trkpt>
      <trkpt lat="30.421263277530670166015625" lon="120.25705366395413875579833984375">
        <ele>9</ele>
        <time>2024-09-02T13:23:29.000Z</time>
        <extensions>
          <ns3:TrackPointExtension>
            <ns3:cad>83</ns3:cad>
          </ns3:TrackPointExtension>
        </extensions>
      </trkpt>
      <trkpt lat="30.42124358005821704864501953125" lon="120.2570793963968753814697265625">
        <ele>9.19999980926513671875</ele>
        <time>2024-09-02T13:23:30.000Z</time>
        <extensions>
          <ns3:TrackPointExtension>
            <ns3:cad>85</ns3:cad>
          </ns3:TrackPointExtension>
        </extensions>
      </trkpt>
      <trkpt lat="30.4212279058992862701416015625" lon="120.2570978365838527679443359375">
        <ele>9.3999996185302734375</ele>
        <time>2024-09-02T13:23:31.000Z</time>
        <extensions>
          <ns3:TrackPointExtension>
            <ns3:cad>86</ns3:cad>
          </ns3:TrackPointExtension>
        </extensions>
      </trkpt>
      <trkpt lat="30.42121491394937038421630859375" lon="120.2571139298379421234130859375">
        <ele>9.3999996185302734375</ele>
        <time>2024-09-02T13:23:32.000Z</time>
        <extensions>
          <ns3:TrackPointExtension>
            <ns3:cad>86</ns3:cad>
          </ns3:TrackPointExtension>
        </extensions>
      </trkpt>
      <trkpt lat="30.4212061129510402679443359375" lon="120.25712507776916027069091796875">
        <ele>9.3999996185302734375</ele>
        <time>2024-09-02T13:23:33.000Z</time>
        <extensions>
          <ns3:TrackPointExtension>
            <ns3:cad>87</ns3:cad>
          </ns3:TrackPointExtension>
        </extensions>
      </trkpt>
      <trkpt lat="30.4211984016001224517822265625" lon="120.25713731534779071807861328125">
        <ele>9.6000003814697265625</ele>
        <time>2024-09-02T13:23:34.000Z</time>
        <extensions>
          <ns3:TrackPointExtension>
            <ns3:cad>87</ns3:cad>
          </ns3:TrackPointExtension>
        </extensions>
      </trkpt>
      <trkpt lat="30.42119211517274379730224609375" lon="120.25715072639286518096923828125">
        <ele>9.6000003814697265625</ele>
        <time>2024-09-02T13:23:35.000Z</time>
        <extensions>
          <ns3:TrackPointExtension>
            <ns3:cad>86</ns3:cad>
          </ns3:TrackPointExtension>
        </extensions>
      </trkpt>
      <trkpt lat="30.42118641547858715057373046875" lon="120.257154665887355804443359375">
        <ele>9.6000003814697265625</ele>
        <time>2024-09-02T13:23:36.000Z</time>
        <extensions>
          <ns3:TrackPointExtension>
            <ns3:cad>86</ns3:cad>
          </ns3:TrackPointExtension>
        </extensions>
      </trkpt>
      <trkpt lat="30.42117987759411334991455078125" lon="120.25716346688568592071533203125">
        <ele>9.80000019073486328125</ele>
        <time>2024-09-02T13:23:37.000Z</time>
        <extensions>
          <ns3:TrackPointExtension>
            <ns3:cad>86</ns3:cad>
          </ns3:TrackPointExtension>
        </extensions>
      </trkpt>
      <trkpt lat="30.42116462253034114837646484375" lon="120.25716581381857395172119140625">
        <ele>9.80000019073486328125</ele>
        <time>2024-09-02T13:23:38.000Z</time>
        <extensions>
          <ns3:TrackPointExtension>
            <ns3:cad>86</ns3:cad>
          </ns3:TrackPointExtension>
        </extensions>
      </trkpt>
      <trkpt lat="30.42115137912333011627197265625" lon="120.2571632154285907745361328125">
        <ele>9.80000019073486328125</ele>
        <time>2024-09-02T13:23:39.000Z</time>
        <extensions>
          <ns3:TrackPointExtension>
            <ns3:cad>65</ns3:cad>
          </ns3:TrackPointExtension>
        </extensions>
      </trkpt>
      <trkpt lat="30.42113310657441616058349609375" lon="120.25716933421790599822998046875">
        <ele>10</ele>
        <time>2024-09-02T13:23:40.000Z</time>
        <extensions>
          <ns3:TrackPointExtension>
            <ns3:cad>64</ns3:cad>
          </ns3:TrackPointExtension>
        </extensions>
      </trkpt>
      <trkpt lat="30.42111533693969249725341796875" lon="120.257178135216236114501953125">
        <ele>10</ele>
        <time>2024-09-02T13:23:41.000Z</time>
        <extensions>
          <ns3:TrackPointExtension>
            <ns3:cad>64</ns3:cad>
          </ns3:TrackPointExtension>
        </extensions>
      </trkpt>
      <trkpt lat="30.42110343463718891143798828125" lon="120.2571870200335979461669921875">
        <ele>10</ele>
        <time>2024-09-02T13:23:42.000Z</time>
        <extensions>
          <ns3:TrackPointExtension>
            <ns3:cad>65</ns3:cad>
          </ns3:TrackPointExtension>
        </extensions>
      </trkpt>
      <trkpt lat="30.42109186761081218719482421875" lon="120.25719263590872287750244140625">
        <ele>10.19999980926513671875</ele>
        <time>2024-09-02T13:23:43.000Z</time>
        <extensions>
          <ns3:TrackPointExtension>
            <ns3:cad>65</ns3:cad>
          </ns3:TrackPointExtension>
        </extensions>
      </trkpt>
      <trkpt lat="30.42107577435672283172607421875" lon="120.25720185600221157073974609375">
        <ele>10.19999980926513671875</ele>
        <time>2024-09-02T13:23:44.000Z</time>
        <extensions>
          <ns3:TrackPointExtension>
            <ns3:cad>65</ns3:cad>
          </ns3:TrackPointExtension>
        </extensions>
      </trkpt>
      <trkpt lat="30.42106387205421924591064453125" lon="120.25721199810504913330078125">
        <ele>10.19999980926513671875</ele>
        <time>2024-09-02T13:23:45.000Z</time>
        <extensions>
          <ns3:TrackPointExtension>
            <ns3:cad>65</ns3:cad>
          </ns3:TrackPointExtension>
        </extensions>
      </trkpt>
      <trkpt lat="30.421053059399127960205078125" lon="120.257225073873996734619140625">
        <ele>10.19999980926513671875</ele>
        <time>2024-09-02T13:23:46.000Z</time>
        <extensions>
          <ns3:TrackPointExtension>
            <ns3:cad>65</ns3:cad>
          </ns3:TrackPointExtension>
        </extensions>
      </trkpt>
      <trkpt lat="30.4210391454398632049560546875" lon="120.257239826023578643798828125">
        <ele>10.19999980926513671875</ele>
        <time>2024-09-02T13:23:47.000Z</time>
        <extensions>
          <ns3:TrackPointExtension>
            <ns3:cad>65</ns3:cad>
          </ns3:TrackPointExtension>
        </extensions>
      </trkpt>
      <trkpt lat="30.4210253991186618804931640625" lon="120.2572529017925262451171875">
        <ele>10.19999980926513671875</ele>
        <time>2024-09-02T13:23:48.000Z</time>
        <extensions>
          <ns3:TrackPointExtension>
            <ns3:cad>83</ns3:cad>
          </ns3:TrackPointExtension>
        </extensions>
      </trkpt>
      <trkpt lat="30.4210124909877777099609375" lon="120.2572661451995372772216796875">
        <ele>10.19999980926513671875</ele>
        <time>2024-09-02T13:23:49.000Z</time>
        <extensions>
          <ns3:TrackPointExtension>
            <ns3:cad>85</ns3:cad>
          </ns3:TrackPointExtension>
        </extensions>
      </trkpt>
      <trkpt lat="30.42099631391465663909912109375" lon="120.2572812326252460479736328125">
        <ele>10.19999980926513671875</ele>
        <time>2024-09-02T13:23:50.000Z</time>
        <extensions>
          <ns3:TrackPointExtension>
            <ns3:cad>87</ns3:cad>
          </ns3:TrackPointExtension>
        </extensions>
      </trkpt>
      <trkpt lat="30.42097569443285465240478515625" lon="120.25729648768901824951171875">
        <ele>10.19999980926513671875</ele>
        <time>2024-09-02T13:23:51.000Z</time>
        <extensions>
          <ns3:TrackPointExtension>
            <ns3:cad>87</ns3:cad>
          </ns3:TrackPointExtension>
        </extensions>
      </trkpt>
      <trkpt lat="30.42095758952200412750244140625" lon="120.2573036961257457733154296875">
        <ele>10.19999980926513671875</ele>
        <time>2024-09-02T13:23:52.000Z</time>
        <extensions>
          <ns3:TrackPointExtension>
            <ns3:cad>87</ns3:cad>
          </ns3:TrackPointExtension>
        </extensions>
      </trkpt>
      <trkpt lat="30.42093512602150440216064453125" lon="120.2573228068649768829345703125">
        <ele>10</ele>
        <time>2024-09-02T13:23:53.000Z</time>
        <extensions>
          <ns3:TrackPointExtension>
            <ns3:cad>87</ns3:cad>
          </ns3:TrackPointExtension>
        </extensions>
      </trkpt>
      <trkpt lat="30.42092205025255680084228515625" lon="120.25733529590070247650146484375">
        <ele>10</ele>
        <time>2024-09-02T13:23:54.000Z</time>
        <extensions>
          <ns3:TrackPointExtension>
            <ns3:cad>88</ns3:cad>
          </ns3:TrackPointExtension>
        </extensions>
      </trkpt>
      <trkpt lat="30.42090713046491146087646484375" lon="120.25735189206898212432861328125">
        <ele>9.80000019073486328125</ele>
        <time>2024-09-02T13:23:55.000Z</time>
        <extensions>
          <ns3:TrackPointExtension>
            <ns3:cad>88</ns3:cad>
          </ns3:TrackPointExtension>
        </extensions>
      </trkpt>
      <trkpt lat="30.42089120484888553619384765625" lon="120.25736882351338863372802734375">
        <ele>9.6000003814697265625</ele>
        <time>2024-09-02T13:23:56.000Z</time>
        <extensions>
          <ns3:TrackPointExtension>
            <ns3:cad>88</ns3:cad>
          </ns3:TrackPointExtension>
        </extensions>
      </trkpt>
      <trkpt lat="30.4208758659660816192626953125" lon="120.25738541968166828155517578125">
        <ele>9.6000003814697265625</ele>
        <time>2024-09-02T13:23:57.000Z</time>
        <extensions>
          <ns3:TrackPointExtension>
            <ns3:cad>88</ns3:cad>
          </ns3:TrackPointExtension>
        </extensions>
      </trkpt>
      <trkpt lat="30.42085985653102397918701171875" lon="120.257400758564472198486328125">
        <ele>9.3999996185302734375</ele>
        <time>2024-09-02T13:23:58.000Z</time>
        <extensions>
          <ns3:TrackPointExtension>
            <ns3:cad>88</ns3:cad>
          </ns3:TrackPointExtension>
        </extensions>
      </trkpt>
      <trkpt lat="30.42084342800080776214599609375" lon="120.25741861201822757720947265625">
        <ele>9.3999996185302734375</ele>
        <time>2024-09-02T13:23:59.000Z</time>
        <extensions>
          <ns3:TrackPointExtension>
            <ns3:cad>88</ns3:cad>
          </ns3:TrackPointExtension>
        </extensions>
      </trkpt>
      <trkpt lat="30.42083169333636760711669921875" lon="120.2574312686920166015625">
        <ele>9.19999980926513671875</ele>
        <time>2024-09-02T13:24:00.000Z</time>
        <extensions>
          <ns3:TrackPointExtension>
            <ns3:cad>88</ns3:cad>
          </ns3:TrackPointExtension>
        </extensions>
      </trkpt>
      <trkpt lat="30.420823059976100921630859375" lon="120.2574394829571247100830078125">
        <ele>9.19999980926513671875</ele>
        <time>2024-09-02T13:24:01.000Z</time>
        <extensions>
          <ns3:TrackPointExtension>
            <ns3:cad>88</ns3:cad>
          </ns3:TrackPointExtension>
        </extensions>
      </trkpt>
      <trkpt lat="30.42081409133970737457275390625" lon="120.25744677521288394927978515625">
        <ele>9</ele>
        <time>2024-09-02T13:24:02.000Z</time>
        <extensions>
          <ns3:TrackPointExtension>
            <ns3:cad>88</ns3:cad>
          </ns3:TrackPointExtension>
        </extensions>
      </trkpt>
      <trkpt lat="30.42080260813236236572265625" lon="120.25745381601154804229736328125">
        <ele>8.80000019073486328125</ele>
        <time>2024-09-02T13:24:03.000Z</time>
        <extensions>
          <ns3:TrackPointExtension>
            <ns3:cad>71</ns3:cad>
          </ns3:TrackPointExtension>
        </extensions>
      </trkpt>
      <trkpt lat="30.420794226229190826416015625" lon="120.25746135972440242767333984375">
        <ele>8.6000003814697265625</ele>
        <time>2024-09-02T13:24:04.000Z</time>
        <extensions>
          <ns3:TrackPointExtension>
            <ns3:cad>68</ns3:cad>
          </ns3:TrackPointExtension>
        </extensions>
      </trkpt>
      <trkpt lat="30.42078441940248012542724609375" lon="120.25747057981789112091064453125">
        <ele>8.6000003814697265625</ele>
        <time>2024-09-02T13:24:05.000Z</time>
        <extensions>
          <ns3:TrackPointExtension>
            <ns3:cad>68</ns3:cad>
          </ns3:TrackPointExtension>
        </extensions>
      </trkpt>
      <trkpt lat="30.42077000252902507781982421875" lon="120.2574857510626316070556640625">
        <ele>8.3999996185302734375</ele>
        <time>2024-09-02T13:24:06.000Z</time>
        <extensions>
          <ns3:TrackPointExtension>
            <ns3:cad>65</ns3:cad>
          </ns3:TrackPointExtension>
        </extensions>
      </trkpt>
      <trkpt lat="30.4207615368068218231201171875" lon="120.25749505497515201568603515625">
        <ele>8.19999980926513671875</ele>
        <time>2024-09-02T13:24:07.000Z</time>
        <extensions>
          <ns3:TrackPointExtension>
            <ns3:cad>65</ns3:cad>
          </ns3:TrackPointExtension>
        </extensions>
      </trkpt>
      <trkpt lat="30.42074888013303279876708984375" lon="120.25750863365828990936279296875">
        <ele>8</ele>
        <time>2024-09-02T13:24:08.000Z</time>
        <extensions>
          <ns3:TrackPointExtension>
            <ns3:cad>65</ns3:cad>
          </ns3:TrackPointExtension>
        </extensions>
      </trkpt>
      <trkpt lat="30.42073898948729038238525390625" lon="120.2575243078172206878662109375">
        <ele>7.80000019073486328125</ele>
        <time>2024-09-02T13:24:09.000Z</time>
        <extensions>
          <ns3:TrackPointExtension>
            <ns3:cad>65</ns3:cad>
          </ns3:TrackPointExtension>
        </extensions>
      </trkpt>
      <trkpt lat="30.4207270033657550811767578125" lon="120.25753813795745372772216796875">
        <ele>7.599999904632568359375</ele>
        <time>2024-09-02T13:24:10.000Z</time>
        <extensions>
          <ns3:TrackPointExtension>
            <ns3:cad>66</ns3:cad>
          </ns3:TrackPointExtension>
        </extensions>
      </trkpt>
      <trkpt lat="30.4207189567387104034423828125" lon="120.2575558237731456756591796875">
        <ele>7.400000095367431640625</ele>
        <time>2024-09-02T13:24:11.000Z</time>
        <extensions>
          <ns3:TrackPointExtension>
            <ns3:cad>66</ns3:cad>
          </ns3:TrackPointExtension>
        </extensions>
      </trkpt>
      <trkpt lat="30.4207088984549045562744140625" lon="120.2575720846652984619140625">
        <ele>7.19999980926513671875</ele>
        <time>2024-09-02T13:24:12.000Z</time>
        <extensions>
          <ns3:TrackPointExtension>
            <ns3:cad>66</ns3:cad>
          </ns3:TrackPointExtension>
        </extensions>
      </trkpt>
      <trkpt lat="30.4206991754472255706787109375" lon="120.25758675299584865570068359375">
        <ele>7</ele>
        <time>2024-09-02T13:24:13.000Z</time>
        <extensions>
          <ns3:TrackPointExtension>
            <ns3:cad>66</ns3:cad>
          </ns3:TrackPointExtension>
        </extensions>
      </trkpt>
      <trkpt lat="30.420685596764087677001953125" lon="120.25760502554476261138916015625">
        <ele>7</ele>
        <time>2024-09-02T13:24:14.000Z</time>
        <extensions>
          <ns3:TrackPointExtension>
            <ns3:cad>66</ns3:cad>
          </ns3:TrackPointExtension>
        </extensions>
      </trkpt>
      <trkpt lat="30.4206676594913005828857421875" lon="120.2576262317597866058349609375">
        <ele>7</ele>
        <time>2024-09-02T13:24:15.000Z</time>
        <extensions>
          <ns3:TrackPointExtension>
            <ns3:cad>66</ns3:cad>
          </ns3:TrackPointExtension>
        </extensions>
      </trkpt>
      <trkpt lat="30.42065500281751155853271484375" lon="120.2576445043087005615234375">
        <ele>7</ele>
        <time>2024-09-02T13:24:16.000Z</time>
        <extensions>
          <ns3:TrackPointExtension>
            <ns3:cad>83</ns3:cad>
          </ns3:TrackPointExtension>
        </extensions>
      </trkpt>
      <trkpt lat="30.4206478781998157501220703125" lon="120.25765967555344104766845703125">
        <ele>7</ele>
        <time>2024-09-02T13:24:17.000Z</time>
        <extensions>
          <ns3:TrackPointExtension>
            <ns3:cad>83</ns3:cad>
          </ns3:TrackPointExtension>
        </extensions>
      </trkpt>
      <trkpt lat="30.42063555680215358734130859375" lon="120.25767543353140354156494140625">
        <ele>7</ele>
        <time>2024-09-02T13:24:18.000Z</time>
        <extensions>
          <ns3:TrackPointExtension>
            <ns3:cad>86</ns3:cad>
          </ns3:TrackPointExtension>
        </extensions>
      </trkpt>
      <trkpt lat="30.42063086293637752532958984375" lon="120.25768834166228771209716796875">
        <ele>7</ele>
        <time>2024-09-02T13:24:19.000Z</time>
        <extensions>
          <ns3:TrackPointExtension>
            <ns3:cad>86</ns3:cad>
          </ns3:TrackPointExtension>
        </extensions>
      </trkpt>
      <trkpt lat="30.4206223972141742706298828125" lon="120.25770342908799648284912109375">
        <ele>7</ele>
        <time>2024-09-02T13:24:20.000Z</time>
        <extensions>
          <ns3:TrackPointExtension>
            <ns3:cad>86</ns3:cad>
          </ns3:TrackPointExtension>
        </extensions>
      </trkpt>
      <trkpt lat="30.420613847672939300537109375" lon="120.257716588675975799560546875">
        <ele>7</ele>
        <time>2024-09-02T13:24:21.000Z</time>
        <extensions>
          <ns3:TrackPointExtension>
            <ns3:cad>0</ns3:cad>
          </ns3:TrackPointExtension>
        </extensions>
      </trkpt>
      <trkpt lat="30.42059968225657939910888671875" lon="120.25772740133106708526611328125">
        <ele>7</ele>
        <time>2024-09-02T13:24:22.000Z</time>
        <extensions>
          <ns3:TrackPointExtension>
            <ns3:cad>0</ns3:cad>
          </ns3:TrackPointExtension>
        </extensions>
      </trkpt>
      <trkpt lat="30.42058560065925121307373046875" lon="120.25774030946195125579833984375">
        <ele>7</ele>
        <time>2024-09-02T13:24:23.000Z</time>
        <extensions>
          <ns3:TrackPointExtension>
            <ns3:cad>68</ns3:cad>
          </ns3:TrackPointExtension>
        </extensions>
      </trkpt>
      <trkpt lat="30.42057327926158905029296875" lon="120.2577531337738037109375">
        <ele>7</ele>
        <time>2024-09-02T13:24:24.000Z</time>
        <extensions>
          <ns3:TrackPointExtension>
            <ns3:cad>68</ns3:cad>
          </ns3:TrackPointExtension>
        </extensions>
      </trkpt>
      <trkpt lat="30.42056255042552947998046875" lon="120.25776562280952930450439453125">
        <ele>6.80000019073486328125</ele>
        <time>2024-09-02T13:24:25.000Z</time>
        <extensions>
          <ns3:TrackPointExtension>
            <ns3:cad>66</ns3:cad>
          </ns3:TrackPointExtension>
        </extensions>
      </trkpt>
      <trkpt lat="30.4205524921417236328125" lon="120.25778054259717464447021484375">
        <ele>6.80000019073486328125</ele>
        <time>2024-09-02T13:24:26.000Z</time>
        <extensions>
          <ns3:TrackPointExtension>
            <ns3:cad>66</ns3:cad>
          </ns3:TrackPointExtension>
        </extensions>
      </trkpt>
      <trkpt lat="30.42054402641952037811279296875" lon="120.25779194198548793792724609375">
        <ele>6.80000019073486328125</ele>
        <time>2024-09-02T13:24:27.000Z</time>
        <extensions>
          <ns3:TrackPointExtension>
            <ns3:cad>66</ns3:cad>
          </ns3:TrackPointExtension>
        </extensions>
      </trkpt>
      <trkpt lat="30.420531369745731353759765625" lon="120.257809124886989593505859375">
        <ele>6.599999904632568359375</ele>
        <time>2024-09-02T13:24:28.000Z</time>
        <extensions>
          <ns3:TrackPointExtension>
            <ns3:cad>66</ns3:cad>
          </ns3:TrackPointExtension>
        </extensions>
      </trkpt>
      <trkpt lat="30.420519299805164337158203125" lon="120.25782245211303234100341796875">
        <ele>6.599999904632568359375</ele>
        <time>2024-09-02T13:24:29.000Z</time>
        <extensions>
          <ns3:TrackPointExtension>
            <ns3:cad>66</ns3:cad>
          </ns3:TrackPointExtension>
        </extensions>
      </trkpt>
      <trkpt lat="30.42050513438880443572998046875" lon="120.25783988647162914276123046875">
        <ele>6.400000095367431640625</ele>
        <time>2024-09-02T13:24:30.000Z</time>
        <extensions>
          <ns3:TrackPointExtension>
            <ns3:cad>66</ns3:cad>
          </ns3:TrackPointExtension>
        </extensions>
      </trkpt>
      <trkpt lat="30.42048770003020763397216796875" lon="120.2578609250485897064208984375">
        <ele>6.400000095367431640625</ele>
        <time>2024-09-02T13:24:31.000Z</time>
        <extensions>
          <ns3:TrackPointExtension>
            <ns3:cad>66</ns3:cad>
          </ns3:TrackPointExtension>
        </extensions>
      </trkpt>
      <trkpt lat="30.42047210969030857086181640625" lon="120.25788095779716968536376953125">
        <ele>6.400000095367431640625</ele>
        <time>2024-09-02T13:24:32.000Z</time>
        <extensions>
          <ns3:TrackPointExtension>
            <ns3:cad>66</ns3:cad>
          </ns3:TrackPointExtension>
        </extensions>
      </trkpt>
      <trkpt lat="30.42045467533171176910400390625" lon="120.25790040381252765655517578125">
        <ele>6.19999980926513671875</ele>
        <time>2024-09-02T13:24:33.000Z</time>
        <extensions>
          <ns3:TrackPointExtension>
            <ns3:cad>83</ns3:cad>
          </ns3:TrackPointExtension>
        </extensions>
      </trkpt>
      <trkpt lat="30.42043606750667095184326171875" lon="120.2579252980649471282958984375">
        <ele>6.19999980926513671875</ele>
        <time>2024-09-02T13:24:34.000Z</time>
        <extensions>
          <ns3:TrackPointExtension>
            <ns3:cad>84</ns3:cad>
          </ns3:TrackPointExtension>
        </extensions>
      </trkpt>
      <trkpt lat="30.42041796259582042694091796875" lon="120.2579430676996707916259765625">
        <ele>6.400000095367431640625</ele>
        <time>2024-09-02T13:24:35.000Z</time>
        <extensions>
          <ns3:TrackPointExtension>
            <ns3:cad>85</ns3:cad>
          </ns3:TrackPointExtension>
        </extensions>
      </trkpt>
      <trkpt lat="30.42040237225592136383056640625" lon="120.257955305278301239013671875">
        <ele>6.400000095367431640625</ele>
        <time>2024-09-02T13:24:36.000Z</time>
        <extensions>
          <ns3:TrackPointExtension>
            <ns3:cad>86</ns3:cad>
          </ns3:TrackPointExtension>
        </extensions>
      </trkpt>
      <trkpt lat="30.420382507145404815673828125" lon="120.257970727980136871337890625">
        <ele>6.400000095367431640625</ele>
        <time>2024-09-02T13:24:37.000Z</time>
        <extensions>
          <ns3:TrackPointExtension>
            <ns3:cad>86</ns3:cad>
          </ns3:TrackPointExtension>
        </extensions>
      </trkpt>
      <trkpt lat="30.4203726164996623992919921875" lon="120.25797936134040355682373046875">
        <ele>6.599999904632568359375</ele>
        <time>2024-09-02T13:24:38.000Z</time>
        <extensions>
          <ns3:TrackPointExtension>
            <ns3:cad>86</ns3:cad>
          </ns3:TrackPointExtension>
        </extensions>
      </trkpt>
      <trkpt lat="30.42036146856844425201416015625" lon="120.25798807851970195770263671875">
        <ele>6.599999904632568359375</ele>
        <time>2024-09-02T13:24:39.000Z</time>
        <extensions>
          <ns3:TrackPointExtension>
            <ns3:cad>85</ns3:cad>
          </ns3:TrackPointExtension>
        </extensions>
      </trkpt>
      <trkpt lat="30.42035073973238468170166015625" lon="120.258001573383808135986328125">
        <ele>6.80000019073486328125</ele>
        <time>2024-09-02T13:24:40.000Z</time>
        <extensions>
          <ns3:TrackPointExtension>
            <ns3:cad>85</ns3:cad>
          </ns3:TrackPointExtension>
        </extensions>
      </trkpt>
      <trkpt lat="30.42033883742988109588623046875" lon="120.2580104582011699676513671875">
        <ele>6.80000019073486328125</ele>
        <time>2024-09-02T13:24:41.000Z</time>
        <extensions>
          <ns3:TrackPointExtension>
            <ns3:cad>69</ns3:cad>
          </ns3:TrackPointExtension>
        </extensions>
      </trkpt>
      <trkpt lat="30.42033045552670955657958984375" lon="120.25801707990467548370361328125">
        <ele>6.80000019073486328125</ele>
        <time>2024-09-02T13:24:42.000Z</time>
        <extensions>
          <ns3:TrackPointExtension>
            <ns3:cad>67</ns3:cad>
          </ns3:TrackPointExtension>
        </extensions>
      </trkpt>
      <trkpt lat="30.42031452991068363189697265625" lon="120.2580302394926548004150390625">
        <ele>7</ele>
        <time>2024-09-02T13:24:43.000Z</time>
        <extensions>
          <ns3:TrackPointExtension>
            <ns3:cad>67</ns3:cad>
          </ns3:TrackPointExtension>
        </extensions>
      </trkpt>
      <trkpt lat="30.42030581273138523101806640625" lon="120.2580503560602664947509765625">
        <ele>7</ele>
        <time>2024-09-02T13:24:44.000Z</time>
        <extensions>
          <ns3:TrackPointExtension>
            <ns3:cad>65</ns3:cad>
          </ns3:TrackPointExtension>
        </extensions>
      </trkpt>
      <trkpt lat="30.42030178941786289215087890625" lon="120.2580644376575946807861328125">
        <ele>7</ele>
        <time>2024-09-02T13:24:45.000Z</time>
        <extensions>
          <ns3:TrackPointExtension>
            <ns3:cad>65</ns3:cad>
          </ns3:TrackPointExtension>
        </extensions>
      </trkpt>
      <trkpt lat="30.420289970934391021728515625" lon="120.25808128528296947479248046875">
        <ele>7</ele>
        <time>2024-09-02T13:24:46.000Z</time>
        <extensions>
          <ns3:TrackPointExtension>
            <ns3:cad>65</ns3:cad>
          </ns3:TrackPointExtension>
        </extensions>
      </trkpt>
      <trkpt lat="30.42029223404824733734130859375" lon="120.2580926008522510528564453125">
        <ele>7</ele>
        <time>2024-09-02T13:24:47.000Z</time>
        <extensions>
          <ns3:TrackPointExtension>
            <ns3:cad>65</ns3:cad>
          </ns3:TrackPointExtension>
        </extensions>
      </trkpt>
      <trkpt lat="30.4202817566692829132080078125" lon="120.258099138736724853515625">
        <ele>7</ele>
        <time>2024-09-02T13:24:48.000Z</time>
        <extensions>
          <ns3:TrackPointExtension>
            <ns3:cad>65</ns3:cad>
          </ns3:TrackPointExtension>
        </extensions>
      </trkpt>
      <trkpt lat="30.4202720336616039276123046875" lon="120.258113555610179901123046875">
        <ele>7</ele>
        <time>2024-09-02T13:24:49.000Z</time>
        <extensions>
          <ns3:TrackPointExtension>
            <ns3:cad>65</ns3:cad>
          </ns3:TrackPointExtension>
        </extensions>
      </trkpt>
      <trkpt lat="30.42026423849165439605712890625" lon="120.2581321634352207183837890625">
        <ele>7</ele>
        <time>2024-09-02T13:24:50.000Z</time>
        <extensions>
          <ns3:TrackPointExtension>
            <ns3:cad>65</ns3:cad>
          </ns3:TrackPointExtension>
        </extensions>
      </trkpt>
      <trkpt lat="30.420255772769451141357421875" lon="120.2581539563834667205810546875">
        <ele>7</ele>
        <time>2024-09-02T13:24:51.000Z</time>
        <extensions>
          <ns3:TrackPointExtension>
            <ns3:cad>66</ns3:cad>
          </ns3:TrackPointExtension>
        </extensions>
      </trkpt>
      <trkpt lat="30.4202371649444103240966796875" lon="120.25818019174039363861083984375">
        <ele>7</ele>
        <time>2024-09-02T13:24:52.000Z</time>
        <extensions>
          <ns3:TrackPointExtension>
            <ns3:cad>66</ns3:cad>
          </ns3:TrackPointExtension>
        </extensions>
      </trkpt>
      <trkpt lat="30.42021947912871837615966796875" lon="120.2581916749477386474609375">
        <ele>7</ele>
        <time>2024-09-02T13:24:53.000Z</time>
        <extensions>
          <ns3:TrackPointExtension>
            <ns3:cad>66</ns3:cad>
          </ns3:TrackPointExtension>
        </extensions>
      </trkpt>
      <trkpt lat="30.4202022962272167205810546875" lon="120.2582179941236972808837890625">
        <ele>7</ele>
        <time>2024-09-02T13:24:54.000Z</time>
        <extensions>
          <ns3:TrackPointExtension>
            <ns3:cad>83</ns3:cad>
          </ns3:TrackPointExtension>
        </extensions>
      </trkpt>
      <trkpt lat="30.42018628679215908050537109375" lon="120.2582384459674358367919921875">
        <ele>7.19999980926513671875</ele>
        <time>2024-09-02T13:24:55.000Z</time>
        <extensions>
          <ns3:TrackPointExtension>
            <ns3:cad>86</ns3:cad>
          </ns3:TrackPointExtension>
        </extensions>
      </trkpt>
      <trkpt lat="30.42017505504190921783447265625" lon="120.25825479067862033843994140625">
        <ele>7.19999980926513671875</ele>
        <time>2024-09-02T13:24:56.000Z</time>
        <extensions>
          <ns3:TrackPointExtension>
            <ns3:cad>88</ns3:cad>
          </ns3:TrackPointExtension>
        </extensions>
      </trkpt>
      <trkpt lat="30.42015879414975643157958984375" lon="120.25828010402619838714599609375">
        <ele>7.19999980926513671875</ele>
        <time>2024-09-02T13:24:57.000Z</time>
        <extensions>
          <ns3:TrackPointExtension>
            <ns3:cad>88</ns3:cad>
          </ns3:TrackPointExtension>
        </extensions>
      </trkpt>
      <trkpt lat="30.4201372526586055755615234375" lon="120.258303321897983551025390625">
        <ele>7.400000095367431640625</ele>
        <time>2024-09-02T13:24:58.000Z</time>
        <extensions>
          <ns3:TrackPointExtension>
            <ns3:cad>88</ns3:cad>
          </ns3:TrackPointExtension>
        </extensions>
      </trkpt>
      <trkpt lat="30.420123003423213958740234375" lon="120.25832151062786579132080078125">
        <ele>7.400000095367431640625</ele>
        <time>2024-09-02T13:24:59.000Z</time>
        <extensions>
          <ns3:TrackPointExtension>
            <ns3:cad>89</ns3:cad>
          </ns3:TrackPointExtension>
        </extensions>
      </trkpt>
      <trkpt lat="30.42010380886495113372802734375" lon="120.25834598578512668609619140625">
        <ele>7.400000095367431640625</ele>
        <time>2024-09-02T13:25:00.000Z</time>
        <extensions>
          <ns3:TrackPointExtension>
            <ns3:cad>90</ns3:cad>
          </ns3:TrackPointExtension>
        </extensions>
      </trkpt>
      <trkpt lat="30.42008511722087860107421875" lon="120.2583635039627552032470703125">
        <ele>7.599999904632568359375</ele>
        <time>2024-09-02T13:25:01.000Z</time>
        <extensions>
          <ns3:TrackPointExtension>
            <ns3:cad>91</ns3:cad>
          </ns3:TrackPointExtension>
        </extensions>
      </trkpt>
      <trkpt lat="30.42007128708064556121826171875" lon="120.2583819441497325897216796875">
        <ele>7.599999904632568359375</ele>
        <time>2024-09-02T13:25:02.000Z</time>
        <extensions>
          <ns3:TrackPointExtension>
            <ns3:cad>91</ns3:cad>
          </ns3:TrackPointExtension>
        </extensions>
      </trkpt>
      <trkpt lat="30.4200507514178752899169921875" lon="120.25840734131634235382080078125">
        <ele>7.599999904632568359375</ele>
        <time>2024-09-02T13:25:03.000Z</time>
        <extensions>
          <ns3:TrackPointExtension>
            <ns3:cad>91</ns3:cad>
          </ns3:TrackPointExtension>
        </extensions>
      </trkpt>
      <trkpt lat="30.42003658600151538848876953125" lon="120.2584218420088291168212890625">
        <ele>7.80000019073486328125</ele>
        <time>2024-09-02T13:25:04.000Z</time>
        <extensions>
          <ns3:TrackPointExtension>
            <ns3:cad>91</ns3:cad>
          </ns3:TrackPointExtension>
        </extensions>
      </trkpt>
      <trkpt lat="30.42001848109066486358642578125" lon="120.2584402821958065032958984375">
        <ele>7.80000019073486328125</ele>
        <time>2024-09-02T13:25:05.000Z</time>
        <extensions>
          <ns3:TrackPointExtension>
            <ns3:cad>90</ns3:cad>
          </ns3:TrackPointExtension>
        </extensions>
      </trkpt>
      <trkpt lat="30.420002639293670654296875" lon="120.25845545344054698944091796875">
        <ele>7.80000019073486328125</ele>
        <time>2024-09-02T13:25:06.000Z</time>
        <extensions>
          <ns3:TrackPointExtension>
            <ns3:cad>90</ns3:cad>
          </ns3:TrackPointExtension>
        </extensions>
      </trkpt>
      <trkpt lat="30.4199847020208835601806640625" lon="120.25847037322819232940673828125">
        <ele>8</ele>
        <time>2024-09-02T13:25:07.000Z</time>
        <extensions>
          <ns3:TrackPointExtension>
            <ns3:cad>89</ns3:cad>
          </ns3:TrackPointExtension>
        </extensions>
      </trkpt>
      <trkpt lat="30.41997388936579227447509765625" lon="120.258479677140712738037109375">
        <ele>8</ele>
        <time>2024-09-02T13:25:08.000Z</time>
        <extensions>
          <ns3:TrackPointExtension>
            <ns3:cad>89</ns3:cad>
          </ns3:TrackPointExtension>
        </extensions>
      </trkpt>
      <trkpt lat="30.41995829902589321136474609375" lon="120.2584825269877910614013671875">
        <ele>8</ele>
        <time>2024-09-02T13:25:09.000Z</time>
        <extensions>
          <ns3:TrackPointExtension>
            <ns3:cad>89</ns3:cad>
          </ns3:TrackPointExtension>
        </extensions>
      </trkpt>
      <trkpt lat="30.41994606144726276397705078125" lon="120.2584867179393768310546875">
        <ele>8</ele>
        <time>2024-09-02T13:25:10.000Z</time>
        <extensions>
          <ns3:TrackPointExtension>
            <ns3:cad>89</ns3:cad>
          </ns3:TrackPointExtension>
        </extensions>
      </trkpt>
      <trkpt lat="30.41993767954409122467041015625" lon="120.258496105670928955078125">
        <ele>8</ele>
        <time>2024-09-02T13:25:11.000Z</time>
        <extensions>
          <ns3:TrackPointExtension>
            <ns3:cad>89</ns3:cad>
          </ns3:TrackPointExtension>
        </extensions>
      </trkpt>
      <trkpt lat="30.41992795653641223907470703125" lon="120.2585053257644176483154296875">
        <ele>8</ele>
        <time>2024-09-02T13:25:12.000Z</time>
        <extensions>
          <ns3:TrackPointExtension>
            <ns3:cad>0</ns3:cad>
          </ns3:TrackPointExtension>
        </extensions>
      </trkpt>
      <trkpt lat="30.419915802776813507080078125" lon="120.258515216410160064697265625">
        <ele>8</ele>
        <time>2024-09-02T13:25:13.000Z</time>
        <extensions>
          <ns3:TrackPointExtension>
            <ns3:cad>0</ns3:cad>
          </ns3:TrackPointExtension>
        </extensions>
      </trkpt>
      <trkpt lat="30.41990046389400959014892578125" lon="120.25853105820715427398681640625">
        <ele>8</ele>
        <time>2024-09-02T13:25:14.000Z</time>
        <extensions>
          <ns3:TrackPointExtension>
            <ns3:cad>66</ns3:cad>
          </ns3:TrackPointExtension>
        </extensions>
      </trkpt>
      <trkpt lat="30.4198851250112056732177734375" lon="120.25854446925222873687744140625">
        <ele>8</ele>
        <time>2024-09-02T13:25:15.000Z</time>
        <extensions>
          <ns3:TrackPointExtension>
            <ns3:cad>66</ns3:cad>
          </ns3:TrackPointExtension>
        </extensions>
      </trkpt>
      <trkpt lat="30.419865511357784271240234375" lon="120.2585591375827789306640625">
        <ele>7.80000019073486328125</ele>
        <time>2024-09-02T13:25:16.000Z</time>
        <extensions>
          <ns3:TrackPointExtension>
            <ns3:cad>66</ns3:cad>
          </ns3:TrackPointExtension>
        </extensions>
      </trkpt>
      <trkpt lat="30.41984816081821918487548828125" lon="120.258574225008487701416015625">
        <ele>7.80000019073486328125</ele>
        <time>2024-09-02T13:25:17.000Z</time>
        <extensions>
          <ns3:TrackPointExtension>
            <ns3:cad>66</ns3:cad>
          </ns3:TrackPointExtension>
        </extensions>
      </trkpt>
      <trkpt lat="30.41983055882155895233154296875" lon="120.25859476067125797271728515625">
        <ele>7.80000019073486328125</ele>
        <time>2024-09-02T13:25:18.000Z</time>
        <extensions>
          <ns3:TrackPointExtension>
            <ns3:cad>88</ns3:cad>
          </ns3:TrackPointExtension>
        </extensions>
      </trkpt>
      <trkpt lat="30.41981421411037445068359375" lon="120.25861504487693309783935546875">
        <ele>7.599999904632568359375</ele>
        <time>2024-09-02T13:25:19.000Z</time>
        <extensions>
          <ns3:TrackPointExtension>
            <ns3:cad>88</ns3:cad>
          </ns3:TrackPointExtension>
        </extensions>
      </trkpt>
      <trkpt lat="30.41979686357080936431884765625" lon="120.2586360834538936614990234375">
        <ele>7.599999904632568359375</ele>
        <time>2024-09-02T13:25:20.000Z</time>
        <extensions>
          <ns3:TrackPointExtension>
            <ns3:cad>89</ns3:cad>
          </ns3:TrackPointExtension>
        </extensions>
      </trkpt>
      <trkpt lat="30.41977926157414913177490234375" lon="120.25865443982183933258056640625">
        <ele>7.599999904632568359375</ele>
        <time>2024-09-02T13:25:21.000Z</time>
        <extensions>
          <ns3:TrackPointExtension>
            <ns3:cad>89</ns3:cad>
          </ns3:TrackPointExtension>
        </extensions>
      </trkpt>
      <trkpt lat="30.41976098902523517608642578125" lon="120.258675478398799896240234375">
        <ele>7.400000095367431640625</ele>
        <time>2024-09-02T13:25:22.000Z</time>
        <extensions>
          <ns3:TrackPointExtension>
            <ns3:cad>89</ns3:cad>
          </ns3:TrackPointExtension>
        </extensions>
      </trkpt>
      <trkpt lat="30.4197449795901775360107421875" lon="120.25869500823318958282470703125">
        <ele>7.400000095367431640625</ele>
        <time>2024-09-02T13:25:23.000Z</time>
        <extensions>
          <ns3:TrackPointExtension>
            <ns3:cad>89</ns3:cad>
          </ns3:TrackPointExtension>
        </extensions>
      </trkpt>
      <trkpt lat="30.41972762905061244964599609375" lon="120.258709676563739776611328125">
        <ele>7.400000095367431640625</ele>
        <time>2024-09-02T13:25:24.000Z</time>
        <extensions>
          <ns3:TrackPointExtension>
            <ns3:cad>89</ns3:cad>
          </ns3:TrackPointExtension>
        </extensions>
      </trkpt>
      <trkpt lat="30.419711284339427947998046875" lon="120.25872283615171909332275390625">
        <ele>7.19999980926513671875</ele>
        <time>2024-09-02T13:25:25.000Z</time>
        <extensions>
          <ns3:TrackPointExtension>
            <ns3:cad>90</ns3:cad>
          </ns3:TrackPointExtension>
        </extensions>
      </trkpt>
      <trkpt lat="30.41969896294176578521728515625" lon="120.25873373262584209442138671875">
        <ele>7.19999980926513671875</ele>
        <time>2024-09-02T13:25:26.000Z</time>
        <extensions>
          <ns3:TrackPointExtension>
            <ns3:cad>90</ns3:cad>
          </ns3:TrackPointExtension>
        </extensions>
      </trkpt>
      <trkpt lat="30.419690497219562530517578125" lon="120.2587460540235042572021484375">
        <ele>7.19999980926513671875</ele>
        <time>2024-09-02T13:25:27.000Z</time>
        <extensions>
          <ns3:TrackPointExtension>
            <ns3:cad>91</ns3:cad>
          </ns3:TrackPointExtension>
        </extensions>
      </trkpt>
      <trkpt lat="30.41967985220253467559814453125" lon="120.25875619612634181976318359375">
        <ele>7.19999980926513671875</ele>
        <time>2024-09-02T13:25:28.000Z</time>
        <extensions>
          <ns3:TrackPointExtension>
            <ns3:cad>91</ns3:cad>
          </ns3:TrackPointExtension>
        </extensions>
      </trkpt>
      <trkpt lat="30.41967415250837802886962890625" lon="120.25876642204821109771728515625">
        <ele>7.19999980926513671875</ele>
        <time>2024-09-02T13:25:29.000Z</time>
        <extensions>
          <ns3:TrackPointExtension>
            <ns3:cad>91</ns3:cad>
          </ns3:TrackPointExtension>
        </extensions>
      </trkpt>
      <trkpt lat="30.4196594841778278350830078125" lon="120.25877949781715869903564453125">
        <ele>7</ele>
        <time>2024-09-02T13:25:30.000Z</time>
        <extensions>
          <ns3:TrackPointExtension>
            <ns3:cad>73</ns3:cad>
          </ns3:TrackPointExtension>
        </extensions>
      </trkpt>
      <trkpt lat="30.41964590549468994140625" lon="120.2587906457483768463134765625">
        <ele>7.19999980926513671875</ele>
        <time>2024-09-02T13:25:31.000Z</time>
        <extensions>
          <ns3:TrackPointExtension>
            <ns3:cad>70</ns3:cad>
          </ns3:TrackPointExtension>
        </extensions>
      </trkpt>
      <trkpt lat="30.4196343384683132171630859375" lon="120.2588017098605632781982421875">
        <ele>7.19999980926513671875</ele>
        <time>2024-09-02T13:25:32.000Z</time>
        <extensions>
          <ns3:TrackPointExtension>
            <ns3:cad>68</ns3:cad>
          </ns3:TrackPointExtension>
        </extensions>
      </trkpt>
      <trkpt lat="30.419622100889682769775390625" lon="120.25881998240947723388671875">
        <ele>7.19999980926513671875</ele>
        <time>2024-09-02T13:25:33.000Z</time>
        <extensions>
          <ns3:TrackPointExtension>
            <ns3:cad>68</ns3:cad>
          </ns3:TrackPointExtension>
        </extensions>
      </trkpt>
      <trkpt lat="30.41960407979786396026611328125" lon="120.25884739123284816741943359375">
        <ele>7.19999980926513671875</ele>
        <time>2024-09-02T13:25:34.000Z</time>
        <extensions>
          <ns3:TrackPointExtension>
            <ns3:cad>0</ns3:cad>
          </ns3:TrackPointExtension>
        </extensions>
      </trkpt>
      <trkpt lat="30.4195884056389331817626953125" lon="120.25887169875204563140869140625">
        <ele>7.400000095367431640625</ele>
        <time>2024-09-02T13:25:35.000Z</time>
        <extensions>
          <ns3:TrackPointExtension>
            <ns3:cad>0</ns3:cad>
          </ns3:TrackPointExtension>
        </extensions>
      </trkpt>
      <trkpt lat="30.419573150575160980224609375" lon="120.25889684446156024932861328125">
        <ele>7.400000095367431640625</ele>
        <time>2024-09-02T13:25:36.000Z</time>
        <extensions>
          <ns3:TrackPointExtension>
            <ns3:cad>88</ns3:cad>
          </ns3:TrackPointExtension>
        </extensions>
      </trkpt>
      <trkpt lat="30.41955512948334217071533203125" lon="120.2589173801243305206298828125">
        <ele>7.400000095367431640625</ele>
        <time>2024-09-02T13:25:37.000Z</time>
        <extensions>
          <ns3:TrackPointExtension>
            <ns3:cad>88</ns3:cad>
          </ns3:TrackPointExtension>
        </extensions>
      </trkpt>
      <trkpt lat="30.419542975723743438720703125" lon="120.25893171317875385284423828125">
        <ele>7.599999904632568359375</ele>
        <time>2024-09-02T13:25:38.000Z</time>
        <extensions>
          <ns3:TrackPointExtension>
            <ns3:cad>88</ns3:cad>
          </ns3:TrackPointExtension>
        </extensions>
      </trkpt>
      <trkpt lat="30.41952780447900295257568359375" lon="120.25895300321280956268310546875">
        <ele>7.599999904632568359375</ele>
        <time>2024-09-02T13:25:39.000Z</time>
        <extensions>
          <ns3:TrackPointExtension>
            <ns3:cad>88</ns3:cad>
          </ns3:TrackPointExtension>
        </extensions>
      </trkpt>
      <trkpt lat="30.41951942257583141326904296875" lon="120.258965827524662017822265625">
        <ele>7.599999904632568359375</ele>
        <time>2024-09-02T13:25:40.000Z</time>
        <extensions>
          <ns3:TrackPointExtension>
            <ns3:cad>88</ns3:cad>
          </ns3:TrackPointExtension>
        </extensions>
      </trkpt>
      <trkpt lat="30.4195126332342624664306640625" lon="120.258979238569736480712890625">
        <ele>7.599999904632568359375</ele>
        <time>2024-09-02T13:25:41.000Z</time>
        <extensions>
          <ns3:TrackPointExtension>
            <ns3:cad>88</ns3:cad>
          </ns3:TrackPointExtension>
        </extensions>
      </trkpt>
      <trkpt lat="30.41950441896915435791015625" lon="120.25898921303451061248779296875">
        <ele>7.599999904632568359375</ele>
        <time>2024-09-02T13:25:42.000Z</time>
        <extensions>
          <ns3:TrackPointExtension>
            <ns3:cad>88</ns3:cad>
          </ns3:TrackPointExtension>
        </extensions>
      </trkpt>
      <trkpt lat="30.41950039565563201904296875" lon="120.25899725966155529022216796875">
        <ele>7.599999904632568359375</ele>
        <time>2024-09-02T13:25:43.000Z</time>
        <extensions>
          <ns3:TrackPointExtension>
            <ns3:cad>65</ns3:cad>
          </ns3:TrackPointExtension>
        </extensions>
      </trkpt>
      <trkpt lat="30.4194951988756656646728515625" lon="120.25900916196405887603759765625">
        <ele>7.599999904632568359375</ele>
        <time>2024-09-02T13:25:44.000Z</time>
        <extensions>
          <ns3:TrackPointExtension>
            <ns3:cad>65</ns3:cad>
          </ns3:TrackPointExtension>
        </extensions>
      </trkpt>
      <trkpt lat="30.41948690079152584075927734375" lon="120.2590196393430233001708984375">
        <ele>7.80000019073486328125</ele>
        <time>2024-09-02T13:25:45.000Z</time>
        <extensions>
          <ns3:TrackPointExtension>
            <ns3:cad>66</ns3:cad>
          </ns3:TrackPointExtension>
        </extensions>
      </trkpt>
      <trkpt lat="30.41947952471673488616943359375" lon="120.2590310387313365936279296875">
        <ele>7.80000019073486328125</ele>
        <time>2024-09-02T13:25:46.000Z</time>
        <extensions>
          <ns3:TrackPointExtension>
            <ns3:cad>66</ns3:cad>
          </ns3:TrackPointExtension>
        </extensions>
      </trkpt>
      <trkpt lat="30.41947315447032451629638671875" lon="120.25903858244419097900390625">
        <ele>7.80000019073486328125</ele>
        <time>2024-09-02T13:25:47.000Z</time>
        <extensions>
          <ns3:TrackPointExtension>
            <ns3:cad>65</ns3:cad>
          </ns3:TrackPointExtension>
        </extensions>
      </trkpt>
      <trkpt lat="30.41945890523493289947509765625" lon="120.25905408896505832672119140625">
        <ele>7.80000019073486328125</ele>
        <time>2024-09-02T13:25:48.000Z</time>
        <extensions>
          <ns3:TrackPointExtension>
            <ns3:cad>63</ns3:cad>
          </ns3:TrackPointExtension>
        </extensions>
      </trkpt>
      <trkpt lat="30.419447086751461029052734375" lon="120.2590655721724033355712890625">
        <ele>7.80000019073486328125</ele>
        <time>2024-09-02T13:25:49.000Z</time>
        <extensions>
          <ns3:TrackPointExtension>
            <ns3:cad>63</ns3:cad>
          </ns3:TrackPointExtension>
        </extensions>
      </trkpt>
      <trkpt lat="30.41943158023059368133544921875" lon="120.25908024050295352935791015625">
        <ele>8</ele>
        <time>2024-09-02T13:25:50.000Z</time>
        <extensions>
          <ns3:TrackPointExtension>
            <ns3:cad>65</ns3:cad>
          </ns3:TrackPointExtension>
        </extensions>
      </trkpt>
      <trkpt lat="30.419410206377506256103515625" lon="120.25910488329827785491943359375">
        <ele>8</ele>
        <time>2024-09-02T13:25:51.000Z</time>
        <extensions>
          <ns3:TrackPointExtension>
            <ns3:cad>65</ns3:cad>
          </ns3:TrackPointExtension>
        </extensions>
      </trkpt>
      <trkpt lat="30.419396795332431793212890625" lon="120.2591277658939361572265625">
        <ele>8</ele>
        <time>2024-09-02T13:25:52.000Z</time>
        <extensions>
          <ns3:TrackPointExtension>
            <ns3:cad>65</ns3:cad>
          </ns3:TrackPointExtension>
        </extensions>
      </trkpt>
      <trkpt lat="30.41938279755413532257080078125" lon="120.25914310477674007415771484375">
        <ele>8</ele>
        <time>2024-09-02T13:25:53.000Z</time>
        <extensions>
          <ns3:TrackPointExtension>
            <ns3:cad>85</ns3:cad>
          </ns3:TrackPointExtension>
        </extensions>
      </trkpt>
      <trkpt lat="30.419363938271999359130859375" lon="120.2591584436595439910888671875">
        <ele>8</ele>
        <time>2024-09-02T13:25:54.000Z</time>
        <extensions>
          <ns3:TrackPointExtension>
            <ns3:cad>87</ns3:cad>
          </ns3:TrackPointExtension>
        </extensions>
      </trkpt>
      <trkpt lat="30.4193495213985443115234375" lon="120.25917671620845794677734375">
        <ele>8</ele>
        <time>2024-09-02T13:25:55.000Z</time>
        <extensions>
          <ns3:TrackPointExtension>
            <ns3:cad>87</ns3:cad>
          </ns3:TrackPointExtension>
        </extensions>
      </trkpt>
      <trkpt lat="30.41933099739253520965576171875" lon="120.2591975033283233642578125">
        <ele>8</ele>
        <time>2024-09-02T13:25:56.000Z</time>
        <extensions>
          <ns3:TrackPointExtension>
            <ns3:cad>87</ns3:cad>
          </ns3:TrackPointExtension>
        </extensions>
      </trkpt>
      <trkpt lat="30.419312305748462677001953125" lon="120.25921468622982501983642578125">
        <ele>8</ele>
        <time>2024-09-02T13:25:57.000Z</time>
        <extensions>
          <ns3:TrackPointExtension>
            <ns3:cad>88</ns3:cad>
          </ns3:TrackPointExtension>
        </extensions>
      </trkpt>
      <trkpt lat="30.419296212494373321533203125" lon="120.2592291869223117828369140625">
        <ele>8</ele>
        <time>2024-09-02T13:25:58.000Z</time>
        <extensions>
          <ns3:TrackPointExtension>
            <ns3:cad>88</ns3:cad>
          </ns3:TrackPointExtension>
        </extensions>
      </trkpt>
      <trkpt lat="30.41927450336515903472900390625" lon="120.25925458408892154693603515625">
        <ele>8</ele>
        <time>2024-09-02T13:25:59.000Z</time>
        <extensions>
          <ns3:TrackPointExtension>
            <ns3:cad>88</ns3:cad>
          </ns3:TrackPointExtension>
        </extensions>
      </trkpt>
      <trkpt lat="30.41925891302525997161865234375" lon="120.25927118025720119476318359375">
        <ele>8</ele>
        <time>2024-09-02T13:26:00.000Z</time>
        <extensions>
          <ns3:TrackPointExtension>
            <ns3:cad>88</ns3:cad>
          </ns3:TrackPointExtension>
        </extensions>
      </trkpt>
      <trkpt lat="30.41924416087567806243896484375" lon="120.25929314084351062774658203125">
        <ele>8</ele>
        <time>2024-09-02T13:26:01.000Z</time>
        <extensions>
          <ns3:TrackPointExtension>
            <ns3:cad>88</ns3:cad>
          </ns3:TrackPointExtension>
        </extensions>
      </trkpt>
      <trkpt lat="30.41922739706933498382568359375" lon="120.2593113295733928680419921875">
        <ele>8</ele>
        <time>2024-09-02T13:26:02.000Z</time>
        <extensions>
          <ns3:TrackPointExtension>
            <ns3:cad>88</ns3:cad>
          </ns3:TrackPointExtension>
        </extensions>
      </trkpt>
      <trkpt lat="30.419209040701389312744140625" lon="120.2593301050364971160888671875">
        <ele>8</ele>
        <time>2024-09-02T13:26:03.000Z</time>
        <extensions>
          <ns3:TrackPointExtension>
            <ns3:cad>88</ns3:cad>
          </ns3:TrackPointExtension>
        </extensions>
      </trkpt>
      <trkpt lat="30.41919521056115627288818359375" lon="120.259352736175060272216796875">
        <ele>8</ele>
        <time>2024-09-02T13:26:04.000Z</time>
        <extensions>
          <ns3:TrackPointExtension>
            <ns3:cad>88</ns3:cad>
          </ns3:TrackPointExtension>
        </extensions>
      </trkpt>
      <trkpt lat="30.41918389499187469482421875" lon="120.25937779806554317474365234375">
        <ele>8</ele>
        <time>2024-09-02T13:26:05.000Z</time>
        <extensions>
          <ns3:TrackPointExtension>
            <ns3:cad>87</ns3:cad>
          </ns3:TrackPointExtension>
        </extensions>
      </trkpt>
      <trkpt lat="30.41916570626199245452880859375" lon="120.2593991719186305999755859375">
        <ele>8</ele>
        <time>2024-09-02T13:26:06.000Z</time>
        <extensions>
          <ns3:TrackPointExtension>
            <ns3:cad>87</ns3:cad>
          </ns3:TrackPointExtension>
        </extensions>
      </trkpt>
      <trkpt lat="30.41915170848369598388671875" lon="120.25942155160009860992431640625">
        <ele>7.80000019073486328125</ele>
        <time>2024-09-02T13:26:07.000Z</time>
        <extensions>
          <ns3:TrackPointExtension>
            <ns3:cad>87</ns3:cad>
          </ns3:TrackPointExtension>
        </extensions>
      </trkpt>
      <trkpt lat="30.41914257220923900604248046875" lon="120.2594373933970928192138671875">
        <ele>7.80000019073486328125</ele>
        <time>2024-09-02T13:26:08.000Z</time>
        <extensions>
          <ns3:TrackPointExtension>
            <ns3:cad>87</ns3:cad>
          </ns3:TrackPointExtension>
        </extensions>
      </trkpt>
      <trkpt lat="30.41913318447768688201904296875" lon="120.25945407338440418243408203125">
        <ele>7.599999904632568359375</ele>
        <time>2024-09-02T13:26:09.000Z</time>
        <extensions>
          <ns3:TrackPointExtension>
            <ns3:cad>87</ns3:cad>
          </ns3:TrackPointExtension>
        </extensions>
      </trkpt>
      <trkpt lat="30.4191263951361179351806640625" lon="120.25946731679141521453857421875">
        <ele>7.599999904632568359375</ele>
        <time>2024-09-02T13:26:10.000Z</time>
        <extensions>
          <ns3:TrackPointExtension>
            <ns3:cad>87</ns3:cad>
          </ns3:TrackPointExtension>
        </extensions>
      </trkpt>
      <trkpt lat="30.4191186837852001190185546875" lon="120.25947871617972850799560546875">
        <ele>7.599999904632568359375</ele>
        <time>2024-09-02T13:26:11.000Z</time>
        <extensions>
          <ns3:TrackPointExtension>
            <ns3:cad>87</ns3:cad>
          </ns3:TrackPointExtension>
        </extensions>
      </trkpt>
      <trkpt lat="30.4191027581691741943359375" lon="120.25949212722480297088623046875">
        <ele>7.400000095367431640625</ele>
        <time>2024-09-02T13:26:12.000Z</time>
        <extensions>
          <ns3:TrackPointExtension>
            <ns3:cad>85</ns3:cad>
          </ns3:TrackPointExtension>
        </extensions>
      </trkpt>
      <trkpt lat="30.4190898500382900238037109375" lon="120.2595054544508457183837890625">
        <ele>7.400000095367431640625</ele>
        <time>2024-09-02T13:26:13.000Z</time>
        <extensions>
          <ns3:TrackPointExtension>
            <ns3:cad>85</ns3:cad>
          </ns3:TrackPointExtension>
        </extensions>
      </trkpt>
      <trkpt lat="30.4190710745751857757568359375" lon="120.25952515192329883575439453125">
        <ele>7.19999980926513671875</ele>
        <time>2024-09-02T13:26:14.000Z</time>
        <extensions>
          <ns3:TrackPointExtension>
            <ns3:cad>83</ns3:cad>
          </ns3:TrackPointExtension>
        </extensions>
      </trkpt>
      <trkpt lat="30.419046767055988311767578125" lon="120.2595513872802257537841796875">
        <ele>7</ele>
        <time>2024-09-02T13:26:15.000Z</time>
        <extensions>
          <ns3:TrackPointExtension>
            <ns3:cad>83</ns3:cad>
          </ns3:TrackPointExtension>
        </extensions>
      </trkpt>
      <trkpt lat="30.41902807541191577911376953125" lon="120.25956253521144390106201171875">
        <ele>7</ele>
        <time>2024-09-02T13:26:16.000Z</time>
        <extensions>
          <ns3:TrackPointExtension>
            <ns3:cad>88</ns3:cad>
          </ns3:TrackPointExtension>
        </extensions>
      </trkpt>
      <trkpt lat="30.419010557234287261962890625" lon="120.2595812268555164337158203125">
        <ele>6.80000019073486328125</ele>
        <time>2024-09-02T13:26:17.000Z</time>
        <extensions>
          <ns3:TrackPointExtension>
            <ns3:cad>88</ns3:cad>
          </ns3:TrackPointExtension>
        </extensions>
      </trkpt>
      <trkpt lat="30.41899270378053188323974609375" lon="120.25960762985050678253173828125">
        <ele>6.599999904632568359375</ele>
        <time>2024-09-02T13:26:18.000Z</time>
        <extensions>
          <ns3:TrackPointExtension>
            <ns3:cad>87</ns3:cad>
          </ns3:TrackPointExtension>
        </extensions>
      </trkpt>
      <trkpt lat="30.41898029856383800506591796875" lon="120.2596271596848964691162109375">
        <ele>6.599999904632568359375</ele>
        <time>2024-09-02T13:26:19.000Z</time>
        <extensions>
          <ns3:TrackPointExtension>
            <ns3:cad>87</ns3:cad>
          </ns3:TrackPointExtension>
        </extensions>
      </trkpt>
      <trkpt lat="30.41896437294781208038330078125" lon="120.25964534841477870941162109375">
        <ele>6.400000095367431640625</ele>
        <time>2024-09-02T13:26:20.000Z</time>
        <extensions>
          <ns3:TrackPointExtension>
            <ns3:cad>87</ns3:cad>
          </ns3:TrackPointExtension>
        </extensions>
      </trkpt>
      <trkpt lat="30.41894978843629360198974609375" lon="120.25966999121010303497314453125">
        <ele>6.400000095367431640625</ele>
        <time>2024-09-02T13:26:21.000Z</time>
        <extensions>
          <ns3:TrackPointExtension>
            <ns3:cad>87</ns3:cad>
          </ns3:TrackPointExtension>
        </extensions>
      </trkpt>
      <trkpt lat="30.418942160904407501220703125" lon="120.2596871741116046905517578125">
        <ele>6.400000095367431640625</ele>
        <time>2024-09-02T13:26:22.000Z</time>
        <extensions>
          <ns3:TrackPointExtension>
            <ns3:cad>87</ns3:cad>
          </ns3:TrackPointExtension>
        </extensions>
      </trkpt>
      <trkpt lat="30.41892967186868190765380859375" lon="120.25970620103180408477783203125">
        <ele>6.19999980926513671875</ele>
        <time>2024-09-02T13:26:23.000Z</time>
        <extensions>
          <ns3:TrackPointExtension>
            <ns3:cad>87</ns3:cad>
          </ns3:TrackPointExtension>
        </extensions>
      </trkpt>
      <trkpt lat="30.41892095468938350677490234375" lon="120.25972765870392322540283203125">
        <ele>6.19999980926513671875</ele>
        <time>2024-09-02T13:26:24.000Z</time>
        <extensions>
          <ns3:TrackPointExtension>
            <ns3:cad>87</ns3:cad>
          </ns3:TrackPointExtension>
        </extensions>
      </trkpt>
      <trkpt lat="30.41891525499522686004638671875" lon="120.25973729789257049560546875">
        <ele>6.19999980926513671875</ele>
        <time>2024-09-02T13:26:25.000Z</time>
        <extensions>
          <ns3:TrackPointExtension>
            <ns3:cad>87</ns3:cad>
          </ns3:TrackPointExtension>
        </extensions>
      </trkpt>
      <trkpt lat="30.4189114831387996673583984375" lon="120.2597492001950740814208984375">
        <ele>6.19999980926513671875</ele>
        <time>2024-09-02T13:26:26.000Z</time>
        <extensions>
          <ns3:TrackPointExtension>
            <ns3:cad>87</ns3:cad>
          </ns3:TrackPointExtension>
        </extensions>
      </trkpt>
      <trkpt lat="30.4189108125865459442138671875" lon="120.25976411998271942138671875">
        <ele>6.19999980926513671875</ele>
        <time>2024-09-02T13:26:27.000Z</time>
        <extensions>
          <ns3:TrackPointExtension>
            <ns3:cad>87</ns3:cad>
          </ns3:TrackPointExtension>
        </extensions>
      </trkpt>
      <trkpt lat="30.41889958083629608154296875" lon="120.259778536856174468994140625">
        <ele>6.19999980926513671875</ele>
        <time>2024-09-02T13:26:28.000Z</time>
        <extensions>
          <ns3:TrackPointExtension>
            <ns3:cad>67</ns3:cad>
          </ns3:TrackPointExtension>
        </extensions>
      </trkpt>
      <trkpt lat="30.41889899410307407379150390625" lon="120.25978867895901203155517578125">
        <ele>6.19999980926513671875</ele>
        <time>2024-09-02T13:26:29.000Z</time>
        <extensions>
          <ns3:TrackPointExtension>
            <ns3:cad>67</ns3:cad>
          </ns3:TrackPointExtension>
        </extensions>
      </trkpt>
      <trkpt lat="30.418894551694393157958984375" lon="120.25980426929891109466552734375">
        <ele>6.19999980926513671875</ele>
        <time>2024-09-02T13:26:30.000Z</time>
        <extensions>
          <ns3:TrackPointExtension>
            <ns3:cad>68</ns3:cad>
          </ns3:TrackPointExtension>
        </extensions>
      </trkpt>
      <trkpt lat="30.4188787937164306640625" lon="120.25981147773563861846923828125">
        <ele>6</ele>
        <time>2024-09-02T13:26:31.000Z</time>
        <extensions>
          <ns3:TrackPointExtension>
            <ns3:cad>68</ns3:cad>
          </ns3:TrackPointExtension>
        </extensions>
      </trkpt>
      <trkpt lat="30.41886337101459503173828125" lon="120.25982287712395191192626953125">
        <ele>6</ele>
        <time>2024-09-02T13:26:32.000Z</time>
        <extensions>
          <ns3:TrackPointExtension>
            <ns3:cad>67</ns3:cad>
          </ns3:TrackPointExtension>
        </extensions>
      </trkpt>
      <trkpt lat="30.4188404045999050140380859375" lon="120.25984182022511959075927734375">
        <ele>6</ele>
        <time>2024-09-02T13:26:33.000Z</time>
        <extensions>
          <ns3:TrackPointExtension>
            <ns3:cad>67</ns3:cad>
          </ns3:TrackPointExtension>
        </extensions>
      </trkpt>
      <trkpt lat="30.4188251495361328125" lon="120.25986361317336559295654296875">
        <ele>6</ele>
        <time>2024-09-02T13:26:34.000Z</time>
        <extensions>
          <ns3:TrackPointExtension>
            <ns3:cad>67</ns3:cad>
          </ns3:TrackPointExtension>
        </extensions>
      </trkpt>
      <trkpt lat="30.418811403214931488037109375" lon="120.2598786167800426483154296875">
        <ele>6.19999980926513671875</ele>
        <time>2024-09-02T13:26:35.000Z</time>
        <extensions>
          <ns3:TrackPointExtension>
            <ns3:cad>87</ns3:cad>
          </ns3:TrackPointExtension>
        </extensions>
      </trkpt>
      <trkpt lat="30.4187907837331295013427734375" lon="120.2599004097282886505126953125">
        <ele>6.19999980926513671875</ele>
        <time>2024-09-02T13:26:36.000Z</time>
        <extensions>
          <ns3:TrackPointExtension>
            <ns3:cad>88</ns3:cad>
          </ns3:TrackPointExtension>
        </extensions>
      </trkpt>
      <trkpt lat="30.418771170079708099365234375" lon="120.25991859845817089080810546875">
        <ele>6.19999980926513671875</ele>
        <time>2024-09-02T13:26:37.000Z</time>
        <extensions>
          <ns3:TrackPointExtension>
            <ns3:cad>88</ns3:cad>
          </ns3:TrackPointExtension>
        </extensions>
      </trkpt>
      <trkpt lat="30.41875633411109447479248046875" lon="120.25993234477937221527099609375">
        <ele>6.400000095367431640625</ele>
        <time>2024-09-02T13:26:38.000Z</time>
        <extensions>
          <ns3:TrackPointExtension>
            <ns3:cad>88</ns3:cad>
          </ns3:TrackPointExtension>
        </extensions>
      </trkpt>
      <trkpt lat="30.4187317751348018646240234375" lon="120.25995547883212566375732421875">
        <ele>6.400000095367431640625</ele>
        <time>2024-09-02T13:26:39.000Z</time>
        <extensions>
          <ns3:TrackPointExtension>
            <ns3:cad>88</ns3:cad>
          </ns3:TrackPointExtension>
        </extensions>
      </trkpt>
      <trkpt lat="30.41871392168104648590087890625" lon="120.2599780261516571044921875">
        <ele>6.400000095367431640625</ele>
        <time>2024-09-02T13:26:40.000Z</time>
        <extensions>
          <ns3:TrackPointExtension>
            <ns3:cad>88</ns3:cad>
          </ns3:TrackPointExtension>
        </extensions>
      </trkpt>
      <trkpt lat="30.41869305074214935302734375" lon="120.259994454681873321533203125">
        <ele>6.599999904632568359375</ele>
        <time>2024-09-02T13:26:41.000Z</time>
        <extensions>
          <ns3:TrackPointExtension>
            <ns3:cad>88</ns3:cad>
          </ns3:TrackPointExtension>
        </extensions>
      </trkpt>
      <trkpt lat="30.4186707548797130584716796875" lon="120.2600140683352947235107421875">
        <ele>6.599999904632568359375</ele>
        <time>2024-09-02T13:26:42.000Z</time>
        <extensions>
          <ns3:TrackPointExtension>
            <ns3:cad>88</ns3:cad>
          </ns3:TrackPointExtension>
        </extensions>
      </trkpt>
      <trkpt lat="30.4186492972075939178466796875" lon="120.2600298263132572174072265625">
        <ele>6.599999904632568359375</ele>
        <time>2024-09-02T13:26:43.000Z</time>
        <extensions>
          <ns3:TrackPointExtension>
            <ns3:cad>88</ns3:cad>
          </ns3:TrackPointExtension>
        </extensions>
      </trkpt>
      <trkpt lat="30.4186295159161090850830078125" lon="120.26004415936768054962158203125">
        <ele>6.599999904632568359375</ele>
        <time>2024-09-02T13:26:44.000Z</time>
        <extensions>
          <ns3:TrackPointExtension>
            <ns3:cad>88</ns3:cad>
          </ns3:TrackPointExtension>
        </extensions>
      </trkpt>
      <trkpt lat="30.4186063818633556365966796875" lon="120.2600646950304508209228515625">
        <ele>6.400000095367431640625</ele>
        <time>2024-09-02T13:26:45.000Z</time>
        <extensions>
          <ns3:TrackPointExtension>
            <ns3:cad>88</ns3:cad>
          </ns3:TrackPointExtension>
        </extensions>
      </trkpt>
      <trkpt lat="30.41858165524899959564208984375" lon="120.260083973407745361328125">
        <ele>6.400000095367431640625</ele>
        <time>2024-09-02T13:26:46.000Z</time>
        <extensions>
          <ns3:TrackPointExtension>
            <ns3:cad>88</ns3:cad>
          </ns3:TrackPointExtension>
        </extensions>
      </trkpt>
      <trkpt lat="30.41856237687170505523681640625" lon="120.2600965462625026702880859375">
        <ele>6.400000095367431640625</ele>
        <time>2024-09-02T13:26:47.000Z</time>
        <extensions>
          <ns3:TrackPointExtension>
            <ns3:cad>89</ns3:cad>
          </ns3:TrackPointExtension>
        </extensions>
      </trkpt>
      <trkpt lat="30.41854259558022022247314453125" lon="120.26011238805949687957763671875">
        <ele>6.400000095367431640625</ele>
        <time>2024-09-02T13:26:48.000Z</time>
        <extensions>
          <ns3:TrackPointExtension>
            <ns3:cad>89</ns3:cad>
          </ns3:TrackPointExtension>
        </extensions>
      </trkpt>
      <trkpt lat="30.4185269214212894439697265625" lon="120.26012261398136615753173828125">
        <ele>6.400000095367431640625</ele>
        <time>2024-09-02T13:26:49.000Z</time>
        <extensions>
          <ns3:TrackPointExtension>
            <ns3:cad>89</ns3:cad>
          </ns3:TrackPointExtension>
        </extensions>
      </trkpt>
      <trkpt lat="30.41850571520626544952392578125" lon="120.260132253170013427734375">
        <ele>6.400000095367431640625</ele>
        <time>2024-09-02T13:26:50.000Z</time>
        <extensions>
          <ns3:TrackPointExtension>
            <ns3:cad>89</ns3:cad>
          </ns3:TrackPointExtension>
        </extensions>
      </trkpt>
      <trkpt lat="30.4184850119054317474365234375" lon="120.26014440692961215972900390625">
        <ele>6.599999904632568359375</ele>
        <time>2024-09-02T13:26:51.000Z</time>
        <extensions>
          <ns3:TrackPointExtension>
            <ns3:cad>88</ns3:cad>
          </ns3:TrackPointExtension>
        </extensions>
      </trkpt>
      <trkpt lat="30.4184675775468349456787109375" lon="120.260158069431781768798828125">
        <ele>6.599999904632568359375</ele>
        <time>2024-09-02T13:26:52.000Z</time>
        <extensions>
          <ns3:TrackPointExtension>
            <ns3:cad>88</ns3:cad>
          </ns3:TrackPointExtension>
        </extensions>
      </trkpt>
      <trkpt lat="30.4184501431882381439208984375" lon="120.260174162685871124267578125">
        <ele>6.599999904632568359375</ele>
        <time>2024-09-02T13:26:53.000Z</time>
        <extensions>
          <ns3:TrackPointExtension>
            <ns3:cad>88</ns3:cad>
          </ns3:TrackPointExtension>
        </extensions>
      </trkpt>
      <trkpt lat="30.41843379847705364227294921875" lon="120.26019101031124591827392578125">
        <ele>6.599999904632568359375</ele>
        <time>2024-09-02T13:26:54.000Z</time>
        <extensions>
          <ns3:TrackPointExtension>
            <ns3:cad>87</ns3:cad>
          </ns3:TrackPointExtension>
        </extensions>
      </trkpt>
      <trkpt lat="30.418420471251010894775390625" lon="120.26020534336566925048828125">
        <ele>6.599999904632568359375</ele>
        <time>2024-09-02T13:26:55.000Z</time>
        <extensions>
          <ns3:TrackPointExtension>
            <ns3:cad>87</ns3:cad>
          </ns3:TrackPointExtension>
        </extensions>
      </trkpt>
      <trkpt lat="30.41840932331979274749755859375" lon="120.26022017933428287506103515625">
        <ele>6.599999904632568359375</ele>
        <time>2024-09-02T13:26:56.000Z</time>
        <extensions>
          <ns3:TrackPointExtension>
            <ns3:cad>87</ns3:cad>
          </ns3:TrackPointExtension>
        </extensions>
      </trkpt>
      <trkpt lat="30.4183961637318134307861328125" lon="120.26022839359939098358154296875">
        <ele>6.599999904632568359375</ele>
        <time>2024-09-02T13:26:57.000Z</time>
        <extensions>
          <ns3:TrackPointExtension>
            <ns3:cad>87</ns3:cad>
          </ns3:TrackPointExtension>
        </extensions>
      </trkpt>
      <trkpt lat="30.41838183067739009857177734375" lon="120.260237194597721099853515625">
        <ele>6.599999904632568359375</ele>
        <time>2024-09-02T13:26:58.000Z</time>
        <extensions>
          <ns3:TrackPointExtension>
            <ns3:cad>87</ns3:cad>
          </ns3:TrackPointExtension>
        </extensions>
      </trkpt>
      <trkpt lat="30.4183649830520153045654296875" lon="120.260245911777019500732421875">
        <ele>6.599999904632568359375</ele>
        <time>2024-09-02T13:26:59.000Z</time>
        <extensions>
          <ns3:TrackPointExtension>
            <ns3:cad>87</ns3:cad>
          </ns3:TrackPointExtension>
        </extensions>
      </trkpt>
      <trkpt lat="30.4183519072830677032470703125" lon="120.26026041246950626373291015625">
        <ele>6.599999904632568359375</ele>
        <time>2024-09-02T13:27:00.000Z</time>
        <extensions>
          <ns3:TrackPointExtension>
            <ns3:cad>0</ns3:cad>
          </ns3:TrackPointExtension>
        </extensions>
      </trkpt>
      <trkpt lat="30.418346039950847625732421875" lon="120.260272063314914703369140625">
        <ele>6.599999904632568359375</ele>
        <time>2024-09-02T13:27:01.000Z</time>
        <extensions>
          <ns3:TrackPointExtension>
            <ns3:cad>0</ns3:cad>
          </ns3:TrackPointExtension>
        </extensions>
      </trkpt>
      <trkpt lat="30.418339669704437255859375" lon="120.26028254069387912750244140625">
        <ele>6.599999904632568359375</ele>
        <time>2024-09-02T13:27:02.000Z</time>
        <extensions>
          <ns3:TrackPointExtension>
            <ns3:cad>64</ns3:cad>
          </ns3:TrackPointExtension>
        </extensions>
      </trkpt>
      <trkpt lat="30.418321229517459869384765625" lon="120.260295532643795013427734375">
        <ele>6.599999904632568359375</ele>
        <time>2024-09-02T13:27:03.000Z</time>
        <extensions>
          <ns3:TrackPointExtension>
            <ns3:cad>65</ns3:cad>
          </ns3:TrackPointExtension>
        </extensions>
      </trkpt>
      <trkpt lat="30.41830002330243587493896484375" lon="120.260306932032108306884765625">
        <ele>6.599999904632568359375</ele>
        <time>2024-09-02T13:27:04.000Z</time>
        <extensions>
          <ns3:TrackPointExtension>
            <ns3:cad>65</ns3:cad>
          </ns3:TrackPointExtension>
        </extensions>
      </trkpt>
      <trkpt lat="30.41827990673482418060302734375" lon="120.260320007801055908203125">
        <ele>6.599999904632568359375</ele>
        <time>2024-09-02T13:27:05.000Z</time>
        <extensions>
          <ns3:TrackPointExtension>
            <ns3:cad>66</ns3:cad>
          </ns3:TrackPointExtension>
        </extensions>
      </trkpt>
      <trkpt lat="30.4182593710720539093017578125" lon="120.26033098809421062469482421875">
        <ele>6.599999904632568359375</ele>
        <time>2024-09-02T13:27:06.000Z</time>
        <extensions>
          <ns3:TrackPointExtension>
            <ns3:cad>66</ns3:cad>
          </ns3:TrackPointExtension>
        </extensions>
      </trkpt>
      <trkpt lat="30.41824101470410823822021484375" lon="120.26036359369754791259765625">
        <ele>6.599999904632568359375</ele>
        <time>2024-09-02T13:27:07.000Z</time>
        <extensions>
          <ns3:TrackPointExtension>
            <ns3:cad>66</ns3:cad>
          </ns3:TrackPointExtension>
        </extensions>
      </trkpt>
      <trkpt lat="30.41822768747806549072265625" lon="120.2603842131793498992919921875">
        <ele>6.599999904632568359375</ele>
        <time>2024-09-02T13:27:08.000Z</time>
        <extensions>
          <ns3:TrackPointExtension>
            <ns3:cad>86</ns3:cad>
          </ns3:TrackPointExtension>
        </extensions>
      </trkpt>
      <trkpt lat="30.41820430196821689605712890625" lon="120.2604098618030548095703125">
        <ele>6.599999904632568359375</ele>
        <time>2024-09-02T13:27:09.000Z</time>
        <extensions>
          <ns3:TrackPointExtension>
            <ns3:cad>88</ns3:cad>
          </ns3:TrackPointExtension>
        </extensions>
      </trkpt>
      <trkpt lat="30.41819307021796703338623046875" lon="120.26042603887617588043212890625">
        <ele>6.599999904632568359375</ele>
        <time>2024-09-02T13:27:10.000Z</time>
        <extensions>
          <ns3:TrackPointExtension>
            <ns3:cad>87</ns3:cad>
          </ns3:TrackPointExtension>
        </extensions>
      </trkpt>
      <trkpt lat="30.4181752167642116546630859375" lon="120.26044313795864582061767578125">
        <ele>6.599999904632568359375</ele>
        <time>2024-09-02T13:27:11.000Z</time>
        <extensions>
          <ns3:TrackPointExtension>
            <ns3:cad>88</ns3:cad>
          </ns3:TrackPointExtension>
        </extensions>
      </trkpt>
      <trkpt lat="30.41815451346337795257568359375" lon="120.2604539506137371063232421875">
        <ele>6.599999904632568359375</ele>
        <time>2024-09-02T13:27:12.000Z</time>
        <extensions>
          <ns3:TrackPointExtension>
            <ns3:cad>88</ns3:cad>
          </ns3:TrackPointExtension>
        </extensions>
      </trkpt>
      <trkpt lat="30.41813607327640056610107421875" lon="120.26047046296298503875732421875">
        <ele>6.599999904632568359375</ele>
        <time>2024-09-02T13:27:13.000Z</time>
        <extensions>
          <ns3:TrackPointExtension>
            <ns3:cad>88</ns3:cad>
          </ns3:TrackPointExtension>
        </extensions>
      </trkpt>
      <trkpt lat="30.41811905801296234130859375" lon="120.2604908309876918792724609375">
        <ele>6.599999904632568359375</ele>
        <time>2024-09-02T13:27:14.000Z</time>
        <extensions>
          <ns3:TrackPointExtension>
            <ns3:cad>88</ns3:cad>
          </ns3:TrackPointExtension>
        </extensions>
      </trkpt>
      <trkpt lat="30.4181014560163021087646484375" lon="120.2604988776147365570068359375">
        <ele>6.599999904632568359375</ele>
        <time>2024-09-02T13:27:15.000Z</time>
        <extensions>
          <ns3:TrackPointExtension>
            <ns3:cad>88</ns3:cad>
          </ns3:TrackPointExtension>
        </extensions>
      </trkpt>
      <trkpt lat="30.41808812879025936126708984375" lon="120.260509438812732696533203125">
        <ele>6.599999904632568359375</ele>
        <time>2024-09-02T13:27:16.000Z</time>
        <extensions>
          <ns3:TrackPointExtension>
            <ns3:cad>87</ns3:cad>
          </ns3:TrackPointExtension>
        </extensions>
      </trkpt>
      <trkpt lat="30.4180783219635486602783203125" lon="120.26052310131490230560302734375">
        <ele>6.599999904632568359375</ele>
        <time>2024-09-02T13:27:17.000Z</time>
        <extensions>
          <ns3:TrackPointExtension>
            <ns3:cad>87</ns3:cad>
          </ns3:TrackPointExtension>
        </extensions>
      </trkpt>
      <trkpt lat="30.41807002387940883636474609375" lon="120.26053181849420070648193359375">
        <ele>6.599999904632568359375</ele>
        <time>2024-09-02T13:27:18.000Z</time>
        <extensions>
          <ns3:TrackPointExtension>
            <ns3:cad>0</ns3:cad>
          </ns3:TrackPointExtension>
        </extensions>
      </trkpt>
      <trkpt lat="30.41806231252849102020263671875" lon="120.26053986512124538421630859375">
        <ele>6.599999904632568359375</ele>
        <time>2024-09-02T13:27:19.000Z</time>
        <extensions>
          <ns3:TrackPointExtension>
            <ns3:cad>0</ns3:cad>
          </ns3:TrackPointExtension>
        </extensions>
      </trkpt>
      <trkpt lat="30.41805493645370006561279296875" lon="120.2605466544628143310546875">
        <ele>6.599999904632568359375</ele>
        <time>2024-09-02T13:27:20.000Z</time>
        <extensions>
          <ns3:TrackPointExtension>
            <ns3:cad>66</ns3:cad>
          </ns3:TrackPointExtension>
        </extensions>
      </trkpt>
      <trkpt lat="30.418047644197940826416015625" lon="120.26055629365146160125732421875">
        <ele>6.599999904632568359375</ele>
        <time>2024-09-02T13:27:21.000Z</time>
        <extensions>
          <ns3:TrackPointExtension>
            <ns3:cad>66</ns3:cad>
          </ns3:TrackPointExtension>
        </extensions>
      </trkpt>
      <trkpt lat="30.4180367477238178253173828125" lon="120.26056450791656970977783203125">
        <ele>6.599999904632568359375</ele>
        <time>2024-09-02T13:27:22.000Z</time>
        <extensions>
          <ns3:TrackPointExtension>
            <ns3:cad>66</ns3:cad>
          </ns3:TrackPointExtension>
        </extensions>
      </trkpt>
      <trkpt lat="30.41802627034485340118408203125" lon="120.26057255454361438751220703125">
        <ele>6.599999904632568359375</ele>
        <time>2024-09-02T13:27:23.000Z</time>
        <extensions>
          <ns3:TrackPointExtension>
            <ns3:cad>66</ns3:cad>
          </ns3:TrackPointExtension>
        </extensions>
      </trkpt>
      <trkpt lat="30.41801570914685726165771484375" lon="120.26058026589453220367431640625">
        <ele>6.599999904632568359375</ele>
        <time>2024-09-02T13:27:24.000Z</time>
        <extensions>
          <ns3:TrackPointExtension>
            <ns3:cad>66</ns3:cad>
          </ns3:TrackPointExtension>
        </extensions>
      </trkpt>
      <trkpt lat="30.4180055670440196990966796875" lon="120.26059082709252834320068359375">
        <ele>6.599999904632568359375</ele>
        <time>2024-09-02T13:27:25.000Z</time>
        <extensions>
          <ns3:TrackPointExtension>
            <ns3:cad>65</ns3:cad>
          </ns3:TrackPointExtension>
        </extensions>
      </trkpt>
      <trkpt lat="30.41799475438892841339111328125" lon="120.260602645576000213623046875">
        <ele>6.599999904632568359375</ele>
        <time>2024-09-02T13:27:26.000Z</time>
        <extensions>
          <ns3:TrackPointExtension>
            <ns3:cad>65</ns3:cad>
          </ns3:TrackPointExtension>
        </extensions>
      </trkpt>
      <trkpt lat="30.417985282838344573974609375" lon="120.2606138773262500762939453125">
        <ele>6.80000019073486328125</ele>
        <time>2024-09-02T13:27:27.000Z</time>
        <extensions>
          <ns3:TrackPointExtension>
            <ns3:cad>65</ns3:cad>
          </ns3:TrackPointExtension>
        </extensions>
      </trkpt>
      <trkpt lat="30.417973212897777557373046875" lon="120.2606239356100559234619140625">
        <ele>6.80000019073486328125</ele>
        <time>2024-09-02T13:27:28.000Z</time>
        <extensions>
          <ns3:TrackPointExtension>
            <ns3:cad>65</ns3:cad>
          </ns3:TrackPointExtension>
        </extensions>
      </trkpt>
      <trkpt lat="30.4179574549198150634765625" lon="120.2606393583118915557861328125">
        <ele>6.80000019073486328125</ele>
        <time>2024-09-02T13:27:29.000Z</time>
        <extensions>
          <ns3:TrackPointExtension>
            <ns3:cad>65</ns3:cad>
          </ns3:TrackPointExtension>
        </extensions>
      </trkpt>
      <trkpt lat="30.4179388470947742462158203125" lon="120.26065687648952007293701171875">
        <ele>7</ele>
        <time>2024-09-02T13:27:30.000Z</time>
        <extensions>
          <ns3:TrackPointExtension>
            <ns3:cad>68</ns3:cad>
          </ns3:TrackPointExtension>
        </extensions>
      </trkpt>
      <trkpt lat="30.4179207421839237213134765625" lon="120.2606713771820068359375">
        <ele>7</ele>
        <time>2024-09-02T13:27:31.000Z</time>
        <extensions>
          <ns3:TrackPointExtension>
            <ns3:cad>68</ns3:cad>
          </ns3:TrackPointExtension>
        </extensions>
      </trkpt>
      <trkpt lat="30.4179038107395172119140625" lon="120.2606816031038761138916015625">
        <ele>7</ele>
        <time>2024-09-02T13:27:32.000Z</time>
        <extensions>
          <ns3:TrackPointExtension>
            <ns3:cad>83</ns3:cad>
          </ns3:TrackPointExtension>
        </extensions>
      </trkpt>
      <trkpt lat="30.41788277216255664825439453125" lon="120.26070180349051952362060546875">
        <ele>7.19999980926513671875</ele>
        <time>2024-09-02T13:27:33.000Z</time>
        <extensions>
          <ns3:TrackPointExtension>
            <ns3:cad>86</ns3:cad>
          </ns3:TrackPointExtension>
        </extensions>
      </trkpt>
      <trkpt lat="30.4178670980036258697509765625" lon="120.26072443462908267974853515625">
        <ele>7.19999980926513671875</ele>
        <time>2024-09-02T13:27:34.000Z</time>
        <extensions>
          <ns3:TrackPointExtension>
            <ns3:cad>87</ns3:cad>
          </ns3:TrackPointExtension>
        </extensions>
      </trkpt>
      <trkpt lat="30.41785595007240772247314453125" lon="120.26074304245412349700927734375">
        <ele>7.19999980926513671875</ele>
        <time>2024-09-02T13:27:35.000Z</time>
        <extensions>
          <ns3:TrackPointExtension>
            <ns3:cad>88</ns3:cad>
          </ns3:TrackPointExtension>
        </extensions>
      </trkpt>
      <trkpt lat="30.41783985681831836700439453125" lon="120.26076030917465686798095703125">
        <ele>7.19999980926513671875</ele>
        <time>2024-09-02T13:27:36.000Z</time>
        <extensions>
          <ns3:TrackPointExtension>
            <ns3:cad>88</ns3:cad>
          </ns3:TrackPointExtension>
        </extensions>
      </trkpt>
      <trkpt lat="30.4178201593458652496337890625" lon="120.26077690534293651580810546875">
        <ele>7.19999980926513671875</ele>
        <time>2024-09-02T13:27:37.000Z</time>
        <extensions>
          <ns3:TrackPointExtension>
            <ns3:cad>88</ns3:cad>
          </ns3:TrackPointExtension>
        </extensions>
      </trkpt>
      <trkpt lat="30.4178084246814250946044921875" lon="120.26079953648149967193603515625">
        <ele>7.19999980926513671875</ele>
        <time>2024-09-02T13:27:38.000Z</time>
        <extensions>
          <ns3:TrackPointExtension>
            <ns3:cad>88</ns3:cad>
          </ns3:TrackPointExtension>
        </extensions>
      </trkpt>
      <trkpt lat="30.41779509745538234710693359375" lon="120.26082065887749195098876953125">
        <ele>7.19999980926513671875</ele>
        <time>2024-09-02T13:27:39.000Z</time>
        <extensions>
          <ns3:TrackPointExtension>
            <ns3:cad>89</ns3:cad>
          </ns3:TrackPointExtension>
        </extensions>
      </trkpt>
      <trkpt lat="30.4177799262106418609619140625" lon="120.260832309722900390625">
        <ele>7.19999980926513671875</ele>
        <time>2024-09-02T13:27:40.000Z</time>
        <extensions>
          <ns3:TrackPointExtension>
            <ns3:cad>89</ns3:cad>
          </ns3:TrackPointExtension>
        </extensions>
      </trkpt>
      <trkpt lat="30.4177628271281719207763671875" lon="120.2608435414731502532958984375">
        <ele>7.400000095367431640625</ele>
        <time>2024-09-02T13:27:41.000Z</time>
        <extensions>
          <ns3:TrackPointExtension>
            <ns3:cad>89</ns3:cad>
          </ns3:TrackPointExtension>
        </extensions>
      </trkpt>
      <trkpt lat="30.41774782352149486541748046875" lon="120.2608509175479412078857421875">
        <ele>7.599999904632568359375</ele>
        <time>2024-09-02T13:27:42.000Z</time>
        <extensions>
          <ns3:TrackPointExtension>
            <ns3:cad>0</ns3:cad>
          </ns3:TrackPointExtension>
        </extensions>
      </trkpt>
      <trkpt lat="30.417731814086437225341796875" lon="120.26086189784109592437744140625">
        <ele>7.599999904632568359375</ele>
        <time>2024-09-02T13:27:43.000Z</time>
        <extensions>
          <ns3:TrackPointExtension>
            <ns3:cad>0</ns3:cad>
          </ns3:TrackPointExtension>
        </extensions>
      </trkpt>
      <trkpt lat="30.41771806776523590087890625" lon="120.26086474768817424774169921875">
        <ele>7.599999904632568359375</ele>
        <time>2024-09-02T13:27:44.000Z</time>
        <extensions>
          <ns3:TrackPointExtension>
            <ns3:cad>68</ns3:cad>
          </ns3:TrackPointExtension>
        </extensions>
      </trkpt>
      <trkpt lat="30.41770591400563716888427734375" lon="120.260872542858123779296875">
        <ele>7.599999904632568359375</ele>
        <time>2024-09-02T13:27:45.000Z</time>
        <extensions>
          <ns3:TrackPointExtension>
            <ns3:cad>68</ns3:cad>
          </ns3:TrackPointExtension>
        </extensions>
      </trkpt>
      <trkpt lat="30.417690910398960113525390625" lon="120.2608753927052021026611328125">
        <ele>7.80000019073486328125</ele>
        <time>2024-09-02T13:27:46.000Z</time>
        <extensions>
          <ns3:TrackPointExtension>
            <ns3:cad>68</ns3:cad>
          </ns3:TrackPointExtension>
        </extensions>
      </trkpt>
      <trkpt lat="30.4176773317158222198486328125" lon="120.26087991893291473388671875">
        <ele>7.80000019073486328125</ele>
        <time>2024-09-02T13:27:47.000Z</time>
        <extensions>
          <ns3:TrackPointExtension>
            <ns3:cad>67</ns3:cad>
          </ns3:TrackPointExtension>
        </extensions>
      </trkpt>
      <trkpt lat="30.41765713132917881011962890625" lon="120.26088654063642024993896484375">
        <ele>7.80000019073486328125</ele>
        <time>2024-09-02T13:27:48.000Z</time>
        <extensions>
          <ns3:TrackPointExtension>
            <ns3:cad>67</ns3:cad>
          </ns3:TrackPointExtension>
        </extensions>
      </trkpt>
      <trkpt lat="30.4176407866179943084716796875" lon="120.26089844293892383575439453125">
        <ele>7.80000019073486328125</ele>
        <time>2024-09-02T13:27:49.000Z</time>
        <extensions>
          <ns3:TrackPointExtension>
            <ns3:cad>68</ns3:cad>
          </ns3:TrackPointExtension>
        </extensions>
      </trkpt>
      <trkpt lat="30.41762796230614185333251953125" lon="120.260911099612712860107421875">
        <ele>7.80000019073486328125</ele>
        <time>2024-09-02T13:27:50.000Z</time>
        <extensions>
          <ns3:TrackPointExtension>
            <ns3:cad>68</ns3:cad>
          </ns3:TrackPointExtension>
        </extensions>
      </trkpt>
      <trkpt lat="30.417613126337528228759765625" lon="120.26092442683875560760498046875">
        <ele>8</ele>
        <time>2024-09-02T13:27:51.000Z</time>
        <extensions>
          <ns3:TrackPointExtension>
            <ns3:cad>68</ns3:cad>
          </ns3:TrackPointExtension>
        </extensions>
      </trkpt>
      <trkpt lat="30.41759795509278774261474609375" lon="120.26093750260770320892333984375">
        <ele>8</ele>
        <time>2024-09-02T13:27:52.000Z</time>
        <extensions>
          <ns3:TrackPointExtension>
            <ns3:cad>66</ns3:cad>
          </ns3:TrackPointExtension>
        </extensions>
      </trkpt>
      <trkpt lat="30.4175797663629055023193359375" lon="120.2609501592814922332763671875">
        <ele>8.19999980926513671875</ele>
        <time>2024-09-02T13:27:53.000Z</time>
        <extensions>
          <ns3:TrackPointExtension>
            <ns3:cad>66</ns3:cad>
          </ns3:TrackPointExtension>
        </extensions>
      </trkpt>
      <trkpt lat="30.41756057180464267730712890625" lon="120.260968767106533050537109375">
        <ele>8.19999980926513671875</ele>
        <time>2024-09-02T13:27:54.000Z</time>
        <extensions>
          <ns3:TrackPointExtension>
            <ns3:cad>66</ns3:cad>
          </ns3:TrackPointExtension>
        </extensions>
      </trkpt>
      <trkpt lat="30.41754632256925106048583984375" lon="120.26098812930285930633544921875">
        <ele>8.3999996185302734375</ele>
        <time>2024-09-02T13:27:55.000Z</time>
        <extensions>
          <ns3:TrackPointExtension>
            <ns3:cad>88</ns3:cad>
          </ns3:TrackPointExtension>
        </extensions>
      </trkpt>
      <trkpt lat="30.417531989514827728271484375" lon="120.2610001154243946075439453125">
        <ele>8.3999996185302734375</ele>
        <time>2024-09-02T13:27:56.000Z</time>
        <extensions>
          <ns3:TrackPointExtension>
            <ns3:cad>88</ns3:cad>
          </ns3:TrackPointExtension>
        </extensions>
      </trkpt>
      <trkpt lat="30.41751581244170665740966796875" lon="120.2610118500888347625732421875">
        <ele>8.6000003814697265625</ele>
        <time>2024-09-02T13:27:57.000Z</time>
        <extensions>
          <ns3:TrackPointExtension>
            <ns3:cad>89</ns3:cad>
          </ns3:TrackPointExtension>
        </extensions>
      </trkpt>
      <trkpt lat="30.4174962826073169708251953125" lon="120.2610239200294017791748046875">
        <ele>8.80000019073486328125</ele>
        <time>2024-09-02T13:27:58.000Z</time>
        <extensions>
          <ns3:TrackPointExtension>
            <ns3:cad>89</ns3:cad>
          </ns3:TrackPointExtension>
        </extensions>
      </trkpt>
      <trkpt lat="30.41747826151549816131591796875" lon="120.26103875599801540374755859375">
        <ele>8.80000019073486328125</ele>
        <time>2024-09-02T13:27:59.000Z</time>
        <extensions>
          <ns3:TrackPointExtension>
            <ns3:cad>89</ns3:cad>
          </ns3:TrackPointExtension>
        </extensions>
      </trkpt>
      <trkpt lat="30.41746401228010654449462890625" lon="120.26107597164809703826904296875">
        <ele>9</ele>
        <time>2024-09-02T13:28:00.000Z</time>
        <extensions>
          <ns3:TrackPointExtension>
            <ns3:cad>89</ns3:cad>
          </ns3:TrackPointExtension>
        </extensions>
      </trkpt>
      <trkpt lat="30.41745127178728580474853515625" lon="120.26109893806278705596923828125">
        <ele>9</ele>
        <time>2024-09-02T13:28:01.000Z</time>
        <extensions>
          <ns3:TrackPointExtension>
            <ns3:cad>89</ns3:cad>
          </ns3:TrackPointExtension>
        </extensions>
      </trkpt>
      <trkpt lat="30.41744121350347995758056640625" lon="120.26111402548849582672119140625">
        <ele>8.80000019073486328125</ele>
        <time>2024-09-02T13:28:02.000Z</time>
        <extensions>
          <ns3:TrackPointExtension>
            <ns3:cad>88</ns3:cad>
          </ns3:TrackPointExtension>
        </extensions>
      </trkpt>
      <trkpt lat="30.41742847301065921783447265625" lon="120.2611255086958408355712890625">
        <ele>8.80000019073486328125</ele>
        <time>2024-09-02T13:28:03.000Z</time>
        <extensions>
          <ns3:TrackPointExtension>
            <ns3:cad>88</ns3:cad>
          </ns3:TrackPointExtension>
        </extensions>
      </trkpt>
      <trkpt lat="30.41741305030882358551025390625" lon="120.26113850064575672149658203125">
        <ele>8.6000003814697265625</ele>
        <time>2024-09-02T13:28:04.000Z</time>
        <extensions>
          <ns3:TrackPointExtension>
            <ns3:cad>86</ns3:cad>
          </ns3:TrackPointExtension>
        </extensions>
      </trkpt>
      <trkpt lat="30.41739863343536853790283203125" lon="120.26114956475794315338134765625">
        <ele>8.6000003814697265625</ele>
        <time>2024-09-02T13:28:05.000Z</time>
        <extensions>
          <ns3:TrackPointExtension>
            <ns3:cad>0</ns3:cad>
          </ns3:TrackPointExtension>
        </extensions>
      </trkpt>
      <trkpt lat="30.417384468019008636474609375" lon="120.2611590363085269927978515625">
        <ele>8.3999996185302734375</ele>
        <time>2024-09-02T13:28:06.000Z</time>
        <extensions>
          <ns3:TrackPointExtension>
            <ns3:cad>0</ns3:cad>
          </ns3:TrackPointExtension>
        </extensions>
      </trkpt>
      <trkpt lat="30.4173698835074901580810546875" lon="120.26116557419300079345703125">
        <ele>8.3999996185302734375</ele>
        <time>2024-09-02T13:28:07.000Z</time>
        <extensions>
          <ns3:TrackPointExtension>
            <ns3:cad>66</ns3:cad>
          </ns3:TrackPointExtension>
        </extensions>
      </trkpt>
      <trkpt lat="30.4173552989959716796875" lon="120.26117630302906036376953125">
        <ele>8.19999980926513671875</ele>
        <time>2024-09-02T13:28:08.000Z</time>
        <extensions>
          <ns3:TrackPointExtension>
            <ns3:cad>66</ns3:cad>
          </ns3:TrackPointExtension>
        </extensions>
      </trkpt>
      <trkpt lat="30.417342893779277801513671875" lon="120.2611845172941684722900390625">
        <ele>8.19999980926513671875</ele>
        <time>2024-09-02T13:28:09.000Z</time>
        <extensions>
          <ns3:TrackPointExtension>
            <ns3:cad>66</ns3:cad>
          </ns3:TrackPointExtension>
        </extensions>
      </trkpt>
      <trkpt lat="30.41733074001967906951904296875" lon="120.26119239628314971923828125">
        <ele>8.19999980926513671875</ele>
        <time>2024-09-02T13:28:10.000Z</time>
        <extensions>
          <ns3:TrackPointExtension>
            <ns3:cad>66</ns3:cad>
          </ns3:TrackPointExtension>
        </extensions>
      </trkpt>
      <trkpt lat="30.417320095002651214599609375" lon="120.26120102964341640472412109375">
        <ele>8.19999980926513671875</ele>
        <time>2024-09-02T13:28:11.000Z</time>
        <extensions>
          <ns3:TrackPointExtension>
            <ns3:cad>66</ns3:cad>
          </ns3:TrackPointExtension>
        </extensions>
      </trkpt>
      <trkpt lat="30.41730358265340328216552734375" lon="120.2612213976681232452392578125">
        <ele>8.19999980926513671875</ele>
        <time>2024-09-02T13:28:12.000Z</time>
        <extensions>
          <ns3:TrackPointExtension>
            <ns3:cad>66</ns3:cad>
          </ns3:TrackPointExtension>
        </extensions>
      </trkpt>
      <trkpt lat="30.41729025542736053466796875" lon="120.261237658560276031494140625">
        <ele>8.19999980926513671875</ele>
        <time>2024-09-02T13:28:13.000Z</time>
        <extensions>
          <ns3:TrackPointExtension>
            <ns3:cad>66</ns3:cad>
          </ns3:TrackPointExtension>
        </extensions>
      </trkpt>
      <trkpt lat="30.41727592237293720245361328125" lon="120.261255763471126556396484375">
        <ele>8.19999980926513671875</ele>
        <time>2024-09-02T13:28:14.000Z</time>
        <extensions>
          <ns3:TrackPointExtension>
            <ns3:cad>66</ns3:cad>
          </ns3:TrackPointExtension>
        </extensions>
      </trkpt>
      <trkpt lat="30.4172572307288646697998046875" lon="120.2612733654677867889404296875">
        <ele>8.19999980926513671875</ele>
        <time>2024-09-02T13:28:15.000Z</time>
        <extensions>
          <ns3:TrackPointExtension>
            <ns3:cad>66</ns3:cad>
          </ns3:TrackPointExtension>
        </extensions>
      </trkpt>
      <trkpt lat="30.417237617075443267822265625" lon="120.26129021309316158294677734375">
        <ele>8.19999980926513671875</ele>
        <time>2024-09-02T13:28:16.000Z</time>
        <extensions>
          <ns3:TrackPointExtension>
            <ns3:cad>0</ns3:cad>
          </ns3:TrackPointExtension>
        </extensions>
      </trkpt>
      <trkpt lat="30.41722328402101993560791015625" lon="120.26130236685276031494140625">
        <ele>8.19999980926513671875</ele>
        <time>2024-09-02T13:28:17.000Z</time>
        <extensions>
          <ns3:TrackPointExtension>
            <ns3:cad>0</ns3:cad>
          </ns3:TrackPointExtension>
        </extensions>
      </trkpt>
      <trkpt lat="30.41721037589013576507568359375" lon="120.2613122574985027313232421875">
        <ele>8</ele>
        <time>2024-09-02T13:28:18.000Z</time>
        <extensions>
          <ns3:TrackPointExtension>
            <ns3:cad>0</ns3:cad>
          </ns3:TrackPointExtension>
        </extensions>
      </trkpt>
      <trkpt lat="30.41719897650182247161865234375" lon="120.26132114231586456298828125">
        <ele>8</ele>
        <time>2024-09-02T13:28:19.000Z</time>
        <extensions>
          <ns3:TrackPointExtension>
            <ns3:cad>0</ns3:cad>
          </ns3:TrackPointExtension>
        </extensions>
      </trkpt>
      <trkpt lat="30.41718657128512859344482421875" lon="120.26132809929549694061279296875">
        <ele>8</ele>
        <time>2024-09-02T13:28:20.000Z</time>
        <extensions>
          <ns3:TrackPointExtension>
            <ns3:cad>0</ns3:cad>
          </ns3:TrackPointExtension>
        </extensions>
      </trkpt>
      <trkpt lat="30.41717584244906902313232421875" lon="120.261336900293827056884765625">
        <ele>7.80000019073486328125</ele>
        <time>2024-09-02T13:28:21.000Z</time>
        <extensions>
          <ns3:TrackPointExtension>
            <ns3:cad>0</ns3:cad>
          </ns3:TrackPointExtension>
        </extensions>
      </trkpt>
      <trkpt lat="30.41716947220265865325927734375" lon="120.26134670712053775787353515625">
        <ele>7.80000019073486328125</ele>
        <time>2024-09-02T13:28:22.000Z</time>
        <extensions>
          <ns3:TrackPointExtension>
            <ns3:cad>66</ns3:cad>
          </ns3:TrackPointExtension>
        </extensions>
      </trkpt>
      <trkpt lat="30.417164862155914306640625" lon="120.2613491378724575042724609375">
        <ele>7.80000019073486328125</ele>
        <time>2024-09-02T13:28:23.000Z</time>
        <extensions>
          <ns3:TrackPointExtension>
            <ns3:cad>66</ns3:cad>
          </ns3:TrackPointExtension>
        </extensions>
      </trkpt>
      <trkpt lat="30.41715681552886962890625" lon="120.2613551728427410125732421875">
        <ele>7.599999904632568359375</ele>
        <time>2024-09-02T13:28:24.000Z</time>
        <extensions>
          <ns3:TrackPointExtension>
            <ns3:cad>65</ns3:cad>
          </ns3:TrackPointExtension>
        </extensions>
      </trkpt>
      <trkpt lat="30.41714700870215892791748046875" lon="120.2613608725368976593017578125">
        <ele>7.599999904632568359375</ele>
        <time>2024-09-02T13:28:25.000Z</time>
        <extensions>
          <ns3:TrackPointExtension>
            <ns3:cad>64</ns3:cad>
          </ns3:TrackPointExtension>
        </extensions>
      </trkpt>
      <trkpt lat="30.41713477112352848052978515625" lon="120.26137269102036952972412109375">
        <ele>7.400000095367431640625</ele>
        <time>2024-09-02T13:28:26.000Z</time>
        <extensions>
          <ns3:TrackPointExtension>
            <ns3:cad>64</ns3:cad>
          </ns3:TrackPointExtension>
        </extensions>
      </trkpt>
      <trkpt lat="30.4171251319348812103271484375" lon="120.26138207875192165374755859375">
        <ele>7.400000095367431640625</ele>
        <time>2024-09-02T13:28:27.000Z</time>
        <extensions>
          <ns3:TrackPointExtension>
            <ns3:cad>62</ns3:cad>
          </ns3:TrackPointExtension>
        </extensions>
      </trkpt>
      <trkpt lat="30.4171164147555828094482421875" lon="120.26138509623706340789794921875">
        <ele>7.19999980926513671875</ele>
        <time>2024-09-02T13:28:28.000Z</time>
        <extensions>
          <ns3:TrackPointExtension>
            <ns3:cad>61</ns3:cad>
          </ns3:TrackPointExtension>
        </extensions>
      </trkpt>
      <trkpt lat="30.41710518300533294677734375" lon="120.261392891407012939453125">
        <ele>7.19999980926513671875</ele>
        <time>2024-09-02T13:28:29.000Z</time>
        <extensions>
          <ns3:TrackPointExtension>
            <ns3:cad>61</ns3:cad>
          </ns3:TrackPointExtension>
        </extensions>
      </trkpt>
      <trkpt lat="30.41709847748279571533203125" lon="120.26140219531953334808349609375">
        <ele>7</ele>
        <time>2024-09-02T13:28:30.000Z</time>
        <extensions>
          <ns3:TrackPointExtension>
            <ns3:cad>62</ns3:cad>
          </ns3:TrackPointExtension>
        </extensions>
      </trkpt>
      <trkpt lat="30.417086742818355560302734375" lon="120.2614121697843074798583984375">
        <ele>7</ele>
        <time>2024-09-02T13:28:31.000Z</time>
        <extensions>
          <ns3:TrackPointExtension>
            <ns3:cad>63</ns3:cad>
          </ns3:TrackPointExtension>
        </extensions>
      </trkpt>
      <trkpt lat="30.4170728288590908050537109375" lon="120.26142281480133533477783203125">
        <ele>6.80000019073486328125</ele>
        <time>2024-09-02T13:28:32.000Z</time>
        <extensions>
          <ns3:TrackPointExtension>
            <ns3:cad>64</ns3:cad>
          </ns3:TrackPointExtension>
        </extensions>
      </trkpt>
      <trkpt lat="30.41706101037561893463134765625" lon="120.2614269219338893890380859375">
        <ele>6.599999904632568359375</ele>
        <time>2024-09-02T13:28:33.000Z</time>
        <extensions>
          <ns3:TrackPointExtension>
            <ns3:cad>64</ns3:cad>
          </ns3:TrackPointExtension>
        </extensions>
      </trkpt>
      <trkpt lat="30.4170450009405612945556640625" lon="120.26143169961869716644287109375">
        <ele>6.599999904632568359375</ele>
        <time>2024-09-02T13:28:34.000Z</time>
        <extensions>
          <ns3:TrackPointExtension>
            <ns3:cad>64</ns3:cad>
          </ns3:TrackPointExtension>
        </extensions>
      </trkpt>
      <trkpt lat="30.417029745876789093017578125" lon="120.2614366449415683746337890625">
        <ele>6.400000095367431640625</ele>
        <time>2024-09-02T13:28:35.000Z</time>
        <extensions>
          <ns3:TrackPointExtension>
            <ns3:cad>64</ns3:cad>
          </ns3:TrackPointExtension>
        </extensions>
      </trkpt>
      <trkpt lat="30.417016334831714630126953125" lon="120.2614450268447399139404296875">
        <ele>6.19999980926513671875</ele>
        <time>2024-09-02T13:28:36.000Z</time>
        <extensions>
          <ns3:TrackPointExtension>
            <ns3:cad>65</ns3:cad>
          </ns3:TrackPointExtension>
        </extensions>
      </trkpt>
      <trkpt lat="30.4170017503201961517333984375" lon="120.2614534087479114532470703125">
        <ele>6.19999980926513671875</ele>
        <time>2024-09-02T13:28:37.000Z</time>
        <extensions>
          <ns3:TrackPointExtension>
            <ns3:cad>65</ns3:cad>
          </ns3:TrackPointExtension>
        </extensions>
      </trkpt>
      <trkpt lat="30.4169933684170246124267578125" lon="120.26146120391786098480224609375">
        <ele>6</ele>
        <time>2024-09-02T13:28:38.000Z</time>
        <extensions>
          <ns3:TrackPointExtension>
            <ns3:cad>65</ns3:cad>
          </ns3:TrackPointExtension>
        </extensions>
      </trkpt>
      <trkpt lat="30.41698205284774303436279296875" lon="120.26146857999265193939208984375">
        <ele>6</ele>
        <time>2024-09-02T13:28:39.000Z</time>
        <extensions>
          <ns3:TrackPointExtension>
            <ns3:cad>65</ns3:cad>
          </ns3:TrackPointExtension>
        </extensions>
      </trkpt>
      <trkpt lat="30.4169719107449054718017578125" lon="120.26147562079131603240966796875">
        <ele>5.80000019073486328125</ele>
        <time>2024-09-02T13:28:40.000Z</time>
        <extensions>
          <ns3:TrackPointExtension>
            <ns3:cad>65</ns3:cad>
          </ns3:TrackPointExtension>
        </extensions>
      </trkpt>
      <trkpt lat="30.41696227155625820159912109375" lon="120.26147997938096523284912109375">
        <ele>5.80000019073486328125</ele>
        <time>2024-09-02T13:28:41.000Z</time>
        <extensions>
          <ns3:TrackPointExtension>
            <ns3:cad>65</ns3:cad>
          </ns3:TrackPointExtension>
        </extensions>
      </trkpt>
      <trkpt lat="30.416952632367610931396484375" lon="120.26148819364607334136962890625">
        <ele>5.599999904632568359375</ele>
        <time>2024-09-02T13:28:42.000Z</time>
        <extensions>
          <ns3:TrackPointExtension>
            <ns3:cad>65</ns3:cad>
          </ns3:TrackPointExtension>
        </extensions>
      </trkpt>
      <trkpt lat="30.41693779639899730682373046875" lon="120.26149657554924488067626953125">
        <ele>5.599999904632568359375</ele>
        <time>2024-09-02T13:28:43.000Z</time>
        <extensions>
          <ns3:TrackPointExtension>
            <ns3:cad>65</ns3:cad>
          </ns3:TrackPointExtension>
        </extensions>
      </trkpt>
      <trkpt lat="30.41692656464874744415283203125" lon="120.261518619954586029052734375">
        <ele>5.400000095367431640625</ele>
        <time>2024-09-02T13:28:44.000Z</time>
        <extensions>
          <ns3:TrackPointExtension>
            <ns3:cad>65</ns3:cad>
          </ns3:TrackPointExtension>
        </extensions>
      </trkpt>
      <trkpt lat="30.416917093098163604736328125" lon="120.2615310251712799072265625">
        <ele>5.19999980926513671875</ele>
        <time>2024-09-02T13:28:45.000Z</time>
        <extensions>
          <ns3:TrackPointExtension>
            <ns3:cad>66</ns3:cad>
          </ns3:TrackPointExtension>
        </extensions>
      </trkpt>
      <trkpt lat="30.41690460406243801116943359375" lon="120.261539407074451446533203125">
        <ele>5.19999980926513671875</ele>
        <time>2024-09-02T13:28:46.000Z</time>
        <extensions>
          <ns3:TrackPointExtension>
            <ns3:cad>66</ns3:cad>
          </ns3:TrackPointExtension>
        </extensions>
      </trkpt>
      <trkpt lat="30.416892953217029571533203125" lon="120.26154871098697185516357421875">
        <ele>5.19999980926513671875</ele>
        <time>2024-09-02T13:28:47.000Z</time>
        <extensions>
          <ns3:TrackPointExtension>
            <ns3:cad>66</ns3:cad>
          </ns3:TrackPointExtension>
        </extensions>
      </trkpt>
      <trkpt lat="30.4168783687055110931396484375" lon="120.2615583501756191253662109375">
        <ele>5.19999980926513671875</ele>
        <time>2024-09-02T13:28:48.000Z</time>
        <extensions>
          <ns3:TrackPointExtension>
            <ns3:cad>66</ns3:cad>
          </ns3:TrackPointExtension>
        </extensions>
      </trkpt>
      <trkpt lat="30.41686336509883403778076171875" lon="120.26157134212553501129150390625">
        <ele>5.19999980926513671875</ele>
        <time>2024-09-02T13:28:49.000Z</time>
        <extensions>
          <ns3:TrackPointExtension>
            <ns3:cad>75</ns3:cad>
          </ns3:TrackPointExtension>
        </extensions>
      </trkpt>
      <trkpt lat="30.4168522171676158905029296875" lon="120.26158173568546772003173828125">
        <ele>5</ele>
        <time>2024-09-02T13:28:50.000Z</time>
        <extensions>
          <ns3:TrackPointExtension>
            <ns3:cad>75</ns3:cad>
          </ns3:TrackPointExtension>
        </extensions>
      </trkpt>
      <trkpt lat="30.41683553718030452728271484375" lon="120.26159313507378101348876953125">
        <ele>5</ele>
        <time>2024-09-02T13:28:51.000Z</time>
        <extensions>
          <ns3:TrackPointExtension>
            <ns3:cad>68</ns3:cad>
          </ns3:TrackPointExtension>
        </extensions>
      </trkpt>
      <trkpt lat="30.4168166778981685638427734375" lon="120.26160486973822116851806640625">
        <ele>5</ele>
        <time>2024-09-02T13:28:52.000Z</time>
        <extensions>
          <ns3:TrackPointExtension>
            <ns3:cad>67</ns3:cad>
          </ns3:TrackPointExtension>
        </extensions>
      </trkpt>
      <trkpt lat="30.41680670343339443206787109375" lon="120.26161484420299530029296875">
        <ele>4.80000019073486328125</ele>
        <time>2024-09-02T13:28:53.000Z</time>
        <extensions>
          <ns3:TrackPointExtension>
            <ns3:cad>66</ns3:cad>
          </ns3:TrackPointExtension>
        </extensions>
      </trkpt>
      <trkpt lat="30.416796393692493438720703125" lon="120.26162666268646717071533203125">
        <ele>4.80000019073486328125</ele>
        <time>2024-09-02T13:28:54.000Z</time>
        <extensions>
          <ns3:TrackPointExtension>
            <ns3:cad>66</ns3:cad>
          </ns3:TrackPointExtension>
        </extensions>
      </trkpt>
      <trkpt lat="30.41678457520902156829833984375" lon="120.2616369724273681640625">
        <ele>4.80000019073486328125</ele>
        <time>2024-09-02T13:28:55.000Z</time>
        <extensions>
          <ns3:TrackPointExtension>
            <ns3:cad>65</ns3:cad>
          </ns3:TrackPointExtension>
        </extensions>
      </trkpt>
      <trkpt lat="30.41677057743072509765625" lon="120.261644683778285980224609375">
        <ele>4.80000019073486328125</ele>
        <time>2024-09-02T13:28:56.000Z</time>
        <extensions>
          <ns3:TrackPointExtension>
            <ns3:cad>65</ns3:cad>
          </ns3:TrackPointExtension>
        </extensions>
      </trkpt>
      <trkpt lat="30.41675657965242862701416015625" lon="120.26165373623371124267578125">
        <ele>4.80000019073486328125</ele>
        <time>2024-09-02T13:28:57.000Z</time>
        <extensions>
          <ns3:TrackPointExtension>
            <ns3:cad>65</ns3:cad>
          </ns3:TrackPointExtension>
        </extensions>
      </trkpt>
      <trkpt lat="30.41673906147480010986328125" lon="120.2616696618497371673583984375">
        <ele>4.599999904632568359375</ele>
        <time>2024-09-02T13:28:58.000Z</time>
        <extensions>
          <ns3:TrackPointExtension>
            <ns3:cad>65</ns3:cad>
          </ns3:TrackPointExtension>
        </extensions>
      </trkpt>
      <trkpt lat="30.41672707535326480865478515625" lon="120.2616830728948116302490234375">
        <ele>4.599999904632568359375</ele>
        <time>2024-09-02T13:28:59.000Z</time>
        <extensions>
          <ns3:TrackPointExtension>
            <ns3:cad>64</ns3:cad>
          </ns3:TrackPointExtension>
        </extensions>
      </trkpt>
      <trkpt lat="30.4167090542614459991455078125" lon="120.26170109398663043975830078125">
        <ele>4.400000095367431640625</ele>
        <time>2024-09-02T13:29:00.000Z</time>
        <extensions>
          <ns3:TrackPointExtension>
            <ns3:cad>64</ns3:cad>
          </ns3:TrackPointExtension>
        </extensions>
      </trkpt>
      <trkpt lat="30.4166953079402446746826171875" lon="120.2617145888507366180419921875">
        <ele>4</ele>
        <time>2024-09-02T13:29:01.000Z</time>
        <extensions>
          <ns3:TrackPointExtension>
            <ns3:cad>64</ns3:cad>
          </ns3:TrackPointExtension>
        </extensions>
      </trkpt>
      <trkpt lat="30.41667946614325046539306640625" lon="120.2617306821048259735107421875">
        <ele>3.7999999523162841796875</ele>
        <time>2024-09-02T13:29:02.000Z</time>
        <extensions>
          <ns3:TrackPointExtension>
            <ns3:cad>64</ns3:cad>
          </ns3:TrackPointExtension>
        </extensions>
      </trkpt>
      <trkpt lat="30.4166624508798122406005859375" lon="120.2617481164634227752685546875">
        <ele>3.400000095367431640625</ele>
        <time>2024-09-02T13:29:03.000Z</time>
        <extensions>
          <ns3:TrackPointExtension>
            <ns3:cad>88</ns3:cad>
          </ns3:TrackPointExtension>
        </extensions>
      </trkpt>
      <trkpt lat="30.41664795018732547760009765625" lon="120.2617657184600830078125">
        <ele>3.2000000476837158203125</ele>
        <time>2024-09-02T13:29:04.000Z</time>
        <extensions>
          <ns3:TrackPointExtension>
            <ns3:cad>88</ns3:cad>
          </ns3:TrackPointExtension>
        </extensions>
      </trkpt>
      <trkpt lat="30.4166312702000141143798828125" lon="120.2617836557328701019287109375">
        <ele>2.7999999523162841796875</ele>
        <time>2024-09-02T13:29:05.000Z</time>
        <extensions>
          <ns3:TrackPointExtension>
            <ns3:cad>87</ns3:cad>
          </ns3:TrackPointExtension>
        </extensions>
      </trkpt>
      <trkpt lat="30.4166128300130367279052734375" lon="120.26180167682468891143798828125">
        <ele>2.7999999523162841796875</ele>
        <time>2024-09-02T13:29:06.000Z</time>
        <extensions>
          <ns3:TrackPointExtension>
            <ns3:cad>87</ns3:cad>
          </ns3:TrackPointExtension>
        </extensions>
      </trkpt>
      <trkpt lat="30.4165927134454250335693359375" lon="120.2618145011365413665771484375">
        <ele>2.599999904632568359375</ele>
        <time>2024-09-02T13:29:07.000Z</time>
        <extensions>
          <ns3:TrackPointExtension>
            <ns3:cad>87</ns3:cad>
          </ns3:TrackPointExtension>
        </extensions>
      </trkpt>
      <trkpt lat="30.41657502762973308563232421875" lon="120.26182916946709156036376953125">
        <ele>2.599999904632568359375</ele>
        <time>2024-09-02T13:29:08.000Z</time>
        <extensions>
          <ns3:TrackPointExtension>
            <ns3:cad>87</ns3:cad>
          </ns3:TrackPointExtension>
        </extensions>
      </trkpt>
      <trkpt lat="30.41655675508081912994384765625" lon="120.26184685528278350830078125">
        <ele>2.599999904632568359375</ele>
        <time>2024-09-02T13:29:09.000Z</time>
        <extensions>
          <ns3:TrackPointExtension>
            <ns3:cad>87</ns3:cad>
          </ns3:TrackPointExtension>
        </extensions>
      </trkpt>
      <trkpt lat="30.4165385663509368896484375" lon="120.26186420582234859466552734375">
        <ele>2.599999904632568359375</ele>
        <time>2024-09-02T13:29:10.000Z</time>
        <extensions>
          <ns3:TrackPointExtension>
            <ns3:cad>87</ns3:cad>
          </ns3:TrackPointExtension>
        </extensions>
      </trkpt>
      <trkpt lat="30.41652180254459381103515625" lon="120.26187661103904247283935546875">
        <ele>2.7999999523162841796875</ele>
        <time>2024-09-02T13:29:11.000Z</time>
        <extensions>
          <ns3:TrackPointExtension>
            <ns3:cad>87</ns3:cad>
          </ns3:TrackPointExtension>
        </extensions>
      </trkpt>
      <trkpt lat="30.4165035299956798553466796875" lon="120.26189379394054412841796875">
        <ele>3.2000000476837158203125</ele>
        <time>2024-09-02T13:29:12.000Z</time>
        <extensions>
          <ns3:TrackPointExtension>
            <ns3:cad>87</ns3:cad>
          </ns3:TrackPointExtension>
        </extensions>
      </trkpt>
      <trkpt lat="30.41648148559033870697021484375" lon="120.26190988719463348388671875">
        <ele>3.400000095367431640625</ele>
        <time>2024-09-02T13:29:13.000Z</time>
        <extensions>
          <ns3:TrackPointExtension>
            <ns3:cad>88</ns3:cad>
          </ns3:TrackPointExtension>
        </extensions>
      </trkpt>
      <trkpt lat="30.41646539233624935150146484375" lon="120.26191793382167816162109375">
        <ele>3.599999904632568359375</ele>
        <time>2024-09-02T13:29:14.000Z</time>
        <extensions>
          <ns3:TrackPointExtension>
            <ns3:cad>88</ns3:cad>
          </ns3:TrackPointExtension>
        </extensions>
      </trkpt>
      <trkpt lat="30.41644695214927196502685546875" lon="120.26193042285740375518798828125">
        <ele>3.7999999523162841796875</ele>
        <time>2024-09-02T13:29:15.000Z</time>
        <extensions>
          <ns3:TrackPointExtension>
            <ns3:cad>87</ns3:cad>
          </ns3:TrackPointExtension>
        </extensions>
      </trkpt>
      <trkpt lat="30.416429936885833740234375" lon="120.26194601319730281829833984375">
        <ele>4</ele>
        <time>2024-09-02T13:29:16.000Z</time>
        <extensions>
          <ns3:TrackPointExtension>
            <ns3:cad>86</ns3:cad>
          </ns3:TrackPointExtension>
        </extensions>
      </trkpt>
      <trkpt lat="30.4164119996130466461181640625" lon="120.2619596756994724273681640625">
        <ele>4.19999980926513671875</ele>
        <time>2024-09-02T13:29:17.000Z</time>
        <extensions>
          <ns3:TrackPointExtension>
            <ns3:cad>86</ns3:cad>
          </ns3:TrackPointExtension>
        </extensions>
      </trkpt>
      <trkpt lat="30.41639615781605243682861328125" lon="120.26197467930614948272705078125">
        <ele>4.19999980926513671875</ele>
        <time>2024-09-02T13:29:18.000Z</time>
        <extensions>
          <ns3:TrackPointExtension>
            <ns3:cad>86</ns3:cad>
          </ns3:TrackPointExtension>
        </extensions>
      </trkpt>
      <trkpt lat="30.416380651295185089111328125" lon="120.26199680753052234649658203125">
        <ele>4.400000095367431640625</ele>
        <time>2024-09-02T13:29:19.000Z</time>
        <extensions>
          <ns3:TrackPointExtension>
            <ns3:cad>87</ns3:cad>
          </ns3:TrackPointExtension>
        </extensions>
      </trkpt>
      <trkpt lat="30.41635860688984394073486328125" lon="120.26202111504971981048583984375">
        <ele>4.599999904632568359375</ele>
        <time>2024-09-02T13:29:20.000Z</time>
        <extensions>
          <ns3:TrackPointExtension>
            <ns3:cad>87</ns3:cad>
          </ns3:TrackPointExtension>
        </extensions>
      </trkpt>
      <trkpt lat="30.41634469293057918548583984375" lon="120.26203930377960205078125">
        <ele>4.599999904632568359375</ele>
        <time>2024-09-02T13:29:21.000Z</time>
        <extensions>
          <ns3:TrackPointExtension>
            <ns3:cad>86</ns3:cad>
          </ns3:TrackPointExtension>
        </extensions>
      </trkpt>
      <trkpt lat="30.41632725857198238372802734375" lon="120.26205598376691341400146484375">
        <ele>4.80000019073486328125</ele>
        <time>2024-09-02T13:29:22.000Z</time>
        <extensions>
          <ns3:TrackPointExtension>
            <ns3:cad>86</ns3:cad>
          </ns3:TrackPointExtension>
        </extensions>
      </trkpt>
      <trkpt lat="30.41630856692790985107421875" lon="120.26207174174487590789794921875">
        <ele>5</ele>
        <time>2024-09-02T13:29:23.000Z</time>
        <extensions>
          <ns3:TrackPointExtension>
            <ns3:cad>86</ns3:cad>
          </ns3:TrackPointExtension>
        </extensions>
      </trkpt>
      <trkpt lat="30.41629113256931304931640625" lon="120.26208833791315555572509765625">
        <ele>5.19999980926513671875</ele>
        <time>2024-09-02T13:29:24.000Z</time>
        <extensions>
          <ns3:TrackPointExtension>
            <ns3:cad>87</ns3:cad>
          </ns3:TrackPointExtension>
        </extensions>
      </trkpt>
      <trkpt lat="30.41627235710620880126953125" lon="120.26210493408143520355224609375">
        <ele>5.19999980926513671875</ele>
        <time>2024-09-02T13:29:25.000Z</time>
        <extensions>
          <ns3:TrackPointExtension>
            <ns3:cad>87</ns3:cad>
          </ns3:TrackPointExtension>
        </extensions>
      </trkpt>
      <trkpt lat="30.41625148616731166839599609375" lon="120.26212354190647602081298828125">
        <ele>5.400000095367431640625</ele>
        <time>2024-09-02T13:29:26.000Z</time>
        <extensions>
          <ns3:TrackPointExtension>
            <ns3:cad>87</ns3:cad>
          </ns3:TrackPointExtension>
        </extensions>
      </trkpt>
      <trkpt lat="30.4162379913032054901123046875" lon="120.26213527657091617584228515625">
        <ele>5.400000095367431640625</ele>
        <time>2024-09-02T13:29:27.000Z</time>
        <extensions>
          <ns3:TrackPointExtension>
            <ns3:cad>87</ns3:cad>
          </ns3:TrackPointExtension>
        </extensions>
      </trkpt>
      <trkpt lat="30.41622064076364040374755859375" lon="120.26214768178761005401611328125">
        <ele>5.599999904632568359375</ele>
        <time>2024-09-02T13:29:28.000Z</time>
        <extensions>
          <ns3:TrackPointExtension>
            <ns3:cad>87</ns3:cad>
          </ns3:TrackPointExtension>
        </extensions>
      </trkpt>
      <trkpt lat="30.41620203293859958648681640625" lon="120.26216075755655765533447265625">
        <ele>5.80000019073486328125</ele>
        <time>2024-09-02T13:29:29.000Z</time>
        <extensions>
          <ns3:TrackPointExtension>
            <ns3:cad>87</ns3:cad>
          </ns3:TrackPointExtension>
        </extensions>
      </trkpt>
      <trkpt lat="30.4161843471229076385498046875" lon="120.2621779404580593109130859375">
        <ele>6</ele>
        <time>2024-09-02T13:29:30.000Z</time>
        <extensions>
          <ns3:TrackPointExtension>
            <ns3:cad>87</ns3:cad>
          </ns3:TrackPointExtension>
        </extensions>
      </trkpt>
      <trkpt lat="30.41616481728851795196533203125" lon="120.26219730265438556671142578125">
        <ele>6.19999980926513671875</ele>
        <time>2024-09-02T13:29:31.000Z</time>
        <extensions>
          <ns3:TrackPointExtension>
            <ns3:cad>87</ns3:cad>
          </ns3:TrackPointExtension>
        </extensions>
      </trkpt>
      <trkpt lat="30.41614319197833538055419921875" lon="120.2622176706790924072265625">
        <ele>6.599999904632568359375</ele>
        <time>2024-09-02T13:29:32.000Z</time>
        <extensions>
          <ns3:TrackPointExtension>
            <ns3:cad>88</ns3:cad>
          </ns3:TrackPointExtension>
        </extensions>
      </trkpt>
      <trkpt lat="30.41612542234361171722412109375" lon="120.262235440313816070556640625">
        <ele>6.599999904632568359375</ele>
        <time>2024-09-02T13:29:33.000Z</time>
        <extensions>
          <ns3:TrackPointExtension>
            <ns3:cad>88</ns3:cad>
          </ns3:TrackPointExtension>
        </extensions>
      </trkpt>
      <trkpt lat="30.4161115922033786773681640625" lon="120.26225094683468341827392578125">
        <ele>6.599999904632568359375</ele>
        <time>2024-09-02T13:29:34.000Z</time>
        <extensions>
          <ns3:TrackPointExtension>
            <ns3:cad>88</ns3:cad>
          </ns3:TrackPointExtension>
        </extensions>
      </trkpt>
      <trkpt lat="30.4160941578447818756103515625" lon="120.262268297374248504638671875">
        <ele>6.599999904632568359375</ele>
        <time>2024-09-02T13:29:35.000Z</time>
        <extensions>
          <ns3:TrackPointExtension>
            <ns3:cad>88</ns3:cad>
          </ns3:TrackPointExtension>
        </extensions>
      </trkpt>
      <trkpt lat="30.4160737060010433197021484375" lon="120.26228430680930614471435546875">
        <ele>6.599999904632568359375</ele>
        <time>2024-09-02T13:29:36.000Z</time>
        <extensions>
          <ns3:TrackPointExtension>
            <ns3:cad>88</ns3:cad>
          </ns3:TrackPointExtension>
        </extensions>
      </trkpt>
      <trkpt lat="30.41605509817600250244140625" lon="120.26230157352983951568603515625">
        <ele>6.599999904632568359375</ele>
        <time>2024-09-02T13:29:37.000Z</time>
        <extensions>
          <ns3:TrackPointExtension>
            <ns3:cad>88</ns3:cad>
          </ns3:TrackPointExtension>
        </extensions>
      </trkpt>
      <trkpt lat="30.41603808291256427764892578125" lon="120.26231716386973857879638671875">
        <ele>6.599999904632568359375</ele>
        <time>2024-09-02T13:29:38.000Z</time>
        <extensions>
          <ns3:TrackPointExtension>
            <ns3:cad>88</ns3:cad>
          </ns3:TrackPointExtension>
        </extensions>
      </trkpt>
      <trkpt lat="30.4160210676491260528564453125" lon="120.26233275420963764190673828125">
        <ele>6.599999904632568359375</ele>
        <time>2024-09-02T13:29:39.000Z</time>
        <extensions>
          <ns3:TrackPointExtension>
            <ns3:cad>88</ns3:cad>
          </ns3:TrackPointExtension>
        </extensions>
      </trkpt>
      <trkpt lat="30.41600338183343410491943359375" lon="120.262347422540187835693359375">
        <ele>6.80000019073486328125</ele>
        <time>2024-09-02T13:29:40.000Z</time>
        <extensions>
          <ns3:TrackPointExtension>
            <ns3:cad>88</ns3:cad>
          </ns3:TrackPointExtension>
        </extensions>
      </trkpt>
      <trkpt lat="30.41598879732191562652587890625" lon="120.26236108504235744476318359375">
        <ele>6.80000019073486328125</ele>
        <time>2024-09-02T13:29:41.000Z</time>
        <extensions>
          <ns3:TrackPointExtension>
            <ns3:cad>88</ns3:cad>
          </ns3:TrackPointExtension>
        </extensions>
      </trkpt>
      <trkpt lat="30.41597505100071430206298828125" lon="120.262370891869068145751953125">
        <ele>6.80000019073486328125</ele>
        <time>2024-09-02T13:29:42.000Z</time>
        <extensions>
          <ns3:TrackPointExtension>
            <ns3:cad>88</ns3:cad>
          </ns3:TrackPointExtension>
        </extensions>
      </trkpt>
      <trkpt lat="30.41596163995563983917236328125" lon="120.262378267943859100341796875">
        <ele>6.80000019073486328125</ele>
        <time>2024-09-02T13:29:43.000Z</time>
        <extensions>
          <ns3:TrackPointExtension>
            <ns3:cad>88</ns3:cad>
          </ns3:TrackPointExtension>
        </extensions>
      </trkpt>
      <trkpt lat="30.41594537906348705291748046875" lon="120.262382961809635162353515625">
        <ele>6.80000019073486328125</ele>
        <time>2024-09-02T13:29:44.000Z</time>
        <extensions>
          <ns3:TrackPointExtension>
            <ns3:cad>88</ns3:cad>
          </ns3:TrackPointExtension>
        </extensions>
      </trkpt>
      <trkpt lat="30.415932051837444305419921875" lon="120.26239109225571155548095703125">
        <ele>6.80000019073486328125</ele>
        <time>2024-09-02T13:29:45.000Z</time>
        <extensions>
          <ns3:TrackPointExtension>
            <ns3:cad>85</ns3:cad>
          </ns3:TrackPointExtension>
        </extensions>
      </trkpt>
      <trkpt lat="30.41591889224946498870849609375" lon="120.26240207254886627197265625">
        <ele>7</ele>
        <time>2024-09-02T13:29:46.000Z</time>
        <extensions>
          <ns3:TrackPointExtension>
            <ns3:cad>0</ns3:cad>
          </ns3:TrackPointExtension>
        </extensions>
      </trkpt>
      <trkpt lat="30.41590481065213680267333984375" lon="120.2624116279184818267822265625">
        <ele>7</ele>
        <time>2024-09-02T13:29:47.000Z</time>
        <extensions>
          <ns3:TrackPointExtension>
            <ns3:cad>0</ns3:cad>
          </ns3:TrackPointExtension>
        </extensions>
      </trkpt>
      <trkpt lat="30.4158909805119037628173828125" lon="120.26242160238325595855712890625">
        <ele>7</ele>
        <time>2024-09-02T13:29:48.000Z</time>
        <extensions>
          <ns3:TrackPointExtension>
            <ns3:cad>66</ns3:cad>
          </ns3:TrackPointExtension>
        </extensions>
      </trkpt>
      <trkpt lat="30.4158785752952098846435546875" lon="120.26242864318192005157470703125">
        <ele>7</ele>
        <time>2024-09-02T13:29:49.000Z</time>
        <extensions>
          <ns3:TrackPointExtension>
            <ns3:cad>66</ns3:cad>
          </ns3:TrackPointExtension>
        </extensions>
      </trkpt>
      <trkpt lat="30.4158681817352771759033203125" lon="120.26243828237056732177734375">
        <ele>7</ele>
        <time>2024-09-02T13:29:50.000Z</time>
        <extensions>
          <ns3:TrackPointExtension>
            <ns3:cad>65</ns3:cad>
          </ns3:TrackPointExtension>
        </extensions>
      </trkpt>
      <trkpt lat="30.4158574528992176055908203125" lon="120.26244423352181911468505859375">
        <ele>7</ele>
        <time>2024-09-02T13:29:51.000Z</time>
        <extensions>
          <ns3:TrackPointExtension>
            <ns3:cad>65</ns3:cad>
          </ns3:TrackPointExtension>
        </extensions>
      </trkpt>
      <trkpt lat="30.41584881953895092010498046875" lon="120.2624501846730709075927734375">
        <ele>7</ele>
        <time>2024-09-02T13:29:52.000Z</time>
        <extensions>
          <ns3:TrackPointExtension>
            <ns3:cad>65</ns3:cad>
          </ns3:TrackPointExtension>
        </extensions>
      </trkpt>
      <trkpt lat="30.41583792306482791900634765625" lon="120.26245663873851299285888671875">
        <ele>7</ele>
        <time>2024-09-02T13:29:53.000Z</time>
        <extensions>
          <ns3:TrackPointExtension>
            <ns3:cad>66</ns3:cad>
          </ns3:TrackPointExtension>
        </extensions>
      </trkpt>
      <trkpt lat="30.41582736186683177947998046875" lon="120.2624679543077945709228515625">
        <ele>7</ele>
        <time>2024-09-02T13:29:54.000Z</time>
        <extensions>
          <ns3:TrackPointExtension>
            <ns3:cad>66</ns3:cad>
          </ns3:TrackPointExtension>
        </extensions>
      </trkpt>
      <trkpt lat="30.41581663303077220916748046875" lon="120.26248279027640819549560546875">
        <ele>7.19999980926513671875</ele>
        <time>2024-09-02T13:29:55.000Z</time>
        <extensions>
          <ns3:TrackPointExtension>
            <ns3:cad>66</ns3:cad>
          </ns3:TrackPointExtension>
        </extensions>
      </trkpt>
      <trkpt lat="30.41580699384212493896484375" lon="120.2625031583011150360107421875">
        <ele>7.19999980926513671875</ele>
        <time>2024-09-02T13:29:56.000Z</time>
        <extensions>
          <ns3:TrackPointExtension>
            <ns3:cad>66</ns3:cad>
          </ns3:TrackPointExtension>
        </extensions>
      </trkpt>
      <trkpt lat="30.41579484008252620697021484375" lon="120.26252687908709049224853515625">
        <ele>7.400000095367431640625</ele>
        <time>2024-09-02T13:29:57.000Z</time>
        <extensions>
          <ns3:TrackPointExtension>
            <ns3:cad>66</ns3:cad>
          </ns3:TrackPointExtension>
        </extensions>
      </trkpt>
      <trkpt lat="30.41578444652259349822998046875" lon="120.26255034841597080230712890625">
        <ele>7.599999904632568359375</ele>
        <time>2024-09-02T13:29:58.000Z</time>
        <extensions>
          <ns3:TrackPointExtension>
            <ns3:cad>66</ns3:cad>
          </ns3:TrackPointExtension>
        </extensions>
      </trkpt>
      <trkpt lat="30.41577556170523166656494140625" lon="120.26257432065904140472412109375">
        <ele>7.599999904632568359375</ele>
        <time>2024-09-02T13:29:59.000Z</time>
        <extensions>
          <ns3:TrackPointExtension>
            <ns3:cad>83</ns3:cad>
          </ns3:TrackPointExtension>
        </extensions>
      </trkpt>
      <trkpt lat="30.4157687723636627197265625" lon="120.2626017294824123382568359375">
        <ele>7.80000019073486328125</ele>
        <time>2024-09-02T13:30:00.000Z</time>
        <extensions>
          <ns3:TrackPointExtension>
            <ns3:cad>85</ns3:cad>
          </ns3:TrackPointExtension>
        </extensions>
      </trkpt>
      <trkpt lat="30.41576407849788665771484375" lon="120.2626268751919269561767578125">
        <ele>7.80000019073486328125</ele>
        <time>2024-09-02T13:30:01.000Z</time>
        <extensions>
          <ns3:TrackPointExtension>
            <ns3:cad>86</ns3:cad>
          </ns3:TrackPointExtension>
        </extensions>
      </trkpt>
      <trkpt lat="30.4157608933746814727783203125" lon="120.26265285909175872802734375">
        <ele>8</ele>
        <time>2024-09-02T13:30:02.000Z</time>
        <extensions>
          <ns3:TrackPointExtension>
            <ns3:cad>86</ns3:cad>
          </ns3:TrackPointExtension>
        </extensions>
      </trkpt>
      <trkpt lat="30.4157580435276031494140625" lon="120.262675993144512176513671875">
        <ele>8</ele>
        <time>2024-09-02T13:30:03.000Z</time>
        <extensions>
          <ns3:TrackPointExtension>
            <ns3:cad>86</ns3:cad>
          </ns3:TrackPointExtension>
        </extensions>
      </trkpt>
      <trkpt lat="30.415764749050140380859375" lon="120.2626996301114559173583984375">
        <ele>8</ele>
        <time>2024-09-02T13:30:04.000Z</time>
        <extensions>
          <ns3:TrackPointExtension>
            <ns3:cad>86</ns3:cad>
          </ns3:TrackPointExtension>
        </extensions>
      </trkpt>
      <trkpt lat="30.41577572934329509735107421875" lon="120.262722931802272796630859375">
        <ele>8</ele>
        <time>2024-09-02T13:30:05.000Z</time>
        <extensions>
          <ns3:TrackPointExtension>
            <ns3:cad>86</ns3:cad>
          </ns3:TrackPointExtension>
        </extensions>
      </trkpt>
      <trkpt lat="30.41578930802643299102783203125" lon="120.2627479098737239837646484375">
        <ele>7.80000019073486328125</ele>
        <time>2024-09-02T13:30:06.000Z</time>
        <extensions>
          <ns3:TrackPointExtension>
            <ns3:cad>88</ns3:cad>
          </ns3:TrackPointExtension>
        </extensions>
      </trkpt>
      <trkpt lat="30.4158038087189197540283203125" lon="120.2627680264413356781005859375">
        <ele>7.80000019073486328125</ele>
        <time>2024-09-02T13:30:07.000Z</time>
        <extensions>
          <ns3:TrackPointExtension>
            <ns3:cad>88</ns3:cad>
          </ns3:TrackPointExtension>
        </extensions>
      </trkpt>
      <trkpt lat="30.4158199019730091094970703125" lon="120.26278973557054996490478515625">
        <ele>7.599999904632568359375</ele>
        <time>2024-09-02T13:30:08.000Z</time>
        <extensions>
          <ns3:TrackPointExtension>
            <ns3:cad>87</ns3:cad>
          </ns3:TrackPointExtension>
        </extensions>
      </trkpt>
      <trkpt lat="30.41583758778870105743408203125" lon="120.26281001977622509002685546875">
        <ele>7.400000095367431640625</ele>
        <time>2024-09-02T13:30:09.000Z</time>
        <extensions>
          <ns3:TrackPointExtension>
            <ns3:cad>87</ns3:cad>
          </ns3:TrackPointExtension>
        </extensions>
      </trkpt>
      <trkpt lat="30.41585401631891727447509765625" lon="120.2628287114202976226806640625">
        <ele>7.400000095367431640625</ele>
        <time>2024-09-02T13:30:10.000Z</time>
        <extensions>
          <ns3:TrackPointExtension>
            <ns3:cad>88</ns3:cad>
          </ns3:TrackPointExtension>
        </extensions>
      </trkpt>
      <trkpt lat="30.4158728756010532379150390625" lon="120.26284522376954555511474609375">
        <ele>7.19999980926513671875</ele>
        <time>2024-09-02T13:30:11.000Z</time>
        <extensions>
          <ns3:TrackPointExtension>
            <ns3:cad>88</ns3:cad>
          </ns3:TrackPointExtension>
        </extensions>
      </trkpt>
      <trkpt lat="30.41589475236833095550537109375" lon="120.2628560364246368408203125">
        <ele>7</ele>
        <time>2024-09-02T13:30:12.000Z</time>
        <extensions>
          <ns3:TrackPointExtension>
            <ns3:cad>88</ns3:cad>
          </ns3:TrackPointExtension>
        </extensions>
      </trkpt>
      <trkpt lat="30.41591604240238666534423828125" lon="120.2628749795258045196533203125">
        <ele>7</ele>
        <time>2024-09-02T13:30:13.000Z</time>
        <extensions>
          <ns3:TrackPointExtension>
            <ns3:cad>88</ns3:cad>
          </ns3:TrackPointExtension>
        </extensions>
      </trkpt>
      <trkpt lat="30.415938757359981536865234375" lon="120.26288746856153011322021484375">
        <ele>6.80000019073486328125</ele>
        <time>2024-09-02T13:30:14.000Z</time>
        <extensions>
          <ns3:TrackPointExtension>
            <ns3:cad>88</ns3:cad>
          </ns3:TrackPointExtension>
        </extensions>
      </trkpt>
      <trkpt lat="30.41596214286983013153076171875" lon="120.26289434172213077545166015625">
        <ele>6.599999904632568359375</ele>
        <time>2024-09-02T13:30:15.000Z</time>
        <extensions>
          <ns3:TrackPointExtension>
            <ns3:cad>88</ns3:cad>
          </ns3:TrackPointExtension>
        </extensions>
      </trkpt>
      <trkpt lat="30.4159835167229175567626953125" lon="120.26289685629308223724365234375">
        <ele>6.599999904632568359375</ele>
        <time>2024-09-02T13:30:16.000Z</time>
        <extensions>
          <ns3:TrackPointExtension>
            <ns3:cad>88</ns3:cad>
          </ns3:TrackPointExtension>
        </extensions>
      </trkpt>
      <trkpt lat="30.41600254364311695098876953125" lon="120.26289962232112884521484375">
        <ele>6.599999904632568359375</ele>
        <time>2024-09-02T13:30:17.000Z</time>
        <extensions>
          <ns3:TrackPointExtension>
            <ns3:cad>89</ns3:cad>
          </ns3:TrackPointExtension>
        </extensions>
      </trkpt>
      <trkpt lat="30.416016541421413421630859375" lon="120.262900292873382568359375">
        <ele>6.400000095367431640625</ele>
        <time>2024-09-02T13:30:18.000Z</time>
        <extensions>
          <ns3:TrackPointExtension>
            <ns3:cad>89</ns3:cad>
          </ns3:TrackPointExtension>
        </extensions>
      </trkpt>
      <trkpt lat="30.416030623018741607666015625" lon="120.26290020905435085296630859375">
        <ele>6.400000095367431640625</ele>
        <time>2024-09-02T13:30:19.000Z</time>
        <extensions>
          <ns3:TrackPointExtension>
            <ns3:cad>87</ns3:cad>
          </ns3:TrackPointExtension>
        </extensions>
      </trkpt>
      <trkpt lat="30.41604378260672092437744140625" lon="120.2629051543772220611572265625">
        <ele>6.400000095367431640625</ele>
        <time>2024-09-02T13:30:20.000Z</time>
        <extensions>
          <ns3:TrackPointExtension>
            <ns3:cad>40</ns3:cad>
          </ns3:TrackPointExtension>
        </extensions>
      </trkpt>
      <trkpt lat="30.416058786213397979736328125" lon="120.26290842331945896148681640625">
        <ele>6.19999980926513671875</ele>
        <time>2024-09-02T13:30:21.000Z</time>
        <extensions>
          <ns3:TrackPointExtension>
            <ns3:cad>0</ns3:cad>
          </ns3:TrackPointExtension>
        </extensions>
      </trkpt>
      <trkpt lat="30.4160737060010433197021484375" lon="120.262910015881061553955078125">
        <ele>6.19999980926513671875</ele>
        <time>2024-09-02T13:30:22.000Z</time>
        <extensions>
          <ns3:TrackPointExtension>
            <ns3:cad>0</ns3:cad>
          </ns3:TrackPointExtension>
        </extensions>
      </trkpt>
      <trkpt lat="30.41608585976064205169677734375" lon="120.26291579939424991607666015625">
        <ele>6.19999980926513671875</ele>
        <time>2024-09-02T13:30:23.000Z</time>
        <extensions>
          <ns3:TrackPointExtension>
            <ns3:cad>0</ns3:cad>
          </ns3:TrackPointExtension>
        </extensions>
      </trkpt>
      <trkpt lat="30.41609776206314563751220703125" lon="120.26292652823030948638916015625">
        <ele>6.19999980926513671875</ele>
        <time>2024-09-02T13:30:24.000Z</time>
        <extensions>
          <ns3:TrackPointExtension>
            <ns3:cad>0</ns3:cad>
          </ns3:TrackPointExtension>
        </extensions>
      </trkpt>
      <trkpt lat="30.4161079041659832000732421875" lon="120.2629349939525127410888671875">
        <ele>6.19999980926513671875</ele>
        <time>2024-09-02T13:30:25.000Z</time>
        <extensions>
          <ns3:TrackPointExtension>
            <ns3:cad>0</ns3:cad>
          </ns3:TrackPointExtension>
        </extensions>
      </trkpt>
      <trkpt lat="30.41612056083977222442626953125" lon="120.26294379495084285736083984375">
        <ele>6.19999980926513671875</ele>
        <time>2024-09-02T13:30:26.000Z</time>
        <extensions>
          <ns3:TrackPointExtension>
            <ns3:cad>0</ns3:cad>
          </ns3:TrackPointExtension>
        </extensions>
      </trkpt>
      <trkpt lat="30.4161347262561321258544921875" lon="120.26295184157788753509521484375">
        <ele>6</ele>
        <time>2024-09-02T13:30:27.000Z</time>
        <extensions>
          <ns3:TrackPointExtension>
            <ns3:cad>0</ns3:cad>
          </ns3:TrackPointExtension>
        </extensions>
      </trkpt>
      <trkpt lat="30.41614822112023830413818359375" lon="120.2629618160426616668701171875">
        <ele>6</ele>
        <time>2024-09-02T13:30:28.000Z</time>
        <extensions>
          <ns3:TrackPointExtension>
            <ns3:cad>65</ns3:cad>
          </ns3:TrackPointExtension>
        </extensions>
      </trkpt>
      <trkpt lat="30.41616238653659820556640625" lon="120.2629740536212921142578125">
        <ele>6</ele>
        <time>2024-09-02T13:30:29.000Z</time>
        <extensions>
          <ns3:TrackPointExtension>
            <ns3:cad>66</ns3:cad>
          </ns3:TrackPointExtension>
        </extensions>
      </trkpt>
      <trkpt lat="30.41617621667683124542236328125" lon="120.26298218406736850738525390625">
        <ele>6</ele>
        <time>2024-09-02T13:30:30.000Z</time>
        <extensions>
          <ns3:TrackPointExtension>
            <ns3:cad>66</ns3:cad>
          </ns3:TrackPointExtension>
        </extensions>
      </trkpt>
      <trkpt lat="30.416189543902873992919921875" lon="120.2629893086850643157958984375">
        <ele>6</ele>
        <time>2024-09-02T13:30:31.000Z</time>
        <extensions>
          <ns3:TrackPointExtension>
            <ns3:cad>66</ns3:cad>
          </ns3:TrackPointExtension>
        </extensions>
      </trkpt>
      <trkpt lat="30.416203625500202178955078125" lon="120.2629929967224597930908203125">
        <ele>6</ele>
        <time>2024-09-02T13:30:32.000Z</time>
        <extensions>
          <ns3:TrackPointExtension>
            <ns3:cad>65</ns3:cad>
          </ns3:TrackPointExtension>
        </extensions>
      </trkpt>
      <trkpt lat="30.4162185452878475189208984375" lon="120.262995846569538116455078125">
        <ele>6</ele>
        <time>2024-09-02T13:30:33.000Z</time>
        <extensions>
          <ns3:TrackPointExtension>
            <ns3:cad>65</ns3:cad>
          </ns3:TrackPointExtension>
        </extensions>
      </trkpt>
      <trkpt lat="30.4162312857806682586669921875" lon="120.2630003727972507476806640625">
        <ele>6</ele>
        <time>2024-09-02T13:30:34.000Z</time>
        <extensions>
          <ns3:TrackPointExtension>
            <ns3:cad>66</ns3:cad>
          </ns3:TrackPointExtension>
        </extensions>
      </trkpt>
      <trkpt lat="30.416242182254791259765625" lon="120.2630089223384857177734375">
        <ele>6.19999980926513671875</ele>
        <time>2024-09-02T13:30:35.000Z</time>
        <extensions>
          <ns3:TrackPointExtension>
            <ns3:cad>66</ns3:cad>
          </ns3:TrackPointExtension>
        </extensions>
      </trkpt>
      <trkpt lat="30.41625618003308773040771484375" lon="120.26302124373614788055419921875">
        <ele>6.19999980926513671875</ele>
        <time>2024-09-02T13:30:36.000Z</time>
        <extensions>
          <ns3:TrackPointExtension>
            <ns3:cad>67</ns3:cad>
          </ns3:TrackPointExtension>
        </extensions>
      </trkpt>
      <trkpt lat="30.416273362934589385986328125" lon="120.26303716935217380523681640625">
        <ele>6.19999980926513671875</ele>
        <time>2024-09-02T13:30:37.000Z</time>
        <extensions>
          <ns3:TrackPointExtension>
            <ns3:cad>67</ns3:cad>
          </ns3:TrackPointExtension>
        </extensions>
      </trkpt>
      <trkpt lat="30.41628786362707614898681640625" lon="120.26305510662496089935302734375">
        <ele>6.19999980926513671875</ele>
        <time>2024-09-02T13:30:38.000Z</time>
        <extensions>
          <ns3:TrackPointExtension>
            <ns3:cad>67</ns3:cad>
          </ns3:TrackPointExtension>
        </extensions>
      </trkpt>
      <trkpt lat="30.416301526129245758056640625" lon="120.2630737982690334320068359375">
        <ele>6.400000095367431640625</ele>
        <time>2024-09-02T13:30:39.000Z</time>
        <extensions>
          <ns3:TrackPointExtension>
            <ns3:cad>67</ns3:cad>
          </ns3:TrackPointExtension>
        </extensions>
      </trkpt>
      <trkpt lat="30.4163147695362567901611328125" lon="120.2630892209708690643310546875">
        <ele>6.400000095367431640625</ele>
        <time>2024-09-02T13:30:40.000Z</time>
        <extensions>
          <ns3:TrackPointExtension>
            <ns3:cad>79</ns3:cad>
          </ns3:TrackPointExtension>
        </extensions>
      </trkpt>
      <trkpt lat="30.4163305275142192840576171875" lon="120.26310740970075130462646484375">
        <ele>6.400000095367431640625</ele>
        <time>2024-09-02T13:30:41.000Z</time>
        <extensions>
          <ns3:TrackPointExtension>
            <ns3:cad>83</ns3:cad>
          </ns3:TrackPointExtension>
        </extensions>
      </trkpt>
      <trkpt lat="30.41634921915829181671142578125" lon="120.26311964727938175201416015625">
        <ele>6.599999904632568359375</ele>
        <time>2024-09-02T13:30:42.000Z</time>
        <extensions>
          <ns3:TrackPointExtension>
            <ns3:cad>83</ns3:cad>
          </ns3:TrackPointExtension>
        </extensions>
      </trkpt>
      <trkpt lat="30.41636623442173004150390625" lon="120.2631334774196147918701171875">
        <ele>6.400000095367431640625</ele>
        <time>2024-09-02T13:30:43.000Z</time>
        <extensions>
          <ns3:TrackPointExtension>
            <ns3:cad>82</ns3:cad>
          </ns3:TrackPointExtension>
        </extensions>
      </trkpt>
      <trkpt lat="30.41638257913291454315185546875" lon="120.26315015740692615509033203125">
        <ele>6.400000095367431640625</ele>
        <time>2024-09-02T13:30:44.000Z</time>
        <extensions>
          <ns3:TrackPointExtension>
            <ns3:cad>82</ns3:cad>
          </ns3:TrackPointExtension>
        </extensions>
      </trkpt>
      <trkpt lat="30.4164017736911773681640625" lon="120.26317228563129901885986328125">
        <ele>6.400000095367431640625</ele>
        <time>2024-09-02T13:30:45.000Z</time>
        <extensions>
          <ns3:TrackPointExtension>
            <ns3:cad>82</ns3:cad>
          </ns3:TrackPointExtension>
        </extensions>
      </trkpt>
      <trkpt lat="30.41641644202172756195068359375" lon="120.26318569667637348175048828125">
        <ele>6.19999980926513671875</ele>
        <time>2024-09-02T13:30:46.000Z</time>
        <extensions>
          <ns3:TrackPointExtension>
            <ns3:cad>84</ns3:cad>
          </ns3:TrackPointExtension>
        </extensions>
      </trkpt>
      <trkpt lat="30.41643337346613407135009765625" lon="120.2631965093314647674560546875">
        <ele>6.19999980926513671875</ele>
        <time>2024-09-02T13:30:47.000Z</time>
        <extensions>
          <ns3:TrackPointExtension>
            <ns3:cad>86</ns3:cad>
          </ns3:TrackPointExtension>
        </extensions>
      </trkpt>
      <trkpt lat="30.41645315475761890411376953125" lon="120.2632085792720317840576171875">
        <ele>6</ele>
        <time>2024-09-02T13:30:48.000Z</time>
        <extensions>
          <ns3:TrackPointExtension>
            <ns3:cad>87</ns3:cad>
          </ns3:TrackPointExtension>
        </extensions>
      </trkpt>
      <trkpt lat="30.41647762991487979888916015625" lon="120.26321880519390106201171875">
        <ele>6</ele>
        <time>2024-09-02T13:30:49.000Z</time>
        <extensions>
          <ns3:TrackPointExtension>
            <ns3:cad>87</ns3:cad>
          </ns3:TrackPointExtension>
        </extensions>
      </trkpt>
      <trkpt lat="30.4164941422641277313232421875" lon="120.26323531754314899444580078125">
        <ele>5.80000019073486328125</ele>
        <time>2024-09-02T13:30:50.000Z</time>
        <extensions>
          <ns3:TrackPointExtension>
            <ns3:cad>87</ns3:cad>
          </ns3:TrackPointExtension>
        </extensions>
      </trkpt>
      <trkpt lat="30.41650931350886821746826171875" lon="120.2632494829595088958740234375">
        <ele>5.80000019073486328125</ele>
        <time>2024-09-02T13:30:51.000Z</time>
        <extensions>
          <ns3:TrackPointExtension>
            <ns3:cad>87</ns3:cad>
          </ns3:TrackPointExtension>
        </extensions>
      </trkpt>
      <trkpt lat="30.4165253229439258575439453125" lon="120.26326398365199565887451171875">
        <ele>5.80000019073486328125</ele>
        <time>2024-09-02T13:30:52.000Z</time>
        <extensions>
          <ns3:TrackPointExtension>
            <ns3:cad>87</ns3:cad>
          </ns3:TrackPointExtension>
        </extensions>
      </trkpt>
      <trkpt lat="30.41654300875961780548095703125" lon="120.2632796578109264373779296875">
        <ele>5.80000019073486328125</ele>
        <time>2024-09-02T13:30:53.000Z</time>
        <extensions>
          <ns3:TrackPointExtension>
            <ns3:cad>86</ns3:cad>
          </ns3:TrackPointExtension>
        </extensions>
      </trkpt>
      <trkpt lat="30.41655826382339000701904296875" lon="120.263297259807586669921875">
        <ele>5.80000019073486328125</ele>
        <time>2024-09-02T13:30:54.000Z</time>
        <extensions>
          <ns3:TrackPointExtension>
            <ns3:cad>85</ns3:cad>
          </ns3:TrackPointExtension>
        </extensions>
      </trkpt>
      <trkpt lat="30.4165742732584476470947265625" lon="120.26331813074648380279541015625">
        <ele>5.80000019073486328125</ele>
        <time>2024-09-02T13:30:55.000Z</time>
        <extensions>
          <ns3:TrackPointExtension>
            <ns3:cad>85</ns3:cad>
          </ns3:TrackPointExtension>
        </extensions>
      </trkpt>
      <trkpt lat="30.41659145615994930267333984375" lon="120.263335146009922027587890625">
        <ele>5.80000019073486328125</ele>
        <time>2024-09-02T13:30:56.000Z</time>
        <extensions>
          <ns3:TrackPointExtension>
            <ns3:cad>86</ns3:cad>
          </ns3:TrackPointExtension>
        </extensions>
      </trkpt>
      <trkpt lat="30.41661023162305355072021484375" lon="120.263350903987884521484375">
        <ele>5.80000019073486328125</ele>
        <time>2024-09-02T13:30:57.000Z</time>
        <extensions>
          <ns3:TrackPointExtension>
            <ns3:cad>86</ns3:cad>
          </ns3:TrackPointExtension>
        </extensions>
      </trkpt>
      <trkpt lat="30.41662774980068206787109375" lon="120.26336523704230785369873046875">
        <ele>5.80000019073486328125</ele>
        <time>2024-09-02T13:30:58.000Z</time>
        <extensions>
          <ns3:TrackPointExtension>
            <ns3:cad>86</ns3:cad>
          </ns3:TrackPointExtension>
        </extensions>
      </trkpt>
      <trkpt lat="30.416644178330898284912109375" lon="120.26338216848671436309814453125">
        <ele>6</ele>
        <time>2024-09-02T13:30:59.000Z</time>
        <extensions>
          <ns3:TrackPointExtension>
            <ns3:cad>88</ns3:cad>
          </ns3:TrackPointExtension>
        </extensions>
      </trkpt>
      <trkpt lat="30.41666002012789249420166015625" lon="120.26339977048337459564208984375">
        <ele>6</ele>
        <time>2024-09-02T13:31:00.000Z</time>
        <extensions>
          <ns3:TrackPointExtension>
            <ns3:cad>88</ns3:cad>
          </ns3:TrackPointExtension>
        </extensions>
      </trkpt>
      <trkpt lat="30.41667594574391841888427734375" lon="120.26341435499489307403564453125">
        <ele>6.19999980926513671875</ele>
        <time>2024-09-02T13:31:01.000Z</time>
        <extensions>
          <ns3:TrackPointExtension>
            <ns3:cad>88</ns3:cad>
          </ns3:TrackPointExtension>
        </extensions>
      </trkpt>
      <trkpt lat="30.41669170372188091278076171875" lon="120.2634305320680141448974609375">
        <ele>6.19999980926513671875</ele>
        <time>2024-09-02T13:31:02.000Z</time>
        <extensions>
          <ns3:TrackPointExtension>
            <ns3:cad>87</ns3:cad>
          </ns3:TrackPointExtension>
        </extensions>
      </trkpt>
      <trkpt lat="30.41671148501336574554443359375" lon="120.26344922371208667755126953125">
        <ele>6.400000095367431640625</ele>
        <time>2024-09-02T13:31:03.000Z</time>
        <extensions>
          <ns3:TrackPointExtension>
            <ns3:cad>87</ns3:cad>
          </ns3:TrackPointExtension>
        </extensions>
      </trkpt>
      <trkpt lat="30.41672254912555217742919921875" lon="120.26346012018620967864990234375">
        <ele>6.400000095367431640625</ele>
        <time>2024-09-02T13:31:04.000Z</time>
        <extensions>
          <ns3:TrackPointExtension>
            <ns3:cad>87</ns3:cad>
          </ns3:TrackPointExtension>
        </extensions>
      </trkpt>
      <trkpt lat="30.41673864237964153289794921875" lon="120.26346967555582523345947265625">
        <ele>6.599999904632568359375</ele>
        <time>2024-09-02T13:31:05.000Z</time>
        <extensions>
          <ns3:TrackPointExtension>
            <ns3:cad>87</ns3:cad>
          </ns3:TrackPointExtension>
        </extensions>
      </trkpt>
      <trkpt lat="30.41675339452922344207763671875" lon="120.2634774707257747650146484375">
        <ele>6.599999904632568359375</ele>
        <time>2024-09-02T13:31:06.000Z</time>
        <extensions>
          <ns3:TrackPointExtension>
            <ns3:cad>87</ns3:cad>
          </ns3:TrackPointExtension>
        </extensions>
      </trkpt>
      <trkpt lat="30.41676697321236133575439453125" lon="120.2634848468005657196044921875">
        <ele>6.599999904632568359375</ele>
        <time>2024-09-02T13:31:07.000Z</time>
        <extensions>
          <ns3:TrackPointExtension>
            <ns3:cad>87</ns3:cad>
          </ns3:TrackPointExtension>
        </extensions>
      </trkpt>
      <trkpt lat="30.416781641542911529541015625" lon="120.26349046267569065093994140625">
        <ele>6.80000019073486328125</ele>
        <time>2024-09-02T13:31:08.000Z</time>
        <extensions>
          <ns3:TrackPointExtension>
            <ns3:cad>87</ns3:cad>
          </ns3:TrackPointExtension>
        </extensions>
      </trkpt>
      <trkpt lat="30.4167960584163665771484375" lon="120.26349817402660846710205078125">
        <ele>6.80000019073486328125</ele>
        <time>2024-09-02T13:31:09.000Z</time>
        <extensions>
          <ns3:TrackPointExtension>
            <ns3:cad>87</ns3:cad>
          </ns3:TrackPointExtension>
        </extensions>
      </trkpt>
      <trkpt lat="30.41681307367980480194091796875" lon="120.2635019458830356597900390625">
        <ele>6.80000019073486328125</ele>
        <time>2024-09-02T13:31:10.000Z</time>
        <extensions>
          <ns3:TrackPointExtension>
            <ns3:cad>87</ns3:cad>
          </ns3:TrackPointExtension>
        </extensions>
      </trkpt>
      <trkpt lat="30.41683201678097248077392578125" lon="120.263508819043636322021484375">
        <ele>6.80000019073486328125</ele>
        <time>2024-09-02T13:31:11.000Z</time>
        <extensions>
          <ns3:TrackPointExtension>
            <ns3:cad>88</ns3:cad>
          </ns3:TrackPointExtension>
        </extensions>
      </trkpt>
      <trkpt lat="30.41685297153890132904052734375" lon="120.263520218431949615478515625">
        <ele>7</ele>
        <time>2024-09-02T13:31:12.000Z</time>
        <extensions>
          <ns3:TrackPointExtension>
            <ns3:cad>88</ns3:cad>
          </ns3:TrackPointExtension>
        </extensions>
      </trkpt>
      <trkpt lat="30.416876189410686492919921875" lon="120.26353153400123119354248046875">
        <ele>7</ele>
        <time>2024-09-02T13:31:13.000Z</time>
        <extensions>
          <ns3:TrackPointExtension>
            <ns3:cad>88</ns3:cad>
          </ns3:TrackPointExtension>
        </extensions>
      </trkpt>
      <trkpt lat="30.41689823381602764129638671875" lon="120.26354209519922733306884765625">
        <ele>7</ele>
        <time>2024-09-02T13:31:14.000Z</time>
        <extensions>
          <ns3:TrackPointExtension>
            <ns3:cad>88</ns3:cad>
          </ns3:TrackPointExtension>
        </extensions>
      </trkpt>
      <trkpt lat="30.4169192723929882049560546875" lon="120.2635532431304454803466796875">
        <ele>7</ele>
        <time>2024-09-02T13:31:15.000Z</time>
        <extensions>
          <ns3:TrackPointExtension>
            <ns3:cad>87</ns3:cad>
          </ns3:TrackPointExtension>
        </extensions>
      </trkpt>
      <trkpt lat="30.4169377125799655914306640625" lon="120.26356020011007785797119140625">
        <ele>7.19999980926513671875</ele>
        <time>2024-09-02T13:31:16.000Z</time>
        <extensions>
          <ns3:TrackPointExtension>
            <ns3:cad>87</ns3:cad>
          </ns3:TrackPointExtension>
        </extensions>
      </trkpt>
      <trkpt lat="30.41695791296660900115966796875" lon="120.26356489397585391998291015625">
        <ele>7.19999980926513671875</ele>
        <time>2024-09-02T13:31:17.000Z</time>
        <extensions>
          <ns3:TrackPointExtension>
            <ns3:cad>87</ns3:cad>
          </ns3:TrackPointExtension>
        </extensions>
      </trkpt>
      <trkpt lat="30.41697870008647441864013671875" lon="120.263570845127105712890625">
        <ele>7.19999980926513671875</ele>
        <time>2024-09-02T13:31:18.000Z</time>
        <extensions>
          <ns3:TrackPointExtension>
            <ns3:cad>88</ns3:cad>
          </ns3:TrackPointExtension>
        </extensions>
      </trkpt>
      <trkpt lat="30.41699848137795925140380859375" lon="120.26357931084930896759033203125">
        <ele>7.19999980926513671875</ele>
        <time>2024-09-02T13:31:19.000Z</time>
        <extensions>
          <ns3:TrackPointExtension>
            <ns3:cad>88</ns3:cad>
          </ns3:TrackPointExtension>
        </extensions>
      </trkpt>
      <trkpt lat="30.41702027432620525360107421875" lon="120.26358853094279766082763671875">
        <ele>7.19999980926513671875</ele>
        <time>2024-09-02T13:31:20.000Z</time>
        <extensions>
          <ns3:TrackPointExtension>
            <ns3:cad>88</ns3:cad>
          </ns3:TrackPointExtension>
        </extensions>
      </trkpt>
      <trkpt lat="30.417041480541229248046875" lon="120.26359892450273036956787109375">
        <ele>7.19999980926513671875</ele>
        <time>2024-09-02T13:31:21.000Z</time>
        <extensions>
          <ns3:TrackPointExtension>
            <ns3:cad>89</ns3:cad>
          </ns3:TrackPointExtension>
        </extensions>
      </trkpt>
      <trkpt lat="30.41705916635692119598388671875" lon="120.2636097371578216552734375">
        <ele>7.19999980926513671875</ele>
        <time>2024-09-02T13:31:22.000Z</time>
        <extensions>
          <ns3:TrackPointExtension>
            <ns3:cad>89</ns3:cad>
          </ns3:TrackPointExtension>
        </extensions>
      </trkpt>
      <trkpt lat="30.4170751757919788360595703125" lon="120.2636239863932132720947265625">
        <ele>7.400000095367431640625</ele>
        <time>2024-09-02T13:31:23.000Z</time>
        <extensions>
          <ns3:TrackPointExtension>
            <ns3:cad>89</ns3:cad>
          </ns3:TrackPointExtension>
        </extensions>
      </trkpt>
      <trkpt lat="30.417092107236385345458984375" lon="120.26364083401858806610107421875">
        <ele>7.400000095367431640625</ele>
        <time>2024-09-02T13:31:24.000Z</time>
        <extensions>
          <ns3:TrackPointExtension>
            <ns3:cad>88</ns3:cad>
          </ns3:TrackPointExtension>
        </extensions>
      </trkpt>
      <trkpt lat="30.41710962541401386260986328125" lon="120.26365508325397968292236328125">
        <ele>7.400000095367431640625</ele>
        <time>2024-09-02T13:31:25.000Z</time>
        <extensions>
          <ns3:TrackPointExtension>
            <ns3:cad>88</ns3:cad>
          </ns3:TrackPointExtension>
        </extensions>
      </trkpt>
      <trkpt lat="30.417126305401325225830078125" lon="120.26367033831775188446044921875">
        <ele>7.599999904632568359375</ele>
        <time>2024-09-02T13:31:26.000Z</time>
        <extensions>
          <ns3:TrackPointExtension>
            <ns3:cad>87</ns3:cad>
          </ns3:TrackPointExtension>
        </extensions>
      </trkpt>
      <trkpt lat="30.41714600287377834320068359375" lon="120.26369028724730014801025390625">
        <ele>7.599999904632568359375</ele>
        <time>2024-09-02T13:31:27.000Z</time>
        <extensions>
          <ns3:TrackPointExtension>
            <ns3:cad>87</ns3:cad>
          </ns3:TrackPointExtension>
        </extensions>
      </trkpt>
      <trkpt lat="30.4171660356223583221435546875" lon="120.2637078054249286651611328125">
        <ele>7.599999904632568359375</ele>
        <time>2024-09-02T13:31:28.000Z</time>
        <extensions>
          <ns3:TrackPointExtension>
            <ns3:cad>86</ns3:cad>
          </ns3:TrackPointExtension>
        </extensions>
      </trkpt>
      <trkpt lat="30.417187325656414031982421875" lon="120.2637245692312717437744140625">
        <ele>7.599999904632568359375</ele>
        <time>2024-09-02T13:31:29.000Z</time>
        <extensions>
          <ns3:TrackPointExtension>
            <ns3:cad>86</ns3:cad>
          </ns3:TrackPointExtension>
        </extensions>
      </trkpt>
      <trkpt lat="30.4172059334814548492431640625" lon="120.26374175213277339935302734375">
        <ele>7.80000019073486328125</ele>
        <time>2024-09-02T13:31:30.000Z</time>
        <extensions>
          <ns3:TrackPointExtension>
            <ns3:cad>86</ns3:cad>
          </ns3:TrackPointExtension>
        </extensions>
      </trkpt>
      <trkpt lat="30.41722211055457592010498046875" lon="120.26375658810138702392578125">
        <ele>7.80000019073486328125</ele>
        <time>2024-09-02T13:31:31.000Z</time>
        <extensions>
          <ns3:TrackPointExtension>
            <ns3:cad>87</ns3:cad>
          </ns3:TrackPointExtension>
        </extensions>
      </trkpt>
      <trkpt lat="30.41723501868546009063720703125" lon="120.26376823894679546356201171875">
        <ele>7.80000019073486328125</ele>
        <time>2024-09-02T13:31:32.000Z</time>
        <extensions>
          <ns3:TrackPointExtension>
            <ns3:cad>87</ns3:cad>
          </ns3:TrackPointExtension>
        </extensions>
      </trkpt>
      <trkpt lat="30.4172421433031558990478515625" lon="120.2637805603444576263427734375">
        <ele>7.80000019073486328125</ele>
        <time>2024-09-02T13:31:33.000Z</time>
        <extensions>
          <ns3:TrackPointExtension>
            <ns3:cad>88</ns3:cad>
          </ns3:TrackPointExtension>
        </extensions>
      </trkpt>
      <trkpt lat="30.41724910028278827667236328125" lon="120.26378936134278774261474609375">
        <ele>8</ele>
        <time>2024-09-02T13:31:34.000Z</time>
        <extensions>
          <ns3:TrackPointExtension>
            <ns3:cad>88</ns3:cad>
          </ns3:TrackPointExtension>
        </extensions>
      </trkpt>
      <trkpt lat="30.4172579012811183929443359375" lon="120.2637983299791812896728515625">
        <ele>8</ele>
        <time>2024-09-02T13:31:35.000Z</time>
        <extensions>
          <ns3:TrackPointExtension>
            <ns3:cad>88</ns3:cad>
          </ns3:TrackPointExtension>
        </extensions>
      </trkpt>
      <trkpt lat="30.41726837866008281707763671875" lon="120.26380729861557483673095703125">
        <ele>8</ele>
        <time>2024-09-02T13:31:36.000Z</time>
        <extensions>
          <ns3:TrackPointExtension>
            <ns3:cad>88</ns3:cad>
          </ns3:TrackPointExtension>
        </extensions>
      </trkpt>
      <trkpt lat="30.41727810166776180267333984375" lon="120.26381962001323699951171875">
        <ele>8</ele>
        <time>2024-09-02T13:31:37.000Z</time>
        <extensions>
          <ns3:TrackPointExtension>
            <ns3:cad>64</ns3:cad>
          </ns3:TrackPointExtension>
        </extensions>
      </trkpt>
      <trkpt lat="30.41728849522769451141357421875" lon="120.26383512653410434722900390625">
        <ele>8.19999980926513671875</ele>
        <time>2024-09-02T13:31:38.000Z</time>
        <extensions>
          <ns3:TrackPointExtension>
            <ns3:cad>64</ns3:cad>
          </ns3:TrackPointExtension>
        </extensions>
      </trkpt>
      <trkpt lat="30.417304001748561859130859375" lon="120.26385004632174968719482421875">
        <ele>8.19999980926513671875</ele>
        <time>2024-09-02T13:31:39.000Z</time>
        <extensions>
          <ns3:TrackPointExtension>
            <ns3:cad>64</ns3:cad>
          </ns3:TrackPointExtension>
        </extensions>
      </trkpt>
      <trkpt lat="30.41732051409780979156494140625" lon="120.2638707496225833892822265625">
        <ele>8.3999996185302734375</ele>
        <time>2024-09-02T13:31:40.000Z</time>
        <extensions>
          <ns3:TrackPointExtension>
            <ns3:cad>0</ns3:cad>
          </ns3:TrackPointExtension>
        </extensions>
      </trkpt>
      <trkpt lat="30.41733895428478717803955078125" lon="120.26388893835246562957763671875">
        <ele>8.6000003814697265625</ele>
        <time>2024-09-02T13:31:41.000Z</time>
        <extensions>
          <ns3:TrackPointExtension>
            <ns3:cad>0</ns3:cad>
          </ns3:TrackPointExtension>
        </extensions>
      </trkpt>
      <trkpt lat="30.417354293167591094970703125" lon="120.2639072947204113006591796875">
        <ele>8.80000019073486328125</ele>
        <time>2024-09-02T13:31:42.000Z</time>
        <extensions>
          <ns3:TrackPointExtension>
            <ns3:cad>85</ns3:cad>
          </ns3:TrackPointExtension>
        </extensions>
      </trkpt>
      <trkpt lat="30.4173700511455535888671875" lon="120.26392749510705471038818359375">
        <ele>8.80000019073486328125</ele>
        <time>2024-09-02T13:31:43.000Z</time>
        <extensions>
          <ns3:TrackPointExtension>
            <ns3:cad>85</ns3:cad>
          </ns3:TrackPointExtension>
        </extensions>
      </trkpt>
      <trkpt lat="30.41738455183804035186767578125" lon="120.2639476954936981201171875">
        <ele>9</ele>
        <time>2024-09-02T13:31:44.000Z</time>
        <extensions>
          <ns3:TrackPointExtension>
            <ns3:cad>84</ns3:cad>
          </ns3:TrackPointExtension>
        </extensions>
      </trkpt>
      <trkpt lat="30.4174027405679225921630859375" lon="120.2639664709568023681640625">
        <ele>9.19999980926513671875</ele>
        <time>2024-09-02T13:31:45.000Z</time>
        <extensions>
          <ns3:TrackPointExtension>
            <ns3:cad>84</ns3:cad>
          </ns3:TrackPointExtension>
        </extensions>
      </trkpt>
      <trkpt lat="30.417422689497470855712890625" lon="120.263981558382511138916015625">
        <ele>9.19999980926513671875</ele>
        <time>2024-09-02T13:31:46.000Z</time>
        <extensions>
          <ns3:TrackPointExtension>
            <ns3:cad>84</ns3:cad>
          </ns3:TrackPointExtension>
        </extensions>
      </trkpt>
      <trkpt lat="30.417442806065082550048828125" lon="120.2639986574649810791015625">
        <ele>9.3999996185302734375</ele>
        <time>2024-09-02T13:31:47.000Z</time>
        <extensions>
          <ns3:TrackPointExtension>
            <ns3:cad>84</ns3:cad>
          </ns3:TrackPointExtension>
        </extensions>
      </trkpt>
      <trkpt lat="30.4174630902707576751708984375" lon="120.26401248760521411895751953125">
        <ele>9.3999996185302734375</ele>
        <time>2024-09-02T13:31:48.000Z</time>
        <extensions>
          <ns3:TrackPointExtension>
            <ns3:cad>84</ns3:cad>
          </ns3:TrackPointExtension>
        </extensions>
      </trkpt>
      <trkpt lat="30.4174852184951305389404296875" lon="120.26402749121189117431640625">
        <ele>9.6000003814697265625</ele>
        <time>2024-09-02T13:31:49.000Z</time>
        <extensions>
          <ns3:TrackPointExtension>
            <ns3:cad>86</ns3:cad>
          </ns3:TrackPointExtension>
        </extensions>
      </trkpt>
      <trkpt lat="30.41750709526240825653076171875" lon="120.26404266245663166046142578125">
        <ele>9.6000003814697265625</ele>
        <time>2024-09-02T13:31:50.000Z</time>
        <extensions>
          <ns3:TrackPointExtension>
            <ns3:cad>87</ns3:cad>
          </ns3:TrackPointExtension>
        </extensions>
      </trkpt>
      <trkpt lat="30.41752763092517852783203125" lon="120.2640561573207378387451171875">
        <ele>9.80000019073486328125</ele>
        <time>2024-09-02T13:31:51.000Z</time>
        <extensions>
          <ns3:TrackPointExtension>
            <ns3:cad>87</ns3:cad>
          </ns3:TrackPointExtension>
        </extensions>
      </trkpt>
      <trkpt lat="30.41754364036023616790771484375" lon="120.26406906545162200927734375">
        <ele>9.80000019073486328125</ele>
        <time>2024-09-02T13:31:52.000Z</time>
        <extensions>
          <ns3:TrackPointExtension>
            <ns3:cad>87</ns3:cad>
          </ns3:TrackPointExtension>
        </extensions>
      </trkpt>
      <trkpt lat="30.4175546206533908843994140625" lon="120.264083482325077056884765625">
        <ele>10</ele>
        <time>2024-09-02T13:31:53.000Z</time>
        <extensions>
          <ns3:TrackPointExtension>
            <ns3:cad>87</ns3:cad>
          </ns3:TrackPointExtension>
        </extensions>
      </trkpt>
      <trkpt lat="30.4175656847655773162841796875" lon="120.26410049758851528167724609375">
        <ele>10.19999980926513671875</ele>
        <time>2024-09-02T13:31:54.000Z</time>
        <extensions>
          <ns3:TrackPointExtension>
            <ns3:cad>87</ns3:cad>
          </ns3:TrackPointExtension>
        </extensions>
      </trkpt>
      <trkpt lat="30.4175703786313533782958984375" lon="120.26411742903292179107666015625">
        <ele>10.19999980926513671875</ele>
        <time>2024-09-02T13:31:55.000Z</time>
        <extensions>
          <ns3:TrackPointExtension>
            <ns3:cad>87</ns3:cad>
          </ns3:TrackPointExtension>
        </extensions>
      </trkpt>
      <trkpt lat="30.41757616214454174041748046875" lon="120.2641326002776622772216796875">
        <ele>10.3999996185302734375</ele>
        <time>2024-09-02T13:31:56.000Z</time>
        <extensions>
          <ns3:TrackPointExtension>
            <ns3:cad>87</ns3:cad>
          </ns3:TrackPointExtension>
        </extensions>
      </trkpt>
      <trkpt lat="30.41758705861866474151611328125" lon="120.26414358057081699371337890625">
        <ele>10.3999996185302734375</ele>
        <time>2024-09-02T13:31:57.000Z</time>
        <extensions>
          <ns3:TrackPointExtension>
            <ns3:cad>68</ns3:cad>
          </ns3:TrackPointExtension>
        </extensions>
      </trkpt>
      <trkpt lat="30.4176025651395320892333984375" lon="120.26415087282657623291015625">
        <ele>10.3999996185302734375</ele>
        <time>2024-09-02T13:31:58.000Z</time>
        <extensions>
          <ns3:TrackPointExtension>
            <ns3:cad>68</ns3:cad>
          </ns3:TrackPointExtension>
        </extensions>
      </trkpt>
      <trkpt lat="30.41761606000363826751708984375" lon="120.2641594223678112030029296875">
        <ele>10.6000003814697265625</ele>
        <time>2024-09-02T13:31:59.000Z</time>
        <extensions>
          <ns3:TrackPointExtension>
            <ns3:cad>68</ns3:cad>
          </ns3:TrackPointExtension>
        </extensions>
      </trkpt>
      <trkpt lat="30.41762880049645900726318359375" lon="120.2641703188419342041015625">
        <ele>10.6000003814697265625</ele>
        <time>2024-09-02T13:32:00.000Z</time>
        <extensions>
          <ns3:TrackPointExtension>
            <ns3:cad>63</ns3:cad>
          </ns3:TrackPointExtension>
        </extensions>
      </trkpt>
      <trkpt lat="30.41764439083635807037353515625" lon="120.2641835622489452362060546875">
        <ele>10.6000003814697265625</ele>
        <time>2024-09-02T13:32:01.000Z</time>
        <extensions>
          <ns3:TrackPointExtension>
            <ns3:cad>61</ns3:cad>
          </ns3:TrackPointExtension>
        </extensions>
      </trkpt>
      <trkpt lat="30.41766014881432056427001953125" lon="120.26420024223625659942626953125">
        <ele>10.80000019073486328125</ele>
        <time>2024-09-02T13:32:02.000Z</time>
        <extensions>
          <ns3:TrackPointExtension>
            <ns3:cad>0</ns3:cad>
          </ns3:TrackPointExtension>
        </extensions>
      </trkpt>
      <trkpt lat="30.41767959482967853546142578125" lon="120.26422102935612201690673828125">
        <ele>11</ele>
        <time>2024-09-02T13:32:03.000Z</time>
        <extensions>
          <ns3:TrackPointExtension>
            <ns3:cad>0</ns3:cad>
          </ns3:TrackPointExtension>
        </extensions>
      </trkpt>
      <trkpt lat="30.41769652627408504486083984375" lon="120.26424131356179714202880859375">
        <ele>11.19999980926513671875</ele>
        <time>2024-09-02T13:32:04.000Z</time>
        <extensions>
          <ns3:TrackPointExtension>
            <ns3:cad>0</ns3:cad>
          </ns3:TrackPointExtension>
        </extensions>
      </trkpt>
      <trkpt lat="30.4177128709852695465087890625" lon="120.26426243595778942108154296875">
        <ele>11.19999980926513671875</ele>
        <time>2024-09-02T13:32:05.000Z</time>
        <extensions>
          <ns3:TrackPointExtension>
            <ns3:cad>86</ns3:cad>
          </ns3:TrackPointExtension>
        </extensions>
      </trkpt>
      <trkpt lat="30.4177272878587245941162109375" lon="120.26427961885929107666015625">
        <ele>11.3999996185302734375</ele>
        <time>2024-09-02T13:32:06.000Z</time>
        <extensions>
          <ns3:TrackPointExtension>
            <ns3:cad>87</ns3:cad>
          </ns3:TrackPointExtension>
        </extensions>
      </trkpt>
      <trkpt lat="30.41774665005505084991455078125" lon="120.264296717941761016845703125">
        <ele>11.3999996185302734375</ele>
        <time>2024-09-02T13:32:07.000Z</time>
        <extensions>
          <ns3:TrackPointExtension>
            <ns3:cad>88</ns3:cad>
          </ns3:TrackPointExtension>
        </extensions>
      </trkpt>
      <trkpt lat="30.41776643134653568267822265625" lon="120.2643133141100406646728515625">
        <ele>11.3999996185302734375</ele>
        <time>2024-09-02T13:32:08.000Z</time>
        <extensions>
          <ns3:TrackPointExtension>
            <ns3:cad>89</ns3:cad>
          </ns3:TrackPointExtension>
        </extensions>
      </trkpt>
      <trkpt lat="30.41778470389544963836669921875" lon="120.264332257211208343505859375">
        <ele>11.3999996185302734375</ele>
        <time>2024-09-02T13:32:09.000Z</time>
        <extensions>
          <ns3:TrackPointExtension>
            <ns3:cad>89</ns3:cad>
          </ns3:TrackPointExtension>
        </extensions>
      </trkpt>
      <trkpt lat="30.41780255734920501708984375" lon="120.26434960775077342987060546875">
        <ele>11.3999996185302734375</ele>
        <time>2024-09-02T13:32:10.000Z</time>
        <extensions>
          <ns3:TrackPointExtension>
            <ns3:cad>88</ns3:cad>
          </ns3:TrackPointExtension>
        </extensions>
      </trkpt>
      <trkpt lat="30.4178208298981189727783203125" lon="120.26436410844326019287109375">
        <ele>11.3999996185302734375</ele>
        <time>2024-09-02T13:32:11.000Z</time>
        <extensions>
          <ns3:TrackPointExtension>
            <ns3:cad>88</ns3:cad>
          </ns3:TrackPointExtension>
        </extensions>
      </trkpt>
      <trkpt lat="30.4178389348089694976806640625" lon="120.26437810622155666351318359375">
        <ele>11.19999980926513671875</ele>
        <time>2024-09-02T13:32:12.000Z</time>
        <extensions>
          <ns3:TrackPointExtension>
            <ns3:cad>88</ns3:cad>
          </ns3:TrackPointExtension>
        </extensions>
      </trkpt>
      <trkpt lat="30.41785754263401031494140625" lon="120.2643951214849948883056640625">
        <ele>11</ele>
        <time>2024-09-02T13:32:13.000Z</time>
        <extensions>
          <ns3:TrackPointExtension>
            <ns3:cad>88</ns3:cad>
          </ns3:TrackPointExtension>
        </extensions>
      </trkpt>
      <trkpt lat="30.41787707246840000152587890625" lon="120.2644118852913379669189453125">
        <ele>10.80000019073486328125</ele>
        <time>2024-09-02T13:32:14.000Z</time>
        <extensions>
          <ns3:TrackPointExtension>
            <ns3:cad>88</ns3:cad>
          </ns3:TrackPointExtension>
        </extensions>
      </trkpt>
      <trkpt lat="30.4178952611982822418212890625" lon="120.26443158276379108428955078125">
        <ele>10.6000003814697265625</ele>
        <time>2024-09-02T13:32:15.000Z</time>
        <extensions>
          <ns3:TrackPointExtension>
            <ns3:cad>88</ns3:cad>
          </ns3:TrackPointExtension>
        </extensions>
      </trkpt>
      <trkpt lat="30.41791412048041820526123046875" lon="120.26445220224559307098388671875">
        <ele>10.3999996185302734375</ele>
        <time>2024-09-02T13:32:16.000Z</time>
        <extensions>
          <ns3:TrackPointExtension>
            <ns3:cad>88</ns3:cad>
          </ns3:TrackPointExtension>
        </extensions>
      </trkpt>
      <trkpt lat="30.4179321415722370147705078125" lon="120.2644688822329044342041015625">
        <ele>10.19999980926513671875</ele>
        <time>2024-09-02T13:32:17.000Z</time>
        <extensions>
          <ns3:TrackPointExtension>
            <ns3:cad>88</ns3:cad>
          </ns3:TrackPointExtension>
        </extensions>
      </trkpt>
      <trkpt lat="30.41795100085437297821044921875" lon="120.26448489166796207427978515625">
        <ele>10</ele>
        <time>2024-09-02T13:32:18.000Z</time>
        <extensions>
          <ns3:TrackPointExtension>
            <ns3:cad>88</ns3:cad>
          </ns3:TrackPointExtension>
        </extensions>
      </trkpt>
      <trkpt lat="30.41796877048909664154052734375" lon="120.26450132019817829132080078125">
        <ele>9.80000019073486328125</ele>
        <time>2024-09-02T13:32:19.000Z</time>
        <extensions>
          <ns3:TrackPointExtension>
            <ns3:cad>88</ns3:cad>
          </ns3:TrackPointExtension>
        </extensions>
      </trkpt>
      <trkpt lat="30.41798402555286884307861328125" lon="120.26451892219483852386474609375">
        <ele>9.6000003814697265625</ele>
        <time>2024-09-02T13:32:20.000Z</time>
        <extensions>
          <ns3:TrackPointExtension>
            <ns3:cad>88</ns3:cad>
          </ns3:TrackPointExtension>
        </extensions>
      </trkpt>
      <trkpt lat="30.4180012084543704986572265625" lon="120.26453576982021331787109375">
        <ele>9.3999996185302734375</ele>
        <time>2024-09-02T13:32:21.000Z</time>
        <extensions>
          <ns3:TrackPointExtension>
            <ns3:cad>89</ns3:cad>
          </ns3:TrackPointExtension>
        </extensions>
      </trkpt>
      <trkpt lat="30.41801855899393558502197265625" lon="120.26455546729266643524169921875">
        <ele>9.3999996185302734375</ele>
        <time>2024-09-02T13:32:22.000Z</time>
        <extensions>
          <ns3:TrackPointExtension>
            <ns3:cad>89</ns3:cad>
          </ns3:TrackPointExtension>
        </extensions>
      </trkpt>
      <trkpt lat="30.41803431697189807891845703125" lon="120.2645751647651195526123046875">
        <ele>9.3999996185302734375</ele>
        <time>2024-09-02T13:32:23.000Z</time>
        <extensions>
          <ns3:TrackPointExtension>
            <ns3:cad>88</ns3:cad>
          </ns3:TrackPointExtension>
        </extensions>
      </trkpt>
      <trkpt lat="30.418046973645687103271484375" lon="120.26458731852471828460693359375">
        <ele>9.3999996185302734375</ele>
        <time>2024-09-02T13:32:24.000Z</time>
        <extensions>
          <ns3:TrackPointExtension>
            <ns3:cad>88</ns3:cad>
          </ns3:TrackPointExtension>
        </extensions>
      </trkpt>
      <trkpt lat="30.41805963031947612762451171875" lon="120.26459318585693836212158203125">
        <ele>9.3999996185302734375</ele>
        <time>2024-09-02T13:32:25.000Z</time>
        <extensions>
          <ns3:TrackPointExtension>
            <ns3:cad>88</ns3:cad>
          </ns3:TrackPointExtension>
        </extensions>
      </trkpt>
      <trkpt lat="30.41807077825069427490234375" lon="120.26459720917046070098876953125">
        <ele>9.3999996185302734375</ele>
        <time>2024-09-02T13:32:26.000Z</time>
        <extensions>
          <ns3:TrackPointExtension>
            <ns3:cad>88</ns3:cad>
          </ns3:TrackPointExtension>
        </extensions>
      </trkpt>
      <trkpt lat="30.41808041743934154510498046875" lon="120.26460240595042705535888671875">
        <ele>9.3999996185302734375</ele>
        <time>2024-09-02T13:32:27.000Z</time>
        <extensions>
          <ns3:TrackPointExtension>
            <ns3:cad>88</ns3:cad>
          </ns3:TrackPointExtension>
        </extensions>
      </trkpt>
      <trkpt lat="30.41808963753283023834228515625" lon="120.26461095549166202545166015625">
        <ele>9.3999996185302734375</ele>
        <time>2024-09-02T13:32:28.000Z</time>
        <extensions>
          <ns3:TrackPointExtension>
            <ns3:cad>88</ns3:cad>
          </ns3:TrackPointExtension>
        </extensions>
      </trkpt>
      <trkpt lat="30.418103300034999847412109375" lon="120.26462235487997531890869140625">
        <ele>9.3999996185302734375</ele>
        <time>2024-09-02T13:32:29.000Z</time>
        <extensions>
          <ns3:TrackPointExtension>
            <ns3:cad>88</ns3:cad>
          </ns3:TrackPointExtension>
        </extensions>
      </trkpt>
      <trkpt lat="30.4181162081658840179443359375" lon="120.26463107205927371978759765625">
        <ele>9.3999996185302734375</ele>
        <time>2024-09-02T13:32:30.000Z</time>
        <extensions>
          <ns3:TrackPointExtension>
            <ns3:cad>0</ns3:cad>
          </ns3:TrackPointExtension>
        </extensions>
      </trkpt>
      <trkpt lat="30.4181302897632122039794921875" lon="120.26463878341019153594970703125">
        <ele>9.3999996185302734375</ele>
        <time>2024-09-02T13:32:31.000Z</time>
        <extensions>
          <ns3:TrackPointExtension>
            <ns3:cad>0</ns3:cad>
          </ns3:TrackPointExtension>
        </extensions>
      </trkpt>
      <trkpt lat="30.41814462281763553619384765625" lon="120.2646472491323947906494140625">
        <ele>9.3999996185302734375</ele>
        <time>2024-09-02T13:32:32.000Z</time>
        <extensions>
          <ns3:TrackPointExtension>
            <ns3:cad>63</ns3:cad>
          </ns3:TrackPointExtension>
        </extensions>
      </trkpt>
      <trkpt lat="30.41815836913883686065673828125" lon="120.2646557986736297607421875">
        <ele>9.3999996185302734375</ele>
        <time>2024-09-02T13:32:33.000Z</time>
        <extensions>
          <ns3:TrackPointExtension>
            <ns3:cad>63</ns3:cad>
          </ns3:TrackPointExtension>
        </extensions>
      </trkpt>
      <trkpt lat="30.41817228309810161590576171875" lon="120.264664180576801300048828125">
        <ele>9.3999996185302734375</ele>
        <time>2024-09-02T13:32:34.000Z</time>
        <extensions>
          <ns3:TrackPointExtension>
            <ns3:cad>63</ns3:cad>
          </ns3:TrackPointExtension>
        </extensions>
      </trkpt>
      <trkpt lat="30.41818435303866863250732421875" lon="120.264669544994831085205078125">
        <ele>9.6000003814697265625</ele>
        <time>2024-09-02T13:32:35.000Z</time>
        <extensions>
          <ns3:TrackPointExtension>
            <ns3:cad>64</ns3:cad>
          </ns3:TrackPointExtension>
        </extensions>
      </trkpt>
      <trkpt lat="30.41819608770310878753662109375" lon="120.26467365212738513946533203125">
        <ele>9.6000003814697265625</ele>
        <time>2024-09-02T13:32:36.000Z</time>
        <extensions>
          <ns3:TrackPointExtension>
            <ns3:cad>65</ns3:cad>
          </ns3:TrackPointExtension>
        </extensions>
      </trkpt>
      <trkpt lat="30.41820765472948551177978515625" lon="120.2646774239838123321533203125">
        <ele>9.6000003814697265625</ele>
        <time>2024-09-02T13:32:37.000Z</time>
        <extensions>
          <ns3:TrackPointExtension>
            <ns3:cad>65</ns3:cad>
          </ns3:TrackPointExtension>
        </extensions>
      </trkpt>
      <trkpt lat="30.4182203114032745361328125" lon="120.26468186639249324798583984375">
        <ele>9.6000003814697265625</ele>
        <time>2024-09-02T13:32:38.000Z</time>
        <extensions>
          <ns3:TrackPointExtension>
            <ns3:cad>65</ns3:cad>
          </ns3:TrackPointExtension>
        </extensions>
      </trkpt>
      <trkpt lat="30.41823439300060272216796875" lon="120.2646844647824764251708984375">
        <ele>9.6000003814697265625</ele>
        <time>2024-09-02T13:32:39.000Z</time>
        <extensions>
          <ns3:TrackPointExtension>
            <ns3:cad>65</ns3:cad>
          </ns3:TrackPointExtension>
        </extensions>
      </trkpt>
      <trkpt lat="30.418250150978565216064453125" lon="120.26468320749700069427490234375">
        <ele>9.6000003814697265625</ele>
        <time>2024-09-02T13:32:40.000Z</time>
        <extensions>
          <ns3:TrackPointExtension>
            <ns3:cad>65</ns3:cad>
          </ns3:TrackPointExtension>
        </extensions>
      </trkpt>
      <trkpt lat="30.418264567852020263671875" lon="120.26468102820217609405517578125">
        <ele>9.80000019073486328125</ele>
        <time>2024-09-02T13:32:41.000Z</time>
        <extensions>
          <ns3:TrackPointExtension>
            <ns3:cad>65</ns3:cad>
          </ns3:TrackPointExtension>
        </extensions>
      </trkpt>
      <trkpt lat="30.41827789507806301116943359375" lon="120.2646791003644466400146484375">
        <ele>9.80000019073486328125</ele>
        <time>2024-09-02T13:32:42.000Z</time>
        <extensions>
          <ns3:TrackPointExtension>
            <ns3:cad>65</ns3:cad>
          </ns3:TrackPointExtension>
        </extensions>
      </trkpt>
      <trkpt lat="30.41829080320894718170166015625" lon="120.26468270458281040191650390625">
        <ele>9.80000019073486328125</ele>
        <time>2024-09-02T13:32:43.000Z</time>
        <extensions>
          <ns3:TrackPointExtension>
            <ns3:cad>65</ns3:cad>
          </ns3:TrackPointExtension>
        </extensions>
      </trkpt>
      <trkpt lat="30.4183056391775608062744140625" lon="120.26468505151569843292236328125">
        <ele>9.80000019073486328125</ele>
        <time>2024-09-02T13:32:44.000Z</time>
        <extensions>
          <ns3:TrackPointExtension>
            <ns3:cad>66</ns3:cad>
          </ns3:TrackPointExtension>
        </extensions>
      </trkpt>
      <trkpt lat="30.418319888412952423095703125" lon="120.26468672789633274078369140625">
        <ele>10</ele>
        <time>2024-09-02T13:32:45.000Z</time>
        <extensions>
          <ns3:TrackPointExtension>
            <ns3:cad>66</ns3:cad>
          </ns3:TrackPointExtension>
        </extensions>
      </trkpt>
      <trkpt lat="30.4183341376483440399169921875" lon="120.2646878175437450408935546875">
        <ele>10</ele>
        <time>2024-09-02T13:32:46.000Z</time>
        <extensions>
          <ns3:TrackPointExtension>
            <ns3:cad>65</ns3:cad>
          </ns3:TrackPointExtension>
        </extensions>
      </trkpt>
      <trkpt lat="30.41834645904600620269775390625" lon="120.2646888233721256256103515625">
        <ele>10</ele>
        <time>2024-09-02T13:32:47.000Z</time>
        <extensions>
          <ns3:TrackPointExtension>
            <ns3:cad>64</ns3:cad>
          </ns3:TrackPointExtension>
        </extensions>
      </trkpt>
      <trkpt lat="30.41835852898657321929931640625" lon="120.264692008495330810546875">
        <ele>10</ele>
        <time>2024-09-02T13:32:48.000Z</time>
        <extensions>
          <ns3:TrackPointExtension>
            <ns3:cad>64</ns3:cad>
          </ns3:TrackPointExtension>
        </extensions>
      </trkpt>
      <trkpt lat="30.41837126947939395904541015625" lon="120.264697708189487457275390625">
        <ele>10</ele>
        <time>2024-09-02T13:32:49.000Z</time>
        <extensions>
          <ns3:TrackPointExtension>
            <ns3:cad>64</ns3:cad>
          </ns3:TrackPointExtension>
        </extensions>
      </trkpt>
      <trkpt lat="30.4183881171047687530517578125" lon="120.26470600627362728118896484375">
        <ele>10.19999980926513671875</ele>
        <time>2024-09-02T13:32:50.000Z</time>
        <extensions>
          <ns3:TrackPointExtension>
            <ns3:cad>63</ns3:cad>
          </ns3:TrackPointExtension>
        </extensions>
      </trkpt>
      <trkpt lat="30.41840664111077785491943359375" lon="120.26472025550901889801025390625">
        <ele>10.19999980926513671875</ele>
        <time>2024-09-02T13:32:51.000Z</time>
        <extensions>
          <ns3:TrackPointExtension>
            <ns3:cad>61</ns3:cad>
          </ns3:TrackPointExtension>
        </extensions>
      </trkpt>
      <trkpt lat="30.418421812355518341064453125" lon="120.2647357620298862457275390625">
        <ele>10.19999980926513671875</ele>
        <time>2024-09-02T13:32:52.000Z</time>
        <extensions>
          <ns3:TrackPointExtension>
            <ns3:cad>61</ns3:cad>
          </ns3:TrackPointExtension>
        </extensions>
      </trkpt>
      <trkpt lat="30.418438576161861419677734375" lon="120.26475512422621250152587890625">
        <ele>10.19999980926513671875</ele>
        <time>2024-09-02T13:32:53.000Z</time>
        <extensions>
          <ns3:TrackPointExtension>
            <ns3:cad>61</ns3:cad>
          </ns3:TrackPointExtension>
        </extensions>
      </trkpt>
      <trkpt lat="30.41845324449241161346435546875" lon="120.2647739835083484649658203125">
        <ele>10.19999980926513671875</ele>
        <time>2024-09-02T13:32:54.000Z</time>
        <extensions>
          <ns3:TrackPointExtension>
            <ns3:cad>83</ns3:cad>
          </ns3:TrackPointExtension>
        </extensions>
      </trkpt>
      <trkpt lat="30.4184672422707080841064453125" lon="120.26479334570467472076416015625">
        <ele>10</ele>
        <time>2024-09-02T13:32:55.000Z</time>
        <extensions>
          <ns3:TrackPointExtension>
            <ns3:cad>83</ns3:cad>
          </ns3:TrackPointExtension>
        </extensions>
      </trkpt>
      <trkpt lat="30.4184833355247974395751953125" lon="120.26481379754841327667236328125">
        <ele>10</ele>
        <time>2024-09-02T13:32:56.000Z</time>
        <extensions>
          <ns3:TrackPointExtension>
            <ns3:cad>83</ns3:cad>
          </ns3:TrackPointExtension>
        </extensions>
      </trkpt>
      <trkpt lat="30.41849532164633274078369140625" lon="120.2648350037634372711181640625">
        <ele>10</ele>
        <time>2024-09-02T13:32:57.000Z</time>
        <extensions>
          <ns3:TrackPointExtension>
            <ns3:cad>83</ns3:cad>
          </ns3:TrackPointExtension>
        </extensions>
      </trkpt>
      <trkpt lat="30.41850638575851917266845703125" lon="120.26485905982553958892822265625">
        <ele>10</ele>
        <time>2024-09-02T13:32:58.000Z</time>
        <extensions>
          <ns3:TrackPointExtension>
            <ns3:cad>83</ns3:cad>
          </ns3:TrackPointExtension>
        </extensions>
      </trkpt>
      <trkpt lat="30.4185158573091030120849609375" lon="120.2648829482495784759521484375">
        <ele>10</ele>
        <time>2024-09-02T13:32:59.000Z</time>
        <extensions>
          <ns3:TrackPointExtension>
            <ns3:cad>83</ns3:cad>
          </ns3:TrackPointExtension>
        </extensions>
      </trkpt>
      <trkpt lat="30.41852599941194057464599609375" lon="120.2649080939590930938720703125">
        <ele>9.80000019073486328125</ele>
        <time>2024-09-02T13:33:00.000Z</time>
        <extensions>
          <ns3:TrackPointExtension>
            <ns3:cad>84</ns3:cad>
          </ns3:TrackPointExtension>
        </extensions>
      </trkpt>
      <trkpt lat="30.41853488422930240631103515625" lon="120.26493298821151256561279296875">
        <ele>9.80000019073486328125</ele>
        <time>2024-09-02T13:33:01.000Z</time>
        <extensions>
          <ns3:TrackPointExtension>
            <ns3:cad>84</ns3:cad>
          </ns3:TrackPointExtension>
        </extensions>
      </trkpt>
      <trkpt lat="30.418541841208934783935546875" lon="120.264953859150409698486328125">
        <ele>9.80000019073486328125</ele>
        <time>2024-09-02T13:33:02.000Z</time>
        <extensions>
          <ns3:TrackPointExtension>
            <ns3:cad>84</ns3:cad>
          </ns3:TrackPointExtension>
        </extensions>
      </trkpt>
      <trkpt lat="30.41854418814182281494140625" lon="120.2649728022515773773193359375">
        <ele>10</ele>
        <time>2024-09-02T13:33:03.000Z</time>
        <extensions>
          <ns3:TrackPointExtension>
            <ns3:cad>84</ns3:cad>
          </ns3:TrackPointExtension>
        </extensions>
      </trkpt>
      <trkpt lat="30.41854494251310825347900390625" lon="120.26498830877244472503662109375">
        <ele>10</ele>
        <time>2024-09-02T13:33:04.000Z</time>
        <extensions>
          <ns3:TrackPointExtension>
            <ns3:cad>84</ns3:cad>
          </ns3:TrackPointExtension>
        </extensions>
      </trkpt>
      <trkpt lat="30.41854527778923511505126953125" lon="120.265007503330707550048828125">
        <ele>10</ele>
        <time>2024-09-02T13:33:05.000Z</time>
        <extensions>
          <ns3:TrackPointExtension>
            <ns3:cad>84</ns3:cad>
          </ns3:TrackPointExtension>
        </extensions>
      </trkpt>
      <trkpt lat="30.41854326613247394561767578125" lon="120.26502502150833606719970703125">
        <ele>10</ele>
        <time>2024-09-02T13:33:06.000Z</time>
        <extensions>
          <ns3:TrackPointExtension>
            <ns3:cad>84</ns3:cad>
          </ns3:TrackPointExtension>
        </extensions>
      </trkpt>
      <trkpt lat="30.4185386560857295989990234375" lon="120.2650452218949794769287109375">
        <ele>9.80000019073486328125</ele>
        <time>2024-09-02T13:33:07.000Z</time>
        <extensions>
          <ns3:TrackPointExtension>
            <ns3:cad>84</ns3:cad>
          </ns3:TrackPointExtension>
        </extensions>
      </trkpt>
      <trkpt lat="30.41853790171444416046142578125" lon="120.2650629915297031402587890625">
        <ele>9.80000019073486328125</ele>
        <time>2024-09-02T13:33:08.000Z</time>
        <extensions>
          <ns3:TrackPointExtension>
            <ns3:cad>84</ns3:cad>
          </ns3:TrackPointExtension>
        </extensions>
      </trkpt>
      <trkpt lat="30.41854309849441051483154296875" lon="120.265083275735378265380859375">
        <ele>9.80000019073486328125</ele>
        <time>2024-09-02T13:33:09.000Z</time>
        <extensions>
          <ns3:TrackPointExtension>
            <ns3:cad>64</ns3:cad>
          </ns3:TrackPointExtension>
        </extensions>
      </trkpt>
      <trkpt lat="30.41855114512145519256591796875" lon="120.26510464958846569061279296875">
        <ele>10</ele>
        <time>2024-09-02T13:33:10.000Z</time>
        <extensions>
          <ns3:TrackPointExtension>
            <ns3:cad>64</ns3:cad>
          </ns3:TrackPointExtension>
        </extensions>
      </trkpt>
      <trkpt lat="30.41856053285300731658935546875" lon="120.2651250176131725311279296875">
        <ele>10</ele>
        <time>2024-09-02T13:33:11.000Z</time>
        <extensions>
          <ns3:TrackPointExtension>
            <ns3:cad>63</ns3:cad>
          </ns3:TrackPointExtension>
        </extensions>
      </trkpt>
      <trkpt lat="30.41857302188873291015625" lon="120.26514203287661075592041015625">
        <ele>10</ele>
        <time>2024-09-02T13:33:12.000Z</time>
        <extensions>
          <ns3:TrackPointExtension>
            <ns3:cad>63</ns3:cad>
          </ns3:TrackPointExtension>
        </extensions>
      </trkpt>
      <trkpt lat="30.4185877740383148193359375" lon="120.26516072452068328857421875">
        <ele>10</ele>
        <time>2024-09-02T13:33:13.000Z</time>
        <extensions>
          <ns3:TrackPointExtension>
            <ns3:cad>87</ns3:cad>
          </ns3:TrackPointExtension>
        </extensions>
      </trkpt>
      <trkpt lat="30.41860160417854785919189453125" lon="120.26518176309764385223388671875">
        <ele>9.80000019073486328125</ele>
        <time>2024-09-02T13:33:14.000Z</time>
        <extensions>
          <ns3:TrackPointExtension>
            <ns3:cad>87</ns3:cad>
          </ns3:TrackPointExtension>
        </extensions>
      </trkpt>
      <trkpt lat="30.41861820034682750701904296875" lon="120.26519752107560634613037109375">
        <ele>9.80000019073486328125</ele>
        <time>2024-09-02T13:33:15.000Z</time>
        <extensions>
          <ns3:TrackPointExtension>
            <ns3:cad>87</ns3:cad>
          </ns3:TrackPointExtension>
        </extensions>
      </trkpt>
      <trkpt lat="30.418635718524456024169921875" lon="120.26521445252001285552978515625">
        <ele>9.80000019073486328125</ele>
        <time>2024-09-02T13:33:16.000Z</time>
        <extensions>
          <ns3:TrackPointExtension>
            <ns3:cad>87</ns3:cad>
          </ns3:TrackPointExtension>
        </extensions>
      </trkpt>
      <trkpt lat="30.41865172795951366424560546875" lon="120.265234820544719696044921875">
        <ele>10</ele>
        <time>2024-09-02T13:33:17.000Z</time>
        <extensions>
          <ns3:TrackPointExtension>
            <ns3:cad>88</ns3:cad>
          </ns3:TrackPointExtension>
        </extensions>
      </trkpt>
      <trkpt lat="30.4186684079468250274658203125" lon="120.2652534283697605133056640625">
        <ele>10</ele>
        <time>2024-09-02T13:33:18.000Z</time>
        <extensions>
          <ns3:TrackPointExtension>
            <ns3:cad>88</ns3:cad>
          </ns3:TrackPointExtension>
        </extensions>
      </trkpt>
      <trkpt lat="30.41868072934448719024658203125" lon="120.26527471840381622314453125">
        <ele>10.19999980926513671875</ele>
        <time>2024-09-02T13:33:19.000Z</time>
        <extensions>
          <ns3:TrackPointExtension>
            <ns3:cad>88</ns3:cad>
          </ns3:TrackPointExtension>
        </extensions>
      </trkpt>
      <trkpt lat="30.418695397675037384033203125" lon="120.2652941644191741943359375">
        <ele>10.19999980926513671875</ele>
        <time>2024-09-02T13:33:20.000Z</time>
        <extensions>
          <ns3:TrackPointExtension>
            <ns3:cad>88</ns3:cad>
          </ns3:TrackPointExtension>
        </extensions>
      </trkpt>
      <trkpt lat="30.418706797063350677490234375" lon="120.26531763374805450439453125">
        <ele>10.3999996185302734375</ele>
        <time>2024-09-02T13:33:21.000Z</time>
        <extensions>
          <ns3:TrackPointExtension>
            <ns3:cad>88</ns3:cad>
          </ns3:TrackPointExtension>
        </extensions>
      </trkpt>
      <trkpt lat="30.41872029192745685577392578125" lon="120.2653395943343639373779296875">
        <ele>10.3999996185302734375</ele>
        <time>2024-09-02T13:33:22.000Z</time>
        <extensions>
          <ns3:TrackPointExtension>
            <ns3:cad>88</ns3:cad>
          </ns3:TrackPointExtension>
        </extensions>
      </trkpt>
      <trkpt lat="30.41874024085700511932373046875" lon="120.26536054909229278564453125">
        <ele>10.6000003814697265625</ele>
        <time>2024-09-02T13:33:23.000Z</time>
        <extensions>
          <ns3:TrackPointExtension>
            <ns3:cad>89</ns3:cad>
          </ns3:TrackPointExtension>
        </extensions>
      </trkpt>
      <trkpt lat="30.4187579266726970672607421875" lon="120.26536633260548114776611328125">
        <ele>10.6000003814697265625</ele>
        <time>2024-09-02T13:33:24.000Z</time>
        <extensions>
          <ns3:TrackPointExtension>
            <ns3:cad>89</ns3:cad>
          </ns3:TrackPointExtension>
        </extensions>
      </trkpt>
      <trkpt lat="30.418771840631961822509765625" lon="120.2653831802308559417724609375">
        <ele>10.6000003814697265625</ele>
        <time>2024-09-02T13:33:25.000Z</time>
        <extensions>
          <ns3:TrackPointExtension>
            <ns3:cad>89</ns3:cad>
          </ns3:TrackPointExtension>
        </extensions>
      </trkpt>
      <trkpt lat="30.41878500021994113922119140625" lon="120.265402458608150482177734375">
        <ele>10.80000019073486328125</ele>
        <time>2024-09-02T13:33:26.000Z</time>
        <extensions>
          <ns3:TrackPointExtension>
            <ns3:cad>89</ns3:cad>
          </ns3:TrackPointExtension>
        </extensions>
      </trkpt>
      <trkpt lat="30.41880025528371334075927734375" lon="120.26542869396507740020751953125">
        <ele>10.80000019073486328125</ele>
        <time>2024-09-02T13:33:27.000Z</time>
        <extensions>
          <ns3:TrackPointExtension>
            <ns3:cad>89</ns3:cad>
          </ns3:TrackPointExtension>
        </extensions>
      </trkpt>
      <trkpt lat="30.41881886310875415802001953125" lon="120.26545844972133636474609375">
        <ele>11</ele>
        <time>2024-09-02T13:33:28.000Z</time>
        <extensions>
          <ns3:TrackPointExtension>
            <ns3:cad>89</ns3:cad>
          </ns3:TrackPointExtension>
        </extensions>
      </trkpt>
      <trkpt lat="30.4188347049057483673095703125" lon="120.26548250578343868255615234375">
        <ele>11</ele>
        <time>2024-09-02T13:33:29.000Z</time>
        <extensions>
          <ns3:TrackPointExtension>
            <ns3:cad>89</ns3:cad>
          </ns3:TrackPointExtension>
        </extensions>
      </trkpt>
      <trkpt lat="30.41885088197886943817138671875" lon="120.2655062265694141387939453125">
        <ele>11.19999980926513671875</ele>
        <time>2024-09-02T13:33:30.000Z</time>
        <extensions>
          <ns3:TrackPointExtension>
            <ns3:cad>89</ns3:cad>
          </ns3:TrackPointExtension>
        </extensions>
      </trkpt>
      <trkpt lat="30.41886513121426105499267578125" lon="120.26552877388894557952880859375">
        <ele>11.3999996185302734375</ele>
        <time>2024-09-02T13:33:31.000Z</time>
        <extensions>
          <ns3:TrackPointExtension>
            <ns3:cad>89</ns3:cad>
          </ns3:TrackPointExtension>
        </extensions>
      </trkpt>
      <trkpt lat="30.41888239793479442596435546875" lon="120.265554003417491912841796875">
        <ele>11.3999996185302734375</ele>
        <time>2024-09-02T13:33:32.000Z</time>
        <extensions>
          <ns3:TrackPointExtension>
            <ns3:cad>89</ns3:cad>
          </ns3:TrackPointExtension>
        </extensions>
      </trkpt>
      <trkpt lat="30.41889547370374202728271484375" lon="120.26556733064353466033935546875">
        <ele>11.3999996185302734375</ele>
        <time>2024-09-02T13:33:33.000Z</time>
        <extensions>
          <ns3:TrackPointExtension>
            <ns3:cad>89</ns3:cad>
          </ns3:TrackPointExtension>
        </extensions>
      </trkpt>
      <trkpt lat="30.4189094714820384979248046875" lon="120.26558996178209781646728515625">
        <ele>11.6000003814697265625</ele>
        <time>2024-09-02T13:33:34.000Z</time>
        <extensions>
          <ns3:TrackPointExtension>
            <ns3:cad>89</ns3:cad>
          </ns3:TrackPointExtension>
        </extensions>
      </trkpt>
      <trkpt lat="30.41892296634614467620849609375" lon="120.26561125181615352630615234375">
        <ele>11.80000019073486328125</ele>
        <time>2024-09-02T13:33:35.000Z</time>
        <extensions>
          <ns3:TrackPointExtension>
            <ns3:cad>89</ns3:cad>
          </ns3:TrackPointExtension>
        </extensions>
      </trkpt>
      <trkpt lat="30.41893805377185344696044921875" lon="120.26563279330730438232421875">
        <ele>11.80000019073486328125</ele>
        <time>2024-09-02T13:33:36.000Z</time>
        <extensions>
          <ns3:TrackPointExtension>
            <ns3:cad>89</ns3:cad>
          </ns3:TrackPointExtension>
        </extensions>
      </trkpt>
      <trkpt lat="30.41895188391208648681640625" lon="120.2656537480652332305908203125">
        <ele>12</ele>
        <time>2024-09-02T13:33:37.000Z</time>
        <extensions>
          <ns3:TrackPointExtension>
            <ns3:cad>89</ns3:cad>
          </ns3:TrackPointExtension>
        </extensions>
      </trkpt>
      <trkpt lat="30.41896638460457324981689453125" lon="120.265673696994781494140625">
        <ele>12</ele>
        <time>2024-09-02T13:33:38.000Z</time>
        <extensions>
          <ns3:TrackPointExtension>
            <ns3:cad>89</ns3:cad>
          </ns3:TrackPointExtension>
        </extensions>
      </trkpt>
      <trkpt lat="30.418984405696392059326171875" lon="120.26569590903818607330322265625">
        <ele>12</ele>
        <time>2024-09-02T13:33:39.000Z</time>
        <extensions>
          <ns3:TrackPointExtension>
            <ns3:cad>89</ns3:cad>
          </ns3:TrackPointExtension>
        </extensions>
      </trkpt>
      <trkpt lat="30.41899773292243480682373046875" lon="120.26570864953100681304931640625">
        <ele>12.19999980926513671875</ele>
        <time>2024-09-02T13:33:40.000Z</time>
        <extensions>
          <ns3:TrackPointExtension>
            <ns3:cad>89</ns3:cad>
          </ns3:TrackPointExtension>
        </extensions>
      </trkpt>
      <trkpt lat="30.4190140776336193084716796875" lon="120.2657251618802547454833984375">
        <ele>12.19999980926513671875</ele>
        <time>2024-09-02T13:33:41.000Z</time>
        <extensions>
          <ns3:TrackPointExtension>
            <ns3:cad>89</ns3:cad>
          </ns3:TrackPointExtension>
        </extensions>
      </trkpt>
      <trkpt lat="30.41902924887835979461669921875" lon="120.265743099153041839599609375">
        <ele>12.19999980926513671875</ele>
        <time>2024-09-02T13:33:42.000Z</time>
        <extensions>
          <ns3:TrackPointExtension>
            <ns3:cad>89</ns3:cad>
          </ns3:TrackPointExtension>
        </extensions>
      </trkpt>
      <trkpt lat="30.41904265992343425750732421875" lon="120.26576346717774868011474609375">
        <ele>12.3999996185302734375</ele>
        <time>2024-09-02T13:33:43.000Z</time>
        <extensions>
          <ns3:TrackPointExtension>
            <ns3:cad>89</ns3:cad>
          </ns3:TrackPointExtension>
        </extensions>
      </trkpt>
      <trkpt lat="30.41905422694981098175048828125" lon="120.26578509248793125152587890625">
        <ele>12.3999996185302734375</ele>
        <time>2024-09-02T13:33:44.000Z</time>
        <extensions>
          <ns3:TrackPointExtension>
            <ns3:cad>90</ns3:cad>
          </ns3:TrackPointExtension>
        </extensions>
      </trkpt>
      <trkpt lat="30.4190663807094097137451171875" lon="120.26580772362649440765380859375">
        <ele>12.3999996185302734375</ele>
        <time>2024-09-02T13:33:45.000Z</time>
        <extensions>
          <ns3:TrackPointExtension>
            <ns3:cad>90</ns3:cad>
          </ns3:TrackPointExtension>
        </extensions>
      </trkpt>
      <trkpt lat="30.4190791212022304534912109375" lon="120.2658290974795818328857421875">
        <ele>12.3999996185302734375</ele>
        <time>2024-09-02T13:33:46.000Z</time>
        <extensions>
          <ns3:TrackPointExtension>
            <ns3:cad>90</ns3:cad>
          </ns3:TrackPointExtension>
        </extensions>
      </trkpt>
      <trkpt lat="30.41908909566700458526611328125" lon="120.26585231535136699676513671875">
        <ele>12.3999996185302734375</ele>
        <time>2024-09-02T13:33:47.000Z</time>
        <extensions>
          <ns3:TrackPointExtension>
            <ns3:cad>90</ns3:cad>
          </ns3:TrackPointExtension>
        </extensions>
      </trkpt>
      <trkpt lat="30.41910208761692047119140625" lon="120.2658733539283275604248046875">
        <ele>12.6000003814697265625</ele>
        <time>2024-09-02T13:33:48.000Z</time>
        <extensions>
          <ns3:TrackPointExtension>
            <ns3:cad>90</ns3:cad>
          </ns3:TrackPointExtension>
        </extensions>
      </trkpt>
      <trkpt lat="30.41911943815648555755615234375" lon="120.26589858345687389373779296875">
        <ele>12.6000003814697265625</ele>
        <time>2024-09-02T13:33:49.000Z</time>
        <extensions>
          <ns3:TrackPointExtension>
            <ns3:cad>90</ns3:cad>
          </ns3:TrackPointExtension>
        </extensions>
      </trkpt>
      <trkpt lat="30.4191361181437969207763671875" lon="120.265914760529994964599609375">
        <ele>12.6000003814697265625</ele>
        <time>2024-09-02T13:33:50.000Z</time>
        <extensions>
          <ns3:TrackPointExtension>
            <ns3:cad>90</ns3:cad>
          </ns3:TrackPointExtension>
        </extensions>
      </trkpt>
      <trkpt lat="30.4191505350172519683837890625" lon="120.26593613438308238983154296875">
        <ele>12.3999996185302734375</ele>
        <time>2024-09-02T13:33:51.000Z</time>
        <extensions>
          <ns3:TrackPointExtension>
            <ns3:cad>89</ns3:cad>
          </ns3:TrackPointExtension>
        </extensions>
      </trkpt>
      <trkpt lat="30.41916118003427982330322265625" lon="120.2659561671316623687744140625">
        <ele>12.3999996185302734375</ele>
        <time>2024-09-02T13:33:52.000Z</time>
        <extensions>
          <ns3:TrackPointExtension>
            <ns3:cad>89</ns3:cad>
          </ns3:TrackPointExtension>
        </extensions>
      </trkpt>
      <trkpt lat="30.4191740043461322784423828125" lon="120.26596362702548503875732421875">
        <ele>12.3999996185302734375</ele>
        <time>2024-09-02T13:33:53.000Z</time>
        <extensions>
          <ns3:TrackPointExtension>
            <ns3:cad>88</ns3:cad>
          </ns3:TrackPointExtension>
        </extensions>
      </trkpt>
      <trkpt lat="30.41918649338185787200927734375" lon="120.26597569696605205535888671875">
        <ele>12.3999996185302734375</ele>
        <time>2024-09-02T13:33:54.000Z</time>
        <extensions>
          <ns3:TrackPointExtension>
            <ns3:cad>88</ns3:cad>
          </ns3:TrackPointExtension>
        </extensions>
      </trkpt>
      <trkpt lat="30.4192006587982177734375" lon="120.265995226800441741943359375">
        <ele>12.3999996185302734375</ele>
        <time>2024-09-02T13:33:55.000Z</time>
        <extensions>
          <ns3:TrackPointExtension>
            <ns3:cad>88</ns3:cad>
          </ns3:TrackPointExtension>
        </extensions>
      </trkpt>
      <trkpt lat="30.41921884752810001373291015625" lon="120.26601408608257770538330078125">
        <ele>12.19999980926513671875</ele>
        <time>2024-09-02T13:33:56.000Z</time>
        <extensions>
          <ns3:TrackPointExtension>
            <ns3:cad>89</ns3:cad>
          </ns3:TrackPointExtension>
        </extensions>
      </trkpt>
      <trkpt lat="30.41923259384930133819580078125" lon="120.26604023762047290802001953125">
        <ele>12.19999980926513671875</ele>
        <time>2024-09-02T13:33:57.000Z</time>
        <extensions>
          <ns3:TrackPointExtension>
            <ns3:cad>89</ns3:cad>
          </ns3:TrackPointExtension>
        </extensions>
      </trkpt>
      <trkpt lat="30.41924650780856609344482421875" lon="120.2660627849400043487548828125">
        <ele>12.19999980926513671875</ele>
        <time>2024-09-02T13:33:58.000Z</time>
        <extensions>
          <ns3:TrackPointExtension>
            <ns3:cad>89</ns3:cad>
          </ns3:TrackPointExtension>
        </extensions>
      </trkpt>
      <trkpt lat="30.4192628525197505950927734375" lon="120.26608818210661411285400390625">
        <ele>12.19999980926513671875</ele>
        <time>2024-09-02T13:33:59.000Z</time>
        <extensions>
          <ns3:TrackPointExtension>
            <ns3:cad>89</ns3:cad>
          </ns3:TrackPointExtension>
        </extensions>
      </trkpt>
      <trkpt lat="30.4192772693932056427001953125" lon="120.2661134116351604461669921875">
        <ele>12.19999980926513671875</ele>
        <time>2024-09-02T13:34:00.000Z</time>
        <extensions>
          <ns3:TrackPointExtension>
            <ns3:cad>89</ns3:cad>
          </ns3:TrackPointExtension>
        </extensions>
      </trkpt>
      <trkpt lat="30.41929461993277072906494140625" lon="120.2661398984491825103759765625">
        <ele>12.19999980926513671875</ele>
        <time>2024-09-02T13:34:01.000Z</time>
        <extensions>
          <ns3:TrackPointExtension>
            <ns3:cad>89</ns3:cad>
          </ns3:TrackPointExtension>
        </extensions>
      </trkpt>
      <trkpt lat="30.4193091206252574920654296875" lon="120.2661613561213016510009765625">
        <ele>12.19999980926513671875</ele>
        <time>2024-09-02T13:34:02.000Z</time>
        <extensions>
          <ns3:TrackPointExtension>
            <ns3:cad>89</ns3:cad>
          </ns3:TrackPointExtension>
        </extensions>
      </trkpt>
      <trkpt lat="30.419323034584522247314453125" lon="120.26618205942213535308837890625">
        <ele>12.19999980926513671875</ele>
        <time>2024-09-02T13:34:03.000Z</time>
        <extensions>
          <ns3:TrackPointExtension>
            <ns3:cad>89</ns3:cad>
          </ns3:TrackPointExtension>
        </extensions>
      </trkpt>
      <trkpt lat="30.41933552362024784088134765625" lon="120.266207791864871978759765625">
        <ele>12.19999980926513671875</ele>
        <time>2024-09-02T13:34:04.000Z</time>
        <extensions>
          <ns3:TrackPointExtension>
            <ns3:cad>88</ns3:cad>
          </ns3:TrackPointExtension>
        </extensions>
      </trkpt>
      <trkpt lat="30.4193439893424510955810546875" lon="120.2662344463169574737548828125">
        <ele>12.19999980926513671875</ele>
        <time>2024-09-02T13:34:05.000Z</time>
        <extensions>
          <ns3:TrackPointExtension>
            <ns3:cad>88</ns3:cad>
          </ns3:TrackPointExtension>
        </extensions>
      </trkpt>
      <trkpt lat="30.41935379616916179656982421875" lon="120.26625850237905979156494140625">
        <ele>12.19999980926513671875</ele>
        <time>2024-09-02T13:34:06.000Z</time>
        <extensions>
          <ns3:TrackPointExtension>
            <ns3:cad>88</ns3:cad>
          </ns3:TrackPointExtension>
        </extensions>
      </trkpt>
      <trkpt lat="30.41936452500522136688232421875" lon="120.2662785351276397705078125">
        <ele>12.19999980926513671875</ele>
        <time>2024-09-02T13:34:07.000Z</time>
        <extensions>
          <ns3:TrackPointExtension>
            <ns3:cad>88</ns3:cad>
          </ns3:TrackPointExtension>
        </extensions>
      </trkpt>
      <trkpt lat="30.41937994770705699920654296875" lon="120.26629018597304821014404296875">
        <ele>12.19999980926513671875</ele>
        <time>2024-09-02T13:34:08.000Z</time>
        <extensions>
          <ns3:TrackPointExtension>
            <ns3:cad>88</ns3:cad>
          </ns3:TrackPointExtension>
        </extensions>
      </trkpt>
      <trkpt lat="30.41939444839954376220703125" lon="120.2663088776171207427978515625">
        <ele>12</ele>
        <time>2024-09-02T13:34:09.000Z</time>
        <extensions>
          <ns3:TrackPointExtension>
            <ns3:cad>88</ns3:cad>
          </ns3:TrackPointExtension>
        </extensions>
      </trkpt>
      <trkpt lat="30.41940894909203052520751953125" lon="120.266329161822795867919921875">
        <ele>12</ele>
        <time>2024-09-02T13:34:10.000Z</time>
        <extensions>
          <ns3:TrackPointExtension>
            <ns3:cad>88</ns3:cad>
          </ns3:TrackPointExtension>
        </extensions>
      </trkpt>
      <trkpt lat="30.41942101903259754180908203125" lon="120.2663467638194561004638671875">
        <ele>12</ele>
        <time>2024-09-02T13:34:11.000Z</time>
        <extensions>
          <ns3:TrackPointExtension>
            <ns3:cad>88</ns3:cad>
          </ns3:TrackPointExtension>
        </extensions>
      </trkpt>
      <trkpt lat="30.41943158023059368133544921875" lon="120.266362689435482025146484375">
        <ele>12</ele>
        <time>2024-09-02T13:34:12.000Z</time>
        <extensions>
          <ns3:TrackPointExtension>
            <ns3:cad>88</ns3:cad>
          </ns3:TrackPointExtension>
        </extensions>
      </trkpt>
      <trkpt lat="30.4194455780088901519775390625" lon="120.26637719012796878814697265625">
        <ele>12</ele>
        <time>2024-09-02T13:34:13.000Z</time>
        <extensions>
          <ns3:TrackPointExtension>
            <ns3:cad>88</ns3:cad>
          </ns3:TrackPointExtension>
        </extensions>
      </trkpt>
      <trkpt lat="30.4194599948823451995849609375" lon="120.26639395393431186676025390625">
        <ele>12</ele>
        <time>2024-09-02T13:34:14.000Z</time>
        <extensions>
          <ns3:TrackPointExtension>
            <ns3:cad>88</ns3:cad>
          </ns3:TrackPointExtension>
        </extensions>
      </trkpt>
      <trkpt lat="30.41947424411773681640625" lon="120.2664151601493358612060546875">
        <ele>12</ele>
        <time>2024-09-02T13:34:15.000Z</time>
        <extensions>
          <ns3:TrackPointExtension>
            <ns3:cad>88</ns3:cad>
          </ns3:TrackPointExtension>
        </extensions>
      </trkpt>
      <trkpt lat="30.41948740370571613311767578125" lon="120.26643343269824981689453125">
        <ele>12</ele>
        <time>2024-09-02T13:34:16.000Z</time>
        <extensions>
          <ns3:TrackPointExtension>
            <ns3:cad>88</ns3:cad>
          </ns3:TrackPointExtension>
        </extensions>
      </trkpt>
      <trkpt lat="30.4195024073123931884765625" lon="120.26644944213330745697021484375">
        <ele>12</ele>
        <time>2024-09-02T13:34:17.000Z</time>
        <extensions>
          <ns3:TrackPointExtension>
            <ns3:cad>88</ns3:cad>
          </ns3:TrackPointExtension>
        </extensions>
      </trkpt>
      <trkpt lat="30.419516153633594512939453125" lon="120.266469977796077728271484375">
        <ele>12</ele>
        <time>2024-09-02T13:34:18.000Z</time>
        <extensions>
          <ns3:TrackPointExtension>
            <ns3:cad>88</ns3:cad>
          </ns3:TrackPointExtension>
        </extensions>
      </trkpt>
      <trkpt lat="30.4195293970406055450439453125" lon="120.26649135164916515350341796875">
        <ele>12</ele>
        <time>2024-09-02T13:34:19.000Z</time>
        <extensions>
          <ns3:TrackPointExtension>
            <ns3:cad>89</ns3:cad>
          </ns3:TrackPointExtension>
        </extensions>
      </trkpt>
      <trkpt lat="30.41954062879085540771484375" lon="120.26651364751160144805908203125">
        <ele>12</ele>
        <time>2024-09-02T13:34:20.000Z</time>
        <extensions>
          <ns3:TrackPointExtension>
            <ns3:cad>89</ns3:cad>
          </ns3:TrackPointExtension>
        </extensions>
      </trkpt>
      <trkpt lat="30.4195528663694858551025390625" lon="120.26653963141143321990966796875">
        <ele>12</ele>
        <time>2024-09-02T13:34:21.000Z</time>
        <extensions>
          <ns3:TrackPointExtension>
            <ns3:cad>90</ns3:cad>
          </ns3:TrackPointExtension>
        </extensions>
      </trkpt>
      <trkpt lat="30.41956552304327487945556640625" lon="120.2665663696825504302978515625">
        <ele>12</ele>
        <time>2024-09-02T13:34:22.000Z</time>
        <extensions>
          <ns3:TrackPointExtension>
            <ns3:cad>90</ns3:cad>
          </ns3:TrackPointExtension>
        </extensions>
      </trkpt>
      <trkpt lat="30.41957507841289043426513671875" lon="120.26659260503947734832763671875">
        <ele>12</ele>
        <time>2024-09-02T13:34:23.000Z</time>
        <extensions>
          <ns3:TrackPointExtension>
            <ns3:cad>91</ns3:cad>
          </ns3:TrackPointExtension>
        </extensions>
      </trkpt>
      <trkpt lat="30.4195853881537914276123046875" lon="120.2666153199970722198486328125">
        <ele>11.80000019073486328125</ele>
        <time>2024-09-02T13:34:24.000Z</time>
        <extensions>
          <ns3:TrackPointExtension>
            <ns3:cad>92</ns3:cad>
          </ns3:TrackPointExtension>
        </extensions>
      </trkpt>
      <trkpt lat="30.41959905065596103668212890625" lon="120.2666384540498256683349609375">
        <ele>11.80000019073486328125</ele>
        <time>2024-09-02T13:34:25.000Z</time>
        <extensions>
          <ns3:TrackPointExtension>
            <ns3:cad>94</ns3:cad>
          </ns3:TrackPointExtension>
        </extensions>
      </trkpt>
      <trkpt lat="30.4196128807961940765380859375" lon="120.26665815152227878570556640625">
        <ele>11.80000019073486328125</ele>
        <time>2024-09-02T13:34:26.000Z</time>
        <extensions>
          <ns3:TrackPointExtension>
            <ns3:cad>94</ns3:cad>
          </ns3:TrackPointExtension>
        </extensions>
      </trkpt>
      <trkpt lat="30.41962620802223682403564453125" lon="120.266673825681209564208984375">
        <ele>11.6000003814697265625</ele>
        <time>2024-09-02T13:34:27.000Z</time>
        <extensions>
          <ns3:TrackPointExtension>
            <ns3:cad>94</ns3:cad>
          </ns3:TrackPointExtension>
        </extensions>
      </trkpt>
      <trkpt lat="30.4196393676102161407470703125" lon="120.26668916456401348114013671875">
        <ele>11.6000003814697265625</ele>
        <time>2024-09-02T13:34:28.000Z</time>
        <extensions>
          <ns3:TrackPointExtension>
            <ns3:cad>93</ns3:cad>
          </ns3:TrackPointExtension>
        </extensions>
      </trkpt>
      <trkpt lat="30.41965872980654239654541015625" lon="120.26670492254197597503662109375">
        <ele>11.6000003814697265625</ele>
        <time>2024-09-02T13:34:29.000Z</time>
        <extensions>
          <ns3:TrackPointExtension>
            <ns3:cad>92</ns3:cad>
          </ns3:TrackPointExtension>
        </extensions>
      </trkpt>
      <trkpt lat="30.41967876255512237548828125" lon="120.2667239494621753692626953125">
        <ele>11.6000003814697265625</ele>
        <time>2024-09-02T13:34:30.000Z</time>
        <extensions>
          <ns3:TrackPointExtension>
            <ns3:cad>90</ns3:cad>
          </ns3:TrackPointExtension>
        </extensions>
      </trkpt>
      <trkpt lat="30.41969485580921173095703125" lon="120.2667425572872161865234375">
        <ele>11.3999996185302734375</ele>
        <time>2024-09-02T13:34:31.000Z</time>
        <extensions>
          <ns3:TrackPointExtension>
            <ns3:cad>90</ns3:cad>
          </ns3:TrackPointExtension>
        </extensions>
      </trkpt>
      <trkpt lat="30.41970952413976192474365234375" lon="120.2667601592838764190673828125">
        <ele>11.19999980926513671875</ele>
        <time>2024-09-02T13:34:32.000Z</time>
        <extensions>
          <ns3:TrackPointExtension>
            <ns3:cad>90</ns3:cad>
          </ns3:TrackPointExtension>
        </extensions>
      </trkpt>
      <trkpt lat="30.41972360573709011077880859375" lon="120.2667779289186000823974609375">
        <ele>11.19999980926513671875</ele>
        <time>2024-09-02T13:34:33.000Z</time>
        <extensions>
          <ns3:TrackPointExtension>
            <ns3:cad>90</ns3:cad>
          </ns3:TrackPointExtension>
        </extensions>
      </trkpt>
      <trkpt lat="30.4197382740676403045654296875" lon="120.26679687201976776123046875">
        <ele>11</ele>
        <time>2024-09-02T13:34:34.000Z</time>
        <extensions>
          <ns3:TrackPointExtension>
            <ns3:cad>90</ns3:cad>
          </ns3:TrackPointExtension>
        </extensions>
      </trkpt>
      <trkpt lat="30.41975311003625392913818359375" lon="120.2668144740164279937744140625">
        <ele>11</ele>
        <time>2024-09-02T13:34:35.000Z</time>
        <extensions>
          <ns3:TrackPointExtension>
            <ns3:cad>90</ns3:cad>
          </ns3:TrackPointExtension>
        </extensions>
      </trkpt>
      <trkpt lat="30.4197684489190578460693359375" lon="120.26683400385081768035888671875">
        <ele>10.80000019073486328125</ele>
        <time>2024-09-02T13:34:36.000Z</time>
        <extensions>
          <ns3:TrackPointExtension>
            <ns3:cad>90</ns3:cad>
          </ns3:TrackPointExtension>
        </extensions>
      </trkpt>
      <trkpt lat="30.41978496126830577850341796875" lon="120.26685428805649280548095703125">
        <ele>10.6000003814697265625</ele>
        <time>2024-09-02T13:34:37.000Z</time>
        <extensions>
          <ns3:TrackPointExtension>
            <ns3:cad>90</ns3:cad>
          </ns3:TrackPointExtension>
        </extensions>
      </trkpt>
      <trkpt lat="30.41980541311204433441162109375" lon="120.266891084611415863037109375">
        <ele>10.3999996185302734375</ele>
        <time>2024-09-02T13:34:38.000Z</time>
        <extensions>
          <ns3:TrackPointExtension>
            <ns3:cad>90</ns3:cad>
          </ns3:TrackPointExtension>
        </extensions>
      </trkpt>
      <trkpt lat="30.419820249080657958984375" lon="120.2669177390635013580322265625">
        <ele>10.3999996185302734375</ele>
        <time>2024-09-02T13:34:39.000Z</time>
        <extensions>
          <ns3:TrackPointExtension>
            <ns3:cad>91</ns3:cad>
          </ns3:TrackPointExtension>
        </extensions>
      </trkpt>
      <trkpt lat="30.41984095238149166107177734375" lon="120.266943387687206268310546875">
        <ele>10.19999980926513671875</ele>
        <time>2024-09-02T13:34:40.000Z</time>
        <extensions>
          <ns3:TrackPointExtension>
            <ns3:cad>91</ns3:cad>
          </ns3:TrackPointExtension>
        </extensions>
      </trkpt>
      <trkpt lat="30.4198596440255641937255859375" lon="120.2669640071690082550048828125">
        <ele>10</ele>
        <time>2024-09-02T13:34:41.000Z</time>
        <extensions>
          <ns3:TrackPointExtension>
            <ns3:cad>91</ns3:cad>
          </ns3:TrackPointExtension>
        </extensions>
      </trkpt>
      <trkpt lat="30.41987280361354351043701171875" lon="120.2669847942888736724853515625">
        <ele>9.80000019073486328125</ele>
        <time>2024-09-02T13:34:42.000Z</time>
        <extensions>
          <ns3:TrackPointExtension>
            <ns3:cad>90</ns3:cad>
          </ns3:TrackPointExtension>
        </extensions>
      </trkpt>
      <trkpt lat="30.41989090852439403533935546875" lon="120.26700382120907306671142578125">
        <ele>9.80000019073486328125</ele>
        <time>2024-09-02T13:34:43.000Z</time>
        <extensions>
          <ns3:TrackPointExtension>
            <ns3:cad>90</ns3:cad>
          </ns3:TrackPointExtension>
        </extensions>
      </trkpt>
      <trkpt lat="30.419906415045261383056640625" lon="120.26702829636633396148681640625">
        <ele>9.6000003814697265625</ele>
        <time>2024-09-02T13:34:44.000Z</time>
        <extensions>
          <ns3:TrackPointExtension>
            <ns3:cad>89</ns3:cad>
          </ns3:TrackPointExtension>
        </extensions>
      </trkpt>
      <trkpt lat="30.4199186526238918304443359375" lon="120.2670555375516414642333984375">
        <ele>9.3999996185302734375</ele>
        <time>2024-09-02T13:34:45.000Z</time>
        <extensions>
          <ns3:TrackPointExtension>
            <ns3:cad>89</ns3:cad>
          </ns3:TrackPointExtension>
        </extensions>
      </trkpt>
      <trkpt lat="30.41992980055510997772216796875" lon="120.26707716286182403564453125">
        <ele>9.3999996185302734375</ele>
        <time>2024-09-02T13:34:46.000Z</time>
        <extensions>
          <ns3:TrackPointExtension>
            <ns3:cad>89</ns3:cad>
          </ns3:TrackPointExtension>
        </extensions>
      </trkpt>
      <trkpt lat="30.41993885301053524017333984375" lon="120.26709585450589656829833984375">
        <ele>9.19999980926513671875</ele>
        <time>2024-09-02T13:34:47.000Z</time>
        <extensions>
          <ns3:TrackPointExtension>
            <ns3:cad>89</ns3:cad>
          </ns3:TrackPointExtension>
        </extensions>
      </trkpt>
      <trkpt lat="30.41994698345661163330078125" lon="120.2671229280531406402587890625">
        <ele>9.19999980926513671875</ele>
        <time>2024-09-02T13:34:48.000Z</time>
        <extensions>
          <ns3:TrackPointExtension>
            <ns3:cad>89</ns3:cad>
          </ns3:TrackPointExtension>
        </extensions>
      </trkpt>
      <trkpt lat="30.4199622385203838348388671875" lon="120.267144553363323211669921875">
        <ele>9</ele>
        <time>2024-09-02T13:34:49.000Z</time>
        <extensions>
          <ns3:TrackPointExtension>
            <ns3:cad>89</ns3:cad>
          </ns3:TrackPointExtension>
        </extensions>
      </trkpt>
      <trkpt lat="30.41997506283223628997802734375" lon="120.26716542430222034454345703125">
        <ele>9</ele>
        <time>2024-09-02T13:34:50.000Z</time>
        <extensions>
          <ns3:TrackPointExtension>
            <ns3:cad>89</ns3:cad>
          </ns3:TrackPointExtension>
        </extensions>
      </trkpt>
      <trkpt lat="30.41998679749667644500732421875" lon="120.267185457050800323486328125">
        <ele>9.19999980926513671875</ele>
        <time>2024-09-02T13:34:51.000Z</time>
        <extensions>
          <ns3:TrackPointExtension>
            <ns3:cad>89</ns3:cad>
          </ns3:TrackPointExtension>
        </extensions>
      </trkpt>
      <trkpt lat="30.420006327331066131591796875" lon="120.26719794608652591705322265625">
        <ele>9.19999980926513671875</ele>
        <time>2024-09-02T13:34:52.000Z</time>
        <extensions>
          <ns3:TrackPointExtension>
            <ns3:cad>89</ns3:cad>
          </ns3:TrackPointExtension>
        </extensions>
      </trkpt>
      <trkpt lat="30.42002183385193347930908203125" lon="120.26722200214862823486328125">
        <ele>9.19999980926513671875</ele>
        <time>2024-09-02T13:34:53.000Z</time>
        <extensions>
          <ns3:TrackPointExtension>
            <ns3:cad>89</ns3:cad>
          </ns3:TrackPointExtension>
        </extensions>
      </trkpt>
      <trkpt lat="30.4200363345444202423095703125" lon="120.26724211871623992919921875">
        <ele>9.3999996185302734375</ele>
        <time>2024-09-02T13:34:54.000Z</time>
        <extensions>
          <ns3:TrackPointExtension>
            <ns3:cad>89</ns3:cad>
          </ns3:TrackPointExtension>
        </extensions>
      </trkpt>
      <trkpt lat="30.42004915885627269744873046875" lon="120.26726483367383480072021484375">
        <ele>9.3999996185302734375</ele>
        <time>2024-09-02T13:34:55.000Z</time>
        <extensions>
          <ns3:TrackPointExtension>
            <ns3:cad>89</ns3:cad>
          </ns3:TrackPointExtension>
        </extensions>
      </trkpt>
      <trkpt lat="30.42006189934909343719482421875" lon="120.26728729717433452606201171875">
        <ele>9.6000003814697265625</ele>
        <time>2024-09-02T13:34:56.000Z</time>
        <extensions>
          <ns3:TrackPointExtension>
            <ns3:cad>89</ns3:cad>
          </ns3:TrackPointExtension>
        </extensions>
      </trkpt>
      <trkpt lat="30.4200752265751361846923828125" lon="120.267308168113231658935546875">
        <ele>9.6000003814697265625</ele>
        <time>2024-09-02T13:34:57.000Z</time>
        <extensions>
          <ns3:TrackPointExtension>
            <ns3:cad>89</ns3:cad>
          </ns3:TrackPointExtension>
        </extensions>
      </trkpt>
      <trkpt lat="30.4200909845530986785888671875" lon="120.26732551865279674530029296875">
        <ele>9.6000003814697265625</ele>
        <time>2024-09-02T13:34:58.000Z</time>
        <extensions>
          <ns3:TrackPointExtension>
            <ns3:cad>91</ns3:cad>
          </ns3:TrackPointExtension>
        </extensions>
      </trkpt>
      <trkpt lat="30.42010464705526828765869140625" lon="120.26734379120171070098876953125">
        <ele>9.80000019073486328125</ele>
        <time>2024-09-02T13:34:59.000Z</time>
        <extensions>
          <ns3:TrackPointExtension>
            <ns3:cad>92</ns3:cad>
          </ns3:TrackPointExtension>
        </extensions>
      </trkpt>
      <trkpt lat="30.4201166331768035888671875" lon="120.2673621475696563720703125">
        <ele>9.80000019073486328125</ele>
        <time>2024-09-02T13:35:00.000Z</time>
        <extensions>
          <ns3:TrackPointExtension>
            <ns3:cad>94</ns3:cad>
          </ns3:TrackPointExtension>
        </extensions>
      </trkpt>
      <trkpt lat="30.4201278649270534515380859375" lon="120.2673847787082195281982421875">
        <ele>9.80000019073486328125</ele>
        <time>2024-09-02T13:35:01.000Z</time>
        <extensions>
          <ns3:TrackPointExtension>
            <ns3:cad>94</ns3:cad>
          </ns3:TrackPointExtension>
        </extensions>
      </trkpt>
      <trkpt lat="30.42013473808765411376953125" lon="120.26741017587482929229736328125">
        <ele>10</ele>
        <time>2024-09-02T13:35:02.000Z</time>
        <extensions>
          <ns3:TrackPointExtension>
            <ns3:cad>94</ns3:cad>
          </ns3:TrackPointExtension>
        </extensions>
      </trkpt>
      <trkpt lat="30.42015217244625091552734375" lon="120.26743280701339244842529296875">
        <ele>10</ele>
        <time>2024-09-02T13:35:03.000Z</time>
        <extensions>
          <ns3:TrackPointExtension>
            <ns3:cad>94</ns3:cad>
          </ns3:TrackPointExtension>
        </extensions>
      </trkpt>
      <trkpt lat="30.4201756417751312255859375" lon="120.267449319362640380859375">
        <ele>10.19999980926513671875</ele>
        <time>2024-09-02T13:35:04.000Z</time>
        <extensions>
          <ns3:TrackPointExtension>
            <ns3:cad>95</ns3:cad>
          </ns3:TrackPointExtension>
        </extensions>
      </trkpt>
      <trkpt lat="30.42019232176244258880615234375" lon="120.26746616698801517486572265625">
        <ele>10.19999980926513671875</ele>
        <time>2024-09-02T13:35:05.000Z</time>
        <extensions>
          <ns3:TrackPointExtension>
            <ns3:cad>95</ns3:cad>
          </ns3:TrackPointExtension>
        </extensions>
      </trkpt>
      <trkpt lat="30.4202100075781345367431640625" lon="120.267484188079833984375">
        <ele>10.19999980926513671875</ele>
        <time>2024-09-02T13:35:06.000Z</time>
        <extensions>
          <ns3:TrackPointExtension>
            <ns3:cad>95</ns3:cad>
          </ns3:TrackPointExtension>
        </extensions>
      </trkpt>
      <trkpt lat="30.420227609574794769287109375" lon="120.26750623248517513275146484375">
        <ele>10.3999996185302734375</ele>
        <time>2024-09-02T13:35:07.000Z</time>
        <extensions>
          <ns3:TrackPointExtension>
            <ns3:cad>95</ns3:cad>
          </ns3:TrackPointExtension>
        </extensions>
      </trkpt>
      <trkpt lat="30.42024412192404270172119140625" lon="120.26752601377665996551513671875">
        <ele>10.3999996185302734375</ele>
        <time>2024-09-02T13:35:08.000Z</time>
        <extensions>
          <ns3:TrackPointExtension>
            <ns3:cad>96</ns3:cad>
          </ns3:TrackPointExtension>
        </extensions>
      </trkpt>
      <trkpt lat="30.4202599637210369110107421875" lon="120.26754344813525676727294921875">
        <ele>10.3999996185302734375</ele>
        <time>2024-09-02T13:35:09.000Z</time>
        <extensions>
          <ns3:TrackPointExtension>
            <ns3:cad>96</ns3:cad>
          </ns3:TrackPointExtension>
        </extensions>
      </trkpt>
      <trkpt lat="30.4202775657176971435546875" lon="120.26756322942674160003662109375">
        <ele>10.6000003814697265625</ele>
        <time>2024-09-02T13:35:10.000Z</time>
        <extensions>
          <ns3:TrackPointExtension>
            <ns3:cad>96</ns3:cad>
          </ns3:TrackPointExtension>
        </extensions>
      </trkpt>
      <trkpt lat="30.4202934913337230682373046875" lon="120.26758451946079730987548828125">
        <ele>10.6000003814697265625</ele>
        <time>2024-09-02T13:35:11.000Z</time>
        <extensions>
          <ns3:TrackPointExtension>
            <ns3:cad>96</ns3:cad>
          </ns3:TrackPointExtension>
        </extensions>
      </trkpt>
      <trkpt lat="30.4203079082071781158447265625" lon="120.2676008641719818115234375">
        <ele>10.6000003814697265625</ele>
        <time>2024-09-02T13:35:12.000Z</time>
        <extensions>
          <ns3:TrackPointExtension>
            <ns3:cad>95</ns3:cad>
          </ns3:TrackPointExtension>
        </extensions>
      </trkpt>
      <trkpt lat="30.420324839651584625244140625" lon="120.2676188014447689056396484375">
        <ele>10.80000019073486328125</ele>
        <time>2024-09-02T13:35:13.000Z</time>
        <extensions>
          <ns3:TrackPointExtension>
            <ns3:cad>95</ns3:cad>
          </ns3:TrackPointExtension>
        </extensions>
      </trkpt>
      <trkpt lat="30.42034034617245197296142578125" lon="120.2676422707736492156982421875">
        <ele>10.80000019073486328125</ele>
        <time>2024-09-02T13:35:14.000Z</time>
        <extensions>
          <ns3:TrackPointExtension>
            <ns3:cad>95</ns3:cad>
          </ns3:TrackPointExtension>
        </extensions>
      </trkpt>
      <trkpt lat="30.42035895399749279022216796875" lon="120.2676590345799922943115234375">
        <ele>10.80000019073486328125</ele>
        <time>2024-09-02T13:35:15.000Z</time>
        <extensions>
          <ns3:TrackPointExtension>
            <ns3:cad>95</ns3:cad>
          </ns3:TrackPointExtension>
        </extensions>
      </trkpt>
      <trkpt lat="30.42037521488964557647705078125" lon="120.2676741220057010650634765625">
        <ele>11</ele>
        <time>2024-09-02T13:35:16.000Z</time>
        <extensions>
          <ns3:TrackPointExtension>
            <ns3:cad>96</ns3:cad>
          </ns3:TrackPointExtension>
        </extensions>
      </trkpt>
      <trkpt lat="30.4203934036195278167724609375" lon="120.26768845506012439727783203125">
        <ele>11</ele>
        <time>2024-09-02T13:35:17.000Z</time>
        <extensions>
          <ns3:TrackPointExtension>
            <ns3:cad>96</ns3:cad>
          </ns3:TrackPointExtension>
        </extensions>
      </trkpt>
      <trkpt lat="30.42041301727294921875" lon="120.26770253665745258331298828125">
        <ele>11</ele>
        <time>2024-09-02T13:35:18.000Z</time>
        <extensions>
          <ns3:TrackPointExtension>
            <ns3:cad>95</ns3:cad>
          </ns3:TrackPointExtension>
        </extensions>
      </trkpt>
      <trkpt lat="30.4204329662024974822998046875" lon="120.2677143551409244537353515625">
        <ele>11</ele>
        <time>2024-09-02T13:35:19.000Z</time>
        <extensions>
          <ns3:TrackPointExtension>
            <ns3:cad>95</ns3:cad>
          </ns3:TrackPointExtension>
        </extensions>
      </trkpt>
      <trkpt lat="30.4204534180462360382080078125" lon="120.2677260898053646087646484375">
        <ele>11</ele>
        <time>2024-09-02T13:35:20.000Z</time>
        <extensions>
          <ns3:TrackPointExtension>
            <ns3:cad>95</ns3:cad>
          </ns3:TrackPointExtension>
        </extensions>
      </trkpt>
      <trkpt lat="30.42047479189932346343994140625" lon="120.267735980451107025146484375">
        <ele>11</ele>
        <time>2024-09-02T13:35:21.000Z</time>
        <extensions>
          <ns3:TrackPointExtension>
            <ns3:cad>94</ns3:cad>
          </ns3:TrackPointExtension>
        </extensions>
      </trkpt>
      <trkpt lat="30.42049608193337917327880859375" lon="120.267748050391674041748046875">
        <ele>11</ele>
        <time>2024-09-02T13:35:22.000Z</time>
        <extensions>
          <ns3:TrackPointExtension>
            <ns3:cad>94</ns3:cad>
          </ns3:TrackPointExtension>
        </extensions>
      </trkpt>
      <trkpt lat="30.42051167227327823638916015625" lon="120.2677649818360805511474609375">
        <ele>11</ele>
        <time>2024-09-02T13:35:23.000Z</time>
        <extensions>
          <ns3:TrackPointExtension>
            <ns3:cad>94</ns3:cad>
          </ns3:TrackPointExtension>
        </extensions>
      </trkpt>
      <trkpt lat="30.42052491568028926849365234375" lon="120.2677840925753116607666015625">
        <ele>11</ele>
        <time>2024-09-02T13:35:24.000Z</time>
        <extensions>
          <ns3:TrackPointExtension>
            <ns3:cad>95</ns3:cad>
          </ns3:TrackPointExtension>
        </extensions>
      </trkpt>
      <trkpt lat="30.42053882963955402374267578125" lon="120.26780270040035247802734375">
        <ele>11</ele>
        <time>2024-09-02T13:35:25.000Z</time>
        <extensions>
          <ns3:TrackPointExtension>
            <ns3:cad>95</ns3:cad>
          </ns3:TrackPointExtension>
        </extensions>
      </trkpt>
      <trkpt lat="30.420554168522357940673828125" lon="120.26782524771988391876220703125">
        <ele>11</ele>
        <time>2024-09-02T13:35:26.000Z</time>
        <extensions>
          <ns3:TrackPointExtension>
            <ns3:cad>95</ns3:cad>
          </ns3:TrackPointExtension>
        </extensions>
      </trkpt>
      <trkpt lat="30.42057051323354244232177734375" lon="120.26784955523908138275146484375">
        <ele>11</ele>
        <time>2024-09-02T13:35:27.000Z</time>
        <extensions>
          <ns3:TrackPointExtension>
            <ns3:cad>95</ns3:cad>
          </ns3:TrackPointExtension>
        </extensions>
      </trkpt>
      <trkpt lat="30.42058794759213924407958984375" lon="120.267870090901851654052734375">
        <ele>11</ele>
        <time>2024-09-02T13:35:28.000Z</time>
        <extensions>
          <ns3:TrackPointExtension>
            <ns3:cad>95</ns3:cad>
          </ns3:TrackPointExtension>
        </extensions>
      </trkpt>
      <trkpt lat="30.4206036217510700225830078125" lon="120.26788911782205104827880859375">
        <ele>11</ele>
        <time>2024-09-02T13:35:29.000Z</time>
        <extensions>
          <ns3:TrackPointExtension>
            <ns3:cad>95</ns3:cad>
          </ns3:TrackPointExtension>
        </extensions>
      </trkpt>
      <trkpt lat="30.42061485350131988525390625" lon="120.2679047919809818267822265625">
        <ele>11</ele>
        <time>2024-09-02T13:35:30.000Z</time>
        <extensions>
          <ns3:TrackPointExtension>
            <ns3:cad>95</ns3:cad>
          </ns3:TrackPointExtension>
        </extensions>
      </trkpt>
      <trkpt lat="30.4206294380128383636474609375" lon="120.26791996322572231292724609375">
        <ele>11</ele>
        <time>2024-09-02T13:35:31.000Z</time>
        <extensions>
          <ns3:TrackPointExtension>
            <ns3:cad>95</ns3:cad>
          </ns3:TrackPointExtension>
        </extensions>
      </trkpt>
      <trkpt lat="30.42064997367560863494873046875" lon="120.26793278753757476806640625">
        <ele>11</ele>
        <time>2024-09-02T13:35:32.000Z</time>
        <extensions>
          <ns3:TrackPointExtension>
            <ns3:cad>93</ns3:cad>
          </ns3:TrackPointExtension>
        </extensions>
      </trkpt>
      <trkpt lat="30.4206706769764423370361328125" lon="120.267944522202014923095703125">
        <ele>11</ele>
        <time>2024-09-02T13:35:33.000Z</time>
        <extensions>
          <ns3:TrackPointExtension>
            <ns3:cad>93</ns3:cad>
          </ns3:TrackPointExtension>
        </extensions>
      </trkpt>
      <trkpt lat="30.42068920098245143890380859375" lon="120.2679617889225482940673828125">
        <ele>11</ele>
        <time>2024-09-02T13:35:34.000Z</time>
        <extensions>
          <ns3:TrackPointExtension>
            <ns3:cad>93</ns3:cad>
          </ns3:TrackPointExtension>
        </extensions>
      </trkpt>
      <trkpt lat="30.42070294730365276336669921875" lon="120.26798316277563571929931640625">
        <ele>11</ele>
        <time>2024-09-02T13:35:35.000Z</time>
        <extensions>
          <ns3:TrackPointExtension>
            <ns3:cad>93</ns3:cad>
          </ns3:TrackPointExtension>
        </extensions>
      </trkpt>
      <trkpt lat="30.42071468196809291839599609375" lon="120.26800495572388172149658203125">
        <ele>11.19999980926513671875</ele>
        <time>2024-09-02T13:35:36.000Z</time>
        <extensions>
          <ns3:TrackPointExtension>
            <ns3:cad>92</ns3:cad>
          </ns3:TrackPointExtension>
        </extensions>
      </trkpt>
      <trkpt lat="30.42072616517543792724609375" lon="120.26802808977663516998291015625">
        <ele>11.19999980926513671875</ele>
        <time>2024-09-02T13:35:37.000Z</time>
        <extensions>
          <ns3:TrackPointExtension>
            <ns3:cad>91</ns3:cad>
          </ns3:TrackPointExtension>
        </extensions>
      </trkpt>
      <trkpt lat="30.42073697783052921295166015625" lon="120.26805424131453037261962890625">
        <ele>11.19999980926513671875</ele>
        <time>2024-09-02T13:35:38.000Z</time>
        <extensions>
          <ns3:TrackPointExtension>
            <ns3:cad>91</ns3:cad>
          </ns3:TrackPointExtension>
        </extensions>
      </trkpt>
      <trkpt lat="30.42074804194271564483642578125" lon="120.2680814824998378753662109375">
        <ele>11.3999996185302734375</ele>
        <time>2024-09-02T13:35:39.000Z</time>
        <extensions>
          <ns3:TrackPointExtension>
            <ns3:cad>91</ns3:cad>
          </ns3:TrackPointExtension>
        </extensions>
      </trkpt>
      <trkpt lat="30.4207585193216800689697265625" lon="120.26810335926711559295654296875">
        <ele>11.3999996185302734375</ele>
        <time>2024-09-02T13:35:40.000Z</time>
        <extensions>
          <ns3:TrackPointExtension>
            <ns3:cad>92</ns3:cad>
          </ns3:TrackPointExtension>
        </extensions>
      </trkpt>
      <trkpt lat="30.42076773941516876220703125" lon="120.26811827905476093292236328125">
        <ele>11.6000003814697265625</ele>
        <time>2024-09-02T13:35:41.000Z</time>
        <extensions>
          <ns3:TrackPointExtension>
            <ns3:cad>92</ns3:cad>
          </ns3:TrackPointExtension>
        </extensions>
      </trkpt>
      <trkpt lat="30.4207764565944671630859375" lon="120.26812934316694736480712890625">
        <ele>11.6000003814697265625</ele>
        <time>2024-09-02T13:35:42.000Z</time>
        <extensions>
          <ns3:TrackPointExtension>
            <ns3:cad>92</ns3:cad>
          </ns3:TrackPointExtension>
        </extensions>
      </trkpt>
      <trkpt lat="30.42078374885022640228271484375" lon="120.26813839562237262725830078125">
        <ele>11.6000003814697265625</ele>
        <time>2024-09-02T13:35:43.000Z</time>
        <extensions>
          <ns3:TrackPointExtension>
            <ns3:cad>92</ns3:cad>
          </ns3:TrackPointExtension>
        </extensions>
      </trkpt>
      <trkpt lat="30.42078911326825618743896484375" lon="120.268146358430385589599609375">
        <ele>11.6000003814697265625</ele>
        <time>2024-09-02T13:35:44.000Z</time>
        <extensions>
          <ns3:TrackPointExtension>
            <ns3:cad>0</ns3:cad>
          </ns3:TrackPointExtension>
        </extensions>
      </trkpt>
      <trkpt lat="30.42079162783920764923095703125" lon="120.268153734505176544189453125">
        <ele>11.6000003814697265625</ele>
        <time>2024-09-02T13:35:45.000Z</time>
        <extensions>
          <ns3:TrackPointExtension>
            <ns3:cad>0</ns3:cad>
          </ns3:TrackPointExtension>
        </extensions>
      </trkpt>
      <trkpt lat="30.420791208744049072265625" lon="120.268165133893489837646484375">
        <ele>11.6000003814697265625</ele>
        <time>2024-09-02T13:35:46.000Z</time>
        <extensions>
          <ns3:TrackPointExtension>
            <ns3:cad>0</ns3:cad>
          </ns3:TrackPointExtension>
        </extensions>
      </trkpt>
      <trkpt lat="30.4207907058298587799072265625" lon="120.2681803889572620391845703125">
        <ele>11.80000019073486328125</ele>
        <time>2024-09-02T13:35:47.000Z</time>
        <extensions>
          <ns3:TrackPointExtension>
            <ns3:cad>57</ns3:cad>
          </ns3:TrackPointExtension>
        </extensions>
      </trkpt>
      <trkpt lat="30.4207893647253513336181640625" lon="120.26820276863873004913330078125">
        <ele>11.80000019073486328125</ele>
        <time>2024-09-02T13:35:48.000Z</time>
        <extensions>
          <ns3:TrackPointExtension>
            <ns3:cad>57</ns3:cad>
          </ns3:TrackPointExtension>
        </extensions>
      </trkpt>
      <trkpt lat="30.42079296894371509552001953125" lon="120.2682246454060077667236328125">
        <ele>11.80000019073486328125</ele>
        <time>2024-09-02T13:35:49.000Z</time>
        <extensions>
          <ns3:TrackPointExtension>
            <ns3:cad>53</ns3:cad>
          </ns3:TrackPointExtension>
        </extensions>
      </trkpt>
      <trkpt lat="30.42080520652234554290771484375" lon="120.268244929611682891845703125">
        <ele>12</ele>
        <time>2024-09-02T13:35:50.000Z</time>
        <extensions>
          <ns3:TrackPointExtension>
            <ns3:cad>53</ns3:cad>
          </ns3:TrackPointExtension>
        </extensions>
      </trkpt>
      <trkpt lat="30.42081945575773715972900390625" lon="120.268266387283802032470703125">
        <ele>12</ele>
        <time>2024-09-02T13:35:51.000Z</time>
        <extensions>
          <ns3:TrackPointExtension>
            <ns3:cad>53</ns3:cad>
          </ns3:TrackPointExtension>
        </extensions>
      </trkpt>
      <trkpt lat="30.42083420790731906890869140625" lon="120.2682873420417308807373046875">
        <ele>12</ele>
        <time>2024-09-02T13:35:52.000Z</time>
        <extensions>
          <ns3:TrackPointExtension>
            <ns3:cad>94</ns3:cad>
          </ns3:TrackPointExtension>
        </extensions>
      </trkpt>
      <trkpt lat="30.42084778659045696258544921875" lon="120.26830938644707202911376953125">
        <ele>12</ele>
        <time>2024-09-02T13:35:53.000Z</time>
        <extensions>
          <ns3:TrackPointExtension>
            <ns3:cad>94</ns3:cad>
          </ns3:TrackPointExtension>
        </extensions>
      </trkpt>
      <trkpt lat="30.4208614490926265716552734375" lon="120.26833402924239635467529296875">
        <ele>12.19999980926513671875</ele>
        <time>2024-09-02T13:35:54.000Z</time>
        <extensions>
          <ns3:TrackPointExtension>
            <ns3:cad>92</ns3:cad>
          </ns3:TrackPointExtension>
        </extensions>
      </trkpt>
      <trkpt lat="30.4208748601377010345458984375" lon="120.26835666038095951080322265625">
        <ele>12.19999980926513671875</ele>
        <time>2024-09-02T13:35:55.000Z</time>
        <extensions>
          <ns3:TrackPointExtension>
            <ns3:cad>91</ns3:cad>
          </ns3:TrackPointExtension>
        </extensions>
      </trkpt>
      <trkpt lat="30.4208889417350292205810546875" lon="120.2683808840811252593994140625">
        <ele>12.3999996185302734375</ele>
        <time>2024-09-02T13:35:56.000Z</time>
        <extensions>
          <ns3:TrackPointExtension>
            <ns3:cad>91</ns3:cad>
          </ns3:TrackPointExtension>
        </extensions>
      </trkpt>
      <trkpt lat="30.42090117931365966796875" lon="120.26840351521968841552734375">
        <ele>12.3999996185302734375</ele>
        <time>2024-09-02T13:35:57.000Z</time>
        <extensions>
          <ns3:TrackPointExtension>
            <ns3:cad>90</ns3:cad>
          </ns3:TrackPointExtension>
        </extensions>
      </trkpt>
      <trkpt lat="30.42090713046491146087646484375" lon="120.26842623017728328704833984375">
        <ele>12.6000003814697265625</ele>
        <time>2024-09-02T13:35:58.000Z</time>
        <extensions>
          <ns3:TrackPointExtension>
            <ns3:cad>89</ns3:cad>
          </ns3:TrackPointExtension>
        </extensions>
      </trkpt>
      <trkpt lat="30.42090964503586292266845703125" lon="120.2684509567916393280029296875">
        <ele>12.80000019073486328125</ele>
        <time>2024-09-02T13:35:59.000Z</time>
        <extensions>
          <ns3:TrackPointExtension>
            <ns3:cad>88</ns3:cad>
          </ns3:TrackPointExtension>
        </extensions>
      </trkpt>
      <trkpt lat="30.420913584530353546142578125" lon="120.268474929034709930419921875">
        <ele>13</ele>
        <time>2024-09-02T13:36:00.000Z</time>
        <extensions>
          <ns3:TrackPointExtension>
            <ns3:cad>88</ns3:cad>
          </ns3:TrackPointExtension>
        </extensions>
      </trkpt>
      <trkpt lat="30.42091970331966876983642578125" lon="120.2684999071061611175537109375">
        <ele>13.19999980926513671875</ele>
        <time>2024-09-02T13:36:01.000Z</time>
        <extensions>
          <ns3:TrackPointExtension>
            <ns3:cad>88</ns3:cad>
          </ns3:TrackPointExtension>
        </extensions>
      </trkpt>
      <trkpt lat="30.42092774994671344757080078125" lon="120.2685233764350414276123046875">
        <ele>13.3999996185302734375</ele>
        <time>2024-09-02T13:36:02.000Z</time>
        <extensions>
          <ns3:TrackPointExtension>
            <ns3:cad>88</ns3:cad>
          </ns3:TrackPointExtension>
        </extensions>
      </trkpt>
      <trkpt lat="30.42093697004020214080810546875" lon="120.26854558847844600677490234375">
        <ele>13.3999996185302734375</ele>
        <time>2024-09-02T13:36:03.000Z</time>
        <extensions>
          <ns3:TrackPointExtension>
            <ns3:cad>88</ns3:cad>
          </ns3:TrackPointExtension>
        </extensions>
      </trkpt>
      <trkpt lat="30.42094736360013484954833984375" lon="120.2685669623315334320068359375">
        <ele>13.3999996185302734375</ele>
        <time>2024-09-02T13:36:04.000Z</time>
        <extensions>
          <ns3:TrackPointExtension>
            <ns3:cad>90</ns3:cad>
          </ns3:TrackPointExtension>
        </extensions>
      </trkpt>
      <trkpt lat="30.42096043936908245086669921875" lon="120.268586575984954833984375">
        <ele>13.3999996185302734375</ele>
        <time>2024-09-02T13:36:05.000Z</time>
        <extensions>
          <ns3:TrackPointExtension>
            <ns3:cad>92</ns3:cad>
          </ns3:TrackPointExtension>
        </extensions>
      </trkpt>
      <trkpt lat="30.420972593128681182861328125" lon="120.2686065249145030975341796875">
        <ele>13.3999996185302734375</ele>
        <time>2024-09-02T13:36:06.000Z</time>
        <extensions>
          <ns3:TrackPointExtension>
            <ns3:cad>92</ns3:cad>
          </ns3:TrackPointExtension>
        </extensions>
      </trkpt>
      <trkpt lat="30.420984327793121337890625" lon="120.2686242945492267608642578125">
        <ele>13.19999980926513671875</ele>
        <time>2024-09-02T13:36:07.000Z</time>
        <extensions>
          <ns3:TrackPointExtension>
            <ns3:cad>92</ns3:cad>
          </ns3:TrackPointExtension>
        </extensions>
      </trkpt>
      <trkpt lat="30.42099815793335437774658203125" lon="120.26864466257393360137939453125">
        <ele>13.19999980926513671875</ele>
        <time>2024-09-02T13:36:08.000Z</time>
        <extensions>
          <ns3:TrackPointExtension>
            <ns3:cad>92</ns3:cad>
          </ns3:TrackPointExtension>
        </extensions>
      </trkpt>
      <trkpt lat="30.42101441882550716400146484375" lon="120.2686635218560695648193359375">
        <ele>13</ele>
        <time>2024-09-02T13:36:09.000Z</time>
        <extensions>
          <ns3:TrackPointExtension>
            <ns3:cad>90</ns3:cad>
          </ns3:TrackPointExtension>
        </extensions>
      </trkpt>
      <trkpt lat="30.4210290871560573577880859375" lon="120.2686836384236812591552734375">
        <ele>13</ele>
        <time>2024-09-02T13:36:10.000Z</time>
        <extensions>
          <ns3:TrackPointExtension>
            <ns3:cad>90</ns3:cad>
          </ns3:TrackPointExtension>
        </extensions>
      </trkpt>
      <trkpt lat="30.42104392312467098236083984375" lon="120.26870031841099262237548828125">
        <ele>12.80000019073486328125</ele>
        <time>2024-09-02T13:36:11.000Z</time>
        <extensions>
          <ns3:TrackPointExtension>
            <ns3:cad>90</ns3:cad>
          </ns3:TrackPointExtension>
        </extensions>
      </trkpt>
      <trkpt lat="30.4210580885410308837890625" lon="120.26871875859797000885009765625">
        <ele>12.80000019073486328125</ele>
        <time>2024-09-02T13:36:12.000Z</time>
        <extensions>
          <ns3:TrackPointExtension>
            <ns3:cad>91</ns3:cad>
          </ns3:TrackPointExtension>
        </extensions>
      </trkpt>
      <trkpt lat="30.4210726730525493621826171875" lon="120.26873870752751827239990234375">
        <ele>12.80000019073486328125</ele>
        <time>2024-09-02T13:36:13.000Z</time>
        <extensions>
          <ns3:TrackPointExtension>
            <ns3:cad>93</ns3:cad>
          </ns3:TrackPointExtension>
        </extensions>
      </trkpt>
      <trkpt lat="30.42108499445021152496337890625" lon="120.26875714771449565887451171875">
        <ele>12.6000003814697265625</ele>
        <time>2024-09-02T13:36:14.000Z</time>
        <extensions>
          <ns3:TrackPointExtension>
            <ns3:cad>93</ns3:cad>
          </ns3:TrackPointExtension>
        </extensions>
      </trkpt>
      <trkpt lat="30.421097986400127410888671875" lon="120.26877701282501220703125">
        <ele>12.6000003814697265625</ele>
        <time>2024-09-02T13:36:15.000Z</time>
        <extensions>
          <ns3:TrackPointExtension>
            <ns3:cad>94</ns3:cad>
          </ns3:TrackPointExtension>
        </extensions>
      </trkpt>
      <trkpt lat="30.42110946960747241973876953125" lon="120.26879671029746532440185546875">
        <ele>12.6000003814697265625</ele>
        <time>2024-09-02T13:36:16.000Z</time>
        <extensions>
          <ns3:TrackPointExtension>
            <ns3:cad>94</ns3:cad>
          </ns3:TrackPointExtension>
        </extensions>
      </trkpt>
      <trkpt lat="30.4211219586431980133056640625" lon="120.26881515048444271087646484375">
        <ele>12.80000019073486328125</ele>
        <time>2024-09-02T13:36:17.000Z</time>
        <extensions>
          <ns3:TrackPointExtension>
            <ns3:cad>96</ns3:cad>
          </ns3:TrackPointExtension>
        </extensions>
      </trkpt>
      <trkpt lat="30.42113562114536762237548828125" lon="120.2688345126807689666748046875">
        <ele>13</ele>
        <time>2024-09-02T13:36:18.000Z</time>
        <extensions>
          <ns3:TrackPointExtension>
            <ns3:cad>96</ns3:cad>
          </ns3:TrackPointExtension>
        </extensions>
      </trkpt>
      <trkpt lat="30.42115054093301296234130859375" lon="120.2688549645245075225830078125">
        <ele>13.19999980926513671875</ele>
        <time>2024-09-02T13:36:19.000Z</time>
        <extensions>
          <ns3:TrackPointExtension>
            <ns3:cad>96</ns3:cad>
          </ns3:TrackPointExtension>
        </extensions>
      </trkpt>
      <trkpt lat="30.4211642034351825714111328125" lon="120.26887633837759494781494140625">
        <ele>13.6000003814697265625</ele>
        <time>2024-09-02T13:36:20.000Z</time>
        <extensions>
          <ns3:TrackPointExtension>
            <ns3:cad>96</ns3:cad>
          </ns3:TrackPointExtension>
        </extensions>
      </trkpt>
      <trkpt lat="30.4211796261370182037353515625" lon="120.26889695785939693450927734375">
        <ele>13.80000019073486328125</ele>
        <time>2024-09-02T13:36:21.000Z</time>
        <extensions>
          <ns3:TrackPointExtension>
            <ns3:cad>94</ns3:cad>
          </ns3:TrackPointExtension>
        </extensions>
      </trkpt>
      <trkpt lat="30.4211947135627269744873046875" lon="120.2689166553318500518798828125">
        <ele>14</ele>
        <time>2024-09-02T13:36:22.000Z</time>
        <extensions>
          <ns3:TrackPointExtension>
            <ns3:cad>94</ns3:cad>
          </ns3:TrackPointExtension>
        </extensions>
      </trkpt>
      <trkpt lat="30.42120904661715030670166015625" lon="120.2689337544143199920654296875">
        <ele>14.19999980926513671875</ele>
        <time>2024-09-02T13:36:23.000Z</time>
        <extensions>
          <ns3:TrackPointExtension>
            <ns3:cad>93</ns3:cad>
          </ns3:TrackPointExtension>
        </extensions>
      </trkpt>
      <trkpt lat="30.421220697462558746337890625" lon="120.26895261369645595550537109375">
        <ele>14.3999996185302734375</ele>
        <time>2024-09-02T13:36:24.000Z</time>
        <extensions>
          <ns3:TrackPointExtension>
            <ns3:cad>93</ns3:cad>
          </ns3:TrackPointExtension>
        </extensions>
      </trkpt>
      <trkpt lat="30.4212339408695697784423828125" lon="120.26897356845438480377197265625">
        <ele>14.80000019073486328125</ele>
        <time>2024-09-02T13:36:25.000Z</time>
        <extensions>
          <ns3:TrackPointExtension>
            <ns3:cad>93</ns3:cad>
          </ns3:TrackPointExtension>
        </extensions>
      </trkpt>
      <trkpt lat="30.42124458588659763336181640625" lon="120.2689956128597259521484375">
        <ele>15</ele>
        <time>2024-09-02T13:36:26.000Z</time>
        <extensions>
          <ns3:TrackPointExtension>
            <ns3:cad>93</ns3:cad>
          </ns3:TrackPointExtension>
        </extensions>
      </trkpt>
      <trkpt lat="30.421254895627498626708984375" lon="120.26901715435087680816650390625">
        <ele>15.19999980926513671875</ele>
        <time>2024-09-02T13:36:27.000Z</time>
        <extensions>
          <ns3:TrackPointExtension>
            <ns3:cad>93</ns3:cad>
          </ns3:TrackPointExtension>
        </extensions>
      </trkpt>
      <trkpt lat="30.4212678037583827972412109375" lon="120.26903861202299594879150390625">
        <ele>15.3999996185302734375</ele>
        <time>2024-09-02T13:36:28.000Z</time>
        <extensions>
          <ns3:TrackPointExtension>
            <ns3:cad>93</ns3:cad>
          </ns3:TrackPointExtension>
        </extensions>
      </trkpt>
      <trkpt lat="30.42128138244152069091796875" lon="120.26905956678092479705810546875">
        <ele>15.6000003814697265625</ele>
        <time>2024-09-02T13:36:29.000Z</time>
        <extensions>
          <ns3:TrackPointExtension>
            <ns3:cad>93</ns3:cad>
          </ns3:TrackPointExtension>
        </extensions>
      </trkpt>
      <trkpt lat="30.42129420675337314605712890625" lon="120.2690814435482025146484375">
        <ele>16</ele>
        <time>2024-09-02T13:36:30.000Z</time>
        <extensions>
          <ns3:TrackPointExtension>
            <ns3:cad>92</ns3:cad>
          </ns3:TrackPointExtension>
        </extensions>
      </trkpt>
      <trkpt lat="30.4213050194084644317626953125" lon="120.26910432614386081695556640625">
        <ele>16.200000762939453125</ele>
        <time>2024-09-02T13:36:31.000Z</time>
        <extensions>
          <ns3:TrackPointExtension>
            <ns3:cad>92</ns3:cad>
          </ns3:TrackPointExtension>
        </extensions>
      </trkpt>
      <trkpt lat="30.42131893336772918701171875" lon="120.26912947185337543487548828125">
        <ele>16.3999996185302734375</ele>
        <time>2024-09-02T13:36:32.000Z</time>
        <extensions>
          <ns3:TrackPointExtension>
            <ns3:cad>90</ns3:cad>
          </ns3:TrackPointExtension>
        </extensions>
      </trkpt>
      <trkpt lat="30.421334691345691680908203125" lon="120.26915444992482662200927734375">
        <ele>16.799999237060546875</ele>
        <time>2024-09-02T13:36:33.000Z</time>
        <extensions>
          <ns3:TrackPointExtension>
            <ns3:cad>91</ns3:cad>
          </ns3:TrackPointExtension>
        </extensions>
      </trkpt>
      <trkpt lat="30.42134801857173442840576171875" lon="120.26917758397758007049560546875">
        <ele>17</ele>
        <time>2024-09-02T13:36:34.000Z</time>
        <extensions>
          <ns3:TrackPointExtension>
            <ns3:cad>91</ns3:cad>
          </ns3:TrackPointExtension>
        </extensions>
      </trkpt>
      <trkpt lat="30.42136008851230144500732421875" lon="120.26920222677290439605712890625">
        <ele>17</ele>
        <time>2024-09-02T13:36:35.000Z</time>
        <extensions>
          <ns3:TrackPointExtension>
            <ns3:cad>91</ns3:cad>
          </ns3:TrackPointExtension>
        </extensions>
      </trkpt>
      <trkpt lat="30.42137215845286846160888671875" lon="120.2692244388163089752197265625">
        <ele>17</ele>
        <time>2024-09-02T13:36:36.000Z</time>
        <extensions>
          <ns3:TrackPointExtension>
            <ns3:cad>93</ns3:cad>
          </ns3:TrackPointExtension>
        </extensions>
      </trkpt>
      <trkpt lat="30.42138171382248401641845703125" lon="120.2692462317645549774169921875">
        <ele>17</ele>
        <time>2024-09-02T13:36:37.000Z</time>
        <extensions>
          <ns3:TrackPointExtension>
            <ns3:cad>93</ns3:cad>
          </ns3:TrackPointExtension>
        </extensions>
      </trkpt>
      <trkpt lat="30.42139277793467044830322265625" lon="120.26926894672214984893798828125">
        <ele>17.200000762939453125</ele>
        <time>2024-09-02T13:36:38.000Z</time>
        <extensions>
          <ns3:TrackPointExtension>
            <ns3:cad>93</ns3:cad>
          </ns3:TrackPointExtension>
        </extensions>
      </trkpt>
      <trkpt lat="30.42140568606555461883544921875" lon="120.2692879736423492431640625">
        <ele>17</ele>
        <time>2024-09-02T13:36:39.000Z</time>
        <extensions>
          <ns3:TrackPointExtension>
            <ns3:cad>91</ns3:cad>
          </ns3:TrackPointExtension>
        </extensions>
      </trkpt>
      <trkpt lat="30.4214175045490264892578125" lon="120.2693065814673900604248046875">
        <ele>17</ele>
        <time>2024-09-02T13:36:40.000Z</time>
        <extensions>
          <ns3:TrackPointExtension>
            <ns3:cad>89</ns3:cad>
          </ns3:TrackPointExtension>
        </extensions>
      </trkpt>
      <trkpt lat="30.42143024504184722900390625" lon="120.2693243511021137237548828125">
        <ele>17</ele>
        <time>2024-09-02T13:36:41.000Z</time>
        <extensions>
          <ns3:TrackPointExtension>
            <ns3:cad>88</ns3:cad>
          </ns3:TrackPointExtension>
        </extensions>
      </trkpt>
      <trkpt lat="30.42144231498241424560546875" lon="120.2693469822406768798828125">
        <ele>17</ele>
        <time>2024-09-02T13:36:42.000Z</time>
        <extensions>
          <ns3:TrackPointExtension>
            <ns3:cad>88</ns3:cad>
          </ns3:TrackPointExtension>
        </extensions>
      </trkpt>
      <trkpt lat="30.42145128361880779266357421875" lon="120.2693722955882549285888671875">
        <ele>17</ele>
        <time>2024-09-02T13:36:43.000Z</time>
        <extensions>
          <ns3:TrackPointExtension>
            <ns3:cad>88</ns3:cad>
          </ns3:TrackPointExtension>
        </extensions>
      </trkpt>
      <trkpt lat="30.4214629344642162322998046875" lon="120.269396938383579254150390625">
        <ele>16.799999237060546875</ele>
        <time>2024-09-02T13:36:44.000Z</time>
        <extensions>
          <ns3:TrackPointExtension>
            <ns3:cad>88</ns3:cad>
          </ns3:TrackPointExtension>
        </extensions>
      </trkpt>
      <trkpt lat="30.42147743515670299530029296875" lon="120.26941797696053981781005859375">
        <ele>16.3999996185302734375</ele>
        <time>2024-09-02T13:36:45.000Z</time>
        <extensions>
          <ns3:TrackPointExtension>
            <ns3:cad>88</ns3:cad>
          </ns3:TrackPointExtension>
        </extensions>
      </trkpt>
      <trkpt lat="30.42149369604885578155517578125" lon="120.26943708769977092742919921875">
        <ele>16</ele>
        <time>2024-09-02T13:36:46.000Z</time>
        <extensions>
          <ns3:TrackPointExtension>
            <ns3:cad>88</ns3:cad>
          </ns3:TrackPointExtension>
        </extensions>
      </trkpt>
      <trkpt lat="30.421506352722644805908203125" lon="120.26946122758090496063232421875">
        <ele>15.80000019073486328125</ele>
        <time>2024-09-02T13:36:47.000Z</time>
        <extensions>
          <ns3:TrackPointExtension>
            <ns3:cad>88</ns3:cad>
          </ns3:TrackPointExtension>
        </extensions>
      </trkpt>
      <trkpt lat="30.42151900939643383026123046875" lon="120.26948486454784870147705078125">
        <ele>15.3999996185302734375</ele>
        <time>2024-09-02T13:36:48.000Z</time>
        <extensions>
          <ns3:TrackPointExtension>
            <ns3:cad>89</ns3:cad>
          </ns3:TrackPointExtension>
        </extensions>
      </trkpt>
      <trkpt lat="30.421529151499271392822265625" lon="120.26950766332447528839111328125">
        <ele>15.19999980926513671875</ele>
        <time>2024-09-02T13:36:49.000Z</time>
        <extensions>
          <ns3:TrackPointExtension>
            <ns3:cad>89</ns3:cad>
          </ns3:TrackPointExtension>
        </extensions>
      </trkpt>
      <trkpt lat="30.42153979651629924774169921875" lon="120.269529707729816436767578125">
        <ele>15</ele>
        <time>2024-09-02T13:36:50.000Z</time>
        <extensions>
          <ns3:TrackPointExtension>
            <ns3:cad>89</ns3:cad>
          </ns3:TrackPointExtension>
        </extensions>
      </trkpt>
      <trkpt lat="30.4215524531900882720947265625" lon="120.26955225504934787750244140625">
        <ele>14.6000003814697265625</ele>
        <time>2024-09-02T13:36:51.000Z</time>
        <extensions>
          <ns3:TrackPointExtension>
            <ns3:cad>89</ns3:cad>
          </ns3:TrackPointExtension>
        </extensions>
      </trkpt>
      <trkpt lat="30.421566702425479888916015625" lon="120.26957555674016475677490234375">
        <ele>14.19999980926513671875</ele>
        <time>2024-09-02T13:36:52.000Z</time>
        <extensions>
          <ns3:TrackPointExtension>
            <ns3:cad>89</ns3:cad>
          </ns3:TrackPointExtension>
        </extensions>
      </trkpt>
      <trkpt lat="30.4215809516608715057373046875" lon="120.26959936134517192840576171875">
        <ele>14</ele>
        <time>2024-09-02T13:36:53.000Z</time>
        <extensions>
          <ns3:TrackPointExtension>
            <ns3:cad>89</ns3:cad>
          </ns3:TrackPointExtension>
        </extensions>
      </trkpt>
      <trkpt lat="30.42159545235335826873779296875" lon="120.26962459087371826171875">
        <ele>13.6000003814697265625</ele>
        <time>2024-09-02T13:36:54.000Z</time>
        <extensions>
          <ns3:TrackPointExtension>
            <ns3:cad>89</ns3:cad>
          </ns3:TrackPointExtension>
        </extensions>
      </trkpt>
      <trkpt lat="30.42160953395068645477294921875" lon="120.2696458809077739715576171875">
        <ele>13.3999996185302734375</ele>
        <time>2024-09-02T13:36:55.000Z</time>
        <extensions>
          <ns3:TrackPointExtension>
            <ns3:cad>89</ns3:cad>
          </ns3:TrackPointExtension>
        </extensions>
      </trkpt>
      <trkpt lat="30.4216253757476806640625" lon="120.2696646563708782196044921875">
        <ele>13</ele>
        <time>2024-09-02T13:36:56.000Z</time>
        <extensions>
          <ns3:TrackPointExtension>
            <ns3:cad>90</ns3:cad>
          </ns3:TrackPointExtension>
        </extensions>
      </trkpt>
      <trkpt lat="30.4216401278972625732421875" lon="120.2696835994720458984375">
        <ele>13</ele>
        <time>2024-09-02T13:36:57.000Z</time>
        <extensions>
          <ns3:TrackPointExtension>
            <ns3:cad>90</ns3:cad>
          </ns3:TrackPointExtension>
        </extensions>
      </trkpt>
      <trkpt lat="30.4216562211513519287109375" lon="120.2697035484015941619873046875">
        <ele>12.80000019073486328125</ele>
        <time>2024-09-02T13:36:58.000Z</time>
        <extensions>
          <ns3:TrackPointExtension>
            <ns3:cad>91</ns3:cad>
          </ns3:TrackPointExtension>
        </extensions>
      </trkpt>
      <trkpt lat="30.42167072184383869171142578125" lon="120.26972441934049129486083984375">
        <ele>12.6000003814697265625</ele>
        <time>2024-09-02T13:36:59.000Z</time>
        <extensions>
          <ns3:TrackPointExtension>
            <ns3:cad>94</ns3:cad>
          </ns3:TrackPointExtension>
        </extensions>
      </trkpt>
      <trkpt lat="30.4216852225363254547119140625" lon="120.26974260807037353515625">
        <ele>12.3999996185302734375</ele>
        <time>2024-09-02T13:37:00.000Z</time>
        <extensions>
          <ns3:TrackPointExtension>
            <ns3:cad>94</ns3:cad>
          </ns3:TrackPointExtension>
        </extensions>
      </trkpt>
      <trkpt lat="30.42170257307589054107666015625" lon="120.2697578631341457366943359375">
        <ele>12.19999980926513671875</ele>
        <time>2024-09-02T13:37:01.000Z</time>
        <extensions>
          <ns3:TrackPointExtension>
            <ns3:cad>94</ns3:cad>
          </ns3:TrackPointExtension>
        </extensions>
      </trkpt>
      <trkpt lat="30.421718247234821319580078125" lon="120.26977873407304286956787109375">
        <ele>12.19999980926513671875</ele>
        <time>2024-09-02T13:37:02.000Z</time>
        <extensions>
          <ns3:TrackPointExtension>
            <ns3:cad>93</ns3:cad>
          </ns3:TrackPointExtension>
        </extensions>
      </trkpt>
      <trkpt lat="30.421732999384403228759765625" lon="120.2697994373738765716552734375">
        <ele>12</ele>
        <time>2024-09-02T13:37:03.000Z</time>
        <extensions>
          <ns3:TrackPointExtension>
            <ns3:cad>93</ns3:cad>
          </ns3:TrackPointExtension>
        </extensions>
      </trkpt>
      <trkpt lat="30.421749092638492584228515625" lon="120.26981762610375881195068359375">
        <ele>11.80000019073486328125</ele>
        <time>2024-09-02T13:37:04.000Z</time>
        <extensions>
          <ns3:TrackPointExtension>
            <ns3:cad>93</ns3:cad>
          </ns3:TrackPointExtension>
        </extensions>
      </trkpt>
      <trkpt lat="30.4217646829783916473388671875" lon="120.26983556337654590606689453125">
        <ele>11.6000003814697265625</ele>
        <time>2024-09-02T13:37:05.000Z</time>
        <extensions>
          <ns3:TrackPointExtension>
            <ns3:cad>93</ns3:cad>
          </ns3:TrackPointExtension>
        </extensions>
      </trkpt>
      <trkpt lat="30.42177901603281497955322265625" lon="120.26985383592545986175537109375">
        <ele>11.6000003814697265625</ele>
        <time>2024-09-02T13:37:06.000Z</time>
        <extensions>
          <ns3:TrackPointExtension>
            <ns3:cad>93</ns3:cad>
          </ns3:TrackPointExtension>
        </extensions>
      </trkpt>
      <trkpt lat="30.42179242707788944244384765625" lon="120.2698755450546741485595703125">
        <ele>11.3999996185302734375</ele>
        <time>2024-09-02T13:37:07.000Z</time>
        <extensions>
          <ns3:TrackPointExtension>
            <ns3:cad>93</ns3:cad>
          </ns3:TrackPointExtension>
        </extensions>
      </trkpt>
      <trkpt lat="30.42180818505585193634033203125" lon="120.26989557780325412750244140625">
        <ele>11.19999980926513671875</ele>
        <time>2024-09-02T13:37:08.000Z</time>
        <extensions>
          <ns3:TrackPointExtension>
            <ns3:cad>92</ns3:cad>
          </ns3:TrackPointExtension>
        </extensions>
      </trkpt>
      <trkpt lat="30.42182243429124355316162109375" lon="120.26991871185600757598876953125">
        <ele>11.19999980926513671875</ele>
        <time>2024-09-02T13:37:09.000Z</time>
        <extensions>
          <ns3:TrackPointExtension>
            <ns3:cad>92</ns3:cad>
          </ns3:TrackPointExtension>
        </extensions>
      </trkpt>
      <trkpt lat="30.421840287744998931884765625" lon="120.26993664912879467010498046875">
        <ele>11</ele>
        <time>2024-09-02T13:37:10.000Z</time>
        <extensions>
          <ns3:TrackPointExtension>
            <ns3:cad>92</ns3:cad>
          </ns3:TrackPointExtension>
        </extensions>
      </trkpt>
      <trkpt lat="30.42185864411294460296630859375" lon="120.2699583582580089569091796875">
        <ele>10.80000019073486328125</ele>
        <time>2024-09-02T13:37:11.000Z</time>
        <extensions>
          <ns3:TrackPointExtension>
            <ns3:cad>90</ns3:cad>
          </ns3:TrackPointExtension>
        </extensions>
      </trkpt>
      <trkpt lat="30.42187557555735111236572265625" lon="120.26997989974915981292724609375">
        <ele>10.80000019073486328125</ele>
        <time>2024-09-02T13:37:12.000Z</time>
        <extensions>
          <ns3:TrackPointExtension>
            <ns3:cad>90</ns3:cad>
          </ns3:TrackPointExtension>
        </extensions>
      </trkpt>
      <trkpt lat="30.42189166881144046783447265625" lon="120.2699989266693592071533203125">
        <ele>10.6000003814697265625</ele>
        <time>2024-09-02T13:37:13.000Z</time>
        <extensions>
          <ns3:TrackPointExtension>
            <ns3:cad>90</ns3:cad>
          </ns3:TrackPointExtension>
        </extensions>
      </trkpt>
      <trkpt lat="30.42190507985651493072509765625" lon="120.2700170315802097320556640625">
        <ele>10.6000003814697265625</ele>
        <time>2024-09-02T13:37:14.000Z</time>
        <extensions>
          <ns3:TrackPointExtension>
            <ns3:cad>90</ns3:cad>
          </ns3:TrackPointExtension>
        </extensions>
      </trkpt>
      <trkpt lat="30.421917736530303955078125" lon="120.2700374834239482879638671875">
        <ele>10.80000019073486328125</ele>
        <time>2024-09-02T13:37:15.000Z</time>
        <extensions>
          <ns3:TrackPointExtension>
            <ns3:cad>90</ns3:cad>
          </ns3:TrackPointExtension>
        </extensions>
      </trkpt>
      <trkpt lat="30.42192888446152210235595703125" lon="120.270057432353496551513671875">
        <ele>10.80000019073486328125</ele>
        <time>2024-09-02T13:37:16.000Z</time>
        <extensions>
          <ns3:TrackPointExtension>
            <ns3:cad>90</ns3:cad>
          </ns3:TrackPointExtension>
        </extensions>
      </trkpt>
      <trkpt lat="30.42194363661110401153564453125" lon="120.27008257806301116943359375">
        <ele>11</ele>
        <time>2024-09-02T13:37:17.000Z</time>
        <extensions>
          <ns3:TrackPointExtension>
            <ns3:cad>90</ns3:cad>
          </ns3:TrackPointExtension>
        </extensions>
      </trkpt>
      <trkpt lat="30.421960651874542236328125" lon="120.27010479010641574859619140625">
        <ele>11.19999980926513671875</ele>
        <time>2024-09-02T13:37:18.000Z</time>
        <extensions>
          <ns3:TrackPointExtension>
            <ns3:cad>90</ns3:cad>
          </ns3:TrackPointExtension>
        </extensions>
      </trkpt>
      <trkpt lat="30.4219780862331390380859375" lon="120.27012591250240802764892578125">
        <ele>11.19999980926513671875</ele>
        <time>2024-09-02T13:37:19.000Z</time>
        <extensions>
          <ns3:TrackPointExtension>
            <ns3:cad>91</ns3:cad>
          </ns3:TrackPointExtension>
        </extensions>
      </trkpt>
      <trkpt lat="30.4219940118491649627685546875" lon="120.27014720253646373748779296875">
        <ele>11.19999980926513671875</ele>
        <time>2024-09-02T13:37:20.000Z</time>
        <extensions>
          <ns3:TrackPointExtension>
            <ns3:cad>91</ns3:cad>
          </ns3:TrackPointExtension>
        </extensions>
      </trkpt>
      <trkpt lat="30.42200960218906402587890625" lon="120.270167402923107147216796875">
        <ele>11.3999996185302734375</ele>
        <time>2024-09-02T13:37:21.000Z</time>
        <extensions>
          <ns3:TrackPointExtension>
            <ns3:cad>91</ns3:cad>
          </ns3:TrackPointExtension>
        </extensions>
      </trkpt>
      <trkpt lat="30.42202435433864593505859375" lon="120.27018575929105281829833984375">
        <ele>11.3999996185302734375</ele>
        <time>2024-09-02T13:37:22.000Z</time>
        <extensions>
          <ns3:TrackPointExtension>
            <ns3:cad>91</ns3:cad>
          </ns3:TrackPointExtension>
        </extensions>
      </trkpt>
      <trkpt lat="30.42204136960208415985107421875" lon="120.27020134963095188140869140625">
        <ele>11.6000003814697265625</ele>
        <time>2024-09-02T13:37:23.000Z</time>
        <extensions>
          <ns3:TrackPointExtension>
            <ns3:cad>91</ns3:cad>
          </ns3:TrackPointExtension>
        </extensions>
      </trkpt>
      <trkpt lat="30.4220597259700298309326171875" lon="120.2702185325324535369873046875">
        <ele>11.6000003814697265625</ele>
        <time>2024-09-02T13:37:24.000Z</time>
        <extensions>
          <ns3:TrackPointExtension>
            <ns3:cad>91</ns3:cad>
          </ns3:TrackPointExtension>
        </extensions>
      </trkpt>
      <trkpt lat="30.42207975871860980987548828125" lon="120.27023755945265293121337890625">
        <ele>11.6000003814697265625</ele>
        <time>2024-09-02T13:37:25.000Z</time>
        <extensions>
          <ns3:TrackPointExtension>
            <ns3:cad>91</ns3:cad>
          </ns3:TrackPointExtension>
        </extensions>
      </trkpt>
      <trkpt lat="30.4220982827246189117431640625" lon="120.27025382034480571746826171875">
        <ele>11.6000003814697265625</ele>
        <time>2024-09-02T13:37:26.000Z</time>
        <extensions>
          <ns3:TrackPointExtension>
            <ns3:cad>91</ns3:cad>
          </ns3:TrackPointExtension>
        </extensions>
      </trkpt>
      <trkpt lat="30.42211613617837429046630859375" lon="120.2702718414366245269775390625">
        <ele>11.80000019073486328125</ele>
        <time>2024-09-02T13:37:27.000Z</time>
        <extensions>
          <ns3:TrackPointExtension>
            <ns3:cad>92</ns3:cad>
          </ns3:TrackPointExtension>
        </extensions>
      </trkpt>
      <trkpt lat="30.42213122360408306121826171875" lon="120.27028969489037990570068359375">
        <ele>11.80000019073486328125</ele>
        <time>2024-09-02T13:37:28.000Z</time>
        <extensions>
          <ns3:TrackPointExtension>
            <ns3:cad>93</ns3:cad>
          </ns3:TrackPointExtension>
        </extensions>
      </trkpt>
      <trkpt lat="30.4221472330391407012939453125" lon="120.27030210010707378387451171875">
        <ele>11.80000019073486328125</ele>
        <time>2024-09-02T13:37:29.000Z</time>
        <extensions>
          <ns3:TrackPointExtension>
            <ns3:cad>93</ns3:cad>
          </ns3:TrackPointExtension>
        </extensions>
      </trkpt>
      <trkpt lat="30.42216525413095951080322265625" lon="120.27031802572309970855712890625">
        <ele>12</ele>
        <time>2024-09-02T13:37:30.000Z</time>
        <extensions>
          <ns3:TrackPointExtension>
            <ns3:cad>92</ns3:cad>
          </ns3:TrackPointExtension>
        </extensions>
      </trkpt>
      <trkpt lat="30.42218302376568317413330078125" lon="120.270333029329776763916015625">
        <ele>12</ele>
        <time>2024-09-02T13:37:31.000Z</time>
        <extensions>
          <ns3:TrackPointExtension>
            <ns3:cad>91</ns3:cad>
          </ns3:TrackPointExtension>
        </extensions>
      </trkpt>
      <trkpt lat="30.42219869792461395263671875" lon="120.27034887112677097320556640625">
        <ele>12</ele>
        <time>2024-09-02T13:37:32.000Z</time>
        <extensions>
          <ns3:TrackPointExtension>
            <ns3:cad>89</ns3:cad>
          </ns3:TrackPointExtension>
        </extensions>
      </trkpt>
      <trkpt lat="30.42221537791192531585693359375" lon="120.2703662216663360595703125">
        <ele>12</ele>
        <time>2024-09-02T13:37:33.000Z</time>
        <extensions>
          <ns3:TrackPointExtension>
            <ns3:cad>89</ns3:cad>
          </ns3:TrackPointExtension>
        </extensions>
      </trkpt>
      <trkpt lat="30.422231219708919525146484375" lon="120.270383320748805999755859375">
        <ele>12</ele>
        <time>2024-09-02T13:37:34.000Z</time>
        <extensions>
          <ns3:TrackPointExtension>
            <ns3:cad>88</ns3:cad>
          </ns3:TrackPointExtension>
        </extensions>
      </trkpt>
      <trkpt lat="30.422250665724277496337890625" lon="120.27040134184062480926513671875">
        <ele>12</ele>
        <time>2024-09-02T13:37:35.000Z</time>
        <extensions>
          <ns3:TrackPointExtension>
            <ns3:cad>88</ns3:cad>
          </ns3:TrackPointExtension>
        </extensions>
      </trkpt>
      <trkpt lat="30.42226977646350860595703125" lon="120.27041726745665073394775390625">
        <ele>12</ele>
        <time>2024-09-02T13:37:36.000Z</time>
        <extensions>
          <ns3:TrackPointExtension>
            <ns3:cad>88</ns3:cad>
          </ns3:TrackPointExtension>
        </extensions>
      </trkpt>
      <trkpt lat="30.42228855192661285400390625" lon="120.27043470181524753570556640625">
        <ele>12</ele>
        <time>2024-09-02T13:37:37.000Z</time>
        <extensions>
          <ns3:TrackPointExtension>
            <ns3:cad>88</ns3:cad>
          </ns3:TrackPointExtension>
        </extensions>
      </trkpt>
      <trkpt lat="30.42230791412293910980224609375" lon="120.27045247144997119903564453125">
        <ele>11.80000019073486328125</ele>
        <time>2024-09-02T13:37:38.000Z</time>
        <extensions>
          <ns3:TrackPointExtension>
            <ns3:cad>88</ns3:cad>
          </ns3:TrackPointExtension>
        </extensions>
      </trkpt>
      <trkpt lat="30.42232367210090160369873046875" lon="120.2704706601798534393310546875">
        <ele>12</ele>
        <time>2024-09-02T13:37:39.000Z</time>
        <extensions>
          <ns3:TrackPointExtension>
            <ns3:cad>88</ns3:cad>
          </ns3:TrackPointExtension>
        </extensions>
      </trkpt>
      <trkpt lat="30.42234077118337154388427734375" lon="120.27048465795814990997314453125">
        <ele>11.80000019073486328125</ele>
        <time>2024-09-02T13:37:40.000Z</time>
        <extensions>
          <ns3:TrackPointExtension>
            <ns3:cad>88</ns3:cad>
          </ns3:TrackPointExtension>
        </extensions>
      </trkpt>
      <trkpt lat="30.42235828936100006103515625" lon="120.27050242759287357330322265625">
        <ele>11.80000019073486328125</ele>
        <time>2024-09-02T13:37:41.000Z</time>
        <extensions>
          <ns3:TrackPointExtension>
            <ns3:cad>88</ns3:cad>
          </ns3:TrackPointExtension>
        </extensions>
      </trkpt>
      <trkpt lat="30.42237631045281887054443359375" lon="120.27051952667534351348876953125">
        <ele>11.80000019073486328125</ele>
        <time>2024-09-02T13:37:42.000Z</time>
        <extensions>
          <ns3:TrackPointExtension>
            <ns3:cad>88</ns3:cad>
          </ns3:TrackPointExtension>
        </extensions>
      </trkpt>
      <trkpt lat="30.42239257134497165679931640625" lon="120.27053897269070148468017578125">
        <ele>12</ele>
        <time>2024-09-02T13:37:43.000Z</time>
        <extensions>
          <ns3:TrackPointExtension>
            <ns3:cad>88</ns3:cad>
          </ns3:TrackPointExtension>
        </extensions>
      </trkpt>
      <trkpt lat="30.42240682058036327362060546875" lon="120.27055674232542514801025390625">
        <ele>12</ele>
        <time>2024-09-02T13:37:44.000Z</time>
        <extensions>
          <ns3:TrackPointExtension>
            <ns3:cad>88</ns3:cad>
          </ns3:TrackPointExtension>
        </extensions>
      </trkpt>
      <trkpt lat="30.42242475785315036773681640625" lon="120.27057451196014881134033203125">
        <ele>12</ele>
        <time>2024-09-02T13:37:45.000Z</time>
        <extensions>
          <ns3:TrackPointExtension>
            <ns3:cad>88</ns3:cad>
          </ns3:TrackPointExtension>
        </extensions>
      </trkpt>
      <trkpt lat="30.422442443668842315673828125" lon="120.27058993466198444366455078125">
        <ele>12</ele>
        <time>2024-09-02T13:37:46.000Z</time>
        <extensions>
          <ns3:TrackPointExtension>
            <ns3:cad>88</ns3:cad>
          </ns3:TrackPointExtension>
        </extensions>
      </trkpt>
      <trkpt lat="30.42245618999004364013671875" lon="120.2706076204776763916015625">
        <ele>12</ele>
        <time>2024-09-02T13:37:47.000Z</time>
        <extensions>
          <ns3:TrackPointExtension>
            <ns3:cad>88</ns3:cad>
          </ns3:TrackPointExtension>
        </extensions>
      </trkpt>
      <trkpt lat="30.42247303761541843414306640625" lon="120.270622037351131439208984375">
        <ele>12</ele>
        <time>2024-09-02T13:37:48.000Z</time>
        <extensions>
          <ns3:TrackPointExtension>
            <ns3:cad>88</ns3:cad>
          </ns3:TrackPointExtension>
        </extensions>
      </trkpt>
      <trkpt lat="30.42249063961207866668701171875" lon="120.27063251473009586334228515625">
        <ele>11.80000019073486328125</ele>
        <time>2024-09-02T13:37:49.000Z</time>
        <extensions>
          <ns3:TrackPointExtension>
            <ns3:cad>88</ns3:cad>
          </ns3:TrackPointExtension>
        </extensions>
      </trkpt>
      <trkpt lat="30.42250891216099262237548828125" lon="120.2706429921090602874755859375">
        <ele>11.80000019073486328125</ele>
        <time>2024-09-02T13:37:50.000Z</time>
        <extensions>
          <ns3:TrackPointExtension>
            <ns3:cad>88</ns3:cad>
          </ns3:TrackPointExtension>
        </extensions>
      </trkpt>
      <trkpt lat="30.4225264303386211395263671875" lon="120.2706553973257541656494140625">
        <ele>11.80000019073486328125</ele>
        <time>2024-09-02T13:37:51.000Z</time>
        <extensions>
          <ns3:TrackPointExtension>
            <ns3:cad>88</ns3:cad>
          </ns3:TrackPointExtension>
        </extensions>
      </trkpt>
      <trkpt lat="30.4225440323352813720703125" lon="120.270668305456638336181640625">
        <ele>11.80000019073486328125</ele>
        <time>2024-09-02T13:37:52.000Z</time>
        <extensions>
          <ns3:TrackPointExtension>
            <ns3:cad>87</ns3:cad>
          </ns3:TrackPointExtension>
        </extensions>
      </trkpt>
      <trkpt lat="30.42255870066583156585693359375" lon="120.27068347670137882232666015625">
        <ele>11.80000019073486328125</ele>
        <time>2024-09-02T13:37:53.000Z</time>
        <extensions>
          <ns3:TrackPointExtension>
            <ns3:cad>87</ns3:cad>
          </ns3:TrackPointExtension>
        </extensions>
      </trkpt>
      <trkpt lat="30.4225753806531429290771484375" lon="120.27069789357483386993408203125">
        <ele>11.80000019073486328125</ele>
        <time>2024-09-02T13:37:54.000Z</time>
        <extensions>
          <ns3:TrackPointExtension>
            <ns3:cad>88</ns3:cad>
          </ns3:TrackPointExtension>
        </extensions>
      </trkpt>
      <trkpt lat="30.4225931502878665924072265625" lon="120.270710550248622894287109375">
        <ele>11.6000003814697265625</ele>
        <time>2024-09-02T13:37:55.000Z</time>
        <extensions>
          <ns3:TrackPointExtension>
            <ns3:cad>88</ns3:cad>
          </ns3:TrackPointExtension>
        </extensions>
      </trkpt>
      <trkpt lat="30.42261100374162197113037109375" lon="120.270721949636936187744140625">
        <ele>11.6000003814697265625</ele>
        <time>2024-09-02T13:37:56.000Z</time>
        <extensions>
          <ns3:TrackPointExtension>
            <ns3:cad>89</ns3:cad>
          </ns3:TrackPointExtension>
        </extensions>
      </trkpt>
      <trkpt lat="30.42262927629053592681884765625" lon="120.27073091827332973480224609375">
        <ele>11.6000003814697265625</ele>
        <time>2024-09-02T13:37:57.000Z</time>
        <extensions>
          <ns3:TrackPointExtension>
            <ns3:cad>89</ns3:cad>
          </ns3:TrackPointExtension>
        </extensions>
      </trkpt>
      <trkpt lat="30.4226467944681644439697265625" lon="120.27074751444160938262939453125">
        <ele>11.6000003814697265625</ele>
        <time>2024-09-02T13:37:58.000Z</time>
        <extensions>
          <ns3:TrackPointExtension>
            <ns3:cad>89</ns3:cad>
          </ns3:TrackPointExtension>
        </extensions>
      </trkpt>
      <trkpt lat="30.4226632229983806610107421875" lon="120.2707596682012081146240234375">
        <ele>11.6000003814697265625</ele>
        <time>2024-09-02T13:37:59.000Z</time>
        <extensions>
          <ns3:TrackPointExtension>
            <ns3:cad>89</ns3:cad>
          </ns3:TrackPointExtension>
        </extensions>
      </trkpt>
      <trkpt lat="30.422679483890533447265625" lon="120.2707760967314243316650390625">
        <ele>11.6000003814697265625</ele>
        <time>2024-09-02T13:38:00.000Z</time>
        <extensions>
          <ns3:TrackPointExtension>
            <ns3:cad>89</ns3:cad>
          </ns3:TrackPointExtension>
        </extensions>
      </trkpt>
      <trkpt lat="30.422693900763988494873046875" lon="120.27078799903392791748046875">
        <ele>11.6000003814697265625</ele>
        <time>2024-09-02T13:38:01.000Z</time>
        <extensions>
          <ns3:TrackPointExtension>
            <ns3:cad>89</ns3:cad>
          </ns3:TrackPointExtension>
        </extensions>
      </trkpt>
      <trkpt lat="30.4227041266858577728271484375" lon="120.2707958780229091644287109375">
        <ele>11.6000003814697265625</ele>
        <time>2024-09-02T13:38:02.000Z</time>
        <extensions>
          <ns3:TrackPointExtension>
            <ns3:cad>90</ns3:cad>
          </ns3:TrackPointExtension>
        </extensions>
      </trkpt>
      <trkpt lat="30.42271309532225131988525390625" lon="120.2708042599260807037353515625">
        <ele>11.6000003814697265625</ele>
        <time>2024-09-02T13:38:03.000Z</time>
        <extensions>
          <ns3:TrackPointExtension>
            <ns3:cad>90</ns3:cad>
          </ns3:TrackPointExtension>
        </extensions>
      </trkpt>
      <trkpt lat="30.4227215610444545745849609375" lon="120.27081188745796680450439453125">
        <ele>11.6000003814697265625</ele>
        <time>2024-09-02T13:38:04.000Z</time>
        <extensions>
          <ns3:TrackPointExtension>
            <ns3:cad>90</ns3:cad>
          </ns3:TrackPointExtension>
        </extensions>
      </trkpt>
      <trkpt lat="30.4227312840521335601806640625" lon="120.27081691659986972808837890625">
        <ele>11.3999996185302734375</ele>
        <time>2024-09-02T13:38:05.000Z</time>
        <extensions>
          <ns3:TrackPointExtension>
            <ns3:cad>0</ns3:cad>
          </ns3:TrackPointExtension>
        </extensions>
      </trkpt>
      <trkpt lat="30.42273874394595623016357421875" lon="120.2708227001130580902099609375">
        <ele>11.6000003814697265625</ele>
        <time>2024-09-02T13:38:06.000Z</time>
        <extensions>
          <ns3:TrackPointExtension>
            <ns3:cad>0</ns3:cad>
          </ns3:TrackPointExtension>
        </extensions>
      </trkpt>
      <trkpt lat="30.422743856906890869140625" lon="120.2708310820162296295166015625">
        <ele>11.6000003814697265625</ele>
        <time>2024-09-02T13:38:07.000Z</time>
        <extensions>
          <ns3:TrackPointExtension>
            <ns3:cad>64</ns3:cad>
          </ns3:TrackPointExtension>
        </extensions>
      </trkpt>
      <trkpt lat="30.42274863459169864654541015625" lon="120.2708436548709869384765625">
        <ele>11.6000003814697265625</ele>
        <time>2024-09-02T13:38:08.000Z</time>
        <extensions>
          <ns3:TrackPointExtension>
            <ns3:cad>64</ns3:cad>
          </ns3:TrackPointExtension>
        </extensions>
      </trkpt>
      <trkpt lat="30.422756932675838470458984375" lon="120.270854048430919647216796875">
        <ele>11.80000019073486328125</ele>
        <time>2024-09-02T13:38:09.000Z</time>
        <extensions>
          <ns3:TrackPointExtension>
            <ns3:cad>64</ns3:cad>
          </ns3:TrackPointExtension>
        </extensions>
      </trkpt>
      <trkpt lat="30.42276623658835887908935546875" lon="120.27086704038083553314208984375">
        <ele>12</ele>
        <time>2024-09-02T13:38:10.000Z</time>
        <extensions>
          <ns3:TrackPointExtension>
            <ns3:cad>64</ns3:cad>
          </ns3:TrackPointExtension>
        </extensions>
      </trkpt>
      <trkpt lat="30.42277629487216472625732421875" lon="120.270879529416561126708984375">
        <ele>12</ele>
        <time>2024-09-02T13:38:11.000Z</time>
        <extensions>
          <ns3:TrackPointExtension>
            <ns3:cad>64</ns3:cad>
          </ns3:TrackPointExtension>
        </extensions>
      </trkpt>
      <trkpt lat="30.422783754765987396240234375" lon="120.27089268900454044342041015625">
        <ele>12.19999980926513671875</ele>
        <time>2024-09-02T13:38:12.000Z</time>
        <extensions>
          <ns3:TrackPointExtension>
            <ns3:cad>63</ns3:cad>
          </ns3:TrackPointExtension>
        </extensions>
      </trkpt>
      <trkpt lat="30.422796495258808135986328125" lon="120.2709088660776615142822265625">
        <ele>12.3999996185302734375</ele>
        <time>2024-09-02T13:38:13.000Z</time>
        <extensions>
          <ns3:TrackPointExtension>
            <ns3:cad>63</ns3:cad>
          </ns3:TrackPointExtension>
        </extensions>
      </trkpt>
      <trkpt lat="30.42281200177967548370361328125" lon="120.27092420496046543121337890625">
        <ele>12.6000003814697265625</ele>
        <time>2024-09-02T13:38:14.000Z</time>
        <extensions>
          <ns3:TrackPointExtension>
            <ns3:cad>64</ns3:cad>
          </ns3:TrackPointExtension>
        </extensions>
      </trkpt>
      <trkpt lat="30.4228322021663188934326171875" lon="120.27094515971839427947998046875">
        <ele>12.80000019073486328125</ele>
        <time>2024-09-02T13:38:15.000Z</time>
        <extensions>
          <ns3:TrackPointExtension>
            <ns3:cad>64</ns3:cad>
          </ns3:TrackPointExtension>
        </extensions>
      </trkpt>
      <trkpt lat="30.422852821648120880126953125" lon="120.27096477337181568145751953125">
        <ele>13</ele>
        <time>2024-09-02T13:38:16.000Z</time>
        <extensions>
          <ns3:TrackPointExtension>
            <ns3:cad>64</ns3:cad>
          </ns3:TrackPointExtension>
        </extensions>
      </trkpt>
      <trkpt lat="30.42287067510187625885009765625" lon="120.27098505757749080657958984375">
        <ele>13.19999980926513671875</ele>
        <time>2024-09-02T13:38:17.000Z</time>
        <extensions>
          <ns3:TrackPointExtension>
            <ns3:cad>86</ns3:cad>
          </ns3:TrackPointExtension>
        </extensions>
      </trkpt>
      <trkpt lat="30.422888360917568206787109375" lon="120.27100550942122936248779296875">
        <ele>13.3999996185302734375</ele>
        <time>2024-09-02T13:38:18.000Z</time>
        <extensions>
          <ns3:TrackPointExtension>
            <ns3:cad>87</ns3:cad>
          </ns3:TrackPointExtension>
        </extensions>
      </trkpt>
      <trkpt lat="30.42290587909519672393798828125" lon="120.2710231952369213104248046875">
        <ele>13.6000003814697265625</ele>
        <time>2024-09-02T13:38:19.000Z</time>
        <extensions>
          <ns3:TrackPointExtension>
            <ns3:cad>87</ns3:cad>
          </ns3:TrackPointExtension>
        </extensions>
      </trkpt>
      <trkpt lat="30.42292398400604724884033203125" lon="120.27104155160486698150634765625">
        <ele>13.80000019073486328125</ele>
        <time>2024-09-02T13:38:20.000Z</time>
        <extensions>
          <ns3:TrackPointExtension>
            <ns3:cad>87</ns3:cad>
          </ns3:TrackPointExtension>
        </extensions>
      </trkpt>
      <trkpt lat="30.42293890379369258880615234375" lon="120.271060578525066375732421875">
        <ele>14</ele>
        <time>2024-09-02T13:38:21.000Z</time>
        <extensions>
          <ns3:TrackPointExtension>
            <ns3:cad>87</ns3:cad>
          </ns3:TrackPointExtension>
        </extensions>
      </trkpt>
      <trkpt lat="30.4229522310197353363037109375" lon="120.27107231318950653076171875">
        <ele>14</ele>
        <time>2024-09-02T13:38:22.000Z</time>
        <extensions>
          <ns3:TrackPointExtension>
            <ns3:cad>87</ns3:cad>
          </ns3:TrackPointExtension>
        </extensions>
      </trkpt>
      <trkpt lat="30.422965474426746368408203125" lon="120.27108170092105865478515625">
        <ele>14.19999980926513671875</ele>
        <time>2024-09-02T13:38:23.000Z</time>
        <extensions>
          <ns3:TrackPointExtension>
            <ns3:cad>84</ns3:cad>
          </ns3:TrackPointExtension>
        </extensions>
      </trkpt>
      <trkpt lat="30.422982238233089447021484375" lon="120.27109217830002307891845703125">
        <ele>14.3999996185302734375</ele>
        <time>2024-09-02T13:38:24.000Z</time>
        <extensions>
          <ns3:TrackPointExtension>
            <ns3:cad>84</ns3:cad>
          </ns3:TrackPointExtension>
        </extensions>
      </trkpt>
      <trkpt lat="30.42299858294427394866943359375" lon="120.27110039256513118743896484375">
        <ele>14.3999996185302734375</ele>
        <time>2024-09-02T13:38:25.000Z</time>
        <extensions>
          <ns3:TrackPointExtension>
            <ns3:cad>84</ns3:cad>
          </ns3:TrackPointExtension>
        </extensions>
      </trkpt>
      <trkpt lat="30.4230129159986972808837890625" lon="120.2711038291454315185546875">
        <ele>14.6000003814697265625</ele>
        <time>2024-09-02T13:38:26.000Z</time>
        <extensions>
          <ns3:TrackPointExtension>
            <ns3:cad>83</ns3:cad>
          </ns3:TrackPointExtension>
        </extensions>
      </trkpt>
      <trkpt lat="30.42302540503442287445068359375" lon="120.2711080200970172882080078125">
        <ele>14.3999996185302734375</ele>
        <time>2024-09-02T13:38:27.000Z</time>
        <extensions>
          <ns3:TrackPointExtension>
            <ns3:cad>83</ns3:cad>
          </ns3:TrackPointExtension>
        </extensions>
      </trkpt>
      <trkpt lat="30.42303621768951416015625" lon="120.271109528839588165283203125">
        <ele>14.3999996185302734375</ele>
        <time>2024-09-02T13:38:28.000Z</time>
        <extensions>
          <ns3:TrackPointExtension>
            <ns3:cad>83</ns3:cad>
          </ns3:TrackPointExtension>
        </extensions>
      </trkpt>
      <trkpt lat="30.42304535396397113800048828125" lon="120.2711127139627933502197265625">
        <ele>14.3999996185302734375</ele>
        <time>2024-09-02T13:38:29.000Z</time>
        <extensions>
          <ns3:TrackPointExtension>
            <ns3:cad>83</ns3:cad>
          </ns3:TrackPointExtension>
        </extensions>
      </trkpt>
      <trkpt lat="30.42305742390453815460205078125" lon="120.27111363597214221954345703125">
        <ele>14.3999996185302734375</ele>
        <time>2024-09-02T13:38:30.000Z</time>
        <extensions>
          <ns3:TrackPointExtension>
            <ns3:cad>83</ns3:cad>
          </ns3:TrackPointExtension>
        </extensions>
      </trkpt>
      <trkpt lat="30.42306764982640743255615234375" lon="120.27111413888633251190185546875">
        <ele>14.3999996185302734375</ele>
        <time>2024-09-02T13:38:31.000Z</time>
        <extensions>
          <ns3:TrackPointExtension>
            <ns3:cad>83</ns3:cad>
          </ns3:TrackPointExtension>
        </extensions>
      </trkpt>
      <trkpt lat="30.4230779595673084259033203125" lon="120.27111732400953769683837890625">
        <ele>14.3999996185302734375</ele>
        <time>2024-09-02T13:38:32.000Z</time>
        <extensions>
          <ns3:TrackPointExtension>
            <ns3:cad>60</ns3:cad>
          </ns3:TrackPointExtension>
        </extensions>
      </trkpt>
      <trkpt lat="30.4230856709182262420654296875" lon="120.27112520299851894378662109375">
        <ele>14.3999996185302734375</ele>
        <time>2024-09-02T13:38:33.000Z</time>
        <extensions>
          <ns3:TrackPointExtension>
            <ns3:cad>60</ns3:cad>
          </ns3:TrackPointExtension>
        </extensions>
      </trkpt>
      <trkpt lat="30.42309564538300037384033203125" lon="120.27113073505461215972900390625">
        <ele>14.3999996185302734375</ele>
        <time>2024-09-02T13:38:34.000Z</time>
        <extensions>
          <ns3:TrackPointExtension>
            <ns3:cad>60</ns3:cad>
          </ns3:TrackPointExtension>
        </extensions>
      </trkpt>
      <trkpt lat="30.42310939170420169830322265625" lon="120.27113509364426136016845703125">
        <ele>14.3999996185302734375</ele>
        <time>2024-09-02T13:38:35.000Z</time>
        <extensions>
          <ns3:TrackPointExtension>
            <ns3:cad>60</ns3:cad>
          </ns3:TrackPointExtension>
        </extensions>
      </trkpt>
      <trkpt lat="30.42312045581638813018798828125" lon="120.27113735675811767578125">
        <ele>14.3999996185302734375</ele>
        <time>2024-09-02T13:38:36.000Z</time>
        <extensions>
          <ns3:TrackPointExtension>
            <ns3:cad>61</ns3:cad>
          </ns3:TrackPointExtension>
        </extensions>
      </trkpt>
      <trkpt lat="30.42313235811889171600341796875" lon="120.27113936841487884521484375">
        <ele>14.3999996185302734375</ele>
        <time>2024-09-02T13:38:37.000Z</time>
        <extensions>
          <ns3:TrackPointExtension>
            <ns3:cad>61</ns3:cad>
          </ns3:TrackPointExtension>
        </extensions>
      </trkpt>
      <trkpt lat="30.42314426042139530181884765625" lon="120.2711405418813228607177734375">
        <ele>14.3999996185302734375</ele>
        <time>2024-09-02T13:38:38.000Z</time>
        <extensions>
          <ns3:TrackPointExtension>
            <ns3:cad>60</ns3:cad>
          </ns3:TrackPointExtension>
        </extensions>
      </trkpt>
      <trkpt lat="30.42315582744777202606201171875" lon="120.27114230208098888397216796875">
        <ele>14.19999980926513671875</ele>
        <time>2024-09-02T13:38:39.000Z</time>
        <extensions>
          <ns3:TrackPointExtension>
            <ns3:cad>60</ns3:cad>
          </ns3:TrackPointExtension>
        </extensions>
      </trkpt>
      <trkpt lat="30.4231678135693073272705078125" lon="120.2711440622806549072265625">
        <ele>14.19999980926513671875</ele>
        <time>2024-09-02T13:38:40.000Z</time>
        <extensions>
          <ns3:TrackPointExtension>
            <ns3:cad>64</ns3:cad>
          </ns3:TrackPointExtension>
        </extensions>
      </trkpt>
      <trkpt lat="30.42317879386246204376220703125" lon="120.27114230208098888397216796875">
        <ele>14.19999980926513671875</ele>
        <time>2024-09-02T13:38:41.000Z</time>
        <extensions>
          <ns3:TrackPointExtension>
            <ns3:cad>64</ns3:cad>
          </ns3:TrackPointExtension>
        </extensions>
      </trkpt>
      <trkpt lat="30.42318918742239475250244140625" lon="120.27113660238683223724365234375">
        <ele>14.19999980926513671875</ele>
        <time>2024-09-02T13:38:42.000Z</time>
        <extensions>
          <ns3:TrackPointExtension>
            <ns3:cad>64</ns3:cad>
          </ns3:TrackPointExtension>
        </extensions>
      </trkpt>
      <trkpt lat="30.423202179372310638427734375" lon="120.27113090269267559051513671875">
        <ele>14</ele>
        <time>2024-09-02T13:38:43.000Z</time>
        <extensions>
          <ns3:TrackPointExtension>
            <ns3:cad>64</ns3:cad>
          </ns3:TrackPointExtension>
        </extensions>
      </trkpt>
      <trkpt lat="30.42321718297898769378662109375" lon="120.27112654410302639007568359375">
        <ele>14</ele>
        <time>2024-09-02T13:38:44.000Z</time>
        <extensions>
          <ns3:TrackPointExtension>
            <ns3:cad>63</ns3:cad>
          </ns3:TrackPointExtension>
        </extensions>
      </trkpt>
      <trkpt lat="30.42323159985244274139404296875" lon="120.27112185023725032806396484375">
        <ele>13.80000019073486328125</ele>
        <time>2024-09-02T13:38:45.000Z</time>
        <extensions>
          <ns3:TrackPointExtension>
            <ns3:cad>62</ns3:cad>
          </ns3:TrackPointExtension>
        </extensions>
      </trkpt>
      <trkpt lat="30.42324517853558063507080078125" lon="120.2711187489330768585205078125">
        <ele>13.80000019073486328125</ele>
        <time>2024-09-02T13:38:46.000Z</time>
        <extensions>
          <ns3:TrackPointExtension>
            <ns3:cad>62</ns3:cad>
          </ns3:TrackPointExtension>
        </extensions>
      </trkpt>
      <trkpt lat="30.4232569970190525054931640625" lon="120.271116904914379119873046875">
        <ele>13.80000019073486328125</ele>
        <time>2024-09-02T13:38:47.000Z</time>
        <extensions>
          <ns3:TrackPointExtension>
            <ns3:cad>62</ns3:cad>
          </ns3:TrackPointExtension>
        </extensions>
      </trkpt>
      <trkpt lat="30.42326646856963634490966796875" lon="120.27111480943858623504638671875">
        <ele>13.6000003814697265625</ele>
        <time>2024-09-02T13:38:48.000Z</time>
        <extensions>
          <ns3:TrackPointExtension>
            <ns3:cad>60</ns3:cad>
          </ns3:TrackPointExtension>
        </extensions>
      </trkpt>
      <trkpt lat="30.4232774488627910614013671875" lon="120.27111313305795192718505859375">
        <ele>13.6000003814697265625</ele>
        <time>2024-09-02T13:38:49.000Z</time>
        <extensions>
          <ns3:TrackPointExtension>
            <ns3:cad>59</ns3:cad>
          </ns3:TrackPointExtension>
        </extensions>
      </trkpt>
      <trkpt lat="30.42328541167080402374267578125" lon="120.27110944502055644989013671875">
        <ele>13.6000003814697265625</ele>
        <time>2024-09-02T13:38:50.000Z</time>
        <extensions>
          <ns3:TrackPointExtension>
            <ns3:cad>58</ns3:cad>
          </ns3:TrackPointExtension>
        </extensions>
      </trkpt>
      <trkpt lat="30.4232915304601192474365234375" lon="120.27110475115478038787841796875">
        <ele>13.6000003814697265625</ele>
        <time>2024-09-02T13:38:51.000Z</time>
        <extensions>
          <ns3:TrackPointExtension>
            <ns3:cad>57</ns3:cad>
          </ns3:TrackPointExtension>
        </extensions>
      </trkpt>
      <trkpt lat="30.4232965596020221710205078125" lon="120.27110056020319461822509765625">
        <ele>13.3999996185302734375</ele>
        <time>2024-09-02T13:38:52.000Z</time>
        <extensions>
          <ns3:TrackPointExtension>
            <ns3:cad>57</ns3:cad>
          </ns3:TrackPointExtension>
        </extensions>
      </trkpt>
      <trkpt lat="30.4233046062290668487548828125" lon="120.27110181748867034912109375">
        <ele>13.3999996185302734375</ele>
        <time>2024-09-02T13:38:53.000Z</time>
        <extensions>
          <ns3:TrackPointExtension>
            <ns3:cad>57</ns3:cad>
          </ns3:TrackPointExtension>
        </extensions>
      </trkpt>
      <trkpt lat="30.42330301366746425628662109375" lon="120.27110022492706775665283203125">
        <ele>13.3999996185302734375</ele>
        <time>2024-09-02T13:39:58.000Z</time>
        <extensions>
          <ns3:TrackPointExtension>
            <ns3:cad>0</ns3:cad>
          </ns3:TrackPointExtension>
        </extensions>
      </trkpt>
      <trkpt lat="30.4233029298484325408935546875" lon="120.27110022492706775665283203125">
        <ele>13.3999996185302734375</ele>
        <time>2024-09-02T13:39:59.000Z</time>
        <extensions>
          <ns3:TrackPointExtension>
            <ns3:cad>0</ns3:cad>
          </ns3:TrackPointExtension>
        </extensions>
      </trkpt>
      <trkpt lat="30.4233029298484325408935546875" lon="120.2711006440222263336181640625">
        <ele>13.3999996185302734375</ele>
        <time>2024-09-02T13:40:00.000Z</time>
        <extensions>
          <ns3:TrackPointExtension>
            <ns3:cad>0</ns3:cad>
          </ns3:TrackPointExtension>
        </extensions>
      </trkpt>
      <trkpt lat="30.42330284602940082550048828125" lon="120.27110072784125804901123046875">
        <ele>13.3999996185302734375</ele>
        <time>2024-09-02T13:40:01.000Z</time>
        <extensions>
          <ns3:TrackPointExtension>
            <ns3:cad>0</ns3:cad>
          </ns3:TrackPointExtension>
        </extensions>
      </trkpt>
      <trkpt lat="30.42330267839133739471435546875" lon="120.27110022492706775665283203125">
        <ele>13.3999996185302734375</ele>
        <time>2024-09-02T13:40:02.000Z</time>
        <extensions>
          <ns3:TrackPointExtension>
            <ns3:cad>0</ns3:cad>
          </ns3:TrackPointExtension>
        </extensions>
      </trkpt>
      <trkpt lat="30.42330251075327396392822265625" lon="120.27110005728900432586669921875">
        <ele>13.3999996185302734375</ele>
        <time>2024-09-02T13:40:03.000Z</time>
        <extensions>
          <ns3:TrackPointExtension>
            <ns3:cad>0</ns3:cad>
          </ns3:TrackPointExtension>
        </extensions>
      </trkpt>
      <trkpt lat="30.42330242693424224853515625" lon="120.2710999734699726104736328125">
        <ele>13.3999996185302734375</ele>
        <time>2024-09-02T13:40:04.000Z</time>
        <extensions>
          <ns3:TrackPointExtension>
            <ns3:cad>0</ns3:cad>
          </ns3:TrackPointExtension>
        </extensions>
      </trkpt>
      <trkpt lat="30.42330242693424224853515625" lon="120.2710999734699726104736328125">
        <ele>13.3999996185302734375</ele>
        <time>2024-09-02T13:40:05.000Z</time>
        <extensions>
          <ns3:TrackPointExtension>
            <ns3:cad>0</ns3:cad>
          </ns3:TrackPointExtension>
        </extensions>
      </trkpt>
      <trkpt lat="30.42330242693424224853515625" lon="120.2710999734699726104736328125">
        <ele>13.3999996185302734375</ele>
        <time>2024-09-02T13:40:06.000Z</time>
        <extensions>
          <ns3:TrackPointExtension>
            <ns3:cad>0</ns3:cad>
          </ns3:TrackPointExtension>
        </extensions>
      </trkpt>
      <trkpt lat="30.4233056120574474334716796875" lon="120.271104164421558380126953125">
        <ele>13.3999996185302734375</ele>
        <time>2024-09-02T13:40:07.000Z</time>
        <extensions>
          <ns3:TrackPointExtension>
            <ns3:cad>0</ns3:cad>
          </ns3:TrackPointExtension>
        </extensions>
      </trkpt>
      <trkpt lat="30.42332598008215427398681640625" lon="120.2711278013885021209716796875">
        <ele>13.6000003814697265625</ele>
        <time>2024-09-02T13:40:08.000Z</time>
        <extensions>
          <ns3:TrackPointExtension>
            <ns3:cad>0</ns3:cad>
          </ns3:TrackPointExtension>
        </extensions>
      </trkpt>
      <trkpt lat="30.42334844358265399932861328125" lon="120.27115420438349246978759765625">
        <ele>13.6000003814697265625</ele>
        <time>2024-09-02T13:40:09.000Z</time>
        <extensions>
          <ns3:TrackPointExtension>
            <ns3:cad>0</ns3:cad>
          </ns3:TrackPointExtension>
        </extensions>
      </trkpt>
      <trkpt lat="30.42337224818766117095947265625" lon="120.27118421159684658050537109375">
        <ele>13.80000019073486328125</ele>
        <time>2024-09-02T13:40:10.000Z</time>
        <extensions>
          <ns3:TrackPointExtension>
            <ns3:cad>91</ns3:cad>
          </ns3:TrackPointExtension>
        </extensions>
      </trkpt>
      <trkpt lat="30.42339068837463855743408203125" lon="120.27120633982121944427490234375">
        <ele>13.80000019073486328125</ele>
        <time>2024-09-02T13:40:11.000Z</time>
        <extensions>
          <ns3:TrackPointExtension>
            <ns3:cad>91</ns3:cad>
          </ns3:TrackPointExtension>
        </extensions>
      </trkpt>
      <trkpt lat="30.42342270724475383758544921875" lon="120.27123995125293731689453125">
        <ele>14</ele>
        <time>2024-09-02T13:40:12.000Z</time>
        <extensions>
          <ns3:TrackPointExtension>
            <ns3:cad>91</ns3:cad>
          </ns3:TrackPointExtension>
        </extensions>
      </trkpt>
      <trkpt lat="30.42344450019299983978271484375" lon="120.27126082219183444976806640625">
        <ele>14</ele>
        <time>2024-09-02T13:40:13.000Z</time>
        <extensions>
          <ns3:TrackPointExtension>
            <ns3:cad>91</ns3:cad>
          </ns3:TrackPointExtension>
        </extensions>
      </trkpt>
      <trkpt lat="30.42347517795860767364501953125" lon="120.2712863869965076446533203125">
        <ele>14.19999980926513671875</ele>
        <time>2024-09-02T13:40:14.000Z</time>
        <extensions>
          <ns3:TrackPointExtension>
            <ns3:cad>91</ns3:cad>
          </ns3:TrackPointExtension>
        </extensions>
      </trkpt>
      <trkpt lat="30.42350334115326404571533203125" lon="120.271307341754436492919921875">
        <ele>14.19999980926513671875</ele>
        <time>2024-09-02T13:40:15.000Z</time>
        <extensions>
          <ns3:TrackPointExtension>
            <ns3:cad>90</ns3:cad>
          </ns3:TrackPointExtension>
        </extensions>
      </trkpt>
      <trkpt lat="30.4235292412340641021728515625" lon="120.27133047580718994140625">
        <ele>14.6000003814697265625</ele>
        <time>2024-09-02T13:40:16.000Z</time>
        <extensions>
          <ns3:TrackPointExtension>
            <ns3:cad>90</ns3:cad>
          </ns3:TrackPointExtension>
        </extensions>
      </trkpt>
      <trkpt lat="30.4235537163913249969482421875" lon="120.271350927650928497314453125">
        <ele>14.80000019073486328125</ele>
        <time>2024-09-02T13:40:17.000Z</time>
        <extensions>
          <ns3:TrackPointExtension>
            <ns3:cad>90</ns3:cad>
          </ns3:TrackPointExtension>
        </extensions>
      </trkpt>
      <trkpt lat="30.4235778562724590301513671875" lon="120.271371044218540191650390625">
        <ele>15</ele>
        <time>2024-09-02T13:40:18.000Z</time>
        <extensions>
          <ns3:TrackPointExtension>
            <ns3:cad>90</ns3:cad>
          </ns3:TrackPointExtension>
        </extensions>
      </trkpt>
      <trkpt lat="30.423596799373626708984375" lon="120.27139577083289623260498046875">
        <ele>15.19999980926513671875</ele>
        <time>2024-09-02T13:40:19.000Z</time>
        <extensions>
          <ns3:TrackPointExtension>
            <ns3:cad>90</ns3:cad>
          </ns3:TrackPointExtension>
        </extensions>
      </trkpt>
      <trkpt lat="30.42361666448414325714111328125" lon="120.2714230120182037353515625">
        <ele>15.3999996185302734375</ele>
        <time>2024-09-02T13:40:20.000Z</time>
        <extensions>
          <ns3:TrackPointExtension>
            <ns3:cad>91</ns3:cad>
          </ns3:TrackPointExtension>
        </extensions>
      </trkpt>
      <trkpt lat="30.42363661341369152069091796875" lon="120.27145377360284328460693359375">
        <ele>15.80000019073486328125</ele>
        <time>2024-09-02T13:40:21.000Z</time>
        <extensions>
          <ns3:TrackPointExtension>
            <ns3:cad>91</ns3:cad>
          </ns3:TrackPointExtension>
        </extensions>
      </trkpt>
      <trkpt lat="30.42365622706711292266845703125" lon="120.2714820206165313720703125">
        <ele>16.200000762939453125</ele>
        <time>2024-09-02T13:40:22.000Z</time>
        <extensions>
          <ns3:TrackPointExtension>
            <ns3:cad>92</ns3:cad>
          </ns3:TrackPointExtension>
        </extensions>
      </trkpt>
      <trkpt lat="30.42367416433990001678466796875" lon="120.27150641195476055145263671875">
        <ele>16.3999996185302734375</ele>
        <time>2024-09-02T13:40:23.000Z</time>
        <extensions>
          <ns3:TrackPointExtension>
            <ns3:cad>92</ns3:cad>
          </ns3:TrackPointExtension>
        </extensions>
      </trkpt>
      <trkpt lat="30.4236911796033382415771484375" lon="120.27153071947395801544189453125">
        <ele>16.6000003814697265625</ele>
        <time>2024-09-02T13:40:24.000Z</time>
        <extensions>
          <ns3:TrackPointExtension>
            <ns3:cad>92</ns3:cad>
          </ns3:TrackPointExtension>
        </extensions>
      </trkpt>
      <trkpt lat="30.42370752431452274322509765625" lon="120.27155511081218719482421875">
        <ele>16.799999237060546875</ele>
        <time>2024-09-02T13:40:25.000Z</time>
        <extensions>
          <ns3:TrackPointExtension>
            <ns3:cad>92</ns3:cad>
          </ns3:TrackPointExtension>
        </extensions>
      </trkpt>
      <trkpt lat="30.4237186722457408905029296875" lon="120.27158201672136783599853515625">
        <ele>17.200000762939453125</ele>
        <time>2024-09-02T13:40:26.000Z</time>
        <extensions>
          <ns3:TrackPointExtension>
            <ns3:cad>92</ns3:cad>
          </ns3:TrackPointExtension>
        </extensions>
      </trkpt>
      <trkpt lat="30.42372629977762699127197265625" lon="120.27161202393472194671630859375">
        <ele>17.3999996185302734375</ele>
        <time>2024-09-02T13:40:27.000Z</time>
        <extensions>
          <ns3:TrackPointExtension>
            <ns3:cad>92</ns3:cad>
          </ns3:TrackPointExtension>
        </extensions>
      </trkpt>
      <trkpt lat="30.4237337596714496612548828125" lon="120.27164052240550518035888671875">
        <ele>17.6000003814697265625</ele>
        <time>2024-09-02T13:40:28.000Z</time>
        <extensions>
          <ns3:TrackPointExtension>
            <ns3:cad>91</ns3:cad>
          </ns3:TrackPointExtension>
        </extensions>
      </trkpt>
      <trkpt lat="30.42373870499432086944580078125" lon="120.27167170308530330657958984375">
        <ele>17.799999237060546875</ele>
        <time>2024-09-02T13:40:29.000Z</time>
        <extensions>
          <ns3:TrackPointExtension>
            <ns3:cad>89</ns3:cad>
          </ns3:TrackPointExtension>
        </extensions>
      </trkpt>
      <trkpt lat="30.42374339886009693145751953125" lon="120.27170204557478427886962890625">
        <ele>18</ele>
        <time>2024-09-02T13:40:30.000Z</time>
        <extensions>
          <ns3:TrackPointExtension>
            <ns3:cad>89</ns3:cad>
          </ns3:TrackPointExtension>
        </extensions>
      </trkpt>
      <trkpt lat="30.42374909855425357818603515625" lon="120.2717349864542484283447265625">
        <ele>18</ele>
        <time>2024-09-02T13:40:31.000Z</time>
        <extensions>
          <ns3:TrackPointExtension>
            <ns3:cad>89</ns3:cad>
          </ns3:TrackPointExtension>
        </extensions>
      </trkpt>
      <trkpt lat="30.4237568937242031097412109375" lon="120.2717661671340465545654296875">
        <ele>18.200000762939453125</ele>
        <time>2024-09-02T13:40:32.000Z</time>
        <extensions>
          <ns3:TrackPointExtension>
            <ns3:cad>89</ns3:cad>
          </ns3:TrackPointExtension>
        </extensions>
      </trkpt>
      <trkpt lat="30.4237698018550872802734375" lon="120.2717966772615909576416015625">
        <ele>18.3999996185302734375</ele>
        <time>2024-09-02T13:40:33.000Z</time>
        <extensions>
          <ns3:TrackPointExtension>
            <ns3:cad>90</ns3:cad>
          </ns3:TrackPointExtension>
        </extensions>
      </trkpt>
      <trkpt lat="30.423786230385303497314453125" lon="120.27182442136108875274658203125">
        <ele>18.3999996185302734375</ele>
        <time>2024-09-02T13:40:34.000Z</time>
        <extensions>
          <ns3:TrackPointExtension>
            <ns3:cad>90</ns3:cad>
          </ns3:TrackPointExtension>
        </extensions>
      </trkpt>
      <trkpt lat="30.42380525730550289154052734375" lon="120.27184537611901760101318359375">
        <ele>18.200000762939453125</ele>
        <time>2024-09-02T13:40:35.000Z</time>
        <extensions>
          <ns3:TrackPointExtension>
            <ns3:cad>90</ns3:cad>
          </ns3:TrackPointExtension>
        </extensions>
      </trkpt>
      <trkpt lat="30.42382235638797283172607421875" lon="120.2718610502779483795166015625">
        <ele>18.200000762939453125</ele>
        <time>2024-09-02T13:40:36.000Z</time>
        <extensions>
          <ns3:TrackPointExtension>
            <ns3:cad>90</ns3:cad>
          </ns3:TrackPointExtension>
        </extensions>
      </trkpt>
      <trkpt lat="30.423846580088138580322265625" lon="120.27188678272068500518798828125">
        <ele>17.799999237060546875</ele>
        <time>2024-09-02T13:40:37.000Z</time>
        <extensions>
          <ns3:TrackPointExtension>
            <ns3:cad>90</ns3:cad>
          </ns3:TrackPointExtension>
        </extensions>
      </trkpt>
      <trkpt lat="30.4238651879131793975830078125" lon="120.2719073183834552764892578125">
        <ele>17.6000003814697265625</ele>
        <time>2024-09-02T13:40:38.000Z</time>
        <extensions>
          <ns3:TrackPointExtension>
            <ns3:cad>89</ns3:cad>
          </ns3:TrackPointExtension>
        </extensions>
      </trkpt>
      <trkpt lat="30.42388320900499820709228515625" lon="120.27192936278879642486572265625">
        <ele>17.200000762939453125</ele>
        <time>2024-09-02T13:40:39.000Z</time>
        <extensions>
          <ns3:TrackPointExtension>
            <ns3:cad>89</ns3:cad>
          </ns3:TrackPointExtension>
        </extensions>
      </trkpt>
      <trkpt lat="30.4239027388393878936767578125" lon="120.27194830588996410369873046875">
        <ele>16.799999237060546875</ele>
        <time>2024-09-02T13:40:40.000Z</time>
        <extensions>
          <ns3:TrackPointExtension>
            <ns3:cad>89</ns3:cad>
          </ns3:TrackPointExtension>
        </extensions>
      </trkpt>
      <trkpt lat="30.4239238612353801727294921875" lon="120.27196674607694149017333984375">
        <ele>16.3999996185302734375</ele>
        <time>2024-09-02T13:40:41.000Z</time>
        <extensions>
          <ns3:TrackPointExtension>
            <ns3:cad>89</ns3:cad>
          </ns3:TrackPointExtension>
        </extensions>
      </trkpt>
      <trkpt lat="30.4239468276500701904296875" lon="120.271987281739711761474609375">
        <ele>16</ele>
        <time>2024-09-02T13:40:42.000Z</time>
        <extensions>
          <ns3:TrackPointExtension>
            <ns3:cad>90</ns3:cad>
          </ns3:TrackPointExtension>
        </extensions>
      </trkpt>
      <trkpt lat="30.42397004552185535430908203125" lon="120.27200798504054546356201171875">
        <ele>15.6000003814697265625</ele>
        <time>2024-09-02T13:40:43.000Z</time>
        <extensions>
          <ns3:TrackPointExtension>
            <ns3:cad>90</ns3:cad>
          </ns3:TrackPointExtension>
        </extensions>
      </trkpt>
      <trkpt lat="30.4239899106323719024658203125" lon="120.272027514874935150146484375">
        <ele>15.3999996185302734375</ele>
        <time>2024-09-02T13:40:44.000Z</time>
        <extensions>
          <ns3:TrackPointExtension>
            <ns3:cad>91</ns3:cad>
          </ns3:TrackPointExtension>
        </extensions>
      </trkpt>
      <trkpt lat="30.4240090213716030120849609375" lon="120.27204603888094425201416015625">
        <ele>15</ele>
        <time>2024-09-02T13:40:45.000Z</time>
        <extensions>
          <ns3:TrackPointExtension>
            <ns3:cad>91</ns3:cad>
          </ns3:TrackPointExtension>
        </extensions>
      </trkpt>
      <trkpt lat="30.4240299761295318603515625" lon="120.2720648981630802154541015625">
        <ele>14.6000003814697265625</ele>
        <time>2024-09-02T13:40:46.000Z</time>
        <extensions>
          <ns3:TrackPointExtension>
            <ns3:cad>91</ns3:cad>
          </ns3:TrackPointExtension>
        </extensions>
      </trkpt>
      <trkpt lat="30.42405034415423870086669921875" lon="120.27208358980715274810791015625">
        <ele>14.19999980926513671875</ele>
        <time>2024-09-02T13:40:47.000Z</time>
        <extensions>
          <ns3:TrackPointExtension>
            <ns3:cad>91</ns3:cad>
          </ns3:TrackPointExtension>
        </extensions>
      </trkpt>
      <trkpt lat="30.424068532884120941162109375" lon="120.27210270054638385772705078125">
        <ele>14</ele>
        <time>2024-09-02T13:40:48.000Z</time>
        <extensions>
          <ns3:TrackPointExtension>
            <ns3:cad>92</ns3:cad>
          </ns3:TrackPointExtension>
        </extensions>
      </trkpt>
      <trkpt lat="30.424085967242717742919921875" lon="120.27212315239012241363525390625">
        <ele>13.6000003814697265625</ele>
        <time>2024-09-02T13:40:49.000Z</time>
        <extensions>
          <ns3:TrackPointExtension>
            <ns3:cad>92</ns3:cad>
          </ns3:TrackPointExtension>
        </extensions>
      </trkpt>
      <trkpt lat="30.4241028986871242523193359375" lon="120.27214377187192440032958984375">
        <ele>13.19999980926513671875</ele>
        <time>2024-09-02T13:40:50.000Z</time>
        <extensions>
          <ns3:TrackPointExtension>
            <ns3:cad>92</ns3:cad>
          </ns3:TrackPointExtension>
        </extensions>
      </trkpt>
      <trkpt lat="30.42411983013153076171875" lon="120.27216204442083835601806640625">
        <ele>13.19999980926513671875</ele>
        <time>2024-09-02T13:40:51.000Z</time>
        <extensions>
          <ns3:TrackPointExtension>
            <ns3:cad>93</ns3:cad>
          </ns3:TrackPointExtension>
        </extensions>
      </trkpt>
      <trkpt lat="30.4241359233856201171875" lon="120.2721765451133251190185546875">
        <ele>13.3999996185302734375</ele>
        <time>2024-09-02T13:40:52.000Z</time>
        <extensions>
          <ns3:TrackPointExtension>
            <ns3:cad>93</ns3:cad>
          </ns3:TrackPointExtension>
        </extensions>
      </trkpt>
      <trkpt lat="30.4241588898003101348876953125" lon="120.27219724841415882110595703125">
        <ele>13.3999996185302734375</ele>
        <time>2024-09-02T13:40:53.000Z</time>
        <extensions>
          <ns3:TrackPointExtension>
            <ns3:cad>93</ns3:cad>
          </ns3:TrackPointExtension>
        </extensions>
      </trkpt>
      <trkpt lat="30.42418462224304676055908203125" lon="120.27222021482884883880615234375">
        <ele>13.6000003814697265625</ele>
        <time>2024-09-02T13:40:54.000Z</time>
        <extensions>
          <ns3:TrackPointExtension>
            <ns3:cad>93</ns3:cad>
          </ns3:TrackPointExtension>
        </extensions>
      </trkpt>
      <trkpt lat="30.42420289479196071624755859375" lon="120.27223697863519191741943359375">
        <ele>13.80000019073486328125</ele>
        <time>2024-09-02T13:40:55.000Z</time>
        <extensions>
          <ns3:TrackPointExtension>
            <ns3:cad>93</ns3:cad>
          </ns3:TrackPointExtension>
        </extensions>
      </trkpt>
      <trkpt lat="30.4242286272346973419189453125" lon="120.27226564474403858184814453125">
        <ele>14</ele>
        <time>2024-09-02T13:40:56.000Z</time>
        <extensions>
          <ns3:TrackPointExtension>
            <ns3:cad>93</ns3:cad>
          </ns3:TrackPointExtension>
        </extensions>
      </trkpt>
      <trkpt lat="30.4242433793842792510986328125" lon="120.2722840011119842529296875">
        <ele>14</ele>
        <time>2024-09-02T13:40:57.000Z</time>
        <extensions>
          <ns3:TrackPointExtension>
            <ns3:cad>94</ns3:cad>
          </ns3:TrackPointExtension>
        </extensions>
      </trkpt>
      <trkpt lat="30.42426533997058868408203125" lon="120.27231157757341861724853515625">
        <ele>14.3999996185302734375</ele>
        <time>2024-09-02T13:40:58.000Z</time>
        <extensions>
          <ns3:TrackPointExtension>
            <ns3:cad>94</ns3:cad>
          </ns3:TrackPointExtension>
        </extensions>
      </trkpt>
      <trkpt lat="30.4242812655866146087646484375" lon="120.272333621978759765625">
        <ele>14.3999996185302734375</ele>
        <time>2024-09-02T13:40:59.000Z</time>
        <extensions>
          <ns3:TrackPointExtension>
            <ns3:cad>94</ns3:cad>
          </ns3:TrackPointExtension>
        </extensions>
      </trkpt>
      <trkpt lat="30.42429559864103794097900390625" lon="120.272360779345035552978515625">
        <ele>14.80000019073486328125</ele>
        <time>2024-09-02T13:41:00.000Z</time>
        <extensions>
          <ns3:TrackPointExtension>
            <ns3:cad>92</ns3:cad>
          </ns3:TrackPointExtension>
        </extensions>
      </trkpt>
      <trkpt lat="30.42430632747709751129150390625" lon="120.27238852344453334808349609375">
        <ele>15</ele>
        <time>2024-09-02T13:41:01.000Z</time>
        <extensions>
          <ns3:TrackPointExtension>
            <ns3:cad>90</ns3:cad>
          </ns3:TrackPointExtension>
        </extensions>
      </trkpt>
      <trkpt lat="30.42431973852217197418212890625" lon="120.2724154293537139892578125">
        <ele>15.19999980926513671875</ele>
        <time>2024-09-02T13:41:02.000Z</time>
        <extensions>
          <ns3:TrackPointExtension>
            <ns3:cad>90</ns3:cad>
          </ns3:TrackPointExtension>
        </extensions>
      </trkpt>
      <trkpt lat="30.4243345744907855987548828125" lon="120.27243948541581630706787109375">
        <ele>15.3999996185302734375</ele>
        <time>2024-09-02T13:41:03.000Z</time>
        <extensions>
          <ns3:TrackPointExtension>
            <ns3:cad>89</ns3:cad>
          </ns3:TrackPointExtension>
        </extensions>
      </trkpt>
      <trkpt lat="30.4243499971926212310791015625" lon="120.27246245183050632476806640625">
        <ele>15.6000003814697265625</ele>
        <time>2024-09-02T13:41:04.000Z</time>
        <extensions>
          <ns3:TrackPointExtension>
            <ns3:cad>89</ns3:cad>
          </ns3:TrackPointExtension>
        </extensions>
      </trkpt>
      <trkpt lat="30.42436449788510799407958984375" lon="120.2724910341203212738037109375">
        <ele>15.80000019073486328125</ele>
        <time>2024-09-02T13:41:05.000Z</time>
        <extensions>
          <ns3:TrackPointExtension>
            <ns3:cad>89</ns3:cad>
          </ns3:TrackPointExtension>
        </extensions>
      </trkpt>
      <trkpt lat="30.42437891475856304168701171875" lon="120.272520370781421661376953125">
        <ele>16.200000762939453125</ele>
        <time>2024-09-02T13:41:06.000Z</time>
        <extensions>
          <ns3:TrackPointExtension>
            <ns3:cad>89</ns3:cad>
          </ns3:TrackPointExtension>
        </extensions>
      </trkpt>
      <trkpt lat="30.42439316399395465850830078125" lon="120.27254627086222171783447265625">
        <ele>16.3999996185302734375</ele>
        <time>2024-09-02T13:41:07.000Z</time>
        <extensions>
          <ns3:TrackPointExtension>
            <ns3:cad>90</ns3:cad>
          </ns3:TrackPointExtension>
        </extensions>
      </trkpt>
      <trkpt lat="30.42440607212483882904052734375" lon="120.2725715003907680511474609375">
        <ele>16.6000003814697265625</ele>
        <time>2024-09-02T13:41:08.000Z</time>
        <extensions>
          <ns3:TrackPointExtension>
            <ns3:cad>90</ns3:cad>
          </ns3:TrackPointExtension>
        </extensions>
      </trkpt>
      <trkpt lat="30.424416549503803253173828125" lon="120.27259840629994869232177734375">
        <ele>16.799999237060546875</ele>
        <time>2024-09-02T13:41:09.000Z</time>
        <extensions>
          <ns3:TrackPointExtension>
            <ns3:cad>91</ns3:cad>
          </ns3:TrackPointExtension>
        </extensions>
      </trkpt>
      <trkpt lat="30.42442853562533855438232421875" lon="120.27262338437139987945556640625">
        <ele>17</ele>
        <time>2024-09-02T13:41:10.000Z</time>
        <extensions>
          <ns3:TrackPointExtension>
            <ns3:cad>91</ns3:cad>
          </ns3:TrackPointExtension>
        </extensions>
      </trkpt>
      <trkpt lat="30.42444010265171527862548828125" lon="120.27264500968158245086669921875">
        <ele>17.200000762939453125</ele>
        <time>2024-09-02T13:41:11.000Z</time>
        <extensions>
          <ns3:TrackPointExtension>
            <ns3:cad>91</ns3:cad>
          </ns3:TrackPointExtension>
        </extensions>
      </trkpt>
      <trkpt lat="30.42445519007742404937744140625" lon="120.27266697026789188385009765625">
        <ele>17.3999996185302734375</ele>
        <time>2024-09-02T13:41:12.000Z</time>
        <extensions>
          <ns3:TrackPointExtension>
            <ns3:cad>91</ns3:cad>
          </ns3:TrackPointExtension>
        </extensions>
      </trkpt>
      <trkpt lat="30.42446742765605449676513671875" lon="120.27269295416772365570068359375">
        <ele>17.6000003814697265625</ele>
        <time>2024-09-02T13:41:13.000Z</time>
        <extensions>
          <ns3:TrackPointExtension>
            <ns3:cad>92</ns3:cad>
          </ns3:TrackPointExtension>
        </extensions>
      </trkpt>
      <trkpt lat="30.42448033578693866729736328125" lon="120.27271742932498455047607421875">
        <ele>17.799999237060546875</ele>
        <time>2024-09-02T13:41:14.000Z</time>
        <extensions>
          <ns3:TrackPointExtension>
            <ns3:cad>93</ns3:cad>
          </ns3:TrackPointExtension>
        </extensions>
      </trkpt>
      <trkpt lat="30.42449173517525196075439453125" lon="120.27274601161479949951171875">
        <ele>17.6000003814697265625</ele>
        <time>2024-09-02T13:41:15.000Z</time>
        <extensions>
          <ns3:TrackPointExtension>
            <ns3:cad>94</ns3:cad>
          </ns3:TrackPointExtension>
        </extensions>
      </trkpt>
      <trkpt lat="30.4245032183825969696044921875" lon="120.27277325280010700225830078125">
        <ele>17.6000003814697265625</ele>
        <time>2024-09-02T13:41:16.000Z</time>
        <extensions>
          <ns3:TrackPointExtension>
            <ns3:cad>94</ns3:cad>
          </ns3:TrackPointExtension>
        </extensions>
      </trkpt>
      <trkpt lat="30.42451503686606884002685546875" lon="120.2728001587092876434326171875">
        <ele>17.6000003814697265625</ele>
        <time>2024-09-02T13:41:17.000Z</time>
        <extensions>
          <ns3:TrackPointExtension>
            <ns3:cad>94</ns3:cad>
          </ns3:TrackPointExtension>
        </extensions>
      </trkpt>
      <trkpt lat="30.4245297051966190338134765625" lon="120.2728239633142948150634765625">
        <ele>17.6000003814697265625</ele>
        <time>2024-09-02T13:41:18.000Z</time>
        <extensions>
          <ns3:TrackPointExtension>
            <ns3:cad>93</ns3:cad>
          </ns3:TrackPointExtension>
        </extensions>
      </trkpt>
      <trkpt lat="30.42454336769878864288330078125" lon="120.272847600281238555908203125">
        <ele>17.3999996185302734375</ele>
        <time>2024-09-02T13:41:19.000Z</time>
        <extensions>
          <ns3:TrackPointExtension>
            <ns3:cad>92</ns3:cad>
          </ns3:TrackPointExtension>
        </extensions>
      </trkpt>
      <trkpt lat="30.42455627582967281341552734375" lon="120.27286805212497711181640625">
        <ele>17.3999996185302734375</ele>
        <time>2024-09-02T13:41:20.000Z</time>
        <extensions>
          <ns3:TrackPointExtension>
            <ns3:cad>92</ns3:cad>
          </ns3:TrackPointExtension>
        </extensions>
      </trkpt>
      <trkpt lat="30.42457102797925472259521484375" lon="120.27289093472063541412353515625">
        <ele>17.3999996185302734375</ele>
        <time>2024-09-02T13:41:21.000Z</time>
        <extensions>
          <ns3:TrackPointExtension>
            <ns3:cad>92</ns3:cad>
          </ns3:TrackPointExtension>
        </extensions>
      </trkpt>
      <trkpt lat="30.4245873726904392242431640625" lon="120.27291364967823028564453125">
        <ele>17.3999996185302734375</ele>
        <time>2024-09-02T13:41:22.000Z</time>
        <extensions>
          <ns3:TrackPointExtension>
            <ns3:cad>92</ns3:cad>
          </ns3:TrackPointExtension>
        </extensions>
      </trkpt>
      <trkpt lat="30.42460304684937000274658203125" lon="120.27294424362480640411376953125">
        <ele>17.3999996185302734375</ele>
        <time>2024-09-02T13:41:23.000Z</time>
        <extensions>
          <ns3:TrackPointExtension>
            <ns3:cad>92</ns3:cad>
          </ns3:TrackPointExtension>
        </extensions>
      </trkpt>
      <trkpt lat="30.424621403217315673828125" lon="120.27296821586787700653076171875">
        <ele>17.3999996185302734375</ele>
        <time>2024-09-02T13:41:24.000Z</time>
        <extensions>
          <ns3:TrackPointExtension>
            <ns3:cad>92</ns3:cad>
          </ns3:TrackPointExtension>
        </extensions>
      </trkpt>
      <trkpt lat="30.424640513956546783447265625" lon="120.27299009263515472412109375">
        <ele>17.3999996185302734375</ele>
        <time>2024-09-02T13:41:25.000Z</time>
        <extensions>
          <ns3:TrackPointExtension>
            <ns3:cad>92</ns3:cad>
          </ns3:TrackPointExtension>
        </extensions>
      </trkpt>
      <trkpt lat="30.42466121725738048553466796875" lon="120.2730130590498447418212890625">
        <ele>17.3999996185302734375</ele>
        <time>2024-09-02T13:41:26.000Z</time>
        <extensions>
          <ns3:TrackPointExtension>
            <ns3:cad>92</ns3:cad>
          </ns3:TrackPointExtension>
        </extensions>
      </trkpt>
      <trkpt lat="30.42468108236789703369140625" lon="120.273029990494251251220703125">
        <ele>17.3999996185302734375</ele>
        <time>2024-09-02T13:41:27.000Z</time>
        <extensions>
          <ns3:TrackPointExtension>
            <ns3:cad>92</ns3:cad>
          </ns3:TrackPointExtension>
        </extensions>
      </trkpt>
      <trkpt lat="30.42469943873584270477294921875" lon="120.2730511128902435302734375">
        <ele>17.3999996185302734375</ele>
        <time>2024-09-02T13:41:28.000Z</time>
        <extensions>
          <ns3:TrackPointExtension>
            <ns3:cad>93</ns3:cad>
          </ns3:TrackPointExtension>
        </extensions>
      </trkpt>
      <trkpt lat="30.42471704073250293731689453125" lon="120.2730713970959186553955078125">
        <ele>17.3999996185302734375</ele>
        <time>2024-09-02T13:41:29.000Z</time>
        <extensions>
          <ns3:TrackPointExtension>
            <ns3:cad>93</ns3:cad>
          </ns3:TrackPointExtension>
        </extensions>
      </trkpt>
      <trkpt lat="30.42473346926271915435791015625" lon="120.27309008873999118804931640625">
        <ele>17.3999996185302734375</ele>
        <time>2024-09-02T13:41:30.000Z</time>
        <extensions>
          <ns3:TrackPointExtension>
            <ns3:cad>93</ns3:cad>
          </ns3:TrackPointExtension>
        </extensions>
      </trkpt>
      <trkpt lat="30.4247496463358402252197265625" lon="120.27310886420309543609619140625">
        <ele>17.3999996185302734375</ele>
        <time>2024-09-02T13:41:31.000Z</time>
        <extensions>
          <ns3:TrackPointExtension>
            <ns3:cad>92</ns3:cad>
          </ns3:TrackPointExtension>
        </extensions>
      </trkpt>
      <trkpt lat="30.42476649396121501922607421875" lon="120.27312956750392913818359375">
        <ele>17.3999996185302734375</ele>
        <time>2024-09-02T13:41:32.000Z</time>
        <extensions>
          <ns3:TrackPointExtension>
            <ns3:cad>92</ns3:cad>
          </ns3:TrackPointExtension>
        </extensions>
      </trkpt>
      <trkpt lat="30.42478392831981182098388671875" lon="120.2731495164334774017333984375">
        <ele>17.3999996185302734375</ele>
        <time>2024-09-02T13:41:33.000Z</time>
        <extensions>
          <ns3:TrackPointExtension>
            <ns3:cad>91</ns3:cad>
          </ns3:TrackPointExtension>
        </extensions>
      </trkpt>
      <trkpt lat="30.424800775945186614990234375" lon="120.27316720224916934967041015625">
        <ele>17.3999996185302734375</ele>
        <time>2024-09-02T13:41:34.000Z</time>
        <extensions>
          <ns3:TrackPointExtension>
            <ns3:cad>90</ns3:cad>
          </ns3:TrackPointExtension>
        </extensions>
      </trkpt>
      <trkpt lat="30.4248185455799102783203125" lon="120.27318849228322505950927734375">
        <ele>17.6000003814697265625</ele>
        <time>2024-09-02T13:41:35.000Z</time>
        <extensions>
          <ns3:TrackPointExtension>
            <ns3:cad>90</ns3:cad>
          </ns3:TrackPointExtension>
        </extensions>
      </trkpt>
      <trkpt lat="30.424834974110126495361328125" lon="120.27321179397404193878173828125">
        <ele>17.6000003814697265625</ele>
        <time>2024-09-02T13:41:36.000Z</time>
        <extensions>
          <ns3:TrackPointExtension>
            <ns3:cad>90</ns3:cad>
          </ns3:TrackPointExtension>
        </extensions>
      </trkpt>
      <trkpt lat="30.4248498938977718353271484375" lon="120.273234508931636810302734375">
        <ele>17.6000003814697265625</ele>
        <time>2024-09-02T13:41:37.000Z</time>
        <extensions>
          <ns3:TrackPointExtension>
            <ns3:cad>90</ns3:cad>
          </ns3:TrackPointExtension>
        </extensions>
      </trkpt>
      <trkpt lat="30.4248669929802417755126953125" lon="120.2732564695179462432861328125">
        <ele>17.6000003814697265625</ele>
        <time>2024-09-02T13:41:38.000Z</time>
        <extensions>
          <ns3:TrackPointExtension>
            <ns3:cad>90</ns3:cad>
          </ns3:TrackPointExtension>
        </extensions>
      </trkpt>
      <trkpt lat="30.424883924424648284912109375" lon="120.273275412619113922119140625">
        <ele>17.799999237060546875</ele>
        <time>2024-09-02T13:41:39.000Z</time>
        <extensions>
          <ns3:TrackPointExtension>
            <ns3:cad>90</ns3:cad>
          </ns3:TrackPointExtension>
        </extensions>
      </trkpt>
      <trkpt lat="30.42489909566938877105712890625" lon="120.273291170597076416015625">
        <ele>18</ele>
        <time>2024-09-02T13:41:40.000Z</time>
        <extensions>
          <ns3:TrackPointExtension>
            <ns3:cad>90</ns3:cad>
          </ns3:TrackPointExtension>
        </extensions>
      </trkpt>
      <trkpt lat="30.4249102436006069183349609375" lon="120.27330567128956317901611328125">
        <ele>18</ele>
        <time>2024-09-02T13:41:41.000Z</time>
        <extensions>
          <ns3:TrackPointExtension>
            <ns3:cad>91</ns3:cad>
          </ns3:TrackPointExtension>
        </extensions>
      </trkpt>
      <trkpt lat="30.4249213077127933502197265625" lon="120.27331707067787647247314453125">
        <ele>18.200000762939453125</ele>
        <time>2024-09-02T13:41:42.000Z</time>
        <extensions>
          <ns3:TrackPointExtension>
            <ns3:cad>91</ns3:cad>
          </ns3:TrackPointExtension>
        </extensions>
      </trkpt>
      <trkpt lat="30.42492876760661602020263671875" lon="120.27332511730492115020751953125">
        <ele>18.200000762939453125</ele>
        <time>2024-09-02T13:41:43.000Z</time>
        <extensions>
          <ns3:TrackPointExtension>
            <ns3:cad>91</ns3:cad>
          </ns3:TrackPointExtension>
        </extensions>
      </trkpt>
      <trkpt lat="30.42494217865169048309326171875" lon="120.2733355946838855743408203125">
        <ele>18.200000762939453125</ele>
        <time>2024-09-02T13:41:44.000Z</time>
        <extensions>
          <ns3:TrackPointExtension>
            <ns3:cad>91</ns3:cad>
          </ns3:TrackPointExtension>
        </extensions>
      </trkpt>
      <trkpt lat="30.4249588586390018463134765625" lon="120.27335361577570438385009765625">
        <ele>18.3999996185302734375</ele>
        <time>2024-09-02T13:41:45.000Z</time>
        <extensions>
          <ns3:TrackPointExtension>
            <ns3:cad>83</ns3:cad>
          </ns3:TrackPointExtension>
        </extensions>
      </trkpt>
      <trkpt lat="30.42497369460761547088623046875" lon="120.27337423525750637054443359375">
        <ele>18.3999996185302734375</ele>
        <time>2024-09-02T13:41:46.000Z</time>
        <extensions>
          <ns3:TrackPointExtension>
            <ns3:cad>83</ns3:cad>
          </ns3:TrackPointExtension>
        </extensions>
      </trkpt>
      <trkpt lat="30.42498953640460968017578125" lon="120.273398794233798980712890625">
        <ele>18.3999996185302734375</ele>
        <time>2024-09-02T13:41:47.000Z</time>
        <extensions>
          <ns3:TrackPointExtension>
            <ns3:cad>88</ns3:cad>
          </ns3:TrackPointExtension>
        </extensions>
      </trkpt>
      <trkpt lat="30.42500688694417476654052734375" lon="120.27342201210558414459228515625">
        <ele>18.3999996185302734375</ele>
        <time>2024-09-02T13:41:48.000Z</time>
        <extensions>
          <ns3:TrackPointExtension>
            <ns3:cad>88</ns3:cad>
          </ns3:TrackPointExtension>
        </extensions>
      </trkpt>
      <trkpt lat="30.42502314783632755279541015625" lon="120.27344397269189357757568359375">
        <ele>18.3999996185302734375</ele>
        <time>2024-09-02T13:41:49.000Z</time>
        <extensions>
          <ns3:TrackPointExtension>
            <ns3:cad>88</ns3:cad>
          </ns3:TrackPointExtension>
        </extensions>
      </trkpt>
      <trkpt lat="30.42504125274717807769775390625" lon="120.2734749019145965576171875">
        <ele>18.6000003814697265625</ele>
        <time>2024-09-02T13:41:50.000Z</time>
        <extensions>
          <ns3:TrackPointExtension>
            <ns3:cad>88</ns3:cad>
          </ns3:TrackPointExtension>
        </extensions>
      </trkpt>
      <trkpt lat="30.42505717836320400238037109375" lon="120.27349811978638172149658203125">
        <ele>18.6000003814697265625</ele>
        <time>2024-09-02T13:41:51.000Z</time>
        <extensions>
          <ns3:TrackPointExtension>
            <ns3:cad>89</ns3:cad>
          </ns3:TrackPointExtension>
        </extensions>
      </trkpt>
      <trkpt lat="30.42507268488407135009765625" lon="120.2735146321356296539306640625">
        <ele>18.6000003814697265625</ele>
        <time>2024-09-02T13:41:52.000Z</time>
        <extensions>
          <ns3:TrackPointExtension>
            <ns3:cad>89</ns3:cad>
          </ns3:TrackPointExtension>
        </extensions>
      </trkpt>
      <trkpt lat="30.42508819140493869781494140625" lon="120.27353785000741481781005859375">
        <ele>18.6000003814697265625</ele>
        <time>2024-09-02T13:41:53.000Z</time>
        <extensions>
          <ns3:TrackPointExtension>
            <ns3:cad>89</ns3:cad>
          </ns3:TrackPointExtension>
        </extensions>
      </trkpt>
      <trkpt lat="30.42510411702096462249755859375" lon="120.2735662646591663360595703125">
        <ele>18.6000003814697265625</ele>
        <time>2024-09-02T13:41:54.000Z</time>
        <extensions>
          <ns3:TrackPointExtension>
            <ns3:cad>89</ns3:cad>
          </ns3:TrackPointExtension>
        </extensions>
      </trkpt>
      <trkpt lat="30.42512222193181514739990234375" lon="120.27359652332961559295654296875">
        <ele>18.3999996185302734375</ele>
        <time>2024-09-02T13:41:55.000Z</time>
        <extensions>
          <ns3:TrackPointExtension>
            <ns3:cad>89</ns3:cad>
          </ns3:TrackPointExtension>
        </extensions>
      </trkpt>
      <trkpt lat="30.4251404106616973876953125" lon="120.273619405925273895263671875">
        <ele>18.200000762939453125</ele>
        <time>2024-09-02T13:41:56.000Z</time>
        <extensions>
          <ns3:TrackPointExtension>
            <ns3:cad>89</ns3:cad>
          </ns3:TrackPointExtension>
        </extensions>
      </trkpt>
      <trkpt lat="30.425156168639659881591796875" lon="120.2736406959593296051025390625">
        <ele>18.200000762939453125</ele>
        <time>2024-09-02T13:41:57.000Z</time>
        <extensions>
          <ns3:TrackPointExtension>
            <ns3:cad>89</ns3:cad>
          </ns3:TrackPointExtension>
        </extensions>
      </trkpt>
      <trkpt lat="30.4251680709421634674072265625" lon="120.27365670539438724517822265625">
        <ele>18</ele>
        <time>2024-09-02T13:41:58.000Z</time>
        <extensions>
          <ns3:TrackPointExtension>
            <ns3:cad>89</ns3:cad>
          </ns3:TrackPointExtension>
        </extensions>
      </trkpt>
      <trkpt lat="30.425179637968540191650390625" lon="120.2736680209636688232421875">
        <ele>18</ele>
        <time>2024-09-02T13:41:59.000Z</time>
        <extensions>
          <ns3:TrackPointExtension>
            <ns3:cad>89</ns3:cad>
          </ns3:TrackPointExtension>
        </extensions>
      </trkpt>
      <trkpt lat="30.42519112117588520050048828125" lon="120.27367900125682353973388671875">
        <ele>17.799999237060546875</ele>
        <time>2024-09-02T13:42:00.000Z</time>
        <extensions>
          <ns3:TrackPointExtension>
            <ns3:cad>89</ns3:cad>
          </ns3:TrackPointExtension>
        </extensions>
      </trkpt>
      <trkpt lat="30.425203777849674224853515625" lon="120.27369123883545398712158203125">
        <ele>17.6000003814697265625</ele>
        <time>2024-09-02T13:42:01.000Z</time>
        <extensions>
          <ns3:TrackPointExtension>
            <ns3:cad>89</ns3:cad>
          </ns3:TrackPointExtension>
        </extensions>
      </trkpt>
      <trkpt lat="30.4252146743237972259521484375" lon="120.273704566061496734619140625">
        <ele>17.6000003814697265625</ele>
        <time>2024-09-02T13:42:02.000Z</time>
        <extensions>
          <ns3:TrackPointExtension>
            <ns3:cad>89</ns3:cad>
          </ns3:TrackPointExtension>
        </extensions>
      </trkpt>
      <trkpt lat="30.42522632516920566558837890625" lon="120.27372309006750583648681640625">
        <ele>17.3999996185302734375</ele>
        <time>2024-09-02T13:42:03.000Z</time>
        <extensions>
          <ns3:TrackPointExtension>
            <ns3:cad>89</ns3:cad>
          </ns3:TrackPointExtension>
        </extensions>
      </trkpt>
      <trkpt lat="30.42523906566202640533447265625" lon="120.27373834513127803802490234375">
        <ele>17.3999996185302734375</ele>
        <time>2024-09-02T13:42:04.000Z</time>
        <extensions>
          <ns3:TrackPointExtension>
            <ns3:cad>89</ns3:cad>
          </ns3:TrackPointExtension>
        </extensions>
      </trkpt>
      <trkpt lat="30.4252522252500057220458984375" lon="120.2737483195960521697998046875">
        <ele>17.200000762939453125</ele>
        <time>2024-09-02T13:42:05.000Z</time>
        <extensions>
          <ns3:TrackPointExtension>
            <ns3:cad>67</ns3:cad>
          </ns3:TrackPointExtension>
        </extensions>
      </trkpt>
      <trkpt lat="30.42526538483798503875732421875" lon="120.27376583777368068695068359375">
        <ele>17</ele>
        <time>2024-09-02T13:42:06.000Z</time>
        <extensions>
          <ns3:TrackPointExtension>
            <ns3:cad>67</ns3:cad>
          </ns3:TrackPointExtension>
        </extensions>
      </trkpt>
      <trkpt lat="30.42528097517788410186767578125" lon="120.2737838588654994964599609375">
        <ele>16.799999237060546875</ele>
        <time>2024-09-02T13:42:07.000Z</time>
        <extensions>
          <ns3:TrackPointExtension>
            <ns3:cad>67</ns3:cad>
          </ns3:TrackPointExtension>
        </extensions>
      </trkpt>
      <trkpt lat="30.425298996269702911376953125" lon="120.2738016285002231597900390625">
        <ele>16.3999996185302734375</ele>
        <time>2024-09-02T13:42:08.000Z</time>
        <extensions>
          <ns3:TrackPointExtension>
            <ns3:cad>67</ns3:cad>
          </ns3:TrackPointExtension>
        </extensions>
      </trkpt>
      <trkpt lat="30.4253159277141094207763671875" lon="120.27382149361073970794677734375">
        <ele>16.200000762939453125</ele>
        <time>2024-09-02T13:42:09.000Z</time>
        <extensions>
          <ns3:TrackPointExtension>
            <ns3:cad>88</ns3:cad>
          </ns3:TrackPointExtension>
        </extensions>
      </trkpt>
      <trkpt lat="30.42533017694950103759765625" lon="120.2738405205309391021728515625">
        <ele>16</ele>
        <time>2024-09-02T13:42:10.000Z</time>
        <extensions>
          <ns3:TrackPointExtension>
            <ns3:cad>88</ns3:cad>
          </ns3:TrackPointExtension>
        </extensions>
      </trkpt>
      <trkpt lat="30.4253427498042583465576171875" lon="120.273859798908233642578125">
        <ele>15.80000019073486328125</ele>
        <time>2024-09-02T13:42:11.000Z</time>
        <extensions>
          <ns3:TrackPointExtension>
            <ns3:cad>89</ns3:cad>
          </ns3:TrackPointExtension>
        </extensions>
      </trkpt>
      <trkpt lat="30.4253578372299671173095703125" lon="120.27388201095163822174072265625">
        <ele>15.6000003814697265625</ele>
        <time>2024-09-02T13:42:12.000Z</time>
        <extensions>
          <ns3:TrackPointExtension>
            <ns3:cad>89</ns3:cad>
          </ns3:TrackPointExtension>
        </extensions>
      </trkpt>
      <trkpt lat="30.4253722541034221649169921875" lon="120.27390263043344020843505859375">
        <ele>15.19999980926513671875</ele>
        <time>2024-09-02T13:42:13.000Z</time>
        <extensions>
          <ns3:TrackPointExtension>
            <ns3:cad>89</ns3:cad>
          </ns3:TrackPointExtension>
        </extensions>
      </trkpt>
      <trkpt lat="30.42538910172879695892333984375" lon="120.273925177752971649169921875">
        <ele>15</ele>
        <time>2024-09-02T13:42:14.000Z</time>
        <extensions>
          <ns3:TrackPointExtension>
            <ns3:cad>89</ns3:cad>
          </ns3:TrackPointExtension>
        </extensions>
      </trkpt>
      <trkpt lat="30.42540368624031543731689453125" lon="120.273945294320583343505859375">
        <ele>14.80000019073486328125</ele>
        <time>2024-09-02T13:42:15.000Z</time>
        <extensions>
          <ns3:TrackPointExtension>
            <ns3:cad>89</ns3:cad>
          </ns3:TrackPointExtension>
        </extensions>
      </trkpt>
      <trkpt lat="30.42541927658021450042724609375" lon="120.27396532706916332244873046875">
        <ele>14.6000003814697265625</ele>
        <time>2024-09-02T13:42:16.000Z</time>
        <extensions>
          <ns3:TrackPointExtension>
            <ns3:cad>89</ns3:cad>
          </ns3:TrackPointExtension>
        </extensions>
      </trkpt>
      <trkpt lat="30.42543151415884494781494140625" lon="120.2739856950938701629638671875">
        <ele>14.3999996185302734375</ele>
        <time>2024-09-02T13:42:17.000Z</time>
        <extensions>
          <ns3:TrackPointExtension>
            <ns3:cad>90</ns3:cad>
          </ns3:TrackPointExtension>
        </extensions>
      </trkpt>
      <trkpt lat="30.42544643394649028778076171875" lon="120.27400958351790904998779296875">
        <ele>14</ele>
        <time>2024-09-02T13:42:18.000Z</time>
        <extensions>
          <ns3:TrackPointExtension>
            <ns3:cad>92</ns3:cad>
          </ns3:TrackPointExtension>
        </extensions>
      </trkpt>
      <trkpt lat="30.4254611022770404815673828125" lon="120.27403104119002819061279296875">
        <ele>13.80000019073486328125</ele>
        <time>2024-09-02T13:42:19.000Z</time>
        <extensions>
          <ns3:TrackPointExtension>
            <ns3:cad>92</ns3:cad>
          </ns3:TrackPointExtension>
        </extensions>
      </trkpt>
      <trkpt lat="30.42547694407403469085693359375" lon="120.27405216358602046966552734375">
        <ele>13.6000003814697265625</ele>
        <time>2024-09-02T13:42:20.000Z</time>
        <extensions>
          <ns3:TrackPointExtension>
            <ns3:cad>92</ns3:cad>
          </ns3:TrackPointExtension>
        </extensions>
      </trkpt>
      <trkpt lat="30.42549001984298229217529296875" lon="120.274074375629425048828125">
        <ele>13.3999996185302734375</ele>
        <time>2024-09-02T13:42:21.000Z</time>
        <extensions>
          <ns3:TrackPointExtension>
            <ns3:cad>92</ns3:cad>
          </ns3:TrackPointExtension>
        </extensions>
      </trkpt>
      <trkpt lat="30.42550058104097843170166015625" lon="120.27409139089286327362060546875">
        <ele>13.19999980926513671875</ele>
        <time>2024-09-02T13:42:22.000Z</time>
        <extensions>
          <ns3:TrackPointExtension>
            <ns3:cad>92</ns3:cad>
          </ns3:TrackPointExtension>
        </extensions>
      </trkpt>
      <trkpt lat="30.42552086524665355682373046875" lon="120.27411620132625102996826171875">
        <ele>12.6000003814697265625</ele>
        <time>2024-09-02T13:42:23.000Z</time>
        <extensions>
          <ns3:TrackPointExtension>
            <ns3:cad>90</ns3:cad>
          </ns3:TrackPointExtension>
        </extensions>
      </trkpt>
      <trkpt lat="30.42553804814815521240234375" lon="120.2741345576941967010498046875">
        <ele>12.19999980926513671875</ele>
        <time>2024-09-02T13:42:24.000Z</time>
        <extensions>
          <ns3:TrackPointExtension>
            <ns3:cad>90</ns3:cad>
          </ns3:TrackPointExtension>
        </extensions>
      </trkpt>
      <trkpt lat="30.42555439285933971405029296875" lon="120.27415375225245952606201171875">
        <ele>11.6000003814697265625</ele>
        <time>2024-09-02T13:42:25.000Z</time>
        <extensions>
          <ns3:TrackPointExtension>
            <ns3:cad>90</ns3:cad>
          </ns3:TrackPointExtension>
        </extensions>
      </trkpt>
      <trkpt lat="30.42557266540825366973876953125" lon="120.27417562901973724365234375">
        <ele>11</ele>
        <time>2024-09-02T13:42:26.000Z</time>
        <extensions>
          <ns3:TrackPointExtension>
            <ns3:cad>90</ns3:cad>
          </ns3:TrackPointExtension>
        </extensions>
      </trkpt>
      <trkpt lat="30.42559060268104076385498046875" lon="120.27419398538768291473388671875">
        <ele>10.6000003814697265625</ele>
        <time>2024-09-02T13:42:27.000Z</time>
        <extensions>
          <ns3:TrackPointExtension>
            <ns3:cad>90</ns3:cad>
          </ns3:TrackPointExtension>
        </extensions>
      </trkpt>
      <trkpt lat="30.425610132515430450439453125" lon="120.27421586215496063232421875">
        <ele>10</ele>
        <time>2024-09-02T13:42:28.000Z</time>
        <extensions>
          <ns3:TrackPointExtension>
            <ns3:cad>90</ns3:cad>
          </ns3:TrackPointExtension>
        </extensions>
      </trkpt>
      <trkpt lat="30.42562832124531269073486328125" lon="120.27423606254160404205322265625">
        <ele>9.3999996185302734375</ele>
        <time>2024-09-02T13:42:29.000Z</time>
        <extensions>
          <ns3:TrackPointExtension>
            <ns3:cad>89</ns3:cad>
          </ns3:TrackPointExtension>
        </extensions>
      </trkpt>
      <trkpt lat="30.42564642615616321563720703125" lon="120.274257101118564605712890625">
        <ele>9</ele>
        <time>2024-09-02T13:42:30.000Z</time>
        <extensions>
          <ns3:TrackPointExtension>
            <ns3:cad>89</ns3:cad>
          </ns3:TrackPointExtension>
        </extensions>
      </trkpt>
      <trkpt lat="30.425665788352489471435546875" lon="120.2742747031152248382568359375">
        <ele>8.3999996185302734375</ele>
        <time>2024-09-02T13:42:31.000Z</time>
        <extensions>
          <ns3:TrackPointExtension>
            <ns3:cad>89</ns3:cad>
          </ns3:TrackPointExtension>
        </extensions>
      </trkpt>
      <trkpt lat="30.4256820492446422576904296875" lon="120.27429188601672649383544921875">
        <ele>8</ele>
        <time>2024-09-02T13:42:32.000Z</time>
        <extensions>
          <ns3:TrackPointExtension>
            <ns3:cad>89</ns3:cad>
          </ns3:TrackPointExtension>
        </extensions>
      </trkpt>
      <trkpt lat="30.42569696903228759765625" lon="120.2743099071085453033447265625">
        <ele>7.400000095367431640625</ele>
        <time>2024-09-02T13:42:33.000Z</time>
        <extensions>
          <ns3:TrackPointExtension>
            <ns3:cad>89</ns3:cad>
          </ns3:TrackPointExtension>
        </extensions>
      </trkpt>
      <trkpt lat="30.42571599595248699188232421875" lon="120.2743293531239032745361328125">
        <ele>7</ele>
        <time>2024-09-02T13:42:34.000Z</time>
        <extensions>
          <ns3:TrackPointExtension>
            <ns3:cad>89</ns3:cad>
          </ns3:TrackPointExtension>
        </extensions>
      </trkpt>
      <trkpt lat="30.4257346875965595245361328125" lon="120.2743466198444366455078125">
        <ele>6.400000095367431640625</ele>
        <time>2024-09-02T13:42:35.000Z</time>
        <extensions>
          <ns3:TrackPointExtension>
            <ns3:cad>89</ns3:cad>
          </ns3:TrackPointExtension>
        </extensions>
      </trkpt>
      <trkpt lat="30.4257511161267757415771484375" lon="120.27436698786914348602294921875">
        <ele>6</ele>
        <time>2024-09-02T13:42:36.000Z</time>
        <extensions>
          <ns3:TrackPointExtension>
            <ns3:cad>89</ns3:cad>
          </ns3:TrackPointExtension>
        </extensions>
      </trkpt>
      <trkpt lat="30.425770394504070281982421875" lon="120.27438492514193058013916015625">
        <ele>5.599999904632568359375</ele>
        <time>2024-09-02T13:42:37.000Z</time>
        <extensions>
          <ns3:TrackPointExtension>
            <ns3:cad>89</ns3:cad>
          </ns3:TrackPointExtension>
        </extensions>
      </trkpt>
      <trkpt lat="30.42578908614814281463623046875" lon="120.27440420351922512054443359375">
        <ele>5.19999980926513671875</ele>
        <time>2024-09-02T13:42:38.000Z</time>
        <extensions>
          <ns3:TrackPointExtension>
            <ns3:cad>89</ns3:cad>
          </ns3:TrackPointExtension>
        </extensions>
      </trkpt>
      <trkpt lat="30.42580769397318363189697265625" lon="120.27442113496363162994384765625">
        <ele>5.19999980926513671875</ele>
        <time>2024-09-02T13:42:39.000Z</time>
        <extensions>
          <ns3:TrackPointExtension>
            <ns3:cad>89</ns3:cad>
          </ns3:TrackPointExtension>
        </extensions>
      </trkpt>
      <trkpt lat="30.425828061997890472412109375" lon="120.27443940751254558563232421875">
        <ele>5.19999980926513671875</ele>
        <time>2024-09-02T13:42:40.000Z</time>
        <extensions>
          <ns3:TrackPointExtension>
            <ns3:cad>89</ns3:cad>
          </ns3:TrackPointExtension>
        </extensions>
      </trkpt>
      <trkpt lat="30.425844155251979827880859375" lon="120.2744597755372524261474609375">
        <ele>5.19999980926513671875</ele>
        <time>2024-09-02T13:42:41.000Z</time>
        <extensions>
          <ns3:TrackPointExtension>
            <ns3:cad>89</ns3:cad>
          </ns3:TrackPointExtension>
        </extensions>
      </trkpt>
      <trkpt lat="30.4258627630770206451416015625" lon="120.274477712810039520263671875">
        <ele>5.19999980926513671875</ele>
        <time>2024-09-02T13:42:42.000Z</time>
        <extensions>
          <ns3:TrackPointExtension>
            <ns3:cad>89</ns3:cad>
          </ns3:TrackPointExtension>
        </extensions>
      </trkpt>
      <trkpt lat="30.4258798621594905853271484375" lon="120.27449690736830234527587890625">
        <ele>5.19999980926513671875</ele>
        <time>2024-09-02T13:42:43.000Z</time>
        <extensions>
          <ns3:TrackPointExtension>
            <ns3:cad>89</ns3:cad>
          </ns3:TrackPointExtension>
        </extensions>
      </trkpt>
      <trkpt lat="30.4258959554135799407958984375" lon="120.274514593183994293212890625">
        <ele>5.19999980926513671875</ele>
        <time>2024-09-02T13:42:44.000Z</time>
        <extensions>
          <ns3:TrackPointExtension>
            <ns3:cad>89</ns3:cad>
          </ns3:TrackPointExtension>
        </extensions>
      </trkpt>
      <trkpt lat="30.42591154575347900390625" lon="120.274533368647098541259765625">
        <ele>5.400000095367431640625</ele>
        <time>2024-09-02T13:42:45.000Z</time>
        <extensions>
          <ns3:TrackPointExtension>
            <ns3:cad>89</ns3:cad>
          </ns3:TrackPointExtension>
        </extensions>
      </trkpt>
      <trkpt lat="30.4259301535785198211669921875" lon="120.27455340139567852020263671875">
        <ele>5.400000095367431640625</ele>
        <time>2024-09-02T13:42:46.000Z</time>
        <extensions>
          <ns3:TrackPointExtension>
            <ns3:cad>89</ns3:cad>
          </ns3:TrackPointExtension>
        </extensions>
      </trkpt>
      <trkpt lat="30.42594834230840206146240234375" lon="120.27457217685878276824951171875">
        <ele>5.400000095367431640625</ele>
        <time>2024-09-02T13:42:47.000Z</time>
        <extensions>
          <ns3:TrackPointExtension>
            <ns3:cad>89</ns3:cad>
          </ns3:TrackPointExtension>
        </extensions>
      </trkpt>
      <trkpt lat="30.4259680397808551788330078125" lon="120.2745935507118701934814453125">
        <ele>5.400000095367431640625</ele>
        <time>2024-09-02T13:42:48.000Z</time>
        <extensions>
          <ns3:TrackPointExtension>
            <ns3:cad>89</ns3:cad>
          </ns3:TrackPointExtension>
        </extensions>
      </trkpt>
      <trkpt lat="30.42598572559654712677001953125" lon="120.27461576275527477264404296875">
        <ele>5.400000095367431640625</ele>
        <time>2024-09-02T13:42:49.000Z</time>
        <extensions>
          <ns3:TrackPointExtension>
            <ns3:cad>89</ns3:cad>
          </ns3:TrackPointExtension>
        </extensions>
      </trkpt>
      <trkpt lat="30.426001735031604766845703125" lon="120.27463562786579132080078125">
        <ele>5.400000095367431640625</ele>
        <time>2024-09-02T13:42:50.000Z</time>
        <extensions>
          <ns3:TrackPointExtension>
            <ns3:cad>89</ns3:cad>
          </ns3:TrackPointExtension>
        </extensions>
      </trkpt>
      <trkpt lat="30.42601606808602809906005859375" lon="120.27465440332889556884765625">
        <ele>5.599999904632568359375</ele>
        <time>2024-09-02T13:42:51.000Z</time>
        <extensions>
          <ns3:TrackPointExtension>
            <ns3:cad>89</ns3:cad>
          </ns3:TrackPointExtension>
        </extensions>
      </trkpt>
      <trkpt lat="30.4260307364165782928466796875" lon="120.27467309497296810150146484375">
        <ele>6</ele>
        <time>2024-09-02T13:42:52.000Z</time>
        <extensions>
          <ns3:TrackPointExtension>
            <ns3:cad>89</ns3:cad>
          </ns3:TrackPointExtension>
        </extensions>
      </trkpt>
      <trkpt lat="30.4260451532900333404541015625" lon="120.27468835003674030303955078125">
        <ele>6.19999980926513671875</ele>
        <time>2024-09-02T13:42:53.000Z</time>
        <extensions>
          <ns3:TrackPointExtension>
            <ns3:cad>89</ns3:cad>
          </ns3:TrackPointExtension>
        </extensions>
      </trkpt>
      <trkpt lat="30.42606032453477382659912109375" lon="120.27470695786178112030029296875">
        <ele>6.599999904632568359375</ele>
        <time>2024-09-02T13:42:54.000Z</time>
        <extensions>
          <ns3:TrackPointExtension>
            <ns3:cad>89</ns3:cad>
          </ns3:TrackPointExtension>
        </extensions>
      </trkpt>
      <trkpt lat="30.42607474140822887420654296875" lon="120.2747259847819805145263671875">
        <ele>7</ele>
        <time>2024-09-02T13:42:55.000Z</time>
        <extensions>
          <ns3:TrackPointExtension>
            <ns3:cad>89</ns3:cad>
          </ns3:TrackPointExtension>
        </extensions>
      </trkpt>
      <trkpt lat="30.42609083466231822967529296875" lon="120.27474434114992618560791015625">
        <ele>7.19999980926513671875</ele>
        <time>2024-09-02T13:42:56.000Z</time>
        <extensions>
          <ns3:TrackPointExtension>
            <ns3:cad>89</ns3:cad>
          </ns3:TrackPointExtension>
        </extensions>
      </trkpt>
      <trkpt lat="30.4261048324406147003173828125" lon="120.27476311661303043365478515625">
        <ele>7.599999904632568359375</ele>
        <time>2024-09-02T13:42:57.000Z</time>
        <extensions>
          <ns3:TrackPointExtension>
            <ns3:cad>89</ns3:cad>
          </ns3:TrackPointExtension>
        </extensions>
      </trkpt>
      <trkpt lat="30.42612168006598949432373046875" lon="120.27478356845676898956298828125">
        <ele>8</ele>
        <time>2024-09-02T13:42:58.000Z</time>
        <extensions>
          <ns3:TrackPointExtension>
            <ns3:cad>89</ns3:cad>
          </ns3:TrackPointExtension>
        </extensions>
      </trkpt>
      <trkpt lat="30.42613810859620571136474609375" lon="120.27480385266244411468505859375">
        <ele>8.19999980926513671875</ele>
        <time>2024-09-02T13:42:59.000Z</time>
        <extensions>
          <ns3:TrackPointExtension>
            <ns3:cad>88</ns3:cad>
          </ns3:TrackPointExtension>
        </extensions>
      </trkpt>
      <trkpt lat="30.42615872807800769805908203125" lon="120.27482648380100727081298828125">
        <ele>8.6000003814697265625</ele>
        <time>2024-09-02T13:43:00.000Z</time>
        <extensions>
          <ns3:TrackPointExtension>
            <ns3:cad>88</ns3:cad>
          </ns3:TrackPointExtension>
        </extensions>
      </trkpt>
      <trkpt lat="30.42617465369403362274169921875" lon="120.27484643273055553436279296875">
        <ele>9</ele>
        <time>2024-09-02T13:43:01.000Z</time>
        <extensions>
          <ns3:TrackPointExtension>
            <ns3:cad>88</ns3:cad>
          </ns3:TrackPointExtension>
        </extensions>
      </trkpt>
      <trkpt lat="30.42618907056748867034912109375" lon="120.27486604638397693634033203125">
        <ele>9.19999980926513671875</ele>
        <time>2024-09-02T13:43:02.000Z</time>
        <extensions>
          <ns3:TrackPointExtension>
            <ns3:cad>89</ns3:cad>
          </ns3:TrackPointExtension>
        </extensions>
      </trkpt>
      <trkpt lat="30.42620248161256313323974609375" lon="120.2748852409422397613525390625">
        <ele>9.6000003814697265625</ele>
        <time>2024-09-02T13:43:03.000Z</time>
        <extensions>
          <ns3:TrackPointExtension>
            <ns3:cad>89</ns3:cad>
          </ns3:TrackPointExtension>
        </extensions>
      </trkpt>
      <trkpt lat="30.4262117855250835418701171875" lon="120.27490125037729740142822265625">
        <ele>10</ele>
        <time>2024-09-02T13:43:04.000Z</time>
        <extensions>
          <ns3:TrackPointExtension>
            <ns3:cad>89</ns3:cad>
          </ns3:TrackPointExtension>
        </extensions>
      </trkpt>
      <trkpt lat="30.4262186586856842041015625" lon="120.2749150805175304412841796875">
        <ele>10.19999980926513671875</ele>
        <time>2024-09-02T13:43:05.000Z</time>
        <extensions>
          <ns3:TrackPointExtension>
            <ns3:cad>89</ns3:cad>
          </ns3:TrackPointExtension>
        </extensions>
      </trkpt>
      <trkpt lat="30.42622360400855541229248046875" lon="120.274930335581302642822265625">
        <ele>10.3999996185302734375</ele>
        <time>2024-09-02T13:43:06.000Z</time>
        <extensions>
          <ns3:TrackPointExtension>
            <ns3:cad>89</ns3:cad>
          </ns3:TrackPointExtension>
        </extensions>
      </trkpt>
      <trkpt lat="30.42622947134077548980712890625" lon="120.27494165115058422088623046875">
        <ele>10.6000003814697265625</ele>
        <time>2024-09-02T13:43:07.000Z</time>
        <extensions>
          <ns3:TrackPointExtension>
            <ns3:cad>89</ns3:cad>
          </ns3:TrackPointExtension>
        </extensions>
      </trkpt>
      <trkpt lat="30.4262359254062175750732421875" lon="120.2749501168727874755859375">
        <ele>10.6000003814697265625</ele>
        <time>2024-09-02T13:43:08.000Z</time>
        <extensions>
          <ns3:TrackPointExtension>
            <ns3:cad>89</ns3:cad>
          </ns3:TrackPointExtension>
        </extensions>
      </trkpt>
      <trkpt lat="30.4262459836900234222412109375" lon="120.2749643661081790924072265625">
        <ele>10.80000019073486328125</ele>
        <time>2024-09-02T13:43:09.000Z</time>
        <extensions>
          <ns3:TrackPointExtension>
            <ns3:cad>70</ns3:cad>
          </ns3:TrackPointExtension>
        </extensions>
      </trkpt>
      <trkpt lat="30.4262535274028778076171875" lon="120.2749742567539215087890625">
        <ele>11</ele>
        <time>2024-09-02T13:43:10.000Z</time>
        <extensions>
          <ns3:TrackPointExtension>
            <ns3:cad>69</ns3:cad>
          </ns3:TrackPointExtension>
        </extensions>
      </trkpt>
      <trkpt lat="30.4262588918209075927734375" lon="120.2749871648848056793212890625">
        <ele>11</ele>
        <time>2024-09-02T13:43:11.000Z</time>
        <extensions>
          <ns3:TrackPointExtension>
            <ns3:cad>67</ns3:cad>
          </ns3:TrackPointExtension>
        </extensions>
      </trkpt>
      <trkpt lat="30.4262650944292545318603515625" lon="120.2749995701014995574951171875">
        <ele>11.19999980926513671875</ele>
        <time>2024-09-02T13:43:12.000Z</time>
        <extensions>
          <ns3:TrackPointExtension>
            <ns3:cad>65</ns3:cad>
          </ns3:TrackPointExtension>
        </extensions>
      </trkpt>
      <trkpt lat="30.42627372778952121734619140625" lon="120.275018848478794097900390625">
        <ele>11.3999996185302734375</ele>
        <time>2024-09-02T13:43:13.000Z</time>
        <extensions>
          <ns3:TrackPointExtension>
            <ns3:cad>65</ns3:cad>
          </ns3:TrackPointExtension>
        </extensions>
      </trkpt>
      <trkpt lat="30.42628177441656589508056640625" lon="120.27503871358931064605712890625">
        <ele>11.80000019073486328125</ele>
        <time>2024-09-02T13:43:14.000Z</time>
        <extensions>
          <ns3:TrackPointExtension>
            <ns3:cad>65</ns3:cad>
          </ns3:TrackPointExtension>
        </extensions>
      </trkpt>
      <trkpt lat="30.426290743052959442138671875" lon="120.27505983598530292510986328125">
        <ele>12</ele>
        <time>2024-09-02T13:43:15.000Z</time>
        <extensions>
          <ns3:TrackPointExtension>
            <ns3:cad>65</ns3:cad>
          </ns3:TrackPointExtension>
        </extensions>
      </trkpt>
      <trkpt lat="30.42629937641322612762451171875" lon="120.27508297003805637359619140625">
        <ele>12.3999996185302734375</ele>
        <time>2024-09-02T13:43:16.000Z</time>
        <extensions>
          <ns3:TrackPointExtension>
            <ns3:cad>65</ns3:cad>
          </ns3:TrackPointExtension>
        </extensions>
      </trkpt>
      <trkpt lat="30.42630708776414394378662109375" lon="120.27510769665241241455078125">
        <ele>12.80000019073486328125</ele>
        <time>2024-09-02T13:43:17.000Z</time>
        <extensions>
          <ns3:TrackPointExtension>
            <ns3:cad>86</ns3:cad>
          </ns3:TrackPointExtension>
        </extensions>
      </trkpt>
      <trkpt lat="30.4263163916766643524169921875" lon="120.2751313336193561553955078125">
        <ele>13</ele>
        <time>2024-09-02T13:43:18.000Z</time>
        <extensions>
          <ns3:TrackPointExtension>
            <ns3:cad>88</ns3:cad>
          </ns3:TrackPointExtension>
        </extensions>
      </trkpt>
      <trkpt lat="30.42632619850337505340576171875" lon="120.275157652795314788818359375">
        <ele>13.3999996185302734375</ele>
        <time>2024-09-02T13:43:19.000Z</time>
        <extensions>
          <ns3:TrackPointExtension>
            <ns3:cad>88</ns3:cad>
          </ns3:TrackPointExtension>
        </extensions>
      </trkpt>
      <trkpt lat="30.42633558623492717742919921875" lon="120.27518237940967082977294921875">
        <ele>13.80000019073486328125</ele>
        <time>2024-09-02T13:43:20.000Z</time>
        <extensions>
          <ns3:TrackPointExtension>
            <ns3:cad>88</ns3:cad>
          </ns3:TrackPointExtension>
        </extensions>
      </trkpt>
      <trkpt lat="30.42634463869035243988037109375" lon="120.275205262005329132080078125">
        <ele>14</ele>
        <time>2024-09-02T13:43:21.000Z</time>
        <extensions>
          <ns3:TrackPointExtension>
            <ns3:cad>88</ns3:cad>
          </ns3:TrackPointExtension>
        </extensions>
      </trkpt>
      <trkpt lat="30.426355116069316864013671875" lon="120.27522596530616283416748046875">
        <ele>13.80000019073486328125</ele>
        <time>2024-09-02T13:43:22.000Z</time>
        <extensions>
          <ns3:TrackPointExtension>
            <ns3:cad>88</ns3:cad>
          </ns3:TrackPointExtension>
        </extensions>
      </trkpt>
      <trkpt lat="30.42636525817215442657470703125" lon="120.27524792589247226715087890625">
        <ele>13.6000003814697265625</ele>
        <time>2024-09-02T13:43:23.000Z</time>
        <extensions>
          <ns3:TrackPointExtension>
            <ns3:cad>88</ns3:cad>
          </ns3:TrackPointExtension>
        </extensions>
      </trkpt>
      <trkpt lat="30.42637665756046772003173828125" lon="120.27526988647878170013427734375">
        <ele>13.3999996185302734375</ele>
        <time>2024-09-02T13:43:24.000Z</time>
        <extensions>
          <ns3:TrackPointExtension>
            <ns3:cad>88</ns3:cad>
          </ns3:TrackPointExtension>
        </extensions>
      </trkpt>
      <trkpt lat="30.42638604529201984405517578125" lon="120.27529142796993255615234375">
        <ele>13.19999980926513671875</ele>
        <time>2024-09-02T13:43:25.000Z</time>
        <extensions>
          <ns3:TrackPointExtension>
            <ns3:cad>88</ns3:cad>
          </ns3:TrackPointExtension>
        </extensions>
      </trkpt>
      <trkpt lat="30.42639442719519138336181640625" lon="120.27531112544238567352294921875">
        <ele>13</ele>
        <time>2024-09-02T13:43:26.000Z</time>
        <extensions>
          <ns3:TrackPointExtension>
            <ns3:cad>88</ns3:cad>
          </ns3:TrackPointExtension>
        </extensions>
      </trkpt>
      <trkpt lat="30.426402390003204345703125" lon="120.27532755397260189056396484375">
        <ele>12.80000019073486328125</ele>
        <time>2024-09-02T13:43:27.000Z</time>
        <extensions>
          <ns3:TrackPointExtension>
            <ns3:cad>89</ns3:cad>
          </ns3:TrackPointExtension>
        </extensions>
      </trkpt>
      <trkpt lat="30.42640934698283672332763671875" lon="120.27534314431250095367431640625">
        <ele>12.80000019073486328125</ele>
        <time>2024-09-02T13:43:28.000Z</time>
        <extensions>
          <ns3:TrackPointExtension>
            <ns3:cad>89</ns3:cad>
          </ns3:TrackPointExtension>
        </extensions>
      </trkpt>
      <trkpt lat="30.42641638778150081634521484375" lon="120.275355465710163116455078125">
        <ele>12.6000003814697265625</ele>
        <time>2024-09-02T13:43:29.000Z</time>
        <extensions>
          <ns3:TrackPointExtension>
            <ns3:cad>89</ns3:cad>
          </ns3:TrackPointExtension>
        </extensions>
      </trkpt>
      <trkpt lat="30.42642175219953060150146484375" lon="120.2753734029829502105712890625">
        <ele>12.3999996185302734375</ele>
        <time>2024-09-02T13:43:30.000Z</time>
        <extensions>
          <ns3:TrackPointExtension>
            <ns3:cad>89</ns3:cad>
          </ns3:TrackPointExtension>
        </extensions>
      </trkpt>
      <trkpt lat="30.4264263622462749481201171875" lon="120.275388658046722412109375">
        <ele>12.3999996185302734375</ele>
        <time>2024-09-02T13:43:31.000Z</time>
        <extensions>
          <ns3:TrackPointExtension>
            <ns3:cad>71</ns3:cad>
          </ns3:TrackPointExtension>
        </extensions>
      </trkpt>
      <trkpt lat="30.426428876817226409912109375" lon="120.27540248818695545196533203125">
        <ele>12.19999980926513671875</ele>
        <time>2024-09-02T13:43:32.000Z</time>
        <extensions>
          <ns3:TrackPointExtension>
            <ns3:cad>70</ns3:cad>
          </ns3:TrackPointExtension>
        </extensions>
      </trkpt>
      <trkpt lat="30.426436252892017364501953125" lon="120.27542553842067718505859375">
        <ele>12</ele>
        <time>2024-09-02T13:43:33.000Z</time>
        <extensions>
          <ns3:TrackPointExtension>
            <ns3:cad>69</ns3:cad>
          </ns3:TrackPointExtension>
        </extensions>
      </trkpt>
      <trkpt lat="30.42644622735679149627685546875" lon="120.2754434756934642791748046875">
        <ele>11.80000019073486328125</ele>
        <time>2024-09-02T13:43:34.000Z</time>
        <extensions>
          <ns3:TrackPointExtension>
            <ns3:cad>69</ns3:cad>
          </ns3:TrackPointExtension>
        </extensions>
      </trkpt>
      <trkpt lat="30.42645527981221675872802734375" lon="120.275461412966251373291015625">
        <ele>11.6000003814697265625</ele>
        <time>2024-09-02T13:43:35.000Z</time>
        <extensions>
          <ns3:TrackPointExtension>
            <ns3:cad>69</ns3:cad>
          </ns3:TrackPointExtension>
        </extensions>
      </trkpt>
      <trkpt lat="30.4264639131724834442138671875" lon="120.27547909878194332122802734375">
        <ele>11.6000003814697265625</ele>
        <time>2024-09-02T13:43:36.000Z</time>
        <extensions>
          <ns3:TrackPointExtension>
            <ns3:cad>69</ns3:cad>
          </ns3:TrackPointExtension>
        </extensions>
      </trkpt>
      <trkpt lat="30.42647589929401874542236328125" lon="120.2754999697208404541015625">
        <ele>11.6000003814697265625</ele>
        <time>2024-09-02T13:43:37.000Z</time>
        <extensions>
          <ns3:TrackPointExtension>
            <ns3:cad>70</ns3:cad>
          </ns3:TrackPointExtension>
        </extensions>
      </trkpt>
      <trkpt lat="30.426487885415554046630859375" lon="120.27552343904972076416015625">
        <ele>11.3999996185302734375</ele>
        <time>2024-09-02T13:43:38.000Z</time>
        <extensions>
          <ns3:TrackPointExtension>
            <ns3:cad>70</ns3:cad>
          </ns3:TrackPointExtension>
        </extensions>
      </trkpt>
      <trkpt lat="30.4264991171658039093017578125" lon="120.27554623782634735107421875">
        <ele>11.3999996185302734375</ele>
        <time>2024-09-02T13:43:39.000Z</time>
        <extensions>
          <ns3:TrackPointExtension>
            <ns3:cad>70</ns3:cad>
          </ns3:TrackPointExtension>
        </extensions>
      </trkpt>
      <trkpt lat="30.42650976218283176422119140625" lon="120.27557171881198883056640625">
        <ele>11.3999996185302734375</ele>
        <time>2024-09-02T13:43:40.000Z</time>
        <extensions>
          <ns3:TrackPointExtension>
            <ns3:cad>88</ns3:cad>
          </ns3:TrackPointExtension>
        </extensions>
      </trkpt>
      <trkpt lat="30.4265225864946842193603515625" lon="120.2755983732640743255615234375">
        <ele>11.3999996185302734375</ele>
        <time>2024-09-02T13:43:41.000Z</time>
        <extensions>
          <ns3:TrackPointExtension>
            <ns3:cad>89</ns3:cad>
          </ns3:TrackPointExtension>
        </extensions>
      </trkpt>
      <trkpt lat="30.42653457261621952056884765625" lon="120.2756228484213352203369140625">
        <ele>11.3999996185302734375</ele>
        <time>2024-09-02T13:43:42.000Z</time>
        <extensions>
          <ns3:TrackPointExtension>
            <ns3:cad>89</ns3:cad>
          </ns3:TrackPointExtension>
        </extensions>
      </trkpt>
      <trkpt lat="30.4265480674803256988525390625" lon="120.27564656920731067657470703125">
        <ele>11.19999980926513671875</ele>
        <time>2024-09-02T13:43:43.000Z</time>
        <extensions>
          <ns3:TrackPointExtension>
            <ns3:cad>89</ns3:cad>
          </ns3:TrackPointExtension>
        </extensions>
      </trkpt>
      <trkpt lat="30.4265598021447658538818359375" lon="120.27567020617425441741943359375">
        <ele>11.19999980926513671875</ele>
        <time>2024-09-02T13:43:44.000Z</time>
        <extensions>
          <ns3:TrackPointExtension>
            <ns3:cad>89</ns3:cad>
          </ns3:TrackPointExtension>
        </extensions>
      </trkpt>
      <trkpt lat="30.4265698604285717010498046875" lon="120.27569619007408618927001953125">
        <ele>11.19999980926513671875</ele>
        <time>2024-09-02T13:43:45.000Z</time>
        <extensions>
          <ns3:TrackPointExtension>
            <ns3:cad>89</ns3:cad>
          </ns3:TrackPointExtension>
        </extensions>
      </trkpt>
      <trkpt lat="30.426579080522060394287109375" lon="120.2757194079458713531494140625">
        <ele>11.19999980926513671875</ele>
        <time>2024-09-02T13:43:46.000Z</time>
        <extensions>
          <ns3:TrackPointExtension>
            <ns3:cad>89</ns3:cad>
          </ns3:TrackPointExtension>
        </extensions>
      </trkpt>
      <trkpt lat="30.42658771388232707977294921875" lon="120.27574245817959308624267578125">
        <ele>11</ele>
        <time>2024-09-02T13:43:47.000Z</time>
        <extensions>
          <ns3:TrackPointExtension>
            <ns3:cad>89</ns3:cad>
          </ns3:TrackPointExtension>
        </extensions>
      </trkpt>
      <trkpt lat="30.426594503223896026611328125" lon="120.275764167308807373046875">
        <ele>11</ele>
        <time>2024-09-02T13:43:48.000Z</time>
        <extensions>
          <ns3:TrackPointExtension>
            <ns3:cad>89</ns3:cad>
          </ns3:TrackPointExtension>
        </extensions>
      </trkpt>
      <trkpt lat="30.426603220403194427490234375" lon="120.27578604407608509063720703125">
        <ele>11.19999980926513671875</ele>
        <time>2024-09-02T13:43:49.000Z</time>
        <extensions>
          <ns3:TrackPointExtension>
            <ns3:cad>89</ns3:cad>
          </ns3:TrackPointExtension>
        </extensions>
      </trkpt>
      <trkpt lat="30.42661017738282680511474609375" lon="120.27580766938626766204833984375">
        <ele>11.19999980926513671875</ele>
        <time>2024-09-02T13:43:50.000Z</time>
        <extensions>
          <ns3:TrackPointExtension>
            <ns3:cad>89</ns3:cad>
          </ns3:TrackPointExtension>
        </extensions>
      </trkpt>
      <trkpt lat="30.42661922983825206756591796875" lon="120.27582996524870395660400390625">
        <ele>11.19999980926513671875</ele>
        <time>2024-09-02T13:43:51.000Z</time>
        <extensions>
          <ns3:TrackPointExtension>
            <ns3:cad>89</ns3:cad>
          </ns3:TrackPointExtension>
        </extensions>
      </trkpt>
      <trkpt lat="30.42662836611270904541015625" lon="120.275852344930171966552734375">
        <ele>11.19999980926513671875</ele>
        <time>2024-09-02T13:43:52.000Z</time>
        <extensions>
          <ns3:TrackPointExtension>
            <ns3:cad>89</ns3:cad>
          </ns3:TrackPointExtension>
        </extensions>
      </trkpt>
      <trkpt lat="30.42663699947297573089599609375" lon="120.27587723918259143829345703125">
        <ele>11.3999996185302734375</ele>
        <time>2024-09-02T13:43:53.000Z</time>
        <extensions>
          <ns3:TrackPointExtension>
            <ns3:cad>89</ns3:cad>
          </ns3:TrackPointExtension>
        </extensions>
      </trkpt>
      <trkpt lat="30.4266464710235595703125" lon="120.27589919976890087127685546875">
        <ele>11.3999996185302734375</ele>
        <time>2024-09-02T13:43:54.000Z</time>
        <extensions>
          <ns3:TrackPointExtension>
            <ns3:cad>89</ns3:cad>
          </ns3:TrackPointExtension>
        </extensions>
      </trkpt>
      <trkpt lat="30.42665384709835052490234375" lon="120.2759205736219882965087890625">
        <ele>11.3999996185302734375</ele>
        <time>2024-09-02T13:43:55.000Z</time>
        <extensions>
          <ns3:TrackPointExtension>
            <ns3:cad>89</ns3:cad>
          </ns3:TrackPointExtension>
        </extensions>
      </trkpt>
      <trkpt lat="30.42666113935410976409912109375" lon="120.27594161219894886016845703125">
        <ele>11.3999996185302734375</ele>
        <time>2024-09-02T13:43:56.000Z</time>
        <extensions>
          <ns3:TrackPointExtension>
            <ns3:cad>89</ns3:cad>
          </ns3:TrackPointExtension>
        </extensions>
      </trkpt>
      <trkpt lat="30.42666667141020298004150390625" lon="120.2759628184139728546142578125">
        <ele>11.3999996185302734375</ele>
        <time>2024-09-02T13:43:57.000Z</time>
        <extensions>
          <ns3:TrackPointExtension>
            <ns3:cad>89</ns3:cad>
          </ns3:TrackPointExtension>
        </extensions>
      </trkpt>
      <trkpt lat="30.4266751371324062347412109375" lon="120.27598435990512371063232421875">
        <ele>11.3999996185302734375</ele>
        <time>2024-09-02T13:43:58.000Z</time>
        <extensions>
          <ns3:TrackPointExtension>
            <ns3:cad>89</ns3:cad>
          </ns3:TrackPointExtension>
        </extensions>
      </trkpt>
      <trkpt lat="30.4266825132071971893310546875" lon="120.276006571948528289794921875">
        <ele>11.3999996185302734375</ele>
        <time>2024-09-02T13:43:59.000Z</time>
        <extensions>
          <ns3:TrackPointExtension>
            <ns3:cad>89</ns3:cad>
          </ns3:TrackPointExtension>
        </extensions>
      </trkpt>
      <trkpt lat="30.426689051091670989990234375" lon="120.27602543123066425323486328125">
        <ele>11.3999996185302734375</ele>
        <time>2024-09-02T13:44:00.000Z</time>
        <extensions>
          <ns3:TrackPointExtension>
            <ns3:cad>89</ns3:cad>
          </ns3:TrackPointExtension>
        </extensions>
      </trkpt>
      <trkpt lat="30.42669483460485935211181640625" lon="120.2760382555425167083740234375">
        <ele>11.3999996185302734375</ele>
        <time>2024-09-02T13:44:01.000Z</time>
        <extensions>
          <ns3:TrackPointExtension>
            <ns3:cad>89</ns3:cad>
          </ns3:TrackPointExtension>
        </extensions>
      </trkpt>
      <trkpt lat="30.4266992770135402679443359375" lon="120.27605124749243259429931640625">
        <ele>11.3999996185302734375</ele>
        <time>2024-09-02T13:44:02.000Z</time>
        <extensions>
          <ns3:TrackPointExtension>
            <ns3:cad>90</ns3:cad>
          </ns3:TrackPointExtension>
        </extensions>
      </trkpt>
      <trkpt lat="30.42669952847063541412353515625" lon="120.27606449089944362640380859375">
        <ele>11.3999996185302734375</ele>
        <time>2024-09-02T13:44:03.000Z</time>
        <extensions>
          <ns3:TrackPointExtension>
            <ns3:cad>90</ns3:cad>
          </ns3:TrackPointExtension>
        </extensions>
      </trkpt>
      <trkpt lat="30.42670212686061859130859375" lon="120.2760784886777400970458984375">
        <ele>11.3999996185302734375</ele>
        <time>2024-09-02T13:44:04.000Z</time>
        <extensions>
          <ns3:TrackPointExtension>
            <ns3:cad>73</ns3:cad>
          </ns3:TrackPointExtension>
        </extensions>
      </trkpt>
      <trkpt lat="30.42670623399317264556884765625" lon="120.27609340846538543701171875">
        <ele>11.3999996185302734375</ele>
        <time>2024-09-02T13:44:05.000Z</time>
        <extensions>
          <ns3:TrackPointExtension>
            <ns3:cad>73</ns3:cad>
          </ns3:TrackPointExtension>
        </extensions>
      </trkpt>
      <trkpt lat="30.42671193368732929229736328125" lon="120.276111848652362823486328125">
        <ele>11.3999996185302734375</ele>
        <time>2024-09-02T13:44:06.000Z</time>
        <extensions>
          <ns3:TrackPointExtension>
            <ns3:cad>0</ns3:cad>
          </ns3:TrackPointExtension>
        </extensions>
      </trkpt>
      <trkpt lat="30.42671813629567623138427734375" lon="120.27613087557256221771240234375">
        <ele>11.19999980926513671875</ele>
        <time>2024-09-02T13:44:07.000Z</time>
        <extensions>
          <ns3:TrackPointExtension>
            <ns3:cad>0</ns3:cad>
          </ns3:TrackPointExtension>
        </extensions>
      </trkpt>
      <trkpt lat="30.42672450654208660125732421875" lon="120.2761512435972690582275390625">
        <ele>11.3999996185302734375</ele>
        <time>2024-09-02T13:44:08.000Z</time>
        <extensions>
          <ns3:TrackPointExtension>
            <ns3:cad>0</ns3:cad>
          </ns3:TrackPointExtension>
        </extensions>
      </trkpt>
      <trkpt lat="30.42673171497881412506103515625" lon="120.27617244981229305267333984375">
        <ele>11.6000003814697265625</ele>
        <time>2024-09-02T13:44:09.000Z</time>
        <extensions>
          <ns3:TrackPointExtension>
            <ns3:cad>0</ns3:cad>
          </ns3:TrackPointExtension>
        </extensions>
      </trkpt>
      <trkpt lat="30.42674026452004909515380859375" lon="120.2761914767324924468994140625">
        <ele>11.6000003814697265625</ele>
        <time>2024-09-02T13:44:10.000Z</time>
        <extensions>
          <ns3:TrackPointExtension>
            <ns3:cad>0</ns3:cad>
          </ns3:TrackPointExtension>
        </extensions>
      </trkpt>
      <trkpt lat="30.426751412451267242431640625" lon="120.27620413340628147125244140625">
        <ele>11.6000003814697265625</ele>
        <time>2024-09-02T13:44:11.000Z</time>
        <extensions>
          <ns3:TrackPointExtension>
            <ns3:cad>0</ns3:cad>
          </ns3:TrackPointExtension>
        </extensions>
      </trkpt>
      <trkpt lat="30.4267653264105319976806640625" lon="120.2762092463672161102294921875">
        <ele>11.3999996185302734375</ele>
        <time>2024-09-02T13:44:12.000Z</time>
        <extensions>
          <ns3:TrackPointExtension>
            <ns3:cad>85</ns3:cad>
          </ns3:TrackPointExtension>
        </extensions>
      </trkpt>
      <trkpt lat="30.42678259313106536865234375" lon="120.2762068994343280792236328125">
        <ele>11</ele>
        <time>2024-09-02T13:44:13.000Z</time>
        <extensions>
          <ns3:TrackPointExtension>
            <ns3:cad>85</ns3:cad>
          </ns3:TrackPointExtension>
        </extensions>
      </trkpt>
      <trkpt lat="30.42680212296545505523681640625" lon="120.276199020445346832275390625">
        <ele>10.6000003814697265625</ele>
        <time>2024-09-02T13:44:14.000Z</time>
        <extensions>
          <ns3:TrackPointExtension>
            <ns3:cad>85</ns3:cad>
          </ns3:TrackPointExtension>
        </extensions>
      </trkpt>
      <trkpt lat="30.4268226586282253265380859375" lon="120.2761898003518581390380859375">
        <ele>10.6000003814697265625</ele>
        <time>2024-09-02T13:44:15.000Z</time>
        <extensions>
          <ns3:TrackPointExtension>
            <ns3:cad>84</ns3:cad>
          </ns3:TrackPointExtension>
        </extensions>
      </trkpt>
      <trkpt lat="30.4268436133861541748046875" lon="120.2761790715157985687255859375">
        <ele>10.3999996185302734375</ele>
        <time>2024-09-02T13:44:16.000Z</time>
        <extensions>
          <ns3:TrackPointExtension>
            <ns3:cad>84</ns3:cad>
          </ns3:TrackPointExtension>
        </extensions>
      </trkpt>
      <trkpt lat="30.4268635623157024383544921875" lon="120.2761678397655487060546875">
        <ele>10.19999980926513671875</ele>
        <time>2024-09-02T13:44:17.000Z</time>
        <extensions>
          <ns3:TrackPointExtension>
            <ns3:cad>84</ns3:cad>
          </ns3:TrackPointExtension>
        </extensions>
      </trkpt>
      <trkpt lat="30.426884181797504425048828125" lon="120.276158116757869720458984375">
        <ele>10</ele>
        <time>2024-09-02T13:44:18.000Z</time>
        <extensions>
          <ns3:TrackPointExtension>
            <ns3:cad>86</ns3:cad>
          </ns3:TrackPointExtension>
        </extensions>
      </trkpt>
      <trkpt lat="30.42690237052738666534423828125" lon="120.27614780701696872711181640625">
        <ele>10</ele>
        <time>2024-09-02T13:44:19.000Z</time>
        <extensions>
          <ns3:TrackPointExtension>
            <ns3:cad>87</ns3:cad>
          </ns3:TrackPointExtension>
        </extensions>
      </trkpt>
      <trkpt lat="30.42691796086728572845458984375" lon="120.2761415205895900726318359375">
        <ele>9.80000019073486328125</ele>
        <time>2024-09-02T13:44:20.000Z</time>
        <extensions>
          <ns3:TrackPointExtension>
            <ns3:cad>87</ns3:cad>
          </ns3:TrackPointExtension>
        </extensions>
      </trkpt>
      <trkpt lat="30.426931791007518768310546875" lon="120.27613364160060882568359375">
        <ele>9.80000019073486328125</ele>
        <time>2024-09-02T13:44:21.000Z</time>
        <extensions>
          <ns3:TrackPointExtension>
            <ns3:cad>86</ns3:cad>
          </ns3:TrackPointExtension>
        </extensions>
      </trkpt>
      <trkpt lat="30.4269467107951641082763671875" lon="120.27612534351646900177001953125">
        <ele>9.6000003814697265625</ele>
        <time>2024-09-02T13:44:22.000Z</time>
        <extensions>
          <ns3:TrackPointExtension>
            <ns3:cad>86</ns3:cad>
          </ns3:TrackPointExtension>
        </extensions>
      </trkpt>
      <trkpt lat="30.42696255259215831756591796875" lon="120.27611779980361461639404296875">
        <ele>9.6000003814697265625</ele>
        <time>2024-09-02T13:44:23.000Z</time>
        <extensions>
          <ns3:TrackPointExtension>
            <ns3:cad>86</ns3:cad>
          </ns3:TrackPointExtension>
        </extensions>
      </trkpt>
      <trkpt lat="30.4269775561988353729248046875" lon="120.27611042372882366180419921875">
        <ele>9.3999996185302734375</ele>
        <time>2024-09-02T13:44:24.000Z</time>
        <extensions>
          <ns3:TrackPointExtension>
            <ns3:cad>86</ns3:cad>
          </ns3:TrackPointExtension>
        </extensions>
      </trkpt>
      <trkpt lat="30.426984764635562896728515625" lon="120.2761009521782398223876953125">
        <ele>9.3999996185302734375</ele>
        <time>2024-09-02T13:44:25.000Z</time>
        <extensions>
          <ns3:TrackPointExtension>
            <ns3:cad>86</ns3:cad>
          </ns3:TrackPointExtension>
        </extensions>
      </trkpt>
      <trkpt lat="30.42698585428297519683837890625" lon="120.27608796022832393646240234375">
        <ele>9.3999996185302734375</ele>
        <time>2024-09-02T13:44:26.000Z</time>
        <extensions>
          <ns3:TrackPointExtension>
            <ns3:cad>68</ns3:cad>
          </ns3:TrackPointExtension>
        </extensions>
      </trkpt>
      <trkpt lat="30.42698166333138942718505859375" lon="120.276072956621646881103515625">
        <ele>9.3999996185302734375</ele>
        <time>2024-09-02T13:44:27.000Z</time>
        <extensions>
          <ns3:TrackPointExtension>
            <ns3:cad>68</ns3:cad>
          </ns3:TrackPointExtension>
        </extensions>
      </trkpt>
      <trkpt lat="30.426980070769786834716796875" lon="120.27605594135820865631103515625">
        <ele>9.3999996185302734375</ele>
        <time>2024-09-02T13:44:28.000Z</time>
        <extensions>
          <ns3:TrackPointExtension>
            <ns3:cad>68</ns3:cad>
          </ns3:TrackPointExtension>
        </extensions>
      </trkpt>
      <trkpt lat="30.42697914876043796539306640625" lon="120.2760382555425167083740234375">
        <ele>9.3999996185302734375</ele>
        <time>2024-09-02T13:44:29.000Z</time>
        <extensions>
          <ns3:TrackPointExtension>
            <ns3:cad>63</ns3:cad>
          </ns3:TrackPointExtension>
        </extensions>
      </trkpt>
      <trkpt lat="30.426983423531055450439453125" lon="120.2760191448032855987548828125">
        <ele>9.3999996185302734375</ele>
        <time>2024-09-02T13:44:30.000Z</time>
        <extensions>
          <ns3:TrackPointExtension>
            <ns3:cad>60</ns3:cad>
          </ns3:TrackPointExtension>
        </extensions>
      </trkpt>
      <trkpt lat="30.4269913025200366973876953125" lon="120.2759929932653903961181640625">
        <ele>9.3999996185302734375</ele>
        <time>2024-09-02T13:44:31.000Z</time>
        <extensions>
          <ns3:TrackPointExtension>
            <ns3:cad>60</ns3:cad>
          </ns3:TrackPointExtension>
        </extensions>
      </trkpt>
      <trkpt lat="30.4269991815090179443359375" lon="120.27596659027040004730224609375">
        <ele>9.3999996185302734375</ele>
        <time>2024-09-02T13:44:32.000Z</time>
        <extensions>
          <ns3:TrackPointExtension>
            <ns3:cad>85</ns3:cad>
          </ns3:TrackPointExtension>
        </extensions>
      </trkpt>
      <trkpt lat="30.4270050488412380218505859375" lon="120.27593641541898250579833984375">
        <ele>9.6000003814697265625</ele>
        <time>2024-09-02T13:44:33.000Z</time>
        <extensions>
          <ns3:TrackPointExtension>
            <ns3:cad>88</ns3:cad>
          </ns3:TrackPointExtension>
        </extensions>
      </trkpt>
      <trkpt lat="30.42700697667896747589111328125" lon="120.27590774931013584136962890625">
        <ele>9.6000003814697265625</ele>
        <time>2024-09-02T13:44:34.000Z</time>
        <extensions>
          <ns3:TrackPointExtension>
            <ns3:cad>88</ns3:cad>
          </ns3:TrackPointExtension>
        </extensions>
      </trkpt>
      <trkpt lat="30.42700546793639659881591796875" lon="120.2758781611919403076171875">
        <ele>9.80000019073486328125</ele>
        <time>2024-09-02T13:44:35.000Z</time>
        <extensions>
          <ns3:TrackPointExtension>
            <ns3:cad>88</ns3:cad>
          </ns3:TrackPointExtension>
        </extensions>
      </trkpt>
      <trkpt lat="30.42700345627963542938232421875" lon="120.2758486568927764892578125">
        <ele>9.80000019073486328125</ele>
        <time>2024-09-02T13:44:36.000Z</time>
        <extensions>
          <ns3:TrackPointExtension>
            <ns3:cad>88</ns3:cad>
          </ns3:TrackPointExtension>
        </extensions>
      </trkpt>
      <trkpt lat="30.4269993491470813751220703125" lon="120.275818146765232086181640625">
        <ele>9.80000019073486328125</ele>
        <time>2024-09-02T13:44:37.000Z</time>
        <extensions>
          <ns3:TrackPointExtension>
            <ns3:cad>87</ns3:cad>
          </ns3:TrackPointExtension>
        </extensions>
      </trkpt>
      <trkpt lat="30.426992140710353851318359375" lon="120.27578503824770450592041015625">
        <ele>10</ele>
        <time>2024-09-02T13:44:38.000Z</time>
        <extensions>
          <ns3:TrackPointExtension>
            <ns3:cad>88</ns3:cad>
          </ns3:TrackPointExtension>
        </extensions>
      </trkpt>
      <trkpt lat="30.42698350735008716583251953125" lon="120.27575679123401641845703125">
        <ele>10</ele>
        <time>2024-09-02T13:44:39.000Z</time>
        <extensions>
          <ns3:TrackPointExtension>
            <ns3:cad>87</ns3:cad>
          </ns3:TrackPointExtension>
        </extensions>
      </trkpt>
      <trkpt lat="30.42697705328464508056640625" lon="120.2757257781922817230224609375">
        <ele>10</ele>
        <time>2024-09-02T13:44:40.000Z</time>
        <extensions>
          <ns3:TrackPointExtension>
            <ns3:cad>87</ns3:cad>
          </ns3:TrackPointExtension>
        </extensions>
      </trkpt>
      <trkpt lat="30.4269654862582683563232421875" lon="120.2757029794156551361083984375">
        <ele>10</ele>
        <time>2024-09-02T13:44:41.000Z</time>
        <extensions>
          <ns3:TrackPointExtension>
            <ns3:cad>87</ns3:cad>
          </ns3:TrackPointExtension>
        </extensions>
      </trkpt>
      <trkpt lat="30.4269560985267162322998046875" lon="120.2756724692881107330322265625">
        <ele>10</ele>
        <time>2024-09-02T13:44:42.000Z</time>
        <extensions>
          <ns3:TrackPointExtension>
            <ns3:cad>86</ns3:cad>
          </ns3:TrackPointExtension>
        </extensions>
      </trkpt>
      <trkpt lat="30.426944531500339508056640625" lon="120.27565025724470615386962890625">
        <ele>10.19999980926513671875</ele>
        <time>2024-09-02T13:44:43.000Z</time>
        <extensions>
          <ns3:TrackPointExtension>
            <ns3:cad>86</ns3:cad>
          </ns3:TrackPointExtension>
        </extensions>
      </trkpt>
      <trkpt lat="30.42693086899816989898681640625" lon="120.2756292186677455902099609375">
        <ele>10.19999980926513671875</ele>
        <time>2024-09-02T13:44:44.000Z</time>
        <extensions>
          <ns3:TrackPointExtension>
            <ns3:cad>86</ns3:cad>
          </ns3:TrackPointExtension>
        </extensions>
      </trkpt>
      <trkpt lat="30.42691879905760288238525390625" lon="120.27560499496757984161376953125">
        <ele>10.19999980926513671875</ele>
        <time>2024-09-02T13:44:45.000Z</time>
        <extensions>
          <ns3:TrackPointExtension>
            <ns3:cad>87</ns3:cad>
          </ns3:TrackPointExtension>
        </extensions>
      </trkpt>
      <trkpt lat="30.42691259644925594329833984375" lon="120.27557532303035259246826171875">
        <ele>10.19999980926513671875</ele>
        <time>2024-09-02T13:44:46.000Z</time>
        <extensions>
          <ns3:TrackPointExtension>
            <ns3:cad>87</ns3:cad>
          </ns3:TrackPointExtension>
        </extensions>
      </trkpt>
      <trkpt lat="30.426907651126384735107421875" lon="120.2755470760166645050048828125">
        <ele>10.19999980926513671875</ele>
        <time>2024-09-02T13:44:47.000Z</time>
        <extensions>
          <ns3:TrackPointExtension>
            <ns3:cad>88</ns3:cad>
          </ns3:TrackPointExtension>
        </extensions>
      </trkpt>
      <trkpt lat="30.42689935304224491119384765625" lon="120.275519080460071563720703125">
        <ele>10.19999980926513671875</ele>
        <time>2024-09-02T13:44:48.000Z</time>
        <extensions>
          <ns3:TrackPointExtension>
            <ns3:cad>89</ns3:cad>
          </ns3:TrackPointExtension>
        </extensions>
      </trkpt>
      <trkpt lat="30.42688929475843906402587890625" lon="120.27549351565539836883544921875">
        <ele>10</ele>
        <time>2024-09-02T13:44:49.000Z</time>
        <extensions>
          <ns3:TrackPointExtension>
            <ns3:cad>89</ns3:cad>
          </ns3:TrackPointExtension>
        </extensions>
      </trkpt>
      <trkpt lat="30.42687873356044292449951171875" lon="120.27546769939363002777099609375">
        <ele>10</ele>
        <time>2024-09-02T13:44:50.000Z</time>
        <extensions>
          <ns3:TrackPointExtension>
            <ns3:cad>89</ns3:cad>
          </ns3:TrackPointExtension>
        </extensions>
      </trkpt>
      <trkpt lat="30.4268692620098590850830078125" lon="120.2754421345889568328857421875">
        <ele>10</ele>
        <time>2024-09-02T13:44:51.000Z</time>
        <extensions>
          <ns3:TrackPointExtension>
            <ns3:cad>89</ns3:cad>
          </ns3:TrackPointExtension>
        </extensions>
      </trkpt>
      <trkpt lat="30.4268571920692920684814453125" lon="120.275415480136871337890625">
        <ele>9.80000019073486328125</ele>
        <time>2024-09-02T13:44:52.000Z</time>
        <extensions>
          <ns3:TrackPointExtension>
            <ns3:cad>89</ns3:cad>
          </ns3:TrackPointExtension>
        </extensions>
      </trkpt>
      <trkpt lat="30.42684570886194705963134765625" lon="120.2753899991512298583984375">
        <ele>9.80000019073486328125</ele>
        <time>2024-09-02T13:44:53.000Z</time>
        <extensions>
          <ns3:TrackPointExtension>
            <ns3:cad>89</ns3:cad>
          </ns3:TrackPointExtension>
        </extensions>
      </trkpt>
      <trkpt lat="30.4268307052552700042724609375" lon="120.27536393143236637115478515625">
        <ele>9.6000003814697265625</ele>
        <time>2024-09-02T13:44:54.000Z</time>
        <extensions>
          <ns3:TrackPointExtension>
            <ns3:cad>89</ns3:cad>
          </ns3:TrackPointExtension>
        </extensions>
      </trkpt>
      <trkpt lat="30.4268189705908298492431640625" lon="120.2753392048180103302001953125">
        <ele>9.6000003814697265625</ele>
        <time>2024-09-02T13:44:55.000Z</time>
        <extensions>
          <ns3:TrackPointExtension>
            <ns3:cad>89</ns3:cad>
          </ns3:TrackPointExtension>
        </extensions>
      </trkpt>
      <trkpt lat="30.42681075632572174072265625" lon="120.2753133885562419891357421875">
        <ele>9.3999996185302734375</ele>
        <time>2024-09-02T13:44:56.000Z</time>
        <extensions>
          <ns3:TrackPointExtension>
            <ns3:cad>89</ns3:cad>
          </ns3:TrackPointExtension>
        </extensions>
      </trkpt>
      <trkpt lat="30.42680178768932819366455078125" lon="120.2752875722944736480712890625">
        <ele>9.3999996185302734375</ele>
        <time>2024-09-02T13:44:57.000Z</time>
        <extensions>
          <ns3:TrackPointExtension>
            <ns3:cad>89</ns3:cad>
          </ns3:TrackPointExtension>
        </extensions>
      </trkpt>
      <trkpt lat="30.4267899692058563232421875" lon="120.27525999583303928375244140625">
        <ele>9.19999980926513671875</ele>
        <time>2024-09-02T13:44:58.000Z</time>
        <extensions>
          <ns3:TrackPointExtension>
            <ns3:cad>89</ns3:cad>
          </ns3:TrackPointExtension>
        </extensions>
      </trkpt>
      <trkpt lat="30.4267763905227184295654296875" lon="120.27523317374289035797119140625">
        <ele>9.19999980926513671875</ele>
        <time>2024-09-02T13:44:59.000Z</time>
        <extensions>
          <ns3:TrackPointExtension>
            <ns3:cad>89</ns3:cad>
          </ns3:TrackPointExtension>
        </extensions>
      </trkpt>
      <trkpt lat="30.42676524259150028228759765625" lon="120.27520786039531230926513671875">
        <ele>9</ele>
        <time>2024-09-02T13:45:00.000Z</time>
        <extensions>
          <ns3:TrackPointExtension>
            <ns3:cad>89</ns3:cad>
          </ns3:TrackPointExtension>
        </extensions>
      </trkpt>
      <trkpt lat="30.42675300501286983489990234375" lon="120.27518137358129024505615234375">
        <ele>9</ele>
        <time>2024-09-02T13:45:01.000Z</time>
        <extensions>
          <ns3:TrackPointExtension>
            <ns3:cad>89</ns3:cad>
          </ns3:TrackPointExtension>
        </extensions>
      </trkpt>
      <trkpt lat="30.426740013062953948974609375" lon="120.27515891008079051971435546875">
        <ele>9</ele>
        <time>2024-09-02T13:45:02.000Z</time>
        <extensions>
          <ns3:TrackPointExtension>
            <ns3:cad>88</ns3:cad>
          </ns3:TrackPointExtension>
        </extensions>
      </trkpt>
      <trkpt lat="30.426727272570133209228515625" lon="120.27513527311384677886962890625">
        <ele>9</ele>
        <time>2024-09-02T13:45:03.000Z</time>
        <extensions>
          <ns3:TrackPointExtension>
            <ns3:cad>88</ns3:cad>
          </ns3:TrackPointExtension>
        </extensions>
      </trkpt>
      <trkpt lat="30.42671696282923221588134765625" lon="120.27511037886142730712890625">
        <ele>9</ele>
        <time>2024-09-02T13:45:04.000Z</time>
        <extensions>
          <ns3:TrackPointExtension>
            <ns3:cad>89</ns3:cad>
          </ns3:TrackPointExtension>
        </extensions>
      </trkpt>
      <trkpt lat="30.42670707218348979949951171875" lon="120.275085903704166412353515625">
        <ele>9</ele>
        <time>2024-09-02T13:45:05.000Z</time>
        <extensions>
          <ns3:TrackPointExtension>
            <ns3:cad>89</ns3:cad>
          </ns3:TrackPointExtension>
        </extensions>
      </trkpt>
      <trkpt lat="30.426696427166461944580078125" lon="120.275065787136554718017578125">
        <ele>9</ele>
        <time>2024-09-02T13:45:06.000Z</time>
        <extensions>
          <ns3:TrackPointExtension>
            <ns3:cad>89</ns3:cad>
          </ns3:TrackPointExtension>
        </extensions>
      </trkpt>
      <trkpt lat="30.4266882129013538360595703125" lon="120.275045670568943023681640625">
        <ele>9</ele>
        <time>2024-09-02T13:45:07.000Z</time>
        <extensions>
          <ns3:TrackPointExtension>
            <ns3:cad>89</ns3:cad>
          </ns3:TrackPointExtension>
        </extensions>
      </trkpt>
      <trkpt lat="30.426678992807865142822265625" lon="120.27502815239131450653076171875">
        <ele>9</ele>
        <time>2024-09-02T13:45:08.000Z</time>
        <extensions>
          <ns3:TrackPointExtension>
            <ns3:cad>89</ns3:cad>
          </ns3:TrackPointExtension>
        </extensions>
      </trkpt>
      <trkpt lat="30.4266670905053615570068359375" lon="120.275015495717525482177734375">
        <ele>9</ele>
        <time>2024-09-02T13:45:09.000Z</time>
        <extensions>
          <ns3:TrackPointExtension>
            <ns3:cad>89</ns3:cad>
          </ns3:TrackPointExtension>
        </extensions>
      </trkpt>
      <trkpt lat="30.426656864583492279052734375" lon="120.2750035934150218963623046875">
        <ele>9</ele>
        <time>2024-09-02T13:45:10.000Z</time>
        <extensions>
          <ns3:TrackPointExtension>
            <ns3:cad>89</ns3:cad>
          </ns3:TrackPointExtension>
        </extensions>
      </trkpt>
      <trkpt lat="30.4266493208706378936767578125" lon="120.2749911881983280181884765625">
        <ele>9</ele>
        <time>2024-09-02T13:45:11.000Z</time>
        <extensions>
          <ns3:TrackPointExtension>
            <ns3:cad>89</ns3:cad>
          </ns3:TrackPointExtension>
        </extensions>
      </trkpt>
      <trkpt lat="30.42664311826229095458984375" lon="120.27497400529682636260986328125">
        <ele>9</ele>
        <time>2024-09-02T13:45:12.000Z</time>
        <extensions>
          <ns3:TrackPointExtension>
            <ns3:cad>89</ns3:cad>
          </ns3:TrackPointExtension>
        </extensions>
      </trkpt>
      <trkpt lat="30.42663197033107280731201171875" lon="120.27495103888213634490966796875">
        <ele>9</ele>
        <time>2024-09-02T13:45:13.000Z</time>
        <extensions>
          <ns3:TrackPointExtension>
            <ns3:cad>89</ns3:cad>
          </ns3:TrackPointExtension>
        </extensions>
      </trkpt>
      <trkpt lat="30.4266235046088695526123046875" lon="120.27492840774357318878173828125">
        <ele>9</ele>
        <time>2024-09-02T13:45:14.000Z</time>
        <extensions>
          <ns3:TrackPointExtension>
            <ns3:cad>0</ns3:cad>
          </ns3:TrackPointExtension>
        </extensions>
      </trkpt>
      <trkpt lat="30.42661319486796855926513671875" lon="120.27490192092955112457275390625">
        <ele>8.80000019073486328125</ele>
        <time>2024-09-02T13:45:15.000Z</time>
        <extensions>
          <ns3:TrackPointExtension>
            <ns3:cad>0</ns3:cad>
          </ns3:TrackPointExtension>
        </extensions>
      </trkpt>
      <trkpt lat="30.42660548351705074310302734375" lon="120.27487660758197307586669921875">
        <ele>8.6000003814697265625</ele>
        <time>2024-09-02T13:45:16.000Z</time>
        <extensions>
          <ns3:TrackPointExtension>
            <ns3:cad>88</ns3:cad>
          </ns3:TrackPointExtension>
        </extensions>
      </trkpt>
      <trkpt lat="30.42660095728933811187744140625" lon="120.27485162951052188873291015625">
        <ele>8.3999996185302734375</ele>
        <time>2024-09-02T13:45:17.000Z</time>
        <extensions>
          <ns3:TrackPointExtension>
            <ns3:cad>88</ns3:cad>
          </ns3:TrackPointExtension>
        </extensions>
      </trkpt>
      <trkpt lat="30.42659886181354522705078125" lon="120.27482598088681697845458984375">
        <ele>8.19999980926513671875</ele>
        <time>2024-09-02T13:45:18.000Z</time>
        <extensions>
          <ns3:TrackPointExtension>
            <ns3:cad>88</ns3:cad>
          </ns3:TrackPointExtension>
        </extensions>
      </trkpt>
      <trkpt lat="30.42660112492740154266357421875" lon="120.2748012542724609375">
        <ele>8</ele>
        <time>2024-09-02T13:45:19.000Z</time>
        <extensions>
          <ns3:TrackPointExtension>
            <ns3:cad>88</ns3:cad>
          </ns3:TrackPointExtension>
        </extensions>
      </trkpt>
      <trkpt lat="30.426606573164463043212890625" lon="120.27477568946778774261474609375">
        <ele>8</ele>
        <time>2024-09-02T13:45:20.000Z</time>
        <extensions>
          <ns3:TrackPointExtension>
            <ns3:cad>88</ns3:cad>
          </ns3:TrackPointExtension>
        </extensions>
      </trkpt>
      <trkpt lat="30.42661420069634914398193359375" lon="120.2747497893869876861572265625">
        <ele>7.80000019073486328125</ele>
        <time>2024-09-02T13:45:21.000Z</time>
        <extensions>
          <ns3:TrackPointExtension>
            <ns3:cad>88</ns3:cad>
          </ns3:TrackPointExtension>
        </extensions>
      </trkpt>
      <trkpt lat="30.42662509717047214508056640625" lon="120.27472372166812419891357421875">
        <ele>7.599999904632568359375</ele>
        <time>2024-09-02T13:45:22.000Z</time>
        <extensions>
          <ns3:TrackPointExtension>
            <ns3:cad>88</ns3:cad>
          </ns3:TrackPointExtension>
        </extensions>
      </trkpt>
      <trkpt lat="30.426639430224895477294921875" lon="120.2746964804828166961669921875">
        <ele>7.19999980926513671875</ele>
        <time>2024-09-02T13:45:23.000Z</time>
        <extensions>
          <ns3:TrackPointExtension>
            <ns3:cad>87</ns3:cad>
          </ns3:TrackPointExtension>
        </extensions>
      </trkpt>
      <trkpt lat="30.4266540147364139556884765625" lon="120.274670161306858062744140625">
        <ele>6.80000019073486328125</ele>
        <time>2024-09-02T13:45:24.000Z</time>
        <extensions>
          <ns3:TrackPointExtension>
            <ns3:cad>87</ns3:cad>
          </ns3:TrackPointExtension>
        </extensions>
      </trkpt>
      <trkpt lat="30.42667052708566188812255859375" lon="120.27464895509183406829833984375">
        <ele>6.80000019073486328125</ele>
        <time>2024-09-02T13:45:25.000Z</time>
        <extensions>
          <ns3:TrackPointExtension>
            <ns3:cad>87</ns3:cad>
          </ns3:TrackPointExtension>
        </extensions>
      </trkpt>
      <trkpt lat="30.42668796144425868988037109375" lon="120.2746284194290637969970703125">
        <ele>6.80000019073486328125</ele>
        <time>2024-09-02T13:45:26.000Z</time>
        <extensions>
          <ns3:TrackPointExtension>
            <ns3:cad>88</ns3:cad>
          </ns3:TrackPointExtension>
        </extensions>
      </trkpt>
      <trkpt lat="30.426701791584491729736328125" lon="120.274614505469799041748046875">
        <ele>6.599999904632568359375</ele>
        <time>2024-09-02T13:45:27.000Z</time>
        <extensions>
          <ns3:TrackPointExtension>
            <ns3:cad>88</ns3:cad>
          </ns3:TrackPointExtension>
        </extensions>
      </trkpt>
      <trkpt lat="30.42671897448599338531494140625" lon="120.27459464035928249359130859375">
        <ele>6.400000095367431640625</ele>
        <time>2024-09-02T13:45:28.000Z</time>
        <extensions>
          <ns3:TrackPointExtension>
            <ns3:cad>88</ns3:cad>
          </ns3:TrackPointExtension>
        </extensions>
      </trkpt>
      <trkpt lat="30.4267344810068607330322265625" lon="120.2745851688086986541748046875">
        <ele>6.400000095367431640625</ele>
        <time>2024-09-02T13:45:29.000Z</time>
        <extensions>
          <ns3:TrackPointExtension>
            <ns3:cad>88</ns3:cad>
          </ns3:TrackPointExtension>
        </extensions>
      </trkpt>
      <trkpt lat="30.42674764059484004974365234375" lon="120.27457770891487598419189453125">
        <ele>6.400000095367431640625</ele>
        <time>2024-09-02T13:45:30.000Z</time>
        <extensions>
          <ns3:TrackPointExtension>
            <ns3:cad>88</ns3:cad>
          </ns3:TrackPointExtension>
        </extensions>
      </trkpt>
      <trkpt lat="30.42675887234508991241455078125" lon="120.27456882409751415252685546875">
        <ele>6.19999980926513671875</ele>
        <time>2024-09-02T13:45:31.000Z</time>
        <extensions>
          <ns3:TrackPointExtension>
            <ns3:cad>88</ns3:cad>
          </ns3:TrackPointExtension>
        </extensions>
      </trkpt>
      <trkpt lat="30.42676775716245174407958984375" lon="120.27456547133624553680419921875">
        <ele>6.19999980926513671875</ele>
        <time>2024-09-02T13:45:32.000Z</time>
        <extensions>
          <ns3:TrackPointExtension>
            <ns3:cad>87</ns3:cad>
          </ns3:TrackPointExtension>
        </extensions>
      </trkpt>
      <trkpt lat="30.4267807491123676300048828125" lon="120.2745570056140422821044921875">
        <ele>6.19999980926513671875</ele>
        <time>2024-09-02T13:45:33.000Z</time>
        <extensions>
          <ns3:TrackPointExtension>
            <ns3:cad>87</ns3:cad>
          </ns3:TrackPointExtension>
        </extensions>
      </trkpt>
      <trkpt lat="30.42679156176745891571044921875" lon="120.27454912662506103515625">
        <ele>6</ele>
        <time>2024-09-02T13:45:34.000Z</time>
        <extensions>
          <ns3:TrackPointExtension>
            <ns3:cad>0</ns3:cad>
          </ns3:TrackPointExtension>
        </extensions>
      </trkpt>
      <trkpt lat="30.426805727183818817138671875" lon="120.2745422534644603729248046875">
        <ele>6</ele>
        <time>2024-09-02T13:45:35.000Z</time>
        <extensions>
          <ns3:TrackPointExtension>
            <ns3:cad>0</ns3:cad>
          </ns3:TrackPointExtension>
        </extensions>
      </trkpt>
      <trkpt lat="30.4268194735050201416015625" lon="120.27453345246613025665283203125">
        <ele>5.80000019073486328125</ele>
        <time>2024-09-02T13:45:36.000Z</time>
        <extensions>
          <ns3:TrackPointExtension>
            <ns3:cad>0</ns3:cad>
          </ns3:TrackPointExtension>
        </extensions>
      </trkpt>
      <trkpt lat="30.426833890378475189208984375" lon="120.27452289126813411712646484375">
        <ele>5.80000019073486328125</ele>
        <time>2024-09-02T13:45:37.000Z</time>
        <extensions>
          <ns3:TrackPointExtension>
            <ns3:cad>0</ns3:cad>
          </ns3:TrackPointExtension>
        </extensions>
      </trkpt>
      <trkpt lat="30.42685057036578655242919921875" lon="120.27451316826045513153076171875">
        <ele>5.80000019073486328125</ele>
        <time>2024-09-02T13:45:38.000Z</time>
        <extensions>
          <ns3:TrackPointExtension>
            <ns3:cad>65</ns3:cad>
          </ns3:TrackPointExtension>
        </extensions>
      </trkpt>
      <trkpt lat="30.42686951346695423126220703125" lon="120.2744993381202220916748046875">
        <ele>5.599999904632568359375</ele>
        <time>2024-09-02T13:45:39.000Z</time>
        <extensions>
          <ns3:TrackPointExtension>
            <ns3:cad>66</ns3:cad>
          </ns3:TrackPointExtension>
        </extensions>
      </trkpt>
      <trkpt lat="30.4268843494355678558349609375" lon="120.2744862623512744903564453125">
        <ele>5.400000095367431640625</ele>
        <time>2024-09-02T13:45:40.000Z</time>
        <extensions>
          <ns3:TrackPointExtension>
            <ns3:cad>66</ns3:cad>
          </ns3:TrackPointExtension>
        </extensions>
      </trkpt>
      <trkpt lat="30.426906310021877288818359375" lon="120.2744648046791553497314453125">
        <ele>5.400000095367431640625</ele>
        <time>2024-09-02T13:45:41.000Z</time>
        <extensions>
          <ns3:TrackPointExtension>
            <ns3:cad>66</ns3:cad>
          </ns3:TrackPointExtension>
        </extensions>
      </trkpt>
      <trkpt lat="30.42692651040852069854736328125" lon="120.27444795705378055572509765625">
        <ele>5.19999980926513671875</ele>
        <time>2024-09-02T13:45:42.000Z</time>
        <extensions>
          <ns3:TrackPointExtension>
            <ns3:cad>88</ns3:cad>
          </ns3:TrackPointExtension>
        </extensions>
      </trkpt>
      <trkpt lat="30.42694813571870326995849609375" lon="120.27443169616162776947021484375">
        <ele>5</ele>
        <time>2024-09-02T13:45:43.000Z</time>
        <extensions>
          <ns3:TrackPointExtension>
            <ns3:cad>89</ns3:cad>
          </ns3:TrackPointExtension>
        </extensions>
      </trkpt>
      <trkpt lat="30.42696875520050525665283203125" lon="120.27441702783107757568359375">
        <ele>5</ele>
        <time>2024-09-02T13:45:44.000Z</time>
        <extensions>
          <ns3:TrackPointExtension>
            <ns3:cad>89</ns3:cad>
          </ns3:TrackPointExtension>
        </extensions>
      </trkpt>
      <trkpt lat="30.42698870413005352020263671875" lon="120.27440185658633708953857421875">
        <ele>5</ele>
        <time>2024-09-02T13:45:45.000Z</time>
        <extensions>
          <ns3:TrackPointExtension>
            <ns3:cad>89</ns3:cad>
          </ns3:TrackPointExtension>
        </extensions>
      </trkpt>
      <trkpt lat="30.4270084016025066375732421875" lon="120.27437889017164707183837890625">
        <ele>5</ele>
        <time>2024-09-02T13:45:46.000Z</time>
        <extensions>
          <ns3:TrackPointExtension>
            <ns3:cad>89</ns3:cad>
          </ns3:TrackPointExtension>
        </extensions>
      </trkpt>
      <trkpt lat="30.42702809907495975494384765625" lon="120.27436648495495319366455078125">
        <ele>5</ele>
        <time>2024-09-02T13:45:47.000Z</time>
        <extensions>
          <ns3:TrackPointExtension>
            <ns3:cad>89</ns3:cad>
          </ns3:TrackPointExtension>
        </extensions>
      </trkpt>
      <trkpt lat="30.42704385705292224884033203125" lon="120.274359025061130523681640625">
        <ele>5</ele>
        <time>2024-09-02T13:45:48.000Z</time>
        <extensions>
          <ns3:TrackPointExtension>
            <ns3:cad>89</ns3:cad>
          </ns3:TrackPointExtension>
        </extensions>
      </trkpt>
      <trkpt lat="30.42706422507762908935546875" lon="120.274352990090847015380859375">
        <ele>5</ele>
        <time>2024-09-02T13:45:49.000Z</time>
        <extensions>
          <ns3:TrackPointExtension>
            <ns3:cad>89</ns3:cad>
          </ns3:TrackPointExtension>
        </extensions>
      </trkpt>
      <trkpt lat="30.42708073742687702178955078125" lon="120.274344943463802337646484375">
        <ele>5</ele>
        <time>2024-09-02T13:45:50.000Z</time>
        <extensions>
          <ns3:TrackPointExtension>
            <ns3:cad>89</ns3:cad>
          </ns3:TrackPointExtension>
        </extensions>
      </trkpt>
      <trkpt lat="30.42710353620350360870361328125" lon="120.274330861866474151611328125">
        <ele>5</ele>
        <time>2024-09-02T13:45:51.000Z</time>
        <extensions>
          <ns3:TrackPointExtension>
            <ns3:cad>89</ns3:cad>
          </ns3:TrackPointExtension>
        </extensions>
      </trkpt>
      <trkpt lat="30.4271220602095127105712890625" lon="120.2743216417729854583740234375">
        <ele>5</ele>
        <time>2024-09-02T13:45:52.000Z</time>
        <extensions>
          <ns3:TrackPointExtension>
            <ns3:cad>89</ns3:cad>
          </ns3:TrackPointExtension>
        </extensions>
      </trkpt>
      <trkpt lat="30.42713723145425319671630859375" lon="120.27431552298367023468017578125">
        <ele>5</ele>
        <time>2024-09-02T13:45:53.000Z</time>
        <extensions>
          <ns3:TrackPointExtension>
            <ns3:cad>89</ns3:cad>
          </ns3:TrackPointExtension>
        </extensions>
      </trkpt>
      <trkpt lat="30.4271532408893108367919921875" lon="120.2743025310337543487548828125">
        <ele>5</ele>
        <time>2024-09-02T13:45:54.000Z</time>
        <extensions>
          <ns3:TrackPointExtension>
            <ns3:cad>89</ns3:cad>
          </ns3:TrackPointExtension>
        </extensions>
      </trkpt>
      <trkpt lat="30.42717327363789081573486328125" lon="120.2742891199886798858642578125">
        <ele>5</ele>
        <time>2024-09-02T13:45:55.000Z</time>
        <extensions>
          <ns3:TrackPointExtension>
            <ns3:cad>89</ns3:cad>
          </ns3:TrackPointExtension>
        </extensions>
      </trkpt>
      <trkpt lat="30.42719892226159572601318359375" lon="120.274272523820400238037109375">
        <ele>5</ele>
        <time>2024-09-02T13:45:56.000Z</time>
        <extensions>
          <ns3:TrackPointExtension>
            <ns3:cad>89</ns3:cad>
          </ns3:TrackPointExtension>
        </extensions>
      </trkpt>
      <trkpt lat="30.427223481237888336181640625" lon="120.2742552570998668670654296875">
        <ele>4.80000019073486328125</ele>
        <time>2024-09-02T13:45:57.000Z</time>
        <extensions>
          <ns3:TrackPointExtension>
            <ns3:cad>89</ns3:cad>
          </ns3:TrackPointExtension>
        </extensions>
      </trkpt>
      <trkpt lat="30.4272474534809589385986328125" lon="120.27423203922808170318603515625">
        <ele>4.80000019073486328125</ele>
        <time>2024-09-02T13:45:58.000Z</time>
        <extensions>
          <ns3:TrackPointExtension>
            <ns3:cad>89</ns3:cad>
          </ns3:TrackPointExtension>
        </extensions>
      </trkpt>
      <trkpt lat="30.42726648040115833282470703125" lon="120.27420940808951854705810546875">
        <ele>4.599999904632568359375</ele>
        <time>2024-09-02T13:45:59.000Z</time>
        <extensions>
          <ns3:TrackPointExtension>
            <ns3:cad>89</ns3:cad>
          </ns3:TrackPointExtension>
        </extensions>
      </trkpt>
      <trkpt lat="30.42728441767394542694091796875" lon="120.27418694458901882171630859375">
        <ele>4.599999904632568359375</ele>
        <time>2024-09-02T13:46:00.000Z</time>
        <extensions>
          <ns3:TrackPointExtension>
            <ns3:cad>89</ns3:cad>
          </ns3:TrackPointExtension>
        </extensions>
      </trkpt>
      <trkpt lat="30.42730486951768398284912109375" lon="120.27416934259235858917236328125">
        <ele>4.80000019073486328125</ele>
        <time>2024-09-02T13:46:01.000Z</time>
        <extensions>
          <ns3:TrackPointExtension>
            <ns3:cad>89</ns3:cad>
          </ns3:TrackPointExtension>
        </extensions>
      </trkpt>
      <trkpt lat="30.42732381261885166168212890625" lon="120.27415341697633266448974609375">
        <ele>4.80000019073486328125</ele>
        <time>2024-09-02T13:46:02.000Z</time>
        <extensions>
          <ns3:TrackPointExtension>
            <ns3:cad>89</ns3:cad>
          </ns3:TrackPointExtension>
        </extensions>
      </trkpt>
      <trkpt lat="30.4273433424532413482666015625" lon="120.2741385810077190399169921875">
        <ele>4.80000019073486328125</ele>
        <time>2024-09-02T13:46:03.000Z</time>
        <extensions>
          <ns3:TrackPointExtension>
            <ns3:cad>89</ns3:cad>
          </ns3:TrackPointExtension>
        </extensions>
      </trkpt>
      <trkpt lat="30.4273701645433902740478515625" lon="120.27411871589720249176025390625">
        <ele>4.80000019073486328125</ele>
        <time>2024-09-02T13:46:04.000Z</time>
        <extensions>
          <ns3:TrackPointExtension>
            <ns3:cad>89</ns3:cad>
          </ns3:TrackPointExtension>
        </extensions>
      </trkpt>
      <trkpt lat="30.427395142614841461181640625" lon="120.27409918606281280517578125">
        <ele>5</ele>
        <time>2024-09-02T13:46:05.000Z</time>
        <extensions>
          <ns3:TrackPointExtension>
            <ns3:cad>89</ns3:cad>
          </ns3:TrackPointExtension>
        </extensions>
      </trkpt>
      <trkpt lat="30.42741618119180202484130859375" lon="120.2740872837603092193603515625">
        <ele>5</ele>
        <time>2024-09-02T13:46:06.000Z</time>
        <extensions>
          <ns3:TrackPointExtension>
            <ns3:cad>89</ns3:cad>
          </ns3:TrackPointExtension>
        </extensions>
      </trkpt>
      <trkpt lat="30.42743562720715999603271484375" lon="120.27407781220972537994384765625">
        <ele>5.19999980926513671875</ele>
        <time>2024-09-02T13:46:07.000Z</time>
        <extensions>
          <ns3:TrackPointExtension>
            <ns3:cad>89</ns3:cad>
          </ns3:TrackPointExtension>
        </extensions>
      </trkpt>
      <trkpt lat="30.42745440267026424407958984375" lon="120.2740698494017124176025390625">
        <ele>5</ele>
        <time>2024-09-02T13:46:08.000Z</time>
        <extensions>
          <ns3:TrackPointExtension>
            <ns3:cad>89</ns3:cad>
          </ns3:TrackPointExtension>
        </extensions>
      </trkpt>
      <trkpt lat="30.427474938333034515380859375" lon="120.27405886910855770111083984375">
        <ele>5</ele>
        <time>2024-09-02T13:46:09.000Z</time>
        <extensions>
          <ns3:TrackPointExtension>
            <ns3:cad>89</ns3:cad>
          </ns3:TrackPointExtension>
        </extensions>
      </trkpt>
      <trkpt lat="30.4274945519864559173583984375" lon="120.2740514092147350311279296875">
        <ele>5</ele>
        <time>2024-09-02T13:46:10.000Z</time>
        <extensions>
          <ns3:TrackPointExtension>
            <ns3:cad>89</ns3:cad>
          </ns3:TrackPointExtension>
        </extensions>
      </trkpt>
      <trkpt lat="30.42751659639179706573486328125" lon="120.27404277585446834564208984375">
        <ele>5</ele>
        <time>2024-09-02T13:46:11.000Z</time>
        <extensions>
          <ns3:TrackPointExtension>
            <ns3:cad>88</ns3:cad>
          </ns3:TrackPointExtension>
        </extensions>
      </trkpt>
      <trkpt lat="30.42753771878778934478759765625" lon="120.27403741143643856048583984375">
        <ele>4.80000019073486328125</ele>
        <time>2024-09-02T13:46:12.000Z</time>
        <extensions>
          <ns3:TrackPointExtension>
            <ns3:cad>88</ns3:cad>
          </ns3:TrackPointExtension>
        </extensions>
      </trkpt>
      <trkpt lat="30.42755682952702045440673828125" lon="120.274028442800045013427734375">
        <ele>4.80000019073486328125</ele>
        <time>2024-09-02T13:46:13.000Z</time>
        <extensions>
          <ns3:TrackPointExtension>
            <ns3:cad>88</ns3:cad>
          </ns3:TrackPointExtension>
        </extensions>
      </trkpt>
      <trkpt lat="30.427574850618839263916015625" lon="120.27402232401072978973388671875">
        <ele>4.80000019073486328125</ele>
        <time>2024-09-02T13:46:14.000Z</time>
        <extensions>
          <ns3:TrackPointExtension>
            <ns3:cad>88</ns3:cad>
          </ns3:TrackPointExtension>
        </extensions>
      </trkpt>
      <trkpt lat="30.42759555391967296600341796875" lon="120.27401427738368511199951171875">
        <ele>4.80000019073486328125</ele>
        <time>2024-09-02T13:46:15.000Z</time>
        <extensions>
          <ns3:TrackPointExtension>
            <ns3:cad>89</ns3:cad>
          </ns3:TrackPointExtension>
        </extensions>
      </trkpt>
      <trkpt lat="30.4276142455637454986572265625" lon="120.274000950157642364501953125">
        <ele>4.80000019073486328125</ele>
        <time>2024-09-02T13:46:16.000Z</time>
        <extensions>
          <ns3:TrackPointExtension>
            <ns3:cad>90</ns3:cad>
          </ns3:TrackPointExtension>
        </extensions>
      </trkpt>
      <trkpt lat="30.42763360776007175445556640625" lon="120.27398695237934589385986328125">
        <ele>4.80000019073486328125</ele>
        <time>2024-09-02T13:46:17.000Z</time>
        <extensions>
          <ns3:TrackPointExtension>
            <ns3:cad>90</ns3:cad>
          </ns3:TrackPointExtension>
        </extensions>
      </trkpt>
      <trkpt lat="30.4276541434228420257568359375" lon="120.2739709429442882537841796875">
        <ele>4.80000019073486328125</ele>
        <time>2024-09-02T13:46:18.000Z</time>
        <extensions>
          <ns3:TrackPointExtension>
            <ns3:cad>89</ns3:cad>
          </ns3:TrackPointExtension>
        </extensions>
      </trkpt>
      <trkpt lat="30.42767174541950225830078125" lon="120.27395258657634258270263671875">
        <ele>5</ele>
        <time>2024-09-02T13:46:19.000Z</time>
        <extensions>
          <ns3:TrackPointExtension>
            <ns3:cad>89</ns3:cad>
          </ns3:TrackPointExtension>
        </extensions>
      </trkpt>
      <trkpt lat="30.4276930354535579681396484375" lon="120.2739203162491321563720703125">
        <ele>5.19999980926513671875</ele>
        <time>2024-09-02T13:46:20.000Z</time>
        <extensions>
          <ns3:TrackPointExtension>
            <ns3:cad>89</ns3:cad>
          </ns3:TrackPointExtension>
        </extensions>
      </trkpt>
      <trkpt lat="30.42771390639245510101318359375" lon="120.2739001996815204620361328125">
        <ele>5.400000095367431640625</ele>
        <time>2024-09-02T13:46:21.000Z</time>
        <extensions>
          <ns3:TrackPointExtension>
            <ns3:cad>89</ns3:cad>
          </ns3:TrackPointExtension>
        </extensions>
      </trkpt>
      <trkpt lat="30.42773050256073474884033203125" lon="120.2738851122558116912841796875">
        <ele>5.400000095367431640625</ele>
        <time>2024-09-02T13:46:22.000Z</time>
        <extensions>
          <ns3:TrackPointExtension>
            <ns3:cad>89</ns3:cad>
          </ns3:TrackPointExtension>
        </extensions>
      </trkpt>
      <trkpt lat="30.42774139903485774993896484375" lon="120.273868180811405181884765625">
        <ele>5.599999904632568359375</ele>
        <time>2024-09-02T13:46:23.000Z</time>
        <extensions>
          <ns3:TrackPointExtension>
            <ns3:cad>89</ns3:cad>
          </ns3:TrackPointExtension>
        </extensions>
      </trkpt>
      <trkpt lat="30.42776067741215229034423828125" lon="120.27384345419704914093017578125">
        <ele>5.80000019073486328125</ele>
        <time>2024-09-02T13:46:24.000Z</time>
        <extensions>
          <ns3:TrackPointExtension>
            <ns3:cad>89</ns3:cad>
          </ns3:TrackPointExtension>
        </extensions>
      </trkpt>
      <trkpt lat="30.42778179980814456939697265625" lon="120.27382417581975460052490234375">
        <ele>6</ele>
        <time>2024-09-02T13:46:25.000Z</time>
        <extensions>
          <ns3:TrackPointExtension>
            <ns3:cad>89</ns3:cad>
          </ns3:TrackPointExtension>
        </extensions>
      </trkpt>
      <trkpt lat="30.42780074290931224822998046875" lon="120.2738100104033946990966796875">
        <ele>6</ele>
        <time>2024-09-02T13:46:26.000Z</time>
        <extensions>
          <ns3:TrackPointExtension>
            <ns3:cad>89</ns3:cad>
          </ns3:TrackPointExtension>
        </extensions>
      </trkpt>
      <trkpt lat="30.427812896668910980224609375" lon="120.27380187995731830596923828125">
        <ele>6</ele>
        <time>2024-09-02T13:46:27.000Z</time>
        <extensions>
          <ns3:TrackPointExtension>
            <ns3:cad>89</ns3:cad>
          </ns3:TrackPointExtension>
        </extensions>
      </trkpt>
      <trkpt lat="30.42782354168593883514404296875" lon="120.2737932465970516204833984375">
        <ele>6</ele>
        <time>2024-09-02T13:46:28.000Z</time>
        <extensions>
          <ns3:TrackPointExtension>
            <ns3:cad>89</ns3:cad>
          </ns3:TrackPointExtension>
        </extensions>
      </trkpt>
      <trkpt lat="30.42783376760780811309814453125" lon="120.2737882174551486968994140625">
        <ele>6</ele>
        <time>2024-09-02T13:46:29.000Z</time>
        <extensions>
          <ns3:TrackPointExtension>
            <ns3:cad>89</ns3:cad>
          </ns3:TrackPointExtension>
        </extensions>
      </trkpt>
      <trkpt lat="30.42784080840647220611572265625" lon="120.27378411032259464263916015625">
        <ele>6</ele>
        <time>2024-09-02T13:46:30.000Z</time>
        <extensions>
          <ns3:TrackPointExtension>
            <ns3:cad>71</ns3:cad>
          </ns3:TrackPointExtension>
        </extensions>
      </trkpt>
      <trkpt lat="30.4278486035764217376708984375" lon="120.2737714536488056182861328125">
        <ele>6.19999980926513671875</ele>
        <time>2024-09-02T13:46:31.000Z</time>
        <extensions>
          <ns3:TrackPointExtension>
            <ns3:cad>66</ns3:cad>
          </ns3:TrackPointExtension>
        </extensions>
      </trkpt>
      <trkpt lat="30.42785690166056156158447265625" lon="120.27375720441341400146484375">
        <ele>6.19999980926513671875</ele>
        <time>2024-09-02T13:46:32.000Z</time>
        <extensions>
          <ns3:TrackPointExtension>
            <ns3:cad>66</ns3:cad>
          </ns3:TrackPointExtension>
        </extensions>
      </trkpt>
      <trkpt lat="30.4278670437633991241455078125" lon="120.2737523429095745086669921875">
        <ele>6.19999980926513671875</ele>
        <time>2024-09-02T13:46:33.000Z</time>
        <extensions>
          <ns3:TrackPointExtension>
            <ns3:cad>65</ns3:cad>
          </ns3:TrackPointExtension>
        </extensions>
      </trkpt>
      <trkpt lat="30.42787584476172924041748046875" lon="120.27374521829187870025634765625">
        <ele>6.19999980926513671875</ele>
        <time>2024-09-02T13:46:34.000Z</time>
        <extensions>
          <ns3:TrackPointExtension>
            <ns3:cad>65</ns3:cad>
          </ns3:TrackPointExtension>
        </extensions>
      </trkpt>
      <trkpt lat="30.4278817959129810333251953125" lon="120.27373951859772205352783203125">
        <ele>6.19999980926513671875</ele>
        <time>2024-09-02T13:46:35.000Z</time>
        <extensions>
          <ns3:TrackPointExtension>
            <ns3:cad>65</ns3:cad>
          </ns3:TrackPointExtension>
        </extensions>
      </trkpt>
      <trkpt lat="30.427888333797454833984375" lon="120.27372711338102817535400390625">
        <ele>6.19999980926513671875</ele>
        <time>2024-09-02T13:46:36.000Z</time>
        <extensions>
          <ns3:TrackPointExtension>
            <ns3:cad>66</ns3:cad>
          </ns3:TrackPointExtension>
        </extensions>
      </trkpt>
      <trkpt lat="30.4278988949954509735107421875" lon="120.27371336705982685089111328125">
        <ele>6.400000095367431640625</ele>
        <time>2024-09-02T13:46:37.000Z</time>
        <extensions>
          <ns3:TrackPointExtension>
            <ns3:cad>66</ns3:cad>
          </ns3:TrackPointExtension>
        </extensions>
      </trkpt>
      <trkpt lat="30.42791591025888919830322265625" lon="120.27369727380573749542236328125">
        <ele>6.400000095367431640625</ele>
        <time>2024-09-02T13:46:38.000Z</time>
        <extensions>
          <ns3:TrackPointExtension>
            <ns3:cad>66</ns3:cad>
          </ns3:TrackPointExtension>
        </extensions>
      </trkpt>
      <trkpt lat="30.42793401516973972320556640625" lon="120.27368486858904361724853515625">
        <ele>6.19999980926513671875</ele>
        <time>2024-09-02T13:46:39.000Z</time>
        <extensions>
          <ns3:TrackPointExtension>
            <ns3:cad>66</ns3:cad>
          </ns3:TrackPointExtension>
        </extensions>
      </trkpt>
      <trkpt lat="30.42795128189027309417724609375" lon="120.27367413975298404693603515625">
        <ele>6.19999980926513671875</ele>
        <time>2024-09-02T13:46:40.000Z</time>
        <extensions>
          <ns3:TrackPointExtension>
            <ns3:cad>87</ns3:cad>
          </ns3:TrackPointExtension>
        </extensions>
      </trkpt>
      <trkpt lat="30.42796754278242588043212890625" lon="120.2736628241837024688720703125">
        <ele>6.19999980926513671875</ele>
        <time>2024-09-02T13:46:41.000Z</time>
        <extensions>
          <ns3:TrackPointExtension>
            <ns3:cad>88</ns3:cad>
          </ns3:TrackPointExtension>
        </extensions>
      </trkpt>
      <trkpt lat="30.42798212729394435882568359375" lon="120.27365335263311862945556640625">
        <ele>6</ele>
        <time>2024-09-02T13:46:42.000Z</time>
        <extensions>
          <ns3:TrackPointExtension>
            <ns3:cad>90</ns3:cad>
          </ns3:TrackPointExtension>
        </extensions>
      </trkpt>
      <trkpt lat="30.42798933573067188262939453125" lon="120.27364161796867847442626953125">
        <ele>6</ele>
        <time>2024-09-02T13:46:43.000Z</time>
        <extensions>
          <ns3:TrackPointExtension>
            <ns3:cad>90</ns3:cad>
          </ns3:TrackPointExtension>
        </extensions>
      </trkpt>
      <trkpt lat="30.4279937781393527984619140625" lon="120.27362820692360401153564453125">
        <ele>6</ele>
        <time>2024-09-02T13:46:44.000Z</time>
        <extensions>
          <ns3:TrackPointExtension>
            <ns3:cad>90</ns3:cad>
          </ns3:TrackPointExtension>
        </extensions>
      </trkpt>
      <trkpt lat="30.4280011542141437530517578125" lon="120.27361630462110042572021484375">
        <ele>6</ele>
        <time>2024-09-02T13:46:45.000Z</time>
        <extensions>
          <ns3:TrackPointExtension>
            <ns3:cad>90</ns3:cad>
          </ns3:TrackPointExtension>
        </extensions>
      </trkpt>
      <trkpt lat="30.42801179923117160797119140625" lon="120.27361370623111724853515625">
        <ele>6</ele>
        <time>2024-09-02T13:46:46.000Z</time>
        <extensions>
          <ns3:TrackPointExtension>
            <ns3:cad>90</ns3:cad>
          </ns3:TrackPointExtension>
        </extensions>
      </trkpt>
      <trkpt lat="30.42802068404853343963623046875" lon="120.273608677089214324951171875">
        <ele>6</ele>
        <time>2024-09-02T13:46:47.000Z</time>
        <extensions>
          <ns3:TrackPointExtension>
            <ns3:cad>68</ns3:cad>
          </ns3:TrackPointExtension>
        </extensions>
      </trkpt>
      <trkpt lat="30.4280291497707366943359375" lon="120.27360406704246997833251953125">
        <ele>6</ele>
        <time>2024-09-02T13:46:48.000Z</time>
        <extensions>
          <ns3:TrackPointExtension>
            <ns3:cad>66</ns3:cad>
          </ns3:TrackPointExtension>
        </extensions>
      </trkpt>
      <trkpt lat="30.42804013006389141082763671875" lon="120.2735997922718524932861328125">
        <ele>6</ele>
        <time>2024-09-02T13:46:49.000Z</time>
        <extensions>
          <ns3:TrackPointExtension>
            <ns3:cad>66</ns3:cad>
          </ns3:TrackPointExtension>
        </extensions>
      </trkpt>
      <trkpt lat="30.42806209065020084381103515625" lon="120.27359819971024990081787109375">
        <ele>6</ele>
        <time>2024-09-02T13:46:50.000Z</time>
        <extensions>
          <ns3:TrackPointExtension>
            <ns3:cad>65</ns3:cad>
          </ns3:TrackPointExtension>
        </extensions>
      </trkpt>
      <trkpt lat="30.42808438651263713836669921875" lon="120.2735888957977294921875">
        <ele>6</ele>
        <time>2024-09-02T13:46:51.000Z</time>
        <extensions>
          <ns3:TrackPointExtension>
            <ns3:cad>65</ns3:cad>
          </ns3:TrackPointExtension>
        </extensions>
      </trkpt>
      <trkpt lat="30.42810215614736080169677734375" lon="120.273571796715259552001953125">
        <ele>5.80000019073486328125</ele>
        <time>2024-09-02T13:46:52.000Z</time>
        <extensions>
          <ns3:TrackPointExtension>
            <ns3:cad>64</ns3:cad>
          </ns3:TrackPointExtension>
        </extensions>
      </trkpt>
      <trkpt lat="30.4281218536198139190673828125" lon="120.27355863712728023529052734375">
        <ele>5.599999904632568359375</ele>
        <time>2024-09-02T13:46:53.000Z</time>
        <extensions>
          <ns3:TrackPointExtension>
            <ns3:cad>68</ns3:cad>
          </ns3:TrackPointExtension>
        </extensions>
      </trkpt>
      <trkpt lat="30.42814004234969615936279296875" lon="120.273547656834125518798828125">
        <ele>5.599999904632568359375</ele>
        <time>2024-09-02T13:46:54.000Z</time>
        <extensions>
          <ns3:TrackPointExtension>
            <ns3:cad>88</ns3:cad>
          </ns3:TrackPointExtension>
        </extensions>
      </trkpt>
      <trkpt lat="30.42815730907022953033447265625" lon="120.27353835292160511016845703125">
        <ele>5.400000095367431640625</ele>
        <time>2024-09-02T13:46:55.000Z</time>
        <extensions>
          <ns3:TrackPointExtension>
            <ns3:cad>90</ns3:cad>
          </ns3:TrackPointExtension>
        </extensions>
      </trkpt>
      <trkpt lat="30.428170301020145416259765625" lon="120.27353768236935138702392578125">
        <ele>5.400000095367431640625</ele>
        <time>2024-09-02T13:46:56.000Z</time>
        <extensions>
          <ns3:TrackPointExtension>
            <ns3:cad>90</ns3:cad>
          </ns3:TrackPointExtension>
        </extensions>
      </trkpt>
      <trkpt lat="30.428184382617473602294921875" lon="120.27353717945516109466552734375">
        <ele>5.400000095367431640625</ele>
        <time>2024-09-02T13:46:57.000Z</time>
        <extensions>
          <ns3:TrackPointExtension>
            <ns3:cad>90</ns3:cad>
          </ns3:TrackPointExtension>
        </extensions>
      </trkpt>
      <trkpt lat="30.4281976260244846343994140625" lon="120.273540280759334564208984375">
        <ele>5.400000095367431640625</ele>
        <time>2024-09-02T13:46:58.000Z</time>
        <extensions>
          <ns3:TrackPointExtension>
            <ns3:cad>90</ns3:cad>
          </ns3:TrackPointExtension>
        </extensions>
      </trkpt>
      <trkpt lat="30.428219921886920928955078125" lon="120.2735419571399688720703125">
        <ele>5.19999980926513671875</ele>
        <time>2024-09-02T13:46:59.000Z</time>
        <extensions>
          <ns3:TrackPointExtension>
            <ns3:cad>90</ns3:cad>
          </ns3:TrackPointExtension>
        </extensions>
      </trkpt>
      <trkpt lat="30.428239367902278900146484375" lon="120.27354489080607891082763671875">
        <ele>5.19999980926513671875</ele>
        <time>2024-09-02T13:47:00.000Z</time>
        <extensions>
          <ns3:TrackPointExtension>
            <ns3:cad>90</ns3:cad>
          </ns3:TrackPointExtension>
        </extensions>
      </trkpt>
      <trkpt lat="30.4282630048692226409912109375" lon="120.2735444717109203338623046875">
        <ele>5.19999980926513671875</ele>
        <time>2024-09-02T13:47:01.000Z</time>
        <extensions>
          <ns3:TrackPointExtension>
            <ns3:cad>89</ns3:cad>
          </ns3:TrackPointExtension>
        </extensions>
      </trkpt>
      <trkpt lat="30.42828806675970554351806640625" lon="120.2735220082104206085205078125">
        <ele>5</ele>
        <time>2024-09-02T13:47:02.000Z</time>
        <extensions>
          <ns3:TrackPointExtension>
            <ns3:cad>89</ns3:cad>
          </ns3:TrackPointExtension>
        </extensions>
      </trkpt>
      <trkpt lat="30.42831505648791790008544921875" lon="120.273498706519603729248046875">
        <ele>5</ele>
        <time>2024-09-02T13:47:03.000Z</time>
        <extensions>
          <ns3:TrackPointExtension>
            <ns3:cad>89</ns3:cad>
          </ns3:TrackPointExtension>
        </extensions>
      </trkpt>
      <trkpt lat="30.42833500541746616363525390625" lon="120.27347900904715061187744140625">
        <ele>5.19999980926513671875</ele>
        <time>2024-09-02T13:47:04.000Z</time>
        <extensions>
          <ns3:TrackPointExtension>
            <ns3:cad>90</ns3:cad>
          </ns3:TrackPointExtension>
        </extensions>
      </trkpt>
      <trkpt lat="30.42836283333599567413330078125" lon="120.2734603174030780792236328125">
        <ele>5.19999980926513671875</ele>
        <time>2024-09-02T13:47:05.000Z</time>
        <extensions>
          <ns3:TrackPointExtension>
            <ns3:cad>90</ns3:cad>
          </ns3:TrackPointExtension>
        </extensions>
      </trkpt>
      <trkpt lat="30.42838345281779766082763671875" lon="120.27343844063580036163330078125">
        <ele>5.400000095367431640625</ele>
        <time>2024-09-02T13:47:06.000Z</time>
        <extensions>
          <ns3:TrackPointExtension>
            <ns3:cad>90</ns3:cad>
          </ns3:TrackPointExtension>
        </extensions>
      </trkpt>
      <trkpt lat="30.4284044913947582244873046875" lon="120.2734267897903919219970703125">
        <ele>5.400000095367431640625</ele>
        <time>2024-09-02T13:47:07.000Z</time>
        <extensions>
          <ns3:TrackPointExtension>
            <ns3:cad>90</ns3:cad>
          </ns3:TrackPointExtension>
        </extensions>
      </trkpt>
      <trkpt lat="30.42842368595302104949951171875" lon="120.27341245673596858978271484375">
        <ele>5.400000095367431640625</ele>
        <time>2024-09-02T13:47:08.000Z</time>
        <extensions>
          <ns3:TrackPointExtension>
            <ns3:cad>91</ns3:cad>
          </ns3:TrackPointExtension>
        </extensions>
      </trkpt>
      <trkpt lat="30.42844095267355442047119140625" lon="120.2733976207673549652099609375">
        <ele>5.599999904632568359375</ele>
        <time>2024-09-02T13:47:09.000Z</time>
        <extensions>
          <ns3:TrackPointExtension>
            <ns3:cad>92</ns3:cad>
          </ns3:TrackPointExtension>
        </extensions>
      </trkpt>
      <trkpt lat="30.42845704592764377593994140625" lon="120.2733838744461536407470703125">
        <ele>5.400000095367431640625</ele>
        <time>2024-09-02T13:47:10.000Z</time>
        <extensions>
          <ns3:TrackPointExtension>
            <ns3:cad>92</ns3:cad>
          </ns3:TrackPointExtension>
        </extensions>
      </trkpt>
      <trkpt lat="30.42847330681979656219482421875" lon="120.2733702957630157470703125">
        <ele>5.400000095367431640625</ele>
        <time>2024-09-02T13:47:11.000Z</time>
        <extensions>
          <ns3:TrackPointExtension>
            <ns3:cad>92</ns3:cad>
          </ns3:TrackPointExtension>
        </extensions>
      </trkpt>
      <trkpt lat="30.4284899868071079254150390625" lon="120.27335545979440212249755859375">
        <ele>5.400000095367431640625</ele>
        <time>2024-09-02T13:47:12.000Z</time>
        <extensions>
          <ns3:TrackPointExtension>
            <ns3:cad>92</ns3:cad>
          </ns3:TrackPointExtension>
        </extensions>
      </trkpt>
      <trkpt lat="30.42850817553699016571044921875" lon="120.27334657497704029083251953125">
        <ele>5.400000095367431640625</ele>
        <time>2024-09-02T13:47:13.000Z</time>
        <extensions>
          <ns3:TrackPointExtension>
            <ns3:cad>92</ns3:cad>
          </ns3:TrackPointExtension>
        </extensions>
      </trkpt>
      <trkpt lat="30.42852762155234813690185546875" lon="120.27332930825650691986083984375">
        <ele>5.19999980926513671875</ele>
        <time>2024-09-02T13:47:14.000Z</time>
        <extensions>
          <ns3:TrackPointExtension>
            <ns3:cad>92</ns3:cad>
          </ns3:TrackPointExtension>
        </extensions>
      </trkpt>
      <trkpt lat="30.42854748666286468505859375" lon="120.27331237681210041046142578125">
        <ele>5.19999980926513671875</ele>
        <time>2024-09-02T13:47:15.000Z</time>
        <extensions>
          <ns3:TrackPointExtension>
            <ns3:cad>90</ns3:cad>
          </ns3:TrackPointExtension>
        </extensions>
      </trkpt>
      <trkpt lat="30.42856768704950809478759765625" lon="120.2732990495860576629638671875">
        <ele>5.19999980926513671875</ele>
        <time>2024-09-02T13:47:16.000Z</time>
        <extensions>
          <ns3:TrackPointExtension>
            <ns3:cad>90</ns3:cad>
          </ns3:TrackPointExtension>
        </extensions>
      </trkpt>
      <trkpt lat="30.4285902343690395355224609375" lon="120.27328622527420520782470703125">
        <ele>5.19999980926513671875</ele>
        <time>2024-09-02T13:47:17.000Z</time>
        <extensions>
          <ns3:TrackPointExtension>
            <ns3:cad>92</ns3:cad>
          </ns3:TrackPointExtension>
        </extensions>
      </trkpt>
      <trkpt lat="30.42861764319241046905517578125" lon="120.2732641808688640594482421875">
        <ele>5.19999980926513671875</ele>
        <time>2024-09-02T13:47:18.000Z</time>
        <extensions>
          <ns3:TrackPointExtension>
            <ns3:cad>94</ns3:cad>
          </ns3:TrackPointExtension>
        </extensions>
      </trkpt>
      <trkpt lat="30.42864262126386165618896484375" lon="120.27324364520609378814697265625">
        <ele>5.19999980926513671875</ele>
        <time>2024-09-02T13:47:19.000Z</time>
        <extensions>
          <ns3:TrackPointExtension>
            <ns3:cad>94</ns3:cad>
          </ns3:TrackPointExtension>
        </extensions>
      </trkpt>
      <trkpt lat="30.428666174411773681640625" lon="120.2732229419052600860595703125">
        <ele>5.19999980926513671875</ele>
        <time>2024-09-02T13:47:20.000Z</time>
        <extensions>
          <ns3:TrackPointExtension>
            <ns3:cad>94</ns3:cad>
          </ns3:TrackPointExtension>
        </extensions>
      </trkpt>
      <trkpt lat="30.4286888055503368377685546875" lon="120.27319972403347492218017578125">
        <ele>5.19999980926513671875</ele>
        <time>2024-09-02T13:47:21.000Z</time>
        <extensions>
          <ns3:TrackPointExtension>
            <ns3:cad>92</ns3:cad>
          </ns3:TrackPointExtension>
        </extensions>
      </trkpt>
      <trkpt lat="30.4287109337747097015380859375" lon="120.27317457832396030426025390625">
        <ele>5.19999980926513671875</ele>
        <time>2024-09-02T13:47:22.000Z</time>
        <extensions>
          <ns3:TrackPointExtension>
            <ns3:cad>90</ns3:cad>
          </ns3:TrackPointExtension>
        </extensions>
      </trkpt>
      <trkpt lat="30.4287340678274631500244140625" lon="120.2731525339186191558837890625">
        <ele>5.19999980926513671875</ele>
        <time>2024-09-02T13:47:23.000Z</time>
        <extensions>
          <ns3:TrackPointExtension>
            <ns3:cad>89</ns3:cad>
          </ns3:TrackPointExtension>
        </extensions>
      </trkpt>
      <trkpt lat="30.4287555254995822906494140625" lon="120.27313736267387866973876953125">
        <ele>5.19999980926513671875</ele>
        <time>2024-09-02T13:47:24.000Z</time>
        <extensions>
          <ns3:TrackPointExtension>
            <ns3:cad>88</ns3:cad>
          </ns3:TrackPointExtension>
        </extensions>
      </trkpt>
      <trkpt lat="30.4287786595523357391357421875" lon="120.273124538362026214599609375">
        <ele>5.400000095367431640625</ele>
        <time>2024-09-02T13:47:25.000Z</time>
        <extensions>
          <ns3:TrackPointExtension>
            <ns3:cad>88</ns3:cad>
          </ns3:TrackPointExtension>
        </extensions>
      </trkpt>
      <trkpt lat="30.4288007877767086029052734375" lon="120.2731092832982540130615234375">
        <ele>5.400000095367431640625</ele>
        <time>2024-09-02T13:47:26.000Z</time>
        <extensions>
          <ns3:TrackPointExtension>
            <ns3:cad>89</ns3:cad>
          </ns3:TrackPointExtension>
        </extensions>
      </trkpt>
      <trkpt lat="30.42882199399173259735107421875" lon="120.27309595607221126556396484375">
        <ele>5.400000095367431640625</ele>
        <time>2024-09-02T13:47:27.000Z</time>
        <extensions>
          <ns3:TrackPointExtension>
            <ns3:cad>89</ns3:cad>
          </ns3:TrackPointExtension>
        </extensions>
      </trkpt>
      <trkpt lat="30.42884294874966144561767578125" lon="120.2730824612081050872802734375">
        <ele>5.400000095367431640625</ele>
        <time>2024-09-02T13:47:28.000Z</time>
        <extensions>
          <ns3:TrackPointExtension>
            <ns3:cad>89</ns3:cad>
          </ns3:TrackPointExtension>
        </extensions>
      </trkpt>
      <trkpt lat="30.42886440642178058624267578125" lon="120.27306846342980861663818359375">
        <ele>5.400000095367431640625</ele>
        <time>2024-09-02T13:47:29.000Z</time>
        <extensions>
          <ns3:TrackPointExtension>
            <ns3:cad>89</ns3:cad>
          </ns3:TrackPointExtension>
        </extensions>
      </trkpt>
      <trkpt lat="30.4288836009800434112548828125" lon="120.27305924333631992340087890625">
        <ele>5.19999980926513671875</ele>
        <time>2024-09-02T13:47:30.000Z</time>
        <extensions>
          <ns3:TrackPointExtension>
            <ns3:cad>88</ns3:cad>
          </ns3:TrackPointExtension>
        </extensions>
      </trkpt>
      <trkpt lat="30.42890380136668682098388671875" lon="120.27304164133965969085693359375">
        <ele>5.19999980926513671875</ele>
        <time>2024-09-02T13:47:31.000Z</time>
        <extensions>
          <ns3:TrackPointExtension>
            <ns3:cad>88</ns3:cad>
          </ns3:TrackPointExtension>
        </extensions>
      </trkpt>
      <trkpt lat="30.42892509140074253082275390625" lon="120.27302403934299945831298828125">
        <ele>5.19999980926513671875</ele>
        <time>2024-09-02T13:47:32.000Z</time>
        <extensions>
          <ns3:TrackPointExtension>
            <ns3:cad>88</ns3:cad>
          </ns3:TrackPointExtension>
        </extensions>
      </trkpt>
      <trkpt lat="30.428942106664180755615234375" lon="120.27300576679408550262451171875">
        <ele>5.400000095367431640625</ele>
        <time>2024-09-02T13:47:33.000Z</time>
        <extensions>
          <ns3:TrackPointExtension>
            <ns3:cad>87</ns3:cad>
          </ns3:TrackPointExtension>
        </extensions>
      </trkpt>
      <trkpt lat="30.4289610497653484344482421875" lon="120.27299302630126476287841796875">
        <ele>5.400000095367431640625</ele>
        <time>2024-09-02T13:47:34.000Z</time>
        <extensions>
          <ns3:TrackPointExtension>
            <ns3:cad>87</ns3:cad>
          </ns3:TrackPointExtension>
        </extensions>
      </trkpt>
      <trkpt lat="30.42898795567452907562255859375" lon="120.2729798667132854461669921875">
        <ele>5.599999904632568359375</ele>
        <time>2024-09-02T13:47:35.000Z</time>
        <extensions>
          <ns3:TrackPointExtension>
            <ns3:cad>88</ns3:cad>
          </ns3:TrackPointExtension>
        </extensions>
      </trkpt>
      <trkpt lat="30.42901461012661457061767578125" lon="120.27297089807689189910888671875">
        <ele>5.599999904632568359375</ele>
        <time>2024-09-02T13:47:36.000Z</time>
        <extensions>
          <ns3:TrackPointExtension>
            <ns3:cad>88</ns3:cad>
          </ns3:TrackPointExtension>
        </extensions>
      </trkpt>
      <trkpt lat="30.42903439141809940338134765625" lon="120.27295866049826145172119140625">
        <ele>5.599999904632568359375</ele>
        <time>2024-09-02T13:47:37.000Z</time>
        <extensions>
          <ns3:TrackPointExtension>
            <ns3:cad>89</ns3:cad>
          </ns3:TrackPointExtension>
        </extensions>
      </trkpt>
      <trkpt lat="30.42905702255666255950927734375" lon="120.2729429863393306732177734375">
        <ele>5.599999904632568359375</ele>
        <time>2024-09-02T13:47:38.000Z</time>
        <extensions>
          <ns3:TrackPointExtension>
            <ns3:cad>89</ns3:cad>
          </ns3:TrackPointExtension>
        </extensions>
      </trkpt>
      <trkpt lat="30.4290763847529888153076171875" lon="120.272935442626476287841796875">
        <ele>5.599999904632568359375</ele>
        <time>2024-09-02T13:47:39.000Z</time>
        <extensions>
          <ns3:TrackPointExtension>
            <ns3:cad>89</ns3:cad>
          </ns3:TrackPointExtension>
        </extensions>
      </trkpt>
      <trkpt lat="30.4290944896638393402099609375" lon="120.272927395999431610107421875">
        <ele>5.80000019073486328125</ele>
        <time>2024-09-02T13:47:40.000Z</time>
        <extensions>
          <ns3:TrackPointExtension>
            <ns3:cad>88</ns3:cad>
          </ns3:TrackPointExtension>
        </extensions>
      </trkpt>
      <trkpt lat="30.42911167256534099578857421875" lon="120.2729196846485137939453125">
        <ele>5.80000019073486328125</ele>
        <time>2024-09-02T13:47:41.000Z</time>
        <extensions>
          <ns3:TrackPointExtension>
            <ns3:cad>88</ns3:cad>
          </ns3:TrackPointExtension>
        </extensions>
      </trkpt>
      <trkpt lat="30.429133884608745574951171875" lon="120.27290736325085163116455078125">
        <ele>5.80000019073486328125</ele>
        <time>2024-09-02T13:47:42.000Z</time>
        <extensions>
          <ns3:TrackPointExtension>
            <ns3:cad>89</ns3:cad>
          </ns3:TrackPointExtension>
        </extensions>
      </trkpt>
      <trkpt lat="30.42915676720440387725830078125" lon="120.27288171462714672088623046875">
        <ele>5.599999904632568359375</ele>
        <time>2024-09-02T13:47:43.000Z</time>
        <extensions>
          <ns3:TrackPointExtension>
            <ns3:cad>89</ns3:cad>
          </ns3:TrackPointExtension>
        </extensions>
      </trkpt>
      <trkpt lat="30.42917923070490360260009765625" lon="120.272860340774059295654296875">
        <ele>5.599999904632568359375</ele>
        <time>2024-09-02T13:47:44.000Z</time>
        <extensions>
          <ns3:TrackPointExtension>
            <ns3:cad>89</ns3:cad>
          </ns3:TrackPointExtension>
        </extensions>
      </trkpt>
      <trkpt lat="30.42920337058603763580322265625" lon="120.272845588624477386474609375">
        <ele>5.599999904632568359375</ele>
        <time>2024-09-02T13:47:45.000Z</time>
        <extensions>
          <ns3:TrackPointExtension>
            <ns3:cad>89</ns3:cad>
          </ns3:TrackPointExtension>
        </extensions>
      </trkpt>
      <trkpt lat="30.42922784574329853057861328125" lon="120.27283586561679840087890625">
        <ele>5.400000095367431640625</ele>
        <time>2024-09-02T13:47:46.000Z</time>
        <extensions>
          <ns3:TrackPointExtension>
            <ns3:cad>89</ns3:cad>
          </ns3:TrackPointExtension>
        </extensions>
      </trkpt>
      <trkpt lat="30.42924888432025909423828125" lon="120.27282404713332653045654296875">
        <ele>5.400000095367431640625</ele>
        <time>2024-09-02T13:47:47.000Z</time>
        <extensions>
          <ns3:TrackPointExtension>
            <ns3:cad>89</ns3:cad>
          </ns3:TrackPointExtension>
        </extensions>
      </trkpt>
      <trkpt lat="30.42927126400172710418701171875" lon="120.2728115580976009368896484375">
        <ele>5.400000095367431640625</ele>
        <time>2024-09-02T13:47:48.000Z</time>
        <extensions>
          <ns3:TrackPointExtension>
            <ns3:cad>89</ns3:cad>
          </ns3:TrackPointExtension>
        </extensions>
      </trkpt>
      <trkpt lat="30.4292916320264339447021484375" lon="120.2728014998137950897216796875">
        <ele>5.400000095367431640625</ele>
        <time>2024-09-02T13:47:49.000Z</time>
        <extensions>
          <ns3:TrackPointExtension>
            <ns3:cad>89</ns3:cad>
          </ns3:TrackPointExtension>
        </extensions>
      </trkpt>
      <trkpt lat="30.42929842136800289154052734375" lon="120.27279026806354522705078125">
        <ele>5.400000095367431640625</ele>
        <time>2024-09-02T13:47:50.000Z</time>
        <extensions>
          <ns3:TrackPointExtension>
            <ns3:cad>89</ns3:cad>
          </ns3:TrackPointExtension>
        </extensions>
      </trkpt>
      <trkpt lat="30.42930898256599903106689453125" lon="120.27278196997940540313720703125">
        <ele>5.400000095367431640625</ele>
        <time>2024-09-02T13:47:51.000Z</time>
        <extensions>
          <ns3:TrackPointExtension>
            <ns3:cad>89</ns3:cad>
          </ns3:TrackPointExtension>
        </extensions>
      </trkpt>
      <trkpt lat="30.42932398617267608642578125" lon="120.2727694809436798095703125">
        <ele>5.19999980926513671875</ele>
        <time>2024-09-02T13:47:52.000Z</time>
        <extensions>
          <ns3:TrackPointExtension>
            <ns3:cad>68</ns3:cad>
          </ns3:TrackPointExtension>
        </extensions>
      </trkpt>
      <trkpt lat="30.4293379001319408416748046875" lon="120.2727629430592060089111328125">
        <ele>5.19999980926513671875</ele>
        <time>2024-09-02T13:47:53.000Z</time>
        <extensions>
          <ns3:TrackPointExtension>
            <ns3:cad>66</ns3:cad>
          </ns3:TrackPointExtension>
        </extensions>
      </trkpt>
      <trkpt lat="30.42935139499604701995849609375" lon="120.27275263331830501556396484375">
        <ele>5.19999980926513671875</ele>
        <time>2024-09-02T13:47:54.000Z</time>
        <extensions>
          <ns3:TrackPointExtension>
            <ns3:cad>66</ns3:cad>
          </ns3:TrackPointExtension>
        </extensions>
      </trkpt>
      <trkpt lat="30.42936690151691436767578125" lon="120.2727398090064525604248046875">
        <ele>5.19999980926513671875</ele>
        <time>2024-09-02T13:47:55.000Z</time>
        <extensions>
          <ns3:TrackPointExtension>
            <ns3:cad>66</ns3:cad>
          </ns3:TrackPointExtension>
        </extensions>
      </trkpt>
      <trkpt lat="30.4293821565806865692138671875" lon="120.2727297507226467132568359375">
        <ele>5.19999980926513671875</ele>
        <time>2024-09-02T13:47:56.000Z</time>
        <extensions>
          <ns3:TrackPointExtension>
            <ns3:cad>67</ns3:cad>
          </ns3:TrackPointExtension>
        </extensions>
      </trkpt>
      <trkpt lat="30.4293965734541416168212890625" lon="120.27272011153399944305419921875">
        <ele>5</ele>
        <time>2024-09-02T13:47:57.000Z</time>
        <extensions>
          <ns3:TrackPointExtension>
            <ns3:cad>67</ns3:cad>
          </ns3:TrackPointExtension>
        </extensions>
      </trkpt>
      <trkpt lat="30.42940847575664520263671875" lon="120.27271005325019359588623046875">
        <ele>5</ele>
        <time>2024-09-02T13:47:58.000Z</time>
        <extensions>
          <ns3:TrackPointExtension>
            <ns3:cad>67</ns3:cad>
          </ns3:TrackPointExtension>
        </extensions>
      </trkpt>
      <trkpt lat="30.42941878549754619598388671875" lon="120.27270133607089519500732421875">
        <ele>5</ele>
        <time>2024-09-02T13:47:59.000Z</time>
        <extensions>
          <ns3:TrackPointExtension>
            <ns3:cad>67</ns3:cad>
          </ns3:TrackPointExtension>
        </extensions>
      </trkpt>
      <trkpt lat="30.4294284246861934661865234375" lon="120.27268968522548675537109375">
        <ele>4.80000019073486328125</ele>
        <time>2024-09-02T13:48:00.000Z</time>
        <extensions>
          <ns3:TrackPointExtension>
            <ns3:cad>67</ns3:cad>
          </ns3:TrackPointExtension>
        </extensions>
      </trkpt>
      <trkpt lat="30.42944024316966533660888671875" lon="120.272681973874568939208984375">
        <ele>4.80000019073486328125</ele>
        <time>2024-09-02T13:48:01.000Z</time>
        <extensions>
          <ns3:TrackPointExtension>
            <ns3:cad>67</ns3:cad>
          </ns3:TrackPointExtension>
        </extensions>
      </trkpt>
      <trkpt lat="30.429453738033771514892578125" lon="120.27267317287623882293701171875">
        <ele>4.80000019073486328125</ele>
        <time>2024-09-02T13:48:02.000Z</time>
        <extensions>
          <ns3:TrackPointExtension>
            <ns3:cad>67</ns3:cad>
          </ns3:TrackPointExtension>
        </extensions>
      </trkpt>
      <trkpt lat="30.42947058565914630889892578125" lon="120.272667221724987030029296875">
        <ele>4.599999904632568359375</ele>
        <time>2024-09-02T13:48:03.000Z</time>
        <extensions>
          <ns3:TrackPointExtension>
            <ns3:cad>68</ns3:cad>
          </ns3:TrackPointExtension>
        </extensions>
      </trkpt>
      <trkpt lat="30.42948919348418712615966796875" lon="120.27266562916338443756103515625">
        <ele>4.599999904632568359375</ele>
        <time>2024-09-02T13:48:04.000Z</time>
        <extensions>
          <ns3:TrackPointExtension>
            <ns3:cad>68</ns3:cad>
          </ns3:TrackPointExtension>
        </extensions>
      </trkpt>
      <trkpt lat="30.42950428090989589691162109375" lon="120.272661857306957244873046875">
        <ele>4.400000095367431640625</ele>
        <time>2024-09-02T13:48:05.000Z</time>
        <extensions>
          <ns3:TrackPointExtension>
            <ns3:cad>68</ns3:cad>
          </ns3:TrackPointExtension>
        </extensions>
      </trkpt>
      <trkpt lat="30.42951635085046291351318359375" lon="120.272655822336673736572265625">
        <ele>4.400000095367431640625</ele>
        <time>2024-09-02T13:48:06.000Z</time>
        <extensions>
          <ns3:TrackPointExtension>
            <ns3:cad>68</ns3:cad>
          </ns3:TrackPointExtension>
        </extensions>
      </trkpt>
      <trkpt lat="30.42952439747750759124755859375" lon="120.27263780124485492706298828125">
        <ele>4.400000095367431640625</ele>
        <time>2024-09-02T13:48:07.000Z</time>
        <extensions>
          <ns3:TrackPointExtension>
            <ns3:cad>68</ns3:cad>
          </ns3:TrackPointExtension>
        </extensions>
      </trkpt>
      <trkpt lat="30.42953093536198139190673828125" lon="120.27261416427791118621826171875">
        <ele>4.19999980926513671875</ele>
        <time>2024-09-02T13:48:08.000Z</time>
        <extensions>
          <ns3:TrackPointExtension>
            <ns3:cad>68</ns3:cad>
          </ns3:TrackPointExtension>
        </extensions>
      </trkpt>
      <trkpt lat="30.429539568722248077392578125" lon="120.272597484290599822998046875">
        <ele>4.19999980926513671875</ele>
        <time>2024-09-02T13:48:09.000Z</time>
        <extensions>
          <ns3:TrackPointExtension>
            <ns3:cad>68</ns3:cad>
          </ns3:TrackPointExtension>
        </extensions>
      </trkpt>
      <trkpt lat="30.429553985595703125" lon="120.272588096559047698974609375">
        <ele>4</ele>
        <time>2024-09-02T13:48:10.000Z</time>
        <extensions>
          <ns3:TrackPointExtension>
            <ns3:cad>69</ns3:cad>
          </ns3:TrackPointExtension>
        </extensions>
      </trkpt>
      <trkpt lat="30.42956463061273097991943359375" lon="120.2725803852081298828125">
        <ele>4</ele>
        <time>2024-09-02T13:48:11.000Z</time>
        <extensions>
          <ns3:TrackPointExtension>
            <ns3:cad>69</ns3:cad>
          </ns3:TrackPointExtension>
        </extensions>
      </trkpt>
      <trkpt lat="30.42957611382007598876953125" lon="120.27257166802883148193359375">
        <ele>4</ele>
        <time>2024-09-02T13:48:12.000Z</time>
        <extensions>
          <ns3:TrackPointExtension>
            <ns3:cad>68</ns3:cad>
          </ns3:TrackPointExtension>
        </extensions>
      </trkpt>
      <trkpt lat="30.42958944104611873626708984375" lon="120.2725658006966114044189453125">
        <ele>4.19999980926513671875</ele>
        <time>2024-09-02T13:48:13.000Z</time>
        <extensions>
          <ns3:TrackPointExtension>
            <ns3:cad>68</ns3:cad>
          </ns3:TrackPointExtension>
        </extensions>
      </trkpt>
      <trkpt lat="30.429601259529590606689453125" lon="120.2725617773830890655517578125">
        <ele>4.19999980926513671875</ele>
        <time>2024-09-02T13:48:14.000Z</time>
        <extensions>
          <ns3:TrackPointExtension>
            <ns3:cad>67</ns3:cad>
          </ns3:TrackPointExtension>
        </extensions>
      </trkpt>
      <trkpt lat="30.42961508966982364654541015625" lon="120.27255817316472530364990234375">
        <ele>4.19999980926513671875</ele>
        <time>2024-09-02T13:48:15.000Z</time>
        <extensions>
          <ns3:TrackPointExtension>
            <ns3:cad>66</ns3:cad>
          </ns3:TrackPointExtension>
        </extensions>
      </trkpt>
      <trkpt lat="30.42962816543877124786376953125" lon="120.272550545632839202880859375">
        <ele>4.400000095367431640625</ele>
        <time>2024-09-02T13:48:16.000Z</time>
        <extensions>
          <ns3:TrackPointExtension>
            <ns3:cad>66</ns3:cad>
          </ns3:TrackPointExtension>
        </extensions>
      </trkpt>
      <trkpt lat="30.4296436719596385955810546875" lon="120.27253939770162105560302734375">
        <ele>4.400000095367431640625</ele>
        <time>2024-09-02T13:48:17.000Z</time>
        <extensions>
          <ns3:TrackPointExtension>
            <ns3:cad>66</ns3:cad>
          </ns3:TrackPointExtension>
        </extensions>
      </trkpt>
      <trkpt lat="30.429654233157634735107421875" lon="120.27252766303718090057373046875">
        <ele>4.599999904632568359375</ele>
        <time>2024-09-02T13:48:18.000Z</time>
        <extensions>
          <ns3:TrackPointExtension>
            <ns3:cad>67</ns3:cad>
          </ns3:TrackPointExtension>
        </extensions>
      </trkpt>
      <trkpt lat="30.4296708293259143829345703125" lon="120.27251592837274074554443359375">
        <ele>4.599999904632568359375</ele>
        <time>2024-09-02T13:48:19.000Z</time>
        <extensions>
          <ns3:TrackPointExtension>
            <ns3:cad>67</ns3:cad>
          </ns3:TrackPointExtension>
        </extensions>
      </trkpt>
      <trkpt lat="30.42968767695128917694091796875" lon="120.2725071273744106292724609375">
        <ele>4.80000019073486328125</ele>
        <time>2024-09-02T13:48:20.000Z</time>
        <extensions>
          <ns3:TrackPointExtension>
            <ns3:cad>66</ns3:cad>
          </ns3:TrackPointExtension>
        </extensions>
      </trkpt>
      <trkpt lat="30.4297026805579662322998046875" lon="120.27250100858509540557861328125">
        <ele>4.80000019073486328125</ele>
        <time>2024-09-02T13:48:21.000Z</time>
        <extensions>
          <ns3:TrackPointExtension>
            <ns3:cad>66</ns3:cad>
          </ns3:TrackPointExtension>
        </extensions>
      </trkpt>
      <trkpt lat="30.42971785180270671844482421875" lon="120.27249866165220737457275390625">
        <ele>5</ele>
        <time>2024-09-02T13:48:22.000Z</time>
        <extensions>
          <ns3:TrackPointExtension>
            <ns3:cad>65</ns3:cad>
          </ns3:TrackPointExtension>
        </extensions>
      </trkpt>
      <trkpt lat="30.42972556315362453460693359375" lon="120.2724945545196533203125">
        <ele>5</ele>
        <time>2024-09-02T13:48:23.000Z</time>
        <extensions>
          <ns3:TrackPointExtension>
            <ns3:cad>65</ns3:cad>
          </ns3:TrackPointExtension>
        </extensions>
      </trkpt>
      <trkpt lat="30.42973495088517665863037109375" lon="120.2724883519113063812255859375">
        <ele>5.19999980926513671875</ele>
        <time>2024-09-02T13:48:24.000Z</time>
        <extensions>
          <ns3:TrackPointExtension>
            <ns3:cad>65</ns3:cad>
          </ns3:TrackPointExtension>
        </extensions>
      </trkpt>
      <trkpt lat="30.42974232695996761322021484375" lon="120.2724796347320079803466796875">
        <ele>5.19999980926513671875</ele>
        <time>2024-09-02T13:48:25.000Z</time>
        <extensions>
          <ns3:TrackPointExtension>
            <ns3:cad>61</ns3:cad>
          </ns3:TrackPointExtension>
        </extensions>
      </trkpt>
      <trkpt lat="30.42974920012056827545166015625" lon="120.2724730968475341796875">
        <ele>5.19999980926513671875</ele>
        <time>2024-09-02T13:48:26.000Z</time>
        <extensions>
          <ns3:TrackPointExtension>
            <ns3:cad>61</ns3:cad>
          </ns3:TrackPointExtension>
        </extensions>
      </trkpt>
      <trkpt lat="30.42975624091923236846923828125" lon="120.2724663913249969482421875">
        <ele>5.19999980926513671875</ele>
        <time>2024-09-02T13:48:27.000Z</time>
        <extensions>
          <ns3:TrackPointExtension>
            <ns3:cad>65</ns3:cad>
          </ns3:TrackPointExtension>
        </extensions>
      </trkpt>
      <trkpt lat="30.42977459728717803955078125" lon="120.27245759032666683197021484375">
        <ele>5.400000095367431640625</ele>
        <time>2024-09-02T13:48:28.000Z</time>
        <extensions>
          <ns3:TrackPointExtension>
            <ns3:cad>65</ns3:cad>
          </ns3:TrackPointExtension>
        </extensions>
      </trkpt>
      <trkpt lat="30.429778955876827239990234375" lon="120.27245499193668365478515625">
        <ele>5.400000095367431640625</ele>
        <time>2024-09-02T13:48:29.000Z</time>
        <extensions>
          <ns3:TrackPointExtension>
            <ns3:cad>65</ns3:cad>
          </ns3:TrackPointExtension>
        </extensions>
      </trkpt>
      <trkpt lat="30.42978465557098388671875" lon="120.27244082652032375335693359375">
        <ele>5.400000095367431640625</ele>
        <time>2024-09-02T13:48:30.000Z</time>
        <extensions>
          <ns3:TrackPointExtension>
            <ns3:cad>63</ns3:cad>
          </ns3:TrackPointExtension>
        </extensions>
      </trkpt>
      <trkpt lat="30.42978976853191852569580078125" lon="120.2724239788949489593505859375">
        <ele>5.400000095367431640625</ele>
        <time>2024-09-02T13:48:31.000Z</time>
        <extensions>
          <ns3:TrackPointExtension>
            <ns3:cad>63</ns3:cad>
          </ns3:TrackPointExtension>
        </extensions>
      </trkpt>
      <trkpt lat="30.4297895170748233795166015625" lon="120.2724109031260013580322265625">
        <ele>5.400000095367431640625</ele>
        <time>2024-09-02T13:48:32.000Z</time>
        <extensions>
          <ns3:TrackPointExtension>
            <ns3:cad>63</ns3:cad>
          </ns3:TrackPointExtension>
        </extensions>
      </trkpt>
      <trkpt lat="30.4297841526567935943603515625" lon="120.27240092866122722625732421875">
        <ele>5.400000095367431640625</ele>
        <time>2024-09-02T13:48:33.000Z</time>
        <extensions>
          <ns3:TrackPointExtension>
            <ns3:cad>66</ns3:cad>
          </ns3:TrackPointExtension>
        </extensions>
      </trkpt>
      <trkpt lat="30.42978306300938129425048828125" lon="120.272393636405467987060546875">
        <ele>5.400000095367431640625</ele>
        <time>2024-09-02T13:48:34.000Z</time>
        <extensions>
          <ns3:TrackPointExtension>
            <ns3:cad>66</ns3:cad>
          </ns3:TrackPointExtension>
        </extensions>
      </trkpt>
      <trkpt lat="30.429777614772319793701171875" lon="120.27238097973167896270751953125">
        <ele>5.599999904632568359375</ele>
        <time>2024-09-02T13:48:35.000Z</time>
        <extensions>
          <ns3:TrackPointExtension>
            <ns3:cad>66</ns3:cad>
          </ns3:TrackPointExtension>
        </extensions>
      </trkpt>
      <trkpt lat="30.42978356592357158660888671875" lon="120.27237343601882457733154296875">
        <ele>5.599999904632568359375</ele>
        <time>2024-09-02T13:48:36.000Z</time>
        <extensions>
          <ns3:TrackPointExtension>
            <ns3:cad>64</ns3:cad>
          </ns3:TrackPointExtension>
        </extensions>
      </trkpt>
      <trkpt lat="30.42978993616998195648193359375" lon="120.272367484867572784423828125">
        <ele>5.599999904632568359375</ele>
        <time>2024-09-02T13:48:37.000Z</time>
        <extensions>
          <ns3:TrackPointExtension>
            <ns3:cad>62</ns3:cad>
          </ns3:TrackPointExtension>
        </extensions>
      </trkpt>
      <trkpt lat="30.42979882098734378814697265625" lon="120.2723602764308452606201171875">
        <ele>5.599999904632568359375</ele>
        <time>2024-09-02T13:48:38.000Z</time>
        <extensions>
          <ns3:TrackPointExtension>
            <ns3:cad>62</ns3:cad>
          </ns3:TrackPointExtension>
        </extensions>
      </trkpt>
      <trkpt lat="30.42981307022273540496826171875" lon="120.27235968969762325286865234375">
        <ele>5.80000019073486328125</ele>
        <time>2024-09-02T13:48:39.000Z</time>
        <extensions>
          <ns3:TrackPointExtension>
            <ns3:cad>63</ns3:cad>
          </ns3:TrackPointExtension>
        </extensions>
      </trkpt>
      <trkpt lat="30.42982530780136585235595703125" lon="120.2723575942218303680419921875">
        <ele>5.80000019073486328125</ele>
        <time>2024-09-02T13:48:40.000Z</time>
        <extensions>
          <ns3:TrackPointExtension>
            <ns3:cad>63</ns3:cad>
          </ns3:TrackPointExtension>
        </extensions>
      </trkpt>
      <trkpt lat="30.42984031140804290771484375" lon="120.2723565883934497833251953125">
        <ele>5.80000019073486328125</ele>
        <time>2024-09-02T13:48:41.000Z</time>
        <extensions>
          <ns3:TrackPointExtension>
            <ns3:cad>63</ns3:cad>
          </ns3:TrackPointExtension>
        </extensions>
      </trkpt>
      <trkpt lat="30.42985497973859310150146484375" lon="120.27235885150730609893798828125">
        <ele>5.80000019073486328125</ele>
        <time>2024-09-02T13:48:42.000Z</time>
        <extensions>
          <ns3:TrackPointExtension>
            <ns3:cad>63</ns3:cad>
          </ns3:TrackPointExtension>
        </extensions>
      </trkpt>
      <trkpt lat="30.429873503744602203369140625" lon="120.272344686090946197509765625">
        <ele>6</ele>
        <time>2024-09-02T13:48:43.000Z</time>
        <extensions>
          <ns3:TrackPointExtension>
            <ns3:cad>64</ns3:cad>
          </ns3:TrackPointExtension>
        </extensions>
      </trkpt>
      <trkpt lat="30.4298921115696430206298828125" lon="120.27232624590396881103515625">
        <ele>6.19999980926513671875</ele>
        <time>2024-09-02T13:48:44.000Z</time>
        <extensions>
          <ns3:TrackPointExtension>
            <ns3:cad>64</ns3:cad>
          </ns3:TrackPointExtension>
        </extensions>
      </trkpt>
      <trkpt lat="30.42990677990019321441650390625" lon="120.2723109908401966094970703125">
        <ele>6.19999980926513671875</ele>
        <time>2024-09-02T13:48:45.000Z</time>
        <extensions>
          <ns3:TrackPointExtension>
            <ns3:cad>64</ns3:cad>
          </ns3:TrackPointExtension>
        </extensions>
      </trkpt>
      <trkpt lat="30.42992371134459972381591796875" lon="120.2723016031086444854736328125">
        <ele>6.400000095367431640625</ele>
        <time>2024-09-02T13:48:46.000Z</time>
        <extensions>
          <ns3:TrackPointExtension>
            <ns3:cad>64</ns3:cad>
          </ns3:TrackPointExtension>
        </extensions>
      </trkpt>
      <trkpt lat="30.42994047515094280242919921875" lon="120.27228844352066516876220703125">
        <ele>6.400000095367431640625</ele>
        <time>2024-09-02T13:48:47.000Z</time>
        <extensions>
          <ns3:TrackPointExtension>
            <ns3:cad>65</ns3:cad>
          </ns3:TrackPointExtension>
        </extensions>
      </trkpt>
      <trkpt lat="30.42995505966246128082275390625" lon="120.27227855287492275238037109375">
        <ele>6.599999904632568359375</ele>
        <time>2024-09-02T13:48:48.000Z</time>
        <extensions>
          <ns3:TrackPointExtension>
            <ns3:cad>65</ns3:cad>
          </ns3:TrackPointExtension>
        </extensions>
      </trkpt>
      <trkpt lat="30.42996712960302829742431640625" lon="120.27226966805756092071533203125">
        <ele>6.599999904632568359375</ele>
        <time>2024-09-02T13:48:49.000Z</time>
        <extensions>
          <ns3:TrackPointExtension>
            <ns3:cad>65</ns3:cad>
          </ns3:TrackPointExtension>
        </extensions>
      </trkpt>
      <trkpt lat="30.42997651733458042144775390625" lon="120.27226296253502368927001953125">
        <ele>6.599999904632568359375</ele>
        <time>2024-09-02T13:48:50.000Z</time>
        <extensions>
          <ns3:TrackPointExtension>
            <ns3:cad>65</ns3:cad>
          </ns3:TrackPointExtension>
        </extensions>
      </trkpt>
      <trkpt lat="30.42998959310352802276611328125" lon="120.27225541882216930389404296875">
        <ele>6.80000019073486328125</ele>
        <time>2024-09-02T13:48:51.000Z</time>
        <extensions>
          <ns3:TrackPointExtension>
            <ns3:cad>65</ns3:cad>
          </ns3:TrackPointExtension>
        </extensions>
      </trkpt>
      <trkpt lat="30.42999965138733386993408203125" lon="120.27224586345255374908447265625">
        <ele>6.80000019073486328125</ele>
        <time>2024-09-02T13:48:52.000Z</time>
        <extensions>
          <ns3:TrackPointExtension>
            <ns3:cad>65</ns3:cad>
          </ns3:TrackPointExtension>
        </extensions>
      </trkpt>
      <trkpt lat="30.43000996112823486328125" lon="120.27224351651966571807861328125">
        <ele>6.80000019073486328125</ele>
        <time>2024-09-02T13:48:53.000Z</time>
        <extensions>
          <ns3:TrackPointExtension>
            <ns3:cad>65</ns3:cad>
          </ns3:TrackPointExtension>
        </extensions>
      </trkpt>
      <trkpt lat="30.43002446182072162628173828125" lon="120.27224200777709484100341796875">
        <ele>6.80000019073486328125</ele>
        <time>2024-09-02T13:48:54.000Z</time>
        <extensions>
          <ns3:TrackPointExtension>
            <ns3:cad>65</ns3:cad>
          </ns3:TrackPointExtension>
        </extensions>
      </trkpt>
      <trkpt lat="30.43003938160836696624755859375" lon="120.27224167250096797943115234375">
        <ele>7</ele>
        <time>2024-09-02T13:48:55.000Z</time>
        <extensions>
          <ns3:TrackPointExtension>
            <ns3:cad>65</ns3:cad>
          </ns3:TrackPointExtension>
        </extensions>
      </trkpt>
      <trkpt lat="30.43005296029150485992431640625" lon="120.2722368948161602020263671875">
        <ele>7</ele>
        <time>2024-09-02T13:48:56.000Z</time>
        <extensions>
          <ns3:TrackPointExtension>
            <ns3:cad>65</ns3:cad>
          </ns3:TrackPointExtension>
        </extensions>
      </trkpt>
      <trkpt lat="30.430067963898181915283203125" lon="120.27223630808293819427490234375">
        <ele>7</ele>
        <time>2024-09-02T13:48:57.000Z</time>
        <extensions>
          <ns3:TrackPointExtension>
            <ns3:cad>65</ns3:cad>
          </ns3:TrackPointExtension>
        </extensions>
      </trkpt>
      <trkpt lat="30.43008062057197093963623046875" lon="120.27222172357141971588134765625">
        <ele>7</ele>
        <time>2024-09-02T13:48:58.000Z</time>
        <extensions>
          <ns3:TrackPointExtension>
            <ns3:cad>65</ns3:cad>
          </ns3:TrackPointExtension>
        </extensions>
      </trkpt>
      <trkpt lat="30.43009587563574314117431640625" lon="120.2722167782485485076904296875">
        <ele>7</ele>
        <time>2024-09-02T13:48:59.000Z</time>
        <extensions>
          <ns3:TrackPointExtension>
            <ns3:cad>65</ns3:cad>
          </ns3:TrackPointExtension>
        </extensions>
      </trkpt>
      <trkpt lat="30.4301107116043567657470703125" lon="120.27221417985856533050537109375">
        <ele>7</ele>
        <time>2024-09-02T13:49:00.000Z</time>
        <extensions>
          <ns3:TrackPointExtension>
            <ns3:cad>65</ns3:cad>
          </ns3:TrackPointExtension>
        </extensions>
      </trkpt>
      <trkpt lat="30.43012353591620922088623046875" lon="120.27220915071666240692138671875">
        <ele>7</ele>
        <time>2024-09-02T13:49:01.000Z</time>
        <extensions>
          <ns3:TrackPointExtension>
            <ns3:cad>65</ns3:cad>
          </ns3:TrackPointExtension>
        </extensions>
      </trkpt>
      <trkpt lat="30.43013862334191799163818359375" lon="120.27220127172768115997314453125">
        <ele>7</ele>
        <time>2024-09-02T13:49:02.000Z</time>
        <extensions>
          <ns3:TrackPointExtension>
            <ns3:cad>65</ns3:cad>
          </ns3:TrackPointExtension>
        </extensions>
      </trkpt>
      <trkpt lat="30.4301548004150390625" lon="120.27218752540647983551025390625">
        <ele>7</ele>
        <time>2024-09-02T13:49:03.000Z</time>
        <extensions>
          <ns3:TrackPointExtension>
            <ns3:cad>66</ns3:cad>
          </ns3:TrackPointExtension>
        </extensions>
      </trkpt>
      <trkpt lat="30.4301724024116992950439453125" lon="120.27217444963753223419189453125">
        <ele>7</ele>
        <time>2024-09-02T13:49:04.000Z</time>
        <extensions>
          <ns3:TrackPointExtension>
            <ns3:cad>66</ns3:cad>
          </ns3:TrackPointExtension>
        </extensions>
      </trkpt>
      <trkpt lat="30.43018556199967861175537109375" lon="120.2721708454191684722900390625">
        <ele>7</ele>
        <time>2024-09-02T13:49:05.000Z</time>
        <extensions>
          <ns3:TrackPointExtension>
            <ns3:cad>66</ns3:cad>
          </ns3:TrackPointExtension>
        </extensions>
      </trkpt>
      <trkpt lat="30.43019679374992847442626953125" lon="120.27216657064855098724365234375">
        <ele>7</ele>
        <time>2024-09-02T13:49:06.000Z</time>
        <extensions>
          <ns3:TrackPointExtension>
            <ns3:cad>68</ns3:cad>
          </ns3:TrackPointExtension>
        </extensions>
      </trkpt>
      <trkpt lat="30.43020735494792461395263671875" lon="120.27216422371566295623779296875">
        <ele>7</ele>
        <time>2024-09-02T13:49:07.000Z</time>
        <extensions>
          <ns3:TrackPointExtension>
            <ns3:cad>68</ns3:cad>
          </ns3:TrackPointExtension>
        </extensions>
      </trkpt>
      <trkpt lat="30.43021825142204761505126953125" lon="120.27215952984988689422607421875">
        <ele>7</ele>
        <time>2024-09-02T13:49:08.000Z</time>
        <extensions>
          <ns3:TrackPointExtension>
            <ns3:cad>68</ns3:cad>
          </ns3:TrackPointExtension>
        </extensions>
      </trkpt>
      <trkpt lat="30.43022847734391689300537109375" lon="120.2721525728702545166015625">
        <ele>7</ele>
        <time>2024-09-02T13:49:09.000Z</time>
        <extensions>
          <ns3:TrackPointExtension>
            <ns3:cad>68</ns3:cad>
          </ns3:TrackPointExtension>
        </extensions>
      </trkpt>
      <trkpt lat="30.43024071492254734039306640625" lon="120.27214813046157360076904296875">
        <ele>7</ele>
        <time>2024-09-02T13:49:10.000Z</time>
        <extensions>
          <ns3:TrackPointExtension>
            <ns3:cad>68</ns3:cad>
          </ns3:TrackPointExtension>
        </extensions>
      </trkpt>
      <trkpt lat="30.43025345541536808013916015625" lon="120.27213756926357746124267578125">
        <ele>7</ele>
        <time>2024-09-02T13:49:11.000Z</time>
        <extensions>
          <ns3:TrackPointExtension>
            <ns3:cad>68</ns3:cad>
          </ns3:TrackPointExtension>
        </extensions>
      </trkpt>
      <trkpt lat="30.43026485480368137359619140625" lon="120.27212851680815219879150390625">
        <ele>7</ele>
        <time>2024-09-02T13:49:12.000Z</time>
        <extensions>
          <ns3:TrackPointExtension>
            <ns3:cad>68</ns3:cad>
          </ns3:TrackPointExtension>
        </extensions>
      </trkpt>
      <trkpt lat="30.43028329499065876007080078125" lon="120.27211745269596576690673828125">
        <ele>7</ele>
        <time>2024-09-02T13:49:13.000Z</time>
        <extensions>
          <ns3:TrackPointExtension>
            <ns3:cad>68</ns3:cad>
          </ns3:TrackPointExtension>
        </extensions>
      </trkpt>
      <trkpt lat="30.43030424974858760833740234375" lon="120.2721091546118259429931640625">
        <ele>7</ele>
        <time>2024-09-02T13:49:14.000Z</time>
        <extensions>
          <ns3:TrackPointExtension>
            <ns3:cad>68</ns3:cad>
          </ns3:TrackPointExtension>
        </extensions>
      </trkpt>
      <trkpt lat="30.4303212650120258331298828125" lon="120.272103957831859588623046875">
        <ele>7</ele>
        <time>2024-09-02T13:49:15.000Z</time>
        <extensions>
          <ns3:TrackPointExtension>
            <ns3:cad>70</ns3:cad>
          </ns3:TrackPointExtension>
        </extensions>
      </trkpt>
      <trkpt lat="30.4303410463035106658935546875" lon="120.27209482155740261077880859375">
        <ele>7</ele>
        <time>2024-09-02T13:49:16.000Z</time>
        <extensions>
          <ns3:TrackPointExtension>
            <ns3:cad>70</ns3:cad>
          </ns3:TrackPointExtension>
        </extensions>
      </trkpt>
      <trkpt lat="30.43035621754825115203857421875" lon="120.27209046296775341033935546875">
        <ele>7</ele>
        <time>2024-09-02T13:49:17.000Z</time>
        <extensions>
          <ns3:TrackPointExtension>
            <ns3:cad>70</ns3:cad>
          </ns3:TrackPointExtension>
        </extensions>
      </trkpt>
      <trkpt lat="30.43036895804107189178466796875" lon="120.27209079824388027191162109375">
        <ele>7</ele>
        <time>2024-09-02T13:49:18.000Z</time>
        <extensions>
          <ns3:TrackPointExtension>
            <ns3:cad>0</ns3:cad>
          </ns3:TrackPointExtension>
        </extensions>
      </trkpt>
      <trkpt lat="30.4303775914013385772705078125" lon="120.27208845131099224090576171875">
        <ele>7</ele>
        <time>2024-09-02T13:49:19.000Z</time>
        <extensions>
          <ns3:TrackPointExtension>
            <ns3:cad>0</ns3:cad>
          </ns3:TrackPointExtension>
        </extensions>
      </trkpt>
      <trkpt lat="30.43039284646511077880859375" lon="120.2720819972455501556396484375">
        <ele>7</ele>
        <time>2024-09-02T13:49:20.000Z</time>
        <extensions>
          <ns3:TrackPointExtension>
            <ns3:cad>0</ns3:cad>
          </ns3:TrackPointExtension>
        </extensions>
      </trkpt>
      <trkpt lat="30.430409610271453857421875" lon="120.272081829607486724853515625">
        <ele>7</ele>
        <time>2024-09-02T13:49:21.000Z</time>
        <extensions>
          <ns3:TrackPointExtension>
            <ns3:cad>0</ns3:cad>
          </ns3:TrackPointExtension>
        </extensions>
      </trkpt>
      <trkpt lat="30.4304248653352260589599609375" lon="120.27207839302718639373779296875">
        <ele>7</ele>
        <time>2024-09-02T13:49:22.000Z</time>
        <extensions>
          <ns3:TrackPointExtension>
            <ns3:cad>0</ns3:cad>
          </ns3:TrackPointExtension>
        </extensions>
      </trkpt>
      <trkpt lat="30.43043718673288822174072265625" lon="120.272075794637203216552734375">
        <ele>7</ele>
        <time>2024-09-02T13:49:23.000Z</time>
        <extensions>
          <ns3:TrackPointExtension>
            <ns3:cad>73</ns3:cad>
          </ns3:TrackPointExtension>
        </extensions>
      </trkpt>
      <trkpt lat="30.43044984340667724609375" lon="120.27206850238144397735595703125">
        <ele>7</ele>
        <time>2024-09-02T13:49:24.000Z</time>
        <extensions>
          <ns3:TrackPointExtension>
            <ns3:cad>73</ns3:cad>
          </ns3:TrackPointExtension>
        </extensions>
      </trkpt>
      <trkpt lat="30.4304624162614345550537109375" lon="120.2720534987747669219970703125">
        <ele>7.19999980926513671875</ele>
        <time>2024-09-02T13:49:25.000Z</time>
        <extensions>
          <ns3:TrackPointExtension>
            <ns3:cad>73</ns3:cad>
          </ns3:TrackPointExtension>
        </extensions>
      </trkpt>
      <trkpt lat="30.43047322891652584075927734375" lon="120.27203815989196300506591796875">
        <ele>7.19999980926513671875</ele>
        <time>2024-09-02T13:49:26.000Z</time>
        <extensions>
          <ns3:TrackPointExtension>
            <ns3:cad>68</ns3:cad>
          </ns3:TrackPointExtension>
        </extensions>
      </trkpt>
      <trkpt lat="30.430491082370281219482421875" lon="120.27202256955206394195556640625">
        <ele>7.400000095367431640625</ele>
        <time>2024-09-02T13:49:27.000Z</time>
        <extensions>
          <ns3:TrackPointExtension>
            <ns3:cad>68</ns3:cad>
          </ns3:TrackPointExtension>
        </extensions>
      </trkpt>
      <trkpt lat="30.43050893582403659820556640625" lon="120.272005386650562286376953125">
        <ele>7.400000095367431640625</ele>
        <time>2024-09-02T13:49:28.000Z</time>
        <extensions>
          <ns3:TrackPointExtension>
            <ns3:cad>68</ns3:cad>
          </ns3:TrackPointExtension>
        </extensions>
      </trkpt>
      <trkpt lat="30.4305234365165233612060546875" lon="120.271995998919010162353515625">
        <ele>7.400000095367431640625</ele>
        <time>2024-09-02T13:49:29.000Z</time>
        <extensions>
          <ns3:TrackPointExtension>
            <ns3:cad>68</ns3:cad>
          </ns3:TrackPointExtension>
        </extensions>
      </trkpt>
      <trkpt lat="30.43053609319031238555908203125" lon="120.27198485098779201507568359375">
        <ele>7.400000095367431640625</ele>
        <time>2024-09-02T13:49:30.000Z</time>
        <extensions>
          <ns3:TrackPointExtension>
            <ns3:cad>68</ns3:cad>
          </ns3:TrackPointExtension>
        </extensions>
      </trkpt>
      <trkpt lat="30.43055118061602115631103515625" lon="120.271971523761749267578125">
        <ele>7.400000095367431640625</ele>
        <time>2024-09-02T13:49:31.000Z</time>
        <extensions>
          <ns3:TrackPointExtension>
            <ns3:cad>68</ns3:cad>
          </ns3:TrackPointExtension>
        </extensions>
      </trkpt>
      <trkpt lat="30.4305707104504108428955078125" lon="120.27195601724088191986083984375">
        <ele>7.400000095367431640625</ele>
        <time>2024-09-02T13:49:32.000Z</time>
        <extensions>
          <ns3:TrackPointExtension>
            <ns3:cad>68</ns3:cad>
          </ns3:TrackPointExtension>
        </extensions>
      </trkpt>
      <trkpt lat="30.43058940209448337554931640625" lon="120.271945036947727203369140625">
        <ele>7.400000095367431640625</ele>
        <time>2024-09-02T13:49:33.000Z</time>
        <extensions>
          <ns3:TrackPointExtension>
            <ns3:cad>68</ns3:cad>
          </ns3:TrackPointExtension>
        </extensions>
      </trkpt>
      <trkpt lat="30.430605746805667877197265625" lon="120.27193388901650905609130859375">
        <ele>7.400000095367431640625</ele>
        <time>2024-09-02T13:49:34.000Z</time>
        <extensions>
          <ns3:TrackPointExtension>
            <ns3:cad>86</ns3:cad>
          </ns3:TrackPointExtension>
        </extensions>
      </trkpt>
      <trkpt lat="30.43062007986009120941162109375" lon="120.2719247527420520782470703125">
        <ele>7.400000095367431640625</ele>
        <time>2024-09-02T13:49:35.000Z</time>
        <extensions>
          <ns3:TrackPointExtension>
            <ns3:cad>86</ns3:cad>
          </ns3:TrackPointExtension>
        </extensions>
      </trkpt>
      <trkpt lat="30.4306362569332122802734375" lon="120.27191394008696079254150390625">
        <ele>7.400000095367431640625</ele>
        <time>2024-09-02T13:49:36.000Z</time>
        <extensions>
          <ns3:TrackPointExtension>
            <ns3:cad>87</ns3:cad>
          </ns3:TrackPointExtension>
        </extensions>
      </trkpt>
      <trkpt lat="30.4306508414447307586669921875" lon="120.2719136886298656463623046875">
        <ele>7.400000095367431640625</ele>
        <time>2024-09-02T13:49:37.000Z</time>
        <extensions>
          <ns3:TrackPointExtension>
            <ns3:cad>87</ns3:cad>
          </ns3:TrackPointExtension>
        </extensions>
      </trkpt>
      <trkpt lat="30.4306588880717754364013671875" lon="120.27191813103854656219482421875">
        <ele>7.19999980926513671875</ele>
        <time>2024-09-02T13:49:38.000Z</time>
        <extensions>
          <ns3:TrackPointExtension>
            <ns3:cad>87</ns3:cad>
          </ns3:TrackPointExtension>
        </extensions>
      </trkpt>
      <trkpt lat="30.4306652583181858062744140625" lon="120.27192450128495693206787109375">
        <ele>7.19999980926513671875</ele>
        <time>2024-09-02T13:49:39.000Z</time>
        <extensions>
          <ns3:TrackPointExtension>
            <ns3:cad>87</ns3:cad>
          </ns3:TrackPointExtension>
        </extensions>
      </trkpt>
      <trkpt lat="30.43067472986876964569091796875" lon="120.271925590932369232177734375">
        <ele>7.19999980926513671875</ele>
        <time>2024-09-02T13:49:40.000Z</time>
        <extensions>
          <ns3:TrackPointExtension>
            <ns3:cad>75</ns3:cad>
          </ns3:TrackPointExtension>
        </extensions>
      </trkpt>
      <trkpt lat="30.43069048784673213958740234375" lon="120.271918214857578277587890625">
        <ele>7.19999980926513671875</ele>
        <time>2024-09-02T13:49:41.000Z</time>
        <extensions>
          <ns3:TrackPointExtension>
            <ns3:cad>61</ns3:cad>
          </ns3:TrackPointExtension>
        </extensions>
      </trkpt>
      <trkpt lat="30.430705659091472625732421875" lon="120.27191293425858020782470703125">
        <ele>7.19999980926513671875</ele>
        <time>2024-09-02T13:49:42.000Z</time>
        <extensions>
          <ns3:TrackPointExtension>
            <ns3:cad>61</ns3:cad>
          </ns3:TrackPointExtension>
        </extensions>
      </trkpt>
      <trkpt lat="30.43072275817394256591796875" lon="120.2719026245176792144775390625">
        <ele>7.19999980926513671875</ele>
        <time>2024-09-02T13:49:43.000Z</time>
        <extensions>
          <ns3:TrackPointExtension>
            <ns3:cad>61</ns3:cad>
          </ns3:TrackPointExtension>
        </extensions>
      </trkpt>
      <trkpt lat="30.4307336546480655670166015625" lon="120.271896421909332275390625">
        <ele>7</ele>
        <time>2024-09-02T13:49:44.000Z</time>
        <extensions>
          <ns3:TrackPointExtension>
            <ns3:cad>66</ns3:cad>
          </ns3:TrackPointExtension>
        </extensions>
      </trkpt>
      <trkpt lat="30.43074329383671283721923828125" lon="120.27189365588128566741943359375">
        <ele>7</ele>
        <time>2024-09-02T13:49:45.000Z</time>
        <extensions>
          <ns3:TrackPointExtension>
            <ns3:cad>66</ns3:cad>
          </ns3:TrackPointExtension>
        </extensions>
      </trkpt>
      <trkpt lat="30.43075251393020153045654296875" lon="120.27189231477677822113037109375">
        <ele>7</ele>
        <time>2024-09-02T13:49:46.000Z</time>
        <extensions>
          <ns3:TrackPointExtension>
            <ns3:cad>64</ns3:cad>
          </ns3:TrackPointExtension>
        </extensions>
      </trkpt>
      <trkpt lat="30.4307584650814533233642578125" lon="120.271882675588130950927734375">
        <ele>7</ele>
        <time>2024-09-02T13:49:47.000Z</time>
        <extensions>
          <ns3:TrackPointExtension>
            <ns3:cad>62</ns3:cad>
          </ns3:TrackPointExtension>
        </extensions>
      </trkpt>
      <trkpt lat="30.43078134767711162567138671875" lon="120.27185325510799884796142578125">
        <ele>7</ele>
        <time>2024-09-02T13:49:49.000Z</time>
        <extensions>
          <ns3:TrackPointExtension>
            <ns3:cad>61</ns3:cad>
          </ns3:TrackPointExtension>
        </extensions>
      </trkpt>
      <trkpt lat="30.430789478123188018798828125" lon="120.27184487320482730865478515625">
        <ele>7</ele>
        <time>2024-09-02T13:49:50.000Z</time>
        <extensions>
          <ns3:TrackPointExtension>
            <ns3:cad>60</ns3:cad>
          </ns3:TrackPointExtension>
        </extensions>
      </trkpt>
      <trkpt lat="30.430796183645725250244140625" lon="120.27182442136108875274658203125">
        <ele>7</ele>
        <time>2024-09-02T13:49:51.000Z</time>
        <extensions>
          <ns3:TrackPointExtension>
            <ns3:cad>59</ns3:cad>
          </ns3:TrackPointExtension>
        </extensions>
      </trkpt>
      <trkpt lat="30.430804900825023651123046875" lon="120.27181268669664859771728515625">
        <ele>6.80000019073486328125</ele>
        <time>2024-09-02T13:49:52.000Z</time>
        <extensions>
          <ns3:TrackPointExtension>
            <ns3:cad>59</ns3:cad>
          </ns3:TrackPointExtension>
        </extensions>
      </trkpt>
    </trkseg>
  </trk>
</gpx>
