<gpx xmlns:ns3="http://www.garmin.com/xmlschemas/TrackPointExtension/v1" xmlns="http://www.topografix.com/GPX/1/1" xmlns:xsi="http://www.w3.org/2001/XMLSchema-instance" xmlns:ns2="http://www.garmin.com/xmlschemas/GpxExtensions/v3" creator="Garmin Connect" version="1.1" xsi:schemaLocation="http://www.topografix.com/GPX/1/1 http://www.topografix.com/GPX/11.xsd">
  <extensions>
<distance>4500.01</distance>
<average_hr>146.0</average_hr>
<average_speed>2.4179999828338623</average_speed>
<start_time>2024-12-16T13:45:02+00:00</start_time>
<end_time>2024-12-16T14:16:03.082000+00:00</end_time>
<moving_time>1829.101</moving_time>
<elapsed_time>1937.766</elapsed_time>
</extensions>
<metadata>
    <link href="connect.garmin.com">
      <text>Garmin Connect</text>
    </link>
    <time>2024-12-16T13:45:02.000Z</time>
  </metadata>
  <trk>
    <name>杭州市 - 乳酸阈值训练</name>
    <type>running</type>
    <trkseg>
      <trkpt lat="30.43292057700455188751220703125" lon="120.2683946304023265838623046875">
        <ele>8</ele>
        <time>2024-12-16T13:45:18.000Z</time>
        <extensions>
          <ns3:TrackPointExtension>
            <ns3:hr>106</ns3:hr>
            <ns3:cad>58</ns3:cad>
          </ns3:TrackPointExtension>
        </extensions>
      </trkpt>
      <trkpt lat="30.43314252980053424835205078125" lon="120.26823981665074825286865234375">
        <ele>7.400000095367431640625</ele>
        <time>2024-12-16T13:45:20.000Z</time>
        <extensions>
          <ns3:TrackPointExtension>
            <ns3:hr>107</ns3:hr>
            <ns3:cad>59</ns3:cad>
          </ns3:TrackPointExtension>
        </extensions>
      </trkpt>
      <trkpt lat="30.43321453034877777099609375" lon="120.268195308744907379150390625">
        <ele>7</ele>
        <time>2024-12-16T13:45:21.000Z</time>
        <extensions>
          <ns3:TrackPointExtension>
            <ns3:hr>106</ns3:hr>
            <ns3:cad>60</ns3:cad>
          </ns3:TrackPointExtension>
        </extensions>
      </trkpt>
      <trkpt lat="30.43306373991072177886962890625" lon="120.2683879248797893524169921875">
        <ele>7.599999904632568359375</ele>
        <time>2024-12-16T13:45:22.000Z</time>
        <extensions>
          <ns3:TrackPointExtension>
            <ns3:hr>106</ns3:hr>
            <ns3:cad>61</ns3:cad>
          </ns3:TrackPointExtension>
        </extensions>
      </trkpt>
      <trkpt lat="30.43310514651238918304443359375" lon="120.2683560736477375030517578125">
        <ele>7.400000095367431640625</ele>
        <time>2024-12-16T13:45:23.000Z</time>
        <extensions>
          <ns3:TrackPointExtension>
            <ns3:hr>106</ns3:hr>
            <ns3:cad>61</ns3:cad>
          </ns3:TrackPointExtension>
        </extensions>
      </trkpt>
      <trkpt lat="30.433085449039936065673828125" lon="120.26834827847778797149658203125">
        <ele>7.400000095367431640625</ele>
        <time>2024-12-16T13:45:24.000Z</time>
        <extensions>
          <ns3:TrackPointExtension>
            <ns3:hr>105</ns3:hr>
            <ns3:cad>61</ns3:cad>
          </ns3:TrackPointExtension>
        </extensions>
      </trkpt>
      <trkpt lat="30.43305871076881885528564453125" lon="120.2683352865278720855712890625">
        <ele>7.599999904632568359375</ele>
        <time>2024-12-16T13:45:25.000Z</time>
        <extensions>
          <ns3:TrackPointExtension>
            <ns3:hr>105</ns3:hr>
            <ns3:cad>61</ns3:cad>
          </ns3:TrackPointExtension>
        </extensions>
      </trkpt>
      <trkpt lat="30.43303792364895343780517578125" lon="120.26832883246243000030517578125">
        <ele>7.80000019073486328125</ele>
        <time>2024-12-16T13:45:26.000Z</time>
        <extensions>
          <ns3:TrackPointExtension>
            <ns3:hr>104</ns3:hr>
            <ns3:cad>61</ns3:cad>
          </ns3:TrackPointExtension>
        </extensions>
      </trkpt>
      <trkpt lat="30.43300523422658443450927734375" lon="120.2683185227215290069580078125">
        <ele>8</ele>
        <time>2024-12-16T13:45:27.000Z</time>
        <extensions>
          <ns3:TrackPointExtension>
            <ns3:hr>104</ns3:hr>
            <ns3:cad>61</ns3:cad>
          </ns3:TrackPointExtension>
        </extensions>
      </trkpt>
      <trkpt lat="30.43298788368701934814453125" lon="120.26830695569515228271484375">
        <ele>8</ele>
        <time>2024-12-16T13:45:28.000Z</time>
        <extensions>
          <ns3:TrackPointExtension>
            <ns3:hr>103</ns3:hr>
            <ns3:cad>61</ns3:cad>
          </ns3:TrackPointExtension>
        </extensions>
      </trkpt>
      <trkpt lat="30.432980842888355255126953125" lon="120.26829916052520275115966796875">
        <ele>8</ele>
        <time>2024-12-16T13:45:29.000Z</time>
        <extensions>
          <ns3:TrackPointExtension>
            <ns3:hr>103</ns3:hr>
            <ns3:cad>0</ns3:cad>
          </ns3:TrackPointExtension>
        </extensions>
      </trkpt>
      <trkpt lat="30.432963408529758453369140625" lon="120.26828306727111339569091796875">
        <ele>8</ele>
        <time>2024-12-16T13:45:30.000Z</time>
        <extensions>
          <ns3:TrackPointExtension>
            <ns3:hr>103</ns3:hr>
            <ns3:cad>0</ns3:cad>
          </ns3:TrackPointExtension>
        </extensions>
      </trkpt>
      <trkpt lat="30.43296374380588531494140625" lon="120.2682642079889774322509765625">
        <ele>8</ele>
        <time>2024-12-16T13:45:31.000Z</time>
        <extensions>
          <ns3:TrackPointExtension>
            <ns3:hr>103</ns3:hr>
            <ns3:cad>0</ns3:cad>
          </ns3:TrackPointExtension>
        </extensions>
      </trkpt>
      <trkpt lat="30.43295393697917461395263671875" lon="120.2682511322200298309326171875">
        <ele>8</ele>
        <time>2024-12-16T13:45:32.000Z</time>
        <extensions>
          <ns3:TrackPointExtension>
            <ns3:hr>102</ns3:hr>
            <ns3:cad>0</ns3:cad>
          </ns3:TrackPointExtension>
        </extensions>
      </trkpt>
      <trkpt lat="30.43292778544127941131591796875" lon="120.26823612861335277557373046875">
        <ele>7.80000019073486328125</ele>
        <time>2024-12-16T13:45:33.000Z</time>
        <extensions>
          <ns3:TrackPointExtension>
            <ns3:hr>102</ns3:hr>
            <ns3:cad>0</ns3:cad>
          </ns3:TrackPointExtension>
        </extensions>
      </trkpt>
      <trkpt lat="30.43291278183460235595703125" lon="120.26821852661669254302978515625">
        <ele>7.80000019073486328125</ele>
        <time>2024-12-16T13:45:34.000Z</time>
        <extensions>
          <ns3:TrackPointExtension>
            <ns3:hr>102</ns3:hr>
            <ns3:cad>0</ns3:cad>
          </ns3:TrackPointExtension>
        </extensions>
      </trkpt>
      <trkpt lat="30.43289978988468647003173828125" lon="120.2682005055248737335205078125">
        <ele>7.599999904632568359375</ele>
        <time>2024-12-16T13:45:35.000Z</time>
        <extensions>
          <ns3:TrackPointExtension>
            <ns3:hr>102</ns3:hr>
            <ns3:cad>0</ns3:cad>
          </ns3:TrackPointExtension>
        </extensions>
      </trkpt>
      <trkpt lat="30.4328807629644870758056640625" lon="120.26818550191819667816162109375">
        <ele>7.599999904632568359375</ele>
        <time>2024-12-16T13:45:36.000Z</time>
        <extensions>
          <ns3:TrackPointExtension>
            <ns3:hr>102</ns3:hr>
            <ns3:cad>0</ns3:cad>
          </ns3:TrackPointExtension>
        </extensions>
      </trkpt>
      <trkpt lat="30.4328770749270915985107421875" lon="120.268164463341236114501953125">
        <ele>7.400000095367431640625</ele>
        <time>2024-12-16T13:45:37.000Z</time>
        <extensions>
          <ns3:TrackPointExtension>
            <ns3:hr>102</ns3:hr>
            <ns3:cad>0</ns3:cad>
          </ns3:TrackPointExtension>
        </extensions>
      </trkpt>
      <trkpt lat="30.4328636638820171356201171875" lon="120.2681414969265460968017578125">
        <ele>7.19999980926513671875</ele>
        <time>2024-12-16T13:45:38.000Z</time>
        <extensions>
          <ns3:TrackPointExtension>
            <ns3:hr>102</ns3:hr>
            <ns3:cad>0</ns3:cad>
          </ns3:TrackPointExtension>
        </extensions>
      </trkpt>
      <trkpt lat="30.432847402989864349365234375" lon="120.26811727322638034820556640625">
        <ele>7</ele>
        <time>2024-12-16T13:45:39.000Z</time>
        <extensions>
          <ns3:TrackPointExtension>
            <ns3:hr>102</ns3:hr>
            <ns3:cad>0</ns3:cad>
          </ns3:TrackPointExtension>
        </extensions>
      </trkpt>
      <trkpt lat="30.4328303039073944091796875" lon="120.2680885232985019683837890625">
        <ele>6.80000019073486328125</ele>
        <time>2024-12-16T13:45:40.000Z</time>
        <extensions>
          <ns3:TrackPointExtension>
            <ns3:hr>102</ns3:hr>
            <ns3:cad>0</ns3:cad>
          </ns3:TrackPointExtension>
        </extensions>
      </trkpt>
      <trkpt lat="30.432817228138446807861328125" lon="120.26806161738932132720947265625">
        <ele>6.599999904632568359375</ele>
        <time>2024-12-16T13:45:41.000Z</time>
        <extensions>
          <ns3:TrackPointExtension>
            <ns3:hr>103</ns3:hr>
            <ns3:cad>96</ns3:cad>
          </ns3:TrackPointExtension>
        </extensions>
      </trkpt>
      <trkpt lat="30.4328039847314357757568359375" lon="120.26804166845977306365966796875">
        <ele>6.400000095367431640625</ele>
        <time>2024-12-16T13:45:42.000Z</time>
        <extensions>
          <ns3:TrackPointExtension>
            <ns3:hr>103</ns3:hr>
            <ns3:cad>96</ns3:cad>
          </ns3:TrackPointExtension>
        </extensions>
      </trkpt>
      <trkpt lat="30.43279074132442474365234375" lon="120.26802574284374713897705078125">
        <ele>6.400000095367431640625</ele>
        <time>2024-12-16T13:45:43.000Z</time>
        <extensions>
          <ns3:TrackPointExtension>
            <ns3:hr>103</ns3:hr>
            <ns3:cad>92</ns3:cad>
          </ns3:TrackPointExtension>
        </extensions>
      </trkpt>
      <trkpt lat="30.43278261087834835052490234375" lon="120.2680097334086894989013671875">
        <ele>6.19999980926513671875</ele>
        <time>2024-12-16T13:45:44.000Z</time>
        <extensions>
          <ns3:TrackPointExtension>
            <ns3:hr>104</ns3:hr>
            <ns3:cad>92</ns3:cad>
          </ns3:TrackPointExtension>
        </extensions>
      </trkpt>
      <trkpt lat="30.4327677749097347259521484375" lon="120.267993472516536712646484375">
        <ele>6.19999980926513671875</ele>
        <time>2024-12-16T13:45:45.000Z</time>
        <extensions>
          <ns3:TrackPointExtension>
            <ns3:hr>105</ns3:hr>
            <ns3:cad>91</ns3:cad>
          </ns3:TrackPointExtension>
        </extensions>
      </trkpt>
      <trkpt lat="30.43275813572108745574951171875" lon="120.26798869483172893524169921875">
        <ele>6.19999980926513671875</ele>
        <time>2024-12-16T13:45:46.000Z</time>
        <extensions>
          <ns3:TrackPointExtension>
            <ns3:hr>106</ns3:hr>
            <ns3:cad>91</ns3:cad>
          </ns3:TrackPointExtension>
        </extensions>
      </trkpt>
      <trkpt lat="30.43276727199554443359375" lon="120.26798333041369915008544921875">
        <ele>6.19999980926513671875</ele>
        <time>2024-12-16T13:45:47.000Z</time>
        <extensions>
          <ns3:TrackPointExtension>
            <ns3:hr>106</ns3:hr>
            <ns3:cad>91</ns3:cad>
          </ns3:TrackPointExtension>
        </extensions>
      </trkpt>
      <trkpt lat="30.43276886455714702606201171875" lon="120.26796338148415088653564453125">
        <ele>6</ele>
        <time>2024-12-16T13:45:48.000Z</time>
        <extensions>
          <ns3:TrackPointExtension>
            <ns3:hr>107</ns3:hr>
            <ns3:cad>91</ns3:cad>
          </ns3:TrackPointExtension>
        </extensions>
      </trkpt>
      <trkpt lat="30.43276919983327388763427734375" lon="120.26794762350618839263916015625">
        <ele>6</ele>
        <time>2024-12-16T13:45:49.000Z</time>
        <extensions>
          <ns3:TrackPointExtension>
            <ns3:hr>108</ns3:hr>
            <ns3:cad>91</ns3:cad>
          </ns3:TrackPointExtension>
        </extensions>
      </trkpt>
      <trkpt lat="30.43276249431073665618896484375" lon="120.26793404482305049896240234375">
        <ele>5.80000019073486328125</ele>
        <time>2024-12-16T13:45:50.000Z</time>
        <extensions>
          <ns3:TrackPointExtension>
            <ns3:hr>110</ns3:hr>
            <ns3:cad>91</ns3:cad>
          </ns3:TrackPointExtension>
        </extensions>
      </trkpt>
      <trkpt lat="30.43275143019855022430419921875" lon="120.267916359007358551025390625">
        <ele>5.599999904632568359375</ele>
        <time>2024-12-16T13:45:51.000Z</time>
        <extensions>
          <ns3:TrackPointExtension>
            <ns3:hr>112</ns3:hr>
            <ns3:cad>91</ns3:cad>
          </ns3:TrackPointExtension>
        </extensions>
      </trkpt>
      <trkpt lat="30.43274003081023693084716796875" lon="120.26790001429617404937744140625">
        <ele>5.400000095367431640625</ele>
        <time>2024-12-16T13:45:52.000Z</time>
        <extensions>
          <ns3:TrackPointExtension>
            <ns3:hr>114</ns3:hr>
            <ns3:cad>90</ns3:cad>
          </ns3:TrackPointExtension>
        </extensions>
      </trkpt>
      <trkpt lat="30.43272611685097217559814453125" lon="120.2678813226521015167236328125">
        <ele>5.400000095367431640625</ele>
        <time>2024-12-16T13:45:53.000Z</time>
        <extensions>
          <ns3:TrackPointExtension>
            <ns3:hr>115</ns3:hr>
            <ns3:cad>90</ns3:cad>
          </ns3:TrackPointExtension>
        </extensions>
      </trkpt>
      <trkpt lat="30.43271102942526340484619140625" lon="120.2678618766367435455322265625">
        <ele>5.400000095367431640625</ele>
        <time>2024-12-16T13:45:54.000Z</time>
        <extensions>
          <ns3:TrackPointExtension>
            <ns3:hr>116</ns3:hr>
            <ns3:cad>89</ns3:cad>
          </ns3:TrackPointExtension>
        </extensions>
      </trkpt>
      <trkpt lat="30.432694852352142333984375" lon="120.26784335263073444366455078125">
        <ele>5.400000095367431640625</ele>
        <time>2024-12-16T13:45:55.000Z</time>
        <extensions>
          <ns3:TrackPointExtension>
            <ns3:hr>117</ns3:hr>
            <ns3:cad>89</ns3:cad>
          </ns3:TrackPointExtension>
        </extensions>
      </trkpt>
      <trkpt lat="30.432675741612911224365234375" lon="120.26782290078699588775634765625">
        <ele>5.400000095367431640625</ele>
        <time>2024-12-16T13:45:56.000Z</time>
        <extensions>
          <ns3:TrackPointExtension>
            <ns3:hr>118</ns3:hr>
            <ns3:cad>89</ns3:cad>
          </ns3:TrackPointExtension>
        </extensions>
      </trkpt>
      <trkpt lat="30.432660318911075592041015625" lon="120.2678038738667964935302734375">
        <ele>5.400000095367431640625</ele>
        <time>2024-12-16T13:45:57.000Z</time>
        <extensions>
          <ns3:TrackPointExtension>
            <ns3:hr>119</ns3:hr>
            <ns3:cad>90</ns3:cad>
          </ns3:TrackPointExtension>
        </extensions>
      </trkpt>
      <trkpt lat="30.4326527751982212066650390625" lon="120.26778551749885082244873046875">
        <ele>5.19999980926513671875</ele>
        <time>2024-12-16T13:45:58.000Z</time>
        <extensions>
          <ns3:TrackPointExtension>
            <ns3:hr>119</ns3:hr>
            <ns3:cad>90</ns3:cad>
          </ns3:TrackPointExtension>
        </extensions>
      </trkpt>
      <trkpt lat="30.43264246545732021331787109375" lon="120.26777830906212329864501953125">
        <ele>5.19999980926513671875</ele>
        <time>2024-12-16T13:45:59.000Z</time>
        <extensions>
          <ns3:TrackPointExtension>
            <ns3:hr>120</ns3:hr>
            <ns3:cad>90</ns3:cad>
          </ns3:TrackPointExtension>
        </extensions>
      </trkpt>
      <trkpt lat="30.43263827450573444366455078125" lon="120.26777990162372589111328125">
        <ele>5.400000095367431640625</ele>
        <time>2024-12-16T13:46:00.000Z</time>
        <extensions>
          <ns3:TrackPointExtension>
            <ns3:hr>120</ns3:hr>
            <ns3:cad>90</ns3:cad>
          </ns3:TrackPointExtension>
        </extensions>
      </trkpt>
      <trkpt lat="30.43262871913611888885498046875" lon="120.26779322884976863861083984375">
        <ele>5.400000095367431640625</ele>
        <time>2024-12-16T13:46:01.000Z</time>
        <extensions>
          <ns3:TrackPointExtension>
            <ns3:hr>122</ns3:hr>
            <ns3:cad>91</ns3:cad>
          </ns3:TrackPointExtension>
        </extensions>
      </trkpt>
      <trkpt lat="30.43260893784463405609130859375" lon="120.26780094020068645477294921875">
        <ele>5.599999904632568359375</ele>
        <time>2024-12-16T13:46:02.000Z</time>
        <extensions>
          <ns3:TrackPointExtension>
            <ns3:hr>122</ns3:hr>
            <ns3:cad>91</ns3:cad>
          </ns3:TrackPointExtension>
        </extensions>
      </trkpt>
      <trkpt lat="30.432594604790210723876953125" lon="120.26780529879033565521240234375">
        <ele>5.80000019073486328125</ele>
        <time>2024-12-16T13:46:03.000Z</time>
        <extensions>
          <ns3:TrackPointExtension>
            <ns3:hr>124</ns3:hr>
            <ns3:cad>44</ns3:cad>
          </ns3:TrackPointExtension>
        </extensions>
      </trkpt>
      <trkpt lat="30.4325719736516475677490234375" lon="120.26780462823808193206787109375">
        <ele>6</ele>
        <time>2024-12-16T13:46:04.000Z</time>
        <extensions>
          <ns3:TrackPointExtension>
            <ns3:hr>125</ns3:hr>
            <ns3:cad>44</ns3:cad>
          </ns3:TrackPointExtension>
        </extensions>
      </trkpt>
      <trkpt lat="30.43255470693111419677734375" lon="120.26781141757965087890625">
        <ele>6</ele>
        <time>2024-12-16T13:46:05.000Z</time>
        <extensions>
          <ns3:TrackPointExtension>
            <ns3:hr>125</ns3:hr>
            <ns3:cad>44</ns3:cad>
          </ns3:TrackPointExtension>
        </extensions>
      </trkpt>
      <trkpt lat="30.43253903277218341827392578125" lon="120.267810411751270294189453125">
        <ele>6.19999980926513671875</ele>
        <time>2024-12-16T13:46:06.000Z</time>
        <extensions>
          <ns3:TrackPointExtension>
            <ns3:hr>125</ns3:hr>
            <ns3:cad>44</ns3:cad>
          </ns3:TrackPointExtension>
        </extensions>
      </trkpt>
      <trkpt lat="30.432524196803569793701171875" lon="120.2678065560758113861083984375">
        <ele>6.19999980926513671875</ele>
        <time>2024-12-16T13:46:07.000Z</time>
        <extensions>
          <ns3:TrackPointExtension>
            <ns3:hr>124</ns3:hr>
            <ns3:cad>44</ns3:cad>
          </ns3:TrackPointExtension>
        </extensions>
      </trkpt>
      <trkpt lat="30.4325086064636707305908203125" lon="120.2678021974861621856689453125">
        <ele>6.19999980926513671875</ele>
        <time>2024-12-16T13:46:08.000Z</time>
        <extensions>
          <ns3:TrackPointExtension>
            <ns3:hr>123</ns3:hr>
            <ns3:cad>44</ns3:cad>
          </ns3:TrackPointExtension>
        </extensions>
      </trkpt>
      <trkpt lat="30.43249611742794513702392578125" lon="120.26779809035360813140869140625">
        <ele>6.19999980926513671875</ele>
        <time>2024-12-16T13:46:09.000Z</time>
        <extensions>
          <ns3:TrackPointExtension>
            <ns3:hr>122</ns3:hr>
            <ns3:cad>0</ns3:cad>
          </ns3:TrackPointExtension>
        </extensions>
      </trkpt>
      <trkpt lat="30.43248496949672698974609375" lon="120.26779289357364177703857421875">
        <ele>6.19999980926513671875</ele>
        <time>2024-12-16T13:46:10.000Z</time>
        <extensions>
          <ns3:TrackPointExtension>
            <ns3:hr>121</ns3:hr>
            <ns3:cad>0</ns3:cad>
          </ns3:TrackPointExtension>
        </extensions>
      </trkpt>
      <trkpt lat="30.4324723966419696807861328125" lon="120.2677861042320728302001953125">
        <ele>6.19999980926513671875</ele>
        <time>2024-12-16T13:46:11.000Z</time>
        <extensions>
          <ns3:TrackPointExtension>
            <ns3:hr>120</ns3:hr>
            <ns3:cad>0</ns3:cad>
          </ns3:TrackPointExtension>
        </extensions>
      </trkpt>
      <trkpt lat="30.43245756067335605621337890625" lon="120.267777554690837860107421875">
        <ele>6.19999980926513671875</ele>
        <time>2024-12-16T13:46:12.000Z</time>
        <extensions>
          <ns3:TrackPointExtension>
            <ns3:hr>120</ns3:hr>
            <ns3:cad>0</ns3:cad>
          </ns3:TrackPointExtension>
        </extensions>
      </trkpt>
      <trkpt lat="30.432445071637630462646484375" lon="120.26776422746479511260986328125">
        <ele>6.19999980926513671875</ele>
        <time>2024-12-16T13:46:13.000Z</time>
        <extensions>
          <ns3:TrackPointExtension>
            <ns3:hr>120</ns3:hr>
            <ns3:cad>81</ns3:cad>
          </ns3:TrackPointExtension>
        </extensions>
      </trkpt>
      <trkpt lat="30.43243342079222202301025390625" lon="120.2677472122013568878173828125">
        <ele>6.19999980926513671875</ele>
        <time>2024-12-16T13:46:14.000Z</time>
        <extensions>
          <ns3:TrackPointExtension>
            <ns3:hr>120</ns3:hr>
            <ns3:cad>82</ns3:cad>
          </ns3:TrackPointExtension>
        </extensions>
      </trkpt>
      <trkpt lat="30.4324227757751941680908203125" lon="120.2677270956337451934814453125">
        <ele>6.19999980926513671875</ele>
        <time>2024-12-16T13:46:15.000Z</time>
        <extensions>
          <ns3:TrackPointExtension>
            <ns3:hr>120</ns3:hr>
            <ns3:cad>83</ns3:cad>
          </ns3:TrackPointExtension>
        </extensions>
      </trkpt>
      <trkpt lat="30.43241397477686405181884765625" lon="120.2677069790661334991455078125">
        <ele>6.19999980926513671875</ele>
        <time>2024-12-16T13:46:16.000Z</time>
        <extensions>
          <ns3:TrackPointExtension>
            <ns3:hr>120</ns3:hr>
            <ns3:cad>83</ns3:cad>
          </ns3:TrackPointExtension>
        </extensions>
      </trkpt>
      <trkpt lat="30.4324029944837093353271484375" lon="120.26769029907882213592529296875">
        <ele>6.19999980926513671875</ele>
        <time>2024-12-16T13:46:17.000Z</time>
        <extensions>
          <ns3:TrackPointExtension>
            <ns3:hr>121</ns3:hr>
            <ns3:cad>83</ns3:cad>
          </ns3:TrackPointExtension>
        </extensions>
      </trkpt>
      <trkpt lat="30.4323855601251125335693359375" lon="120.2676794864237308502197265625">
        <ele>6</ele>
        <time>2024-12-16T13:46:18.000Z</time>
        <extensions>
          <ns3:TrackPointExtension>
            <ns3:hr>121</ns3:hr>
            <ns3:cad>83</ns3:cad>
          </ns3:TrackPointExtension>
        </extensions>
      </trkpt>
      <trkpt lat="30.4323721490800380706787109375" lon="120.26766481809318065643310546875">
        <ele>6</ele>
        <time>2024-12-16T13:46:19.000Z</time>
        <extensions>
          <ns3:TrackPointExtension>
            <ns3:hr>122</ns3:hr>
            <ns3:cad>85</ns3:cad>
          </ns3:TrackPointExtension>
        </extensions>
      </trkpt>
      <trkpt lat="30.43235597200691699981689453125" lon="120.2676536701619625091552734375">
        <ele>5.80000019073486328125</ele>
        <time>2024-12-16T13:46:20.000Z</time>
        <extensions>
          <ns3:TrackPointExtension>
            <ns3:hr>123</ns3:hr>
            <ns3:cad>87</ns3:cad>
          </ns3:TrackPointExtension>
        </extensions>
      </trkpt>
      <trkpt lat="30.4323366098105907440185546875" lon="120.26763916946947574615478515625">
        <ele>5.80000019073486328125</ele>
        <time>2024-12-16T13:46:21.000Z</time>
        <extensions>
          <ns3:TrackPointExtension>
            <ns3:hr>123</ns3:hr>
            <ns3:cad>89</ns3:cad>
          </ns3:TrackPointExtension>
        </extensions>
      </trkpt>
      <trkpt lat="30.43231925927102565765380859375" lon="120.26762701570987701416015625">
        <ele>5.80000019073486328125</ele>
        <time>2024-12-16T13:46:22.000Z</time>
        <extensions>
          <ns3:TrackPointExtension>
            <ns3:hr>123</ns3:hr>
            <ns3:cad>89</ns3:cad>
          </ns3:TrackPointExtension>
        </extensions>
      </trkpt>
      <trkpt lat="30.43230467475950717926025390625" lon="120.26760815642774105072021484375">
        <ele>5.599999904632568359375</ele>
        <time>2024-12-16T13:46:23.000Z</time>
        <extensions>
          <ns3:TrackPointExtension>
            <ns3:hr>123</ns3:hr>
            <ns3:cad>88</ns3:cad>
          </ns3:TrackPointExtension>
        </extensions>
      </trkpt>
      <trkpt lat="30.43228388763964176177978515625" lon="120.2675842680037021636962890625">
        <ele>5.400000095367431640625</ele>
        <time>2024-12-16T13:46:24.000Z</time>
        <extensions>
          <ns3:TrackPointExtension>
            <ns3:hr>123</ns3:hr>
            <ns3:cad>88</ns3:cad>
          </ns3:TrackPointExtension>
        </extensions>
      </trkpt>
      <trkpt lat="30.4322616755962371826171875" lon="120.26754780672490596771240234375">
        <ele>5</ele>
        <time>2024-12-16T13:46:25.000Z</time>
        <extensions>
          <ns3:TrackPointExtension>
            <ns3:hr>123</ns3:hr>
            <ns3:cad>88</ns3:cad>
          </ns3:TrackPointExtension>
        </extensions>
      </trkpt>
      <trkpt lat="30.43224985711276531219482421875" lon="120.2675232477486133575439453125">
        <ele>4.80000019073486328125</ele>
        <time>2024-12-16T13:46:26.000Z</time>
        <extensions>
          <ns3:TrackPointExtension>
            <ns3:hr>123</ns3:hr>
            <ns3:cad>88</ns3:cad>
          </ns3:TrackPointExtension>
        </extensions>
      </trkpt>
      <trkpt lat="30.4322323389351367950439453125" lon="120.26749935932457447052001953125">
        <ele>4.599999904632568359375</ele>
        <time>2024-12-16T13:46:27.000Z</time>
        <extensions>
          <ns3:TrackPointExtension>
            <ns3:hr>123</ns3:hr>
            <ns3:cad>88</ns3:cad>
          </ns3:TrackPointExtension>
        </extensions>
      </trkpt>
      <trkpt lat="30.4322152398526668548583984375" lon="120.267473794519901275634765625">
        <ele>4.400000095367431640625</ele>
        <time>2024-12-16T13:46:28.000Z</time>
        <extensions>
          <ns3:TrackPointExtension>
            <ns3:hr>123</ns3:hr>
            <ns3:cad>89</ns3:cad>
          </ns3:TrackPointExtension>
        </extensions>
      </trkpt>
      <trkpt lat="30.43219738639891147613525390625" lon="120.267455689609050750732421875">
        <ele>4.400000095367431640625</ele>
        <time>2024-12-16T13:46:29.000Z</time>
        <extensions>
          <ns3:TrackPointExtension>
            <ns3:hr>123</ns3:hr>
            <ns3:cad>90</ns3:cad>
          </ns3:TrackPointExtension>
        </extensions>
      </trkpt>
      <trkpt lat="30.43218791484832763671875" lon="120.267440937459468841552734375">
        <ele>4.19999980926513671875</ele>
        <time>2024-12-16T13:46:30.000Z</time>
        <extensions>
          <ns3:TrackPointExtension>
            <ns3:hr>124</ns3:hr>
            <ns3:cad>90</ns3:cad>
          </ns3:TrackPointExtension>
        </extensions>
      </trkpt>
      <trkpt lat="30.43219068087637424468994140625" lon="120.26742207817733287811279296875">
        <ele>4</ele>
        <time>2024-12-16T13:46:31.000Z</time>
        <extensions>
          <ns3:TrackPointExtension>
            <ns3:hr>124</ns3:hr>
            <ns3:cad>90</ns3:cad>
          </ns3:TrackPointExtension>
        </extensions>
      </trkpt>
      <trkpt lat="30.4321917705237865447998046875" lon="120.26740363799035549163818359375">
        <ele>4</ele>
        <time>2024-12-16T13:46:32.000Z</time>
        <extensions>
          <ns3:TrackPointExtension>
            <ns3:hr>124</ns3:hr>
            <ns3:cad>90</ns3:cad>
          </ns3:TrackPointExtension>
        </extensions>
      </trkpt>
      <trkpt lat="30.43219403363764286041259765625" lon="120.267383269965648651123046875">
        <ele>4</ele>
        <time>2024-12-16T13:46:33.000Z</time>
        <extensions>
          <ns3:TrackPointExtension>
            <ns3:hr>125</ns3:hr>
            <ns3:cad>87</ns3:cad>
          </ns3:TrackPointExtension>
        </extensions>
      </trkpt>
      <trkpt lat="30.4321934469044208526611328125" lon="120.2673760615289211273193359375">
        <ele>4</ele>
        <time>2024-12-16T13:46:34.000Z</time>
        <extensions>
          <ns3:TrackPointExtension>
            <ns3:hr>125</ns3:hr>
            <ns3:cad>87</ns3:cad>
          </ns3:TrackPointExtension>
        </extensions>
      </trkpt>
      <trkpt lat="30.43218464590609073638916015625" lon="120.2673569507896900177001953125">
        <ele>4</ele>
        <time>2024-12-16T13:46:35.000Z</time>
        <extensions>
          <ns3:TrackPointExtension>
            <ns3:hr>126</ns3:hr>
            <ns3:cad>87</ns3:cad>
          </ns3:TrackPointExtension>
        </extensions>
      </trkpt>
      <trkpt lat="30.43217173777520656585693359375" lon="120.2673380076885223388671875">
        <ele>4</ele>
        <time>2024-12-16T13:46:36.000Z</time>
        <extensions>
          <ns3:TrackPointExtension>
            <ns3:hr>126</ns3:hr>
            <ns3:cad>87</ns3:cad>
          </ns3:TrackPointExtension>
        </extensions>
      </trkpt>
      <trkpt lat="30.432152710855007171630859375" lon="120.26731789112091064453125">
        <ele>4</ele>
        <time>2024-12-16T13:46:37.000Z</time>
        <extensions>
          <ns3:TrackPointExtension>
            <ns3:hr>127</ns3:hr>
            <ns3:cad>87</ns3:cad>
          </ns3:TrackPointExtension>
        </extensions>
      </trkpt>
      <trkpt lat="30.4321330972015857696533203125" lon="120.26729802601039409637451171875">
        <ele>4</ele>
        <time>2024-12-16T13:46:38.000Z</time>
        <extensions>
          <ns3:TrackPointExtension>
            <ns3:hr>128</ns3:hr>
            <ns3:cad>87</ns3:cad>
          </ns3:TrackPointExtension>
        </extensions>
      </trkpt>
      <trkpt lat="30.432115495204925537109375" lon="120.26727707125246524810791015625">
        <ele>4</ele>
        <time>2024-12-16T13:46:39.000Z</time>
        <extensions>
          <ns3:TrackPointExtension>
            <ns3:hr>129</ns3:hr>
            <ns3:cad>87</ns3:cad>
          </ns3:TrackPointExtension>
        </extensions>
      </trkpt>
      <trkpt lat="30.43209831230342388153076171875" lon="120.26725527830421924591064453125">
        <ele>4</ele>
        <time>2024-12-16T13:46:40.000Z</time>
        <extensions>
          <ns3:TrackPointExtension>
            <ns3:hr>129</ns3:hr>
            <ns3:cad>87</ns3:cad>
          </ns3:TrackPointExtension>
        </extensions>
      </trkpt>
      <trkpt lat="30.43208389542996883392333984375" lon="120.2672302164137363433837890625">
        <ele>4</ele>
        <time>2024-12-16T13:46:41.000Z</time>
        <extensions>
          <ns3:TrackPointExtension>
            <ns3:hr>130</ns3:hr>
            <ns3:cad>88</ns3:cad>
          </ns3:TrackPointExtension>
        </extensions>
      </trkpt>
      <trkpt lat="30.4320704005658626556396484375" lon="120.26720917783677577972412109375">
        <ele>4</ele>
        <time>2024-12-16T13:46:42.000Z</time>
        <extensions>
          <ns3:TrackPointExtension>
            <ns3:hr>131</ns3:hr>
            <ns3:cad>88</ns3:cad>
          </ns3:TrackPointExtension>
        </extensions>
      </trkpt>
      <trkpt lat="30.432058162987232208251953125" lon="120.2671822719275951385498046875">
        <ele>4</ele>
        <time>2024-12-16T13:46:43.000Z</time>
        <extensions>
          <ns3:TrackPointExtension>
            <ns3:hr>131</ns3:hr>
            <ns3:cad>89</ns3:cad>
          </ns3:TrackPointExtension>
        </extensions>
      </trkpt>
      <trkpt lat="30.4320482723414897918701171875" lon="120.2671554498374462127685546875">
        <ele>4</ele>
        <time>2024-12-16T13:46:44.000Z</time>
        <extensions>
          <ns3:TrackPointExtension>
            <ns3:hr>132</ns3:hr>
            <ns3:cad>89</ns3:cad>
          </ns3:TrackPointExtension>
        </extensions>
      </trkpt>
      <trkpt lat="30.4320398904383182525634765625" lon="120.267126448452472686767578125">
        <ele>4</ele>
        <time>2024-12-16T13:46:45.000Z</time>
        <extensions>
          <ns3:TrackPointExtension>
            <ns3:hr>132</ns3:hr>
            <ns3:cad>89</ns3:cad>
          </ns3:TrackPointExtension>
        </extensions>
      </trkpt>
      <trkpt lat="30.4320274852216243743896484375" lon="120.26709903962910175323486328125">
        <ele>4</ele>
        <time>2024-12-16T13:46:46.000Z</time>
        <extensions>
          <ns3:TrackPointExtension>
            <ns3:hr>133</ns3:hr>
            <ns3:cad>88</ns3:cad>
          </ns3:TrackPointExtension>
        </extensions>
      </trkpt>
      <trkpt lat="30.43201466090977191925048828125" lon="120.267068780958652496337890625">
        <ele>4</ele>
        <time>2024-12-16T13:46:47.000Z</time>
        <extensions>
          <ns3:TrackPointExtension>
            <ns3:hr>133</ns3:hr>
            <ns3:cad>88</ns3:cad>
          </ns3:TrackPointExtension>
        </extensions>
      </trkpt>
      <trkpt lat="30.4320083744823932647705078125" lon="120.26704438962042331695556640625">
        <ele>4</ele>
        <time>2024-12-16T13:46:48.000Z</time>
        <extensions>
          <ns3:TrackPointExtension>
            <ns3:hr>133</ns3:hr>
            <ns3:cad>88</ns3:cad>
          </ns3:TrackPointExtension>
        </extensions>
      </trkpt>
      <trkpt lat="30.43200024403631687164306640625" lon="120.26701815426349639892578125">
        <ele>4</ele>
        <time>2024-12-16T13:46:49.000Z</time>
        <extensions>
          <ns3:TrackPointExtension>
            <ns3:hr>133</ns3:hr>
            <ns3:cad>88</ns3:cad>
          </ns3:TrackPointExtension>
        </extensions>
      </trkpt>
      <trkpt lat="30.43200108222663402557373046875" lon="120.26698772795498371124267578125">
        <ele>4</ele>
        <time>2024-12-16T13:46:50.000Z</time>
        <extensions>
          <ns3:TrackPointExtension>
            <ns3:hr>133</ns3:hr>
            <ns3:cad>88</ns3:cad>
          </ns3:TrackPointExtension>
        </extensions>
      </trkpt>
      <trkpt lat="30.43200996704399585723876953125" lon="120.266961492598056793212890625">
        <ele>4</ele>
        <time>2024-12-16T13:46:51.000Z</time>
        <extensions>
          <ns3:TrackPointExtension>
            <ns3:hr>134</ns3:hr>
            <ns3:cad>89</ns3:cad>
          </ns3:TrackPointExtension>
        </extensions>
      </trkpt>
      <trkpt lat="30.43201667256653308868408203125" lon="120.2669247798621654510498046875">
        <ele>3.7999999523162841796875</ele>
        <time>2024-12-16T13:46:52.000Z</time>
        <extensions>
          <ns3:TrackPointExtension>
            <ns3:hr>133</ns3:hr>
            <ns3:cad>89</ns3:cad>
          </ns3:TrackPointExtension>
        </extensions>
      </trkpt>
      <trkpt lat="30.43201826512813568115234375" lon="120.266896784305572509765625">
        <ele>3.7999999523162841796875</ele>
        <time>2024-12-16T13:46:53.000Z</time>
        <extensions>
          <ns3:TrackPointExtension>
            <ns3:hr>134</ns3:hr>
            <ns3:cad>89</ns3:cad>
          </ns3:TrackPointExtension>
        </extensions>
      </trkpt>
      <trkpt lat="30.43201549910008907318115234375" lon="120.26687373407185077667236328125">
        <ele>3.599999904632568359375</ele>
        <time>2024-12-16T13:46:54.000Z</time>
        <extensions>
          <ns3:TrackPointExtension>
            <ns3:hr>134</ns3:hr>
            <ns3:cad>88</ns3:cad>
          </ns3:TrackPointExtension>
        </extensions>
      </trkpt>
      <trkpt lat="30.43200862593948841094970703125" lon="120.26685713790357112884521484375">
        <ele>3.599999904632568359375</ele>
        <time>2024-12-16T13:46:55.000Z</time>
        <extensions>
          <ns3:TrackPointExtension>
            <ns3:hr>134</ns3:hr>
            <ns3:cad>88</ns3:cad>
          </ns3:TrackPointExtension>
        </extensions>
      </trkpt>
      <trkpt lat="30.43199655599892139434814453125" lon="120.26683853007853031158447265625">
        <ele>3.599999904632568359375</ele>
        <time>2024-12-16T13:46:56.000Z</time>
        <extensions>
          <ns3:TrackPointExtension>
            <ns3:hr>133</ns3:hr>
            <ns3:cad>88</ns3:cad>
          </ns3:TrackPointExtension>
        </extensions>
      </trkpt>
      <trkpt lat="30.43198850937187671661376953125" lon="120.2668164856731891632080078125">
        <ele>3.599999904632568359375</ele>
        <time>2024-12-16T13:46:57.000Z</time>
        <extensions>
          <ns3:TrackPointExtension>
            <ns3:hr>133</ns3:hr>
            <ns3:cad>88</ns3:cad>
          </ns3:TrackPointExtension>
        </extensions>
      </trkpt>
      <trkpt lat="30.43198130093514919281005859375" lon="120.2667886577546596527099609375">
        <ele>3.7999999523162841796875</ele>
        <time>2024-12-16T13:46:58.000Z</time>
        <extensions>
          <ns3:TrackPointExtension>
            <ns3:hr>133</ns3:hr>
            <ns3:cad>88</ns3:cad>
          </ns3:TrackPointExtension>
        </extensions>
      </trkpt>
      <trkpt lat="30.4319694824516773223876953125" lon="120.26676460169255733489990234375">
        <ele>3.7999999523162841796875</ele>
        <time>2024-12-16T13:46:59.000Z</time>
        <extensions>
          <ns3:TrackPointExtension>
            <ns3:hr>133</ns3:hr>
            <ns3:cad>89</ns3:cad>
          </ns3:TrackPointExtension>
        </extensions>
      </trkpt>
      <trkpt lat="30.4319607652723789215087890625" lon="120.26674666441977024078369140625">
        <ele>3.7999999523162841796875</ele>
        <time>2024-12-16T13:47:00.000Z</time>
        <extensions>
          <ns3:TrackPointExtension>
            <ns3:hr>133</ns3:hr>
            <ns3:cad>89</ns3:cad>
          </ns3:TrackPointExtension>
        </extensions>
      </trkpt>
      <trkpt lat="30.431952215731143951416015625" lon="120.26672788895666599273681640625">
        <ele>3.7999999523162841796875</ele>
        <time>2024-12-16T13:47:01.000Z</time>
        <extensions>
          <ns3:TrackPointExtension>
            <ns3:hr>133</ns3:hr>
            <ns3:cad>89</ns3:cad>
          </ns3:TrackPointExtension>
        </extensions>
      </trkpt>
      <trkpt lat="30.43194173835217952728271484375" lon="120.26670492254197597503662109375">
        <ele>3.7999999523162841796875</ele>
        <time>2024-12-16T13:47:02.000Z</time>
        <extensions>
          <ns3:TrackPointExtension>
            <ns3:hr>133</ns3:hr>
            <ns3:cad>89</ns3:cad>
          </ns3:TrackPointExtension>
        </extensions>
      </trkpt>
      <trkpt lat="30.43193520046770572662353515625" lon="120.26668229140341281890869140625">
        <ele>3.7999999523162841796875</ele>
        <time>2024-12-16T13:47:03.000Z</time>
        <extensions>
          <ns3:TrackPointExtension>
            <ns3:hr>133</ns3:hr>
            <ns3:cad>89</ns3:cad>
          </ns3:TrackPointExtension>
        </extensions>
      </trkpt>
      <trkpt lat="30.43193033896386623382568359375" lon="120.26665949262678623199462890625">
        <ele>4</ele>
        <time>2024-12-16T13:47:04.000Z</time>
        <extensions>
          <ns3:TrackPointExtension>
            <ns3:hr>133</ns3:hr>
            <ns3:cad>89</ns3:cad>
          </ns3:TrackPointExtension>
        </extensions>
      </trkpt>
      <trkpt lat="30.43192036449909210205078125" lon="120.26664256118237972259521484375">
        <ele>4</ele>
        <time>2024-12-16T13:47:05.000Z</time>
        <extensions>
          <ns3:TrackPointExtension>
            <ns3:hr>134</ns3:hr>
            <ns3:cad>89</ns3:cad>
          </ns3:TrackPointExtension>
        </extensions>
      </trkpt>
      <trkpt lat="30.431911647319793701171875" lon="120.26662378571927547454833984375">
        <ele>4</ele>
        <time>2024-12-16T13:47:06.000Z</time>
        <extensions>
          <ns3:TrackPointExtension>
            <ns3:hr>134</ns3:hr>
            <ns3:cad>89</ns3:cad>
          </ns3:TrackPointExtension>
        </extensions>
      </trkpt>
      <trkpt lat="30.4319034330546855926513671875" lon="120.26659302413463592529296875">
        <ele>4</ele>
        <time>2024-12-16T13:47:07.000Z</time>
        <extensions>
          <ns3:TrackPointExtension>
            <ns3:hr>134</ns3:hr>
            <ns3:cad>89</ns3:cad>
          </ns3:TrackPointExtension>
        </extensions>
      </trkpt>
      <trkpt lat="30.43190024793148040771484375" lon="120.2665700577199459075927734375">
        <ele>4</ele>
        <time>2024-12-16T13:47:08.000Z</time>
        <extensions>
          <ns3:TrackPointExtension>
            <ns3:hr>134</ns3:hr>
            <ns3:cad>89</ns3:cad>
          </ns3:TrackPointExtension>
        </extensions>
      </trkpt>
      <trkpt lat="30.4318913631141185760498046875" lon="120.2665455825626850128173828125">
        <ele>4.19999980926513671875</ele>
        <time>2024-12-16T13:47:09.000Z</time>
        <extensions>
          <ns3:TrackPointExtension>
            <ns3:hr>134</ns3:hr>
            <ns3:cad>89</ns3:cad>
          </ns3:TrackPointExtension>
        </extensions>
      </trkpt>
      <trkpt lat="30.43188155628740787506103515625" lon="120.26651331223547458648681640625">
        <ele>4.19999980926513671875</ele>
        <time>2024-12-16T13:47:10.000Z</time>
        <extensions>
          <ns3:TrackPointExtension>
            <ns3:hr>134</ns3:hr>
            <ns3:cad>89</ns3:cad>
          </ns3:TrackPointExtension>
        </extensions>
      </trkpt>
      <trkpt lat="30.43187753297388553619384765625" lon="120.26648749597370624542236328125">
        <ele>4.400000095367431640625</ele>
        <time>2024-12-16T13:47:11.000Z</time>
        <extensions>
          <ns3:TrackPointExtension>
            <ns3:hr>134</ns3:hr>
            <ns3:cad>89</ns3:cad>
          </ns3:TrackPointExtension>
        </extensions>
      </trkpt>
      <trkpt lat="30.4318786226212978363037109375" lon="120.266468636691570281982421875">
        <ele>4.400000095367431640625</ele>
        <time>2024-12-16T13:47:12.000Z</time>
        <extensions>
          <ns3:TrackPointExtension>
            <ns3:hr>134</ns3:hr>
            <ns3:cad>89</ns3:cad>
          </ns3:TrackPointExtension>
        </extensions>
      </trkpt>
      <trkpt lat="30.43187233619391918182373046875" lon="120.266443826258182525634765625">
        <ele>4.599999904632568359375</ele>
        <time>2024-12-16T13:47:13.000Z</time>
        <extensions>
          <ns3:TrackPointExtension>
            <ns3:hr>135</ns3:hr>
            <ns3:cad>87</ns3:cad>
          </ns3:TrackPointExtension>
        </extensions>
      </trkpt>
      <trkpt lat="30.4318662174046039581298828125" lon="120.2664191834628582000732421875">
        <ele>4.599999904632568359375</ele>
        <time>2024-12-16T13:47:14.000Z</time>
        <extensions>
          <ns3:TrackPointExtension>
            <ns3:hr>135</ns3:hr>
            <ns3:cad>87</ns3:cad>
          </ns3:TrackPointExtension>
        </extensions>
      </trkpt>
      <trkpt lat="30.43185607530176639556884765625" lon="120.26639319956302642822265625">
        <ele>4.599999904632568359375</ele>
        <time>2024-12-16T13:47:15.000Z</time>
        <extensions>
          <ns3:TrackPointExtension>
            <ns3:hr>135</ns3:hr>
            <ns3:cad>88</ns3:cad>
          </ns3:TrackPointExtension>
        </extensions>
      </trkpt>
      <trkpt lat="30.43184082023799419403076171875" lon="120.266371406614780426025390625">
        <ele>4.80000019073486328125</ele>
        <time>2024-12-16T13:47:16.000Z</time>
        <extensions>
          <ns3:TrackPointExtension>
            <ns3:hr>136</ns3:hr>
            <ns3:cad>88</ns3:cad>
          </ns3:TrackPointExtension>
        </extensions>
      </trkpt>
      <trkpt lat="30.43182590045034885406494140625" lon="120.26635372079908847808837890625">
        <ele>4.80000019073486328125</ele>
        <time>2024-12-16T13:47:17.000Z</time>
        <extensions>
          <ns3:TrackPointExtension>
            <ns3:hr>136</ns3:hr>
            <ns3:cad>88</ns3:cad>
          </ns3:TrackPointExtension>
        </extensions>
      </trkpt>
      <trkpt lat="30.4318139143288135528564453125" lon="120.266341902315616607666015625">
        <ele>4.80000019073486328125</ele>
        <time>2024-12-16T13:47:18.000Z</time>
        <extensions>
          <ns3:TrackPointExtension>
            <ns3:hr>136</ns3:hr>
            <ns3:cad>88</ns3:cad>
          </ns3:TrackPointExtension>
        </extensions>
      </trkpt>
      <trkpt lat="30.4318048618733882904052734375" lon="120.26633553206920623779296875">
        <ele>5</ele>
        <time>2024-12-16T13:47:19.000Z</time>
        <extensions>
          <ns3:TrackPointExtension>
            <ns3:hr>136</ns3:hr>
            <ns3:cad>86</ns3:cad>
          </ns3:TrackPointExtension>
        </extensions>
      </trkpt>
      <trkpt lat="30.43179430067539215087890625" lon="120.2663266472518444061279296875">
        <ele>5</ele>
        <time>2024-12-16T13:47:20.000Z</time>
        <extensions>
          <ns3:TrackPointExtension>
            <ns3:hr>136</ns3:hr>
            <ns3:cad>86</ns3:cad>
          </ns3:TrackPointExtension>
        </extensions>
      </trkpt>
      <trkpt lat="30.43179036118090152740478515625" lon="120.26630611158907413482666015625">
        <ele>5</ele>
        <time>2024-12-16T13:47:21.000Z</time>
        <extensions>
          <ns3:TrackPointExtension>
            <ns3:hr>136</ns3:hr>
            <ns3:cad>85</ns3:cad>
          </ns3:TrackPointExtension>
        </extensions>
      </trkpt>
      <trkpt lat="30.43178801424801349639892578125" lon="120.26628716848790645599365234375">
        <ele>5</ele>
        <time>2024-12-16T13:47:22.000Z</time>
        <extensions>
          <ns3:TrackPointExtension>
            <ns3:hr>137</ns3:hr>
            <ns3:cad>85</ns3:cad>
          </ns3:TrackPointExtension>
        </extensions>
      </trkpt>
      <trkpt lat="30.431790612637996673583984375" lon="120.2662659622728824615478515625">
        <ele>5</ele>
        <time>2024-12-16T13:47:23.000Z</time>
        <extensions>
          <ns3:TrackPointExtension>
            <ns3:hr>137</ns3:hr>
            <ns3:cad>84</ns3:cad>
          </ns3:TrackPointExtension>
        </extensions>
      </trkpt>
      <trkpt lat="30.431795977056026458740234375" lon="120.26623989455401897430419921875">
        <ele>5</ele>
        <time>2024-12-16T13:47:24.000Z</time>
        <extensions>
          <ns3:TrackPointExtension>
            <ns3:hr>136</ns3:hr>
            <ns3:cad>84</ns3:cad>
          </ns3:TrackPointExtension>
        </extensions>
      </trkpt>
      <trkpt lat="30.4318095557391643524169921875" lon="120.26622212491929531097412109375">
        <ele>5</ele>
        <time>2024-12-16T13:47:25.000Z</time>
        <extensions>
          <ns3:TrackPointExtension>
            <ns3:hr>136</ns3:hr>
            <ns3:cad>84</ns3:cad>
          </ns3:TrackPointExtension>
        </extensions>
      </trkpt>
      <trkpt lat="30.43182271532714366912841796875" lon="120.26619832031428813934326171875">
        <ele>5</ele>
        <time>2024-12-16T13:47:26.000Z</time>
        <extensions>
          <ns3:TrackPointExtension>
            <ns3:hr>136</ns3:hr>
            <ns3:cad>84</ns3:cad>
          </ns3:TrackPointExtension>
        </extensions>
      </trkpt>
      <trkpt lat="30.43184014968574047088623046875" lon="120.266175605356693267822265625">
        <ele>5</ele>
        <time>2024-12-16T13:47:27.000Z</time>
        <extensions>
          <ns3:TrackPointExtension>
            <ns3:hr>136</ns3:hr>
            <ns3:cad>85</ns3:cad>
          </ns3:TrackPointExtension>
        </extensions>
      </trkpt>
      <trkpt lat="30.43185708113014698028564453125" lon="120.26615372858941555023193359375">
        <ele>5</ele>
        <time>2024-12-16T13:47:28.000Z</time>
        <extensions>
          <ns3:TrackPointExtension>
            <ns3:hr>136</ns3:hr>
            <ns3:cad>86</ns3:cad>
          </ns3:TrackPointExtension>
        </extensions>
      </trkpt>
      <trkpt lat="30.43187334202229976654052734375" lon="120.2661378867924213409423828125">
        <ele>5</ele>
        <time>2024-12-16T13:47:29.000Z</time>
        <extensions>
          <ns3:TrackPointExtension>
            <ns3:hr>137</ns3:hr>
            <ns3:cad>88</ns3:cad>
          </ns3:TrackPointExtension>
        </extensions>
      </trkpt>
      <trkpt lat="30.43189027346670627593994140625" lon="120.26611668057739734649658203125">
        <ele>5</ele>
        <time>2024-12-16T13:47:30.000Z</time>
        <extensions>
          <ns3:TrackPointExtension>
            <ns3:hr>137</ns3:hr>
            <ns3:cad>88</ns3:cad>
          </ns3:TrackPointExtension>
        </extensions>
      </trkpt>
      <trkpt lat="30.43190787546336650848388671875" lon="120.2660956420004367828369140625">
        <ele>5</ele>
        <time>2024-12-16T13:47:31.000Z</time>
        <extensions>
          <ns3:TrackPointExtension>
            <ns3:hr>137</ns3:hr>
            <ns3:cad>88</ns3:cad>
          </ns3:TrackPointExtension>
        </extensions>
      </trkpt>
      <trkpt lat="30.43192631565034389495849609375" lon="120.26608466170728206634521484375">
        <ele>5</ele>
        <time>2024-12-16T13:47:32.000Z</time>
        <extensions>
          <ns3:TrackPointExtension>
            <ns3:hr>137</ns3:hr>
            <ns3:cad>88</ns3:cad>
          </ns3:TrackPointExtension>
        </extensions>
      </trkpt>
      <trkpt lat="30.43194492347538471221923828125" lon="120.26607334613800048828125">
        <ele>4.80000019073486328125</ele>
        <time>2024-12-16T13:47:33.000Z</time>
        <extensions>
          <ns3:TrackPointExtension>
            <ns3:hr>137</ns3:hr>
            <ns3:cad>89</ns3:cad>
          </ns3:TrackPointExtension>
        </extensions>
      </trkpt>
      <trkpt lat="30.431964285671710968017578125" lon="120.26606320403516292572021484375">
        <ele>4.80000019073486328125</ele>
        <time>2024-12-16T13:47:34.000Z</time>
        <extensions>
          <ns3:TrackPointExtension>
            <ns3:hr>138</ns3:hr>
            <ns3:cad>89</ns3:cad>
          </ns3:TrackPointExtension>
        </extensions>
      </trkpt>
      <trkpt lat="30.4319838993251323699951171875" lon="120.26605800725519657135009765625">
        <ele>5</ele>
        <time>2024-12-16T13:47:35.000Z</time>
        <extensions>
          <ns3:TrackPointExtension>
            <ns3:hr>139</ns3:hr>
            <ns3:cad>89</ns3:cad>
          </ns3:TrackPointExtension>
        </extensions>
      </trkpt>
      <trkpt lat="30.43200510554015636444091796875" lon="120.2660688199102878570556640625">
        <ele>4.80000019073486328125</ele>
        <time>2024-12-16T13:47:36.000Z</time>
        <extensions>
          <ns3:TrackPointExtension>
            <ns3:hr>139</ns3:hr>
            <ns3:cad>89</ns3:cad>
          </ns3:TrackPointExtension>
        </extensions>
      </trkpt>
      <trkpt lat="30.43202924542129039764404296875" lon="120.2660594321787357330322265625">
        <ele>4.80000019073486328125</ele>
        <time>2024-12-16T13:47:37.000Z</time>
        <extensions>
          <ns3:TrackPointExtension>
            <ns3:hr>139</ns3:hr>
            <ns3:cad>89</ns3:cad>
          </ns3:TrackPointExtension>
        </extensions>
      </trkpt>
      <trkpt lat="30.4320553131401538848876953125" lon="120.26605163700878620147705078125">
        <ele>5</ele>
        <time>2024-12-16T13:47:38.000Z</time>
        <extensions>
          <ns3:TrackPointExtension>
            <ns3:hr>140</ns3:hr>
            <ns3:cad>89</ns3:cad>
          </ns3:TrackPointExtension>
        </extensions>
      </trkpt>
      <trkpt lat="30.4320720769464969635009765625" lon="120.266038812696933746337890625">
        <ele>5</ele>
        <time>2024-12-16T13:47:39.000Z</time>
        <extensions>
          <ns3:TrackPointExtension>
            <ns3:hr>140</ns3:hr>
            <ns3:cad>88</ns3:cad>
          </ns3:TrackPointExtension>
        </extensions>
      </trkpt>
      <trkpt lat="30.4320948757231235504150390625" lon="120.266027413308620452880859375">
        <ele>5</ele>
        <time>2024-12-16T13:47:40.000Z</time>
        <extensions>
          <ns3:TrackPointExtension>
            <ns3:hr>141</ns3:hr>
            <ns3:cad>88</ns3:cad>
          </ns3:TrackPointExtension>
        </extensions>
      </trkpt>
      <trkpt lat="30.4321203567087650299072265625" lon="120.26600855402648448944091796875">
        <ele>5</ele>
        <time>2024-12-16T13:47:41.000Z</time>
        <extensions>
          <ns3:TrackPointExtension>
            <ns3:hr>141</ns3:hr>
            <ns3:cad>88</ns3:cad>
          </ns3:TrackPointExtension>
        </extensions>
      </trkpt>
      <trkpt lat="30.43214390985667705535888671875" lon="120.26599514298141002655029296875">
        <ele>5.19999980926513671875</ele>
        <time>2024-12-16T13:47:42.000Z</time>
        <extensions>
          <ns3:TrackPointExtension>
            <ns3:hr>141</ns3:hr>
            <ns3:cad>89</ns3:cad>
          </ns3:TrackPointExtension>
        </extensions>
      </trkpt>
      <trkpt lat="30.43216503225266933441162109375" lon="120.26597636751830577850341796875">
        <ele>5.19999980926513671875</ele>
        <time>2024-12-16T13:47:43.000Z</time>
        <extensions>
          <ns3:TrackPointExtension>
            <ns3:hr>141</ns3:hr>
            <ns3:cad>89</ns3:cad>
          </ns3:TrackPointExtension>
        </extensions>
      </trkpt>
      <trkpt lat="30.43218833394348621368408203125" lon="120.2659608609974384307861328125">
        <ele>5.19999980926513671875</ele>
        <time>2024-12-16T13:47:44.000Z</time>
        <extensions>
          <ns3:TrackPointExtension>
            <ns3:hr>140</ns3:hr>
            <ns3:cad>90</ns3:cad>
          </ns3:TrackPointExtension>
        </extensions>
      </trkpt>
      <trkpt lat="30.43221180327236652374267578125" lon="120.2659513056278228759765625">
        <ele>5.19999980926513671875</ele>
        <time>2024-12-16T13:47:45.000Z</time>
        <extensions>
          <ns3:TrackPointExtension>
            <ns3:hr>140</ns3:hr>
            <ns3:cad>90</ns3:cad>
          </ns3:TrackPointExtension>
        </extensions>
      </trkpt>
      <trkpt lat="30.43223493732511997222900390625" lon="120.2659437619149684906005859375">
        <ele>5.400000095367431640625</ele>
        <time>2024-12-16T13:47:46.000Z</time>
        <extensions>
          <ns3:TrackPointExtension>
            <ns3:hr>141</ns3:hr>
            <ns3:cad>90</ns3:cad>
          </ns3:TrackPointExtension>
        </extensions>
      </trkpt>
      <trkpt lat="30.43225765228271484375" lon="120.26593395508825778961181640625">
        <ele>5.400000095367431640625</ele>
        <time>2024-12-16T13:47:47.000Z</time>
        <extensions>
          <ns3:TrackPointExtension>
            <ns3:hr>141</ns3:hr>
            <ns3:cad>90</ns3:cad>
          </ns3:TrackPointExtension>
        </extensions>
      </trkpt>
      <trkpt lat="30.43227148242294788360595703125" lon="120.26591719128191471099853515625">
        <ele>5.400000095367431640625</ele>
        <time>2024-12-16T13:47:48.000Z</time>
        <extensions>
          <ns3:TrackPointExtension>
            <ns3:hr>141</ns3:hr>
            <ns3:cad>90</ns3:cad>
          </ns3:TrackPointExtension>
        </extensions>
      </trkpt>
      <trkpt lat="30.4322843067348003387451171875" lon="120.26590277440845966339111328125">
        <ele>5.400000095367431640625</ele>
        <time>2024-12-16T13:47:49.000Z</time>
        <extensions>
          <ns3:TrackPointExtension>
            <ns3:hr>141</ns3:hr>
            <ns3:cad>90</ns3:cad>
          </ns3:TrackPointExtension>
        </extensions>
      </trkpt>
      <trkpt lat="30.43229931034147739410400390625" lon="120.26588986627757549285888671875">
        <ele>5.599999904632568359375</ele>
        <time>2024-12-16T13:47:50.000Z</time>
        <extensions>
          <ns3:TrackPointExtension>
            <ns3:hr>141</ns3:hr>
            <ns3:cad>90</ns3:cad>
          </ns3:TrackPointExtension>
        </extensions>
      </trkpt>
      <trkpt lat="30.432316996157169342041015625" lon="120.26588265784084796905517578125">
        <ele>5.599999904632568359375</ele>
        <time>2024-12-16T13:47:51.000Z</time>
        <extensions>
          <ns3:TrackPointExtension>
            <ns3:hr>140</ns3:hr>
            <ns3:cad>90</ns3:cad>
          </ns3:TrackPointExtension>
        </extensions>
      </trkpt>
      <trkpt lat="30.43233887292444705963134765625" lon="120.26587913744151592254638671875">
        <ele>5.599999904632568359375</ele>
        <time>2024-12-16T13:47:52.000Z</time>
        <extensions>
          <ns3:TrackPointExtension>
            <ns3:hr>140</ns3:hr>
            <ns3:cad>90</ns3:cad>
          </ns3:TrackPointExtension>
        </extensions>
      </trkpt>
      <trkpt lat="30.43235756456851959228515625" lon="120.2658743597567081451416015625">
        <ele>5.599999904632568359375</ele>
        <time>2024-12-16T13:47:53.000Z</time>
        <extensions>
          <ns3:TrackPointExtension>
            <ns3:hr>140</ns3:hr>
            <ns3:cad>90</ns3:cad>
          </ns3:TrackPointExtension>
        </extensions>
      </trkpt>
      <trkpt lat="30.43238698504865169525146484375" lon="120.26586371473968029022216796875">
        <ele>5.599999904632568359375</ele>
        <time>2024-12-16T13:47:54.000Z</time>
        <extensions>
          <ns3:TrackPointExtension>
            <ns3:hr>140</ns3:hr>
            <ns3:cad>90</ns3:cad>
          </ns3:TrackPointExtension>
        </extensions>
      </trkpt>
      <trkpt lat="30.43240844272077083587646484375" lon="120.26585382409393787384033203125">
        <ele>5.599999904632568359375</ele>
        <time>2024-12-16T13:47:55.000Z</time>
        <extensions>
          <ns3:TrackPointExtension>
            <ns3:hr>140</ns3:hr>
            <ns3:cad>90</ns3:cad>
          </ns3:TrackPointExtension>
        </extensions>
      </trkpt>
      <trkpt lat="30.43243023566901683807373046875" lon="120.265845023095607757568359375">
        <ele>5.599999904632568359375</ele>
        <time>2024-12-16T13:47:56.000Z</time>
        <extensions>
          <ns3:TrackPointExtension>
            <ns3:hr>140</ns3:hr>
            <ns3:cad>90</ns3:cad>
          </ns3:TrackPointExtension>
        </extensions>
      </trkpt>
      <trkpt lat="30.4324522800743579864501953125" lon="120.26583337225019931793212890625">
        <ele>5.80000019073486328125</ele>
        <time>2024-12-16T13:47:57.000Z</time>
        <extensions>
          <ns3:TrackPointExtension>
            <ns3:hr>140</ns3:hr>
            <ns3:cad>90</ns3:cad>
          </ns3:TrackPointExtension>
        </extensions>
      </trkpt>
      <trkpt lat="30.43247248046100139617919921875" lon="120.26581979356706142425537109375">
        <ele>5.80000019073486328125</ele>
        <time>2024-12-16T13:47:58.000Z</time>
        <extensions>
          <ns3:TrackPointExtension>
            <ns3:hr>140</ns3:hr>
            <ns3:cad>90</ns3:cad>
          </ns3:TrackPointExtension>
        </extensions>
      </trkpt>
      <trkpt lat="30.4324988834559917449951171875" lon="120.26580504141747951507568359375">
        <ele>6</ele>
        <time>2024-12-16T13:47:59.000Z</time>
        <extensions>
          <ns3:TrackPointExtension>
            <ns3:hr>139</ns3:hr>
            <ns3:cad>90</ns3:cad>
          </ns3:TrackPointExtension>
        </extensions>
      </trkpt>
      <trkpt lat="30.43252109549939632415771484375" lon="120.26579263620078563690185546875">
        <ele>6</ele>
        <time>2024-12-16T13:48:00.000Z</time>
        <extensions>
          <ns3:TrackPointExtension>
            <ns3:hr>140</ns3:hr>
            <ns3:cad>90</ns3:cad>
          </ns3:TrackPointExtension>
        </extensions>
      </trkpt>
      <trkpt lat="30.43254221789538860321044921875" lon="120.2657784707844257354736328125">
        <ele>6</ele>
        <time>2024-12-16T13:48:01.000Z</time>
        <extensions>
          <ns3:TrackPointExtension>
            <ns3:hr>140</ns3:hr>
            <ns3:cad>88</ns3:cad>
          </ns3:TrackPointExtension>
        </extensions>
      </trkpt>
      <trkpt lat="30.432561747729778289794921875" lon="120.26576958596706390380859375">
        <ele>6</ele>
        <time>2024-12-16T13:48:02.000Z</time>
        <extensions>
          <ns3:TrackPointExtension>
            <ns3:hr>140</ns3:hr>
            <ns3:cad>88</ns3:cad>
          </ns3:TrackPointExtension>
        </extensions>
      </trkpt>
      <trkpt lat="30.43257758952677249908447265625" lon="120.265751816332340240478515625">
        <ele>6</ele>
        <time>2024-12-16T13:48:03.000Z</time>
        <extensions>
          <ns3:TrackPointExtension>
            <ns3:hr>140</ns3:hr>
            <ns3:cad>89</ns3:cad>
          </ns3:TrackPointExtension>
        </extensions>
      </trkpt>
      <trkpt lat="30.43259586207568645477294921875" lon="120.26573605835437774658203125">
        <ele>6</ele>
        <time>2024-12-16T13:48:04.000Z</time>
        <extensions>
          <ns3:TrackPointExtension>
            <ns3:hr>139</ns3:hr>
            <ns3:cad>90</ns3:cad>
          </ns3:TrackPointExtension>
        </extensions>
      </trkpt>
      <trkpt lat="30.432612709701061248779296875" lon="120.26572658680379390716552734375">
        <ele>6</ele>
        <time>2024-12-16T13:48:05.000Z</time>
        <extensions>
          <ns3:TrackPointExtension>
            <ns3:hr>139</ns3:hr>
            <ns3:cad>90</ns3:cad>
          </ns3:TrackPointExtension>
        </extensions>
      </trkpt>
      <trkpt lat="30.43262955732643604278564453125" lon="120.2657125890254974365234375">
        <ele>6</ele>
        <time>2024-12-16T13:48:06.000Z</time>
        <extensions>
          <ns3:TrackPointExtension>
            <ns3:hr>139</ns3:hr>
            <ns3:cad>90</ns3:cad>
          </ns3:TrackPointExtension>
        </extensions>
      </trkpt>
      <trkpt lat="30.43264933861792087554931640625" lon="120.26569993235170841217041015625">
        <ele>6</ele>
        <time>2024-12-16T13:48:07.000Z</time>
        <extensions>
          <ns3:TrackPointExtension>
            <ns3:hr>139</ns3:hr>
            <ns3:cad>90</ns3:cad>
          </ns3:TrackPointExtension>
        </extensions>
      </trkpt>
      <trkpt lat="30.43266660533845424652099609375" lon="120.26568953879177570343017578125">
        <ele>6</ele>
        <time>2024-12-16T13:48:08.000Z</time>
        <extensions>
          <ns3:TrackPointExtension>
            <ns3:hr>139</ns3:hr>
            <ns3:cad>90</ns3:cad>
          </ns3:TrackPointExtension>
        </extensions>
      </trkpt>
      <trkpt lat="30.4326852969825267791748046875" lon="120.2656762115657329559326171875">
        <ele>6</ele>
        <time>2024-12-16T13:48:09.000Z</time>
        <extensions>
          <ns3:TrackPointExtension>
            <ns3:hr>139</ns3:hr>
            <ns3:cad>90</ns3:cad>
          </ns3:TrackPointExtension>
        </extensions>
      </trkpt>
      <trkpt lat="30.43270147405564785003662109375" lon="120.2656648121774196624755859375">
        <ele>6</ele>
        <time>2024-12-16T13:48:10.000Z</time>
        <extensions>
          <ns3:TrackPointExtension>
            <ns3:hr>139</ns3:hr>
            <ns3:cad>90</ns3:cad>
          </ns3:TrackPointExtension>
        </extensions>
      </trkpt>
      <trkpt lat="30.4327208362519741058349609375" lon="120.26565198786556720733642578125">
        <ele>6</ele>
        <time>2024-12-16T13:48:11.000Z</time>
        <extensions>
          <ns3:TrackPointExtension>
            <ns3:hr>139</ns3:hr>
            <ns3:cad>90</ns3:cad>
          </ns3:TrackPointExtension>
        </extensions>
      </trkpt>
      <trkpt lat="30.4327402822673320770263671875" lon="120.265641175210475921630859375">
        <ele>6</ele>
        <time>2024-12-16T13:48:12.000Z</time>
        <extensions>
          <ns3:TrackPointExtension>
            <ns3:hr>139</ns3:hr>
            <ns3:cad>90</ns3:cad>
          </ns3:TrackPointExtension>
        </extensions>
      </trkpt>
      <trkpt lat="30.43276148848235607147216796875" lon="120.265629775822162628173828125">
        <ele>6</ele>
        <time>2024-12-16T13:48:13.000Z</time>
        <extensions>
          <ns3:TrackPointExtension>
            <ns3:hr>140</ns3:hr>
            <ns3:cad>90</ns3:cad>
          </ns3:TrackPointExtension>
        </extensions>
      </trkpt>
      <trkpt lat="30.43278009630739688873291015625" lon="120.26561963371932506561279296875">
        <ele>6</ele>
        <time>2024-12-16T13:48:14.000Z</time>
        <extensions>
          <ns3:TrackPointExtension>
            <ns3:hr>139</ns3:hr>
            <ns3:cad>91</ns3:cad>
          </ns3:TrackPointExtension>
        </extensions>
      </trkpt>
      <trkpt lat="30.43280004523694515228271484375" lon="120.26560974307358264923095703125">
        <ele>6</ele>
        <time>2024-12-16T13:48:15.000Z</time>
        <extensions>
          <ns3:TrackPointExtension>
            <ns3:hr>140</ns3:hr>
            <ns3:cad>91</ns3:cad>
          </ns3:TrackPointExtension>
        </extensions>
      </trkpt>
      <trkpt lat="30.43282032944262027740478515625" lon="120.2655954100191593170166015625">
        <ele>6</ele>
        <time>2024-12-16T13:48:16.000Z</time>
        <extensions>
          <ns3:TrackPointExtension>
            <ns3:hr>140</ns3:hr>
            <ns3:cad>90</ns3:cad>
          </ns3:TrackPointExtension>
        </extensions>
      </trkpt>
      <trkpt lat="30.43283474631607532501220703125" lon="120.2655776403844356536865234375">
        <ele>6</ele>
        <time>2024-12-16T13:48:17.000Z</time>
        <extensions>
          <ns3:TrackPointExtension>
            <ns3:hr>140</ns3:hr>
            <ns3:cad>90</ns3:cad>
          </ns3:TrackPointExtension>
        </extensions>
      </trkpt>
      <trkpt lat="30.43285603635013103485107421875" lon="120.265566743910312652587890625">
        <ele>6</ele>
        <time>2024-12-16T13:48:18.000Z</time>
        <extensions>
          <ns3:TrackPointExtension>
            <ns3:hr>140</ns3:hr>
            <ns3:cad>90</ns3:cad>
          </ns3:TrackPointExtension>
        </extensions>
      </trkpt>
      <trkpt lat="30.43288017623126506805419921875" lon="120.265553332865238189697265625">
        <ele>6</ele>
        <time>2024-12-16T13:48:19.000Z</time>
        <extensions>
          <ns3:TrackPointExtension>
            <ns3:hr>141</ns3:hr>
            <ns3:cad>90</ns3:cad>
          </ns3:TrackPointExtension>
        </extensions>
      </trkpt>
      <trkpt lat="30.432898700237274169921875" lon="120.26554000563919544219970703125">
        <ele>6</ele>
        <time>2024-12-16T13:48:20.000Z</time>
        <extensions>
          <ns3:TrackPointExtension>
            <ns3:hr>141</ns3:hr>
            <ns3:cad>90</ns3:cad>
          </ns3:TrackPointExtension>
        </extensions>
      </trkpt>
      <trkpt lat="30.432915799319744110107421875" lon="120.26552022434771060943603515625">
        <ele>6</ele>
        <time>2024-12-16T13:48:21.000Z</time>
        <extensions>
          <ns3:TrackPointExtension>
            <ns3:hr>141</ns3:hr>
            <ns3:cad>89</ns3:cad>
          </ns3:TrackPointExtension>
        </extensions>
      </trkpt>
      <trkpt lat="30.43293532915413379669189453125" lon="120.2655028738081455230712890625">
        <ele>6</ele>
        <time>2024-12-16T13:48:22.000Z</time>
        <extensions>
          <ns3:TrackPointExtension>
            <ns3:hr>142</ns3:hr>
            <ns3:cad>89</ns3:cad>
          </ns3:TrackPointExtension>
        </extensions>
      </trkpt>
      <trkpt lat="30.43295745737850666046142578125" lon="120.2654904685914516448974609375">
        <ele>6</ele>
        <time>2024-12-16T13:48:23.000Z</time>
        <extensions>
          <ns3:TrackPointExtension>
            <ns3:hr>142</ns3:hr>
            <ns3:cad>89</ns3:cad>
          </ns3:TrackPointExtension>
        </extensions>
      </trkpt>
      <trkpt lat="30.4329763166606426239013671875" lon="120.2654753811657428741455078125">
        <ele>6</ele>
        <time>2024-12-16T13:48:24.000Z</time>
        <extensions>
          <ns3:TrackPointExtension>
            <ns3:hr>141</ns3:hr>
            <ns3:cad>89</ns3:cad>
          </ns3:TrackPointExtension>
        </extensions>
      </trkpt>
      <trkpt lat="30.43299651704728603363037109375" lon="120.26546624489128589630126953125">
        <ele>6</ele>
        <time>2024-12-16T13:48:25.000Z</time>
        <extensions>
          <ns3:TrackPointExtension>
            <ns3:hr>141</ns3:hr>
            <ns3:cad>89</ns3:cad>
          </ns3:TrackPointExtension>
        </extensions>
      </trkpt>
      <trkpt lat="30.43302216567099094390869140625" lon="120.26545702479779720306396484375">
        <ele>6</ele>
        <time>2024-12-16T13:48:26.000Z</time>
        <extensions>
          <ns3:TrackPointExtension>
            <ns3:hr>140</ns3:hr>
            <ns3:cad>89</ns3:cad>
          </ns3:TrackPointExtension>
        </extensions>
      </trkpt>
      <trkpt lat="30.4330470599234104156494140625" lon="120.2654378302395343780517578125">
        <ele>5.80000019073486328125</ele>
        <time>2024-12-16T13:48:27.000Z</time>
        <extensions>
          <ns3:TrackPointExtension>
            <ns3:hr>140</ns3:hr>
            <ns3:cad>89</ns3:cad>
          </ns3:TrackPointExtension>
        </extensions>
      </trkpt>
      <trkpt lat="30.4330688528716564178466796875" lon="120.26542768813669681549072265625">
        <ele>5.80000019073486328125</ele>
        <time>2024-12-16T13:48:28.000Z</time>
        <extensions>
          <ns3:TrackPointExtension>
            <ns3:hr>140</ns3:hr>
            <ns3:cad>89</ns3:cad>
          </ns3:TrackPointExtension>
        </extensions>
      </trkpt>
      <trkpt lat="30.4330896399915218353271484375" lon="120.26541897095739841461181640625">
        <ele>5.80000019073486328125</ele>
        <time>2024-12-16T13:48:29.000Z</time>
        <extensions>
          <ns3:TrackPointExtension>
            <ns3:hr>140</ns3:hr>
            <ns3:cad>89</ns3:cad>
          </ns3:TrackPointExtension>
        </extensions>
      </trkpt>
      <trkpt lat="30.43310782872140407562255859375" lon="120.2654076553881168365478515625">
        <ele>5.80000019073486328125</ele>
        <time>2024-12-16T13:48:30.000Z</time>
        <extensions>
          <ns3:TrackPointExtension>
            <ns3:hr>140</ns3:hr>
            <ns3:cad>89</ns3:cad>
          </ns3:TrackPointExtension>
        </extensions>
      </trkpt>
      <trkpt lat="30.43312744237482547760009765625" lon="120.26539835147559642791748046875">
        <ele>5.80000019073486328125</ele>
        <time>2024-12-16T13:48:31.000Z</time>
        <extensions>
          <ns3:TrackPointExtension>
            <ns3:hr>140</ns3:hr>
            <ns3:cad>89</ns3:cad>
          </ns3:TrackPointExtension>
        </extensions>
      </trkpt>
      <trkpt lat="30.433147810399532318115234375" lon="120.26538745500147342681884765625">
        <ele>5.599999904632568359375</ele>
        <time>2024-12-16T13:48:32.000Z</time>
        <extensions>
          <ns3:TrackPointExtension>
            <ns3:hr>139</ns3:hr>
            <ns3:cad>89</ns3:cad>
          </ns3:TrackPointExtension>
        </extensions>
      </trkpt>
      <trkpt lat="30.43316516093909740447998046875" lon="120.2653746306896209716796875">
        <ele>5.599999904632568359375</ele>
        <time>2024-12-16T13:48:33.000Z</time>
        <extensions>
          <ns3:TrackPointExtension>
            <ns3:hr>139</ns3:hr>
            <ns3:cad>89</ns3:cad>
          </ns3:TrackPointExtension>
        </extensions>
      </trkpt>
      <trkpt lat="30.43318443931639194488525390625" lon="120.2653687633574008941650390625">
        <ele>5.599999904632568359375</ele>
        <time>2024-12-16T13:48:34.000Z</time>
        <extensions>
          <ns3:TrackPointExtension>
            <ns3:hr>139</ns3:hr>
            <ns3:cad>90</ns3:cad>
          </ns3:TrackPointExtension>
        </extensions>
      </trkpt>
      <trkpt lat="30.433194749057292938232421875" lon="120.2653657458722591400146484375">
        <ele>5.599999904632568359375</ele>
        <time>2024-12-16T13:48:35.000Z</time>
        <extensions>
          <ns3:TrackPointExtension>
            <ns3:hr>139</ns3:hr>
            <ns3:cad>90</ns3:cad>
          </ns3:TrackPointExtension>
        </extensions>
      </trkpt>
      <trkpt lat="30.4332157038152217864990234375" lon="120.2653573639690876007080078125">
        <ele>5.599999904632568359375</ele>
        <time>2024-12-16T13:48:36.000Z</time>
        <extensions>
          <ns3:TrackPointExtension>
            <ns3:hr>139</ns3:hr>
            <ns3:cad>89</ns3:cad>
          </ns3:TrackPointExtension>
        </extensions>
      </trkpt>
      <trkpt lat="30.4332326352596282958984375" lon="120.26534403674304485321044921875">
        <ele>5.599999904632568359375</ele>
        <time>2024-12-16T13:48:37.000Z</time>
        <extensions>
          <ns3:TrackPointExtension>
            <ns3:hr>140</ns3:hr>
            <ns3:cad>89</ns3:cad>
          </ns3:TrackPointExtension>
        </extensions>
      </trkpt>
      <trkpt lat="30.43325166217982769012451171875" lon="120.26532794348895549774169921875">
        <ele>5.400000095367431640625</ele>
        <time>2024-12-16T13:48:38.000Z</time>
        <extensions>
          <ns3:TrackPointExtension>
            <ns3:hr>140</ns3:hr>
            <ns3:cad>89</ns3:cad>
          </ns3:TrackPointExtension>
        </extensions>
      </trkpt>
      <trkpt lat="30.43326825834810733795166015625" lon="120.26531268842518329620361328125">
        <ele>5.400000095367431640625</ele>
        <time>2024-12-16T13:48:39.000Z</time>
        <extensions>
          <ns3:TrackPointExtension>
            <ns3:hr>139</ns3:hr>
            <ns3:cad>89</ns3:cad>
          </ns3:TrackPointExtension>
        </extensions>
      </trkpt>
      <trkpt lat="30.4332834295928478240966796875" lon="120.265293829143047332763671875">
        <ele>5.400000095367431640625</ele>
        <time>2024-12-16T13:48:40.000Z</time>
        <extensions>
          <ns3:TrackPointExtension>
            <ns3:hr>139</ns3:hr>
            <ns3:cad>89</ns3:cad>
          </ns3:TrackPointExtension>
        </extensions>
      </trkpt>
      <trkpt lat="30.433291308581829071044921875" lon="120.265277065336704254150390625">
        <ele>5.19999980926513671875</ele>
        <time>2024-12-16T13:48:41.000Z</time>
        <extensions>
          <ns3:TrackPointExtension>
            <ns3:hr>139</ns3:hr>
            <ns3:cad>88</ns3:cad>
          </ns3:TrackPointExtension>
        </extensions>
      </trkpt>
      <trkpt lat="30.4332948289811611175537109375" lon="120.265252590179443359375">
        <ele>5.19999980926513671875</ele>
        <time>2024-12-16T13:48:42.000Z</time>
        <extensions>
          <ns3:TrackPointExtension>
            <ns3:hr>139</ns3:hr>
            <ns3:cad>88</ns3:cad>
          </ns3:TrackPointExtension>
        </extensions>
      </trkpt>
      <trkpt lat="30.43331033550202846527099609375" lon="120.26523507200181484222412109375">
        <ele>5.19999980926513671875</ele>
        <time>2024-12-16T13:48:43.000Z</time>
        <extensions>
          <ns3:TrackPointExtension>
            <ns3:hr>138</ns3:hr>
            <ns3:cad>88</ns3:cad>
          </ns3:TrackPointExtension>
        </extensions>
      </trkpt>
      <trkpt lat="30.433330535888671875" lon="120.26523490436375141143798828125">
        <ele>5.19999980926513671875</ele>
        <time>2024-12-16T13:48:44.000Z</time>
        <extensions>
          <ns3:TrackPointExtension>
            <ns3:hr>138</ns3:hr>
            <ns3:cad>88</ns3:cad>
          </ns3:TrackPointExtension>
        </extensions>
      </trkpt>
      <trkpt lat="30.43334654532372951507568359375" lon="120.26522719301283359527587890625">
        <ele>5.19999980926513671875</ele>
        <time>2024-12-16T13:48:45.000Z</time>
        <extensions>
          <ns3:TrackPointExtension>
            <ns3:hr>138</ns3:hr>
            <ns3:cad>88</ns3:cad>
          </ns3:TrackPointExtension>
        </extensions>
      </trkpt>
      <trkpt lat="30.43336515314877033233642578125" lon="120.26521629653871059417724609375">
        <ele>5</ele>
        <time>2024-12-16T13:48:46.000Z</time>
        <extensions>
          <ns3:TrackPointExtension>
            <ns3:hr>138</ns3:hr>
            <ns3:cad>88</ns3:cad>
          </ns3:TrackPointExtension>
        </extensions>
      </trkpt>
      <trkpt lat="30.4333783127367496490478515625" lon="120.265195257961750030517578125">
        <ele>5</ele>
        <time>2024-12-16T13:48:47.000Z</time>
        <extensions>
          <ns3:TrackPointExtension>
            <ns3:hr>138</ns3:hr>
            <ns3:cad>87</ns3:cad>
          </ns3:TrackPointExtension>
        </extensions>
      </trkpt>
      <trkpt lat="30.4333897121250629425048828125" lon="120.2651719562709331512451171875">
        <ele>5</ele>
        <time>2024-12-16T13:48:48.000Z</time>
        <extensions>
          <ns3:TrackPointExtension>
            <ns3:hr>137</ns3:hr>
            <ns3:cad>86</ns3:cad>
          </ns3:TrackPointExtension>
        </extensions>
      </trkpt>
      <trkpt lat="30.43340287171304225921630859375" lon="120.2651508338749408721923828125">
        <ele>4.80000019073486328125</ele>
        <time>2024-12-16T13:48:49.000Z</time>
        <extensions>
          <ns3:TrackPointExtension>
            <ns3:hr>137</ns3:hr>
            <ns3:cad>86</ns3:cad>
          </ns3:TrackPointExtension>
        </extensions>
      </trkpt>
      <trkpt lat="30.43341728858649730682373046875" lon="120.2651374228298664093017578125">
        <ele>4.80000019073486328125</ele>
        <time>2024-12-16T13:48:50.000Z</time>
        <extensions>
          <ns3:TrackPointExtension>
            <ns3:hr>137</ns3:hr>
            <ns3:cad>87</ns3:cad>
          </ns3:TrackPointExtension>
        </extensions>
      </trkpt>
      <trkpt lat="30.43343623168766498565673828125" lon="120.2651253528892993927001953125">
        <ele>4.80000019073486328125</ele>
        <time>2024-12-16T13:48:51.000Z</time>
        <extensions>
          <ns3:TrackPointExtension>
            <ns3:hr>138</ns3:hr>
            <ns3:cad>88</ns3:cad>
          </ns3:TrackPointExtension>
        </extensions>
      </trkpt>
      <trkpt lat="30.43345215730369091033935546875" lon="120.26510900817811489105224609375">
        <ele>4.599999904632568359375</ele>
        <time>2024-12-16T13:48:52.000Z</time>
        <extensions>
          <ns3:TrackPointExtension>
            <ns3:hr>138</ns3:hr>
            <ns3:cad>90</ns3:cad>
          </ns3:TrackPointExtension>
        </extensions>
      </trkpt>
      <trkpt lat="30.43346799910068511962890625" lon="120.26509844698011875152587890625">
        <ele>4.599999904632568359375</ele>
        <time>2024-12-16T13:48:53.000Z</time>
        <extensions>
          <ns3:TrackPointExtension>
            <ns3:hr>138</ns3:hr>
            <ns3:cad>90</ns3:cad>
          </ns3:TrackPointExtension>
        </extensions>
      </trkpt>
      <trkpt lat="30.43348283506929874420166015625" lon="120.26508830487728118896484375">
        <ele>4.80000019073486328125</ele>
        <time>2024-12-16T13:48:54.000Z</time>
        <extensions>
          <ns3:TrackPointExtension>
            <ns3:hr>138</ns3:hr>
            <ns3:cad>90</ns3:cad>
          </ns3:TrackPointExtension>
        </extensions>
      </trkpt>
      <trkpt lat="30.433497168123722076416015625" lon="120.26507430709898471832275390625">
        <ele>5</ele>
        <time>2024-12-16T13:48:55.000Z</time>
        <extensions>
          <ns3:TrackPointExtension>
            <ns3:hr>138</ns3:hr>
            <ns3:cad>90</ns3:cad>
          </ns3:TrackPointExtension>
        </extensions>
      </trkpt>
      <trkpt lat="30.4335100762546062469482421875" lon="120.26505720801651477813720703125">
        <ele>5</ele>
        <time>2024-12-16T13:48:56.000Z</time>
        <extensions>
          <ns3:TrackPointExtension>
            <ns3:hr>139</ns3:hr>
            <ns3:cad>89</ns3:cad>
          </ns3:TrackPointExtension>
        </extensions>
      </trkpt>
      <trkpt lat="30.4335268400609493255615234375" lon="120.26504547335207462310791015625">
        <ele>5.19999980926513671875</ele>
        <time>2024-12-16T13:48:57.000Z</time>
        <extensions>
          <ns3:TrackPointExtension>
            <ns3:hr>139</ns3:hr>
            <ns3:cad>88</ns3:cad>
          </ns3:TrackPointExtension>
        </extensions>
      </trkpt>
      <trkpt lat="30.4335536621510982513427734375" lon="120.2650393545627593994140625">
        <ele>5.400000095367431640625</ele>
        <time>2024-12-16T13:48:58.000Z</time>
        <extensions>
          <ns3:TrackPointExtension>
            <ns3:hr>139</ns3:hr>
            <ns3:cad>88</ns3:cad>
          </ns3:TrackPointExtension>
        </extensions>
      </trkpt>
      <trkpt lat="30.4335786402225494384765625" lon="120.26503373868763446807861328125">
        <ele>5.599999904632568359375</ele>
        <time>2024-12-16T13:48:59.000Z</time>
        <extensions>
          <ns3:TrackPointExtension>
            <ns3:hr>139</ns3:hr>
            <ns3:cad>89</ns3:cad>
          </ns3:TrackPointExtension>
        </extensions>
      </trkpt>
      <trkpt lat="30.4336042888462543487548828125" lon="120.26502166874706745147705078125">
        <ele>5.599999904632568359375</ele>
        <time>2024-12-16T13:49:00.000Z</time>
        <extensions>
          <ns3:TrackPointExtension>
            <ns3:hr>139</ns3:hr>
            <ns3:cad>89</ns3:cad>
          </ns3:TrackPointExtension>
        </extensions>
      </trkpt>
      <trkpt lat="30.43363094329833984375" lon="120.26502016000449657440185546875">
        <ele>5.400000095367431640625</ele>
        <time>2024-12-16T13:49:01.000Z</time>
        <extensions>
          <ns3:TrackPointExtension>
            <ns3:hr>139</ns3:hr>
            <ns3:cad>89</ns3:cad>
          </ns3:TrackPointExtension>
        </extensions>
      </trkpt>
      <trkpt lat="30.43365399353206157684326171875" lon="120.26500641368329524993896484375">
        <ele>5.400000095367431640625</ele>
        <time>2024-12-16T13:49:02.000Z</time>
        <extensions>
          <ns3:TrackPointExtension>
            <ns3:hr>139</ns3:hr>
            <ns3:cad>89</ns3:cad>
          </ns3:TrackPointExtension>
        </extensions>
      </trkpt>
      <trkpt lat="30.43367276899516582489013671875" lon="120.264997445046901702880859375">
        <ele>5.400000095367431640625</ele>
        <time>2024-12-16T13:49:03.000Z</time>
        <extensions>
          <ns3:TrackPointExtension>
            <ns3:hr>139</ns3:hr>
            <ns3:cad>88</ns3:cad>
          </ns3:TrackPointExtension>
        </extensions>
      </trkpt>
      <trkpt lat="30.43369657360017299652099609375" lon="120.264996103942394256591796875">
        <ele>5.400000095367431640625</ele>
        <time>2024-12-16T13:49:04.000Z</time>
        <extensions>
          <ns3:TrackPointExtension>
            <ns3:hr>139</ns3:hr>
            <ns3:cad>88</ns3:cad>
          </ns3:TrackPointExtension>
        </extensions>
      </trkpt>
      <trkpt lat="30.43371803127229213714599609375" lon="120.2649892307817935943603515625">
        <ele>5.400000095367431640625</ele>
        <time>2024-12-16T13:49:05.000Z</time>
        <extensions>
          <ns3:TrackPointExtension>
            <ns3:hr>139</ns3:hr>
            <ns3:cad>89</ns3:cad>
          </ns3:TrackPointExtension>
        </extensions>
      </trkpt>
      <trkpt lat="30.43373999185860157012939453125" lon="120.26497892104089260101318359375">
        <ele>5.599999904632568359375</ele>
        <time>2024-12-16T13:49:06.000Z</time>
        <extensions>
          <ns3:TrackPointExtension>
            <ns3:hr>138</ns3:hr>
            <ns3:cad>89</ns3:cad>
          </ns3:TrackPointExtension>
        </extensions>
      </trkpt>
      <trkpt lat="30.43376170098781585693359375" lon="120.2649707905948162078857421875">
        <ele>5.599999904632568359375</ele>
        <time>2024-12-16T13:49:07.000Z</time>
        <extensions>
          <ns3:TrackPointExtension>
            <ns3:hr>138</ns3:hr>
            <ns3:cad>90</ns3:cad>
          </ns3:TrackPointExtension>
        </extensions>
      </trkpt>
      <trkpt lat="30.43378123082220554351806640625" lon="120.26497322134673595428466796875">
        <ele>5.599999904632568359375</ele>
        <time>2024-12-16T13:49:08.000Z</time>
        <extensions>
          <ns3:TrackPointExtension>
            <ns3:hr>138</ns3:hr>
            <ns3:cad>90</ns3:cad>
          </ns3:TrackPointExtension>
        </extensions>
      </trkpt>
      <trkpt lat="30.43379363603889942169189453125" lon="120.26496358215808868408203125">
        <ele>5.599999904632568359375</ele>
        <time>2024-12-16T13:49:09.000Z</time>
        <extensions>
          <ns3:TrackPointExtension>
            <ns3:hr>138</ns3:hr>
            <ns3:cad>90</ns3:cad>
          </ns3:TrackPointExtension>
        </extensions>
      </trkpt>
      <trkpt lat="30.43380327522754669189453125" lon="120.26495964266359806060791015625">
        <ele>5.80000019073486328125</ele>
        <time>2024-12-16T13:49:10.000Z</time>
        <extensions>
          <ns3:TrackPointExtension>
            <ns3:hr>139</ns3:hr>
            <ns3:cad>0</ns3:cad>
          </ns3:TrackPointExtension>
        </extensions>
      </trkpt>
      <trkpt lat="30.43381132185459136962890625" lon="120.26495687663555145263671875">
        <ele>5.80000019073486328125</ele>
        <time>2024-12-16T13:49:11.000Z</time>
        <extensions>
          <ns3:TrackPointExtension>
            <ns3:hr>139</ns3:hr>
            <ns3:cad>0</ns3:cad>
          </ns3:TrackPointExtension>
        </extensions>
      </trkpt>
      <trkpt lat="30.43382330797612667083740234375" lon="120.264952182769775390625">
        <ele>5.80000019073486328125</ele>
        <time>2024-12-16T13:49:12.000Z</time>
        <extensions>
          <ns3:TrackPointExtension>
            <ns3:hr>139</ns3:hr>
            <ns3:cad>0</ns3:cad>
          </ns3:TrackPointExtension>
        </extensions>
      </trkpt>
      <trkpt lat="30.4338339529931545257568359375" lon="120.264942459762096405029296875">
        <ele>5.80000019073486328125</ele>
        <time>2024-12-16T13:49:13.000Z</time>
        <extensions>
          <ns3:TrackPointExtension>
            <ns3:hr>138</ns3:hr>
            <ns3:cad>0</ns3:cad>
          </ns3:TrackPointExtension>
        </extensions>
      </trkpt>
      <trkpt lat="30.43384275399148464202880859375" lon="120.2649315632879734039306640625">
        <ele>6</ele>
        <time>2024-12-16T13:49:14.000Z</time>
        <extensions>
          <ns3:TrackPointExtension>
            <ns3:hr>138</ns3:hr>
            <ns3:cad>0</ns3:cad>
          </ns3:TrackPointExtension>
        </extensions>
      </trkpt>
      <trkpt lat="30.4338601045310497283935546875" lon="120.264928042888641357421875">
        <ele>6</ele>
        <time>2024-12-16T13:49:15.000Z</time>
        <extensions>
          <ns3:TrackPointExtension>
            <ns3:hr>138</ns3:hr>
            <ns3:cad>0</ns3:cad>
          </ns3:TrackPointExtension>
        </extensions>
      </trkpt>
      <trkpt lat="30.4338792152702808380126953125" lon="120.26491655968129634857177734375">
        <ele>5.599999904632568359375</ele>
        <time>2024-12-16T13:49:16.000Z</time>
        <extensions>
          <ns3:TrackPointExtension>
            <ns3:hr>139</ns3:hr>
            <ns3:cad>0</ns3:cad>
          </ns3:TrackPointExtension>
        </extensions>
      </trkpt>
      <trkpt lat="30.4338946379721164703369140625" lon="120.2649084292352199554443359375">
        <ele>5.599999904632568359375</ele>
        <time>2024-12-16T13:49:17.000Z</time>
        <extensions>
          <ns3:TrackPointExtension>
            <ns3:hr>139</ns3:hr>
            <ns3:cad>0</ns3:cad>
          </ns3:TrackPointExtension>
        </extensions>
      </trkpt>
      <trkpt lat="30.433912239968776702880859375" lon="120.2648943476378917694091796875">
        <ele>5.400000095367431640625</ele>
        <time>2024-12-16T13:49:18.000Z</time>
        <extensions>
          <ns3:TrackPointExtension>
            <ns3:hr>139</ns3:hr>
            <ns3:cad>88</ns3:cad>
          </ns3:TrackPointExtension>
        </extensions>
      </trkpt>
      <trkpt lat="30.43392959050834178924560546875" lon="120.2648826129734516143798828125">
        <ele>5.400000095367431640625</ele>
        <time>2024-12-16T13:49:19.000Z</time>
        <extensions>
          <ns3:TrackPointExtension>
            <ns3:hr>139</ns3:hr>
            <ns3:cad>89</ns3:cad>
          </ns3:TrackPointExtension>
        </extensions>
      </trkpt>
      <trkpt lat="30.43394467793405055999755859375" lon="120.26487230323255062103271484375">
        <ele>5.400000095367431640625</ele>
        <time>2024-12-16T13:49:20.000Z</time>
        <extensions>
          <ns3:TrackPointExtension>
            <ns3:hr>139</ns3:hr>
            <ns3:cad>89</ns3:cad>
          </ns3:TrackPointExtension>
        </extensions>
      </trkpt>
      <trkpt lat="30.43396865017712116241455078125" lon="120.26486710645258426666259765625">
        <ele>5</ele>
        <time>2024-12-16T13:49:21.000Z</time>
        <extensions>
          <ns3:TrackPointExtension>
            <ns3:hr>139</ns3:hr>
            <ns3:cad>89</ns3:cad>
          </ns3:TrackPointExtension>
        </extensions>
      </trkpt>
      <trkpt lat="30.4339901916682720184326171875" lon="120.264858640730381011962890625">
        <ele>5</ele>
        <time>2024-12-16T13:49:22.000Z</time>
        <extensions>
          <ns3:TrackPointExtension>
            <ns3:hr>139</ns3:hr>
            <ns3:cad>89</ns3:cad>
          </ns3:TrackPointExtension>
        </extensions>
      </trkpt>
      <trkpt lat="30.43400712311267852783203125" lon="120.264853276312351226806640625">
        <ele>4.80000019073486328125</ele>
        <time>2024-12-16T13:49:23.000Z</time>
        <extensions>
          <ns3:TrackPointExtension>
            <ns3:hr>139</ns3:hr>
            <ns3:cad>89</ns3:cad>
          </ns3:TrackPointExtension>
        </extensions>
      </trkpt>
      <trkpt lat="30.43402531184256076812744140625" lon="120.26484749279916286468505859375">
        <ele>4.599999904632568359375</ele>
        <time>2024-12-16T13:49:24.000Z</time>
        <extensions>
          <ns3:TrackPointExtension>
            <ns3:hr>140</ns3:hr>
            <ns3:cad>89</ns3:cad>
          </ns3:TrackPointExtension>
        </extensions>
      </trkpt>
      <trkpt lat="30.43404090218245983123779296875" lon="120.26484313420951366424560546875">
        <ele>4.400000095367431640625</ele>
        <time>2024-12-16T13:49:25.000Z</time>
        <extensions>
          <ns3:TrackPointExtension>
            <ns3:hr>140</ns3:hr>
            <ns3:cad>89</ns3:cad>
          </ns3:TrackPointExtension>
        </extensions>
      </trkpt>
      <trkpt lat="30.43405473232269287109375" lon="120.264833830296993255615234375">
        <ele>4.400000095367431640625</ele>
        <time>2024-12-16T13:49:26.000Z</time>
        <extensions>
          <ns3:TrackPointExtension>
            <ns3:hr>140</ns3:hr>
            <ns3:cad>89</ns3:cad>
          </ns3:TrackPointExtension>
        </extensions>
      </trkpt>
      <trkpt lat="30.434071160852909088134765625" lon="120.26482687331736087799072265625">
        <ele>4.19999980926513671875</ele>
        <time>2024-12-16T13:49:27.000Z</time>
        <extensions>
          <ns3:TrackPointExtension>
            <ns3:hr>140</ns3:hr>
            <ns3:cad>89</ns3:cad>
          </ns3:TrackPointExtension>
        </extensions>
      </trkpt>
      <trkpt lat="30.43409253470599651336669921875" lon="120.26482067070901393890380859375">
        <ele>4</ele>
        <time>2024-12-16T13:49:28.000Z</time>
        <extensions>
          <ns3:TrackPointExtension>
            <ns3:hr>140</ns3:hr>
            <ns3:cad>88</ns3:cad>
          </ns3:TrackPointExtension>
        </extensions>
      </trkpt>
      <trkpt lat="30.43411231599748134613037109375" lon="120.26481178589165210723876953125">
        <ele>4</ele>
        <time>2024-12-16T13:49:29.000Z</time>
        <extensions>
          <ns3:TrackPointExtension>
            <ns3:hr>140</ns3:hr>
            <ns3:cad>87</ns3:cad>
          </ns3:TrackPointExtension>
        </extensions>
      </trkpt>
      <trkpt lat="30.43412304483354091644287109375" lon="120.2648006379604339599609375">
        <ele>3.7999999523162841796875</ele>
        <time>2024-12-16T13:49:30.000Z</time>
        <extensions>
          <ns3:TrackPointExtension>
            <ns3:hr>140</ns3:hr>
            <ns3:cad>87</ns3:cad>
          </ns3:TrackPointExtension>
        </extensions>
      </trkpt>
      <trkpt lat="30.43413243256509304046630859375" lon="120.26478731073439121246337890625">
        <ele>4</ele>
        <time>2024-12-16T13:49:31.000Z</time>
        <extensions>
          <ns3:TrackPointExtension>
            <ns3:hr>140</ns3:hr>
            <ns3:cad>87</ns3:cad>
          </ns3:TrackPointExtension>
        </extensions>
      </trkpt>
      <trkpt lat="30.43414366431534290313720703125" lon="120.264779515564441680908203125">
        <ele>4</ele>
        <time>2024-12-16T13:49:32.000Z</time>
        <extensions>
          <ns3:TrackPointExtension>
            <ns3:hr>140</ns3:hr>
            <ns3:cad>87</ns3:cad>
          </ns3:TrackPointExtension>
        </extensions>
      </trkpt>
      <trkpt lat="30.4341553151607513427734375" lon="120.26477255858480930328369140625">
        <ele>4</ele>
        <time>2024-12-16T13:49:33.000Z</time>
        <extensions>
          <ns3:TrackPointExtension>
            <ns3:hr>140</ns3:hr>
            <ns3:cad>85</ns3:cad>
          </ns3:TrackPointExtension>
        </extensions>
      </trkpt>
      <trkpt lat="30.43416981585323810577392578125" lon="120.26475973427295684814453125">
        <ele>4.19999980926513671875</ele>
        <time>2024-12-16T13:49:34.000Z</time>
        <extensions>
          <ns3:TrackPointExtension>
            <ns3:hr>140</ns3:hr>
            <ns3:cad>43</ns3:cad>
          </ns3:TrackPointExtension>
        </extensions>
      </trkpt>
      <trkpt lat="30.4341833107173442840576171875" lon="120.26474573649466037750244140625">
        <ele>4.19999980926513671875</ele>
        <time>2024-12-16T13:49:35.000Z</time>
        <extensions>
          <ns3:TrackPointExtension>
            <ns3:hr>141</ns3:hr>
            <ns3:cad>43</ns3:cad>
          </ns3:TrackPointExtension>
        </extensions>
      </trkpt>
      <trkpt lat="30.4342124797403812408447265625" lon="120.2647367678582668304443359375">
        <ele>4.400000095367431640625</ele>
        <time>2024-12-16T13:49:36.000Z</time>
        <extensions>
          <ns3:TrackPointExtension>
            <ns3:hr>141</ns3:hr>
            <ns3:cad>43</ns3:cad>
          </ns3:TrackPointExtension>
        </extensions>
      </trkpt>
      <trkpt lat="30.4342339374125003814697265625" lon="120.26472092606127262115478515625">
        <ele>4.19999980926513671875</ele>
        <time>2024-12-16T13:49:37.000Z</time>
        <extensions>
          <ns3:TrackPointExtension>
            <ns3:hr>140</ns3:hr>
            <ns3:cad>43</ns3:cad>
          </ns3:TrackPointExtension>
        </extensions>
      </trkpt>
      <trkpt lat="30.43425665237009525299072265625" lon="120.26469628326594829559326171875">
        <ele>4</ele>
        <time>2024-12-16T13:49:38.000Z</time>
        <extensions>
          <ns3:TrackPointExtension>
            <ns3:hr>140</ns3:hr>
            <ns3:cad>43</ns3:cad>
          </ns3:TrackPointExtension>
        </extensions>
      </trkpt>
      <trkpt lat="30.4342748410999774932861328125" lon="120.26467516086995601654052734375">
        <ele>4</ele>
        <time>2024-12-16T13:49:39.000Z</time>
        <extensions>
          <ns3:TrackPointExtension>
            <ns3:hr>140</ns3:hr>
            <ns3:cad>88</ns3:cad>
          </ns3:TrackPointExtension>
        </extensions>
      </trkpt>
      <trkpt lat="30.43429235927760601043701171875" lon="120.26465571485459804534912109375">
        <ele>3.7999999523162841796875</ele>
        <time>2024-12-16T13:49:40.000Z</time>
        <extensions>
          <ns3:TrackPointExtension>
            <ns3:hr>140</ns3:hr>
            <ns3:cad>89</ns3:cad>
          </ns3:TrackPointExtension>
        </extensions>
      </trkpt>
      <trkpt lat="30.4343097098171710968017578125" lon="120.26463911868631839752197265625">
        <ele>3.7999999523162841796875</ele>
        <time>2024-12-16T13:49:41.000Z</time>
        <extensions>
          <ns3:TrackPointExtension>
            <ns3:hr>140</ns3:hr>
            <ns3:cad>88</ns3:cad>
          </ns3:TrackPointExtension>
        </extensions>
      </trkpt>
      <trkpt lat="30.434328652918338775634765625" lon="120.26462403126060962677001953125">
        <ele>3.599999904632568359375</ele>
        <time>2024-12-16T13:49:42.000Z</time>
        <extensions>
          <ns3:TrackPointExtension>
            <ns3:hr>139</ns3:hr>
            <ns3:cad>88</ns3:cad>
          </ns3:TrackPointExtension>
        </extensions>
      </trkpt>
      <trkpt lat="30.43435639701783657073974609375" lon="120.26461833156645298004150390625">
        <ele>3.599999904632568359375</ele>
        <time>2024-12-16T13:49:43.000Z</time>
        <extensions>
          <ns3:TrackPointExtension>
            <ns3:hr>139</ns3:hr>
            <ns3:cad>88</ns3:cad>
          </ns3:TrackPointExtension>
        </extensions>
      </trkpt>
      <trkpt lat="30.4343752562999725341796875" lon="120.26460810564458370208740234375">
        <ele>3.400000095367431640625</ele>
        <time>2024-12-16T13:49:44.000Z</time>
        <extensions>
          <ns3:TrackPointExtension>
            <ns3:hr>139</ns3:hr>
            <ns3:cad>88</ns3:cad>
          </ns3:TrackPointExtension>
        </extensions>
      </trkpt>
      <trkpt lat="30.4343898408114910125732421875" lon="120.26459402404725551605224609375">
        <ele>3.599999904632568359375</ele>
        <time>2024-12-16T13:49:45.000Z</time>
        <extensions>
          <ns3:TrackPointExtension>
            <ns3:hr>139</ns3:hr>
            <ns3:cad>89</ns3:cad>
          </ns3:TrackPointExtension>
        </extensions>
      </trkpt>
      <trkpt lat="30.4344042576849460601806640625" lon="120.26457893662154674530029296875">
        <ele>3.7999999523162841796875</ele>
        <time>2024-12-16T13:49:46.000Z</time>
        <extensions>
          <ns3:TrackPointExtension>
            <ns3:hr>139</ns3:hr>
            <ns3:cad>89</ns3:cad>
          </ns3:TrackPointExtension>
        </extensions>
      </trkpt>
      <trkpt lat="30.43442261405289173126220703125" lon="120.264562256634235382080078125">
        <ele>4.19999980926513671875</ele>
        <time>2024-12-16T13:49:47.000Z</time>
        <extensions>
          <ns3:TrackPointExtension>
            <ns3:hr>139</ns3:hr>
            <ns3:cad>89</ns3:cad>
          </ns3:TrackPointExtension>
        </extensions>
      </trkpt>
      <trkpt lat="30.43443971313536167144775390625" lon="120.26454809121787548065185546875">
        <ele>4.599999904632568359375</ele>
        <time>2024-12-16T13:49:48.000Z</time>
        <extensions>
          <ns3:TrackPointExtension>
            <ns3:hr>138</ns3:hr>
            <ns3:cad>89</ns3:cad>
          </ns3:TrackPointExtension>
        </extensions>
      </trkpt>
      <trkpt lat="30.43445999734103679656982421875" lon="120.26453602127730846405029296875">
        <ele>5</ele>
        <time>2024-12-16T13:49:49.000Z</time>
        <extensions>
          <ns3:TrackPointExtension>
            <ns3:hr>138</ns3:hr>
            <ns3:cad>89</ns3:cad>
          </ns3:TrackPointExtension>
        </extensions>
      </trkpt>
      <trkpt lat="30.43447994627058506011962890625" lon="120.2645225264132022857666015625">
        <ele>5.19999980926513671875</ele>
        <time>2024-12-16T13:49:50.000Z</time>
        <extensions>
          <ns3:TrackPointExtension>
            <ns3:hr>137</ns3:hr>
            <ns3:cad>89</ns3:cad>
          </ns3:TrackPointExtension>
        </extensions>
      </trkpt>
      <trkpt lat="30.434501655399799346923828125" lon="120.2645082771778106689453125">
        <ele>5.599999904632568359375</ele>
        <time>2024-12-16T13:49:51.000Z</time>
        <extensions>
          <ns3:TrackPointExtension>
            <ns3:hr>137</ns3:hr>
            <ns3:cad>89</ns3:cad>
          </ns3:TrackPointExtension>
        </extensions>
      </trkpt>
      <trkpt lat="30.434523113071918487548828125" lon="120.26449553668498992919921875">
        <ele>6</ele>
        <time>2024-12-16T13:49:52.000Z</time>
        <extensions>
          <ns3:TrackPointExtension>
            <ns3:hr>137</ns3:hr>
            <ns3:cad>89</ns3:cad>
          </ns3:TrackPointExtension>
        </extensions>
      </trkpt>
      <trkpt lat="30.4345420561730861663818359375" lon="120.26448388583958148956298828125">
        <ele>6</ele>
        <time>2024-12-16T13:49:53.000Z</time>
        <extensions>
          <ns3:TrackPointExtension>
            <ns3:hr>138</ns3:hr>
            <ns3:cad>89</ns3:cad>
          </ns3:TrackPointExtension>
        </extensions>
      </trkpt>
      <trkpt lat="30.4345628432929515838623046875" lon="120.26447315700352191925048828125">
        <ele>6</ele>
        <time>2024-12-16T13:49:54.000Z</time>
        <extensions>
          <ns3:TrackPointExtension>
            <ns3:hr>138</ns3:hr>
            <ns3:cad>89</ns3:cad>
          </ns3:TrackPointExtension>
        </extensions>
      </trkpt>
      <trkpt lat="30.43458069674670696258544921875" lon="120.2644628472626209259033203125">
        <ele>6</ele>
        <time>2024-12-16T13:49:55.000Z</time>
        <extensions>
          <ns3:TrackPointExtension>
            <ns3:hr>139</ns3:hr>
            <ns3:cad>89</ns3:cad>
          </ns3:TrackPointExtension>
        </extensions>
      </trkpt>
      <trkpt lat="30.43459695763885974884033203125" lon="120.2644494362175464630126953125">
        <ele>6</ele>
        <time>2024-12-16T13:49:56.000Z</time>
        <extensions>
          <ns3:TrackPointExtension>
            <ns3:hr>141</ns3:hr>
            <ns3:cad>89</ns3:cad>
          </ns3:TrackPointExtension>
        </extensions>
      </trkpt>
      <trkpt lat="30.43460919521749019622802734375" lon="120.264432840049266815185546875">
        <ele>6</ele>
        <time>2024-12-16T13:49:57.000Z</time>
        <extensions>
          <ns3:TrackPointExtension>
            <ns3:hr>142</ns3:hr>
            <ns3:cad>89</ns3:cad>
          </ns3:TrackPointExtension>
        </extensions>
      </trkpt>
      <trkpt lat="30.4346191696822643280029296875" lon="120.2644222788512706756591796875">
        <ele>6</ele>
        <time>2024-12-16T13:49:58.000Z</time>
        <extensions>
          <ns3:TrackPointExtension>
            <ns3:hr>143</ns3:hr>
            <ns3:cad>89</ns3:cad>
          </ns3:TrackPointExtension>
        </extensions>
      </trkpt>
      <trkpt lat="30.4346305690705776214599609375" lon="120.2644142322242259979248046875">
        <ele>6</ele>
        <time>2024-12-16T13:49:59.000Z</time>
        <extensions>
          <ns3:TrackPointExtension>
            <ns3:hr>143</ns3:hr>
            <ns3:cad>89</ns3:cad>
          </ns3:TrackPointExtension>
        </extensions>
      </trkpt>
      <trkpt lat="30.43464221991598606109619140625" lon="120.26440861634910106658935546875">
        <ele>6</ele>
        <time>2024-12-16T13:50:00.000Z</time>
        <extensions>
          <ns3:TrackPointExtension>
            <ns3:hr>143</ns3:hr>
            <ns3:cad>0</ns3:cad>
          </ns3:TrackPointExtension>
        </extensions>
      </trkpt>
      <trkpt lat="30.43465160764753818511962890625" lon="120.2643998153507709503173828125">
        <ele>6</ele>
        <time>2024-12-16T13:50:01.000Z</time>
        <extensions>
          <ns3:TrackPointExtension>
            <ns3:hr>143</ns3:hr>
            <ns3:cad>0</ns3:cad>
          </ns3:TrackPointExtension>
        </extensions>
      </trkpt>
      <trkpt lat="30.4346620850265026092529296875" lon="120.2643924392759799957275390625">
        <ele>6</ele>
        <time>2024-12-16T13:50:02.000Z</time>
        <extensions>
          <ns3:TrackPointExtension>
            <ns3:hr>144</ns3:hr>
            <ns3:cad>0</ns3:cad>
          </ns3:TrackPointExtension>
        </extensions>
      </trkpt>
      <trkpt lat="30.4346741549670696258544921875" lon="120.26438481174409389495849609375">
        <ele>6</ele>
        <time>2024-12-16T13:50:03.000Z</time>
        <extensions>
          <ns3:TrackPointExtension>
            <ns3:hr>143</ns3:hr>
            <ns3:cad>62</ns3:cad>
          </ns3:TrackPointExtension>
        </extensions>
      </trkpt>
      <trkpt lat="30.43468731455504894256591796875" lon="120.264373160898685455322265625">
        <ele>6</ele>
        <time>2024-12-16T13:50:04.000Z</time>
        <extensions>
          <ns3:TrackPointExtension>
            <ns3:hr>143</ns3:hr>
            <ns3:cad>63</ns3:cad>
          </ns3:TrackPointExtension>
        </extensions>
      </trkpt>
      <trkpt lat="30.4347024857997894287109375" lon="120.26436100713908672332763671875">
        <ele>6</ele>
        <time>2024-12-16T13:50:05.000Z</time>
        <extensions>
          <ns3:TrackPointExtension>
            <ns3:hr>143</ns3:hr>
            <ns3:cad>63</ns3:cad>
          </ns3:TrackPointExtension>
        </extensions>
      </trkpt>
      <trkpt lat="30.43471832759678363800048828125" lon="120.2643528766930103302001953125">
        <ele>6</ele>
        <time>2024-12-16T13:50:06.000Z</time>
        <extensions>
          <ns3:TrackPointExtension>
            <ns3:hr>142</ns3:hr>
            <ns3:cad>63</ns3:cad>
          </ns3:TrackPointExtension>
        </extensions>
      </trkpt>
      <trkpt lat="30.43473240919411182403564453125" lon="120.2643419802188873291015625">
        <ele>6.19999980926513671875</ele>
        <time>2024-12-16T13:50:07.000Z</time>
        <extensions>
          <ns3:TrackPointExtension>
            <ns3:hr>141</ns3:hr>
            <ns3:cad>63</ns3:cad>
          </ns3:TrackPointExtension>
        </extensions>
      </trkpt>
      <trkpt lat="30.4347469098865985870361328125" lon="120.26433200575411319732666015625">
        <ele>6.19999980926513671875</ele>
        <time>2024-12-16T13:50:08.000Z</time>
        <extensions>
          <ns3:TrackPointExtension>
            <ns3:hr>141</ns3:hr>
            <ns3:cad>64</ns3:cad>
          </ns3:TrackPointExtension>
        </extensions>
      </trkpt>
      <trkpt lat="30.434765517711639404296875" lon="120.2643270604312419891357421875">
        <ele>6.19999980926513671875</ele>
        <time>2024-12-16T13:50:09.000Z</time>
        <extensions>
          <ns3:TrackPointExtension>
            <ns3:hr>140</ns3:hr>
            <ns3:cad>64</ns3:cad>
          </ns3:TrackPointExtension>
        </extensions>
      </trkpt>
      <trkpt lat="30.4347821138799190521240234375" lon="120.2643233723938465118408203125">
        <ele>6.19999980926513671875</ele>
        <time>2024-12-16T13:50:10.000Z</time>
        <extensions>
          <ns3:TrackPointExtension>
            <ns3:hr>138</ns3:hr>
            <ns3:cad>63</ns3:cad>
          </ns3:TrackPointExtension>
        </extensions>
      </trkpt>
      <trkpt lat="30.4347958602011203765869140625" lon="120.2643240429461002349853515625">
        <ele>6.19999980926513671875</ele>
        <time>2024-12-16T13:50:11.000Z</time>
        <extensions>
          <ns3:TrackPointExtension>
            <ns3:hr>137</ns3:hr>
            <ns3:cad>63</ns3:cad>
          </ns3:TrackPointExtension>
        </extensions>
      </trkpt>
      <trkpt lat="30.43480851687490940093994140625" lon="120.2643320895731449127197265625">
        <ele>6.19999980926513671875</ele>
        <time>2024-12-16T13:50:12.000Z</time>
        <extensions>
          <ns3:TrackPointExtension>
            <ns3:hr>135</ns3:hr>
            <ns3:cad>63</ns3:cad>
          </ns3:TrackPointExtension>
        </extensions>
      </trkpt>
      <trkpt lat="30.43482176028192043304443359375" lon="120.264337956905364990234375">
        <ele>6.19999980926513671875</ele>
        <time>2024-12-16T13:50:13.000Z</time>
        <extensions>
          <ns3:TrackPointExtension>
            <ns3:hr>134</ns3:hr>
            <ns3:cad>62</ns3:cad>
          </ns3:TrackPointExtension>
        </extensions>
      </trkpt>
      <trkpt lat="30.434836931526660919189453125" lon="120.2643446624279022216796875">
        <ele>6.19999980926513671875</ele>
        <time>2024-12-16T13:50:14.000Z</time>
        <extensions>
          <ns3:TrackPointExtension>
            <ns3:hr>133</ns3:hr>
            <ns3:cad>61</ns3:cad>
          </ns3:TrackPointExtension>
        </extensions>
      </trkpt>
      <trkpt lat="30.43484791181981563568115234375" lon="120.2643434889614582061767578125">
        <ele>6.19999980926513671875</ele>
        <time>2024-12-16T13:50:15.000Z</time>
        <extensions>
          <ns3:TrackPointExtension>
            <ns3:hr>132</ns3:hr>
            <ns3:cad>60</ns3:cad>
          </ns3:TrackPointExtension>
        </extensions>
      </trkpt>
      <trkpt lat="30.43486006557941436767578125" lon="120.264348685741424560546875">
        <ele>6.19999980926513671875</ele>
        <time>2024-12-16T13:50:16.000Z</time>
        <extensions>
          <ns3:TrackPointExtension>
            <ns3:hr>131</ns3:hr>
            <ns3:cad>60</ns3:cad>
          </ns3:TrackPointExtension>
        </extensions>
      </trkpt>
      <trkpt lat="30.4348706267774105072021484375" lon="120.26435337960720062255859375">
        <ele>6</ele>
        <time>2024-12-16T13:50:17.000Z</time>
        <extensions>
          <ns3:TrackPointExtension>
            <ns3:hr>131</ns3:hr>
            <ns3:cad>60</ns3:cad>
          </ns3:TrackPointExtension>
        </extensions>
      </trkpt>
      <trkpt lat="30.43488043360412120819091796875" lon="120.2643545530736446380615234375">
        <ele>6</ele>
        <time>2024-12-16T13:50:18.000Z</time>
        <extensions>
          <ns3:TrackPointExtension>
            <ns3:hr>130</ns3:hr>
            <ns3:cad>59</ns3:cad>
          </ns3:TrackPointExtension>
        </extensions>
      </trkpt>
      <trkpt lat="30.4348847083747386932373046875" lon="120.264357738196849822998046875">
        <ele>6</ele>
        <time>2024-12-16T13:50:19.000Z</time>
        <extensions>
          <ns3:TrackPointExtension>
            <ns3:hr>130</ns3:hr>
            <ns3:cad>58</ns3:cad>
          </ns3:TrackPointExtension>
        </extensions>
      </trkpt>
      <trkpt lat="30.4348875582218170166015625" lon="120.2643580734729766845703125">
        <ele>6</ele>
        <time>2024-12-16T13:50:20.000Z</time>
        <extensions>
          <ns3:TrackPointExtension>
            <ns3:hr>130</ns3:hr>
            <ns3:cad>57</ns3:cad>
          </ns3:TrackPointExtension>
        </extensions>
      </trkpt>
      <trkpt lat="30.43488881550729274749755859375" lon="120.26435698382556438446044921875">
        <ele>6</ele>
        <time>2024-12-16T13:50:21.000Z</time>
        <extensions>
          <ns3:TrackPointExtension>
            <ns3:hr>130</ns3:hr>
            <ns3:cad>57</ns3:cad>
          </ns3:TrackPointExtension>
        </extensions>
      </trkpt>
      <trkpt lat="30.4348900727927684783935546875" lon="120.264357738196849822998046875">
        <ele>6</ele>
        <time>2024-12-16T13:50:22.000Z</time>
        <extensions>
          <ns3:TrackPointExtension>
            <ns3:hr>130</ns3:hr>
            <ns3:cad>0</ns3:cad>
          </ns3:TrackPointExtension>
        </extensions>
      </trkpt>
      <trkpt lat="30.4348907433450222015380859375" lon="120.2643585763871669769287109375">
        <ele>6</ele>
        <time>2024-12-16T13:50:23.000Z</time>
        <extensions>
          <ns3:TrackPointExtension>
            <ns3:hr>129</ns3:hr>
            <ns3:cad>0</ns3:cad>
          </ns3:TrackPointExtension>
        </extensions>
      </trkpt>
      <trkpt lat="30.43489091098308563232421875" lon="120.26435899548232555389404296875">
        <ele>6</ele>
        <time>2024-12-16T13:50:24.000Z</time>
        <extensions>
          <ns3:TrackPointExtension>
            <ns3:hr>129</ns3:hr>
            <ns3:cad>0</ns3:cad>
          </ns3:TrackPointExtension>
        </extensions>
      </trkpt>
      <trkpt lat="30.4348907433450222015380859375" lon="120.26435899548232555389404296875">
        <ele>6</ele>
        <time>2024-12-16T13:50:25.000Z</time>
        <extensions>
          <ns3:TrackPointExtension>
            <ns3:hr>129</ns3:hr>
            <ns3:cad>0</ns3:cad>
          </ns3:TrackPointExtension>
        </extensions>
      </trkpt>
      <trkpt lat="30.43489317409694194793701171875" lon="120.2643662877380847930908203125">
        <ele>6</ele>
        <time>2024-12-16T13:50:26.000Z</time>
        <extensions>
          <ns3:TrackPointExtension>
            <ns3:hr>129</ns3:hr>
            <ns3:cad>0</ns3:cad>
          </ns3:TrackPointExtension>
        </extensions>
      </trkpt>
      <trkpt lat="30.43489451520144939422607421875" lon="120.26436838321387767791748046875">
        <ele>6</ele>
        <time>2024-12-16T13:50:27.000Z</time>
        <extensions>
          <ns3:TrackPointExtension>
            <ns3:hr>129</ns3:hr>
            <ns3:cad>0</ns3:cad>
          </ns3:TrackPointExtension>
        </extensions>
      </trkpt>
      <trkpt lat="30.4348956048488616943359375" lon="120.26437022723257541656494140625">
        <ele>6</ele>
        <time>2024-12-16T13:50:28.000Z</time>
        <extensions>
          <ns3:TrackPointExtension>
            <ns3:hr>129</ns3:hr>
            <ns3:cad>0</ns3:cad>
          </ns3:TrackPointExtension>
        </extensions>
      </trkpt>
      <trkpt lat="30.434895940124988555908203125" lon="120.26437173597514629364013671875">
        <ele>6</ele>
        <time>2024-12-16T13:50:29.000Z</time>
        <extensions>
          <ns3:TrackPointExtension>
            <ns3:hr>129</ns3:hr>
            <ns3:cad>0</ns3:cad>
          </ns3:TrackPointExtension>
        </extensions>
      </trkpt>
      <trkpt lat="30.43489518575370311737060546875" lon="120.2643726579844951629638671875">
        <ele>6</ele>
        <time>2024-12-16T13:50:30.000Z</time>
        <extensions>
          <ns3:TrackPointExtension>
            <ns3:hr>129</ns3:hr>
            <ns3:cad>0</ns3:cad>
          </ns3:TrackPointExtension>
        </extensions>
      </trkpt>
      <trkpt lat="30.434894599020481109619140625" lon="120.26437307707965373992919921875">
        <ele>6</ele>
        <time>2024-12-16T13:50:31.000Z</time>
        <extensions>
          <ns3:TrackPointExtension>
            <ns3:hr>129</ns3:hr>
            <ns3:cad>0</ns3:cad>
          </ns3:TrackPointExtension>
        </extensions>
      </trkpt>
      <trkpt lat="30.43489501811563968658447265625" lon="120.26437441818416118621826171875">
        <ele>6</ele>
        <time>2024-12-16T13:50:32.000Z</time>
        <extensions>
          <ns3:TrackPointExtension>
            <ns3:hr>129</ns3:hr>
            <ns3:cad>0</ns3:cad>
          </ns3:TrackPointExtension>
        </extensions>
      </trkpt>
      <trkpt lat="30.43489501811563968658447265625" lon="120.26437441818416118621826171875">
        <ele>6</ele>
        <time>2024-12-16T13:50:33.000Z</time>
        <extensions>
          <ns3:TrackPointExtension>
            <ns3:hr>129</ns3:hr>
            <ns3:cad>0</ns3:cad>
          </ns3:TrackPointExtension>
        </extensions>
      </trkpt>
      <trkpt lat="30.43489501811563968658447265625" lon="120.26437441818416118621826171875">
        <ele>6</ele>
        <time>2024-12-16T13:50:34.000Z</time>
        <extensions>
          <ns3:TrackPointExtension>
            <ns3:hr>128</ns3:hr>
            <ns3:cad>0</ns3:cad>
          </ns3:TrackPointExtension>
        </extensions>
      </trkpt>
      <trkpt lat="30.43489501811563968658447265625" lon="120.26437441818416118621826171875">
        <ele>6</ele>
        <time>2024-12-16T13:50:35.000Z</time>
        <extensions>
          <ns3:TrackPointExtension>
            <ns3:hr>126</ns3:hr>
            <ns3:cad>0</ns3:cad>
          </ns3:TrackPointExtension>
        </extensions>
      </trkpt>
      <trkpt lat="30.43489501811563968658447265625" lon="120.26437441818416118621826171875">
        <ele>6</ele>
        <time>2024-12-16T13:50:36.000Z</time>
        <extensions>
          <ns3:TrackPointExtension>
            <ns3:hr>126</ns3:hr>
            <ns3:cad>0</ns3:cad>
          </ns3:TrackPointExtension>
        </extensions>
      </trkpt>
      <trkpt lat="30.43489501811563968658447265625" lon="120.26437441818416118621826171875">
        <ele>6</ele>
        <time>2024-12-16T13:50:37.000Z</time>
        <extensions>
          <ns3:TrackPointExtension>
            <ns3:hr>126</ns3:hr>
            <ns3:cad>0</ns3:cad>
          </ns3:TrackPointExtension>
        </extensions>
      </trkpt>
      <trkpt lat="30.43489501811563968658447265625" lon="120.26437441818416118621826171875">
        <ele>6</ele>
        <time>2024-12-16T13:50:38.000Z</time>
        <extensions>
          <ns3:TrackPointExtension>
            <ns3:hr>126</ns3:hr>
            <ns3:cad>0</ns3:cad>
          </ns3:TrackPointExtension>
        </extensions>
      </trkpt>
      <trkpt lat="30.43489501811563968658447265625" lon="120.26437441818416118621826171875">
        <ele>6</ele>
        <time>2024-12-16T13:50:39.000Z</time>
        <extensions>
          <ns3:TrackPointExtension>
            <ns3:hr>127</ns3:hr>
            <ns3:cad>0</ns3:cad>
          </ns3:TrackPointExtension>
        </extensions>
      </trkpt>
      <trkpt lat="30.43489501811563968658447265625" lon="120.264373831450939178466796875">
        <ele>6</ele>
        <time>2024-12-16T13:50:40.000Z</time>
        <extensions>
          <ns3:TrackPointExtension>
            <ns3:hr>127</ns3:hr>
            <ns3:cad>0</ns3:cad>
          </ns3:TrackPointExtension>
        </extensions>
      </trkpt>
      <trkpt lat="30.43489501811563968658447265625" lon="120.26437341235578060150146484375">
        <ele>6</ele>
        <time>2024-12-16T13:50:41.000Z</time>
        <extensions>
          <ns3:TrackPointExtension>
            <ns3:hr>126</ns3:hr>
            <ns3:cad>0</ns3:cad>
          </ns3:TrackPointExtension>
        </extensions>
      </trkpt>
      <trkpt lat="30.43489501811563968658447265625" lon="120.26437307707965373992919921875">
        <ele>6</ele>
        <time>2024-12-16T13:50:42.000Z</time>
        <extensions>
          <ns3:TrackPointExtension>
            <ns3:hr>126</ns3:hr>
            <ns3:cad>0</ns3:cad>
          </ns3:TrackPointExtension>
        </extensions>
      </trkpt>
      <trkpt lat="30.434894599020481109619140625" lon="120.26437307707965373992919921875">
        <ele>6</ele>
        <time>2024-12-16T13:50:43.000Z</time>
        <extensions>
          <ns3:TrackPointExtension>
            <ns3:hr>125</ns3:hr>
            <ns3:cad>0</ns3:cad>
          </ns3:TrackPointExtension>
        </extensions>
      </trkpt>
      <trkpt lat="30.434894599020481109619140625" lon="120.26437290944159030914306640625">
        <ele>6</ele>
        <time>2024-12-16T13:50:44.000Z</time>
        <extensions>
          <ns3:TrackPointExtension>
            <ns3:hr>125</ns3:hr>
            <ns3:cad>0</ns3:cad>
          </ns3:TrackPointExtension>
        </extensions>
      </trkpt>
      <trkpt lat="30.434894599020481109619140625" lon="120.26437282562255859375">
        <ele>6</ele>
        <time>2024-12-16T13:50:45.000Z</time>
        <extensions>
          <ns3:TrackPointExtension>
            <ns3:hr>125</ns3:hr>
            <ns3:cad>0</ns3:cad>
          </ns3:TrackPointExtension>
        </extensions>
      </trkpt>
      <trkpt lat="30.434894599020481109619140625" lon="120.2643726579844951629638671875">
        <ele>6</ele>
        <time>2024-12-16T13:50:46.000Z</time>
        <extensions>
          <ns3:TrackPointExtension>
            <ns3:hr>124</ns3:hr>
            <ns3:cad>0</ns3:cad>
          </ns3:TrackPointExtension>
        </extensions>
      </trkpt>
      <trkpt lat="30.434899292886257171630859375" lon="120.26437022723257541656494140625">
        <ele>6</ele>
        <time>2024-12-16T13:50:47.000Z</time>
        <extensions>
          <ns3:TrackPointExtension>
            <ns3:hr>124</ns3:hr>
            <ns3:cad>0</ns3:cad>
          </ns3:TrackPointExtension>
        </extensions>
      </trkpt>
      <trkpt lat="30.43492469005286693572998046875" lon="120.2643501944839954376220703125">
        <ele>6</ele>
        <time>2024-12-16T13:50:48.000Z</time>
        <extensions>
          <ns3:TrackPointExtension>
            <ns3:hr>123</ns3:hr>
            <ns3:cad>91</ns3:cad>
          </ns3:TrackPointExtension>
        </extensions>
      </trkpt>
      <trkpt lat="30.434947907924652099609375" lon="120.264332257211208343505859375">
        <ele>6</ele>
        <time>2024-12-16T13:50:49.000Z</time>
        <extensions>
          <ns3:TrackPointExtension>
            <ns3:hr>123</ns3:hr>
            <ns3:cad>92</ns3:cad>
          </ns3:TrackPointExtension>
        </extensions>
      </trkpt>
      <trkpt lat="30.4349626600742340087890625" lon="120.2643153257668018341064453125">
        <ele>5.599999904632568359375</ele>
        <time>2024-12-16T13:50:50.000Z</time>
        <extensions>
          <ns3:TrackPointExtension>
            <ns3:hr>123</ns3:hr>
            <ns3:cad>91</ns3:cad>
          </ns3:TrackPointExtension>
        </extensions>
      </trkpt>
      <trkpt lat="30.434976406395435333251953125" lon="120.264303423464298248291015625">
        <ele>5.599999904632568359375</ele>
        <time>2024-12-16T13:50:51.000Z</time>
        <extensions>
          <ns3:TrackPointExtension>
            <ns3:hr>123</ns3:hr>
            <ns3:cad>91</ns3:cad>
          </ns3:TrackPointExtension>
        </extensions>
      </trkpt>
      <trkpt lat="30.4349997080862522125244140625" lon="120.2642864920198917388916015625">
        <ele>5.400000095367431640625</ele>
        <time>2024-12-16T13:50:52.000Z</time>
        <extensions>
          <ns3:TrackPointExtension>
            <ns3:hr>123</ns3:hr>
            <ns3:cad>91</ns3:cad>
          </ns3:TrackPointExtension>
        </extensions>
      </trkpt>
      <trkpt lat="30.43503114022314548492431640625" lon="120.26427299715578556060791015625">
        <ele>5.19999980926513671875</ele>
        <time>2024-12-16T13:50:53.000Z</time>
        <extensions>
          <ns3:TrackPointExtension>
            <ns3:hr>124</ns3:hr>
            <ns3:cad>91</ns3:cad>
          </ns3:TrackPointExtension>
        </extensions>
      </trkpt>
      <trkpt lat="30.43507464230060577392578125" lon="120.264256484806537628173828125">
        <ele>4.80000019073486328125</ele>
        <time>2024-12-16T13:50:54.000Z</time>
        <extensions>
          <ns3:TrackPointExtension>
            <ns3:hr>124</ns3:hr>
            <ns3:cad>90</ns3:cad>
          </ns3:TrackPointExtension>
        </extensions>
      </trkpt>
      <trkpt lat="30.43510724790394306182861328125" lon="120.264236032962799072265625">
        <ele>4.599999904632568359375</ele>
        <time>2024-12-16T13:50:55.000Z</time>
        <extensions>
          <ns3:TrackPointExtension>
            <ns3:hr>124</ns3:hr>
            <ns3:cad>89</ns3:cad>
          </ns3:TrackPointExtension>
        </extensions>
      </trkpt>
      <trkpt lat="30.4351381771266460418701171875" lon="120.26421566493809223175048828125">
        <ele>4.400000095367431640625</ele>
        <time>2024-12-16T13:50:56.000Z</time>
        <extensions>
          <ns3:TrackPointExtension>
            <ns3:hr>124</ns3:hr>
            <ns3:cad>88</ns3:cad>
          </ns3:TrackPointExtension>
        </extensions>
      </trkpt>
      <trkpt lat="30.43516240082681179046630859375" lon="120.264199487864971160888671875">
        <ele>4.400000095367431640625</ele>
        <time>2024-12-16T13:50:57.000Z</time>
        <extensions>
          <ns3:TrackPointExtension>
            <ns3:hr>124</ns3:hr>
            <ns3:cad>88</ns3:cad>
          </ns3:TrackPointExtension>
        </extensions>
      </trkpt>
      <trkpt lat="30.43518117628991603851318359375" lon="120.26419018395245075225830078125">
        <ele>4.400000095367431640625</ele>
        <time>2024-12-16T13:50:58.000Z</time>
        <extensions>
          <ns3:TrackPointExtension>
            <ns3:hr>124</ns3:hr>
            <ns3:cad>89</ns3:cad>
          </ns3:TrackPointExtension>
        </extensions>
      </trkpt>
      <trkpt lat="30.435199700295925140380859375" lon="120.264186076819896697998046875">
        <ele>4.400000095367431640625</ele>
        <time>2024-12-16T13:50:59.000Z</time>
        <extensions>
          <ns3:TrackPointExtension>
            <ns3:hr>124</ns3:hr>
            <ns3:cad>90</ns3:cad>
          </ns3:TrackPointExtension>
        </extensions>
      </trkpt>
      <trkpt lat="30.43522107414901256561279296875" lon="120.2641775272786617279052734375">
        <ele>4.400000095367431640625</ele>
        <time>2024-12-16T13:51:00.000Z</time>
        <extensions>
          <ns3:TrackPointExtension>
            <ns3:hr>124</ns3:hr>
            <ns3:cad>91</ns3:cad>
          </ns3:TrackPointExtension>
        </extensions>
      </trkpt>
      <trkpt lat="30.43523968197405338287353515625" lon="120.264162607491016387939453125">
        <ele>4.19999980926513671875</ele>
        <time>2024-12-16T13:51:01.000Z</time>
        <extensions>
          <ns3:TrackPointExtension>
            <ns3:hr>124</ns3:hr>
            <ns3:cad>91</ns3:cad>
          </ns3:TrackPointExtension>
        </extensions>
      </trkpt>
      <trkpt lat="30.43525259010493755340576171875" lon="120.2641429938375949859619140625">
        <ele>4.19999980926513671875</ele>
        <time>2024-12-16T13:51:02.000Z</time>
        <extensions>
          <ns3:TrackPointExtension>
            <ns3:hr>123</ns3:hr>
            <ns3:cad>89</ns3:cad>
          </ns3:TrackPointExtension>
        </extensions>
      </trkpt>
      <trkpt lat="30.4352612234652042388916015625" lon="120.26411893777549266815185546875">
        <ele>4.19999980926513671875</ele>
        <time>2024-12-16T13:51:03.000Z</time>
        <extensions>
          <ns3:TrackPointExtension>
            <ns3:hr>123</ns3:hr>
            <ns3:cad>88</ns3:cad>
          </ns3:TrackPointExtension>
        </extensions>
      </trkpt>
      <trkpt lat="30.4352685995399951934814453125" lon="120.26409328915178775787353515625">
        <ele>4.19999980926513671875</ele>
        <time>2024-12-16T13:51:04.000Z</time>
        <extensions>
          <ns3:TrackPointExtension>
            <ns3:hr>123</ns3:hr>
            <ns3:cad>87</ns3:cad>
          </ns3:TrackPointExtension>
        </extensions>
      </trkpt>
      <trkpt lat="30.43527723290026187896728515625" lon="120.26406713761389255523681640625">
        <ele>4.19999980926513671875</ele>
        <time>2024-12-16T13:51:05.000Z</time>
        <extensions>
          <ns3:TrackPointExtension>
            <ns3:hr>122</ns3:hr>
            <ns3:cad>87</ns3:cad>
          </ns3:TrackPointExtension>
        </extensions>
      </trkpt>
      <trkpt lat="30.43528779409825801849365234375" lon="120.2640417404472827911376953125">
        <ele>4.400000095367431640625</ele>
        <time>2024-12-16T13:51:06.000Z</time>
        <extensions>
          <ns3:TrackPointExtension>
            <ns3:hr>122</ns3:hr>
            <ns3:cad>87</ns3:cad>
          </ns3:TrackPointExtension>
        </extensions>
      </trkpt>
      <trkpt lat="30.43530304916203022003173828125" lon="120.26401542127132415771484375">
        <ele>4.400000095367431640625</ele>
        <time>2024-12-16T13:51:07.000Z</time>
        <extensions>
          <ns3:TrackPointExtension>
            <ns3:hr>121</ns3:hr>
            <ns3:cad>87</ns3:cad>
          </ns3:TrackPointExtension>
        </extensions>
      </trkpt>
      <trkpt lat="30.43532450683414936065673828125" lon="120.26398667134344577789306640625">
        <ele>4.599999904632568359375</ele>
        <time>2024-12-16T13:51:08.000Z</time>
        <extensions>
          <ns3:TrackPointExtension>
            <ns3:hr>121</ns3:hr>
            <ns3:cad>88</ns3:cad>
          </ns3:TrackPointExtension>
        </extensions>
      </trkpt>
      <trkpt lat="30.43534914962947368621826171875" lon="120.26396102271974086761474609375">
        <ele>4.80000019073486328125</ele>
        <time>2024-12-16T13:51:09.000Z</time>
        <extensions>
          <ns3:TrackPointExtension>
            <ns3:hr>121</ns3:hr>
            <ns3:cad>88</ns3:cad>
          </ns3:TrackPointExtension>
        </extensions>
      </trkpt>
      <trkpt lat="30.4353762231767177581787109375" lon="120.263939984142780303955078125">
        <ele>5</ele>
        <time>2024-12-16T13:51:10.000Z</time>
        <extensions>
          <ns3:TrackPointExtension>
            <ns3:hr>122</ns3:hr>
            <ns3:cad>88</ns3:cad>
          </ns3:TrackPointExtension>
        </extensions>
      </trkpt>
      <trkpt lat="30.4354037158191204071044921875" lon="120.26392062194645404815673828125">
        <ele>5</ele>
        <time>2024-12-16T13:51:11.000Z</time>
        <extensions>
          <ns3:TrackPointExtension>
            <ns3:hr>122</ns3:hr>
            <ns3:cad>89</ns3:cad>
          </ns3:TrackPointExtension>
        </extensions>
      </trkpt>
      <trkpt lat="30.43543950654566287994384765625" lon="120.2639007568359375">
        <ele>5</ele>
        <time>2024-12-16T13:51:12.000Z</time>
        <extensions>
          <ns3:TrackPointExtension>
            <ns3:hr>123</ns3:hr>
            <ns3:cad>89</ns3:cad>
          </ns3:TrackPointExtension>
        </extensions>
      </trkpt>
      <trkpt lat="30.43547269888222217559814453125" lon="120.26387921534478664398193359375">
        <ele>5</ele>
        <time>2024-12-16T13:51:13.000Z</time>
        <extensions>
          <ns3:TrackPointExtension>
            <ns3:hr>124</ns3:hr>
            <ns3:cad>89</ns3:cad>
          </ns3:TrackPointExtension>
        </extensions>
      </trkpt>
      <trkpt lat="30.43549843132495880126953125" lon="120.2638623677194118499755859375">
        <ele>5</ele>
        <time>2024-12-16T13:51:14.000Z</time>
        <extensions>
          <ns3:TrackPointExtension>
            <ns3:hr>125</ns3:hr>
            <ns3:cad>90</ns3:cad>
          </ns3:TrackPointExtension>
        </extensions>
      </trkpt>
      <trkpt lat="30.43552391231060028076171875" lon="120.26384769938886165618896484375">
        <ele>5</ele>
        <time>2024-12-16T13:51:15.000Z</time>
        <extensions>
          <ns3:TrackPointExtension>
            <ns3:hr>127</ns3:hr>
            <ns3:cad>90</ns3:cad>
          </ns3:TrackPointExtension>
        </extensions>
      </trkpt>
      <trkpt lat="30.43554914183914661407470703125" lon="120.2638335339725017547607421875">
        <ele>5</ele>
        <time>2024-12-16T13:51:16.000Z</time>
        <extensions>
          <ns3:TrackPointExtension>
            <ns3:hr>128</ns3:hr>
            <ns3:cad>90</ns3:cad>
          </ns3:TrackPointExtension>
        </extensions>
      </trkpt>
      <trkpt lat="30.435573197901248931884765625" lon="120.26381668634712696075439453125">
        <ele>5</ele>
        <time>2024-12-16T13:51:17.000Z</time>
        <extensions>
          <ns3:TrackPointExtension>
            <ns3:hr>130</ns3:hr>
            <ns3:cad>90</ns3:cad>
          </ns3:TrackPointExtension>
        </extensions>
      </trkpt>
      <trkpt lat="30.43559633195400238037109375" lon="120.2637979947030544281005859375">
        <ele>5</ele>
        <time>2024-12-16T13:51:18.000Z</time>
        <extensions>
          <ns3:TrackPointExtension>
            <ns3:hr>131</ns3:hr>
            <ns3:cad>90</ns3:cad>
          </ns3:TrackPointExtension>
        </extensions>
      </trkpt>
      <trkpt lat="30.43562047183513641357421875" lon="120.26378248818218708038330078125">
        <ele>5</ele>
        <time>2024-12-16T13:51:19.000Z</time>
        <extensions>
          <ns3:TrackPointExtension>
            <ns3:hr>132</ns3:hr>
            <ns3:cad>91</ns3:cad>
          </ns3:TrackPointExtension>
        </extensions>
      </trkpt>
      <trkpt lat="30.43564486317336559295654296875" lon="120.26376639492809772491455078125">
        <ele>4.80000019073486328125</ele>
        <time>2024-12-16T13:51:20.000Z</time>
        <extensions>
          <ns3:TrackPointExtension>
            <ns3:hr>133</ns3:hr>
            <ns3:cad>92</ns3:cad>
          </ns3:TrackPointExtension>
        </extensions>
      </trkpt>
      <trkpt lat="30.43566799722611904144287109375" lon="120.2637507207691669464111328125">
        <ele>4.80000019073486328125</ele>
        <time>2024-12-16T13:51:21.000Z</time>
        <extensions>
          <ns3:TrackPointExtension>
            <ns3:hr>134</ns3:hr>
            <ns3:cad>92</ns3:cad>
          </ns3:TrackPointExtension>
        </extensions>
      </trkpt>
      <trkpt lat="30.4356920532882213592529296875" lon="120.26373378932476043701171875">
        <ele>4.80000019073486328125</ele>
        <time>2024-12-16T13:51:22.000Z</time>
        <extensions>
          <ns3:TrackPointExtension>
            <ns3:hr>135</ns3:hr>
            <ns3:cad>92</ns3:cad>
          </ns3:TrackPointExtension>
        </extensions>
      </trkpt>
      <trkpt lat="30.4357158578932285308837890625" lon="120.2637181989848613739013671875">
        <ele>4.80000019073486328125</ele>
        <time>2024-12-16T13:51:23.000Z</time>
        <extensions>
          <ns3:TrackPointExtension>
            <ns3:hr>135</ns3:hr>
            <ns3:cad>91</ns3:cad>
          </ns3:TrackPointExtension>
        </extensions>
      </trkpt>
      <trkpt lat="30.4357426799833774566650390625" lon="120.26370420120656490325927734375">
        <ele>4.80000019073486328125</ele>
        <time>2024-12-16T13:51:24.000Z</time>
        <extensions>
          <ns3:TrackPointExtension>
            <ns3:hr>135</ns3:hr>
            <ns3:cad>90</ns3:cad>
          </ns3:TrackPointExtension>
        </extensions>
      </trkpt>
      <trkpt lat="30.43576757423579692840576171875" lon="120.26368877850472927093505859375">
        <ele>5</ele>
        <time>2024-12-16T13:51:25.000Z</time>
        <extensions>
          <ns3:TrackPointExtension>
            <ns3:hr>135</ns3:hr>
            <ns3:cad>90</ns3:cad>
          </ns3:TrackPointExtension>
        </extensions>
      </trkpt>
      <trkpt lat="30.43579288758337497711181640625" lon="120.2636712603271007537841796875">
        <ele>5</ele>
        <time>2024-12-16T13:51:26.000Z</time>
        <extensions>
          <ns3:TrackPointExtension>
            <ns3:hr>135</ns3:hr>
            <ns3:cad>90</ns3:cad>
          </ns3:TrackPointExtension>
        </extensions>
      </trkpt>
      <trkpt lat="30.435818620026111602783203125" lon="120.26366245932877063751220703125">
        <ele>5.19999980926513671875</ele>
        <time>2024-12-16T13:51:27.000Z</time>
        <extensions>
          <ns3:TrackPointExtension>
            <ns3:hr>135</ns3:hr>
            <ns3:cad>90</ns3:cad>
          </ns3:TrackPointExtension>
        </extensions>
      </trkpt>
      <trkpt lat="30.43584234081208705902099609375" lon="120.2636508084833621978759765625">
        <ele>5.400000095367431640625</ele>
        <time>2024-12-16T13:51:28.000Z</time>
        <extensions>
          <ns3:TrackPointExtension>
            <ns3:hr>135</ns3:hr>
            <ns3:cad>89</ns3:cad>
          </ns3:TrackPointExtension>
        </extensions>
      </trkpt>
      <trkpt lat="30.43586589395999908447265625" lon="120.26363614015281200408935546875">
        <ele>5.599999904632568359375</ele>
        <time>2024-12-16T13:51:29.000Z</time>
        <extensions>
          <ns3:TrackPointExtension>
            <ns3:hr>135</ns3:hr>
            <ns3:cad>89</ns3:cad>
          </ns3:TrackPointExtension>
        </extensions>
      </trkpt>
      <trkpt lat="30.43589045293629169464111328125" lon="120.26362423785030841827392578125">
        <ele>5.599999904632568359375</ele>
        <time>2024-12-16T13:51:30.000Z</time>
        <extensions>
          <ns3:TrackPointExtension>
            <ns3:hr>135</ns3:hr>
            <ns3:cad>89</ns3:cad>
          </ns3:TrackPointExtension>
        </extensions>
      </trkpt>
      <trkpt lat="30.4359133355319499969482421875" lon="120.2636109106242656707763671875">
        <ele>5.80000019073486328125</ele>
        <time>2024-12-16T13:51:31.000Z</time>
        <extensions>
          <ns3:TrackPointExtension>
            <ns3:hr>136</ns3:hr>
            <ns3:cad>89</ns3:cad>
          </ns3:TrackPointExtension>
        </extensions>
      </trkpt>
      <trkpt lat="30.43593722395598888397216796875" lon="120.2635941468179225921630859375">
        <ele>5.80000019073486328125</ele>
        <time>2024-12-16T13:51:32.000Z</time>
        <extensions>
          <ns3:TrackPointExtension>
            <ns3:hr>136</ns3:hr>
            <ns3:cad>89</ns3:cad>
          </ns3:TrackPointExtension>
        </extensions>
      </trkpt>
      <trkpt lat="30.43595977127552032470703125" lon="120.26358199305832386016845703125">
        <ele>5.80000019073486328125</ele>
        <time>2024-12-16T13:51:33.000Z</time>
        <extensions>
          <ns3:TrackPointExtension>
            <ns3:hr>136</ns3:hr>
            <ns3:cad>90</ns3:cad>
          </ns3:TrackPointExtension>
        </extensions>
      </trkpt>
      <trkpt lat="30.43598248623311519622802734375" lon="120.26356740854680538177490234375">
        <ele>5.80000019073486328125</ele>
        <time>2024-12-16T13:51:34.000Z</time>
        <extensions>
          <ns3:TrackPointExtension>
            <ns3:hr>137</ns3:hr>
            <ns3:cad>90</ns3:cad>
          </ns3:TrackPointExtension>
        </extensions>
      </trkpt>
      <trkpt lat="30.43600360862910747528076171875" lon="120.26355139911174774169921875">
        <ele>5.80000019073486328125</ele>
        <time>2024-12-16T13:51:35.000Z</time>
        <extensions>
          <ns3:TrackPointExtension>
            <ns3:hr>137</ns3:hr>
            <ns3:cad>90</ns3:cad>
          </ns3:TrackPointExtension>
        </extensions>
      </trkpt>
      <trkpt lat="30.4360246472060680389404296875" lon="120.26353798806667327880859375">
        <ele>5.80000019073486328125</ele>
        <time>2024-12-16T13:51:36.000Z</time>
        <extensions>
          <ns3:TrackPointExtension>
            <ns3:hr>137</ns3:hr>
            <ns3:cad>90</ns3:cad>
          </ns3:TrackPointExtension>
        </extensions>
      </trkpt>
      <trkpt lat="30.43604484759271144866943359375" lon="120.2635239064693450927734375">
        <ele>5.80000019073486328125</ele>
        <time>2024-12-16T13:51:37.000Z</time>
        <extensions>
          <ns3:TrackPointExtension>
            <ns3:hr>137</ns3:hr>
            <ns3:cad>90</ns3:cad>
          </ns3:TrackPointExtension>
        </extensions>
      </trkpt>
      <trkpt lat="30.4360642097890377044677734375" lon="120.26350119151175022125244140625">
        <ele>5.80000019073486328125</ele>
        <time>2024-12-16T13:51:38.000Z</time>
        <extensions>
          <ns3:TrackPointExtension>
            <ns3:hr>138</ns3:hr>
            <ns3:cad>90</ns3:cad>
          </ns3:TrackPointExtension>
        </extensions>
      </trkpt>
      <trkpt lat="30.43608709238469600677490234375" lon="120.26348493061959743499755859375">
        <ele>5.599999904632568359375</ele>
        <time>2024-12-16T13:51:39.000Z</time>
        <extensions>
          <ns3:TrackPointExtension>
            <ns3:hr>139</ns3:hr>
            <ns3:cad>90</ns3:cad>
          </ns3:TrackPointExtension>
        </extensions>
      </trkpt>
      <trkpt lat="30.436112321913242340087890625" lon="120.2634824998676776885986328125">
        <ele>5.599999904632568359375</ele>
        <time>2024-12-16T13:51:40.000Z</time>
        <extensions>
          <ns3:TrackPointExtension>
            <ns3:hr>140</ns3:hr>
            <ns3:cad>90</ns3:cad>
          </ns3:TrackPointExtension>
        </extensions>
      </trkpt>
      <trkpt lat="30.4361336119472980499267578125" lon="120.2634711004793643951416015625">
        <ele>5.400000095367431640625</ele>
        <time>2024-12-16T13:51:41.000Z</time>
        <extensions>
          <ns3:TrackPointExtension>
            <ns3:hr>140</ns3:hr>
            <ns3:cad>88</ns3:cad>
          </ns3:TrackPointExtension>
        </extensions>
      </trkpt>
      <trkpt lat="30.43615297414362430572509765625" lon="120.26345710270106792449951171875">
        <ele>5.19999980926513671875</ele>
        <time>2024-12-16T13:51:42.000Z</time>
        <extensions>
          <ns3:TrackPointExtension>
            <ns3:hr>141</ns3:hr>
            <ns3:cad>88</ns3:cad>
          </ns3:TrackPointExtension>
        </extensions>
      </trkpt>
      <trkpt lat="30.4361745156347751617431640625" lon="120.2634446136653423309326171875">
        <ele>5</ele>
        <time>2024-12-16T13:51:43.000Z</time>
        <extensions>
          <ns3:TrackPointExtension>
            <ns3:hr>141</ns3:hr>
            <ns3:cad>88</ns3:cad>
          </ns3:TrackPointExtension>
        </extensions>
      </trkpt>
      <trkpt lat="30.4361946322023868560791015625" lon="120.26342893950641155242919921875">
        <ele>4.80000019073486328125</ele>
        <time>2024-12-16T13:51:44.000Z</time>
        <extensions>
          <ns3:TrackPointExtension>
            <ns3:hr>141</ns3:hr>
            <ns3:cad>88</ns3:cad>
          </ns3:TrackPointExtension>
        </extensions>
      </trkpt>
      <trkpt lat="30.43621785007417201995849609375" lon="120.263415277004241943359375">
        <ele>4.599999904632568359375</ele>
        <time>2024-12-16T13:51:45.000Z</time>
        <extensions>
          <ns3:TrackPointExtension>
            <ns3:hr>141</ns3:hr>
            <ns3:cad>89</ns3:cad>
          </ns3:TrackPointExtension>
        </extensions>
      </trkpt>
      <trkpt lat="30.43624014593660831451416015625" lon="120.26340387761592864990234375">
        <ele>4.599999904632568359375</ele>
        <time>2024-12-16T13:51:46.000Z</time>
        <extensions>
          <ns3:TrackPointExtension>
            <ns3:hr>141</ns3:hr>
            <ns3:cad>89</ns3:cad>
          </ns3:TrackPointExtension>
        </extensions>
      </trkpt>
      <trkpt lat="30.43625942431390285491943359375" lon="120.26338987983763217926025390625">
        <ele>4.400000095367431640625</ele>
        <time>2024-12-16T13:51:47.000Z</time>
        <extensions>
          <ns3:TrackPointExtension>
            <ns3:hr>141</ns3:hr>
            <ns3:cad>89</ns3:cad>
          </ns3:TrackPointExtension>
        </extensions>
      </trkpt>
      <trkpt lat="30.43627937324345111846923828125" lon="120.2633735351264476776123046875">
        <ele>4.400000095367431640625</ele>
        <time>2024-12-16T13:51:48.000Z</time>
        <extensions>
          <ns3:TrackPointExtension>
            <ns3:hr>141</ns3:hr>
            <ns3:cad>89</ns3:cad>
          </ns3:TrackPointExtension>
        </extensions>
      </trkpt>
      <trkpt lat="30.4363035969436168670654296875" lon="120.26335903443396091461181640625">
        <ele>4.400000095367431640625</ele>
        <time>2024-12-16T13:51:49.000Z</time>
        <extensions>
          <ns3:TrackPointExtension>
            <ns3:hr>142</ns3:hr>
            <ns3:cad>89</ns3:cad>
          </ns3:TrackPointExtension>
        </extensions>
      </trkpt>
      <trkpt lat="30.43632698245346546173095703125" lon="120.263347886502742767333984375">
        <ele>4.400000095367431640625</ele>
        <time>2024-12-16T13:51:50.000Z</time>
        <extensions>
          <ns3:TrackPointExtension>
            <ns3:hr>143</ns3:hr>
            <ns3:cad>89</ns3:cad>
          </ns3:TrackPointExtension>
        </extensions>
      </trkpt>
      <trkpt lat="30.43635380454361438751220703125" lon="120.2633356489241123199462890625">
        <ele>4.400000095367431640625</ele>
        <time>2024-12-16T13:51:51.000Z</time>
        <extensions>
          <ns3:TrackPointExtension>
            <ns3:hr>143</ns3:hr>
            <ns3:cad>89</ns3:cad>
          </ns3:TrackPointExtension>
        </extensions>
      </trkpt>
      <trkpt lat="30.43637526221573352813720703125" lon="120.263321064412593841552734375">
        <ele>4.19999980926513671875</ele>
        <time>2024-12-16T13:51:52.000Z</time>
        <extensions>
          <ns3:TrackPointExtension>
            <ns3:hr>144</ns3:hr>
            <ns3:cad>89</ns3:cad>
          </ns3:TrackPointExtension>
        </extensions>
      </trkpt>
      <trkpt lat="30.4363971389830112457275390625" lon="120.2633039653301239013671875">
        <ele>4.19999980926513671875</ele>
        <time>2024-12-16T13:51:53.000Z</time>
        <extensions>
          <ns3:TrackPointExtension>
            <ns3:hr>144</ns3:hr>
            <ns3:cad>89</ns3:cad>
          </ns3:TrackPointExtension>
        </extensions>
      </trkpt>
      <trkpt lat="30.43642002157866954803466796875" lon="120.26329130865633487701416015625">
        <ele>4.19999980926513671875</ele>
        <time>2024-12-16T13:51:54.000Z</time>
        <extensions>
          <ns3:TrackPointExtension>
            <ns3:hr>144</ns3:hr>
            <ns3:cad>89</ns3:cad>
          </ns3:TrackPointExtension>
        </extensions>
      </trkpt>
      <trkpt lat="30.436443574726581573486328125" lon="120.26328007690608501434326171875">
        <ele>4.19999980926513671875</ele>
        <time>2024-12-16T13:51:55.000Z</time>
        <extensions>
          <ns3:TrackPointExtension>
            <ns3:hr>144</ns3:hr>
            <ns3:cad>89</ns3:cad>
          </ns3:TrackPointExtension>
        </extensions>
      </trkpt>
      <trkpt lat="30.43646578676998615264892578125" lon="120.2632690966129302978515625">
        <ele>4</ele>
        <time>2024-12-16T13:51:56.000Z</time>
        <extensions>
          <ns3:TrackPointExtension>
            <ns3:hr>144</ns3:hr>
            <ns3:cad>89</ns3:cad>
          </ns3:TrackPointExtension>
        </extensions>
      </trkpt>
      <trkpt lat="30.43648757971823215484619140625" lon="120.2632538415491580963134765625">
        <ele>4</ele>
        <time>2024-12-16T13:51:57.000Z</time>
        <extensions>
          <ns3:TrackPointExtension>
            <ns3:hr>144</ns3:hr>
            <ns3:cad>89</ns3:cad>
          </ns3:TrackPointExtension>
        </extensions>
      </trkpt>
      <trkpt lat="30.43651155196130275726318359375" lon="120.26323565281927585601806640625">
        <ele>4</ele>
        <time>2024-12-16T13:51:58.000Z</time>
        <extensions>
          <ns3:TrackPointExtension>
            <ns3:hr>144</ns3:hr>
            <ns3:cad>89</ns3:cad>
          </ns3:TrackPointExtension>
        </extensions>
      </trkpt>
      <trkpt lat="30.436536110937595367431640625" lon="120.26322224177420139312744140625">
        <ele>3.7999999523162841796875</ele>
        <time>2024-12-16T13:51:59.000Z</time>
        <extensions>
          <ns3:TrackPointExtension>
            <ns3:hr>144</ns3:hr>
            <ns3:cad>89</ns3:cad>
          </ns3:TrackPointExtension>
        </extensions>
      </trkpt>
      <trkpt lat="30.43655916117131710052490234375" lon="120.26321478188037872314453125">
        <ele>3.7999999523162841796875</ele>
        <time>2024-12-16T13:52:00.000Z</time>
        <extensions>
          <ns3:TrackPointExtension>
            <ns3:hr>145</ns3:hr>
            <ns3:cad>89</ns3:cad>
          </ns3:TrackPointExtension>
        </extensions>
      </trkpt>
      <trkpt lat="30.43658128939568996429443359375" lon="120.26321017183363437652587890625">
        <ele>3.7999999523162841796875</ele>
        <time>2024-12-16T13:52:01.000Z</time>
        <extensions>
          <ns3:TrackPointExtension>
            <ns3:hr>145</ns3:hr>
            <ns3:cad>89</ns3:cad>
          </ns3:TrackPointExtension>
        </extensions>
      </trkpt>
      <trkpt lat="30.43660350143909454345703125" lon="120.263200365006923675537109375">
        <ele>4</ele>
        <time>2024-12-16T13:52:02.000Z</time>
        <extensions>
          <ns3:TrackPointExtension>
            <ns3:hr>145</ns3:hr>
            <ns3:cad>89</ns3:cad>
          </ns3:TrackPointExtension>
        </extensions>
      </trkpt>
      <trkpt lat="30.43662370182573795318603515625" lon="120.263190977275371551513671875">
        <ele>4</ele>
        <time>2024-12-16T13:52:03.000Z</time>
        <extensions>
          <ns3:TrackPointExtension>
            <ns3:hr>145</ns3:hr>
            <ns3:cad>89</ns3:cad>
          </ns3:TrackPointExtension>
        </extensions>
      </trkpt>
      <trkpt lat="30.436643399298191070556640625" lon="120.263179242610931396484375">
        <ele>4</ele>
        <time>2024-12-16T13:52:04.000Z</time>
        <extensions>
          <ns3:TrackPointExtension>
            <ns3:hr>146</ns3:hr>
            <ns3:cad>90</ns3:cad>
          </ns3:TrackPointExtension>
        </extensions>
      </trkpt>
      <trkpt lat="30.43666192330420017242431640625" lon="120.2631618082523345947265625">
        <ele>4.19999980926513671875</ele>
        <time>2024-12-16T13:52:05.000Z</time>
        <extensions>
          <ns3:TrackPointExtension>
            <ns3:hr>146</ns3:hr>
            <ns3:cad>90</ns3:cad>
          </ns3:TrackPointExtension>
        </extensions>
      </trkpt>
      <trkpt lat="30.43668153695762157440185546875" lon="120.26314713992178440093994140625">
        <ele>4.19999980926513671875</ele>
        <time>2024-12-16T13:52:06.000Z</time>
        <extensions>
          <ns3:TrackPointExtension>
            <ns3:hr>146</ns3:hr>
            <ns3:cad>92</ns3:cad>
          </ns3:TrackPointExtension>
        </extensions>
      </trkpt>
      <trkpt lat="30.43670215643942356109619140625" lon="120.2631376683712005615234375">
        <ele>4.19999980926513671875</ele>
        <time>2024-12-16T13:52:07.000Z</time>
        <extensions>
          <ns3:TrackPointExtension>
            <ns3:hr>147</ns3:hr>
            <ns3:cad>92</ns3:cad>
          </ns3:TrackPointExtension>
        </extensions>
      </trkpt>
      <trkpt lat="30.43672478757798671722412109375" lon="120.26312685571610927581787109375">
        <ele>4.400000095367431640625</ele>
        <time>2024-12-16T13:52:08.000Z</time>
        <extensions>
          <ns3:TrackPointExtension>
            <ns3:hr>147</ns3:hr>
            <ns3:cad>92</ns3:cad>
          </ns3:TrackPointExtension>
        </extensions>
      </trkpt>
      <trkpt lat="30.43674767017364501953125" lon="120.26311419904232025146484375">
        <ele>4.400000095367431640625</ele>
        <time>2024-12-16T13:52:09.000Z</time>
        <extensions>
          <ns3:TrackPointExtension>
            <ns3:hr>148</ns3:hr>
            <ns3:cad>91</ns3:cad>
          </ns3:TrackPointExtension>
        </extensions>
      </trkpt>
      <trkpt lat="30.43677340261638164520263671875" lon="120.26310791261494159698486328125">
        <ele>4.400000095367431640625</ele>
        <time>2024-12-16T13:52:10.000Z</time>
        <extensions>
          <ns3:TrackPointExtension>
            <ns3:hr>148</ns3:hr>
            <ns3:cad>90</ns3:cad>
          </ns3:TrackPointExtension>
        </extensions>
      </trkpt>
      <trkpt lat="30.43679670430719852447509765625" lon="120.2631001174449920654296875">
        <ele>4.400000095367431640625</ele>
        <time>2024-12-16T13:52:11.000Z</time>
        <extensions>
          <ns3:TrackPointExtension>
            <ns3:hr>149</ns3:hr>
            <ns3:cad>90</ns3:cad>
          </ns3:TrackPointExtension>
        </extensions>
      </trkpt>
      <trkpt lat="30.43682067655026912689208984375" lon="120.26309031061828136444091796875">
        <ele>4.400000095367431640625</ele>
        <time>2024-12-16T13:52:12.000Z</time>
        <extensions>
          <ns3:TrackPointExtension>
            <ns3:hr>149</ns3:hr>
            <ns3:cad>92</ns3:cad>
          </ns3:TrackPointExtension>
        </extensions>
      </trkpt>
      <trkpt lat="30.43684498406946659088134765625" lon="120.2630821801722049713134765625">
        <ele>4.400000095367431640625</ele>
        <time>2024-12-16T13:52:13.000Z</time>
        <extensions>
          <ns3:TrackPointExtension>
            <ns3:hr>150</ns3:hr>
            <ns3:cad>92</ns3:cad>
          </ns3:TrackPointExtension>
        </extensions>
      </trkpt>
      <trkpt lat="30.436868034303188323974609375" lon="120.26307287625968456268310546875">
        <ele>4.400000095367431640625</ele>
        <time>2024-12-16T13:52:14.000Z</time>
        <extensions>
          <ns3:TrackPointExtension>
            <ns3:hr>151</ns3:hr>
            <ns3:cad>92</ns3:cad>
          </ns3:TrackPointExtension>
        </extensions>
      </trkpt>
      <trkpt lat="30.43688714504241943359375" lon="120.263060890138149261474609375">
        <ele>4.400000095367431640625</ele>
        <time>2024-12-16T13:52:15.000Z</time>
        <extensions>
          <ns3:TrackPointExtension>
            <ns3:hr>151</ns3:hr>
            <ns3:cad>91</ns3:cad>
          </ns3:TrackPointExtension>
        </extensions>
      </trkpt>
      <trkpt lat="30.43690550141036510467529296875" lon="120.26304538361728191375732421875">
        <ele>4.19999980926513671875</ele>
        <time>2024-12-16T13:52:16.000Z</time>
        <extensions>
          <ns3:TrackPointExtension>
            <ns3:hr>150</ns3:hr>
            <ns3:cad>90</ns3:cad>
          </ns3:TrackPointExtension>
        </extensions>
      </trkpt>
      <trkpt lat="30.436922349035739898681640625" lon="120.2630303800106048583984375">
        <ele>4.19999980926513671875</ele>
        <time>2024-12-16T13:52:17.000Z</time>
        <extensions>
          <ns3:TrackPointExtension>
            <ns3:hr>150</ns3:hr>
            <ns3:cad>89</ns3:cad>
          </ns3:TrackPointExtension>
        </extensions>
      </trkpt>
      <trkpt lat="30.43694640509784221649169921875" lon="120.26301898062229156494140625">
        <ele>4.400000095367431640625</ele>
        <time>2024-12-16T13:52:18.000Z</time>
        <extensions>
          <ns3:TrackPointExtension>
            <ns3:hr>150</ns3:hr>
            <ns3:cad>89</ns3:cad>
          </ns3:TrackPointExtension>
        </extensions>
      </trkpt>
      <trkpt lat="30.4369677789509296417236328125" lon="120.26300515048205852508544921875">
        <ele>4.400000095367431640625</ele>
        <time>2024-12-16T13:52:19.000Z</time>
        <extensions>
          <ns3:TrackPointExtension>
            <ns3:hr>150</ns3:hr>
            <ns3:cad>89</ns3:cad>
          </ns3:TrackPointExtension>
        </extensions>
      </trkpt>
      <trkpt lat="30.43698697350919246673583984375" lon="120.26298687793314456939697265625">
        <ele>4.400000095367431640625</ele>
        <time>2024-12-16T13:52:20.000Z</time>
        <extensions>
          <ns3:TrackPointExtension>
            <ns3:hr>149</ns3:hr>
            <ns3:cad>89</ns3:cad>
          </ns3:TrackPointExtension>
        </extensions>
      </trkpt>
      <trkpt lat="30.43700407259166240692138671875" lon="120.26296474970877170562744140625">
        <ele>4.400000095367431640625</ele>
        <time>2024-12-16T13:52:21.000Z</time>
        <extensions>
          <ns3:TrackPointExtension>
            <ns3:hr>149</ns3:hr>
            <ns3:cad>89</ns3:cad>
          </ns3:TrackPointExtension>
        </extensions>
      </trkpt>
      <trkpt lat="30.43701664544641971588134765625" lon="120.26294563896954059600830078125">
        <ele>4.19999980926513671875</ele>
        <time>2024-12-16T13:52:22.000Z</time>
        <extensions>
          <ns3:TrackPointExtension>
            <ns3:hr>149</ns3:hr>
            <ns3:cad>89</ns3:cad>
          </ns3:TrackPointExtension>
        </extensions>
      </trkpt>
      <trkpt lat="30.43702938593924045562744140625" lon="120.26293641887605190277099609375">
        <ele>4.400000095367431640625</ele>
        <time>2024-12-16T13:52:23.000Z</time>
        <extensions>
          <ns3:TrackPointExtension>
            <ns3:hr>149</ns3:hr>
            <ns3:cad>89</ns3:cad>
          </ns3:TrackPointExtension>
        </extensions>
      </trkpt>
      <trkpt lat="30.43704195879399776458740234375" lon="120.262932814657688140869140625">
        <ele>4.400000095367431640625</ele>
        <time>2024-12-16T13:52:24.000Z</time>
        <extensions>
          <ns3:TrackPointExtension>
            <ns3:hr>149</ns3:hr>
            <ns3:cad>89</ns3:cad>
          </ns3:TrackPointExtension>
        </extensions>
      </trkpt>
      <trkpt lat="30.43705721385776996612548828125" lon="120.26292837224900722503662109375">
        <ele>4.400000095367431640625</ele>
        <time>2024-12-16T13:52:25.000Z</time>
        <extensions>
          <ns3:TrackPointExtension>
            <ns3:hr>149</ns3:hr>
            <ns3:cad>89</ns3:cad>
          </ns3:TrackPointExtension>
        </extensions>
      </trkpt>
      <trkpt lat="30.43707498349249362945556640625" lon="120.26292376220226287841796875">
        <ele>4.400000095367431640625</ele>
        <time>2024-12-16T13:52:26.000Z</time>
        <extensions>
          <ns3:TrackPointExtension>
            <ns3:hr>149</ns3:hr>
            <ns3:cad>86</ns3:cad>
          </ns3:TrackPointExtension>
        </extensions>
      </trkpt>
      <trkpt lat="30.4370951838791370391845703125" lon="120.26291646994650363922119140625">
        <ele>4.400000095367431640625</ele>
        <time>2024-12-16T13:52:27.000Z</time>
        <extensions>
          <ns3:TrackPointExtension>
            <ns3:hr>149</ns3:hr>
            <ns3:cad>86</ns3:cad>
          </ns3:TrackPointExtension>
        </extensions>
      </trkpt>
      <trkpt lat="30.4371166415512561798095703125" lon="120.26290574111044406890869140625">
        <ele>4.599999904632568359375</ele>
        <time>2024-12-16T13:52:28.000Z</time>
        <extensions>
          <ns3:TrackPointExtension>
            <ns3:hr>150</ns3:hr>
            <ns3:cad>86</ns3:cad>
          </ns3:TrackPointExtension>
        </extensions>
      </trkpt>
      <trkpt lat="30.4371387697756290435791015625" lon="120.2628910727798938751220703125">
        <ele>4.599999904632568359375</ele>
        <time>2024-12-16T13:52:29.000Z</time>
        <extensions>
          <ns3:TrackPointExtension>
            <ns3:hr>150</ns3:hr>
            <ns3:cad>90</ns3:cad>
          </ns3:TrackPointExtension>
        </extensions>
      </trkpt>
      <trkpt lat="30.43715662322938442230224609375" lon="120.26286886073648929595947265625">
        <ele>4.599999904632568359375</ele>
        <time>2024-12-16T13:52:30.000Z</time>
        <extensions>
          <ns3:TrackPointExtension>
            <ns3:hr>150</ns3:hr>
            <ns3:cad>90</ns3:cad>
          </ns3:TrackPointExtension>
        </extensions>
      </trkpt>
      <trkpt lat="30.4371763207018375396728515625" lon="120.2628501690924167633056640625">
        <ele>4.599999904632568359375</ele>
        <time>2024-12-16T13:52:31.000Z</time>
        <extensions>
          <ns3:TrackPointExtension>
            <ns3:hr>150</ns3:hr>
            <ns3:cad>90</ns3:cad>
          </ns3:TrackPointExtension>
        </extensions>
      </trkpt>
      <trkpt lat="30.4371984489262104034423828125" lon="120.2628387697041034698486328125">
        <ele>4.599999904632568359375</ele>
        <time>2024-12-16T13:52:32.000Z</time>
        <extensions>
          <ns3:TrackPointExtension>
            <ns3:hr>150</ns3:hr>
            <ns3:cad>90</ns3:cad>
          </ns3:TrackPointExtension>
        </extensions>
      </trkpt>
      <trkpt lat="30.43722200207412242889404296875" lon="120.2628290466964244842529296875">
        <ele>4.599999904632568359375</ele>
        <time>2024-12-16T13:52:33.000Z</time>
        <extensions>
          <ns3:TrackPointExtension>
            <ns3:hr>149</ns3:hr>
            <ns3:cad>89</ns3:cad>
          </ns3:TrackPointExtension>
        </extensions>
      </trkpt>
      <trkpt lat="30.4372453875839710235595703125" lon="120.26281923986971378326416015625">
        <ele>4.599999904632568359375</ele>
        <time>2024-12-16T13:52:34.000Z</time>
        <extensions>
          <ns3:TrackPointExtension>
            <ns3:hr>148</ns3:hr>
            <ns3:cad>89</ns3:cad>
          </ns3:TrackPointExtension>
        </extensions>
      </trkpt>
      <trkpt lat="30.43726592324674129486083984375" lon="120.26280566118657588958740234375">
        <ele>4.599999904632568359375</ele>
        <time>2024-12-16T13:52:35.000Z</time>
        <extensions>
          <ns3:TrackPointExtension>
            <ns3:hr>147</ns3:hr>
            <ns3:cad>89</ns3:cad>
          </ns3:TrackPointExtension>
        </extensions>
      </trkpt>
      <trkpt lat="30.43729023076593875885009765625" lon="120.26279627345502376556396484375">
        <ele>4.80000019073486328125</ele>
        <time>2024-12-16T13:52:36.000Z</time>
        <extensions>
          <ns3:TrackPointExtension>
            <ns3:hr>146</ns3:hr>
            <ns3:cad>89</ns3:cad>
          </ns3:TrackPointExtension>
        </extensions>
      </trkpt>
      <trkpt lat="30.43731185607612133026123046875" lon="120.26278470642864704132080078125">
        <ele>5</ele>
        <time>2024-12-16T13:52:37.000Z</time>
        <extensions>
          <ns3:TrackPointExtension>
            <ns3:hr>146</ns3:hr>
            <ns3:cad>89</ns3:cad>
          </ns3:TrackPointExtension>
        </extensions>
      </trkpt>
      <trkpt lat="30.43733515776693820953369140625" lon="120.26276777498424053192138671875">
        <ele>5</ele>
        <time>2024-12-16T13:52:38.000Z</time>
        <extensions>
          <ns3:TrackPointExtension>
            <ns3:hr>146</ns3:hr>
            <ns3:cad>89</ns3:cad>
          </ns3:TrackPointExtension>
        </extensions>
      </trkpt>
      <trkpt lat="30.43736449442803859710693359375" lon="120.26275536976754665374755859375">
        <ele>5.19999980926513671875</ele>
        <time>2024-12-16T13:52:39.000Z</time>
        <extensions>
          <ns3:TrackPointExtension>
            <ns3:hr>146</ns3:hr>
            <ns3:cad>90</ns3:cad>
          </ns3:TrackPointExtension>
        </extensions>
      </trkpt>
      <trkpt lat="30.437393076717853546142578125" lon="120.26273860596120357513427734375">
        <ele>5.599999904632568359375</ele>
        <time>2024-12-16T13:52:40.000Z</time>
        <extensions>
          <ns3:TrackPointExtension>
            <ns3:hr>146</ns3:hr>
            <ns3:cad>90</ns3:cad>
          </ns3:TrackPointExtension>
        </extensions>
      </trkpt>
      <trkpt lat="30.4374182224273681640625" lon="120.26272527873516082763671875">
        <ele>5.599999904632568359375</ele>
        <time>2024-12-16T13:52:41.000Z</time>
        <extensions>
          <ns3:TrackPointExtension>
            <ns3:hr>146</ns3:hr>
            <ns3:cad>91</ns3:cad>
          </ns3:TrackPointExtension>
        </extensions>
      </trkpt>
      <trkpt lat="30.43744294904172420501708984375" lon="120.26271245442330837249755859375">
        <ele>5.80000019073486328125</ele>
        <time>2024-12-16T13:52:42.000Z</time>
        <extensions>
          <ns3:TrackPointExtension>
            <ns3:hr>147</ns3:hr>
            <ns3:cad>92</ns3:cad>
          </ns3:TrackPointExtension>
        </extensions>
      </trkpt>
      <trkpt lat="30.4374633170664310455322265625" lon="120.26270021684467792510986328125">
        <ele>6</ele>
        <time>2024-12-16T13:52:43.000Z</time>
        <extensions>
          <ns3:TrackPointExtension>
            <ns3:hr>147</ns3:hr>
            <ns3:cad>92</ns3:cad>
          </ns3:TrackPointExtension>
        </extensions>
      </trkpt>
      <trkpt lat="30.4374844394624233245849609375" lon="120.262688733637332916259765625">
        <ele>6</ele>
        <time>2024-12-16T13:52:44.000Z</time>
        <extensions>
          <ns3:TrackPointExtension>
            <ns3:hr>147</ns3:hr>
            <ns3:cad>91</ns3:cad>
          </ns3:TrackPointExtension>
        </extensions>
      </trkpt>
      <trkpt lat="30.4375035502016544342041015625" lon="120.2626721374690532684326171875">
        <ele>6.19999980926513671875</ele>
        <time>2024-12-16T13:52:45.000Z</time>
        <extensions>
          <ns3:TrackPointExtension>
            <ns3:hr>147</ns3:hr>
            <ns3:cad>91</ns3:cad>
          </ns3:TrackPointExtension>
        </extensions>
      </trkpt>
      <trkpt lat="30.43752240948379039764404296875" lon="120.26265176944434642791748046875">
        <ele>6.19999980926513671875</ele>
        <time>2024-12-16T13:52:46.000Z</time>
        <extensions>
          <ns3:TrackPointExtension>
            <ns3:hr>148</ns3:hr>
            <ns3:cad>91</ns3:cad>
          </ns3:TrackPointExtension>
        </extensions>
      </trkpt>
      <trkpt lat="30.43754118494689464569091796875" lon="120.2626298926770687103271484375">
        <ele>6.19999980926513671875</ele>
        <time>2024-12-16T13:52:47.000Z</time>
        <extensions>
          <ns3:TrackPointExtension>
            <ns3:hr>148</ns3:hr>
            <ns3:cad>91</ns3:cad>
          </ns3:TrackPointExtension>
        </extensions>
      </trkpt>
      <trkpt lat="30.4375602118670940399169921875" lon="120.2626080997288227081298828125">
        <ele>6.400000095367431640625</ele>
        <time>2024-12-16T13:52:48.000Z</time>
        <extensions>
          <ns3:TrackPointExtension>
            <ns3:hr>149</ns3:hr>
            <ns3:cad>91</ns3:cad>
          </ns3:TrackPointExtension>
        </extensions>
      </trkpt>
      <trkpt lat="30.4375769756734371185302734375" lon="120.26258454658091068267822265625">
        <ele>6.400000095367431640625</ele>
        <time>2024-12-16T13:52:49.000Z</time>
        <extensions>
          <ns3:TrackPointExtension>
            <ns3:hr>149</ns3:hr>
            <ns3:cad>90</ns3:cad>
          </ns3:TrackPointExtension>
        </extensions>
      </trkpt>
      <trkpt lat="30.43759457767009735107421875" lon="120.26256225071847438812255859375">
        <ele>6.400000095367431640625</ele>
        <time>2024-12-16T13:52:50.000Z</time>
        <extensions>
          <ns3:TrackPointExtension>
            <ns3:hr>149</ns3:hr>
            <ns3:cad>90</ns3:cad>
          </ns3:TrackPointExtension>
        </extensions>
      </trkpt>
      <trkpt lat="30.437611676752567291259765625" lon="120.2625454030930995941162109375">
        <ele>6.599999904632568359375</ele>
        <time>2024-12-16T13:52:51.000Z</time>
        <extensions>
          <ns3:TrackPointExtension>
            <ns3:hr>149</ns3:hr>
            <ns3:cad>90</ns3:cad>
          </ns3:TrackPointExtension>
        </extensions>
      </trkpt>
      <trkpt lat="30.43763170950114727020263671875" lon="120.2625407092273235321044921875">
        <ele>6.80000019073486328125</ele>
        <time>2024-12-16T13:52:52.000Z</time>
        <extensions>
          <ns3:TrackPointExtension>
            <ns3:hr>149</ns3:hr>
            <ns3:cad>89</ns3:cad>
          </ns3:TrackPointExtension>
        </extensions>
      </trkpt>
      <trkpt lat="30.437655933201313018798828125" lon="120.26253375224769115447998046875">
        <ele>7</ele>
        <time>2024-12-16T13:52:53.000Z</time>
        <extensions>
          <ns3:TrackPointExtension>
            <ns3:hr>149</ns3:hr>
            <ns3:cad>89</ns3:cad>
          </ns3:TrackPointExtension>
        </extensions>
      </trkpt>
      <trkpt lat="30.43768669478595256805419921875" lon="120.26252872310578823089599609375">
        <ele>7.19999980926513671875</ele>
        <time>2024-12-16T13:52:54.000Z</time>
        <extensions>
          <ns3:TrackPointExtension>
            <ns3:hr>150</ns3:hr>
            <ns3:cad>89</ns3:cad>
          </ns3:TrackPointExtension>
        </extensions>
      </trkpt>
      <trkpt lat="30.43771066702902317047119140625" lon="120.262527801096439361572265625">
        <ele>7.400000095367431640625</ele>
        <time>2024-12-16T13:52:55.000Z</time>
        <extensions>
          <ns3:TrackPointExtension>
            <ns3:hr>150</ns3:hr>
            <ns3:cad>89</ns3:cad>
          </ns3:TrackPointExtension>
        </extensions>
      </trkpt>
      <trkpt lat="30.4377352260053157806396484375" lon="120.26252017356455326080322265625">
        <ele>7.599999904632568359375</ele>
        <time>2024-12-16T13:52:56.000Z</time>
        <extensions>
          <ns3:TrackPointExtension>
            <ns3:hr>150</ns3:hr>
            <ns3:cad>89</ns3:cad>
          </ns3:TrackPointExtension>
        </extensions>
      </trkpt>
      <trkpt lat="30.4377580247819423675537109375" lon="120.2625118754804134368896484375">
        <ele>7.599999904632568359375</ele>
        <time>2024-12-16T13:52:57.000Z</time>
        <extensions>
          <ns3:TrackPointExtension>
            <ns3:hr>149</ns3:hr>
            <ns3:cad>89</ns3:cad>
          </ns3:TrackPointExtension>
        </extensions>
      </trkpt>
      <trkpt lat="30.43777562677860260009765625" lon="120.26250491850078105926513671875">
        <ele>7.599999904632568359375</ele>
        <time>2024-12-16T13:52:58.000Z</time>
        <extensions>
          <ns3:TrackPointExtension>
            <ns3:hr>149</ns3:hr>
            <ns3:cad>89</ns3:cad>
          </ns3:TrackPointExtension>
        </extensions>
      </trkpt>
      <trkpt lat="30.43778912164270877838134765625" lon="120.26250139810144901275634765625">
        <ele>7.599999904632568359375</ele>
        <time>2024-12-16T13:52:59.000Z</time>
        <extensions>
          <ns3:TrackPointExtension>
            <ns3:hr>149</ns3:hr>
            <ns3:cad>90</ns3:cad>
          </ns3:TrackPointExtension>
        </extensions>
      </trkpt>
      <trkpt lat="30.43780018575489521026611328125" lon="120.26249838061630725860595703125">
        <ele>7.80000019073486328125</ele>
        <time>2024-12-16T13:53:00.000Z</time>
        <extensions>
          <ns3:TrackPointExtension>
            <ns3:hr>149</ns3:hr>
            <ns3:cad>90</ns3:cad>
          </ns3:TrackPointExtension>
        </extensions>
      </trkpt>
      <trkpt lat="30.43781242333352565765380859375" lon="120.2624944411218166351318359375">
        <ele>7.80000019073486328125</ele>
        <time>2024-12-16T13:53:01.000Z</time>
        <extensions>
          <ns3:TrackPointExtension>
            <ns3:hr>149</ns3:hr>
            <ns3:cad>90</ns3:cad>
          </ns3:TrackPointExtension>
        </extensions>
      </trkpt>
      <trkpt lat="30.43782784603536128997802734375" lon="120.26248916052281856536865234375">
        <ele>7.80000019073486328125</ele>
        <time>2024-12-16T13:53:02.000Z</time>
        <extensions>
          <ns3:TrackPointExtension>
            <ns3:hr>150</ns3:hr>
            <ns3:cad>90</ns3:cad>
          </ns3:TrackPointExtension>
        </extensions>
      </trkpt>
      <trkpt lat="30.437839329242706298828125" lon="120.2624780125916004180908203125">
        <ele>7.80000019073486328125</ele>
        <time>2024-12-16T13:53:03.000Z</time>
        <extensions>
          <ns3:TrackPointExtension>
            <ns3:hr>150</ns3:hr>
            <ns3:cad>66</ns3:cad>
          </ns3:TrackPointExtension>
        </extensions>
      </trkpt>
      <trkpt lat="30.43784997425973415374755859375" lon="120.2624646015465259552001953125">
        <ele>7.80000019073486328125</ele>
        <time>2024-12-16T13:53:04.000Z</time>
        <extensions>
          <ns3:TrackPointExtension>
            <ns3:hr>150</ns3:hr>
            <ns3:cad>65</ns3:cad>
          </ns3:TrackPointExtension>
        </extensions>
      </trkpt>
      <trkpt lat="30.43786053545773029327392578125" lon="120.26245781220495700836181640625">
        <ele>7.80000019073486328125</ele>
        <time>2024-12-16T13:53:05.000Z</time>
        <extensions>
          <ns3:TrackPointExtension>
            <ns3:hr>150</ns3:hr>
            <ns3:cad>65</ns3:cad>
          </ns3:TrackPointExtension>
        </extensions>
      </trkpt>
      <trkpt lat="30.43787780217826366424560546875" lon="120.26245295070111751556396484375">
        <ele>7.80000019073486328125</ele>
        <time>2024-12-16T13:53:06.000Z</time>
        <extensions>
          <ns3:TrackPointExtension>
            <ns3:hr>150</ns3:hr>
            <ns3:cad>63</ns3:cad>
          </ns3:TrackPointExtension>
        </extensions>
      </trkpt>
      <trkpt lat="30.4378938116133213043212890625" lon="120.26244607754051685333251953125">
        <ele>7.80000019073486328125</ele>
        <time>2024-12-16T13:53:07.000Z</time>
        <extensions>
          <ns3:TrackPointExtension>
            <ns3:hr>149</ns3:hr>
            <ns3:cad>63</ns3:cad>
          </ns3:TrackPointExtension>
        </extensions>
      </trkpt>
      <trkpt lat="30.4379048757255077362060546875" lon="120.2624418027698993682861328125">
        <ele>8</ele>
        <time>2024-12-16T13:53:08.000Z</time>
        <extensions>
          <ns3:TrackPointExtension>
            <ns3:hr>148</ns3:hr>
            <ns3:cad>64</ns3:cad>
          </ns3:TrackPointExtension>
        </extensions>
      </trkpt>
      <trkpt lat="30.43791669420897960662841796875" lon="120.26243719272315502166748046875">
        <ele>8</ele>
        <time>2024-12-16T13:53:09.000Z</time>
        <extensions>
          <ns3:TrackPointExtension>
            <ns3:hr>148</ns3:hr>
            <ns3:cad>64</ns3:cad>
          </ns3:TrackPointExtension>
        </extensions>
      </trkpt>
      <trkpt lat="30.4379310272634029388427734375" lon="120.262425206601619720458984375">
        <ele>8</ele>
        <time>2024-12-16T13:53:10.000Z</time>
        <extensions>
          <ns3:TrackPointExtension>
            <ns3:hr>146</ns3:hr>
            <ns3:cad>65</ns3:cad>
          </ns3:TrackPointExtension>
        </extensions>
      </trkpt>
      <trkpt lat="30.437946282327175140380859375" lon="120.26240936480462551116943359375">
        <ele>8</ele>
        <time>2024-12-16T13:53:11.000Z</time>
        <extensions>
          <ns3:TrackPointExtension>
            <ns3:hr>145</ns3:hr>
            <ns3:cad>65</ns3:cad>
          </ns3:TrackPointExtension>
        </extensions>
      </trkpt>
      <trkpt lat="30.43796514160931110382080078125" lon="120.2623928524553775787353515625">
        <ele>8</ele>
        <time>2024-12-16T13:53:12.000Z</time>
        <extensions>
          <ns3:TrackPointExtension>
            <ns3:hr>145</ns3:hr>
            <ns3:cad>65</ns3:cad>
          </ns3:TrackPointExtension>
        </extensions>
      </trkpt>
      <trkpt lat="30.43798777274787425994873046875" lon="120.26237701065838336944580078125">
        <ele>8.19999980926513671875</ele>
        <time>2024-12-16T13:53:13.000Z</time>
        <extensions>
          <ns3:TrackPointExtension>
            <ns3:hr>145</ns3:hr>
            <ns3:cad>0</ns3:cad>
          </ns3:TrackPointExtension>
        </extensions>
      </trkpt>
      <trkpt lat="30.43801124207675457000732421875" lon="120.26236108504235744476318359375">
        <ele>8</ele>
        <time>2024-12-16T13:53:14.000Z</time>
        <extensions>
          <ns3:TrackPointExtension>
            <ns3:hr>145</ns3:hr>
            <ns3:cad>0</ns3:cad>
          </ns3:TrackPointExtension>
        </extensions>
      </trkpt>
      <trkpt lat="30.43803437612950801849365234375" lon="120.26234700344502925872802734375">
        <ele>8</ele>
        <time>2024-12-16T13:53:15.000Z</time>
        <extensions>
          <ns3:TrackPointExtension>
            <ns3:hr>145</ns3:hr>
            <ns3:cad>91</ns3:cad>
          </ns3:TrackPointExtension>
        </extensions>
      </trkpt>
      <trkpt lat="30.43805851601064205169677734375" lon="120.26233677752315998077392578125">
        <ele>8</ele>
        <time>2024-12-16T13:53:16.000Z</time>
        <extensions>
          <ns3:TrackPointExtension>
            <ns3:hr>144</ns3:hr>
            <ns3:cad>91</ns3:cad>
          </ns3:TrackPointExtension>
        </extensions>
      </trkpt>
      <trkpt lat="30.43808097951114177703857421875" lon="120.26232269592583179473876953125">
        <ele>8</ele>
        <time>2024-12-16T13:53:17.000Z</time>
        <extensions>
          <ns3:TrackPointExtension>
            <ns3:hr>144</ns3:hr>
            <ns3:cad>92</ns3:cad>
          </ns3:TrackPointExtension>
        </extensions>
      </trkpt>
      <trkpt lat="30.4381040297448635101318359375" lon="120.26230358518660068511962890625">
        <ele>8</ele>
        <time>2024-12-16T13:53:18.000Z</time>
        <extensions>
          <ns3:TrackPointExtension>
            <ns3:hr>144</ns3:hr>
            <ns3:cad>92</ns3:cad>
          </ns3:TrackPointExtension>
        </extensions>
      </trkpt>
      <trkpt lat="30.43812691234052181243896484375" lon="120.262289755046367645263671875">
        <ele>8</ele>
        <time>2024-12-16T13:53:19.000Z</time>
        <extensions>
          <ns3:TrackPointExtension>
            <ns3:hr>143</ns3:hr>
            <ns3:cad>92</ns3:cad>
          </ns3:TrackPointExtension>
        </extensions>
      </trkpt>
      <trkpt lat="30.43815381824970245361328125" lon="120.26227600872516632080078125">
        <ele>8</ele>
        <time>2024-12-16T13:53:20.000Z</time>
        <extensions>
          <ns3:TrackPointExtension>
            <ns3:hr>142</ns3:hr>
            <ns3:cad>92</ns3:cad>
          </ns3:TrackPointExtension>
        </extensions>
      </trkpt>
      <trkpt lat="30.43817393481731414794921875" lon="120.26226050220429897308349609375">
        <ele>8</ele>
        <time>2024-12-16T13:53:21.000Z</time>
        <extensions>
          <ns3:TrackPointExtension>
            <ns3:hr>141</ns3:hr>
            <ns3:cad>92</ns3:cad>
          </ns3:TrackPointExtension>
        </extensions>
      </trkpt>
      <trkpt lat="30.43819212354719638824462890625" lon="120.262242816388607025146484375">
        <ele>8</ele>
        <time>2024-12-16T13:53:22.000Z</time>
        <extensions>
          <ns3:TrackPointExtension>
            <ns3:hr>140</ns3:hr>
            <ns3:cad>92</ns3:cad>
          </ns3:TrackPointExtension>
        </extensions>
      </trkpt>
      <trkpt lat="30.438212491571903228759765625" lon="120.26223175227642059326171875">
        <ele>8</ele>
        <time>2024-12-16T13:53:23.000Z</time>
        <extensions>
          <ns3:TrackPointExtension>
            <ns3:hr>139</ns3:hr>
            <ns3:cad>91</ns3:cad>
          </ns3:TrackPointExtension>
        </extensions>
      </trkpt>
      <trkpt lat="30.4382376372814178466796875" lon="120.2622359432280063629150390625">
        <ele>8</ele>
        <time>2024-12-16T13:53:24.000Z</time>
        <extensions>
          <ns3:TrackPointExtension>
            <ns3:hr>139</ns3:hr>
            <ns3:cad>92</ns3:cad>
          </ns3:TrackPointExtension>
        </extensions>
      </trkpt>
      <trkpt lat="30.438267476856708526611328125" lon="120.262246839702129364013671875">
        <ele>8</ele>
        <time>2024-12-16T13:53:25.000Z</time>
        <extensions>
          <ns3:TrackPointExtension>
            <ns3:hr>139</ns3:hr>
            <ns3:cad>91</ns3:cad>
          </ns3:TrackPointExtension>
        </extensions>
      </trkpt>
      <trkpt lat="30.43829119764268398284912109375" lon="120.26224658824503421783447265625">
        <ele>8</ele>
        <time>2024-12-16T13:53:26.000Z</time>
        <extensions>
          <ns3:TrackPointExtension>
            <ns3:hr>140</ns3:hr>
            <ns3:cad>90</ns3:cad>
          </ns3:TrackPointExtension>
        </extensions>
      </trkpt>
      <trkpt lat="30.4383222945034503936767578125" lon="120.262246839702129364013671875">
        <ele>8</ele>
        <time>2024-12-16T13:53:27.000Z</time>
        <extensions>
          <ns3:TrackPointExtension>
            <ns3:hr>140</ns3:hr>
            <ns3:cad>89</ns3:cad>
          </ns3:TrackPointExtension>
        </extensions>
      </trkpt>
      <trkpt lat="30.43834769167006015777587890625" lon="120.26223552413284778594970703125">
        <ele>7.80000019073486328125</ele>
        <time>2024-12-16T13:53:28.000Z</time>
        <extensions>
          <ns3:TrackPointExtension>
            <ns3:hr>140</ns3:hr>
            <ns3:cad>87</ns3:cad>
          </ns3:TrackPointExtension>
        </extensions>
      </trkpt>
      <trkpt lat="30.43836747296154499053955078125" lon="120.26222948916256427764892578125">
        <ele>7.80000019073486328125</ele>
        <time>2024-12-16T13:53:29.000Z</time>
        <extensions>
          <ns3:TrackPointExtension>
            <ns3:hr>140</ns3:hr>
            <ns3:cad>87</ns3:cad>
          </ns3:TrackPointExtension>
        </extensions>
      </trkpt>
      <trkpt lat="30.43838909827172756195068359375" lon="120.262219347059726715087890625">
        <ele>7.599999904632568359375</ele>
        <time>2024-12-16T13:53:30.000Z</time>
        <extensions>
          <ns3:TrackPointExtension>
            <ns3:hr>140</ns3:hr>
            <ns3:cad>87</ns3:cad>
          </ns3:TrackPointExtension>
        </extensions>
      </trkpt>
      <trkpt lat="30.4384134896099567413330078125" lon="120.26220333762466907501220703125">
        <ele>7.599999904632568359375</ele>
        <time>2024-12-16T13:53:31.000Z</time>
        <extensions>
          <ns3:TrackPointExtension>
            <ns3:hr>140</ns3:hr>
            <ns3:cad>87</ns3:cad>
          </ns3:TrackPointExtension>
        </extensions>
      </trkpt>
      <trkpt lat="30.438439808785915374755859375" lon="120.2621903456747531890869140625">
        <ele>7.400000095367431640625</ele>
        <time>2024-12-16T13:53:32.000Z</time>
        <extensions>
          <ns3:TrackPointExtension>
            <ns3:hr>140</ns3:hr>
            <ns3:cad>88</ns3:cad>
          </ns3:TrackPointExtension>
        </extensions>
      </trkpt>
      <trkpt lat="30.4384610988199710845947265625" lon="120.26216964237391948699951171875">
        <ele>7.400000095367431640625</ele>
        <time>2024-12-16T13:53:33.000Z</time>
        <extensions>
          <ns3:TrackPointExtension>
            <ns3:hr>140</ns3:hr>
            <ns3:cad>88</ns3:cad>
          </ns3:TrackPointExtension>
        </extensions>
      </trkpt>
      <trkpt lat="30.4384845681488513946533203125" lon="120.2621595002710819244384765625">
        <ele>7.400000095367431640625</ele>
        <time>2024-12-16T13:53:34.000Z</time>
        <extensions>
          <ns3:TrackPointExtension>
            <ns3:hr>140</ns3:hr>
            <ns3:cad>89</ns3:cad>
          </ns3:TrackPointExtension>
        </extensions>
      </trkpt>
      <trkpt lat="30.4385053552687168121337890625" lon="120.26214734651148319244384765625">
        <ele>7.19999980926513671875</ele>
        <time>2024-12-16T13:53:35.000Z</time>
        <extensions>
          <ns3:TrackPointExtension>
            <ns3:hr>141</ns3:hr>
            <ns3:cad>89</ns3:cad>
          </ns3:TrackPointExtension>
        </extensions>
      </trkpt>
      <trkpt lat="30.43852706439793109893798828125" lon="120.26213787496089935302734375">
        <ele>7.19999980926513671875</ele>
        <time>2024-12-16T13:53:36.000Z</time>
        <extensions>
          <ns3:TrackPointExtension>
            <ns3:hr>141</ns3:hr>
            <ns3:cad>89</ns3:cad>
          </ns3:TrackPointExtension>
        </extensions>
      </trkpt>
      <trkpt lat="30.4385472647845745086669921875" lon="120.26213292963802814483642578125">
        <ele>7</ele>
        <time>2024-12-16T13:53:37.000Z</time>
        <extensions>
          <ns3:TrackPointExtension>
            <ns3:hr>142</ns3:hr>
            <ns3:cad>89</ns3:cad>
          </ns3:TrackPointExtension>
        </extensions>
      </trkpt>
      <trkpt lat="30.43856612406671047210693359375" lon="120.26212521828711032867431640625">
        <ele>7</ele>
        <time>2024-12-16T13:53:38.000Z</time>
        <extensions>
          <ns3:TrackPointExtension>
            <ns3:hr>143</ns3:hr>
            <ns3:cad>89</ns3:cad>
          </ns3:TrackPointExtension>
        </extensions>
      </trkpt>
      <trkpt lat="30.43858791701495647430419921875" lon="120.26211432181298732757568359375">
        <ele>6.80000019073486328125</ele>
        <time>2024-12-16T13:53:39.000Z</time>
        <extensions>
          <ns3:TrackPointExtension>
            <ns3:hr>144</ns3:hr>
            <ns3:cad>89</ns3:cad>
          </ns3:TrackPointExtension>
        </extensions>
      </trkpt>
      <trkpt lat="30.43860501609742641448974609375" lon="120.2620988152921199798583984375">
        <ele>6.599999904632568359375</ele>
        <time>2024-12-16T13:53:40.000Z</time>
        <extensions>
          <ns3:TrackPointExtension>
            <ns3:hr>145</ns3:hr>
            <ns3:cad>89</ns3:cad>
          </ns3:TrackPointExtension>
        </extensions>
      </trkpt>
      <trkpt lat="30.43862194754183292388916015625" lon="120.26209034956991672515869140625">
        <ele>6.400000095367431640625</ele>
        <time>2024-12-16T13:53:41.000Z</time>
        <extensions>
          <ns3:TrackPointExtension>
            <ns3:hr>146</ns3:hr>
            <ns3:cad>89</ns3:cad>
          </ns3:TrackPointExtension>
        </extensions>
      </trkpt>
      <trkpt lat="30.43863929808139801025390625" lon="120.26208481751382350921630859375">
        <ele>6.400000095367431640625</ele>
        <time>2024-12-16T13:53:42.000Z</time>
        <extensions>
          <ns3:TrackPointExtension>
            <ns3:hr>147</ns3:hr>
            <ns3:cad>89</ns3:cad>
          </ns3:TrackPointExtension>
        </extensions>
      </trkpt>
      <trkpt lat="30.43865430168807506561279296875" lon="120.26207392103970050811767578125">
        <ele>6.19999980926513671875</ele>
        <time>2024-12-16T13:53:43.000Z</time>
        <extensions>
          <ns3:TrackPointExtension>
            <ns3:hr>147</ns3:hr>
            <ns3:cad>89</ns3:cad>
          </ns3:TrackPointExtension>
        </extensions>
      </trkpt>
      <trkpt lat="30.43866268359124660491943359375" lon="120.262065120041370391845703125">
        <ele>6</ele>
        <time>2024-12-16T13:53:44.000Z</time>
        <extensions>
          <ns3:TrackPointExtension>
            <ns3:hr>148</ns3:hr>
            <ns3:cad>89</ns3:cad>
          </ns3:TrackPointExtension>
        </extensions>
      </trkpt>
      <trkpt lat="30.43866989202797412872314453125" lon="120.26205715723335742950439453125">
        <ele>6</ele>
        <time>2024-12-16T13:53:45.000Z</time>
        <extensions>
          <ns3:TrackPointExtension>
            <ns3:hr>148</ns3:hr>
            <ns3:cad>89</ns3:cad>
          </ns3:TrackPointExtension>
        </extensions>
      </trkpt>
      <trkpt lat="30.438677184283733367919921875" lon="120.26205162517726421356201171875">
        <ele>6</ele>
        <time>2024-12-16T13:53:46.000Z</time>
        <extensions>
          <ns3:TrackPointExtension>
            <ns3:hr>149</ns3:hr>
            <ns3:cad>89</ns3:cad>
          </ns3:TrackPointExtension>
        </extensions>
      </trkpt>
      <trkpt lat="30.43868565000593662261962890625" lon="120.26204693131148815155029296875">
        <ele>5.80000019073486328125</ele>
        <time>2024-12-16T13:53:47.000Z</time>
        <extensions>
          <ns3:TrackPointExtension>
            <ns3:hr>149</ns3:hr>
            <ns3:cad>89</ns3:cad>
          </ns3:TrackPointExtension>
        </extensions>
      </trkpt>
      <trkpt lat="30.4386967979371547698974609375" lon="120.26204265654087066650390625">
        <ele>5.80000019073486328125</ele>
        <time>2024-12-16T13:53:48.000Z</time>
        <extensions>
          <ns3:TrackPointExtension>
            <ns3:hr>149</ns3:hr>
            <ns3:cad>89</ns3:cad>
          </ns3:TrackPointExtension>
        </extensions>
      </trkpt>
      <trkpt lat="30.43870098888874053955078125" lon="120.26203536428511142730712890625">
        <ele>5.80000019073486328125</ele>
        <time>2024-12-16T13:53:49.000Z</time>
        <extensions>
          <ns3:TrackPointExtension>
            <ns3:hr>148</ns3:hr>
            <ns3:cad>89</ns3:cad>
          </ns3:TrackPointExtension>
        </extensions>
      </trkpt>
      <trkpt lat="30.43871062807738780975341796875" lon="120.26202731765806674957275390625">
        <ele>5.599999904632568359375</ele>
        <time>2024-12-16T13:53:50.000Z</time>
        <extensions>
          <ns3:TrackPointExtension>
            <ns3:hr>148</ns3:hr>
            <ns3:cad>89</ns3:cad>
          </ns3:TrackPointExtension>
        </extensions>
      </trkpt>
      <trkpt lat="30.43872521258890628814697265625" lon="120.26202178560197353363037109375">
        <ele>5.400000095367431640625</ele>
        <time>2024-12-16T13:53:51.000Z</time>
        <extensions>
          <ns3:TrackPointExtension>
            <ns3:hr>147</ns3:hr>
            <ns3:cad>60</ns3:cad>
          </ns3:TrackPointExtension>
        </extensions>
      </trkpt>
      <trkpt lat="30.4387417249381542205810546875" lon="120.2620113082230091094970703125">
        <ele>5.400000095367431640625</ele>
        <time>2024-12-16T13:53:52.000Z</time>
        <extensions>
          <ns3:TrackPointExtension>
            <ns3:hr>147</ns3:hr>
            <ns3:cad>0</ns3:cad>
          </ns3:TrackPointExtension>
        </extensions>
      </trkpt>
      <trkpt lat="30.43876175768673419952392578125" lon="120.26200066320598125457763671875">
        <ele>5.400000095367431640625</ele>
        <time>2024-12-16T13:53:53.000Z</time>
        <extensions>
          <ns3:TrackPointExtension>
            <ns3:hr>147</ns3:hr>
            <ns3:cad>0</ns3:cad>
          </ns3:TrackPointExtension>
        </extensions>
      </trkpt>
      <trkpt lat="30.43878522701561450958251953125" lon="120.261988006532192230224609375">
        <ele>5.19999980926513671875</ele>
        <time>2024-12-16T13:53:54.000Z</time>
        <extensions>
          <ns3:TrackPointExtension>
            <ns3:hr>147</ns3:hr>
            <ns3:cad>0</ns3:cad>
          </ns3:TrackPointExtension>
        </extensions>
      </trkpt>
      <trkpt lat="30.438805259764194488525390625" lon="120.26196755468845367431640625">
        <ele>5.19999980926513671875</ele>
        <time>2024-12-16T13:53:55.000Z</time>
        <extensions>
          <ns3:TrackPointExtension>
            <ns3:hr>146</ns3:hr>
            <ns3:cad>88</ns3:cad>
          </ns3:TrackPointExtension>
        </extensions>
      </trkpt>
      <trkpt lat="30.438825376331806182861328125" lon="120.26194953359663486480712890625">
        <ele>5</ele>
        <time>2024-12-16T13:53:56.000Z</time>
        <extensions>
          <ns3:TrackPointExtension>
            <ns3:hr>145</ns3:hr>
            <ns3:cad>88</ns3:cad>
          </ns3:TrackPointExtension>
        </extensions>
      </trkpt>
      <trkpt lat="30.43884742073714733123779296875" lon="120.26193964295089244842529296875">
        <ele>5</ele>
        <time>2024-12-16T13:53:57.000Z</time>
        <extensions>
          <ns3:TrackPointExtension>
            <ns3:hr>145</ns3:hr>
            <ns3:cad>89</ns3:cad>
          </ns3:TrackPointExtension>
        </extensions>
      </trkpt>
      <trkpt lat="30.43886971659958362579345703125" lon="120.26193293742835521697998046875">
        <ele>5</ele>
        <time>2024-12-16T13:53:58.000Z</time>
        <extensions>
          <ns3:TrackPointExtension>
            <ns3:hr>145</ns3:hr>
            <ns3:cad>88</ns3:cad>
          </ns3:TrackPointExtension>
        </extensions>
      </trkpt>
      <trkpt lat="30.438890419900417327880859375" lon="120.26192287914454936981201171875">
        <ele>4.80000019073486328125</ele>
        <time>2024-12-16T13:53:59.000Z</time>
        <extensions>
          <ns3:TrackPointExtension>
            <ns3:hr>145</ns3:hr>
            <ns3:cad>88</ns3:cad>
          </ns3:TrackPointExtension>
        </extensions>
      </trkpt>
      <trkpt lat="30.43890760280191898345947265625" lon="120.26191315613687038421630859375">
        <ele>4.80000019073486328125</ele>
        <time>2024-12-16T13:54:00.000Z</time>
        <extensions>
          <ns3:TrackPointExtension>
            <ns3:hr>144</ns3:hr>
            <ns3:cad>88</ns3:cad>
          </ns3:TrackPointExtension>
        </extensions>
      </trkpt>
      <trkpt lat="30.4389210976660251617431640625" lon="120.26189957745373249053955078125">
        <ele>4.80000019073486328125</ele>
        <time>2024-12-16T13:54:01.000Z</time>
        <extensions>
          <ns3:TrackPointExtension>
            <ns3:hr>144</ns3:hr>
            <ns3:cad>89</ns3:cad>
          </ns3:TrackPointExtension>
        </extensions>
      </trkpt>
      <trkpt lat="30.438936017453670501708984375" lon="120.26189035736024379730224609375">
        <ele>4.599999904632568359375</ele>
        <time>2024-12-16T13:54:02.000Z</time>
        <extensions>
          <ns3:TrackPointExtension>
            <ns3:hr>144</ns3:hr>
            <ns3:cad>89</ns3:cad>
          </ns3:TrackPointExtension>
        </extensions>
      </trkpt>
      <trkpt lat="30.4389506019651889801025390625" lon="120.261880718171596527099609375">
        <ele>4.599999904632568359375</ele>
        <time>2024-12-16T13:54:03.000Z</time>
        <extensions>
          <ns3:TrackPointExtension>
            <ns3:hr>144</ns3:hr>
            <ns3:cad>89</ns3:cad>
          </ns3:TrackPointExtension>
        </extensions>
      </trkpt>
      <trkpt lat="30.43896258808672428131103515625" lon="120.2618663012981414794921875">
        <ele>4.599999904632568359375</ele>
        <time>2024-12-16T13:54:04.000Z</time>
        <extensions>
          <ns3:TrackPointExtension>
            <ns3:hr>143</ns3:hr>
            <ns3:cad>0</ns3:cad>
          </ns3:TrackPointExtension>
        </extensions>
      </trkpt>
      <trkpt lat="30.438970886170864105224609375" lon="120.26184844784438610076904296875">
        <ele>4.599999904632568359375</ele>
        <time>2024-12-16T13:54:05.000Z</time>
        <extensions>
          <ns3:TrackPointExtension>
            <ns3:hr>143</ns3:hr>
            <ns3:cad>0</ns3:cad>
          </ns3:TrackPointExtension>
        </extensions>
      </trkpt>
      <trkpt lat="30.43898396193981170654296875" lon="120.2618287503719329833984375">
        <ele>4.599999904632568359375</ele>
        <time>2024-12-16T13:54:06.000Z</time>
        <extensions>
          <ns3:TrackPointExtension>
            <ns3:hr>143</ns3:hr>
            <ns3:cad>65</ns3:cad>
          </ns3:TrackPointExtension>
        </extensions>
      </trkpt>
      <trkpt lat="30.43899930082261562347412109375" lon="120.2618051134049892425537109375">
        <ele>4.400000095367431640625</ele>
        <time>2024-12-16T13:54:07.000Z</time>
        <extensions>
          <ns3:TrackPointExtension>
            <ns3:hr>142</ns3:hr>
            <ns3:cad>65</ns3:cad>
          </ns3:TrackPointExtension>
        </extensions>
      </trkpt>
      <trkpt lat="30.43902017176151275634765625" lon="120.261789858341217041015625">
        <ele>4.400000095367431640625</ele>
        <time>2024-12-16T13:54:08.000Z</time>
        <extensions>
          <ns3:TrackPointExtension>
            <ns3:hr>142</ns3:hr>
            <ns3:cad>65</ns3:cad>
          </ns3:TrackPointExtension>
        </extensions>
      </trkpt>
      <trkpt lat="30.4390428029000759124755859375" lon="120.2617645449936389923095703125">
        <ele>4.400000095367431640625</ele>
        <time>2024-12-16T13:54:09.000Z</time>
        <extensions>
          <ns3:TrackPointExtension>
            <ns3:hr>142</ns3:hr>
            <ns3:cad>88</ns3:cad>
          </ns3:TrackPointExtension>
        </extensions>
      </trkpt>
      <trkpt lat="30.43906501494348049163818359375" lon="120.261736549437046051025390625">
        <ele>4.19999980926513671875</ele>
        <time>2024-12-16T13:54:10.000Z</time>
        <extensions>
          <ns3:TrackPointExtension>
            <ns3:hr>141</ns3:hr>
            <ns3:cad>91</ns3:cad>
          </ns3:TrackPointExtension>
        </extensions>
      </trkpt>
      <trkpt lat="30.43908781372010707855224609375" lon="120.26171735487878322601318359375">
        <ele>4.19999980926513671875</ele>
        <time>2024-12-16T13:54:11.000Z</time>
        <extensions>
          <ns3:TrackPointExtension>
            <ns3:hr>141</ns3:hr>
            <ns3:cad>91</ns3:cad>
          </ns3:TrackPointExtension>
        </extensions>
      </trkpt>
      <trkpt lat="30.43911513872444629669189453125" lon="120.26169572956860065460205078125">
        <ele>4</ele>
        <time>2024-12-16T13:54:12.000Z</time>
        <extensions>
          <ns3:TrackPointExtension>
            <ns3:hr>141</ns3:hr>
            <ns3:cad>91</ns3:cad>
          </ns3:TrackPointExtension>
        </extensions>
      </trkpt>
      <trkpt lat="30.439136512577533721923828125" lon="120.26168080978095531463623046875">
        <ele>4</ele>
        <time>2024-12-16T13:54:13.000Z</time>
        <extensions>
          <ns3:TrackPointExtension>
            <ns3:hr>141</ns3:hr>
            <ns3:cad>91</ns3:cad>
          </ns3:TrackPointExtension>
        </extensions>
      </trkpt>
      <trkpt lat="30.43915788643062114715576171875" lon="120.2616584300994873046875">
        <ele>4</ele>
        <time>2024-12-16T13:54:14.000Z</time>
        <extensions>
          <ns3:TrackPointExtension>
            <ns3:hr>141</ns3:hr>
            <ns3:cad>91</ns3:cad>
          </ns3:TrackPointExtension>
        </extensions>
      </trkpt>
      <trkpt lat="30.43918915092945098876953125" lon="120.2616451866924762725830078125">
        <ele>4</ele>
        <time>2024-12-16T13:54:15.000Z</time>
        <extensions>
          <ns3:TrackPointExtension>
            <ns3:hr>141</ns3:hr>
            <ns3:cad>91</ns3:cad>
          </ns3:TrackPointExtension>
        </extensions>
      </trkpt>
      <trkpt lat="30.43921194970607757568359375" lon="120.2616374753415584564208984375">
        <ele>4</ele>
        <time>2024-12-16T13:54:16.000Z</time>
        <extensions>
          <ns3:TrackPointExtension>
            <ns3:hr>141</ns3:hr>
            <ns3:cad>90</ns3:cad>
          </ns3:TrackPointExtension>
        </extensions>
      </trkpt>
      <trkpt lat="30.43923399411141872406005859375" lon="120.2616327814757823944091796875">
        <ele>4</ele>
        <time>2024-12-16T13:54:17.000Z</time>
        <extensions>
          <ns3:TrackPointExtension>
            <ns3:hr>141</ns3:hr>
            <ns3:cad>90</ns3:cad>
          </ns3:TrackPointExtension>
        </extensions>
      </trkpt>
      <trkpt lat="30.439252518117427825927734375" lon="120.26162833906710147857666015625">
        <ele>4</ele>
        <time>2024-12-16T13:54:18.000Z</time>
        <extensions>
          <ns3:TrackPointExtension>
            <ns3:hr>142</ns3:hr>
            <ns3:cad>90</ns3:cad>
          </ns3:TrackPointExtension>
        </extensions>
      </trkpt>
      <trkpt lat="30.43926827609539031982421875" lon="120.2616260759532451629638671875">
        <ele>4</ele>
        <time>2024-12-16T13:54:19.000Z</time>
        <extensions>
          <ns3:TrackPointExtension>
            <ns3:hr>142</ns3:hr>
            <ns3:cad>90</ns3:cad>
          </ns3:TrackPointExtension>
        </extensions>
      </trkpt>
      <trkpt lat="30.43928042985498905181884765625" lon="120.26162289083003997802734375">
        <ele>4</ele>
        <time>2024-12-16T13:54:20.000Z</time>
        <extensions>
          <ns3:TrackPointExtension>
            <ns3:hr>142</ns3:hr>
            <ns3:cad>90</ns3:cad>
          </ns3:TrackPointExtension>
        </extensions>
      </trkpt>
      <trkpt lat="30.43929132632911205291748046875" lon="120.26161911897361278533935546875">
        <ele>4</ele>
        <time>2024-12-16T13:54:21.000Z</time>
        <extensions>
          <ns3:TrackPointExtension>
            <ns3:hr>143</ns3:hr>
            <ns3:cad>86</ns3:cad>
          </ns3:TrackPointExtension>
        </extensions>
      </trkpt>
      <trkpt lat="30.43929987587034702301025390625" lon="120.2616163529455661773681640625">
        <ele>4</ele>
        <time>2024-12-16T13:54:22.000Z</time>
        <extensions>
          <ns3:TrackPointExtension>
            <ns3:hr>143</ns3:hr>
            <ns3:cad>86</ns3:cad>
          </ns3:TrackPointExtension>
        </extensions>
      </trkpt>
      <trkpt lat="30.43930892832577228546142578125" lon="120.26160939596593379974365234375">
        <ele>4</ele>
        <time>2024-12-16T13:54:23.000Z</time>
        <extensions>
          <ns3:TrackPointExtension>
            <ns3:hr>144</ns3:hr>
            <ns3:cad>65</ns3:cad>
          </ns3:TrackPointExtension>
        </extensions>
      </trkpt>
      <trkpt lat="30.4393261112272739410400390625" lon="120.2616005949676036834716796875">
        <ele>4</ele>
        <time>2024-12-16T13:54:24.000Z</time>
        <extensions>
          <ns3:TrackPointExtension>
            <ns3:hr>144</ns3:hr>
            <ns3:cad>65</ns3:cad>
          </ns3:TrackPointExtension>
        </extensions>
      </trkpt>
      <trkpt lat="30.43934262357652187347412109375" lon="120.26159497909247875213623046875">
        <ele>4</ele>
        <time>2024-12-16T13:54:25.000Z</time>
        <extensions>
          <ns3:TrackPointExtension>
            <ns3:hr>144</ns3:hr>
            <ns3:cad>66</ns3:cad>
          </ns3:TrackPointExtension>
        </extensions>
      </trkpt>
      <trkpt lat="30.43935938738286495208740234375" lon="120.2615855075418949127197265625">
        <ele>4</ele>
        <time>2024-12-16T13:54:26.000Z</time>
        <extensions>
          <ns3:TrackPointExtension>
            <ns3:hr>144</ns3:hr>
            <ns3:cad>66</ns3:cad>
          </ns3:TrackPointExtension>
        </extensions>
      </trkpt>
      <trkpt lat="30.43937548063695430755615234375" lon="120.26157000102102756500244140625">
        <ele>4</ele>
        <time>2024-12-16T13:54:27.000Z</time>
        <extensions>
          <ns3:TrackPointExtension>
            <ns3:hr>144</ns3:hr>
            <ns3:cad>66</ns3:cad>
          </ns3:TrackPointExtension>
        </extensions>
      </trkpt>
      <trkpt lat="30.4393965192139148712158203125" lon="120.26155407540500164031982421875">
        <ele>4</ele>
        <time>2024-12-16T13:54:28.000Z</time>
        <extensions>
          <ns3:TrackPointExtension>
            <ns3:hr>143</ns3:hr>
            <ns3:cad>88</ns3:cad>
          </ns3:TrackPointExtension>
        </extensions>
      </trkpt>
      <trkpt lat="30.43941705487668514251708984375" lon="120.26153580285608768463134765625">
        <ele>4</ele>
        <time>2024-12-16T13:54:29.000Z</time>
        <extensions>
          <ns3:TrackPointExtension>
            <ns3:hr>143</ns3:hr>
            <ns3:cad>88</ns3:cad>
          </ns3:TrackPointExtension>
        </extensions>
      </trkpt>
      <trkpt lat="30.43943859636783599853515625" lon="120.26151887141168117523193359375">
        <ele>4</ele>
        <time>2024-12-16T13:54:30.000Z</time>
        <extensions>
          <ns3:TrackPointExtension>
            <ns3:hr>142</ns3:hr>
            <ns3:cad>89</ns3:cad>
          </ns3:TrackPointExtension>
        </extensions>
      </trkpt>
      <trkpt lat="30.43946064077317714691162109375" lon="120.2615023590624332427978515625">
        <ele>4</ele>
        <time>2024-12-16T13:54:31.000Z</time>
        <extensions>
          <ns3:TrackPointExtension>
            <ns3:hr>142</ns3:hr>
            <ns3:cad>89</ns3:cad>
          </ns3:TrackPointExtension>
        </extensions>
      </trkpt>
      <trkpt lat="30.4394813440740108489990234375" lon="120.261486433446407318115234375">
        <ele>4</ele>
        <time>2024-12-16T13:54:32.000Z</time>
        <extensions>
          <ns3:TrackPointExtension>
            <ns3:hr>142</ns3:hr>
            <ns3:cad>89</ns3:cad>
          </ns3:TrackPointExtension>
        </extensions>
      </trkpt>
      <trkpt lat="30.43949986808001995086669921875" lon="120.26147067546844482421875">
        <ele>4</ele>
        <time>2024-12-16T13:54:33.000Z</time>
        <extensions>
          <ns3:TrackPointExtension>
            <ns3:hr>143</ns3:hr>
            <ns3:cad>89</ns3:cad>
          </ns3:TrackPointExtension>
        </extensions>
      </trkpt>
      <trkpt lat="30.4395195655524730682373046875" lon="120.26145935989916324615478515625">
        <ele>4</ele>
        <time>2024-12-16T13:54:34.000Z</time>
        <extensions>
          <ns3:TrackPointExtension>
            <ns3:hr>143</ns3:hr>
            <ns3:cad>89</ns3:cad>
          </ns3:TrackPointExtension>
        </extensions>
      </trkpt>
      <trkpt lat="30.439538843929767608642578125" lon="120.2614510618150234222412109375">
        <ele>4</ele>
        <time>2024-12-16T13:54:35.000Z</time>
        <extensions>
          <ns3:TrackPointExtension>
            <ns3:hr>143</ns3:hr>
            <ns3:cad>89</ns3:cad>
          </ns3:TrackPointExtension>
        </extensions>
      </trkpt>
      <trkpt lat="30.43955954723060131072998046875" lon="120.26144175790250301361083984375">
        <ele>4</ele>
        <time>2024-12-16T13:54:36.000Z</time>
        <extensions>
          <ns3:TrackPointExtension>
            <ns3:hr>143</ns3:hr>
            <ns3:cad>89</ns3:cad>
          </ns3:TrackPointExtension>
        </extensions>
      </trkpt>
      <trkpt lat="30.4395846091210842132568359375" lon="120.2614296041429042816162109375">
        <ele>4</ele>
        <time>2024-12-16T13:54:37.000Z</time>
        <extensions>
          <ns3:TrackPointExtension>
            <ns3:hr>143</ns3:hr>
            <ns3:cad>90</ns3:cad>
          </ns3:TrackPointExtension>
        </extensions>
      </trkpt>
      <trkpt lat="30.43960715644061565399169921875" lon="120.261418037116527557373046875">
        <ele>4</ele>
        <time>2024-12-16T13:54:38.000Z</time>
        <extensions>
          <ns3:TrackPointExtension>
            <ns3:hr>144</ns3:hr>
            <ns3:cad>90</ns3:cad>
          </ns3:TrackPointExtension>
        </extensions>
      </trkpt>
      <trkpt lat="30.43962961994111537933349609375" lon="120.26140605099499225616455078125">
        <ele>4</ele>
        <time>2024-12-16T13:54:39.000Z</time>
        <extensions>
          <ns3:TrackPointExtension>
            <ns3:hr>144</ns3:hr>
            <ns3:cad>90</ns3:cad>
          </ns3:TrackPointExtension>
        </extensions>
      </trkpt>
      <trkpt lat="30.43965677730739116668701171875" lon="120.2613942325115203857421875">
        <ele>4</ele>
        <time>2024-12-16T13:54:40.000Z</time>
        <extensions>
          <ns3:TrackPointExtension>
            <ns3:hr>144</ns3:hr>
            <ns3:cad>90</ns3:cad>
          </ns3:TrackPointExtension>
        </extensions>
      </trkpt>
      <trkpt lat="30.43967890553176403045654296875" lon="120.2613773010671138763427734375">
        <ele>4</ele>
        <time>2024-12-16T13:54:41.000Z</time>
        <extensions>
          <ns3:TrackPointExtension>
            <ns3:hr>144</ns3:hr>
            <ns3:cad>90</ns3:cad>
          </ns3:TrackPointExtension>
        </extensions>
      </trkpt>
      <trkpt lat="30.4397036321461200714111328125" lon="120.26136347092688083648681640625">
        <ele>4</ele>
        <time>2024-12-16T13:54:42.000Z</time>
        <extensions>
          <ns3:TrackPointExtension>
            <ns3:hr>144</ns3:hr>
            <ns3:cad>90</ns3:cad>
          </ns3:TrackPointExtension>
        </extensions>
      </trkpt>
      <trkpt lat="30.4397235810756683349609375" lon="120.26134620420634746551513671875">
        <ele>4</ele>
        <time>2024-12-16T13:54:43.000Z</time>
        <extensions>
          <ns3:TrackPointExtension>
            <ns3:hr>144</ns3:hr>
            <ns3:cad>90</ns3:cad>
          </ns3:TrackPointExtension>
        </extensions>
      </trkpt>
      <trkpt lat="30.4397435300052165985107421875" lon="120.26133161969482898712158203125">
        <ele>4.19999980926513671875</ele>
        <time>2024-12-16T13:54:44.000Z</time>
        <extensions>
          <ns3:TrackPointExtension>
            <ns3:hr>144</ns3:hr>
            <ns3:cad>90</ns3:cad>
          </ns3:TrackPointExtension>
        </extensions>
      </trkpt>
      <trkpt lat="30.43976121582090854644775390625" lon="120.26132382452487945556640625">
        <ele>4.19999980926513671875</ele>
        <time>2024-12-16T13:54:45.000Z</time>
        <extensions>
          <ns3:TrackPointExtension>
            <ns3:hr>144</ns3:hr>
            <ns3:cad>90</ns3:cad>
          </ns3:TrackPointExtension>
        </extensions>
      </trkpt>
      <trkpt lat="30.43977295048534870147705078125" lon="120.261316783726215362548828125">
        <ele>4.19999980926513671875</ele>
        <time>2024-12-16T13:54:46.000Z</time>
        <extensions>
          <ns3:TrackPointExtension>
            <ns3:hr>144</ns3:hr>
            <ns3:cad>90</ns3:cad>
          </ns3:TrackPointExtension>
        </extensions>
      </trkpt>
      <trkpt lat="30.43978200294077396392822265625" lon="120.26130462996661663055419921875">
        <ele>4.400000095367431640625</ele>
        <time>2024-12-16T13:54:47.000Z</time>
        <extensions>
          <ns3:TrackPointExtension>
            <ns3:hr>144</ns3:hr>
            <ns3:cad>90</ns3:cad>
          </ns3:TrackPointExtension>
        </extensions>
      </trkpt>
      <trkpt lat="30.43979524634778499603271484375" lon="120.2612964995205402374267578125">
        <ele>4.400000095367431640625</ele>
        <time>2024-12-16T13:54:48.000Z</time>
        <extensions>
          <ns3:TrackPointExtension>
            <ns3:hr>144</ns3:hr>
            <ns3:cad>90</ns3:cad>
          </ns3:TrackPointExtension>
        </extensions>
      </trkpt>
      <trkpt lat="30.439808070659637451171875" lon="120.26128987781703472137451171875">
        <ele>4.400000095367431640625</ele>
        <time>2024-12-16T13:54:49.000Z</time>
        <extensions>
          <ns3:TrackPointExtension>
            <ns3:hr>144</ns3:hr>
            <ns3:cad>90</ns3:cad>
          </ns3:TrackPointExtension>
        </extensions>
      </trkpt>
      <trkpt lat="30.4398186318576335906982421875" lon="120.26128954254090785980224609375">
        <ele>4.599999904632568359375</ele>
        <time>2024-12-16T13:54:50.000Z</time>
        <extensions>
          <ns3:TrackPointExtension>
            <ns3:hr>144</ns3:hr>
            <ns3:cad>90</ns3:cad>
          </ns3:TrackPointExtension>
        </extensions>
      </trkpt>
      <trkpt lat="30.43982927687466144561767578125" lon="120.261285267770290374755859375">
        <ele>4.599999904632568359375</ele>
        <time>2024-12-16T13:54:51.000Z</time>
        <extensions>
          <ns3:TrackPointExtension>
            <ns3:hr>144</ns3:hr>
            <ns3:cad>90</ns3:cad>
          </ns3:TrackPointExtension>
        </extensions>
      </trkpt>
      <trkpt lat="30.4398461245000362396240234375" lon="120.26127562858164310455322265625">
        <ele>4.599999904632568359375</ele>
        <time>2024-12-16T13:54:52.000Z</time>
        <extensions>
          <ns3:TrackPointExtension>
            <ns3:hr>144</ns3:hr>
            <ns3:cad>90</ns3:cad>
          </ns3:TrackPointExtension>
        </extensions>
      </trkpt>
      <trkpt lat="30.4398657381534576416015625" lon="120.26126590557396411895751953125">
        <ele>4.80000019073486328125</ele>
        <time>2024-12-16T13:54:53.000Z</time>
        <extensions>
          <ns3:TrackPointExtension>
            <ns3:hr>144</ns3:hr>
            <ns3:cad>90</ns3:cad>
          </ns3:TrackPointExtension>
        </extensions>
      </trkpt>
      <trkpt lat="30.43988778255879878997802734375" lon="120.26125383563339710235595703125">
        <ele>5</ele>
        <time>2024-12-16T13:54:54.000Z</time>
        <extensions>
          <ns3:TrackPointExtension>
            <ns3:hr>144</ns3:hr>
            <ns3:cad>0</ns3:cad>
          </ns3:TrackPointExtension>
        </extensions>
      </trkpt>
      <trkpt lat="30.43990823440253734588623046875" lon="120.26124159805476665496826171875">
        <ele>5</ele>
        <time>2024-12-16T13:54:55.000Z</time>
        <extensions>
          <ns3:TrackPointExtension>
            <ns3:hr>144</ns3:hr>
            <ns3:cad>0</ns3:cad>
          </ns3:TrackPointExtension>
        </extensions>
      </trkpt>
      <trkpt lat="30.439930446445941925048828125" lon="120.26122768409550189971923828125">
        <ele>5</ele>
        <time>2024-12-16T13:54:56.000Z</time>
        <extensions>
          <ns3:TrackPointExtension>
            <ns3:hr>144</ns3:hr>
            <ns3:cad>89</ns3:cad>
          </ns3:TrackPointExtension>
        </extensions>
      </trkpt>
      <trkpt lat="30.43995366431772708892822265625" lon="120.26121762581169605255126953125">
        <ele>5</ele>
        <time>2024-12-16T13:54:57.000Z</time>
        <extensions>
          <ns3:TrackPointExtension>
            <ns3:hr>144</ns3:hr>
            <ns3:cad>90</ns3:cad>
          </ns3:TrackPointExtension>
        </extensions>
      </trkpt>
      <trkpt lat="30.4399788938462734222412109375" lon="120.26120689697563648223876953125">
        <ele>5</ele>
        <time>2024-12-16T13:54:58.000Z</time>
        <extensions>
          <ns3:TrackPointExtension>
            <ns3:hr>144</ns3:hr>
            <ns3:cad>89</ns3:cad>
          </ns3:TrackPointExtension>
        </extensions>
      </trkpt>
      <trkpt lat="30.44000412337481975555419921875" lon="120.26119709014892578125">
        <ele>5</ele>
        <time>2024-12-16T13:54:59.000Z</time>
        <extensions>
          <ns3:TrackPointExtension>
            <ns3:hr>143</ns3:hr>
            <ns3:cad>89</ns3:cad>
          </ns3:TrackPointExtension>
        </extensions>
      </trkpt>
      <trkpt lat="30.440028011798858642578125" lon="120.26118510402739048004150390625">
        <ele>5</ele>
        <time>2024-12-16T13:55:00.000Z</time>
        <extensions>
          <ns3:TrackPointExtension>
            <ns3:hr>142</ns3:hr>
            <ns3:cad>89</ns3:cad>
          </ns3:TrackPointExtension>
        </extensions>
      </trkpt>
      <trkpt lat="30.4400503076612949371337890625" lon="120.2611761353909969329833984375">
        <ele>5</ele>
        <time>2024-12-16T13:55:01.000Z</time>
        <extensions>
          <ns3:TrackPointExtension>
            <ns3:hr>142</ns3:hr>
            <ns3:cad>90</ns3:cad>
          </ns3:TrackPointExtension>
        </extensions>
      </trkpt>
      <trkpt lat="30.44007251970469951629638671875" lon="120.2611644007265567779541015625">
        <ele>5</ele>
        <time>2024-12-16T13:55:02.000Z</time>
        <extensions>
          <ns3:TrackPointExtension>
            <ns3:hr>142</ns3:hr>
            <ns3:cad>90</ns3:cad>
          </ns3:TrackPointExtension>
        </extensions>
      </trkpt>
      <trkpt lat="30.440093390643596649169921875" lon="120.2611543424427509307861328125">
        <ele>5</ele>
        <time>2024-12-16T13:55:03.000Z</time>
        <extensions>
          <ns3:TrackPointExtension>
            <ns3:hr>141</ns3:hr>
            <ns3:cad>90</ns3:cad>
          </ns3:TrackPointExtension>
        </extensions>
      </trkpt>
      <trkpt lat="30.44011811725795269012451171875" lon="120.26114922948181629180908203125">
        <ele>4.80000019073486328125</ele>
        <time>2024-12-16T13:55:04.000Z</time>
        <extensions>
          <ns3:TrackPointExtension>
            <ns3:hr>141</ns3:hr>
            <ns3:cad>90</ns3:cad>
          </ns3:TrackPointExtension>
        </extensions>
      </trkpt>
      <trkpt lat="30.4401411674916744232177734375" lon="120.26114453561604022979736328125">
        <ele>4.80000019073486328125</ele>
        <time>2024-12-16T13:55:05.000Z</time>
        <extensions>
          <ns3:TrackPointExtension>
            <ns3:hr>141</ns3:hr>
            <ns3:cad>90</ns3:cad>
          </ns3:TrackPointExtension>
        </extensions>
      </trkpt>
      <trkpt lat="30.44016136787831783294677734375" lon="120.26113347150385379791259765625">
        <ele>4.599999904632568359375</ele>
        <time>2024-12-16T13:55:06.000Z</time>
        <extensions>
          <ns3:TrackPointExtension>
            <ns3:hr>141</ns3:hr>
            <ns3:cad>90</ns3:cad>
          </ns3:TrackPointExtension>
        </extensions>
      </trkpt>
      <trkpt lat="30.4401822388172149658203125" lon="120.26112131774425506591796875">
        <ele>4.599999904632568359375</ele>
        <time>2024-12-16T13:55:07.000Z</time>
        <extensions>
          <ns3:TrackPointExtension>
            <ns3:hr>141</ns3:hr>
            <ns3:cad>89</ns3:cad>
          </ns3:TrackPointExtension>
        </extensions>
      </trkpt>
      <trkpt lat="30.44020579196512699127197265625" lon="120.2611090801656246185302734375">
        <ele>4.400000095367431640625</ele>
        <time>2024-12-16T13:55:08.000Z</time>
        <extensions>
          <ns3:TrackPointExtension>
            <ns3:hr>141</ns3:hr>
            <ns3:cad>89</ns3:cad>
          </ns3:TrackPointExtension>
        </extensions>
      </trkpt>
      <trkpt lat="30.44022691436111927032470703125" lon="120.26109424419701099395751953125">
        <ele>4.19999980926513671875</ele>
        <time>2024-12-16T13:55:09.000Z</time>
        <extensions>
          <ns3:TrackPointExtension>
            <ns3:hr>142</ns3:hr>
            <ns3:cad>90</ns3:cad>
          </ns3:TrackPointExtension>
        </extensions>
      </trkpt>
      <trkpt lat="30.44024770148098468780517578125" lon="120.26107697747647762298583984375">
        <ele>4.19999980926513671875</ele>
        <time>2024-12-16T13:55:10.000Z</time>
        <extensions>
          <ns3:TrackPointExtension>
            <ns3:hr>141</ns3:hr>
            <ns3:cad>90</ns3:cad>
          </ns3:TrackPointExtension>
        </extensions>
      </trkpt>
      <trkpt lat="30.44027217663824558258056640625" lon="120.26106230914592742919921875">
        <ele>4.19999980926513671875</ele>
        <time>2024-12-16T13:55:11.000Z</time>
        <extensions>
          <ns3:TrackPointExtension>
            <ns3:hr>141</ns3:hr>
            <ns3:cad>90</ns3:cad>
          </ns3:TrackPointExtension>
        </extensions>
      </trkpt>
      <trkpt lat="30.44029715470969676971435546875" lon="120.26104755699634552001953125">
        <ele>4</ele>
        <time>2024-12-16T13:55:12.000Z</time>
        <extensions>
          <ns3:TrackPointExtension>
            <ns3:hr>142</ns3:hr>
            <ns3:cad>91</ns3:cad>
          </ns3:TrackPointExtension>
        </extensions>
      </trkpt>
      <trkpt lat="30.4403190314769744873046875" lon="120.26103439740836620330810546875">
        <ele>4</ele>
        <time>2024-12-16T13:55:13.000Z</time>
        <extensions>
          <ns3:TrackPointExtension>
            <ns3:hr>142</ns3:hr>
            <ns3:cad>91</ns3:cad>
          </ns3:TrackPointExtension>
        </extensions>
      </trkpt>
      <trkpt lat="30.44034258462488651275634765625" lon="120.2610219083726406097412109375">
        <ele>4</ele>
        <time>2024-12-16T13:55:14.000Z</time>
        <extensions>
          <ns3:TrackPointExtension>
            <ns3:hr>143</ns3:hr>
            <ns3:cad>91</ns3:cad>
          </ns3:TrackPointExtension>
        </extensions>
      </trkpt>
      <trkpt lat="30.4403651319444179534912109375" lon="120.26100791059434413909912109375">
        <ele>4</ele>
        <time>2024-12-16T13:55:15.000Z</time>
        <extensions>
          <ns3:TrackPointExtension>
            <ns3:hr>143</ns3:hr>
            <ns3:cad>91</ns3:cad>
          </ns3:TrackPointExtension>
        </extensions>
      </trkpt>
      <trkpt lat="30.4403862543404102325439453125" lon="120.2609903924167156219482421875">
        <ele>4</ele>
        <time>2024-12-16T13:55:16.000Z</time>
        <extensions>
          <ns3:TrackPointExtension>
            <ns3:hr>143</ns3:hr>
            <ns3:cad>91</ns3:cad>
          </ns3:TrackPointExtension>
        </extensions>
      </trkpt>
      <trkpt lat="30.4404090531170368194580078125" lon="120.26097555644810199737548828125">
        <ele>4</ele>
        <time>2024-12-16T13:55:17.000Z</time>
        <extensions>
          <ns3:TrackPointExtension>
            <ns3:hr>143</ns3:hr>
            <ns3:cad>90</ns3:cad>
          </ns3:TrackPointExtension>
        </extensions>
      </trkpt>
      <trkpt lat="30.4404325224459171295166015625" lon="120.26096172630786895751953125">
        <ele>4</ele>
        <time>2024-12-16T13:55:18.000Z</time>
        <extensions>
          <ns3:TrackPointExtension>
            <ns3:hr>144</ns3:hr>
            <ns3:cad>90</ns3:cad>
          </ns3:TrackPointExtension>
        </extensions>
      </trkpt>
      <trkpt lat="30.44045087881386280059814453125" lon="120.26095292530953884124755859375">
        <ele>4</ele>
        <time>2024-12-16T13:55:19.000Z</time>
        <extensions>
          <ns3:TrackPointExtension>
            <ns3:hr>144</ns3:hr>
            <ns3:cad>90</ns3:cad>
          </ns3:TrackPointExtension>
        </extensions>
      </trkpt>
      <trkpt lat="30.44046320021152496337890625" lon="120.26094018481671810150146484375">
        <ele>3.7999999523162841796875</ele>
        <time>2024-12-16T13:55:20.000Z</time>
        <extensions>
          <ns3:TrackPointExtension>
            <ns3:hr>145</ns3:hr>
            <ns3:cad>90</ns3:cad>
          </ns3:TrackPointExtension>
        </extensions>
      </trkpt>
      <trkpt lat="30.4404730908572673797607421875" lon="120.26093012653291225433349609375">
        <ele>3.7999999523162841796875</ele>
        <time>2024-12-16T13:55:21.000Z</time>
        <extensions>
          <ns3:TrackPointExtension>
            <ns3:hr>145</ns3:hr>
            <ns3:cad>90</ns3:cad>
          </ns3:TrackPointExtension>
        </extensions>
      </trkpt>
      <trkpt lat="30.44048155657947063446044921875" lon="120.26092107407748699188232421875">
        <ele>3.7999999523162841796875</ele>
        <time>2024-12-16T13:55:22.000Z</time>
        <extensions>
          <ns3:TrackPointExtension>
            <ns3:hr>145</ns3:hr>
            <ns3:cad>90</ns3:cad>
          </ns3:TrackPointExtension>
        </extensions>
      </trkpt>
      <trkpt lat="30.44048993848264217376708984375" lon="120.26091168634593486785888671875">
        <ele>3.599999904632568359375</ele>
        <time>2024-12-16T13:55:23.000Z</time>
        <extensions>
          <ns3:TrackPointExtension>
            <ns3:hr>145</ns3:hr>
            <ns3:cad>75</ns3:cad>
          </ns3:TrackPointExtension>
        </extensions>
      </trkpt>
      <trkpt lat="30.44049538671970367431640625" lon="120.26090213097631931304931640625">
        <ele>3.599999904632568359375</ele>
        <time>2024-12-16T13:55:24.000Z</time>
        <extensions>
          <ns3:TrackPointExtension>
            <ns3:hr>145</ns3:hr>
            <ns3:cad>75</ns3:cad>
          </ns3:TrackPointExtension>
        </extensions>
      </trkpt>
      <trkpt lat="30.4405014216899871826171875" lon="120.2608861215412616729736328125">
        <ele>3.599999904632568359375</ele>
        <time>2024-12-16T13:55:25.000Z</time>
        <extensions>
          <ns3:TrackPointExtension>
            <ns3:hr>145</ns3:hr>
            <ns3:cad>63</ns3:cad>
          </ns3:TrackPointExtension>
        </extensions>
      </trkpt>
      <trkpt lat="30.440509803593158721923828125" lon="120.26087262667715549468994140625">
        <ele>3.400000095367431640625</ele>
        <time>2024-12-16T13:55:26.000Z</time>
        <extensions>
          <ns3:TrackPointExtension>
            <ns3:hr>144</ns3:hr>
            <ns3:cad>62</ns3:cad>
          </ns3:TrackPointExtension>
        </extensions>
      </trkpt>
      <trkpt lat="30.44052061624825000762939453125" lon="120.26086424477398395538330078125">
        <ele>3.400000095367431640625</ele>
        <time>2024-12-16T13:55:27.000Z</time>
        <extensions>
          <ns3:TrackPointExtension>
            <ns3:hr>143</ns3:hr>
            <ns3:cad>62</ns3:cad>
          </ns3:TrackPointExtension>
        </extensions>
      </trkpt>
      <trkpt lat="30.44053251855075359344482421875" lon="120.2608566172420978546142578125">
        <ele>3.400000095367431640625</ele>
        <time>2024-12-16T13:55:28.000Z</time>
        <extensions>
          <ns3:TrackPointExtension>
            <ns3:hr>143</ns3:hr>
            <ns3:cad>62</ns3:cad>
          </ns3:TrackPointExtension>
        </extensions>
      </trkpt>
      <trkpt lat="30.440543331205844879150390625" lon="120.260845385491847991943359375">
        <ele>3.400000095367431640625</ele>
        <time>2024-12-16T13:55:29.000Z</time>
        <extensions>
          <ns3:TrackPointExtension>
            <ns3:hr>143</ns3:hr>
            <ns3:cad>62</ns3:cad>
          </ns3:TrackPointExtension>
        </extensions>
      </trkpt>
      <trkpt lat="30.440561436116695404052734375" lon="120.26083809323608875274658203125">
        <ele>3.400000095367431640625</ele>
        <time>2024-12-16T13:55:30.000Z</time>
        <extensions>
          <ns3:TrackPointExtension>
            <ns3:hr>143</ns3:hr>
            <ns3:cad>0</ns3:cad>
          </ns3:TrackPointExtension>
        </extensions>
      </trkpt>
      <trkpt lat="30.4405833967030048370361328125" lon="120.26083021424710750579833984375">
        <ele>3.2000000476837158203125</ele>
        <time>2024-12-16T13:55:31.000Z</time>
        <extensions>
          <ns3:TrackPointExtension>
            <ns3:hr>143</ns3:hr>
            <ns3:cad>0</ns3:cad>
          </ns3:TrackPointExtension>
        </extensions>
      </trkpt>
      <trkpt lat="30.44060426764190196990966796875" lon="120.26081831194460391998291015625">
        <ele>3.2000000476837158203125</ele>
        <time>2024-12-16T13:55:32.000Z</time>
        <extensions>
          <ns3:TrackPointExtension>
            <ns3:hr>143</ns3:hr>
            <ns3:cad>0</ns3:cad>
          </ns3:TrackPointExtension>
        </extensions>
      </trkpt>
      <trkpt lat="30.440624468028545379638671875" lon="120.26080657728016376495361328125">
        <ele>3.2000000476837158203125</ele>
        <time>2024-12-16T13:55:33.000Z</time>
        <extensions>
          <ns3:TrackPointExtension>
            <ns3:hr>142</ns3:hr>
            <ns3:cad>0</ns3:cad>
          </ns3:TrackPointExtension>
        </extensions>
      </trkpt>
      <trkpt lat="30.440647266805171966552734375" lon="120.2607934176921844482421875">
        <ele>3.2000000476837158203125</ele>
        <time>2024-12-16T13:55:34.000Z</time>
        <extensions>
          <ns3:TrackPointExtension>
            <ns3:hr>141</ns3:hr>
            <ns3:cad>88</ns3:cad>
          </ns3:TrackPointExtension>
        </extensions>
      </trkpt>
      <trkpt lat="30.44067065231502056121826171875" lon="120.2607786655426025390625">
        <ele>3.2000000476837158203125</ele>
        <time>2024-12-16T13:55:35.000Z</time>
        <extensions>
          <ns3:TrackPointExtension>
            <ns3:hr>139</ns3:hr>
            <ns3:cad>88</ns3:cad>
          </ns3:TrackPointExtension>
        </extensions>
      </trkpt>
      <trkpt lat="30.44069445692002773284912109375" lon="120.260765254497528076171875">
        <ele>3</ele>
        <time>2024-12-16T13:55:36.000Z</time>
        <extensions>
          <ns3:TrackPointExtension>
            <ns3:hr>138</ns3:hr>
            <ns3:cad>88</ns3:cad>
          </ns3:TrackPointExtension>
        </extensions>
      </trkpt>
      <trkpt lat="30.4407195188105106353759765625" lon="120.2607516758143901824951171875">
        <ele>3</ele>
        <time>2024-12-16T13:55:37.000Z</time>
        <extensions>
          <ns3:TrackPointExtension>
            <ns3:hr>138</ns3:hr>
            <ns3:cad>89</ns3:cad>
          </ns3:TrackPointExtension>
        </extensions>
      </trkpt>
      <trkpt lat="30.44074357487261295318603515625" lon="120.26074119843542575836181640625">
        <ele>3</ele>
        <time>2024-12-16T13:55:38.000Z</time>
        <extensions>
          <ns3:TrackPointExtension>
            <ns3:hr>138</ns3:hr>
            <ns3:cad>90</ns3:cad>
          </ns3:TrackPointExtension>
        </extensions>
      </trkpt>
      <trkpt lat="30.4407661221921443939208984375" lon="120.260722674429416656494140625">
        <ele>3</ele>
        <time>2024-12-16T13:55:39.000Z</time>
        <extensions>
          <ns3:TrackPointExtension>
            <ns3:hr>138</ns3:hr>
            <ns3:cad>90</ns3:cad>
          </ns3:TrackPointExtension>
        </extensions>
      </trkpt>
      <trkpt lat="30.440789759159088134765625" lon="120.2607087604701519012451171875">
        <ele>2.7999999523162841796875</ele>
        <time>2024-12-16T13:55:40.000Z</time>
        <extensions>
          <ns3:TrackPointExtension>
            <ns3:hr>138</ns3:hr>
            <ns3:cad>90</ns3:cad>
          </ns3:TrackPointExtension>
        </extensions>
      </trkpt>
      <trkpt lat="30.44081180356442928314208984375" lon="120.2606966905295848846435546875">
        <ele>2.7999999523162841796875</ele>
        <time>2024-12-16T13:55:41.000Z</time>
        <extensions>
          <ns3:TrackPointExtension>
            <ns3:hr>138</ns3:hr>
            <ns3:cad>91</ns3:cad>
          </ns3:TrackPointExtension>
        </extensions>
      </trkpt>
      <trkpt lat="30.44082974083721637725830078125" lon="120.26068923063576221466064453125">
        <ele>2.599999904632568359375</ele>
        <time>2024-12-16T13:55:42.000Z</time>
        <extensions>
          <ns3:TrackPointExtension>
            <ns3:hr>138</ns3:hr>
            <ns3:cad>91</ns3:cad>
          </ns3:TrackPointExtension>
        </extensions>
      </trkpt>
      <trkpt lat="30.4408499412238597869873046875" lon="120.26067766360938549041748046875">
        <ele>2.599999904632568359375</ele>
        <time>2024-12-16T13:55:43.000Z</time>
        <extensions>
          <ns3:TrackPointExtension>
            <ns3:hr>139</ns3:hr>
            <ns3:cad>90</ns3:cad>
          </ns3:TrackPointExtension>
        </extensions>
      </trkpt>
      <trkpt lat="30.44086863286793231964111328125" lon="120.26066266000270843505859375">
        <ele>2.400000095367431640625</ele>
        <time>2024-12-16T13:55:44.000Z</time>
        <extensions>
          <ns3:TrackPointExtension>
            <ns3:hr>139</ns3:hr>
            <ns3:cad>90</ns3:cad>
          </ns3:TrackPointExtension>
        </extensions>
      </trkpt>
      <trkpt lat="30.44089009054005146026611328125" lon="120.2606457285583019256591796875">
        <ele>2.2000000476837158203125</ele>
        <time>2024-12-16T13:55:45.000Z</time>
        <extensions>
          <ns3:TrackPointExtension>
            <ns3:hr>139</ns3:hr>
            <ns3:cad>90</ns3:cad>
          </ns3:TrackPointExtension>
        </extensions>
      </trkpt>
      <trkpt lat="30.440910123288631439208984375" lon="120.2606316469609737396240234375">
        <ele>2.2000000476837158203125</ele>
        <time>2024-12-16T13:55:46.000Z</time>
        <extensions>
          <ns3:TrackPointExtension>
            <ns3:hr>140</ns3:hr>
            <ns3:cad>90</ns3:cad>
          </ns3:TrackPointExtension>
        </extensions>
      </trkpt>
      <trkpt lat="30.4409324191510677337646484375" lon="120.26061915792524814605712890625">
        <ele>2</ele>
        <time>2024-12-16T13:55:47.000Z</time>
        <extensions>
          <ns3:TrackPointExtension>
            <ns3:hr>140</ns3:hr>
            <ns3:cad>90</ns3:cad>
          </ns3:TrackPointExtension>
        </extensions>
      </trkpt>
      <trkpt lat="30.44095580466091632843017578125" lon="120.2606058306992053985595703125">
        <ele>2</ele>
        <time>2024-12-16T13:55:48.000Z</time>
        <extensions>
          <ns3:TrackPointExtension>
            <ns3:hr>141</ns3:hr>
            <ns3:cad>90</ns3:cad>
          </ns3:TrackPointExtension>
        </extensions>
      </trkpt>
      <trkpt lat="30.4409801959991455078125" lon="120.26059828698635101318359375">
        <ele>2</ele>
        <time>2024-12-16T13:55:49.000Z</time>
        <extensions>
          <ns3:TrackPointExtension>
            <ns3:hr>142</ns3:hr>
            <ns3:cad>90</ns3:cad>
          </ns3:TrackPointExtension>
        </extensions>
      </trkpt>
      <trkpt lat="30.441006012260913848876953125" lon="120.26059317402541637420654296875">
        <ele>2</ele>
        <time>2024-12-16T13:55:50.000Z</time>
        <extensions>
          <ns3:TrackPointExtension>
            <ns3:hr>142</ns3:hr>
            <ns3:cad>89</ns3:cad>
          </ns3:TrackPointExtension>
        </extensions>
      </trkpt>
      <trkpt lat="30.44102847576141357421875" lon="120.26057858951389789581298828125">
        <ele>2</ele>
        <time>2024-12-16T13:55:51.000Z</time>
        <extensions>
          <ns3:TrackPointExtension>
            <ns3:hr>142</ns3:hr>
            <ns3:cad>89</ns3:cad>
          </ns3:TrackPointExtension>
        </extensions>
      </trkpt>
      <trkpt lat="30.4410490952432155609130859375" lon="120.26056207716464996337890625">
        <ele>2</ele>
        <time>2024-12-16T13:55:52.000Z</time>
        <extensions>
          <ns3:TrackPointExtension>
            <ns3:hr>142</ns3:hr>
            <ns3:cad>89</ns3:cad>
          </ns3:TrackPointExtension>
        </extensions>
      </trkpt>
      <trkpt lat="30.44106761924922466278076171875" lon="120.260545648634433746337890625">
        <ele>2</ele>
        <time>2024-12-16T13:55:53.000Z</time>
        <extensions>
          <ns3:TrackPointExtension>
            <ns3:hr>142</ns3:hr>
            <ns3:cad>89</ns3:cad>
          </ns3:TrackPointExtension>
        </extensions>
      </trkpt>
      <trkpt lat="30.44108815491199493408203125" lon="120.26052762754261493682861328125">
        <ele>2.2000000476837158203125</ele>
        <time>2024-12-16T13:55:54.000Z</time>
        <extensions>
          <ns3:TrackPointExtension>
            <ns3:hr>142</ns3:hr>
            <ns3:cad>89</ns3:cad>
          </ns3:TrackPointExtension>
        </extensions>
      </trkpt>
      <trkpt lat="30.44110969640314579010009765625" lon="120.26051111519336700439453125">
        <ele>2.2000000476837158203125</ele>
        <time>2024-12-16T13:55:55.000Z</time>
        <extensions>
          <ns3:TrackPointExtension>
            <ns3:hr>143</ns3:hr>
            <ns3:cad>89</ns3:cad>
          </ns3:TrackPointExtension>
        </extensions>
      </trkpt>
      <trkpt lat="30.4411302320659160614013671875" lon="120.2604951895773410797119140625">
        <ele>2.599999904632568359375</ele>
        <time>2024-12-16T13:55:56.000Z</time>
        <extensions>
          <ns3:TrackPointExtension>
            <ns3:hr>143</ns3:hr>
            <ns3:cad>89</ns3:cad>
          </ns3:TrackPointExtension>
        </extensions>
      </trkpt>
      <trkpt lat="30.4411530308425426483154296875" lon="120.26048219762742519378662109375">
        <ele>2.7999999523162841796875</ele>
        <time>2024-12-16T13:55:57.000Z</time>
        <extensions>
          <ns3:TrackPointExtension>
            <ns3:hr>143</ns3:hr>
            <ns3:cad>89</ns3:cad>
          </ns3:TrackPointExtension>
        </extensions>
      </trkpt>
      <trkpt lat="30.44117440469563007354736328125" lon="120.26047280989587306976318359375">
        <ele>3</ele>
        <time>2024-12-16T13:55:58.000Z</time>
        <extensions>
          <ns3:TrackPointExtension>
            <ns3:hr>143</ns3:hr>
            <ns3:cad>89</ns3:cad>
          </ns3:TrackPointExtension>
        </extensions>
      </trkpt>
      <trkpt lat="30.44119971804320812225341796875" lon="120.26046543382108211517333984375">
        <ele>3.400000095367431640625</ele>
        <time>2024-12-16T13:55:59.000Z</time>
        <extensions>
          <ns3:TrackPointExtension>
            <ns3:hr>144</ns3:hr>
            <ns3:cad>89</ns3:cad>
          </ns3:TrackPointExtension>
        </extensions>
      </trkpt>
      <trkpt lat="30.441220588982105255126953125" lon="120.26044934056699275970458984375">
        <ele>3.7999999523162841796875</ele>
        <time>2024-12-16T13:56:00.000Z</time>
        <extensions>
          <ns3:TrackPointExtension>
            <ns3:hr>144</ns3:hr>
            <ns3:cad>89</ns3:cad>
          </ns3:TrackPointExtension>
        </extensions>
      </trkpt>
      <trkpt lat="30.44123894535005092620849609375" lon="120.26043006218969821929931640625">
        <ele>4</ele>
        <time>2024-12-16T13:56:01.000Z</time>
        <extensions>
          <ns3:TrackPointExtension>
            <ns3:hr>145</ns3:hr>
            <ns3:cad>89</ns3:cad>
          </ns3:TrackPointExtension>
        </extensions>
      </trkpt>
      <trkpt lat="30.44125738553702831268310546875" lon="120.26040826924145221710205078125">
        <ele>4.400000095367431640625</ele>
        <time>2024-12-16T13:56:02.000Z</time>
        <extensions>
          <ns3:TrackPointExtension>
            <ns3:hr>145</ns3:hr>
            <ns3:cad>89</ns3:cad>
          </ns3:TrackPointExtension>
        </extensions>
      </trkpt>
      <trkpt lat="30.44127859175205230712890625" lon="120.2603937685489654541015625">
        <ele>4.80000019073486328125</ele>
        <time>2024-12-16T13:56:03.000Z</time>
        <extensions>
          <ns3:TrackPointExtension>
            <ns3:hr>145</ns3:hr>
            <ns3:cad>89</ns3:cad>
          </ns3:TrackPointExtension>
        </extensions>
      </trkpt>
      <trkpt lat="30.4413018934428691864013671875" lon="120.2603805251419544219970703125">
        <ele>5.19999980926513671875</ele>
        <time>2024-12-16T13:56:04.000Z</time>
        <extensions>
          <ns3:TrackPointExtension>
            <ns3:hr>145</ns3:hr>
            <ns3:cad>89</ns3:cad>
          </ns3:TrackPointExtension>
        </extensions>
      </trkpt>
      <trkpt lat="30.4413220100104808807373046875" lon="120.2603697963058948516845703125">
        <ele>5.400000095367431640625</ele>
        <time>2024-12-16T13:56:05.000Z</time>
        <extensions>
          <ns3:TrackPointExtension>
            <ns3:hr>145</ns3:hr>
            <ns3:cad>89</ns3:cad>
          </ns3:TrackPointExtension>
        </extensions>
      </trkpt>
      <trkpt lat="30.44134086929261684417724609375" lon="120.2603620849549770355224609375">
        <ele>5.599999904632568359375</ele>
        <time>2024-12-16T13:56:06.000Z</time>
        <extensions>
          <ns3:TrackPointExtension>
            <ns3:hr>145</ns3:hr>
            <ns3:cad>89</ns3:cad>
          </ns3:TrackPointExtension>
        </extensions>
      </trkpt>
      <trkpt lat="30.44135905802249908447265625" lon="120.26036049239337444305419921875">
        <ele>5.80000019073486328125</ele>
        <time>2024-12-16T13:56:07.000Z</time>
        <extensions>
          <ns3:TrackPointExtension>
            <ns3:hr>145</ns3:hr>
            <ns3:cad>89</ns3:cad>
          </ns3:TrackPointExtension>
        </extensions>
      </trkpt>
      <trkpt lat="30.44138227589428424835205078125" lon="120.26036451570689678192138671875">
        <ele>6</ele>
        <time>2024-12-16T13:56:08.000Z</time>
        <extensions>
          <ns3:TrackPointExtension>
            <ns3:hr>145</ns3:hr>
            <ns3:cad>89</ns3:cad>
          </ns3:TrackPointExtension>
        </extensions>
      </trkpt>
      <trkpt lat="30.44140004552900791168212890625" lon="120.26036350987851619720458984375">
        <ele>6.19999980926513671875</ele>
        <time>2024-12-16T13:56:09.000Z</time>
        <extensions>
          <ns3:TrackPointExtension>
            <ns3:hr>145</ns3:hr>
            <ns3:cad>89</ns3:cad>
          </ns3:TrackPointExtension>
        </extensions>
      </trkpt>
      <trkpt lat="30.44141278602182865142822265625" lon="120.26035957038402557373046875">
        <ele>6.400000095367431640625</ele>
        <time>2024-12-16T13:56:10.000Z</time>
        <extensions>
          <ns3:TrackPointExtension>
            <ns3:hr>145</ns3:hr>
            <ns3:cad>0</ns3:cad>
          </ns3:TrackPointExtension>
        </extensions>
      </trkpt>
      <trkpt lat="30.4414242692291736602783203125" lon="120.26035613380372524261474609375">
        <ele>6.599999904632568359375</ele>
        <time>2024-12-16T13:56:11.000Z</time>
        <extensions>
          <ns3:TrackPointExtension>
            <ns3:hr>145</ns3:hr>
            <ns3:cad>0</ns3:cad>
          </ns3:TrackPointExtension>
        </extensions>
      </trkpt>
      <trkpt lat="30.44143390841782093048095703125" lon="120.26035194285213947296142578125">
        <ele>6.80000019073486328125</ele>
        <time>2024-12-16T13:56:12.000Z</time>
        <extensions>
          <ns3:TrackPointExtension>
            <ns3:hr>145</ns3:hr>
            <ns3:cad>0</ns3:cad>
          </ns3:TrackPointExtension>
        </extensions>
      </trkpt>
      <trkpt lat="30.441444218158721923828125" lon="120.2603473328053951263427734375">
        <ele>6.80000019073486328125</ele>
        <time>2024-12-16T13:56:13.000Z</time>
        <extensions>
          <ns3:TrackPointExtension>
            <ns3:hr>145</ns3:hr>
            <ns3:cad>0</ns3:cad>
          </ns3:TrackPointExtension>
        </extensions>
      </trkpt>
      <trkpt lat="30.4414594732224941253662109375" lon="120.260344482958316802978515625">
        <ele>7</ele>
        <time>2024-12-16T13:56:14.000Z</time>
        <extensions>
          <ns3:TrackPointExtension>
            <ns3:hr>145</ns3:hr>
            <ns3:cad>0</ns3:cad>
          </ns3:TrackPointExtension>
        </extensions>
      </trkpt>
      <trkpt lat="30.44147707521915435791015625" lon="120.26033350266516208648681640625">
        <ele>7.400000095367431640625</ele>
        <time>2024-12-16T13:56:15.000Z</time>
        <extensions>
          <ns3:TrackPointExtension>
            <ns3:hr>145</ns3:hr>
            <ns3:cad>0</ns3:cad>
          </ns3:TrackPointExtension>
        </extensions>
      </trkpt>
      <trkpt lat="30.44149878434836864471435546875" lon="120.26031799614429473876953125">
        <ele>7.400000095367431640625</ele>
        <time>2024-12-16T13:56:16.000Z</time>
        <extensions>
          <ns3:TrackPointExtension>
            <ns3:hr>145</ns3:hr>
            <ns3:cad>0</ns3:cad>
          </ns3:TrackPointExtension>
        </extensions>
      </trkpt>
      <trkpt lat="30.44151789508759975433349609375" lon="120.2603057585656642913818359375">
        <ele>7.400000095367431640625</ele>
        <time>2024-12-16T13:56:17.000Z</time>
        <extensions>
          <ns3:TrackPointExtension>
            <ns3:hr>145</ns3:hr>
            <ns3:cad>90</ns3:cad>
          </ns3:TrackPointExtension>
        </extensions>
      </trkpt>
      <trkpt lat="30.44153935275971889495849609375" lon="120.26028589345514774322509765625">
        <ele>7.400000095367431640625</ele>
        <time>2024-12-16T13:56:18.000Z</time>
        <extensions>
          <ns3:TrackPointExtension>
            <ns3:hr>145</ns3:hr>
            <ns3:cad>91</ns3:cad>
          </ns3:TrackPointExtension>
        </extensions>
      </trkpt>
      <trkpt lat="30.4415533505380153656005859375" lon="120.26026376523077487945556640625">
        <ele>7.19999980926513671875</ele>
        <time>2024-12-16T13:56:19.000Z</time>
        <extensions>
          <ns3:TrackPointExtension>
            <ns3:hr>145</ns3:hr>
            <ns3:cad>91</ns3:cad>
          </ns3:TrackPointExtension>
        </extensions>
      </trkpt>
      <trkpt lat="30.44156718067824840545654296875" lon="120.260248593986034393310546875">
        <ele>7.19999980926513671875</ele>
        <time>2024-12-16T13:56:20.000Z</time>
        <extensions>
          <ns3:TrackPointExtension>
            <ns3:hr>145</ns3:hr>
            <ns3:cad>93</ns3:cad>
          </ns3:TrackPointExtension>
        </extensions>
      </trkpt>
      <trkpt lat="30.44158126227557659149169921875" lon="120.26023275218904018402099609375">
        <ele>7.19999980926513671875</ele>
        <time>2024-12-16T13:56:21.000Z</time>
        <extensions>
          <ns3:TrackPointExtension>
            <ns3:hr>145</ns3:hr>
            <ns3:cad>93</ns3:cad>
          </ns3:TrackPointExtension>
        </extensions>
      </trkpt>
      <trkpt lat="30.44159953482449054718017578125" lon="120.26022319681942462921142578125">
        <ele>7.19999980926513671875</ele>
        <time>2024-12-16T13:56:22.000Z</time>
        <extensions>
          <ns3:TrackPointExtension>
            <ns3:hr>145</ns3:hr>
            <ns3:cad>93</ns3:cad>
          </ns3:TrackPointExtension>
        </extensions>
      </trkpt>
      <trkpt lat="30.44161344878375530242919921875" lon="120.26021649129688739776611328125">
        <ele>7</ele>
        <time>2024-12-16T13:56:23.000Z</time>
        <extensions>
          <ns3:TrackPointExtension>
            <ns3:hr>144</ns3:hr>
            <ns3:cad>93</ns3:cad>
          </ns3:TrackPointExtension>
        </extensions>
      </trkpt>
      <trkpt lat="30.441622249782085418701171875" lon="120.2602091990411281585693359375">
        <ele>7</ele>
        <time>2024-12-16T13:56:24.000Z</time>
        <extensions>
          <ns3:TrackPointExtension>
            <ns3:hr>144</ns3:hr>
            <ns3:cad>93</ns3:cad>
          </ns3:TrackPointExtension>
        </extensions>
      </trkpt>
      <trkpt lat="30.44162652455270290374755859375" lon="120.2602034993469715118408203125">
        <ele>7</ele>
        <time>2024-12-16T13:56:25.000Z</time>
        <extensions>
          <ns3:TrackPointExtension>
            <ns3:hr>144</ns3:hr>
            <ns3:cad>0</ns3:cad>
          </ns3:TrackPointExtension>
        </extensions>
      </trkpt>
      <trkpt lat="30.44163205660879611968994140625" lon="120.26020240969955921173095703125">
        <ele>7</ele>
        <time>2024-12-16T13:56:26.000Z</time>
        <extensions>
          <ns3:TrackPointExtension>
            <ns3:hr>143</ns3:hr>
            <ns3:cad>0</ns3:cad>
          </ns3:TrackPointExtension>
        </extensions>
      </trkpt>
      <trkpt lat="30.44163725338876247406005859375" lon="120.2601977996528148651123046875">
        <ele>7</ele>
        <time>2024-12-16T13:56:27.000Z</time>
        <extensions>
          <ns3:TrackPointExtension>
            <ns3:hr>142</ns3:hr>
            <ns3:cad>65</ns3:cad>
          </ns3:TrackPointExtension>
        </extensions>
      </trkpt>
      <trkpt lat="30.4416468925774097442626953125" lon="120.26019193232059478759765625">
        <ele>7</ele>
        <time>2024-12-16T13:56:28.000Z</time>
        <extensions>
          <ns3:TrackPointExtension>
            <ns3:hr>141</ns3:hr>
            <ns3:cad>65</ns3:cad>
          </ns3:TrackPointExtension>
        </extensions>
      </trkpt>
      <trkpt lat="30.44165812432765960693359375" lon="120.26018849574029445648193359375">
        <ele>6.80000019073486328125</ele>
        <time>2024-12-16T13:56:29.000Z</time>
        <extensions>
          <ns3:TrackPointExtension>
            <ns3:hr>140</ns3:hr>
            <ns3:cad>0</ns3:cad>
          </ns3:TrackPointExtension>
        </extensions>
      </trkpt>
      <trkpt lat="30.4416670091450214385986328125" lon="120.26018095202744007110595703125">
        <ele>6.80000019073486328125</ele>
        <time>2024-12-16T13:56:30.000Z</time>
        <extensions>
          <ns3:TrackPointExtension>
            <ns3:hr>140</ns3:hr>
            <ns3:cad>0</ns3:cad>
          </ns3:TrackPointExtension>
        </extensions>
      </trkpt>
      <trkpt lat="30.4416780732572078704833984375" lon="120.26017290540039539337158203125">
        <ele>6.80000019073486328125</ele>
        <time>2024-12-16T13:56:31.000Z</time>
        <extensions>
          <ns3:TrackPointExtension>
            <ns3:hr>139</ns3:hr>
            <ns3:cad>0</ns3:cad>
          </ns3:TrackPointExtension>
        </extensions>
      </trkpt>
      <trkpt lat="30.44168838299810886383056640625" lon="120.26016175746917724609375">
        <ele>6.599999904632568359375</ele>
        <time>2024-12-16T13:56:32.000Z</time>
        <extensions>
          <ns3:TrackPointExtension>
            <ns3:hr>139</ns3:hr>
            <ns3:cad>0</ns3:cad>
          </ns3:TrackPointExtension>
        </extensions>
      </trkpt>
      <trkpt lat="30.4417018778622150421142578125" lon="120.260152034461498260498046875">
        <ele>6.599999904632568359375</ele>
        <time>2024-12-16T13:56:33.000Z</time>
        <extensions>
          <ns3:TrackPointExtension>
            <ns3:hr>138</ns3:hr>
            <ns3:cad>0</ns3:cad>
          </ns3:TrackPointExtension>
        </extensions>
      </trkpt>
      <trkpt lat="30.4417164623737335205078125" lon="120.2601441554725170135498046875">
        <ele>6.599999904632568359375</ele>
        <time>2024-12-16T13:56:34.000Z</time>
        <extensions>
          <ns3:TrackPointExtension>
            <ns3:hr>138</ns3:hr>
            <ns3:cad>0</ns3:cad>
          </ns3:TrackPointExtension>
        </extensions>
      </trkpt>
      <trkpt lat="30.4417313821613788604736328125" lon="120.2601371146738529205322265625">
        <ele>6.400000095367431640625</ele>
        <time>2024-12-16T13:56:35.000Z</time>
        <extensions>
          <ns3:TrackPointExtension>
            <ns3:hr>137</ns3:hr>
            <ns3:cad>0</ns3:cad>
          </ns3:TrackPointExtension>
        </extensions>
      </trkpt>
      <trkpt lat="30.44174730777740478515625" lon="120.26013082824647426605224609375">
        <ele>6.400000095367431640625</ele>
        <time>2024-12-16T13:56:36.000Z</time>
        <extensions>
          <ns3:TrackPointExtension>
            <ns3:hr>137</ns3:hr>
            <ns3:cad>0</ns3:cad>
          </ns3:TrackPointExtension>
        </extensions>
      </trkpt>
      <trkpt lat="30.4417592100799083709716796875" lon="120.26012345217168331146240234375">
        <ele>6.19999980926513671875</ele>
        <time>2024-12-16T13:56:37.000Z</time>
        <extensions>
          <ns3:TrackPointExtension>
            <ns3:hr>137</ns3:hr>
            <ns3:cad>0</ns3:cad>
          </ns3:TrackPointExtension>
        </extensions>
      </trkpt>
      <trkpt lat="30.4417692683637142181396484375" lon="120.2601153217256069183349609375">
        <ele>6.19999980926513671875</ele>
        <time>2024-12-16T13:56:38.000Z</time>
        <extensions>
          <ns3:TrackPointExtension>
            <ns3:hr>138</ns3:hr>
            <ns3:cad>62</ns3:cad>
          </ns3:TrackPointExtension>
        </extensions>
      </trkpt>
      <trkpt lat="30.44177857227623462677001953125" lon="120.2601096220314502716064453125">
        <ele>6.19999980926513671875</ele>
        <time>2024-12-16T13:56:39.000Z</time>
        <extensions>
          <ns3:TrackPointExtension>
            <ns3:hr>139</ns3:hr>
            <ns3:cad>63</ns3:cad>
          </ns3:TrackPointExtension>
        </extensions>
      </trkpt>
      <trkpt lat="30.44178661890327930450439453125" lon="120.260103754699230194091796875">
        <ele>6.19999980926513671875</ele>
        <time>2024-12-16T13:56:40.000Z</time>
        <extensions>
          <ns3:TrackPointExtension>
            <ns3:hr>139</ns3:hr>
            <ns3:cad>64</ns3:cad>
          </ns3:TrackPointExtension>
        </extensions>
      </trkpt>
      <trkpt lat="30.4417930729687213897705078125" lon="120.2600998990237712860107421875">
        <ele>6</ele>
        <time>2024-12-16T13:56:41.000Z</time>
        <extensions>
          <ns3:TrackPointExtension>
            <ns3:hr>139</ns3:hr>
            <ns3:cad>65</ns3:cad>
          </ns3:TrackPointExtension>
        </extensions>
      </trkpt>
      <trkpt lat="30.4418034665286540985107421875" lon="120.260100066661834716796875">
        <ele>6</ele>
        <time>2024-12-16T13:56:42.000Z</time>
        <extensions>
          <ns3:TrackPointExtension>
            <ns3:hr>139</ns3:hr>
            <ns3:cad>65</ns3:cad>
          </ns3:TrackPointExtension>
        </extensions>
      </trkpt>
      <trkpt lat="30.44181235134601593017578125" lon="120.2600998990237712860107421875">
        <ele>6</ele>
        <time>2024-12-16T13:56:43.000Z</time>
        <extensions>
          <ns3:TrackPointExtension>
            <ns3:hr>139</ns3:hr>
            <ns3:cad>65</ns3:cad>
          </ns3:TrackPointExtension>
        </extensions>
      </trkpt>
      <trkpt lat="30.4418225772678852081298828125" lon="120.26009880937635898590087890625">
        <ele>6</ele>
        <time>2024-12-16T13:56:44.000Z</time>
        <extensions>
          <ns3:TrackPointExtension>
            <ns3:hr>140</ns3:hr>
            <ns3:cad>63</ns3:cad>
          </ns3:TrackPointExtension>
        </extensions>
      </trkpt>
      <trkpt lat="30.44183473102748394012451171875" lon="120.260101072490215301513671875">
        <ele>6</ele>
        <time>2024-12-16T13:56:45.000Z</time>
        <extensions>
          <ns3:TrackPointExtension>
            <ns3:hr>140</ns3:hr>
            <ns3:cad>63</ns3:cad>
          </ns3:TrackPointExtension>
        </extensions>
      </trkpt>
      <trkpt lat="30.4418460465967655181884765625" lon="120.2600988931953907012939453125">
        <ele>5.80000019073486328125</ele>
        <time>2024-12-16T13:56:46.000Z</time>
        <extensions>
          <ns3:TrackPointExtension>
            <ns3:hr>140</ns3:hr>
            <ns3:cad>63</ns3:cad>
          </ns3:TrackPointExtension>
        </extensions>
      </trkpt>
      <trkpt lat="30.441858954727649688720703125" lon="120.26009746827185153961181640625">
        <ele>5.80000019073486328125</ele>
        <time>2024-12-16T13:56:47.000Z</time>
        <extensions>
          <ns3:TrackPointExtension>
            <ns3:hr>139</ns3:hr>
            <ns3:cad>63</ns3:cad>
          </ns3:TrackPointExtension>
        </extensions>
      </trkpt>
      <trkpt lat="30.44186959974467754364013671875" lon="120.26010333560407161712646484375">
        <ele>5.80000019073486328125</ele>
        <time>2024-12-16T13:56:48.000Z</time>
        <extensions>
          <ns3:TrackPointExtension>
            <ns3:hr>139</ns3:hr>
            <ns3:cad>63</ns3:cad>
          </ns3:TrackPointExtension>
        </extensions>
      </trkpt>
      <trkpt lat="30.4418800771236419677734375" lon="120.26010652072727680206298828125">
        <ele>5.80000019073486328125</ele>
        <time>2024-12-16T13:56:49.000Z</time>
        <extensions>
          <ns3:TrackPointExtension>
            <ns3:hr>138</ns3:hr>
            <ns3:cad>63</ns3:cad>
          </ns3:TrackPointExtension>
        </extensions>
      </trkpt>
      <trkpt lat="30.44189206324517726898193359375" lon="120.26010953821241855621337890625">
        <ele>5.80000019073486328125</ele>
        <time>2024-12-16T13:56:50.000Z</time>
        <extensions>
          <ns3:TrackPointExtension>
            <ns3:hr>138</ns3:hr>
            <ns3:cad>62</ns3:cad>
          </ns3:TrackPointExtension>
        </extensions>
      </trkpt>
      <trkpt lat="30.441903881728649139404296875" lon="120.2601086162030696868896484375">
        <ele>5.80000019073486328125</ele>
        <time>2024-12-16T13:56:51.000Z</time>
        <extensions>
          <ns3:TrackPointExtension>
            <ns3:hr>138</ns3:hr>
            <ns3:cad>62</ns3:cad>
          </ns3:TrackPointExtension>
        </extensions>
      </trkpt>
      <trkpt lat="30.4419228248298168182373046875" lon="120.26010652072727680206298828125">
        <ele>5.599999904632568359375</ele>
        <time>2024-12-16T13:56:52.000Z</time>
        <extensions>
          <ns3:TrackPointExtension>
            <ns3:hr>137</ns3:hr>
            <ns3:cad>60</ns3:cad>
          </ns3:TrackPointExtension>
        </extensions>
      </trkpt>
      <trkpt lat="30.44194419868290424346923828125" lon="120.260101072490215301513671875">
        <ele>5.599999904632568359375</ele>
        <time>2024-12-16T13:56:53.000Z</time>
        <extensions>
          <ns3:TrackPointExtension>
            <ns3:hr>137</ns3:hr>
            <ns3:cad>60</ns3:cad>
          </ns3:TrackPointExtension>
        </extensions>
      </trkpt>
      <trkpt lat="30.4419640637934207916259765625" lon="120.260086320340633392333984375">
        <ele>5.400000095367431640625</ele>
        <time>2024-12-16T13:56:54.000Z</time>
        <extensions>
          <ns3:TrackPointExtension>
            <ns3:hr>136</ns3:hr>
            <ns3:cad>60</ns3:cad>
          </ns3:TrackPointExtension>
        </extensions>
      </trkpt>
      <trkpt lat="30.441980659961700439453125" lon="120.26006561703979969024658203125">
        <ele>5.19999980926513671875</ele>
        <time>2024-12-16T13:56:55.000Z</time>
        <extensions>
          <ns3:TrackPointExtension>
            <ns3:hr>136</ns3:hr>
            <ns3:cad>60</ns3:cad>
          </ns3:TrackPointExtension>
        </extensions>
      </trkpt>
      <trkpt lat="30.441996417939662933349609375" lon="120.26004030369222164154052734375">
        <ele>5.19999980926513671875</ele>
        <time>2024-12-16T13:56:56.000Z</time>
        <extensions>
          <ns3:TrackPointExtension>
            <ns3:hr>135</ns3:hr>
            <ns3:cad>88</ns3:cad>
          </ns3:TrackPointExtension>
        </extensions>
      </trkpt>
      <trkpt lat="30.4420086555182933807373046875" lon="120.26001532562077045440673828125">
        <ele>5</ele>
        <time>2024-12-16T13:56:57.000Z</time>
        <extensions>
          <ns3:TrackPointExtension>
            <ns3:hr>135</ns3:hr>
            <ns3:cad>89</ns3:cad>
          </ns3:TrackPointExtension>
        </extensions>
      </trkpt>
      <trkpt lat="30.44202131219208240509033203125" lon="120.25998967699706554412841796875">
        <ele>4.80000019073486328125</ele>
        <time>2024-12-16T13:56:58.000Z</time>
        <extensions>
          <ns3:TrackPointExtension>
            <ns3:hr>135</ns3:hr>
            <ns3:cad>89</ns3:cad>
          </ns3:TrackPointExtension>
        </extensions>
      </trkpt>
      <trkpt lat="30.4420383274555206298828125" lon="120.259966962039470672607421875">
        <ele>4.80000019073486328125</ele>
        <time>2024-12-16T13:56:59.000Z</time>
        <extensions>
          <ns3:TrackPointExtension>
            <ns3:hr>135</ns3:hr>
            <ns3:cad>89</ns3:cad>
          </ns3:TrackPointExtension>
        </extensions>
      </trkpt>
      <trkpt lat="30.442058779299259185791015625" lon="120.25994977913796901702880859375">
        <ele>4.599999904632568359375</ele>
        <time>2024-12-16T13:57:00.000Z</time>
        <extensions>
          <ns3:TrackPointExtension>
            <ns3:hr>135</ns3:hr>
            <ns3:cad>89</ns3:cad>
          </ns3:TrackPointExtension>
        </extensions>
      </trkpt>
      <trkpt lat="30.44208082370460033416748046875" lon="120.25993578135967254638671875">
        <ele>4.400000095367431640625</ele>
        <time>2024-12-16T13:57:01.000Z</time>
        <extensions>
          <ns3:TrackPointExtension>
            <ns3:hr>135</ns3:hr>
            <ns3:cad>89</ns3:cad>
          </ns3:TrackPointExtension>
        </extensions>
      </trkpt>
      <trkpt lat="30.44210362248122692108154296875" lon="120.25991968810558319091796875">
        <ele>4.400000095367431640625</ele>
        <time>2024-12-16T13:57:02.000Z</time>
        <extensions>
          <ns3:TrackPointExtension>
            <ns3:hr>135</ns3:hr>
            <ns3:cad>90</ns3:cad>
          </ns3:TrackPointExtension>
        </extensions>
      </trkpt>
      <trkpt lat="30.44212616980075836181640625" lon="120.25990686379373073577880859375">
        <ele>4.19999980926513671875</ele>
        <time>2024-12-16T13:57:03.000Z</time>
        <extensions>
          <ns3:TrackPointExtension>
            <ns3:hr>136</ns3:hr>
            <ns3:cad>90</ns3:cad>
          </ns3:TrackPointExtension>
        </extensions>
      </trkpt>
      <trkpt lat="30.4421511478722095489501953125" lon="120.259895883500576019287109375">
        <ele>4.19999980926513671875</ele>
        <time>2024-12-16T13:57:04.000Z</time>
        <extensions>
          <ns3:TrackPointExtension>
            <ns3:hr>136</ns3:hr>
            <ns3:cad>90</ns3:cad>
          </ns3:TrackPointExtension>
        </extensions>
      </trkpt>
      <trkpt lat="30.44217067770659923553466796875" lon="120.2598792873322963714599609375">
        <ele>4.19999980926513671875</ele>
        <time>2024-12-16T13:57:05.000Z</time>
        <extensions>
          <ns3:TrackPointExtension>
            <ns3:hr>136</ns3:hr>
            <ns3:cad>90</ns3:cad>
          </ns3:TrackPointExtension>
        </extensions>
      </trkpt>
      <trkpt lat="30.4421933926641941070556640625" lon="120.2598688937723636627197265625">
        <ele>4</ele>
        <time>2024-12-16T13:57:06.000Z</time>
        <extensions>
          <ns3:TrackPointExtension>
            <ns3:hr>137</ns3:hr>
            <ns3:cad>90</ns3:cad>
          </ns3:TrackPointExtension>
        </extensions>
      </trkpt>
      <trkpt lat="30.442218370735645294189453125" lon="120.2598618529736995697021484375">
        <ele>4.19999980926513671875</ele>
        <time>2024-12-16T13:57:07.000Z</time>
        <extensions>
          <ns3:TrackPointExtension>
            <ns3:hr>138</ns3:hr>
            <ns3:cad>90</ns3:cad>
          </ns3:TrackPointExtension>
        </extensions>
      </trkpt>
      <trkpt lat="30.44224292971193790435791015625" lon="120.25984869338572025299072265625">
        <ele>4.19999980926513671875</ele>
        <time>2024-12-16T13:57:08.000Z</time>
        <extensions>
          <ns3:TrackPointExtension>
            <ns3:hr>139</ns3:hr>
            <ns3:cad>90</ns3:cad>
          </ns3:TrackPointExtension>
        </extensions>
      </trkpt>
      <trkpt lat="30.4422695003449916839599609375" lon="120.259835533797740936279296875">
        <ele>4.400000095367431640625</ele>
        <time>2024-12-16T13:57:09.000Z</time>
        <extensions>
          <ns3:TrackPointExtension>
            <ns3:hr>140</ns3:hr>
            <ns3:cad>90</ns3:cad>
          </ns3:TrackPointExtension>
        </extensions>
      </trkpt>
      <trkpt lat="30.442294813692569732666015625" lon="120.25981667451560497283935546875">
        <ele>4.400000095367431640625</ele>
        <time>2024-12-16T13:57:10.000Z</time>
        <extensions>
          <ns3:TrackPointExtension>
            <ns3:hr>140</ns3:hr>
            <ns3:cad>90</ns3:cad>
          </ns3:TrackPointExtension>
        </extensions>
      </trkpt>
      <trkpt lat="30.44231551699340343475341796875" lon="120.25980125181376934051513671875">
        <ele>4.400000095367431640625</ele>
        <time>2024-12-16T13:57:11.000Z</time>
        <extensions>
          <ns3:TrackPointExtension>
            <ns3:hr>141</ns3:hr>
            <ns3:cad>90</ns3:cad>
          </ns3:TrackPointExtension>
        </extensions>
      </trkpt>
      <trkpt lat="30.442339740693569183349609375" lon="120.25978381745517253875732421875">
        <ele>4.400000095367431640625</ele>
        <time>2024-12-16T13:57:12.000Z</time>
        <extensions>
          <ns3:TrackPointExtension>
            <ns3:hr>141</ns3:hr>
            <ns3:cad>90</ns3:cad>
          </ns3:TrackPointExtension>
        </extensions>
      </trkpt>
      <trkpt lat="30.44235977344214916229248046875" lon="120.25977157987654209136962890625">
        <ele>4.400000095367431640625</ele>
        <time>2024-12-16T13:57:13.000Z</time>
        <extensions>
          <ns3:TrackPointExtension>
            <ns3:hr>141</ns3:hr>
            <ns3:cad>90</ns3:cad>
          </ns3:TrackPointExtension>
        </extensions>
      </trkpt>
      <trkpt lat="30.44238240458071231842041015625" lon="120.2597612701356410980224609375">
        <ele>4.19999980926513671875</ele>
        <time>2024-12-16T13:57:14.000Z</time>
        <extensions>
          <ns3:TrackPointExtension>
            <ns3:hr>141</ns3:hr>
            <ns3:cad>90</ns3:cad>
          </ns3:TrackPointExtension>
        </extensions>
      </trkpt>
      <trkpt lat="30.44240620918571949005126953125" lon="120.25975246913731098175048828125">
        <ele>4</ele>
        <time>2024-12-16T13:57:15.000Z</time>
        <extensions>
          <ns3:TrackPointExtension>
            <ns3:hr>141</ns3:hr>
            <ns3:cad>90</ns3:cad>
          </ns3:TrackPointExtension>
        </extensions>
      </trkpt>
      <trkpt lat="30.44243018142879009246826171875" lon="120.25973989628255367279052734375">
        <ele>3.7999999523162841796875</ele>
        <time>2024-12-16T13:57:16.000Z</time>
        <extensions>
          <ns3:TrackPointExtension>
            <ns3:hr>141</ns3:hr>
            <ns3:cad>90</ns3:cad>
          </ns3:TrackPointExtension>
        </extensions>
      </trkpt>
      <trkpt lat="30.44245532713830471038818359375" lon="120.2597264014184474945068359375">
        <ele>3.599999904632568359375</ele>
        <time>2024-12-16T13:57:17.000Z</time>
        <extensions>
          <ns3:TrackPointExtension>
            <ns3:hr>140</ns3:hr>
            <ns3:cad>90</ns3:cad>
          </ns3:TrackPointExtension>
        </extensions>
      </trkpt>
      <trkpt lat="30.4424850828945636749267578125" lon="120.25970569811761379241943359375">
        <ele>3.599999904632568359375</ele>
        <time>2024-12-16T13:57:18.000Z</time>
        <extensions>
          <ns3:TrackPointExtension>
            <ns3:hr>140</ns3:hr>
            <ns3:cad>90</ns3:cad>
          </ns3:TrackPointExtension>
        </extensions>
      </trkpt>
      <trkpt lat="30.442508719861507415771484375" lon="120.2596908621490001678466796875">
        <ele>3.599999904632568359375</ele>
        <time>2024-12-16T13:57:19.000Z</time>
        <extensions>
          <ns3:TrackPointExtension>
            <ns3:hr>139</ns3:hr>
            <ns3:cad>90</ns3:cad>
          </ns3:TrackPointExtension>
        </extensions>
      </trkpt>
      <trkpt lat="30.44253361411392688751220703125" lon="120.259677954018115997314453125">
        <ele>3.599999904632568359375</ele>
        <time>2024-12-16T13:57:20.000Z</time>
        <extensions>
          <ns3:TrackPointExtension>
            <ns3:hr>139</ns3:hr>
            <ns3:cad>90</ns3:cad>
          </ns3:TrackPointExtension>
        </extensions>
      </trkpt>
      <trkpt lat="30.44255691580474376678466796875" lon="120.2596616931259632110595703125">
        <ele>3.7999999523162841796875</ele>
        <time>2024-12-16T13:57:21.000Z</time>
        <extensions>
          <ns3:TrackPointExtension>
            <ns3:hr>140</ns3:hr>
            <ns3:cad>90</ns3:cad>
          </ns3:TrackPointExtension>
        </extensions>
      </trkpt>
      <trkpt lat="30.442581474781036376953125" lon="120.2596462704241275787353515625">
        <ele>3.7999999523162841796875</ele>
        <time>2024-12-16T13:57:22.000Z</time>
        <extensions>
          <ns3:TrackPointExtension>
            <ns3:hr>140</ns3:hr>
            <ns3:cad>90</ns3:cad>
          </ns3:TrackPointExtension>
        </extensions>
      </trkpt>
      <trkpt lat="30.442603938281536102294921875" lon="120.25962866842746734619140625">
        <ele>4</ele>
        <time>2024-12-16T13:57:23.000Z</time>
        <extensions>
          <ns3:TrackPointExtension>
            <ns3:hr>140</ns3:hr>
            <ns3:cad>89</ns3:cad>
          </ns3:TrackPointExtension>
        </extensions>
      </trkpt>
      <trkpt lat="30.4426284134387969970703125" lon="120.25961265899240970611572265625">
        <ele>4.19999980926513671875</ele>
        <time>2024-12-16T13:57:24.000Z</time>
        <extensions>
          <ns3:TrackPointExtension>
            <ns3:hr>141</ns3:hr>
            <ns3:cad>89</ns3:cad>
          </ns3:TrackPointExtension>
        </extensions>
      </trkpt>
      <trkpt lat="30.44265163131058216094970703125" lon="120.25959648191928863525390625">
        <ele>4.599999904632568359375</ele>
        <time>2024-12-16T13:57:25.000Z</time>
        <extensions>
          <ns3:TrackPointExtension>
            <ns3:hr>141</ns3:hr>
            <ns3:cad>90</ns3:cad>
          </ns3:TrackPointExtension>
        </extensions>
      </trkpt>
      <trkpt lat="30.44266956858336925506591796875" lon="120.2595862559974193572998046875">
        <ele>4.599999904632568359375</ele>
        <time>2024-12-16T13:57:26.000Z</time>
        <extensions>
          <ns3:TrackPointExtension>
            <ns3:hr>142</ns3:hr>
            <ns3:cad>91</ns3:cad>
          </ns3:TrackPointExtension>
        </extensions>
      </trkpt>
      <trkpt lat="30.4426989890635013580322265625" lon="120.259565971791744232177734375">
        <ele>5</ele>
        <time>2024-12-16T13:57:27.000Z</time>
        <extensions>
          <ns3:TrackPointExtension>
            <ns3:hr>143</ns3:hr>
            <ns3:cad>92</ns3:cad>
          </ns3:TrackPointExtension>
        </extensions>
      </trkpt>
      <trkpt lat="30.4427224583923816680908203125" lon="120.259547531604766845703125">
        <ele>5.19999980926513671875</ele>
        <time>2024-12-16T13:57:28.000Z</time>
        <extensions>
          <ns3:TrackPointExtension>
            <ns3:hr>144</ns3:hr>
            <ns3:cad>93</ns3:cad>
          </ns3:TrackPointExtension>
        </extensions>
      </trkpt>
      <trkpt lat="30.442746095359325408935546875" lon="120.25953353382647037506103515625">
        <ele>5.400000095367431640625</ele>
        <time>2024-12-16T13:57:29.000Z</time>
        <extensions>
          <ns3:TrackPointExtension>
            <ns3:hr>144</ns3:hr>
            <ns3:cad>93</ns3:cad>
          </ns3:TrackPointExtension>
        </extensions>
      </trkpt>
      <trkpt lat="30.4427667148411273956298828125" lon="120.25952196680009365081787109375">
        <ele>5.599999904632568359375</ele>
        <time>2024-12-16T13:57:30.000Z</time>
        <extensions>
          <ns3:TrackPointExtension>
            <ns3:hr>145</ns3:hr>
            <ns3:cad>93</ns3:cad>
          </ns3:TrackPointExtension>
        </extensions>
      </trkpt>
      <trkpt lat="30.44279747642576694488525390625" lon="120.259503610432147979736328125">
        <ele>5.599999904632568359375</ele>
        <time>2024-12-16T13:57:31.000Z</time>
        <extensions>
          <ns3:TrackPointExtension>
            <ns3:hr>146</ns3:hr>
            <ns3:cad>93</ns3:cad>
          </ns3:TrackPointExtension>
        </extensions>
      </trkpt>
      <trkpt lat="30.4428250528872013092041015625" lon="120.25949497707188129425048828125">
        <ele>5.80000019073486328125</ele>
        <time>2024-12-16T13:57:32.000Z</time>
        <extensions>
          <ns3:TrackPointExtension>
            <ns3:hr>146</ns3:hr>
            <ns3:cad>93</ns3:cad>
          </ns3:TrackPointExtension>
        </extensions>
      </trkpt>
      <trkpt lat="30.4428495280444622039794921875" lon="120.25948022492229938507080078125">
        <ele>6</ele>
        <time>2024-12-16T13:57:33.000Z</time>
        <extensions>
          <ns3:TrackPointExtension>
            <ns3:hr>147</ns3:hr>
            <ns3:cad>93</ns3:cad>
          </ns3:TrackPointExtension>
        </extensions>
      </trkpt>
      <trkpt lat="30.44287073425948619842529296875" lon="120.25946346111595630645751953125">
        <ele>6</ele>
        <time>2024-12-16T13:57:34.000Z</time>
        <extensions>
          <ns3:TrackPointExtension>
            <ns3:hr>147</ns3:hr>
            <ns3:cad>91</ns3:cad>
          </ns3:TrackPointExtension>
        </extensions>
      </trkpt>
      <trkpt lat="30.44289420358836650848388671875" lon="120.2594467811286449432373046875">
        <ele>6.19999980926513671875</ele>
        <time>2024-12-16T13:57:35.000Z</time>
        <extensions>
          <ns3:TrackPointExtension>
            <ns3:hr>147</ns3:hr>
            <ns3:cad>91</ns3:cad>
          </ns3:TrackPointExtension>
        </extensions>
      </trkpt>
      <trkpt lat="30.44291800819337368011474609375" lon="120.2594343759119510650634765625">
        <ele>6.400000095367431640625</ele>
        <time>2024-12-16T13:57:36.000Z</time>
        <extensions>
          <ns3:TrackPointExtension>
            <ns3:hr>147</ns3:hr>
            <ns3:cad>91</ns3:cad>
          </ns3:TrackPointExtension>
        </extensions>
      </trkpt>
      <trkpt lat="30.44294290244579315185546875" lon="120.25942440144717693328857421875">
        <ele>6.400000095367431640625</ele>
        <time>2024-12-16T13:57:37.000Z</time>
        <extensions>
          <ns3:TrackPointExtension>
            <ns3:hr>147</ns3:hr>
            <ns3:cad>93</ns3:cad>
          </ns3:TrackPointExtension>
        </extensions>
      </trkpt>
      <trkpt lat="30.44295975007116794586181640625" lon="120.25941275060176849365234375">
        <ele>6.599999904632568359375</ele>
        <time>2024-12-16T13:57:38.000Z</time>
        <extensions>
          <ns3:TrackPointExtension>
            <ns3:hr>147</ns3:hr>
            <ns3:cad>93</ns3:cad>
          </ns3:TrackPointExtension>
        </extensions>
      </trkpt>
      <trkpt lat="30.44298707507550716400146484375" lon="120.259398333728313446044921875">
        <ele>6.80000019073486328125</ele>
        <time>2024-12-16T13:57:39.000Z</time>
        <extensions>
          <ns3:TrackPointExtension>
            <ns3:hr>147</ns3:hr>
            <ns3:cad>94</ns3:cad>
          </ns3:TrackPointExtension>
        </extensions>
      </trkpt>
      <trkpt lat="30.4430104605853557586669921875" lon="120.2593877725303173065185546875">
        <ele>6.80000019073486328125</ele>
        <time>2024-12-16T13:57:40.000Z</time>
        <extensions>
          <ns3:TrackPointExtension>
            <ns3:hr>148</ns3:hr>
            <ns3:cad>94</ns3:cad>
          </ns3:TrackPointExtension>
        </extensions>
      </trkpt>
      <trkpt lat="30.44303518719971179962158203125" lon="120.25937679223716259002685546875">
        <ele>7</ele>
        <time>2024-12-16T13:57:41.000Z</time>
        <extensions>
          <ns3:TrackPointExtension>
            <ns3:hr>148</ns3:hr>
            <ns3:cad>93</ns3:cad>
          </ns3:TrackPointExtension>
        </extensions>
      </trkpt>
      <trkpt lat="30.44305932708084583282470703125" lon="120.25936589576303958892822265625">
        <ele>6.80000019073486328125</ele>
        <time>2024-12-16T13:57:42.000Z</time>
        <extensions>
          <ns3:TrackPointExtension>
            <ns3:hr>148</ns3:hr>
            <ns3:cad>93</ns3:cad>
          </ns3:TrackPointExtension>
        </extensions>
      </trkpt>
      <trkpt lat="30.443082712590694427490234375" lon="120.25935516692698001861572265625">
        <ele>6.80000019073486328125</ele>
        <time>2024-12-16T13:57:43.000Z</time>
        <extensions>
          <ns3:TrackPointExtension>
            <ns3:hr>148</ns3:hr>
            <ns3:cad>93</ns3:cad>
          </ns3:TrackPointExtension>
        </extensions>
      </trkpt>
      <trkpt lat="30.44310425408184528350830078125" lon="120.25934326462447643280029296875">
        <ele>6.80000019073486328125</ele>
        <time>2024-12-16T13:57:44.000Z</time>
        <extensions>
          <ns3:TrackPointExtension>
            <ns3:hr>148</ns3:hr>
            <ns3:cad>92</ns3:cad>
          </ns3:TrackPointExtension>
        </extensions>
      </trkpt>
      <trkpt lat="30.44312487356364727020263671875" lon="120.2593317814171314239501953125">
        <ele>6.80000019073486328125</ele>
        <time>2024-12-16T13:57:45.000Z</time>
        <extensions>
          <ns3:TrackPointExtension>
            <ns3:hr>148</ns3:hr>
            <ns3:cad>92</ns3:cad>
          </ns3:TrackPointExtension>
        </extensions>
      </trkpt>
      <trkpt lat="30.443147756159305572509765625" lon="120.25932147167623043060302734375">
        <ele>6.599999904632568359375</ele>
        <time>2024-12-16T13:57:46.000Z</time>
        <extensions>
          <ns3:TrackPointExtension>
            <ns3:hr>148</ns3:hr>
            <ns3:cad>92</ns3:cad>
          </ns3:TrackPointExtension>
        </extensions>
      </trkpt>
      <trkpt lat="30.443166196346282958984375" lon="120.2593116648495197296142578125">
        <ele>6.599999904632568359375</ele>
        <time>2024-12-16T13:57:47.000Z</time>
        <extensions>
          <ns3:TrackPointExtension>
            <ns3:hr>148</ns3:hr>
            <ns3:cad>93</ns3:cad>
          </ns3:TrackPointExtension>
        </extensions>
      </trkpt>
      <trkpt lat="30.44319176115095615386962890625" lon="120.2592979185283184051513671875">
        <ele>6.599999904632568359375</ele>
        <time>2024-12-16T13:57:48.000Z</time>
        <extensions>
          <ns3:TrackPointExtension>
            <ns3:hr>148</ns3:hr>
            <ns3:cad>93</ns3:cad>
          </ns3:TrackPointExtension>
        </extensions>
      </trkpt>
      <trkpt lat="30.44321238063275814056396484375" lon="120.2592875249683856964111328125">
        <ele>6.599999904632568359375</ele>
        <time>2024-12-16T13:57:49.000Z</time>
        <extensions>
          <ns3:TrackPointExtension>
            <ns3:hr>148</ns3:hr>
            <ns3:cad>93</ns3:cad>
          </ns3:TrackPointExtension>
        </extensions>
      </trkpt>
      <trkpt lat="30.44323417358100414276123046875" lon="120.2592727728188037872314453125">
        <ele>6.400000095367431640625</ele>
        <time>2024-12-16T13:57:50.000Z</time>
        <extensions>
          <ns3:TrackPointExtension>
            <ns3:hr>149</ns3:hr>
            <ns3:cad>93</ns3:cad>
          </ns3:TrackPointExtension>
        </extensions>
      </trkpt>
      <trkpt lat="30.443254373967647552490234375" lon="120.25925693102180957794189453125">
        <ele>6.400000095367431640625</ele>
        <time>2024-12-16T13:57:51.000Z</time>
        <extensions>
          <ns3:TrackPointExtension>
            <ns3:hr>149</ns3:hr>
            <ns3:cad>93</ns3:cad>
          </ns3:TrackPointExtension>
        </extensions>
      </trkpt>
      <trkpt lat="30.44327541254460811614990234375" lon="120.2592405863106250762939453125">
        <ele>6.19999980926513671875</ele>
        <time>2024-12-16T13:57:52.000Z</time>
        <extensions>
          <ns3:TrackPointExtension>
            <ns3:hr>149</ns3:hr>
            <ns3:cad>93</ns3:cad>
          </ns3:TrackPointExtension>
        </extensions>
      </trkpt>
      <trkpt lat="30.44329837895929813385009765625" lon="120.25922792963683605194091796875">
        <ele>6</ele>
        <time>2024-12-16T13:57:53.000Z</time>
        <extensions>
          <ns3:TrackPointExtension>
            <ns3:hr>150</ns3:hr>
            <ns3:cad>93</ns3:cad>
          </ns3:TrackPointExtension>
        </extensions>
      </trkpt>
      <trkpt lat="30.44332201592624187469482421875" lon="120.25921451859176158905029296875">
        <ele>5.80000019073486328125</ele>
        <time>2024-12-16T13:57:54.000Z</time>
        <extensions>
          <ns3:TrackPointExtension>
            <ns3:hr>150</ns3:hr>
            <ns3:cad>91</ns3:cad>
          </ns3:TrackPointExtension>
        </extensions>
      </trkpt>
      <trkpt lat="30.443343557417392730712890625" lon="120.25920278392732143402099609375">
        <ele>5.599999904632568359375</ele>
        <time>2024-12-16T13:57:55.000Z</time>
        <extensions>
          <ns3:TrackPointExtension>
            <ns3:hr>150</ns3:hr>
            <ns3:cad>91</ns3:cad>
          </ns3:TrackPointExtension>
        </extensions>
      </trkpt>
      <trkpt lat="30.4433628357946872711181640625" lon="120.25919004343450069427490234375">
        <ele>5.599999904632568359375</ele>
        <time>2024-12-16T13:57:56.000Z</time>
        <extensions>
          <ns3:TrackPointExtension>
            <ns3:hr>151</ns3:hr>
            <ns3:cad>92</ns3:cad>
          </ns3:TrackPointExtension>
        </extensions>
      </trkpt>
      <trkpt lat="30.44338756240904331207275390625" lon="120.25917763821780681610107421875">
        <ele>5.400000095367431640625</ele>
        <time>2024-12-16T13:57:57.000Z</time>
        <extensions>
          <ns3:TrackPointExtension>
            <ns3:hr>151</ns3:hr>
            <ns3:cad>94</ns3:cad>
          </ns3:TrackPointExtension>
        </extensions>
      </trkpt>
      <trkpt lat="30.44341153465211391448974609375" lon="120.2591599524021148681640625">
        <ele>5.400000095367431640625</ele>
        <time>2024-12-16T13:57:58.000Z</time>
        <extensions>
          <ns3:TrackPointExtension>
            <ns3:hr>152</ns3:hr>
            <ns3:cad>93</ns3:cad>
          </ns3:TrackPointExtension>
        </extensions>
      </trkpt>
      <trkpt lat="30.44343508780002593994140625" lon="120.2591430209577083587646484375">
        <ele>5.19999980926513671875</ele>
        <time>2024-12-16T13:57:59.000Z</time>
        <extensions>
          <ns3:TrackPointExtension>
            <ns3:hr>152</ns3:hr>
            <ns3:cad>93</ns3:cad>
          </ns3:TrackPointExtension>
        </extensions>
      </trkpt>
      <trkpt lat="30.44345654547214508056640625" lon="120.259124748408794403076171875">
        <ele>5.19999980926513671875</ele>
        <time>2024-12-16T13:58:00.000Z</time>
        <extensions>
          <ns3:TrackPointExtension>
            <ns3:hr>152</ns3:hr>
            <ns3:cad>93</ns3:cad>
          </ns3:TrackPointExtension>
        </extensions>
      </trkpt>
      <trkpt lat="30.4434764944016933441162109375" lon="120.25911041535437107086181640625">
        <ele>5.19999980926513671875</ele>
        <time>2024-12-16T13:58:01.000Z</time>
        <extensions>
          <ns3:TrackPointExtension>
            <ns3:hr>153</ns3:hr>
            <ns3:cad>93</ns3:cad>
          </ns3:TrackPointExtension>
        </extensions>
      </trkpt>
      <trkpt lat="30.4434982873499393463134765625" lon="120.25909901596605777740478515625">
        <ele>5.19999980926513671875</ele>
        <time>2024-12-16T13:58:02.000Z</time>
        <extensions>
          <ns3:TrackPointExtension>
            <ns3:hr>154</ns3:hr>
            <ns3:cad>90</ns3:cad>
          </ns3:TrackPointExtension>
        </extensions>
      </trkpt>
      <trkpt lat="30.4435140453279018402099609375" lon="120.2590920589864253997802734375">
        <ele>5.19999980926513671875</ele>
        <time>2024-12-16T13:58:03.000Z</time>
        <extensions>
          <ns3:TrackPointExtension>
            <ns3:hr>154</ns3:hr>
            <ns3:cad>90</ns3:cad>
          </ns3:TrackPointExtension>
        </extensions>
      </trkpt>
      <trkpt lat="30.44352938421070575714111328125" lon="120.2590848505496978759765625">
        <ele>5.19999980926513671875</ele>
        <time>2024-12-16T13:58:04.000Z</time>
        <extensions>
          <ns3:TrackPointExtension>
            <ns3:hr>155</ns3:hr>
            <ns3:cad>90</ns3:cad>
          </ns3:TrackPointExtension>
        </extensions>
      </trkpt>
      <trkpt lat="30.4435438849031925201416015625" lon="120.2590794861316680908203125">
        <ele>5.19999980926513671875</ele>
        <time>2024-12-16T13:58:05.000Z</time>
        <extensions>
          <ns3:TrackPointExtension>
            <ns3:hr>155</ns3:hr>
            <ns3:cad>90</ns3:cad>
          </ns3:TrackPointExtension>
        </extensions>
      </trkpt>
      <trkpt lat="30.443560816347599029541015625" lon="120.25907973758876323699951171875">
        <ele>5</ele>
        <time>2024-12-16T13:58:06.000Z</time>
        <extensions>
          <ns3:TrackPointExtension>
            <ns3:hr>155</ns3:hr>
            <ns3:cad>0</ns3:cad>
          </ns3:TrackPointExtension>
        </extensions>
      </trkpt>
      <trkpt lat="30.4435752332210540771484375" lon="120.25907772593200206756591796875">
        <ele>5</ele>
        <time>2024-12-16T13:58:07.000Z</time>
        <extensions>
          <ns3:TrackPointExtension>
            <ns3:hr>155</ns3:hr>
            <ns3:cad>0</ns3:cad>
          </ns3:TrackPointExtension>
        </extensions>
      </trkpt>
      <trkpt lat="30.443585626780986785888671875" lon="120.259073115885257720947265625">
        <ele>5</ele>
        <time>2024-12-16T13:58:08.000Z</time>
        <extensions>
          <ns3:TrackPointExtension>
            <ns3:hr>155</ns3:hr>
            <ns3:cad>65</ns3:cad>
          </ns3:TrackPointExtension>
        </extensions>
      </trkpt>
      <trkpt lat="30.4435955174267292022705078125" lon="120.25906733237206935882568359375">
        <ele>5.19999980926513671875</ele>
        <time>2024-12-16T13:58:09.000Z</time>
        <extensions>
          <ns3:TrackPointExtension>
            <ns3:hr>156</ns3:hr>
            <ns3:cad>65</ns3:cad>
          </ns3:TrackPointExtension>
        </extensions>
      </trkpt>
      <trkpt lat="30.44360532425343990325927734375" lon="120.25906129740178585052490234375">
        <ele>5.19999980926513671875</ele>
        <time>2024-12-16T13:58:10.000Z</time>
        <extensions>
          <ns3:TrackPointExtension>
            <ns3:hr>155</ns3:hr>
            <ns3:cad>64</ns3:cad>
          </ns3:TrackPointExtension>
        </extensions>
      </trkpt>
      <trkpt lat="30.4436206631362438201904296875" lon="120.25905643589794635772705078125">
        <ele>5.19999980926513671875</ele>
        <time>2024-12-16T13:58:11.000Z</time>
        <extensions>
          <ns3:TrackPointExtension>
            <ns3:hr>154</ns3:hr>
            <ns3:cad>64</ns3:cad>
          </ns3:TrackPointExtension>
        </extensions>
      </trkpt>
      <trkpt lat="30.4436374269425868988037109375" lon="120.25905358605086803436279296875">
        <ele>5.400000095367431640625</ele>
        <time>2024-12-16T13:58:12.000Z</time>
        <extensions>
          <ns3:TrackPointExtension>
            <ns3:hr>154</ns3:hr>
            <ns3:cad>66</ns3:cad>
          </ns3:TrackPointExtension>
        </extensions>
      </trkpt>
      <trkpt lat="30.4436535201966762542724609375" lon="120.25904637761414051055908203125">
        <ele>5.400000095367431640625</ele>
        <time>2024-12-16T13:58:13.000Z</time>
        <extensions>
          <ns3:TrackPointExtension>
            <ns3:hr>154</ns3:hr>
            <ns3:cad>66</ns3:cad>
          </ns3:TrackPointExtension>
        </extensions>
      </trkpt>
      <trkpt lat="30.44367782771587371826171875" lon="120.2590394206345081329345703125">
        <ele>5.599999904632568359375</ele>
        <time>2024-12-16T13:58:14.000Z</time>
        <extensions>
          <ns3:TrackPointExtension>
            <ns3:hr>153</ns3:hr>
            <ns3:cad>66</ns3:cad>
          </ns3:TrackPointExtension>
        </extensions>
      </trkpt>
      <trkpt lat="30.44369869865477085113525390625" lon="120.25902005843818187713623046875">
        <ele>5.599999904632568359375</ele>
        <time>2024-12-16T13:58:15.000Z</time>
        <extensions>
          <ns3:TrackPointExtension>
            <ns3:hr>152</ns3:hr>
            <ns3:cad>66</ns3:cad>
          </ns3:TrackPointExtension>
        </extensions>
      </trkpt>
      <trkpt lat="30.44372283853590488433837890625" lon="120.25900664739310741424560546875">
        <ele>5.80000019073486328125</ele>
        <time>2024-12-16T13:58:16.000Z</time>
        <extensions>
          <ns3:TrackPointExtension>
            <ns3:hr>152</ns3:hr>
            <ns3:cad>93</ns3:cad>
          </ns3:TrackPointExtension>
        </extensions>
      </trkpt>
      <trkpt lat="30.44374597258865833282470703125" lon="120.25899030268192291259765625">
        <ele>6</ele>
        <time>2024-12-16T13:58:17.000Z</time>
        <extensions>
          <ns3:TrackPointExtension>
            <ns3:hr>151</ns3:hr>
            <ns3:cad>93</ns3:cad>
          </ns3:TrackPointExtension>
        </extensions>
      </trkpt>
      <trkpt lat="30.44376675970852375030517578125" lon="120.25897362269461154937744140625">
        <ele>6</ele>
        <time>2024-12-16T13:58:18.000Z</time>
        <extensions>
          <ns3:TrackPointExtension>
            <ns3:hr>151</ns3:hr>
            <ns3:cad>93</ns3:cad>
          </ns3:TrackPointExtension>
        </extensions>
      </trkpt>
      <trkpt lat="30.4437913186848163604736328125" lon="120.258958451449871063232421875">
        <ele>6.19999980926513671875</ele>
        <time>2024-12-16T13:58:19.000Z</time>
        <extensions>
          <ns3:TrackPointExtension>
            <ns3:hr>152</ns3:hr>
            <ns3:cad>91</ns3:cad>
          </ns3:TrackPointExtension>
        </extensions>
      </trkpt>
      <trkpt lat="30.44380950741469860076904296875" lon="120.25894680060446262359619140625">
        <ele>6.400000095367431640625</ele>
        <time>2024-12-16T13:58:20.000Z</time>
        <extensions>
          <ns3:TrackPointExtension>
            <ns3:hr>152</ns3:hr>
            <ns3:cad>91</ns3:cad>
          </ns3:TrackPointExtension>
        </extensions>
      </trkpt>
      <trkpt lat="30.443829707801342010498046875" lon="120.2589264325797557830810546875">
        <ele>6.400000095367431640625</ele>
        <time>2024-12-16T13:58:21.000Z</time>
        <extensions>
          <ns3:TrackPointExtension>
            <ns3:hr>152</ns3:hr>
            <ns3:cad>91</ns3:cad>
          </ns3:TrackPointExtension>
        </extensions>
      </trkpt>
      <trkpt lat="30.4438466392457485198974609375" lon="120.25890807621181011199951171875">
        <ele>6.599999904632568359375</ele>
        <time>2024-12-16T13:58:22.000Z</time>
        <extensions>
          <ns3:TrackPointExtension>
            <ns3:hr>152</ns3:hr>
            <ns3:cad>92</ns3:cad>
          </ns3:TrackPointExtension>
        </extensions>
      </trkpt>
      <trkpt lat="30.4438670910894870758056640625" lon="120.25889013893902301788330078125">
        <ele>6.80000019073486328125</ele>
        <time>2024-12-16T13:58:23.000Z</time>
        <extensions>
          <ns3:TrackPointExtension>
            <ns3:hr>153</ns3:hr>
            <ns3:cad>92</ns3:cad>
          </ns3:TrackPointExtension>
        </extensions>
      </trkpt>
      <trkpt lat="30.44388544745743274688720703125" lon="120.25887706317007541656494140625">
        <ele>6.80000019073486328125</ele>
        <time>2024-12-16T13:58:24.000Z</time>
        <extensions>
          <ns3:TrackPointExtension>
            <ns3:hr>153</ns3:hr>
            <ns3:cad>94</ns3:cad>
          </ns3:TrackPointExtension>
        </extensions>
      </trkpt>
      <trkpt lat="30.4439116828143596649169921875" lon="120.258866585791110992431640625">
        <ele>7</ele>
        <time>2024-12-16T13:58:25.000Z</time>
        <extensions>
          <ns3:TrackPointExtension>
            <ns3:hr>153</ns3:hr>
            <ns3:cad>94</ns3:cad>
          </ns3:TrackPointExtension>
        </extensions>
      </trkpt>
      <trkpt lat="30.44393791817128658294677734375" lon="120.25886021554470062255859375">
        <ele>7.19999980926513671875</ele>
        <time>2024-12-16T13:58:26.000Z</time>
        <extensions>
          <ns3:TrackPointExtension>
            <ns3:hr>152</ns3:hr>
            <ns3:cad>94</ns3:cad>
          </ns3:TrackPointExtension>
        </extensions>
      </trkpt>
      <trkpt lat="30.44396339915692806243896484375" lon="120.25885074399411678314208984375">
        <ele>7.19999980926513671875</ele>
        <time>2024-12-16T13:58:27.000Z</time>
        <extensions>
          <ns3:TrackPointExtension>
            <ns3:hr>152</ns3:hr>
            <ns3:cad>94</ns3:cad>
          </ns3:TrackPointExtension>
        </extensions>
      </trkpt>
      <trkpt lat="30.44398628175258636474609375" lon="120.25883599184453487396240234375">
        <ele>7.400000095367431640625</ele>
        <time>2024-12-16T13:58:28.000Z</time>
        <extensions>
          <ns3:TrackPointExtension>
            <ns3:hr>151</ns3:hr>
            <ns3:cad>94</ns3:cad>
          </ns3:TrackPointExtension>
        </extensions>
      </trkpt>
      <trkpt lat="30.44400815851986408233642578125" lon="120.2588238380849361419677734375">
        <ele>7.400000095367431640625</ele>
        <time>2024-12-16T13:58:29.000Z</time>
        <extensions>
          <ns3:TrackPointExtension>
            <ns3:hr>151</ns3:hr>
            <ns3:cad>93</ns3:cad>
          </ns3:TrackPointExtension>
        </extensions>
      </trkpt>
      <trkpt lat="30.44403213076293468475341796875" lon="120.25880766101181507110595703125">
        <ele>7.599999904632568359375</ele>
        <time>2024-12-16T13:58:30.000Z</time>
        <extensions>
          <ns3:TrackPointExtension>
            <ns3:hr>151</ns3:hr>
            <ns3:cad>93</ns3:cad>
          </ns3:TrackPointExtension>
        </extensions>
      </trkpt>
      <trkpt lat="30.4440548457205295562744140625" lon="120.25879475288093090057373046875">
        <ele>7.80000019073486328125</ele>
        <time>2024-12-16T13:58:31.000Z</time>
        <extensions>
          <ns3:TrackPointExtension>
            <ns3:hr>151</ns3:hr>
            <ns3:cad>93</ns3:cad>
          </ns3:TrackPointExtension>
        </extensions>
      </trkpt>
      <trkpt lat="30.44407881796360015869140625" lon="120.25877983309328556060791015625">
        <ele>7.80000019073486328125</ele>
        <time>2024-12-16T13:58:32.000Z</time>
        <extensions>
          <ns3:TrackPointExtension>
            <ns3:hr>151</ns3:hr>
            <ns3:cad>93</ns3:cad>
          </ns3:TrackPointExtension>
        </extensions>
      </trkpt>
      <trkpt lat="30.44410203583538532257080078125" lon="120.258762650191783905029296875">
        <ele>7.80000019073486328125</ele>
        <time>2024-12-16T13:58:33.000Z</time>
        <extensions>
          <ns3:TrackPointExtension>
            <ns3:hr>152</ns3:hr>
            <ns3:cad>93</ns3:cad>
          </ns3:TrackPointExtension>
        </extensions>
      </trkpt>
      <trkpt lat="30.44412332586944103240966796875" lon="120.2587427012622356414794921875">
        <ele>8</ele>
        <time>2024-12-16T13:58:34.000Z</time>
        <extensions>
          <ns3:TrackPointExtension>
            <ns3:hr>152</ns3:hr>
            <ns3:cad>92</ns3:cad>
          </ns3:TrackPointExtension>
        </extensions>
      </trkpt>
      <trkpt lat="30.444146208465099334716796875" lon="120.2587259374558925628662109375">
        <ele>8</ele>
        <time>2024-12-16T13:58:35.000Z</time>
        <extensions>
          <ns3:TrackPointExtension>
            <ns3:hr>152</ns3:hr>
            <ns3:cad>92</ns3:cad>
          </ns3:TrackPointExtension>
        </extensions>
      </trkpt>
      <trkpt lat="30.44417110271751880645751953125" lon="120.25871160440146923065185546875">
        <ele>7.80000019073486328125</ele>
        <time>2024-12-16T13:58:36.000Z</time>
        <extensions>
          <ns3:TrackPointExtension>
            <ns3:hr>152</ns3:hr>
            <ns3:cad>92</ns3:cad>
          </ns3:TrackPointExtension>
        </extensions>
      </trkpt>
      <trkpt lat="30.44419272802770137786865234375" lon="120.25869836099445819854736328125">
        <ele>7.80000019073486328125</ele>
        <time>2024-12-16T13:58:37.000Z</time>
        <extensions>
          <ns3:TrackPointExtension>
            <ns3:hr>152</ns3:hr>
            <ns3:cad>90</ns3:cad>
          </ns3:TrackPointExtension>
        </extensions>
      </trkpt>
      <trkpt lat="30.444206558167934417724609375" lon="120.2586880512535572052001953125">
        <ele>7.80000019073486328125</ele>
        <time>2024-12-16T13:58:38.000Z</time>
        <extensions>
          <ns3:TrackPointExtension>
            <ns3:hr>152</ns3:hr>
            <ns3:cad>90</ns3:cad>
          </ns3:TrackPointExtension>
        </extensions>
      </trkpt>
      <trkpt lat="30.44422206468880176544189453125" lon="120.25868226774036884307861328125">
        <ele>7.599999904632568359375</ele>
        <time>2024-12-16T13:58:39.000Z</time>
        <extensions>
          <ns3:TrackPointExtension>
            <ns3:hr>152</ns3:hr>
            <ns3:cad>90</ns3:cad>
          </ns3:TrackPointExtension>
        </extensions>
      </trkpt>
      <trkpt lat="30.44423480518162250518798828125" lon="120.25867841206490993499755859375">
        <ele>7.599999904632568359375</ele>
        <time>2024-12-16T13:58:40.000Z</time>
        <extensions>
          <ns3:TrackPointExtension>
            <ns3:hr>151</ns3:hr>
            <ns3:cad>90</ns3:cad>
          </ns3:TrackPointExtension>
        </extensions>
      </trkpt>
      <trkpt lat="30.44424603693187236785888671875" lon="120.25867246091365814208984375">
        <ele>7.599999904632568359375</ele>
        <time>2024-12-16T13:58:41.000Z</time>
        <extensions>
          <ns3:TrackPointExtension>
            <ns3:hr>152</ns3:hr>
            <ns3:cad>0</ns3:cad>
          </ns3:TrackPointExtension>
        </extensions>
      </trkpt>
      <trkpt lat="30.44426179490983486175537109375" lon="120.25866047479212284088134765625">
        <ele>7.599999904632568359375</ele>
        <time>2024-12-16T13:58:42.000Z</time>
        <extensions>
          <ns3:TrackPointExtension>
            <ns3:hr>151</ns3:hr>
            <ns3:cad>0</ns3:cad>
          </ns3:TrackPointExtension>
        </extensions>
      </trkpt>
      <trkpt lat="30.4442818276584148406982421875" lon="120.258654020726680755615234375">
        <ele>7.400000095367431640625</ele>
        <time>2024-12-16T13:58:43.000Z</time>
        <extensions>
          <ns3:TrackPointExtension>
            <ns3:hr>151</ns3:hr>
            <ns3:cad>0</ns3:cad>
          </ns3:TrackPointExtension>
        </extensions>
      </trkpt>
      <trkpt lat="30.4443056322634220123291015625" lon="120.25864153169095516204833984375">
        <ele>7.400000095367431640625</ele>
        <time>2024-12-16T13:58:44.000Z</time>
        <extensions>
          <ns3:TrackPointExtension>
            <ns3:hr>151</ns3:hr>
            <ns3:cad>0</ns3:cad>
          </ns3:TrackPointExtension>
        </extensions>
      </trkpt>
      <trkpt lat="30.4443311132490634918212890625" lon="120.258618481457233428955078125">
        <ele>7.19999980926513671875</ele>
        <time>2024-12-16T13:58:45.000Z</time>
        <extensions>
          <ns3:TrackPointExtension>
            <ns3:hr>151</ns3:hr>
            <ns3:cad>88</ns3:cad>
          </ns3:TrackPointExtension>
        </extensions>
      </trkpt>
      <trkpt lat="30.44435382820665836334228515625" lon="120.2585981972515583038330078125">
        <ele>7.19999980926513671875</ele>
        <time>2024-12-16T13:58:46.000Z</time>
        <extensions>
          <ns3:TrackPointExtension>
            <ns3:hr>151</ns3:hr>
            <ns3:cad>90</ns3:cad>
          </ns3:TrackPointExtension>
        </extensions>
      </trkpt>
      <trkpt lat="30.44437629170715808868408203125" lon="120.25858051143586635589599609375">
        <ele>7.19999980926513671875</ele>
        <time>2024-12-16T13:58:47.000Z</time>
        <extensions>
          <ns3:TrackPointExtension>
            <ns3:hr>151</ns3:hr>
            <ns3:cad>93</ns3:cad>
          </ns3:TrackPointExtension>
        </extensions>
      </trkpt>
      <trkpt lat="30.4443981684744358062744140625" lon="120.25855687446892261505126953125">
        <ele>7</ele>
        <time>2024-12-16T13:58:48.000Z</time>
        <extensions>
          <ns3:TrackPointExtension>
            <ns3:hr>151</ns3:hr>
            <ns3:cad>93</ns3:cad>
          </ns3:TrackPointExtension>
        </extensions>
      </trkpt>
      <trkpt lat="30.444421470165252685546875" lon="120.25854212231934070587158203125">
        <ele>7</ele>
        <time>2024-12-16T13:58:49.000Z</time>
        <extensions>
          <ns3:TrackPointExtension>
            <ns3:hr>151</ns3:hr>
            <ns3:cad>93</ns3:cad>
          </ns3:TrackPointExtension>
        </extensions>
      </trkpt>
      <trkpt lat="30.444443933665752410888671875" lon="120.25852225720882415771484375">
        <ele>6.80000019073486328125</ele>
        <time>2024-12-16T13:58:50.000Z</time>
        <extensions>
          <ns3:TrackPointExtension>
            <ns3:hr>151</ns3:hr>
            <ns3:cad>93</ns3:cad>
          </ns3:TrackPointExtension>
        </extensions>
      </trkpt>
      <trkpt lat="30.44446413405239582061767578125" lon="120.2585076726973056793212890625">
        <ele>6.400000095367431640625</ele>
        <time>2024-12-16T13:58:51.000Z</time>
        <extensions>
          <ns3:TrackPointExtension>
            <ns3:hr>151</ns3:hr>
            <ns3:cad>92</ns3:cad>
          </ns3:TrackPointExtension>
        </extensions>
      </trkpt>
      <trkpt lat="30.444488525390625" lon="120.25851429440081119537353515625">
        <ele>6.400000095367431640625</ele>
        <time>2024-12-16T13:58:52.000Z</time>
        <extensions>
          <ns3:TrackPointExtension>
            <ns3:hr>151</ns3:hr>
            <ns3:cad>91</ns3:cad>
          </ns3:TrackPointExtension>
        </extensions>
      </trkpt>
      <trkpt lat="30.44451509602367877960205078125" lon="120.25850859470665454864501953125">
        <ele>6.19999980926513671875</ele>
        <time>2024-12-16T13:58:53.000Z</time>
        <extensions>
          <ns3:TrackPointExtension>
            <ns3:hr>151</ns3:hr>
            <ns3:cad>91</ns3:cad>
          </ns3:TrackPointExtension>
        </extensions>
      </trkpt>
      <trkpt lat="30.44454124756157398223876953125" lon="120.25849954225122928619384765625">
        <ele>5.80000019073486328125</ele>
        <time>2024-12-16T13:58:54.000Z</time>
        <extensions>
          <ns3:TrackPointExtension>
            <ns3:hr>151</ns3:hr>
            <ns3:cad>92</ns3:cad>
          </ns3:TrackPointExtension>
        </extensions>
      </trkpt>
      <trkpt lat="30.4445681534707546234130859375" lon="120.258488394320011138916015625">
        <ele>5.599999904632568359375</ele>
        <time>2024-12-16T13:58:55.000Z</time>
        <extensions>
          <ns3:TrackPointExtension>
            <ns3:hr>151</ns3:hr>
            <ns3:cad>93</ns3:cad>
          </ns3:TrackPointExtension>
        </extensions>
      </trkpt>
      <trkpt lat="30.44458818621933460235595703125" lon="120.2584778331220149993896484375">
        <ele>5.400000095367431640625</ele>
        <time>2024-12-16T13:58:56.000Z</time>
        <extensions>
          <ns3:TrackPointExtension>
            <ns3:hr>151</ns3:hr>
            <ns3:cad>93</ns3:cad>
          </ns3:TrackPointExtension>
        </extensions>
      </trkpt>
      <trkpt lat="30.44461484067142009735107421875" lon="120.2584694512188434600830078125">
        <ele>5.19999980926513671875</ele>
        <time>2024-12-16T13:58:57.000Z</time>
        <extensions>
          <ns3:TrackPointExtension>
            <ns3:hr>151</ns3:hr>
            <ns3:cad>92</ns3:cad>
          </ns3:TrackPointExtension>
        </extensions>
      </trkpt>
      <trkpt lat="30.4446352086961269378662109375" lon="120.258456207811832427978515625">
        <ele>5</ele>
        <time>2024-12-16T13:58:58.000Z</time>
        <extensions>
          <ns3:TrackPointExtension>
            <ns3:hr>151</ns3:hr>
            <ns3:cad>92</ns3:cad>
          </ns3:TrackPointExtension>
        </extensions>
      </trkpt>
      <trkpt lat="30.4446559958159923553466796875" lon="120.25844304822385311126708984375">
        <ele>5</ele>
        <time>2024-12-16T13:58:59.000Z</time>
        <extensions>
          <ns3:TrackPointExtension>
            <ns3:hr>151</ns3:hr>
            <ns3:cad>92</ns3:cad>
          </ns3:TrackPointExtension>
        </extensions>
      </trkpt>
      <trkpt lat="30.44467854313552379608154296875" lon="120.25842611677944660186767578125">
        <ele>5</ele>
        <time>2024-12-16T13:59:00.000Z</time>
        <extensions>
          <ns3:TrackPointExtension>
            <ns3:hr>151</ns3:hr>
            <ns3:cad>92</ns3:cad>
          </ns3:TrackPointExtension>
        </extensions>
      </trkpt>
      <trkpt lat="30.44469798915088176727294921875" lon="120.25840650312602519989013671875">
        <ele>5</ele>
        <time>2024-12-16T13:59:01.000Z</time>
        <extensions>
          <ns3:TrackPointExtension>
            <ns3:hr>151</ns3:hr>
            <ns3:cad>94</ns3:cad>
          </ns3:TrackPointExtension>
        </extensions>
      </trkpt>
      <trkpt lat="30.4447203688323497772216796875" lon="120.25839359499514102935791015625">
        <ele>5</ele>
        <time>2024-12-16T13:59:02.000Z</time>
        <extensions>
          <ns3:TrackPointExtension>
            <ns3:hr>151</ns3:hr>
            <ns3:cad>95</ns3:cad>
          </ns3:TrackPointExtension>
        </extensions>
      </trkpt>
      <trkpt lat="30.4447428323328495025634765625" lon="120.25837850756943225860595703125">
        <ele>5</ele>
        <time>2024-12-16T13:59:03.000Z</time>
        <extensions>
          <ns3:TrackPointExtension>
            <ns3:hr>152</ns3:hr>
            <ns3:cad>95</ns3:cad>
          </ns3:TrackPointExtension>
        </extensions>
      </trkpt>
      <trkpt lat="30.44476546347141265869140625" lon="120.2583631686866283416748046875">
        <ele>5</ele>
        <time>2024-12-16T13:59:04.000Z</time>
        <extensions>
          <ns3:TrackPointExtension>
            <ns3:hr>152</ns3:hr>
            <ns3:cad>93</ns3:cad>
          </ns3:TrackPointExtension>
        </extensions>
      </trkpt>
      <trkpt lat="30.44479035772383213043212890625" lon="120.25834866799414157867431640625">
        <ele>5</ele>
        <time>2024-12-16T13:59:05.000Z</time>
        <extensions>
          <ns3:TrackPointExtension>
            <ns3:hr>152</ns3:hr>
            <ns3:cad>92</ns3:cad>
          </ns3:TrackPointExtension>
        </extensions>
      </trkpt>
      <trkpt lat="30.44481181539595127105712890625" lon="120.25833877734839916229248046875">
        <ele>5.19999980926513671875</ele>
        <time>2024-12-16T13:59:06.000Z</time>
        <extensions>
          <ns3:TrackPointExtension>
            <ns3:hr>152</ns3:hr>
            <ns3:cad>90</ns3:cad>
          </ns3:TrackPointExtension>
        </extensions>
      </trkpt>
      <trkpt lat="30.444827489554882049560546875" lon="120.25833123363554477691650390625">
        <ele>5.19999980926513671875</ele>
        <time>2024-12-16T13:59:07.000Z</time>
        <extensions>
          <ns3:TrackPointExtension>
            <ns3:hr>152</ns3:hr>
            <ns3:cad>90</ns3:cad>
          </ns3:TrackPointExtension>
        </extensions>
      </trkpt>
      <trkpt lat="30.44483863748610019683837890625" lon="120.2583296410739421844482421875">
        <ele>5.19999980926513671875</ele>
        <time>2024-12-16T13:59:08.000Z</time>
        <extensions>
          <ns3:TrackPointExtension>
            <ns3:hr>152</ns3:hr>
            <ns3:cad>89</ns3:cad>
          </ns3:TrackPointExtension>
        </extensions>
      </trkpt>
      <trkpt lat="30.444850623607635498046875" lon="120.25833274237811565399169921875">
        <ele>5.19999980926513671875</ele>
        <time>2024-12-16T13:59:09.000Z</time>
        <extensions>
          <ns3:TrackPointExtension>
            <ns3:hr>152</ns3:hr>
            <ns3:cad>89</ns3:cad>
          </ns3:TrackPointExtension>
        </extensions>
      </trkpt>
      <trkpt lat="30.444865040481090545654296875" lon="120.25833844207227230072021484375">
        <ele>5.400000095367431640625</ele>
        <time>2024-12-16T13:59:10.000Z</time>
        <extensions>
          <ns3:TrackPointExtension>
            <ns3:hr>152</ns3:hr>
            <ns3:cad>87</ns3:cad>
          </ns3:TrackPointExtension>
        </extensions>
      </trkpt>
      <trkpt lat="30.44488021172583103179931640625" lon="120.258343219757080078125">
        <ele>5.400000095367431640625</ele>
        <time>2024-12-16T13:59:11.000Z</time>
        <extensions>
          <ns3:TrackPointExtension>
            <ns3:hr>152</ns3:hr>
            <ns3:cad>87</ns3:cad>
          </ns3:TrackPointExtension>
        </extensions>
      </trkpt>
      <trkpt lat="30.44489697553217411041259765625" lon="120.25834414176642894744873046875">
        <ele>5.400000095367431640625</ele>
        <time>2024-12-16T13:59:12.000Z</time>
        <extensions>
          <ns3:TrackPointExtension>
            <ns3:hr>153</ns3:hr>
            <ns3:cad>87</ns3:cad>
          </ns3:TrackPointExtension>
        </extensions>
      </trkpt>
      <trkpt lat="30.4449165053665637969970703125" lon="120.25834732688963413238525390625">
        <ele>5.400000095367431640625</ele>
        <time>2024-12-16T13:59:13.000Z</time>
        <extensions>
          <ns3:TrackPointExtension>
            <ns3:hr>152</ns3:hr>
            <ns3:cad>83</ns3:cad>
          </ns3:TrackPointExtension>
        </extensions>
      </trkpt>
      <trkpt lat="30.44493301771581172943115234375" lon="120.25836266577243804931640625">
        <ele>5.400000095367431640625</ele>
        <time>2024-12-16T13:59:14.000Z</time>
        <extensions>
          <ns3:TrackPointExtension>
            <ns3:hr>152</ns3:hr>
            <ns3:cad>83</ns3:cad>
          </ns3:TrackPointExtension>
        </extensions>
      </trkpt>
      <trkpt lat="30.4449490271508693695068359375" lon="120.25838772766292095184326171875">
        <ele>5.400000095367431640625</ele>
        <time>2024-12-16T13:59:15.000Z</time>
        <extensions>
          <ns3:TrackPointExtension>
            <ns3:hr>152</ns3:hr>
            <ns3:cad>83</ns3:cad>
          </ns3:TrackPointExtension>
        </extensions>
      </trkpt>
      <trkpt lat="30.44496528804302215576171875" lon="120.258412621915340423583984375">
        <ele>5.400000095367431640625</ele>
        <time>2024-12-16T13:59:16.000Z</time>
        <extensions>
          <ns3:TrackPointExtension>
            <ns3:hr>152</ns3:hr>
            <ns3:cad>90</ns3:cad>
          </ns3:TrackPointExtension>
        </extensions>
      </trkpt>
      <trkpt lat="30.44497467577457427978515625" lon="120.2584231831133365631103515625">
        <ele>5.400000095367431640625</ele>
        <time>2024-12-16T13:59:17.000Z</time>
        <extensions>
          <ns3:TrackPointExtension>
            <ns3:hr>152</ns3:hr>
            <ns3:cad>90</ns3:cad>
          </ns3:TrackPointExtension>
        </extensions>
      </trkpt>
      <trkpt lat="30.44498481787741184234619140625" lon="120.258429385721683502197265625">
        <ele>5.400000095367431640625</ele>
        <time>2024-12-16T13:59:18.000Z</time>
        <extensions>
          <ns3:TrackPointExtension>
            <ns3:hr>151</ns3:hr>
            <ns3:cad>89</ns3:cad>
          </ns3:TrackPointExtension>
        </extensions>
      </trkpt>
      <trkpt lat="30.44499437324702739715576171875" lon="120.25844204239547252655029296875">
        <ele>5.400000095367431640625</ele>
        <time>2024-12-16T13:59:19.000Z</time>
        <extensions>
          <ns3:TrackPointExtension>
            <ns3:hr>151</ns3:hr>
            <ns3:cad>89</ns3:cad>
          </ns3:TrackPointExtension>
        </extensions>
      </trkpt>
      <trkpt lat="30.44500543735921382904052734375" lon="120.2584510110318660736083984375">
        <ele>5.400000095367431640625</ele>
        <time>2024-12-16T13:59:20.000Z</time>
        <extensions>
          <ns3:TrackPointExtension>
            <ns3:hr>151</ns3:hr>
            <ns3:cad>89</ns3:cad>
          </ns3:TrackPointExtension>
        </extensions>
      </trkpt>
      <trkpt lat="30.44500376097857952117919921875" lon="120.25846299715340137481689453125">
        <ele>5.400000095367431640625</ele>
        <time>2024-12-16T13:59:21.000Z</time>
        <extensions>
          <ns3:TrackPointExtension>
            <ns3:hr>152</ns3:hr>
            <ns3:cad>89</ns3:cad>
          </ns3:TrackPointExtension>
        </extensions>
      </trkpt>
      <trkpt lat="30.44501465745270252227783203125" lon="120.2584731392562389373779296875">
        <ele>5.400000095367431640625</ele>
        <time>2024-12-16T13:59:22.000Z</time>
        <extensions>
          <ns3:TrackPointExtension>
            <ns3:hr>152</ns3:hr>
            <ns3:cad>89</ns3:cad>
          </ns3:TrackPointExtension>
        </extensions>
      </trkpt>
      <trkpt lat="30.44502035714685916900634765625" lon="120.258485041558742523193359375">
        <ele>5.400000095367431640625</ele>
        <time>2024-12-16T13:59:23.000Z</time>
        <extensions>
          <ns3:TrackPointExtension>
            <ns3:hr>152</ns3:hr>
            <ns3:cad>89</ns3:cad>
          </ns3:TrackPointExtension>
        </extensions>
      </trkpt>
      <trkpt lat="30.4450251348316669464111328125" lon="120.25849820114672183990478515625">
        <ele>5.400000095367431640625</ele>
        <time>2024-12-16T13:59:24.000Z</time>
        <extensions>
          <ns3:TrackPointExtension>
            <ns3:hr>152</ns3:hr>
            <ns3:cad>64</ns3:cad>
          </ns3:TrackPointExtension>
        </extensions>
      </trkpt>
      <trkpt lat="30.44502940960228443145751953125" lon="120.25851546786725521087646484375">
        <ele>5.19999980926513671875</ele>
        <time>2024-12-16T13:59:25.000Z</time>
        <extensions>
          <ns3:TrackPointExtension>
            <ns3:hr>151</ns3:hr>
            <ns3:cad>64</ns3:cad>
          </ns3:TrackPointExtension>
        </extensions>
      </trkpt>
      <trkpt lat="30.445032678544521331787109375" lon="120.2585298009216785430908203125">
        <ele>5.19999980926513671875</ele>
        <time>2024-12-16T13:59:26.000Z</time>
        <extensions>
          <ns3:TrackPointExtension>
            <ns3:hr>151</ns3:hr>
            <ns3:cad>64</ns3:cad>
          </ns3:TrackPointExtension>
        </extensions>
      </trkpt>
      <trkpt lat="30.44503460638225078582763671875" lon="120.258536674082279205322265625">
        <ele>5.19999980926513671875</ele>
        <time>2024-12-16T13:59:27.000Z</time>
        <extensions>
          <ns3:TrackPointExtension>
            <ns3:hr>150</ns3:hr>
            <ns3:cad>64</ns3:cad>
          </ns3:TrackPointExtension>
        </extensions>
      </trkpt>
      <trkpt lat="30.4450361989438533782958984375" lon="120.258556120097637176513671875">
        <ele>5.400000095367431640625</ele>
        <time>2024-12-16T13:59:28.000Z</time>
        <extensions>
          <ns3:TrackPointExtension>
            <ns3:hr>149</ns3:hr>
            <ns3:cad>64</ns3:cad>
          </ns3:TrackPointExtension>
        </extensions>
      </trkpt>
      <trkpt lat="30.4450378753244876861572265625" lon="120.2585653401911258697509765625">
        <ele>5.400000095367431640625</ele>
        <time>2024-12-16T13:59:29.000Z</time>
        <extensions>
          <ns3:TrackPointExtension>
            <ns3:hr>149</ns3:hr>
            <ns3:cad>65</ns3:cad>
          </ns3:TrackPointExtension>
        </extensions>
      </trkpt>
      <trkpt lat="30.44504131190478801727294921875" lon="120.2585743926465511322021484375">
        <ele>5.400000095367431640625</ele>
        <time>2024-12-16T13:59:30.000Z</time>
        <extensions>
          <ns3:TrackPointExtension>
            <ns3:hr>148</ns3:hr>
            <ns3:cad>65</ns3:cad>
          </ns3:TrackPointExtension>
        </extensions>
      </trkpt>
      <trkpt lat="30.4450477659702301025390625" lon="120.25858185254037380218505859375">
        <ele>5.599999904632568359375</ele>
        <time>2024-12-16T13:59:31.000Z</time>
        <extensions>
          <ns3:TrackPointExtension>
            <ns3:hr>148</ns3:hr>
            <ns3:cad>66</ns3:cad>
          </ns3:TrackPointExtension>
        </extensions>
      </trkpt>
      <trkpt lat="30.44505271129310131072998046875" lon="120.25859693996608257293701171875">
        <ele>5.599999904632568359375</ele>
        <time>2024-12-16T13:59:32.000Z</time>
        <extensions>
          <ns3:TrackPointExtension>
            <ns3:hr>147</ns3:hr>
            <ns3:cad>66</ns3:cad>
          </ns3:TrackPointExtension>
        </extensions>
      </trkpt>
      <trkpt lat="30.4450584948062896728515625" lon="120.2586132846772670745849609375">
        <ele>5.599999904632568359375</ele>
        <time>2024-12-16T13:59:33.000Z</time>
        <extensions>
          <ns3:TrackPointExtension>
            <ns3:hr>146</ns3:hr>
            <ns3:cad>66</ns3:cad>
          </ns3:TrackPointExtension>
        </extensions>
      </trkpt>
      <trkpt lat="30.44506645761430263519287109375" lon="120.2586297132074832916259765625">
        <ele>5.80000019073486328125</ele>
        <time>2024-12-16T13:59:34.000Z</time>
        <extensions>
          <ns3:TrackPointExtension>
            <ns3:hr>145</ns3:hr>
            <ns3:cad>63</ns3:cad>
          </ns3:TrackPointExtension>
        </extensions>
      </trkpt>
      <trkpt lat="30.44507148675620555877685546875" lon="120.258643962442874908447265625">
        <ele>5.80000019073486328125</ele>
        <time>2024-12-16T13:59:35.000Z</time>
        <extensions>
          <ns3:TrackPointExtension>
            <ns3:hr>145</ns3:hr>
            <ns3:cad>63</ns3:cad>
          </ns3:TrackPointExtension>
        </extensions>
      </trkpt>
      <trkpt lat="30.44507735408842563629150390625" lon="120.258659385144710540771484375">
        <ele>5.80000019073486328125</ele>
        <time>2024-12-16T13:59:36.000Z</time>
        <extensions>
          <ns3:TrackPointExtension>
            <ns3:hr>145</ns3:hr>
            <ns3:cad>63</ns3:cad>
          </ns3:TrackPointExtension>
        </extensions>
      </trkpt>
      <trkpt lat="30.44508473016321659088134765625" lon="120.2586800046265125274658203125">
        <ele>5.80000019073486328125</ele>
        <time>2024-12-16T13:59:37.000Z</time>
        <extensions>
          <ns3:TrackPointExtension>
            <ns3:hr>144</ns3:hr>
            <ns3:cad>63</ns3:cad>
          </ns3:TrackPointExtension>
        </extensions>
      </trkpt>
      <trkpt lat="30.445092022418975830078125" lon="120.2587024681270122528076171875">
        <ele>6</ele>
        <time>2024-12-16T13:59:38.000Z</time>
        <extensions>
          <ns3:TrackPointExtension>
            <ns3:hr>144</ns3:hr>
            <ns3:cad>63</ns3:cad>
          </ns3:TrackPointExtension>
        </extensions>
      </trkpt>
      <trkpt lat="30.44510166160762310028076171875" lon="120.25873121805489063262939453125">
        <ele>6</ele>
        <time>2024-12-16T13:59:39.000Z</time>
        <extensions>
          <ns3:TrackPointExtension>
            <ns3:hr>143</ns3:hr>
            <ns3:cad>0</ns3:cad>
          </ns3:TrackPointExtension>
        </extensions>
      </trkpt>
      <trkpt lat="30.44511289335787296295166015625" lon="120.25876256637275218963623046875">
        <ele>6</ele>
        <time>2024-12-16T13:59:40.000Z</time>
        <extensions>
          <ns3:TrackPointExtension>
            <ns3:hr>143</ns3:hr>
            <ns3:cad>0</ns3:cad>
          </ns3:TrackPointExtension>
        </extensions>
      </trkpt>
      <trkpt lat="30.44512546621263027191162109375" lon="120.2587913163006305694580078125">
        <ele>6.19999980926513671875</ele>
        <time>2024-12-16T13:59:41.000Z</time>
        <extensions>
          <ns3:TrackPointExtension>
            <ns3:hr>142</ns3:hr>
            <ns3:cad>90</ns3:cad>
          </ns3:TrackPointExtension>
        </extensions>
      </trkpt>
      <trkpt lat="30.44513736851513385772705078125" lon="120.25881973095238208770751953125">
        <ele>6.400000095367431640625</ele>
        <time>2024-12-16T13:59:42.000Z</time>
        <extensions>
          <ns3:TrackPointExtension>
            <ns3:hr>141</ns3:hr>
            <ns3:cad>90</ns3:cad>
          </ns3:TrackPointExtension>
        </extensions>
      </trkpt>
      <trkpt lat="30.445147342979907989501953125" lon="120.2588483132421970367431640625">
        <ele>6.599999904632568359375</ele>
        <time>2024-12-16T13:59:43.000Z</time>
        <extensions>
          <ns3:TrackPointExtension>
            <ns3:hr>141</ns3:hr>
            <ns3:cad>90</ns3:cad>
          </ns3:TrackPointExtension>
        </extensions>
      </trkpt>
      <trkpt lat="30.44515907764434814453125" lon="120.25887555442750453948974609375">
        <ele>7</ele>
        <time>2024-12-16T13:59:44.000Z</time>
        <extensions>
          <ns3:TrackPointExtension>
            <ns3:hr>141</ns3:hr>
            <ns3:cad>91</ns3:cad>
          </ns3:TrackPointExtension>
        </extensions>
      </trkpt>
      <trkpt lat="30.44517257250845432281494140625" lon="120.258906818926334381103515625">
        <ele>7.19999980926513671875</ele>
        <time>2024-12-16T13:59:45.000Z</time>
        <extensions>
          <ns3:TrackPointExtension>
            <ns3:hr>141</ns3:hr>
            <ns3:cad>92</ns3:cad>
          </ns3:TrackPointExtension>
        </extensions>
      </trkpt>
      <trkpt lat="30.44518682174384593963623046875" lon="120.258934311568737030029296875">
        <ele>7.599999904632568359375</ele>
        <time>2024-12-16T13:59:46.000Z</time>
        <extensions>
          <ns3:TrackPointExtension>
            <ns3:hr>140</ns3:hr>
            <ns3:cad>92</ns3:cad>
          </ns3:TrackPointExtension>
        </extensions>
      </trkpt>
      <trkpt lat="30.4452004842460155487060546875" lon="120.25896104983985424041748046875">
        <ele>7.80000019073486328125</ele>
        <time>2024-12-16T13:59:47.000Z</time>
        <extensions>
          <ns3:TrackPointExtension>
            <ns3:hr>140</ns3:hr>
            <ns3:cad>91</ns3:cad>
          </ns3:TrackPointExtension>
        </extensions>
      </trkpt>
      <trkpt lat="30.44521649368107318878173828125" lon="120.25898669846355915069580078125">
        <ele>8.19999980926513671875</ele>
        <time>2024-12-16T13:59:48.000Z</time>
        <extensions>
          <ns3:TrackPointExtension>
            <ns3:hr>139</ns3:hr>
            <ns3:cad>91</ns3:cad>
          </ns3:TrackPointExtension>
        </extensions>
      </trkpt>
      <trkpt lat="30.445230491459369659423828125" lon="120.25901033543050289154052734375">
        <ele>8.3999996185302734375</ele>
        <time>2024-12-16T13:59:49.000Z</time>
        <extensions>
          <ns3:TrackPointExtension>
            <ns3:hr>139</ns3:hr>
            <ns3:cad>91</ns3:cad>
          </ns3:TrackPointExtension>
        </extensions>
      </trkpt>
      <trkpt lat="30.44524566270411014556884765625" lon="120.25903522968292236328125">
        <ele>8.6000003814697265625</ele>
        <time>2024-12-16T13:59:50.000Z</time>
        <extensions>
          <ns3:TrackPointExtension>
            <ns3:hr>140</ns3:hr>
            <ns3:cad>92</ns3:cad>
          </ns3:TrackPointExtension>
        </extensions>
      </trkpt>
      <trkpt lat="30.44526108540594577789306640625" lon="120.2590553462505340576171875">
        <ele>8.80000019073486328125</ele>
        <time>2024-12-16T13:59:51.000Z</time>
        <extensions>
          <ns3:TrackPointExtension>
            <ns3:hr>140</ns3:hr>
            <ns3:cad>93</ns3:cad>
          </ns3:TrackPointExtension>
        </extensions>
      </trkpt>
      <trkpt lat="30.4452755860984325408935546875" lon="120.2590768039226531982421875">
        <ele>9</ele>
        <time>2024-12-16T13:59:52.000Z</time>
        <extensions>
          <ns3:TrackPointExtension>
            <ns3:hr>140</ns3:hr>
            <ns3:cad>93</ns3:cad>
          </ns3:TrackPointExtension>
        </extensions>
      </trkpt>
      <trkpt lat="30.44528715312480926513671875" lon="120.2591007761657238006591796875">
        <ele>9</ele>
        <time>2024-12-16T13:59:53.000Z</time>
        <extensions>
          <ns3:TrackPointExtension>
            <ns3:hr>141</ns3:hr>
            <ns3:cad>93</ns3:cad>
          </ns3:TrackPointExtension>
        </extensions>
      </trkpt>
      <trkpt lat="30.44530316255986690521240234375" lon="120.25912617333233356475830078125">
        <ele>9</ele>
        <time>2024-12-16T13:59:54.000Z</time>
        <extensions>
          <ns3:TrackPointExtension>
            <ns3:hr>141</ns3:hr>
            <ns3:cad>93</ns3:cad>
          </ns3:TrackPointExtension>
        </extensions>
      </trkpt>
      <trkpt lat="30.4453235305845737457275390625" lon="120.25916473008692264556884765625">
        <ele>9</ele>
        <time>2024-12-16T13:59:55.000Z</time>
        <extensions>
          <ns3:TrackPointExtension>
            <ns3:hr>141</ns3:hr>
            <ns3:cad>93</ns3:cad>
          </ns3:TrackPointExtension>
        </extensions>
      </trkpt>
      <trkpt lat="30.44533585198223590850830078125" lon="120.25919641368091106414794921875">
        <ele>9</ele>
        <time>2024-12-16T13:59:56.000Z</time>
        <extensions>
          <ns3:TrackPointExtension>
            <ns3:hr>141</ns3:hr>
            <ns3:cad>93</ns3:cad>
          </ns3:TrackPointExtension>
        </extensions>
      </trkpt>
      <trkpt lat="30.445343814790248870849609375" lon="120.2592238225042819976806640625">
        <ele>9</ele>
        <time>2024-12-16T13:59:57.000Z</time>
        <extensions>
          <ns3:TrackPointExtension>
            <ns3:hr>142</ns3:hr>
            <ns3:cad>93</ns3:cad>
          </ns3:TrackPointExtension>
        </extensions>
      </trkpt>
      <trkpt lat="30.44535445980727672576904296875" lon="120.25925592519342899322509765625">
        <ele>9</ele>
        <time>2024-12-16T13:59:58.000Z</time>
        <extensions>
          <ns3:TrackPointExtension>
            <ns3:hr>143</ns3:hr>
            <ns3:cad>94</ns3:cad>
          </ns3:TrackPointExtension>
        </extensions>
      </trkpt>
      <trkpt lat="30.4453667812049388885498046875" lon="120.25928073562681674957275390625">
        <ele>9</ele>
        <time>2024-12-16T13:59:59.000Z</time>
        <extensions>
          <ns3:TrackPointExtension>
            <ns3:hr>143</ns3:hr>
            <ns3:cad>94</ns3:cad>
          </ns3:TrackPointExtension>
        </extensions>
      </trkpt>
      <trkpt lat="30.44537390582263469696044921875" lon="120.25930303148925304412841796875">
        <ele>9</ele>
        <time>2024-12-16T14:00:00.000Z</time>
        <extensions>
          <ns3:TrackPointExtension>
            <ns3:hr>144</ns3:hr>
            <ns3:cad>93</ns3:cad>
          </ns3:TrackPointExtension>
        </extensions>
      </trkpt>
      <trkpt lat="30.44538849033415317535400390625" lon="120.25933588854968547821044921875">
        <ele>9</ele>
        <time>2024-12-16T14:00:01.000Z</time>
        <extensions>
          <ns3:TrackPointExtension>
            <ns3:hr>144</ns3:hr>
            <ns3:cad>93</ns3:cad>
          </ns3:TrackPointExtension>
        </extensions>
      </trkpt>
      <trkpt lat="30.44540491886436939239501953125" lon="120.25936338119208812713623046875">
        <ele>9</ele>
        <time>2024-12-16T14:00:02.000Z</time>
        <extensions>
          <ns3:TrackPointExtension>
            <ns3:hr>145</ns3:hr>
            <ns3:cad>93</ns3:cad>
          </ns3:TrackPointExtension>
        </extensions>
      </trkpt>
      <trkpt lat="30.44541916809976100921630859375" lon="120.25939120911061763763427734375">
        <ele>9.19999980926513671875</ele>
        <time>2024-12-16T14:00:03.000Z</time>
        <extensions>
          <ns3:TrackPointExtension>
            <ns3:hr>145</ns3:hr>
            <ns3:cad>92</ns3:cad>
          </ns3:TrackPointExtension>
        </extensions>
      </trkpt>
      <trkpt lat="30.4454264603555202484130859375" lon="120.25941677391529083251953125">
        <ele>9.19999980926513671875</ele>
        <time>2024-12-16T14:00:04.000Z</time>
        <extensions>
          <ns3:TrackPointExtension>
            <ns3:hr>145</ns3:hr>
            <ns3:cad>92</ns3:cad>
          </ns3:TrackPointExtension>
        </extensions>
      </trkpt>
      <trkpt lat="30.4454393684864044189453125" lon="120.25944082997739315032958984375">
        <ele>9.19999980926513671875</ele>
        <time>2024-12-16T14:00:05.000Z</time>
        <extensions>
          <ns3:TrackPointExtension>
            <ns3:hr>145</ns3:hr>
            <ns3:cad>92</ns3:cad>
          </ns3:TrackPointExtension>
        </extensions>
      </trkpt>
      <trkpt lat="30.445452444255352020263671875" lon="120.25946513749659061431884765625">
        <ele>9.3999996185302734375</ele>
        <time>2024-12-16T14:00:06.000Z</time>
        <extensions>
          <ns3:TrackPointExtension>
            <ns3:hr>146</ns3:hr>
            <ns3:cad>91</ns3:cad>
          </ns3:TrackPointExtension>
        </extensions>
      </trkpt>
      <trkpt lat="30.445467196404933929443359375" lon="120.2594923786818981170654296875">
        <ele>9.3999996185302734375</ele>
        <time>2024-12-16T14:00:07.000Z</time>
        <extensions>
          <ns3:TrackPointExtension>
            <ns3:hr>146</ns3:hr>
            <ns3:cad>91</ns3:cad>
          </ns3:TrackPointExtension>
        </extensions>
      </trkpt>
      <trkpt lat="30.44547893106937408447265625" lon="120.25952314026653766632080078125">
        <ele>9.6000003814697265625</ele>
        <time>2024-12-16T14:00:08.000Z</time>
        <extensions>
          <ns3:TrackPointExtension>
            <ns3:hr>146</ns3:hr>
            <ns3:cad>92</ns3:cad>
          </ns3:TrackPointExtension>
        </extensions>
      </trkpt>
      <trkpt lat="30.44549024663865566253662109375" lon="120.25955130346119403839111328125">
        <ele>9.6000003814697265625</ele>
        <time>2024-12-16T14:00:09.000Z</time>
        <extensions>
          <ns3:TrackPointExtension>
            <ns3:hr>146</ns3:hr>
            <ns3:cad>92</ns3:cad>
          </ns3:TrackPointExtension>
        </extensions>
      </trkpt>
      <trkpt lat="30.44550214894115924835205078125" lon="120.25957594625651836395263671875">
        <ele>9.80000019073486328125</ele>
        <time>2024-12-16T14:00:10.000Z</time>
        <extensions>
          <ns3:TrackPointExtension>
            <ns3:hr>146</ns3:hr>
            <ns3:cad>92</ns3:cad>
          </ns3:TrackPointExtension>
        </extensions>
      </trkpt>
      <trkpt lat="30.44551639817655086517333984375" lon="120.2596060372889041900634765625">
        <ele>9.80000019073486328125</ele>
        <time>2024-12-16T14:00:11.000Z</time>
        <extensions>
          <ns3:TrackPointExtension>
            <ns3:hr>146</ns3:hr>
            <ns3:cad>92</ns3:cad>
          </ns3:TrackPointExtension>
        </extensions>
      </trkpt>
      <trkpt lat="30.4455250315368175506591796875" lon="120.25962866842746734619140625">
        <ele>10</ele>
        <time>2024-12-16T14:00:12.000Z</time>
        <extensions>
          <ns3:TrackPointExtension>
            <ns3:hr>146</ns3:hr>
            <ns3:cad>92</ns3:cad>
          </ns3:TrackPointExtension>
        </extensions>
      </trkpt>
      <trkpt lat="30.4455397836863994598388671875" lon="120.25966395623981952667236328125">
        <ele>10</ele>
        <time>2024-12-16T14:00:13.000Z</time>
        <extensions>
          <ns3:TrackPointExtension>
            <ns3:hr>147</ns3:hr>
            <ns3:cad>92</ns3:cad>
          </ns3:TrackPointExtension>
        </extensions>
      </trkpt>
      <trkpt lat="30.44554707594215869903564453125" lon="120.25969035923480987548828125">
        <ele>10</ele>
        <time>2024-12-16T14:00:14.000Z</time>
        <extensions>
          <ns3:TrackPointExtension>
            <ns3:hr>147</ns3:hr>
            <ns3:cad>92</ns3:cad>
          </ns3:TrackPointExtension>
        </extensions>
      </trkpt>
      <trkpt lat="30.44555394910275936126708984375" lon="120.25971625931560993194580078125">
        <ele>10.19999980926513671875</ele>
        <time>2024-12-16T14:00:15.000Z</time>
        <extensions>
          <ns3:TrackPointExtension>
            <ns3:hr>147</ns3:hr>
            <ns3:cad>90</ns3:cad>
          </ns3:TrackPointExtension>
        </extensions>
      </trkpt>
      <trkpt lat="30.44556316919624805450439453125" lon="120.2597337774932384490966796875">
        <ele>10.19999980926513671875</ele>
        <time>2024-12-16T14:00:16.000Z</time>
        <extensions>
          <ns3:TrackPointExtension>
            <ns3:hr>147</ns3:hr>
            <ns3:cad>90</ns3:cad>
          </ns3:TrackPointExtension>
        </extensions>
      </trkpt>
      <trkpt lat="30.44557825662195682525634765625" lon="120.25976738892495632171630859375">
        <ele>10.19999980926513671875</ele>
        <time>2024-12-16T14:00:17.000Z</time>
        <extensions>
          <ns3:TrackPointExtension>
            <ns3:hr>148</ns3:hr>
            <ns3:cad>90</ns3:cad>
          </ns3:TrackPointExtension>
        </extensions>
      </trkpt>
      <trkpt lat="30.44559024274349212646484375" lon="120.25979354046285152435302734375">
        <ele>10.3999996185302734375</ele>
        <time>2024-12-16T14:00:18.000Z</time>
        <extensions>
          <ns3:TrackPointExtension>
            <ns3:hr>148</ns3:hr>
            <ns3:cad>92</ns3:cad>
          </ns3:TrackPointExtension>
        </extensions>
      </trkpt>
      <trkpt lat="30.4456008039414882659912109375" lon="120.2598144114017486572265625">
        <ele>10.3999996185302734375</ele>
        <time>2024-12-16T14:00:19.000Z</time>
        <extensions>
          <ns3:TrackPointExtension>
            <ns3:hr>149</ns3:hr>
            <ns3:cad>91</ns3:cad>
          </ns3:TrackPointExtension>
        </extensions>
      </trkpt>
      <trkpt lat="30.44561211951076984405517578125" lon="120.2598390541970729827880859375">
        <ele>10.3999996185302734375</ele>
        <time>2024-12-16T14:00:20.000Z</time>
        <extensions>
          <ns3:TrackPointExtension>
            <ns3:hr>149</ns3:hr>
            <ns3:cad>91</ns3:cad>
          </ns3:TrackPointExtension>
        </extensions>
      </trkpt>
      <trkpt lat="30.44561832211911678314208984375" lon="120.25985305197536945343017578125">
        <ele>10.3999996185302734375</ele>
        <time>2024-12-16T14:00:21.000Z</time>
        <extensions>
          <ns3:TrackPointExtension>
            <ns3:hr>150</ns3:hr>
            <ns3:cad>91</ns3:cad>
          </ns3:TrackPointExtension>
        </extensions>
      </trkpt>
      <trkpt lat="30.445622093975543975830078125" lon="120.25985933840274810791015625">
        <ele>10.3999996185302734375</ele>
        <time>2024-12-16T14:00:22.000Z</time>
        <extensions>
          <ns3:TrackPointExtension>
            <ns3:hr>151</ns3:hr>
            <ns3:cad>91</ns3:cad>
          </ns3:TrackPointExtension>
        </extensions>
      </trkpt>
      <trkpt lat="30.44562670402228832244873046875" lon="120.25987409055233001708984375">
        <ele>10.3999996185302734375</ele>
        <time>2024-12-16T14:00:23.000Z</time>
        <extensions>
          <ns3:TrackPointExtension>
            <ns3:hr>151</ns3:hr>
            <ns3:cad>91</ns3:cad>
          </ns3:TrackPointExtension>
        </extensions>
      </trkpt>
      <trkpt lat="30.4456319846212863922119140625" lon="120.25988674722611904144287109375">
        <ele>10.3999996185302734375</ele>
        <time>2024-12-16T14:00:24.000Z</time>
        <extensions>
          <ns3:TrackPointExtension>
            <ns3:hr>152</ns3:hr>
            <ns3:cad>91</ns3:cad>
          </ns3:TrackPointExtension>
        </extensions>
      </trkpt>
      <trkpt lat="30.44564212672412395477294921875" lon="120.25990082882344722747802734375">
        <ele>10.6000003814697265625</ele>
        <time>2024-12-16T14:00:25.000Z</time>
        <extensions>
          <ns3:TrackPointExtension>
            <ns3:hr>153</ns3:hr>
            <ns3:cad>91</ns3:cad>
          </ns3:TrackPointExtension>
        </extensions>
      </trkpt>
      <trkpt lat="30.4456510953605175018310546875" lon="120.25991030037403106689453125">
        <ele>10.6000003814697265625</ele>
        <time>2024-12-16T14:00:26.000Z</time>
        <extensions>
          <ns3:TrackPointExtension>
            <ns3:hr>153</ns3:hr>
            <ns3:cad>91</ns3:cad>
          </ns3:TrackPointExtension>
        </extensions>
      </trkpt>
      <trkpt lat="30.44565587304532527923583984375" lon="120.25992371141910552978515625">
        <ele>10.6000003814697265625</ele>
        <time>2024-12-16T14:00:27.000Z</time>
        <extensions>
          <ns3:TrackPointExtension>
            <ns3:hr>154</ns3:hr>
            <ns3:cad>65</ns3:cad>
          </ns3:TrackPointExtension>
        </extensions>
      </trkpt>
      <trkpt lat="30.4456671886146068572998046875" lon="120.25994709692895412445068359375">
        <ele>10.3999996185302734375</ele>
        <time>2024-12-16T14:00:28.000Z</time>
        <extensions>
          <ns3:TrackPointExtension>
            <ns3:hr>153</ns3:hr>
            <ns3:cad>64</ns3:cad>
          </ns3:TrackPointExtension>
        </extensions>
      </trkpt>
      <trkpt lat="30.44567766599357128143310546875" lon="120.2599651180207729339599609375">
        <ele>10.3999996185302734375</ele>
        <time>2024-12-16T14:00:29.000Z</time>
        <extensions>
          <ns3:TrackPointExtension>
            <ns3:hr>153</ns3:hr>
            <ns3:cad>64</ns3:cad>
          </ns3:TrackPointExtension>
        </extensions>
      </trkpt>
      <trkpt lat="30.445689149200916290283203125" lon="120.25998582132160663604736328125">
        <ele>10.3999996185302734375</ele>
        <time>2024-12-16T14:00:30.000Z</time>
        <extensions>
          <ns3:TrackPointExtension>
            <ns3:hr>152</ns3:hr>
            <ns3:cad>64</ns3:cad>
          </ns3:TrackPointExtension>
        </extensions>
      </trkpt>
      <trkpt lat="30.44570046477019786834716796875" lon="120.26000015437602996826171875">
        <ele>10.3999996185302734375</ele>
        <time>2024-12-16T14:00:31.000Z</time>
        <extensions>
          <ns3:TrackPointExtension>
            <ns3:hr>152</ns3:hr>
            <ns3:cad>93</ns3:cad>
          </ns3:TrackPointExtension>
        </extensions>
      </trkpt>
      <trkpt lat="30.445712618529796600341796875" lon="120.26002186350524425506591796875">
        <ele>10.3999996185302734375</ele>
        <time>2024-12-16T14:00:32.000Z</time>
        <extensions>
          <ns3:TrackPointExtension>
            <ns3:hr>152</ns3:hr>
            <ns3:cad>94</ns3:cad>
          </ns3:TrackPointExtension>
        </extensions>
      </trkpt>
      <trkpt lat="30.44572125189006328582763671875" lon="120.26004633866250514984130859375">
        <ele>10.19999980926513671875</ele>
        <time>2024-12-16T14:00:33.000Z</time>
        <extensions>
          <ns3:TrackPointExtension>
            <ns3:hr>152</ns3:hr>
            <ns3:cad>94</ns3:cad>
          </ns3:TrackPointExtension>
        </extensions>
      </trkpt>
      <trkpt lat="30.44572745449841022491455078125" lon="120.26007257401943206787109375">
        <ele>10.19999980926513671875</ele>
        <time>2024-12-16T14:00:34.000Z</time>
        <extensions>
          <ns3:TrackPointExtension>
            <ns3:hr>152</ns3:hr>
            <ns3:cad>92</ns3:cad>
          </ns3:TrackPointExtension>
        </extensions>
      </trkpt>
      <trkpt lat="30.44573784805834293365478515625" lon="120.26010585017502307891845703125">
        <ele>10.19999980926513671875</ele>
        <time>2024-12-16T14:00:35.000Z</time>
        <extensions>
          <ns3:TrackPointExtension>
            <ns3:hr>152</ns3:hr>
            <ns3:cad>92</ns3:cad>
          </ns3:TrackPointExtension>
        </extensions>
      </trkpt>
      <trkpt lat="30.44574723578989505767822265625" lon="120.26012697257101535797119140625">
        <ele>10.19999980926513671875</ele>
        <time>2024-12-16T14:00:36.000Z</time>
        <extensions>
          <ns3:TrackPointExtension>
            <ns3:hr>151</ns3:hr>
            <ns3:cad>91</ns3:cad>
          </ns3:TrackPointExtension>
        </extensions>
      </trkpt>
      <trkpt lat="30.44575612060725688934326171875" lon="120.26014826260507106781005859375">
        <ele>10.19999980926513671875</ele>
        <time>2024-12-16T14:00:37.000Z</time>
        <extensions>
          <ns3:TrackPointExtension>
            <ns3:hr>151</ns3:hr>
            <ns3:cad>91</ns3:cad>
          </ns3:TrackPointExtension>
        </extensions>
      </trkpt>
      <trkpt lat="30.4457634128630161285400390625" lon="120.26016619987785816192626953125">
        <ele>10.19999980926513671875</ele>
        <time>2024-12-16T14:00:38.000Z</time>
        <extensions>
          <ns3:TrackPointExtension>
            <ns3:hr>150</ns3:hr>
            <ns3:cad>91</ns3:cad>
          </ns3:TrackPointExtension>
        </extensions>
      </trkpt>
      <trkpt lat="30.4457681067287921905517578125" lon="120.2601736597716808319091796875">
        <ele>10.19999980926513671875</ele>
        <time>2024-12-16T14:00:39.000Z</time>
        <extensions>
          <ns3:TrackPointExtension>
            <ns3:hr>150</ns3:hr>
            <ns3:cad>91</ns3:cad>
          </ns3:TrackPointExtension>
        </extensions>
      </trkpt>
      <trkpt lat="30.44577288441359996795654296875" lon="120.2601857297122478485107421875">
        <ele>10</ele>
        <time>2024-12-16T14:00:40.000Z</time>
        <extensions>
          <ns3:TrackPointExtension>
            <ns3:hr>149</ns3:hr>
            <ns3:cad>91</ns3:cad>
          </ns3:TrackPointExtension>
        </extensions>
      </trkpt>
      <trkpt lat="30.44577724300324916839599609375" lon="120.260194279253482818603515625">
        <ele>10</ele>
        <time>2024-12-16T14:00:41.000Z</time>
        <extensions>
          <ns3:TrackPointExtension>
            <ns3:hr>149</ns3:hr>
            <ns3:cad>0</ns3:cad>
          </ns3:TrackPointExtension>
        </extensions>
      </trkpt>
      <trkpt lat="30.44578336179256439208984375" lon="120.260205008089542388916015625">
        <ele>10</ele>
        <time>2024-12-16T14:00:42.000Z</time>
        <extensions>
          <ns3:TrackPointExtension>
            <ns3:hr>149</ns3:hr>
            <ns3:cad>0</ns3:cad>
          </ns3:TrackPointExtension>
        </extensions>
      </trkpt>
      <trkpt lat="30.44579031877219676971435546875" lon="120.26021481491625308990478515625">
        <ele>9.80000019073486328125</ele>
        <time>2024-12-16T14:00:43.000Z</time>
        <extensions>
          <ns3:TrackPointExtension>
            <ns3:hr>148</ns3:hr>
            <ns3:cad>65</ns3:cad>
          </ns3:TrackPointExtension>
        </extensions>
      </trkpt>
      <trkpt lat="30.44579652138054370880126953125" lon="120.26022680103778839111328125">
        <ele>9.80000019073486328125</ele>
        <time>2024-12-16T14:00:44.000Z</time>
        <extensions>
          <ns3:TrackPointExtension>
            <ns3:hr>147</ns3:hr>
            <ns3:cad>65</ns3:cad>
          </ns3:TrackPointExtension>
        </extensions>
      </trkpt>
      <trkpt lat="30.445801131427288055419921875" lon="120.2602370269596576690673828125">
        <ele>9.6000003814697265625</ele>
        <time>2024-12-16T14:00:45.000Z</time>
        <extensions>
          <ns3:TrackPointExtension>
            <ns3:hr>147</ns3:hr>
            <ns3:cad>65</ns3:cad>
          </ns3:TrackPointExtension>
        </extensions>
      </trkpt>
      <trkpt lat="30.4458069987595081329345703125" lon="120.2602534554898738861083984375">
        <ele>9.6000003814697265625</ele>
        <time>2024-12-16T14:00:46.000Z</time>
        <extensions>
          <ns3:TrackPointExtension>
            <ns3:hr>146</ns3:hr>
            <ns3:cad>65</ns3:cad>
          </ns3:TrackPointExtension>
        </extensions>
      </trkpt>
      <trkpt lat="30.445811189711093902587890625" lon="120.2602682076394557952880859375">
        <ele>9.3999996185302734375</ele>
        <time>2024-12-16T14:00:47.000Z</time>
        <extensions>
          <ns3:TrackPointExtension>
            <ns3:hr>145</ns3:hr>
            <ns3:cad>65</ns3:cad>
          </ns3:TrackPointExtension>
        </extensions>
      </trkpt>
      <trkpt lat="30.44581747613847255706787109375" lon="120.26028203777968883514404296875">
        <ele>9.19999980926513671875</ele>
        <time>2024-12-16T14:00:48.000Z</time>
        <extensions>
          <ns3:TrackPointExtension>
            <ns3:hr>145</ns3:hr>
            <ns3:cad>65</ns3:cad>
          </ns3:TrackPointExtension>
        </extensions>
      </trkpt>
      <trkpt lat="30.4458277858793735504150390625" lon="120.26030316017568111419677734375">
        <ele>9</ele>
        <time>2024-12-16T14:00:49.000Z</time>
        <extensions>
          <ns3:TrackPointExtension>
            <ns3:hr>144</ns3:hr>
            <ns3:cad>65</ns3:cad>
          </ns3:TrackPointExtension>
        </extensions>
      </trkpt>
      <trkpt lat="30.44583507813513278961181640625" lon="120.26032562367618083953857421875">
        <ele>9</ele>
        <time>2024-12-16T14:00:50.000Z</time>
        <extensions>
          <ns3:TrackPointExtension>
            <ns3:hr>144</ns3:hr>
            <ns3:cad>65</ns3:cad>
          </ns3:TrackPointExtension>
        </extensions>
      </trkpt>
      <trkpt lat="30.445844717323780059814453125" lon="120.260347835719585418701171875">
        <ele>8.80000019073486328125</ele>
        <time>2024-12-16T14:00:51.000Z</time>
        <extensions>
          <ns3:TrackPointExtension>
            <ns3:hr>144</ns3:hr>
            <ns3:cad>65</ns3:cad>
          </ns3:TrackPointExtension>
        </extensions>
      </trkpt>
      <trkpt lat="30.4458596371114253997802734375" lon="120.2603744901716709136962890625">
        <ele>8.3999996185302734375</ele>
        <time>2024-12-16T14:00:52.000Z</time>
        <extensions>
          <ns3:TrackPointExtension>
            <ns3:hr>144</ns3:hr>
            <ns3:cad>93</ns3:cad>
          </ns3:TrackPointExtension>
        </extensions>
      </trkpt>
      <trkpt lat="30.44587145559489727020263671875" lon="120.26040139608085155487060546875">
        <ele>8.19999980926513671875</ele>
        <time>2024-12-16T14:00:53.000Z</time>
        <extensions>
          <ns3:TrackPointExtension>
            <ns3:hr>144</ns3:hr>
            <ns3:cad>93</ns3:cad>
          </ns3:TrackPointExtension>
        </extensions>
      </trkpt>
      <trkpt lat="30.44587816111743450164794921875" lon="120.26042184792459011077880859375">
        <ele>8</ele>
        <time>2024-12-16T14:00:54.000Z</time>
        <extensions>
          <ns3:TrackPointExtension>
            <ns3:hr>144</ns3:hr>
            <ns3:cad>93</ns3:cad>
          </ns3:TrackPointExtension>
        </extensions>
      </trkpt>
      <trkpt lat="30.4458904825150966644287109375" lon="120.26045084930956363677978515625">
        <ele>7.80000019073486328125</ele>
        <time>2024-12-16T14:00:55.000Z</time>
        <extensions>
          <ns3:TrackPointExtension>
            <ns3:hr>144</ns3:hr>
            <ns3:cad>92</ns3:cad>
          </ns3:TrackPointExtension>
        </extensions>
      </trkpt>
      <trkpt lat="30.44590003788471221923828125" lon="120.2604774199426174163818359375">
        <ele>7.599999904632568359375</ele>
        <time>2024-12-16T14:00:56.000Z</time>
        <extensions>
          <ns3:TrackPointExtension>
            <ns3:hr>143</ns3:hr>
            <ns3:cad>91</ns3:cad>
          </ns3:TrackPointExtension>
        </extensions>
      </trkpt>
      <trkpt lat="30.44591185636818408966064453125" lon="120.2605032362043857574462890625">
        <ele>7.80000019073486328125</ele>
        <time>2024-12-16T14:00:57.000Z</time>
        <extensions>
          <ns3:TrackPointExtension>
            <ns3:hr>143</ns3:hr>
            <ns3:cad>91</ns3:cad>
          </ns3:TrackPointExtension>
        </extensions>
      </trkpt>
      <trkpt lat="30.44592577032744884490966796875" lon="120.26053366251289844512939453125">
        <ele>7.80000019073486328125</ele>
        <time>2024-12-16T14:00:58.000Z</time>
        <extensions>
          <ns3:TrackPointExtension>
            <ns3:hr>143</ns3:hr>
            <ns3:cad>90</ns3:cad>
          </ns3:TrackPointExtension>
        </extensions>
      </trkpt>
      <trkpt lat="30.4459360800683498382568359375" lon="120.2605562098324298858642578125">
        <ele>7.80000019073486328125</ele>
        <time>2024-12-16T14:00:59.000Z</time>
        <extensions>
          <ns3:TrackPointExtension>
            <ns3:hr>143</ns3:hr>
            <ns3:cad>90</ns3:cad>
          </ns3:TrackPointExtension>
        </extensions>
      </trkpt>
      <trkpt lat="30.44595368206501007080078125" lon="120.26059552095830440521240234375">
        <ele>7.80000019073486328125</ele>
        <time>2024-12-16T14:01:00.000Z</time>
        <extensions>
          <ns3:TrackPointExtension>
            <ns3:hr>143</ns3:hr>
            <ns3:cad>90</ns3:cad>
          </ns3:TrackPointExtension>
        </extensions>
      </trkpt>
      <trkpt lat="30.44596952386200428009033203125" lon="120.260622762143611907958984375">
        <ele>8</ele>
        <time>2024-12-16T14:01:01.000Z</time>
        <extensions>
          <ns3:TrackPointExtension>
            <ns3:hr>143</ns3:hr>
            <ns3:cad>90</ns3:cad>
          </ns3:TrackPointExtension>
        </extensions>
      </trkpt>
      <trkpt lat="30.44598544947803020477294921875" lon="120.26064497418701648712158203125">
        <ele>8</ele>
        <time>2024-12-16T14:01:02.000Z</time>
        <extensions>
          <ns3:TrackPointExtension>
            <ns3:hr>143</ns3:hr>
            <ns3:cad>90</ns3:cad>
          </ns3:TrackPointExtension>
        </extensions>
      </trkpt>
      <trkpt lat="30.44600103981792926788330078125" lon="120.26067598722875118255615234375">
        <ele>8</ele>
        <time>2024-12-16T14:01:03.000Z</time>
        <extensions>
          <ns3:TrackPointExtension>
            <ns3:hr>143</ns3:hr>
            <ns3:cad>90</ns3:cad>
          </ns3:TrackPointExtension>
        </extensions>
      </trkpt>
      <trkpt lat="30.44601495377719402313232421875" lon="120.26070079766213893890380859375">
        <ele>8</ele>
        <time>2024-12-16T14:01:04.000Z</time>
        <extensions>
          <ns3:TrackPointExtension>
            <ns3:hr>143</ns3:hr>
            <ns3:cad>90</ns3:cad>
          </ns3:TrackPointExtension>
        </extensions>
      </trkpt>
      <trkpt lat="30.44602383859455585479736328125" lon="120.260723344981670379638671875">
        <ele>8</ele>
        <time>2024-12-16T14:01:05.000Z</time>
        <extensions>
          <ns3:TrackPointExtension>
            <ns3:hr>143</ns3:hr>
            <ns3:cad>90</ns3:cad>
          </ns3:TrackPointExtension>
        </extensions>
      </trkpt>
      <trkpt lat="30.44603792019188404083251953125" lon="120.260761566460132598876953125">
        <ele>8</ele>
        <time>2024-12-16T14:01:06.000Z</time>
        <extensions>
          <ns3:TrackPointExtension>
            <ns3:hr>143</ns3:hr>
            <ns3:cad>89</ns3:cad>
          </ns3:TrackPointExtension>
        </extensions>
      </trkpt>
      <trkpt lat="30.44605082832276821136474609375" lon="120.26079098694026470184326171875">
        <ele>8.3999996185302734375</ele>
        <time>2024-12-16T14:01:07.000Z</time>
        <extensions>
          <ns3:TrackPointExtension>
            <ns3:hr>143</ns3:hr>
            <ns3:cad>89</ns3:cad>
          </ns3:TrackPointExtension>
        </extensions>
      </trkpt>
      <trkpt lat="30.4460621438920497894287109375" lon="120.260811857879161834716796875">
        <ele>8.3999996185302734375</ele>
        <time>2024-12-16T14:01:08.000Z</time>
        <extensions>
          <ns3:TrackPointExtension>
            <ns3:hr>143</ns3:hr>
            <ns3:cad>90</ns3:cad>
          </ns3:TrackPointExtension>
        </extensions>
      </trkpt>
      <trkpt lat="30.44607781805098056793212890625" lon="120.26084647513926029205322265625">
        <ele>8.6000003814697265625</ele>
        <time>2024-12-16T14:01:09.000Z</time>
        <extensions>
          <ns3:TrackPointExtension>
            <ns3:hr>143</ns3:hr>
            <ns3:cad>90</ns3:cad>
          </ns3:TrackPointExtension>
        </extensions>
      </trkpt>
      <trkpt lat="30.4460889659821987152099609375" lon="120.260877907276153564453125">
        <ele>8.80000019073486328125</ele>
        <time>2024-12-16T14:01:10.000Z</time>
        <extensions>
          <ns3:TrackPointExtension>
            <ns3:hr>143</ns3:hr>
            <ns3:cad>90</ns3:cad>
          </ns3:TrackPointExtension>
        </extensions>
      </trkpt>
      <trkpt lat="30.4460991919040679931640625" lon="120.2609114348888397216796875">
        <ele>9</ele>
        <time>2024-12-16T14:01:11.000Z</time>
        <extensions>
          <ns3:TrackPointExtension>
            <ns3:hr>144</ns3:hr>
            <ns3:cad>92</ns3:cad>
          </ns3:TrackPointExtension>
        </extensions>
      </trkpt>
      <trkpt lat="30.44611318968236446380615234375" lon="120.26093783788383007049560546875">
        <ele>9</ele>
        <time>2024-12-16T14:01:12.000Z</time>
        <extensions>
          <ns3:TrackPointExtension>
            <ns3:hr>145</ns3:hr>
            <ns3:cad>92</ns3:cad>
          </ns3:TrackPointExtension>
        </extensions>
      </trkpt>
      <trkpt lat="30.4461322166025638580322265625" lon="120.2609706111252307891845703125">
        <ele>9.19999980926513671875</ele>
        <time>2024-12-16T14:01:13.000Z</time>
        <extensions>
          <ns3:TrackPointExtension>
            <ns3:hr>145</ns3:hr>
            <ns3:cad>93</ns3:cad>
          </ns3:TrackPointExtension>
        </extensions>
      </trkpt>
      <trkpt lat="30.44614537619054317474365234375" lon="120.2609897218644618988037109375">
        <ele>9.19999980926513671875</ele>
        <time>2024-12-16T14:01:14.000Z</time>
        <extensions>
          <ns3:TrackPointExtension>
            <ns3:hr>146</ns3:hr>
            <ns3:cad>93</ns3:cad>
          </ns3:TrackPointExtension>
        </extensions>
      </trkpt>
      <trkpt lat="30.4461630620062351226806640625" lon="120.26102299802005290985107421875">
        <ele>9.3999996185302734375</ele>
        <time>2024-12-16T14:01:15.000Z</time>
        <extensions>
          <ns3:TrackPointExtension>
            <ns3:hr>146</ns3:hr>
            <ns3:cad>93</ns3:cad>
          </ns3:TrackPointExtension>
        </extensions>
      </trkpt>
      <trkpt lat="30.446175299584865570068359375" lon="120.2610467188060283660888671875">
        <ele>9.19999980926513671875</ele>
        <time>2024-12-16T14:01:16.000Z</time>
        <extensions>
          <ns3:TrackPointExtension>
            <ns3:hr>147</ns3:hr>
            <ns3:cad>93</ns3:cad>
          </ns3:TrackPointExtension>
        </extensions>
      </trkpt>
      <trkpt lat="30.4461878724396228790283203125" lon="120.26107463054358959197998046875">
        <ele>8.80000019073486328125</ele>
        <time>2024-12-16T14:01:17.000Z</time>
        <extensions>
          <ns3:TrackPointExtension>
            <ns3:hr>147</ns3:hr>
            <ns3:cad>93</ns3:cad>
          </ns3:TrackPointExtension>
        </extensions>
      </trkpt>
      <trkpt lat="30.446198098361492156982421875" lon="120.261100195348262786865234375">
        <ele>8.6000003814697265625</ele>
        <time>2024-12-16T14:01:18.000Z</time>
        <extensions>
          <ns3:TrackPointExtension>
            <ns3:hr>148</ns3:hr>
            <ns3:cad>93</ns3:cad>
          </ns3:TrackPointExtension>
        </extensions>
      </trkpt>
      <trkpt lat="30.44620740227401256561279296875" lon="120.2611260116100311279296875">
        <ele>8.3999996185302734375</ele>
        <time>2024-12-16T14:01:19.000Z</time>
        <extensions>
          <ns3:TrackPointExtension>
            <ns3:hr>148</ns3:hr>
            <ns3:cad>92</ns3:cad>
          </ns3:TrackPointExtension>
        </extensions>
      </trkpt>
      <trkpt lat="30.44621427543461322784423828125" lon="120.26114939711987972259521484375">
        <ele>8.19999980926513671875</ele>
        <time>2024-12-16T14:01:20.000Z</time>
        <extensions>
          <ns3:TrackPointExtension>
            <ns3:hr>148</ns3:hr>
            <ns3:cad>92</ns3:cad>
          </ns3:TrackPointExtension>
        </extensions>
      </trkpt>
      <trkpt lat="30.44621595181524753570556640625" lon="120.261164568364620208740234375">
        <ele>8</ele>
        <time>2024-12-16T14:01:21.000Z</time>
        <extensions>
          <ns3:TrackPointExtension>
            <ns3:hr>148</ns3:hr>
            <ns3:cad>92</ns3:cad>
          </ns3:TrackPointExtension>
        </extensions>
      </trkpt>
      <trkpt lat="30.44622265733778476715087890625" lon="120.261177308857440948486328125">
        <ele>7.80000019073486328125</ele>
        <time>2024-12-16T14:01:22.000Z</time>
        <extensions>
          <ns3:TrackPointExtension>
            <ns3:hr>149</ns3:hr>
            <ns3:cad>92</ns3:cad>
          </ns3:TrackPointExtension>
        </extensions>
      </trkpt>
      <trkpt lat="30.44622466899454593658447265625" lon="120.26119214482605457305908203125">
        <ele>7.80000019073486328125</ele>
        <time>2024-12-16T14:01:23.000Z</time>
        <extensions>
          <ns3:TrackPointExtension>
            <ns3:hr>149</ns3:hr>
            <ns3:cad>92</ns3:cad>
          </ns3:TrackPointExtension>
        </extensions>
      </trkpt>
      <trkpt lat="30.4462234117090702056884765625" lon="120.261206813156604766845703125">
        <ele>7.599999904632568359375</ele>
        <time>2024-12-16T14:01:24.000Z</time>
        <extensions>
          <ns3:TrackPointExtension>
            <ns3:hr>149</ns3:hr>
            <ns3:cad>92</ns3:cad>
          </ns3:TrackPointExtension>
        </extensions>
      </trkpt>
      <trkpt lat="30.44622584246098995208740234375" lon="120.2612187154591083526611328125">
        <ele>7.599999904632568359375</ele>
        <time>2024-12-16T14:01:25.000Z</time>
        <extensions>
          <ns3:TrackPointExtension>
            <ns3:hr>148</ns3:hr>
            <ns3:cad>63</ns3:cad>
          </ns3:TrackPointExtension>
        </extensions>
      </trkpt>
      <trkpt lat="30.44622986577451229095458984375" lon="120.26123120449483394622802734375">
        <ele>7.400000095367431640625</ele>
        <time>2024-12-16T14:01:26.000Z</time>
        <extensions>
          <ns3:TrackPointExtension>
            <ns3:hr>148</ns3:hr>
            <ns3:cad>62</ns3:cad>
          </ns3:TrackPointExtension>
        </extensions>
      </trkpt>
      <trkpt lat="30.44623472727835178375244140625" lon="120.26124277152121067047119140625">
        <ele>7.19999980926513671875</ele>
        <time>2024-12-16T14:01:27.000Z</time>
        <extensions>
          <ns3:TrackPointExtension>
            <ns3:hr>148</ns3:hr>
            <ns3:cad>62</ns3:cad>
          </ns3:TrackPointExtension>
        </extensions>
      </trkpt>
      <trkpt lat="30.44624009169638156890869140625" lon="120.26125417090952396392822265625">
        <ele>7.19999980926513671875</ele>
        <time>2024-12-16T14:01:28.000Z</time>
        <extensions>
          <ns3:TrackPointExtension>
            <ns3:hr>147</ns3:hr>
            <ns3:cad>62</ns3:cad>
          </ns3:TrackPointExtension>
        </extensions>
      </trkpt>
      <trkpt lat="30.44624411500990390777587890625" lon="120.26126347482204437255859375">
        <ele>7</ele>
        <time>2024-12-16T14:01:29.000Z</time>
        <extensions>
          <ns3:TrackPointExtension>
            <ns3:hr>147</ns3:hr>
            <ns3:cad>62</ns3:cad>
          </ns3:TrackPointExtension>
        </extensions>
      </trkpt>
      <trkpt lat="30.44625140726566314697265625" lon="120.26127755641937255859375">
        <ele>7</ele>
        <time>2024-12-16T14:01:30.000Z</time>
        <extensions>
          <ns3:TrackPointExtension>
            <ns3:hr>147</ns3:hr>
            <ns3:cad>62</ns3:cad>
          </ns3:TrackPointExtension>
        </extensions>
      </trkpt>
      <trkpt lat="30.4462559334933757781982421875" lon="120.26128484867513179779052734375">
        <ele>6.80000019073486328125</ele>
        <time>2024-12-16T14:01:31.000Z</time>
        <extensions>
          <ns3:TrackPointExtension>
            <ns3:hr>147</ns3:hr>
            <ns3:cad>62</ns3:cad>
          </ns3:TrackPointExtension>
        </extensions>
      </trkpt>
      <trkpt lat="30.4462616331875324249267578125" lon="120.26129440404474735260009765625">
        <ele>6.80000019073486328125</ele>
        <time>2024-12-16T14:01:32.000Z</time>
        <extensions>
          <ns3:TrackPointExtension>
            <ns3:hr>147</ns3:hr>
            <ns3:cad>62</ns3:cad>
          </ns3:TrackPointExtension>
        </extensions>
      </trkpt>
      <trkpt lat="30.44626590795814990997314453125" lon="120.2613035403192043304443359375">
        <ele>6.599999904632568359375</ele>
        <time>2024-12-16T14:01:33.000Z</time>
        <extensions>
          <ns3:TrackPointExtension>
            <ns3:hr>147</ns3:hr>
            <ns3:cad>63</ns3:cad>
          </ns3:TrackPointExtension>
        </extensions>
      </trkpt>
      <trkpt lat="30.4462710209190845489501953125" lon="120.26131552644073963165283203125">
        <ele>6.599999904632568359375</ele>
        <time>2024-12-16T14:01:34.000Z</time>
        <extensions>
          <ns3:TrackPointExtension>
            <ns3:hr>147</ns3:hr>
            <ns3:cad>63</ns3:cad>
          </ns3:TrackPointExtension>
        </extensions>
      </trkpt>
      <trkpt lat="30.44627294875681400299072265625" lon="120.26132524944841861724853515625">
        <ele>6.599999904632568359375</ele>
        <time>2024-12-16T14:01:35.000Z</time>
        <extensions>
          <ns3:TrackPointExtension>
            <ns3:hr>147</ns3:hr>
            <ns3:cad>64</ns3:cad>
          </ns3:TrackPointExtension>
        </extensions>
      </trkpt>
      <trkpt lat="30.44627646915614604949951171875" lon="120.26133857667446136474609375">
        <ele>6.599999904632568359375</ele>
        <time>2024-12-16T14:01:36.000Z</time>
        <extensions>
          <ns3:TrackPointExtension>
            <ns3:hr>147</ns3:hr>
            <ns3:cad>66</ns3:cad>
          </ns3:TrackPointExtension>
        </extensions>
      </trkpt>
      <trkpt lat="30.4462844319641590118408203125" lon="120.26135961525142192840576171875">
        <ele>6.400000095367431640625</ele>
        <time>2024-12-16T14:01:37.000Z</time>
        <extensions>
          <ns3:TrackPointExtension>
            <ns3:hr>147</ns3:hr>
            <ns3:cad>66</ns3:cad>
          </ns3:TrackPointExtension>
        </extensions>
      </trkpt>
      <trkpt lat="30.44629256241023540496826171875" lon="120.26137880980968475341796875">
        <ele>6.400000095367431640625</ele>
        <time>2024-12-16T14:01:38.000Z</time>
        <extensions>
          <ns3:TrackPointExtension>
            <ns3:hr>147</ns3:hr>
            <ns3:cad>64</ns3:cad>
          </ns3:TrackPointExtension>
        </extensions>
      </trkpt>
      <trkpt lat="30.44629809446632862091064453125" lon="120.26139901019632816314697265625">
        <ele>6.400000095367431640625</ele>
        <time>2024-12-16T14:01:39.000Z</time>
        <extensions>
          <ns3:TrackPointExtension>
            <ns3:hr>147</ns3:hr>
            <ns3:cad>61</ns3:cad>
          </ns3:TrackPointExtension>
        </extensions>
      </trkpt>
      <trkpt lat="30.44630832038819789886474609375" lon="120.26142516173422336578369140625">
        <ele>6.400000095367431640625</ele>
        <time>2024-12-16T14:01:40.000Z</time>
        <extensions>
          <ns3:TrackPointExtension>
            <ns3:hr>146</ns3:hr>
            <ns3:cad>61</ns3:cad>
          </ns3:TrackPointExtension>
        </extensions>
      </trkpt>
      <trkpt lat="30.44632089324295520782470703125" lon="120.26146254502236843109130859375">
        <ele>6.19999980926513671875</ele>
        <time>2024-12-16T14:01:41.000Z</time>
        <extensions>
          <ns3:TrackPointExtension>
            <ns3:hr>145</ns3:hr>
            <ns3:cad>61</ns3:cad>
          </ns3:TrackPointExtension>
        </extensions>
      </trkpt>
      <trkpt lat="30.44633061625063419342041015625" lon="120.261488445103168487548828125">
        <ele>6.19999980926513671875</ele>
        <time>2024-12-16T14:01:42.000Z</time>
        <extensions>
          <ns3:TrackPointExtension>
            <ns3:hr>143</ns3:hr>
            <ns3:cad>86</ns3:cad>
          </ns3:TrackPointExtension>
        </extensions>
      </trkpt>
      <trkpt lat="30.4463427700102329254150390625" lon="120.2615177817642688751220703125">
        <ele>6</ele>
        <time>2024-12-16T14:01:43.000Z</time>
        <extensions>
          <ns3:TrackPointExtension>
            <ns3:hr>142</ns3:hr>
            <ns3:cad>88</ns3:cad>
          </ns3:TrackPointExtension>
        </extensions>
      </trkpt>
      <trkpt lat="30.4463541693985462188720703125" lon="120.26154384948313236236572265625">
        <ele>6</ele>
        <time>2024-12-16T14:01:44.000Z</time>
        <extensions>
          <ns3:TrackPointExtension>
            <ns3:hr>141</ns3:hr>
            <ns3:cad>88</ns3:cad>
          </ns3:TrackPointExtension>
        </extensions>
      </trkpt>
      <trkpt lat="30.4463635571300983428955078125" lon="120.26156128384172916412353515625">
        <ele>6</ele>
        <time>2024-12-16T14:01:45.000Z</time>
        <extensions>
          <ns3:TrackPointExtension>
            <ns3:hr>142</ns3:hr>
            <ns3:cad>89</ns3:cad>
          </ns3:TrackPointExtension>
        </extensions>
      </trkpt>
      <trkpt lat="30.446379482746124267578125" lon="120.26159145869314670562744140625">
        <ele>6</ele>
        <time>2024-12-16T14:01:46.000Z</time>
        <extensions>
          <ns3:TrackPointExtension>
            <ns3:hr>142</ns3:hr>
            <ns3:cad>89</ns3:cad>
          </ns3:TrackPointExtension>
        </extensions>
      </trkpt>
      <trkpt lat="30.4463863559067249298095703125" lon="120.2616143412888050079345703125">
        <ele>6.19999980926513671875</ele>
        <time>2024-12-16T14:01:47.000Z</time>
        <extensions>
          <ns3:TrackPointExtension>
            <ns3:hr>141</ns3:hr>
            <ns3:cad>89</ns3:cad>
          </ns3:TrackPointExtension>
        </extensions>
      </trkpt>
      <trkpt lat="30.4463977552950382232666015625" lon="120.26164778508245944976806640625">
        <ele>6.400000095367431640625</ele>
        <time>2024-12-16T14:01:48.000Z</time>
        <extensions>
          <ns3:TrackPointExtension>
            <ns3:hr>141</ns3:hr>
            <ns3:cad>90</ns3:cad>
          </ns3:TrackPointExtension>
        </extensions>
      </trkpt>
      <trkpt lat="30.44640890322625637054443359375" lon="120.26168114505708217620849609375">
        <ele>6.599999904632568359375</ele>
        <time>2024-12-16T14:01:49.000Z</time>
        <extensions>
          <ns3:TrackPointExtension>
            <ns3:hr>141</ns3:hr>
            <ns3:cad>90</ns3:cad>
          </ns3:TrackPointExtension>
        </extensions>
      </trkpt>
      <trkpt lat="30.44641862623393535614013671875" lon="120.2617112360894680023193359375">
        <ele>6.80000019073486328125</ele>
        <time>2024-12-16T14:01:50.000Z</time>
        <extensions>
          <ns3:TrackPointExtension>
            <ns3:hr>141</ns3:hr>
            <ns3:cad>90</ns3:cad>
          </ns3:TrackPointExtension>
        </extensions>
      </trkpt>
      <trkpt lat="30.4464304447174072265625" lon="120.26174359023571014404296875">
        <ele>6.80000019073486328125</ele>
        <time>2024-12-16T14:01:51.000Z</time>
        <extensions>
          <ns3:TrackPointExtension>
            <ns3:hr>141</ns3:hr>
            <ns3:cad>90</ns3:cad>
          </ns3:TrackPointExtension>
        </extensions>
      </trkpt>
      <trkpt lat="30.44644318521022796630859375" lon="120.2617662213742733001708984375">
        <ele>7</ele>
        <time>2024-12-16T14:01:52.000Z</time>
        <extensions>
          <ns3:TrackPointExtension>
            <ns3:hr>141</ns3:hr>
            <ns3:cad>90</ns3:cad>
          </ns3:TrackPointExtension>
        </extensions>
      </trkpt>
      <trkpt lat="30.44645969755947589874267578125" lon="120.2617938816547393798828125">
        <ele>7.19999980926513671875</ele>
        <time>2024-12-16T14:01:53.000Z</time>
        <extensions>
          <ns3:TrackPointExtension>
            <ns3:hr>140</ns3:hr>
            <ns3:cad>90</ns3:cad>
          </ns3:TrackPointExtension>
        </extensions>
      </trkpt>
      <trkpt lat="30.446478389203548431396484375" lon="120.26181894354522228240966796875">
        <ele>7.400000095367431640625</ele>
        <time>2024-12-16T14:01:54.000Z</time>
        <extensions>
          <ns3:TrackPointExtension>
            <ns3:hr>140</ns3:hr>
            <ns3:cad>90</ns3:cad>
          </ns3:TrackPointExtension>
        </extensions>
      </trkpt>
      <trkpt lat="30.44649490155279636383056640625" lon="120.2618448436260223388671875">
        <ele>7.400000095367431640625</ele>
        <time>2024-12-16T14:01:55.000Z</time>
        <extensions>
          <ns3:TrackPointExtension>
            <ns3:hr>141</ns3:hr>
            <ns3:cad>90</ns3:cad>
          </ns3:TrackPointExtension>
        </extensions>
      </trkpt>
      <trkpt lat="30.44651082716882228851318359375" lon="120.26187309063971042633056640625">
        <ele>7.599999904632568359375</ele>
        <time>2024-12-16T14:01:56.000Z</time>
        <extensions>
          <ns3:TrackPointExtension>
            <ns3:hr>141</ns3:hr>
            <ns3:cad>90</ns3:cad>
          </ns3:TrackPointExtension>
        </extensions>
      </trkpt>
      <trkpt lat="30.4465258307754993438720703125" lon="120.26189924217760562896728515625">
        <ele>7.80000019073486328125</ele>
        <time>2024-12-16T14:01:57.000Z</time>
        <extensions>
          <ns3:TrackPointExtension>
            <ns3:hr>141</ns3:hr>
            <ns3:cad>91</ns3:cad>
          </ns3:TrackPointExtension>
        </extensions>
      </trkpt>
      <trkpt lat="30.44653572142124176025390625" lon="120.26192732155323028564453125">
        <ele>8</ele>
        <time>2024-12-16T14:01:58.000Z</time>
        <extensions>
          <ns3:TrackPointExtension>
            <ns3:hr>141</ns3:hr>
            <ns3:cad>91</ns3:cad>
          </ns3:TrackPointExtension>
        </extensions>
      </trkpt>
      <trkpt lat="30.44654636643826961517333984375" lon="120.26196193881332874298095703125">
        <ele>8</ele>
        <time>2024-12-16T14:01:59.000Z</time>
        <extensions>
          <ns3:TrackPointExtension>
            <ns3:hr>142</ns3:hr>
            <ns3:cad>91</ns3:cad>
          </ns3:TrackPointExtension>
        </extensions>
      </trkpt>
      <trkpt lat="30.446554832160472869873046875" lon="120.261988006532192230224609375">
        <ele>8.19999980926513671875</ele>
        <time>2024-12-16T14:02:00.000Z</time>
        <extensions>
          <ns3:TrackPointExtension>
            <ns3:hr>143</ns3:hr>
            <ns3:cad>90</ns3:cad>
          </ns3:TrackPointExtension>
        </extensions>
      </trkpt>
      <trkpt lat="30.44657151214778423309326171875" lon="120.2620257250964641571044921875">
        <ele>8.3999996185302734375</ele>
        <time>2024-12-16T14:02:01.000Z</time>
        <extensions>
          <ns3:TrackPointExtension>
            <ns3:hr>145</ns3:hr>
            <ns3:cad>90</ns3:cad>
          </ns3:TrackPointExtension>
        </extensions>
      </trkpt>
      <trkpt lat="30.446581654250621795654296875" lon="120.26206084527075290679931640625">
        <ele>8.6000003814697265625</ele>
        <time>2024-12-16T14:02:02.000Z</time>
        <extensions>
          <ns3:TrackPointExtension>
            <ns3:hr>146</ns3:hr>
            <ns3:cad>90</ns3:cad>
          </ns3:TrackPointExtension>
        </extensions>
      </trkpt>
      <trkpt lat="30.4465875215828418731689453125" lon="120.262078531086444854736328125">
        <ele>8.6000003814697265625</ele>
        <time>2024-12-16T14:02:03.000Z</time>
        <extensions>
          <ns3:TrackPointExtension>
            <ns3:hr>147</ns3:hr>
            <ns3:cad>90</ns3:cad>
          </ns3:TrackPointExtension>
        </extensions>
      </trkpt>
      <trkpt lat="30.44660235755145549774169921875" lon="120.262103341519832611083984375">
        <ele>8.80000019073486328125</ele>
        <time>2024-12-16T14:02:04.000Z</time>
        <extensions>
          <ns3:TrackPointExtension>
            <ns3:hr>148</ns3:hr>
            <ns3:cad>90</ns3:cad>
          </ns3:TrackPointExtension>
        </extensions>
      </trkpt>
      <trkpt lat="30.4466168582439422607421875" lon="120.26212555356323719024658203125">
        <ele>9</ele>
        <time>2024-12-16T14:02:05.000Z</time>
        <extensions>
          <ns3:TrackPointExtension>
            <ns3:hr>149</ns3:hr>
            <ns3:cad>91</ns3:cad>
          </ns3:TrackPointExtension>
        </extensions>
      </trkpt>
      <trkpt lat="30.4466297663748264312744140625" lon="120.2621470950543880462646484375">
        <ele>9</ele>
        <time>2024-12-16T14:02:06.000Z</time>
        <extensions>
          <ns3:TrackPointExtension>
            <ns3:hr>150</ns3:hr>
            <ns3:cad>91</ns3:cad>
          </ns3:TrackPointExtension>
        </extensions>
      </trkpt>
      <trkpt lat="30.44665046967566013336181640625" lon="120.2621846459805965423583984375">
        <ele>9</ele>
        <time>2024-12-16T14:02:07.000Z</time>
        <extensions>
          <ns3:TrackPointExtension>
            <ns3:hr>150</ns3:hr>
            <ns3:cad>91</ns3:cad>
          </ns3:TrackPointExtension>
        </extensions>
      </trkpt>
      <trkpt lat="30.4466666467487812042236328125" lon="120.26220719330012798309326171875">
        <ele>9.19999980926513671875</ele>
        <time>2024-12-16T14:02:08.000Z</time>
        <extensions>
          <ns3:TrackPointExtension>
            <ns3:hr>151</ns3:hr>
            <ns3:cad>91</ns3:cad>
          </ns3:TrackPointExtension>
        </extensions>
      </trkpt>
      <trkpt lat="30.44667787849903106689453125" lon="120.2622292377054691314697265625">
        <ele>9.19999980926513671875</ele>
        <time>2024-12-16T14:02:09.000Z</time>
        <extensions>
          <ns3:TrackPointExtension>
            <ns3:hr>152</ns3:hr>
            <ns3:cad>90</ns3:cad>
          </ns3:TrackPointExtension>
        </extensions>
      </trkpt>
      <trkpt lat="30.44669053517282009124755859375" lon="120.26225681416690349578857421875">
        <ele>9.19999980926513671875</ele>
        <time>2024-12-16T14:02:10.000Z</time>
        <extensions>
          <ns3:TrackPointExtension>
            <ns3:hr>152</ns3:hr>
            <ns3:cad>90</ns3:cad>
          </ns3:TrackPointExtension>
        </extensions>
      </trkpt>
      <trkpt lat="30.44670604169368743896484375" lon="120.2622808702290058135986328125">
        <ele>9.19999980926513671875</ele>
        <time>2024-12-16T14:02:11.000Z</time>
        <extensions>
          <ns3:TrackPointExtension>
            <ns3:hr>152</ns3:hr>
            <ns3:cad>89</ns3:cad>
          </ns3:TrackPointExtension>
        </extensions>
      </trkpt>
      <trkpt lat="30.44671534560620784759521484375" lon="120.262301154434680938720703125">
        <ele>9.3999996185302734375</ele>
        <time>2024-12-16T14:02:12.000Z</time>
        <extensions>
          <ns3:TrackPointExtension>
            <ns3:hr>152</ns3:hr>
            <ns3:cad>89</ns3:cad>
          </ns3:TrackPointExtension>
        </extensions>
      </trkpt>
      <trkpt lat="30.446729175746440887451171875" lon="120.26233560405671596527099609375">
        <ele>9.3999996185302734375</ele>
        <time>2024-12-16T14:02:13.000Z</time>
        <extensions>
          <ns3:TrackPointExtension>
            <ns3:hr>152</ns3:hr>
            <ns3:cad>90</ns3:cad>
          </ns3:TrackPointExtension>
        </extensions>
      </trkpt>
      <trkpt lat="30.44674082659184932708740234375" lon="120.262358151376247406005859375">
        <ele>9.3999996185302734375</ele>
        <time>2024-12-16T14:02:14.000Z</time>
        <extensions>
          <ns3:TrackPointExtension>
            <ns3:hr>152</ns3:hr>
            <ns3:cad>90</ns3:cad>
          </ns3:TrackPointExtension>
        </extensions>
      </trkpt>
      <trkpt lat="30.4467524774372577667236328125" lon="120.26238740421831607818603515625">
        <ele>9.3999996185302734375</ele>
        <time>2024-12-16T14:02:15.000Z</time>
        <extensions>
          <ns3:TrackPointExtension>
            <ns3:hr>152</ns3:hr>
            <ns3:cad>92</ns3:cad>
          </ns3:TrackPointExtension>
        </extensions>
      </trkpt>
      <trkpt lat="30.44676731340587139129638671875" lon="120.26241556741297245025634765625">
        <ele>9.3999996185302734375</ele>
        <time>2024-12-16T14:02:16.000Z</time>
        <extensions>
          <ns3:TrackPointExtension>
            <ns3:hr>152</ns3:hr>
            <ns3:cad>92</ns3:cad>
          </ns3:TrackPointExtension>
        </extensions>
      </trkpt>
      <trkpt lat="30.44678240083158016204833984375" lon="120.262447334825992584228515625">
        <ele>9.6000003814697265625</ele>
        <time>2024-12-16T14:02:17.000Z</time>
        <extensions>
          <ns3:TrackPointExtension>
            <ns3:hr>153</ns3:hr>
            <ns3:cad>92</ns3:cad>
          </ns3:TrackPointExtension>
        </extensions>
      </trkpt>
      <trkpt lat="30.44679111801087856292724609375" lon="120.262468792498111724853515625">
        <ele>9.6000003814697265625</ele>
        <time>2024-12-16T14:02:18.000Z</time>
        <extensions>
          <ns3:TrackPointExtension>
            <ns3:hr>153</ns3:hr>
            <ns3:cad>92</ns3:cad>
          </ns3:TrackPointExtension>
        </extensions>
      </trkpt>
      <trkpt lat="30.446805618703365325927734375" lon="120.26249569840729236602783203125">
        <ele>9.6000003814697265625</ele>
        <time>2024-12-16T14:02:19.000Z</time>
        <extensions>
          <ns3:TrackPointExtension>
            <ns3:hr>153</ns3:hr>
            <ns3:cad>92</ns3:cad>
          </ns3:TrackPointExtension>
        </extensions>
      </trkpt>
      <trkpt lat="30.446815676987171173095703125" lon="120.26251262985169887542724609375">
        <ele>9.6000003814697265625</ele>
        <time>2024-12-16T14:02:20.000Z</time>
        <extensions>
          <ns3:TrackPointExtension>
            <ns3:hr>153</ns3:hr>
            <ns3:cad>92</ns3:cad>
          </ns3:TrackPointExtension>
        </extensions>
      </trkpt>
      <trkpt lat="30.44683051295578479766845703125" lon="120.26254079304635524749755859375">
        <ele>9.80000019073486328125</ele>
        <time>2024-12-16T14:02:21.000Z</time>
        <extensions>
          <ns3:TrackPointExtension>
            <ns3:hr>153</ns3:hr>
            <ns3:cad>92</ns3:cad>
          </ns3:TrackPointExtension>
        </extensions>
      </trkpt>
      <trkpt lat="30.44684040360152721405029296875" lon="120.262565352022647857666015625">
        <ele>9.80000019073486328125</ele>
        <time>2024-12-16T14:02:22.000Z</time>
        <extensions>
          <ns3:TrackPointExtension>
            <ns3:hr>153</ns3:hr>
            <ns3:cad>91</ns3:cad>
          </ns3:TrackPointExtension>
        </extensions>
      </trkpt>
      <trkpt lat="30.44685247354209423065185546875" lon="120.26258907280862331390380859375">
        <ele>9.80000019073486328125</ele>
        <time>2024-12-16T14:02:23.000Z</time>
        <extensions>
          <ns3:TrackPointExtension>
            <ns3:hr>154</ns3:hr>
            <ns3:cad>91</ns3:cad>
          </ns3:TrackPointExtension>
        </extensions>
      </trkpt>
      <trkpt lat="30.44686236418783664703369140625" lon="120.262609608471393585205078125">
        <ele>9.80000019073486328125</ele>
        <time>2024-12-16T14:02:24.000Z</time>
        <extensions>
          <ns3:TrackPointExtension>
            <ns3:hr>154</ns3:hr>
            <ns3:cad>90</ns3:cad>
          </ns3:TrackPointExtension>
        </extensions>
      </trkpt>
      <trkpt lat="30.44687778688967227935791015625" lon="120.2626416273415088653564453125">
        <ele>9.80000019073486328125</ele>
        <time>2024-12-16T14:02:25.000Z</time>
        <extensions>
          <ns3:TrackPointExtension>
            <ns3:hr>154</ns3:hr>
            <ns3:cad>90</ns3:cad>
          </ns3:TrackPointExtension>
        </extensions>
      </trkpt>
      <trkpt lat="30.4468929581344127655029296875" lon="120.262666605412960052490234375">
        <ele>10</ele>
        <time>2024-12-16T14:02:26.000Z</time>
        <extensions>
          <ns3:TrackPointExtension>
            <ns3:hr>154</ns3:hr>
            <ns3:cad>90</ns3:cad>
          </ns3:TrackPointExtension>
        </extensions>
      </trkpt>
      <trkpt lat="30.44690326787531375885009765625" lon="120.2626858837902545928955078125">
        <ele>10</ele>
        <time>2024-12-16T14:02:27.000Z</time>
        <extensions>
          <ns3:TrackPointExtension>
            <ns3:hr>154</ns3:hr>
            <ns3:cad>90</ns3:cad>
          </ns3:TrackPointExtension>
        </extensions>
      </trkpt>
      <trkpt lat="30.44691433198750019073486328125" lon="120.262709520757198333740234375">
        <ele>10</ele>
        <time>2024-12-16T14:02:28.000Z</time>
        <extensions>
          <ns3:TrackPointExtension>
            <ns3:hr>154</ns3:hr>
            <ns3:cad>90</ns3:cad>
          </ns3:TrackPointExtension>
        </extensions>
      </trkpt>
      <trkpt lat="30.44693059287965297698974609375" lon="120.262737013399600982666015625">
        <ele>10</ele>
        <time>2024-12-16T14:02:29.000Z</time>
        <extensions>
          <ns3:TrackPointExtension>
            <ns3:hr>154</ns3:hr>
            <ns3:cad>90</ns3:cad>
          </ns3:TrackPointExtension>
        </extensions>
      </trkpt>
      <trkpt lat="30.44694048352539539337158203125" lon="120.26275989599525928497314453125">
        <ele>9.80000019073486328125</ele>
        <time>2024-12-16T14:02:30.000Z</time>
        <extensions>
          <ns3:TrackPointExtension>
            <ns3:hr>154</ns3:hr>
            <ns3:cad>90</ns3:cad>
          </ns3:TrackPointExtension>
        </extensions>
      </trkpt>
      <trkpt lat="30.446954481303691864013671875" lon="120.26278437115252017974853515625">
        <ele>9.80000019073486328125</ele>
        <time>2024-12-16T14:02:31.000Z</time>
        <extensions>
          <ns3:TrackPointExtension>
            <ns3:hr>154</ns3:hr>
            <ns3:cad>90</ns3:cad>
          </ns3:TrackPointExtension>
        </extensions>
      </trkpt>
      <trkpt lat="30.44696529395878314971923828125" lon="120.2628025598824024200439453125">
        <ele>9.80000019073486328125</ele>
        <time>2024-12-16T14:02:32.000Z</time>
        <extensions>
          <ns3:TrackPointExtension>
            <ns3:hr>154</ns3:hr>
            <ns3:cad>90</ns3:cad>
          </ns3:TrackPointExtension>
        </extensions>
      </trkpt>
      <trkpt lat="30.44697937555611133575439453125" lon="120.2628320641815662384033203125">
        <ele>9.80000019073486328125</ele>
        <time>2024-12-16T14:02:33.000Z</time>
        <extensions>
          <ns3:TrackPointExtension>
            <ns3:hr>154</ns3:hr>
            <ns3:cad>90</ns3:cad>
          </ns3:TrackPointExtension>
        </extensions>
      </trkpt>
      <trkpt lat="30.44699211604893207550048828125" lon="120.2628568746149539947509765625">
        <ele>9.6000003814697265625</ele>
        <time>2024-12-16T14:02:34.000Z</time>
        <extensions>
          <ns3:TrackPointExtension>
            <ns3:hr>154</ns3:hr>
            <ns3:cad>90</ns3:cad>
          </ns3:TrackPointExtension>
        </extensions>
      </trkpt>
      <trkpt lat="30.44700779020786285400390625" lon="120.26288528926670551300048828125">
        <ele>9.6000003814697265625</ele>
        <time>2024-12-16T14:02:35.000Z</time>
        <extensions>
          <ns3:TrackPointExtension>
            <ns3:hr>154</ns3:hr>
            <ns3:cad>89</ns3:cad>
          </ns3:TrackPointExtension>
        </extensions>
      </trkpt>
      <trkpt lat="30.44701642356812953948974609375" lon="120.26290590874850749969482421875">
        <ele>9.6000003814697265625</ele>
        <time>2024-12-16T14:02:36.000Z</time>
        <extensions>
          <ns3:TrackPointExtension>
            <ns3:hr>155</ns3:hr>
            <ns3:cad>89</ns3:cad>
          </ns3:TrackPointExtension>
        </extensions>
      </trkpt>
      <trkpt lat="30.44702597893774509429931640625" lon="120.26293625123798847198486328125">
        <ele>9.6000003814697265625</ele>
        <time>2024-12-16T14:02:37.000Z</time>
        <extensions>
          <ns3:TrackPointExtension>
            <ns3:hr>155</ns3:hr>
            <ns3:cad>89</ns3:cad>
          </ns3:TrackPointExtension>
        </extensions>
      </trkpt>
      <trkpt lat="30.44703469611704349517822265625" lon="120.26296131312847137451171875">
        <ele>9.6000003814697265625</ele>
        <time>2024-12-16T14:02:38.000Z</time>
        <extensions>
          <ns3:TrackPointExtension>
            <ns3:hr>155</ns3:hr>
            <ns3:cad>89</ns3:cad>
          </ns3:TrackPointExtension>
        </extensions>
      </trkpt>
      <trkpt lat="30.44704140163958072662353515625" lon="120.26298335753381252288818359375">
        <ele>9.6000003814697265625</ele>
        <time>2024-12-16T14:02:39.000Z</time>
        <extensions>
          <ns3:TrackPointExtension>
            <ns3:hr>155</ns3:hr>
            <ns3:cad>89</ns3:cad>
          </ns3:TrackPointExtension>
        </extensions>
      </trkpt>
      <trkpt lat="30.44704508967697620391845703125" lon="120.2629997022449970245361328125">
        <ele>9.6000003814697265625</ele>
        <time>2024-12-16T14:02:40.000Z</time>
        <extensions>
          <ns3:TrackPointExtension>
            <ns3:hr>155</ns3:hr>
            <ns3:cad>89</ns3:cad>
          </ns3:TrackPointExtension>
        </extensions>
      </trkpt>
      <trkpt lat="30.4470540583133697509765625" lon="120.26302727870643138885498046875">
        <ele>9.3999996185302734375</ele>
        <time>2024-12-16T14:02:41.000Z</time>
        <extensions>
          <ns3:TrackPointExtension>
            <ns3:hr>155</ns3:hr>
            <ns3:cad>89</ns3:cad>
          </ns3:TrackPointExtension>
        </extensions>
      </trkpt>
      <trkpt lat="30.44706319458782672882080078125" lon="120.2630570344626903533935546875">
        <ele>9.3999996185302734375</ele>
        <time>2024-12-16T14:02:42.000Z</time>
        <extensions>
          <ns3:TrackPointExtension>
            <ns3:hr>155</ns3:hr>
            <ns3:cad>90</ns3:cad>
          </ns3:TrackPointExtension>
        </extensions>
      </trkpt>
      <trkpt lat="30.44707082211971282958984375" lon="120.26308000087738037109375">
        <ele>9.3999996185302734375</ele>
        <time>2024-12-16T14:02:43.000Z</time>
        <extensions>
          <ns3:TrackPointExtension>
            <ns3:hr>155</ns3:hr>
            <ns3:cad>90</ns3:cad>
          </ns3:TrackPointExtension>
        </extensions>
      </trkpt>
      <trkpt lat="30.44708549045026302337646484375" lon="120.26311579160392284393310546875">
        <ele>9.3999996185302734375</ele>
        <time>2024-12-16T14:02:44.000Z</time>
        <extensions>
          <ns3:TrackPointExtension>
            <ns3:hr>156</ns3:hr>
            <ns3:cad>90</ns3:cad>
          </ns3:TrackPointExtension>
        </extensions>
      </trkpt>
      <trkpt lat="30.4470961354672908782958984375" lon="120.26314009912312030792236328125">
        <ele>9.3999996185302734375</ele>
        <time>2024-12-16T14:02:45.000Z</time>
        <extensions>
          <ns3:TrackPointExtension>
            <ns3:hr>156</ns3:hr>
            <ns3:cad>90</ns3:cad>
          </ns3:TrackPointExtension>
        </extensions>
      </trkpt>
      <trkpt lat="30.44710610993206501007080078125" lon="120.263162814080715179443359375">
        <ele>9.19999980926513671875</ele>
        <time>2024-12-16T14:02:46.000Z</time>
        <extensions>
          <ns3:TrackPointExtension>
            <ns3:hr>157</ns3:hr>
            <ns3:cad>90</ns3:cad>
          </ns3:TrackPointExtension>
        </extensions>
      </trkpt>
      <trkpt lat="30.44711616821587085723876953125" lon="120.263184607028961181640625">
        <ele>9.19999980926513671875</ele>
        <time>2024-12-16T14:02:47.000Z</time>
        <extensions>
          <ns3:TrackPointExtension>
            <ns3:hr>157</ns3:hr>
            <ns3:cad>90</ns3:cad>
          </ns3:TrackPointExtension>
        </extensions>
      </trkpt>
      <trkpt lat="30.4471237957477569580078125" lon="120.26320413686335086822509765625">
        <ele>9.19999980926513671875</ele>
        <time>2024-12-16T14:02:48.000Z</time>
        <extensions>
          <ns3:TrackPointExtension>
            <ns3:hr>157</ns3:hr>
            <ns3:cad>91</ns3:cad>
          </ns3:TrackPointExtension>
        </extensions>
      </trkpt>
      <trkpt lat="30.4471370391547679901123046875" lon="120.26323213241994380950927734375">
        <ele>9</ele>
        <time>2024-12-16T14:02:49.000Z</time>
        <extensions>
          <ns3:TrackPointExtension>
            <ns3:hr>157</ns3:hr>
            <ns3:cad>91</ns3:cad>
          </ns3:TrackPointExtension>
        </extensions>
      </trkpt>
      <trkpt lat="30.44714617542922496795654296875" lon="120.263248980045318603515625">
        <ele>9</ele>
        <time>2024-12-16T14:02:50.000Z</time>
        <extensions>
          <ns3:TrackPointExtension>
            <ns3:hr>157</ns3:hr>
            <ns3:cad>90</ns3:cad>
          </ns3:TrackPointExtension>
        </extensions>
      </trkpt>
      <trkpt lat="30.4471601732075214385986328125" lon="120.263276137411594390869140625">
        <ele>9</ele>
        <time>2024-12-16T14:02:51.000Z</time>
        <extensions>
          <ns3:TrackPointExtension>
            <ns3:hr>157</ns3:hr>
            <ns3:cad>90</ns3:cad>
          </ns3:TrackPointExtension>
        </extensions>
      </trkpt>
      <trkpt lat="30.44716914184391498565673828125" lon="120.26329700835049152374267578125">
        <ele>8.80000019073486328125</ele>
        <time>2024-12-16T14:02:52.000Z</time>
        <extensions>
          <ns3:TrackPointExtension>
            <ns3:hr>158</ns3:hr>
            <ns3:cad>90</ns3:cad>
          </ns3:TrackPointExtension>
        </extensions>
      </trkpt>
      <trkpt lat="30.44717567972838878631591796875" lon="120.2633168734610080718994140625">
        <ele>8.80000019073486328125</ele>
        <time>2024-12-16T14:02:53.000Z</time>
        <extensions>
          <ns3:TrackPointExtension>
            <ns3:hr>158</ns3:hr>
            <ns3:cad>90</ns3:cad>
          </ns3:TrackPointExtension>
        </extensions>
      </trkpt>
      <trkpt lat="30.447185151278972625732421875" lon="120.2633306197822093963623046875">
        <ele>8.80000019073486328125</ele>
        <time>2024-12-16T14:02:54.000Z</time>
        <extensions>
          <ns3:TrackPointExtension>
            <ns3:hr>158</ns3:hr>
            <ns3:cad>89</ns3:cad>
          </ns3:TrackPointExtension>
        </extensions>
      </trkpt>
      <trkpt lat="30.44719076715409755706787109375" lon="120.2633413486182689666748046875">
        <ele>8.6000003814697265625</ele>
        <time>2024-12-16T14:02:55.000Z</time>
        <extensions>
          <ns3:TrackPointExtension>
            <ns3:hr>158</ns3:hr>
            <ns3:cad>89</ns3:cad>
          </ns3:TrackPointExtension>
        </extensions>
      </trkpt>
      <trkpt lat="30.4471935331821441650390625" lon="120.26335165835916996002197265625">
        <ele>8.6000003814697265625</ele>
        <time>2024-12-16T14:02:56.000Z</time>
        <extensions>
          <ns3:TrackPointExtension>
            <ns3:hr>158</ns3:hr>
            <ns3:cad>89</ns3:cad>
          </ns3:TrackPointExtension>
        </extensions>
      </trkpt>
      <trkpt lat="30.4471960477530956268310546875" lon="120.26335836388170719146728515625">
        <ele>8.6000003814697265625</ele>
        <time>2024-12-16T14:02:57.000Z</time>
        <extensions>
          <ns3:TrackPointExtension>
            <ns3:hr>157</ns3:hr>
            <ns3:cad>89</ns3:cad>
          </ns3:TrackPointExtension>
        </extensions>
      </trkpt>
      <trkpt lat="30.44720049016177654266357421875" lon="120.26336967945098876953125">
        <ele>8.6000003814697265625</ele>
        <time>2024-12-16T14:02:58.000Z</time>
        <extensions>
          <ns3:TrackPointExtension>
            <ns3:hr>157</ns3:hr>
            <ns3:cad>89</ns3:cad>
          </ns3:TrackPointExtension>
        </extensions>
      </trkpt>
      <trkpt lat="30.44720334000885486602783203125" lon="120.26338300667703151702880859375">
        <ele>8.3999996185302734375</ele>
        <time>2024-12-16T14:02:59.000Z</time>
        <extensions>
          <ns3:TrackPointExtension>
            <ns3:hr>157</ns3:hr>
            <ns3:cad>89</ns3:cad>
          </ns3:TrackPointExtension>
        </extensions>
      </trkpt>
      <trkpt lat="30.447210967540740966796875" lon="120.26339356787502765655517578125">
        <ele>8.3999996185302734375</ele>
        <time>2024-12-16T14:03:00.000Z</time>
        <extensions>
          <ns3:TrackPointExtension>
            <ns3:hr>157</ns3:hr>
            <ns3:cad>89</ns3:cad>
          </ns3:TrackPointExtension>
        </extensions>
      </trkpt>
      <trkpt lat="30.4472154937684535980224609375" lon="120.2634063921868801116943359375">
        <ele>8.3999996185302734375</ele>
        <time>2024-12-16T14:03:01.000Z</time>
        <extensions>
          <ns3:TrackPointExtension>
            <ns3:hr>157</ns3:hr>
            <ns3:cad>0</ns3:cad>
          </ns3:TrackPointExtension>
        </extensions>
      </trkpt>
      <trkpt lat="30.44722102582454681396484375" lon="120.2634157799184322357177734375">
        <ele>8.19999980926513671875</ele>
        <time>2024-12-16T14:03:02.000Z</time>
        <extensions>
          <ns3:TrackPointExtension>
            <ns3:hr>156</ns3:hr>
            <ns3:cad>0</ns3:cad>
          </ns3:TrackPointExtension>
        </extensions>
      </trkpt>
      <trkpt lat="30.44722680933773517608642578125" lon="120.2634278498589992523193359375">
        <ele>8.19999980926513671875</ele>
        <time>2024-12-16T14:03:03.000Z</time>
        <extensions>
          <ns3:TrackPointExtension>
            <ns3:hr>156</ns3:hr>
            <ns3:cad>64</ns3:cad>
          </ns3:TrackPointExtension>
        </extensions>
      </trkpt>
      <trkpt lat="30.447232760488986968994140625" lon="120.26344318874180316925048828125">
        <ele>8.19999980926513671875</ele>
        <time>2024-12-16T14:03:04.000Z</time>
        <extensions>
          <ns3:TrackPointExtension>
            <ns3:hr>155</ns3:hr>
            <ns3:cad>64</ns3:cad>
          </ns3:TrackPointExtension>
        </extensions>
      </trkpt>
      <trkpt lat="30.4472416453063488006591796875" lon="120.26345844380557537078857421875">
        <ele>8</ele>
        <time>2024-12-16T14:03:05.000Z</time>
        <extensions>
          <ns3:TrackPointExtension>
            <ns3:hr>154</ns3:hr>
            <ns3:cad>64</ns3:cad>
          </ns3:TrackPointExtension>
        </extensions>
      </trkpt>
      <trkpt lat="30.44724592007696628570556640625" lon="120.2634664066135883331298828125">
        <ele>8</ele>
        <time>2024-12-16T14:03:06.000Z</time>
        <extensions>
          <ns3:TrackPointExtension>
            <ns3:hr>154</ns3:hr>
            <ns3:cad>64</ns3:cad>
          </ns3:TrackPointExtension>
        </extensions>
      </trkpt>
      <trkpt lat="30.44725044630467891693115234375" lon="120.26348409242928028106689453125">
        <ele>8</ele>
        <time>2024-12-16T14:03:07.000Z</time>
        <extensions>
          <ns3:TrackPointExtension>
            <ns3:hr>153</ns3:hr>
            <ns3:cad>64</ns3:cad>
          </ns3:TrackPointExtension>
        </extensions>
      </trkpt>
      <trkpt lat="30.4472543857991695404052734375" lon="120.26349498890340328216552734375">
        <ele>7.80000019073486328125</ele>
        <time>2024-12-16T14:03:08.000Z</time>
        <extensions>
          <ns3:TrackPointExtension>
            <ns3:hr>152</ns3:hr>
            <ns3:cad>65</ns3:cad>
          </ns3:TrackPointExtension>
        </extensions>
      </trkpt>
      <trkpt lat="30.44726125895977020263671875" lon="120.26350789703428745269775390625">
        <ele>7.80000019073486328125</ele>
        <time>2024-12-16T14:03:09.000Z</time>
        <extensions>
          <ns3:TrackPointExtension>
            <ns3:hr>152</ns3:hr>
            <ns3:cad>65</ns3:cad>
          </ns3:TrackPointExtension>
        </extensions>
      </trkpt>
      <trkpt lat="30.447273664176464080810546875" lon="120.26353119872510433197021484375">
        <ele>7.599999904632568359375</ele>
        <time>2024-12-16T14:03:10.000Z</time>
        <extensions>
          <ns3:TrackPointExtension>
            <ns3:hr>150</ns3:hr>
            <ns3:cad>65</ns3:cad>
          </ns3:TrackPointExtension>
        </extensions>
      </trkpt>
      <trkpt lat="30.44728363864123821258544921875" lon="120.26354444213211536407470703125">
        <ele>7.599999904632568359375</ele>
        <time>2024-12-16T14:03:11.000Z</time>
        <extensions>
          <ns3:TrackPointExtension>
            <ns3:hr>149</ns3:hr>
            <ns3:cad>66</ns3:cad>
          </ns3:TrackPointExtension>
        </extensions>
      </trkpt>
      <trkpt lat="30.44729336164891719818115234375" lon="120.2635569311678409576416015625">
        <ele>7.599999904632568359375</ele>
        <time>2024-12-16T14:03:12.000Z</time>
        <extensions>
          <ns3:TrackPointExtension>
            <ns3:hr>149</ns3:hr>
            <ns3:cad>66</ns3:cad>
          </ns3:TrackPointExtension>
        </extensions>
      </trkpt>
      <trkpt lat="30.44730107299983501434326171875" lon="120.26357277296483516693115234375">
        <ele>7.599999904632568359375</ele>
        <time>2024-12-16T14:03:13.000Z</time>
        <extensions>
          <ns3:TrackPointExtension>
            <ns3:hr>149</ns3:hr>
            <ns3:cad>66</ns3:cad>
          </ns3:TrackPointExtension>
        </extensions>
      </trkpt>
      <trkpt lat="30.4473090358078479766845703125" lon="120.26359037496149539947509765625">
        <ele>7.599999904632568359375</ele>
        <time>2024-12-16T14:03:14.000Z</time>
        <extensions>
          <ns3:TrackPointExtension>
            <ns3:hr>148</ns3:hr>
            <ns3:cad>65</ns3:cad>
          </ns3:TrackPointExtension>
        </extensions>
      </trkpt>
      <trkpt lat="30.4473180882632732391357421875" lon="120.26361283846199512481689453125">
        <ele>7.599999904632568359375</ele>
        <time>2024-12-16T14:03:15.000Z</time>
        <extensions>
          <ns3:TrackPointExtension>
            <ns3:hr>148</ns3:hr>
            <ns3:cad>65</ns3:cad>
          </ns3:TrackPointExtension>
        </extensions>
      </trkpt>
      <trkpt lat="30.44732856564223766326904296875" lon="120.26363630779087543487548828125">
        <ele>7.400000095367431640625</ele>
        <time>2024-12-16T14:03:16.000Z</time>
        <extensions>
          <ns3:TrackPointExtension>
            <ns3:hr>148</ns3:hr>
            <ns3:cad>65</ns3:cad>
          </ns3:TrackPointExtension>
        </extensions>
      </trkpt>
      <trkpt lat="30.44734440743923187255859375" lon="120.26366648264229297637939453125">
        <ele>7.400000095367431640625</ele>
        <time>2024-12-16T14:03:17.000Z</time>
        <extensions>
          <ns3:TrackPointExtension>
            <ns3:hr>148</ns3:hr>
            <ns3:cad>65</ns3:cad>
          </ns3:TrackPointExtension>
        </extensions>
      </trkpt>
      <trkpt lat="30.44735522009432315826416015625" lon="120.2636863477528095245361328125">
        <ele>7.400000095367431640625</ele>
        <time>2024-12-16T14:03:18.000Z</time>
        <extensions>
          <ns3:TrackPointExtension>
            <ns3:hr>148</ns3:hr>
            <ns3:cad>93</ns3:cad>
          </ns3:TrackPointExtension>
        </extensions>
      </trkpt>
      <trkpt lat="30.4473687149584293365478515625" lon="120.26371476240456104278564453125">
        <ele>7.400000095367431640625</ele>
        <time>2024-12-16T14:03:19.000Z</time>
        <extensions>
          <ns3:TrackPointExtension>
            <ns3:hr>147</ns3:hr>
            <ns3:cad>93</ns3:cad>
          </ns3:TrackPointExtension>
        </extensions>
      </trkpt>
      <trkpt lat="30.447380952537059783935546875" lon="120.2637446857988834381103515625">
        <ele>7.19999980926513671875</ele>
        <time>2024-12-16T14:03:20.000Z</time>
        <extensions>
          <ns3:TrackPointExtension>
            <ns3:hr>147</ns3:hr>
            <ns3:cad>92</ns3:cad>
          </ns3:TrackPointExtension>
        </extensions>
      </trkpt>
      <trkpt lat="30.44738908298313617706298828125" lon="120.2637658081948757171630859375">
        <ele>7.19999980926513671875</ele>
        <time>2024-12-16T14:03:21.000Z</time>
        <extensions>
          <ns3:TrackPointExtension>
            <ns3:hr>147</ns3:hr>
            <ns3:cad>91</ns3:cad>
          </ns3:TrackPointExtension>
        </extensions>
      </trkpt>
      <trkpt lat="30.447396375238895416259765625" lon="120.26378734968602657318115234375">
        <ele>7.19999980926513671875</ele>
        <time>2024-12-16T14:03:22.000Z</time>
        <extensions>
          <ns3:TrackPointExtension>
            <ns3:hr>147</ns3:hr>
            <ns3:cad>91</ns3:cad>
          </ns3:TrackPointExtension>
        </extensions>
      </trkpt>
      <trkpt lat="30.44740182347595691680908203125" lon="120.2638083882629871368408203125">
        <ele>7.19999980926513671875</ele>
        <time>2024-12-16T14:03:23.000Z</time>
        <extensions>
          <ns3:TrackPointExtension>
            <ns3:hr>147</ns3:hr>
            <ns3:cad>91</ns3:cad>
          </ns3:TrackPointExtension>
        </extensions>
      </trkpt>
      <trkpt lat="30.447407104074954986572265625" lon="120.26382506825029850006103515625">
        <ele>7.19999980926513671875</ele>
        <time>2024-12-16T14:03:24.000Z</time>
        <extensions>
          <ns3:TrackPointExtension>
            <ns3:hr>147</ns3:hr>
            <ns3:cad>91</ns3:cad>
          </ns3:TrackPointExtension>
        </extensions>
      </trkpt>
      <trkpt lat="30.44741322286427021026611328125" lon="120.26384250260889530181884765625">
        <ele>7.19999980926513671875</ele>
        <time>2024-12-16T14:03:25.000Z</time>
        <extensions>
          <ns3:TrackPointExtension>
            <ns3:hr>146</ns3:hr>
            <ns3:cad>0</ns3:cad>
          </ns3:TrackPointExtension>
        </extensions>
      </trkpt>
      <trkpt lat="30.447421185672283172607421875" lon="120.26386446319520473480224609375">
        <ele>7.19999980926513671875</ele>
        <time>2024-12-16T14:03:26.000Z</time>
        <extensions>
          <ns3:TrackPointExtension>
            <ns3:hr>146</ns3:hr>
            <ns3:cad>0</ns3:cad>
          </ns3:TrackPointExtension>
        </extensions>
      </trkpt>
      <trkpt lat="30.44742881320416927337646484375" lon="120.26388290338218212127685546875">
        <ele>7.19999980926513671875</ele>
        <time>2024-12-16T14:03:27.000Z</time>
        <extensions>
          <ns3:TrackPointExtension>
            <ns3:hr>146</ns3:hr>
            <ns3:cad>65</ns3:cad>
          </ns3:TrackPointExtension>
        </extensions>
      </trkpt>
      <trkpt lat="30.447435937821865081787109375" lon="120.26389664970338344573974609375">
        <ele>7</ele>
        <time>2024-12-16T14:03:28.000Z</time>
        <extensions>
          <ns3:TrackPointExtension>
            <ns3:hr>146</ns3:hr>
            <ns3:cad>65</ns3:cad>
          </ns3:TrackPointExtension>
        </extensions>
      </trkpt>
      <trkpt lat="30.44744691811501979827880859375" lon="120.263919197022914886474609375">
        <ele>7</ele>
        <time>2024-12-16T14:03:29.000Z</time>
        <extensions>
          <ns3:TrackPointExtension>
            <ns3:hr>145</ns3:hr>
            <ns3:cad>64</ns3:cad>
          </ns3:TrackPointExtension>
        </extensions>
      </trkpt>
      <trkpt lat="30.44745580293238162994384765625" lon="120.26393403299152851104736328125">
        <ele>7</ele>
        <time>2024-12-16T14:03:30.000Z</time>
        <extensions>
          <ns3:TrackPointExtension>
            <ns3:hr>144</ns3:hr>
            <ns3:cad>64</ns3:cad>
          </ns3:TrackPointExtension>
        </extensions>
      </trkpt>
      <trkpt lat="30.447465442121028900146484375" lon="120.26395029388368129730224609375">
        <ele>7</ele>
        <time>2024-12-16T14:03:31.000Z</time>
        <extensions>
          <ns3:TrackPointExtension>
            <ns3:hr>144</ns3:hr>
            <ns3:cad>64</ns3:cad>
          </ns3:TrackPointExtension>
        </extensions>
      </trkpt>
      <trkpt lat="30.44746787287294864654541015625" lon="120.26396269910037517547607421875">
        <ele>7</ele>
        <time>2024-12-16T14:03:32.000Z</time>
        <extensions>
          <ns3:TrackPointExtension>
            <ns3:hr>144</ns3:hr>
            <ns3:cad>64</ns3:cad>
          </ns3:TrackPointExtension>
        </extensions>
      </trkpt>
      <trkpt lat="30.44747709296643733978271484375" lon="120.2639766968786716461181640625">
        <ele>7</ele>
        <time>2024-12-16T14:03:33.000Z</time>
        <extensions>
          <ns3:TrackPointExtension>
            <ns3:hr>144</ns3:hr>
            <ns3:cad>64</ns3:cad>
          </ns3:TrackPointExtension>
        </extensions>
      </trkpt>
      <trkpt lat="30.4474840499460697174072265625" lon="120.26399052701890468597412109375">
        <ele>7</ele>
        <time>2024-12-16T14:03:34.000Z</time>
        <extensions>
          <ns3:TrackPointExtension>
            <ns3:hr>143</ns3:hr>
            <ns3:cad>65</ns3:cad>
          </ns3:TrackPointExtension>
        </extensions>
      </trkpt>
      <trkpt lat="30.447490252554416656494140625" lon="120.264002345502376556396484375">
        <ele>7</ele>
        <time>2024-12-16T14:03:35.000Z</time>
        <extensions>
          <ns3:TrackPointExtension>
            <ns3:hr>143</ns3:hr>
            <ns3:cad>65</ns3:cad>
          </ns3:TrackPointExtension>
        </extensions>
      </trkpt>
      <trkpt lat="30.4474947787821292877197265625" lon="120.2640159241855144500732421875">
        <ele>7</ele>
        <time>2024-12-16T14:03:36.000Z</time>
        <extensions>
          <ns3:TrackPointExtension>
            <ns3:hr>143</ns3:hr>
            <ns3:cad>66</ns3:cad>
          </ns3:TrackPointExtension>
        </extensions>
      </trkpt>
      <trkpt lat="30.4475011490285396575927734375" lon="120.264027826488018035888671875">
        <ele>7</ele>
        <time>2024-12-16T14:03:37.000Z</time>
        <extensions>
          <ns3:TrackPointExtension>
            <ns3:hr>143</ns3:hr>
            <ns3:cad>66</ns3:cad>
          </ns3:TrackPointExtension>
        </extensions>
      </trkpt>
      <trkpt lat="30.447509028017520904541015625" lon="120.26404266245663166046142578125">
        <ele>7</ele>
        <time>2024-12-16T14:03:38.000Z</time>
        <extensions>
          <ns3:TrackPointExtension>
            <ns3:hr>143</ns3:hr>
            <ns3:cad>66</ns3:cad>
          </ns3:TrackPointExtension>
        </extensions>
      </trkpt>
      <trkpt lat="30.44751472771167755126953125" lon="120.26405557058751583099365234375">
        <ele>7</ele>
        <time>2024-12-16T14:03:39.000Z</time>
        <extensions>
          <ns3:TrackPointExtension>
            <ns3:hr>143</ns3:hr>
            <ns3:cad>66</ns3:cad>
          </ns3:TrackPointExtension>
        </extensions>
      </trkpt>
      <trkpt lat="30.44751732610166072845458984375" lon="120.26407149620354175567626953125">
        <ele>7</ele>
        <time>2024-12-16T14:03:40.000Z</time>
        <extensions>
          <ns3:TrackPointExtension>
            <ns3:hr>142</ns3:hr>
            <ns3:cad>66</ns3:cad>
          </ns3:TrackPointExtension>
        </extensions>
      </trkpt>
      <trkpt lat="30.44752319343388080596923828125" lon="120.26408557780086994171142578125">
        <ele>7</ele>
        <time>2024-12-16T14:03:41.000Z</time>
        <extensions>
          <ns3:TrackPointExtension>
            <ns3:hr>142</ns3:hr>
            <ns3:cad>66</ns3:cad>
          </ns3:TrackPointExtension>
        </extensions>
      </trkpt>
      <trkpt lat="30.4475309886038303375244140625" lon="120.26410083286464214324951171875">
        <ele>7</ele>
        <time>2024-12-16T14:03:42.000Z</time>
        <extensions>
          <ns3:TrackPointExtension>
            <ns3:hr>142</ns3:hr>
            <ns3:cad>66</ns3:cad>
          </ns3:TrackPointExtension>
        </extensions>
      </trkpt>
      <trkpt lat="30.44753216207027435302734375" lon="120.26411172933876514434814453125">
        <ele>6.80000019073486328125</ele>
        <time>2024-12-16T14:03:43.000Z</time>
        <extensions>
          <ns3:TrackPointExtension>
            <ns3:hr>141</ns3:hr>
            <ns3:cad>66</ns3:cad>
          </ns3:TrackPointExtension>
        </extensions>
      </trkpt>
      <trkpt lat="30.44753911904990673065185546875" lon="120.26412799023091793060302734375">
        <ele>6.80000019073486328125</ele>
        <time>2024-12-16T14:03:44.000Z</time>
        <extensions>
          <ns3:TrackPointExtension>
            <ns3:hr>141</ns3:hr>
            <ns3:cad>62</ns3:cad>
          </ns3:TrackPointExtension>
        </extensions>
      </trkpt>
      <trkpt lat="30.44754649512469768524169921875" lon="120.2641382999718189239501953125">
        <ele>6.80000019073486328125</ele>
        <time>2024-12-16T14:03:45.000Z</time>
        <extensions>
          <ns3:TrackPointExtension>
            <ns3:hr>141</ns3:hr>
            <ns3:cad>62</ns3:cad>
          </ns3:TrackPointExtension>
        </extensions>
      </trkpt>
      <trkpt lat="30.447553284466266632080078125" lon="120.2641550637781620025634765625">
        <ele>6.80000019073486328125</ele>
        <time>2024-12-16T14:03:46.000Z</time>
        <extensions>
          <ns3:TrackPointExtension>
            <ns3:hr>141</ns3:hr>
            <ns3:cad>62</ns3:cad>
          </ns3:TrackPointExtension>
        </extensions>
      </trkpt>
      <trkpt lat="30.4475658573210239410400390625" lon="120.26417744345963001251220703125">
        <ele>6.599999904632568359375</ele>
        <time>2024-12-16T14:03:47.000Z</time>
        <extensions>
          <ns3:TrackPointExtension>
            <ns3:hr>140</ns3:hr>
            <ns3:cad>68</ns3:cad>
          </ns3:TrackPointExtension>
        </extensions>
      </trkpt>
      <trkpt lat="30.44757784344255924224853515625" lon="120.26420108042657375335693359375">
        <ele>6.599999904632568359375</ele>
        <time>2024-12-16T14:03:48.000Z</time>
        <extensions>
          <ns3:TrackPointExtension>
            <ns3:hr>140</ns3:hr>
            <ns3:cad>68</ns3:cad>
          </ns3:TrackPointExtension>
        </extensions>
      </trkpt>
      <trkpt lat="30.44758941046893596649169921875" lon="120.26422404684126377105712890625">
        <ele>6.400000095367431640625</ele>
        <time>2024-12-16T14:03:49.000Z</time>
        <extensions>
          <ns3:TrackPointExtension>
            <ns3:hr>140</ns3:hr>
            <ns3:cad>68</ns3:cad>
          </ns3:TrackPointExtension>
        </extensions>
      </trkpt>
      <trkpt lat="30.4476020671427249908447265625" lon="120.26425640098750591278076171875">
        <ele>6.400000095367431640625</ele>
        <time>2024-12-16T14:03:50.000Z</time>
        <extensions>
          <ns3:TrackPointExtension>
            <ns3:hr>140</ns3:hr>
            <ns3:cad>91</ns3:cad>
          </ns3:TrackPointExtension>
        </extensions>
      </trkpt>
      <trkpt lat="30.44761220924556255340576171875" lon="120.264283306896686553955078125">
        <ele>6.19999980926513671875</ele>
        <time>2024-12-16T14:03:51.000Z</time>
        <extensions>
          <ns3:TrackPointExtension>
            <ns3:hr>140</ns3:hr>
            <ns3:cad>91</ns3:cad>
          </ns3:TrackPointExtension>
        </extensions>
      </trkpt>
      <trkpt lat="30.447621010243892669677734375" lon="120.2643005736172199249267578125">
        <ele>6.19999980926513671875</ele>
        <time>2024-12-16T14:03:52.000Z</time>
        <extensions>
          <ns3:TrackPointExtension>
            <ns3:hr>140</ns3:hr>
            <ns3:cad>90</ns3:cad>
          </ns3:TrackPointExtension>
        </extensions>
      </trkpt>
      <trkpt lat="30.4476332478225231170654296875" lon="120.26433636434376239776611328125">
        <ele>6</ele>
        <time>2024-12-16T14:03:53.000Z</time>
        <extensions>
          <ns3:TrackPointExtension>
            <ns3:hr>141</ns3:hr>
            <ns3:cad>90</ns3:cad>
          </ns3:TrackPointExtension>
        </extensions>
      </trkpt>
      <trkpt lat="30.4476453177630901336669921875" lon="120.2643666230142116546630859375">
        <ele>6</ele>
        <time>2024-12-16T14:03:54.000Z</time>
        <extensions>
          <ns3:TrackPointExtension>
            <ns3:hr>141</ns3:hr>
            <ns3:cad>90</ns3:cad>
          </ns3:TrackPointExtension>
        </extensions>
      </trkpt>
      <trkpt lat="30.447657890617847442626953125" lon="120.26439369656145572662353515625">
        <ele>5.80000019073486328125</ele>
        <time>2024-12-16T14:03:55.000Z</time>
        <extensions>
          <ns3:TrackPointExtension>
            <ns3:hr>142</ns3:hr>
            <ns3:cad>90</ns3:cad>
          </ns3:TrackPointExtension>
        </extensions>
      </trkpt>
      <trkpt lat="30.44767054729163646697998046875" lon="120.26442152447998523712158203125">
        <ele>5.80000019073486328125</ele>
        <time>2024-12-16T14:03:56.000Z</time>
        <extensions>
          <ns3:TrackPointExtension>
            <ns3:hr>142</ns3:hr>
            <ns3:cad>90</ns3:cad>
          </ns3:TrackPointExtension>
        </extensions>
      </trkpt>
      <trkpt lat="30.44768261723220348358154296875" lon="120.26444734074175357818603515625">
        <ele>5.599999904632568359375</ele>
        <time>2024-12-16T14:03:57.000Z</time>
        <extensions>
          <ns3:TrackPointExtension>
            <ns3:hr>142</ns3:hr>
            <ns3:cad>90</ns3:cad>
          </ns3:TrackPointExtension>
        </extensions>
      </trkpt>
      <trkpt lat="30.44770005159080028533935546875" lon="120.26447382755577564239501953125">
        <ele>5.599999904632568359375</ele>
        <time>2024-12-16T14:03:58.000Z</time>
        <extensions>
          <ns3:TrackPointExtension>
            <ns3:hr>141</ns3:hr>
            <ns3:cad>90</ns3:cad>
          </ns3:TrackPointExtension>
        </extensions>
      </trkpt>
      <trkpt lat="30.44771295972168445587158203125" lon="120.26450232602655887603759765625">
        <ele>5.400000095367431640625</ele>
        <time>2024-12-16T14:03:59.000Z</time>
        <extensions>
          <ns3:TrackPointExtension>
            <ns3:hr>141</ns3:hr>
            <ns3:cad>90</ns3:cad>
          </ns3:TrackPointExtension>
        </extensions>
      </trkpt>
      <trkpt lat="30.44773022644221782684326171875" lon="120.26453384198248386383056640625">
        <ele>5.400000095367431640625</ele>
        <time>2024-12-16T14:04:00.000Z</time>
        <extensions>
          <ns3:TrackPointExtension>
            <ns3:hr>141</ns3:hr>
            <ns3:cad>90</ns3:cad>
          </ns3:TrackPointExtension>
        </extensions>
      </trkpt>
      <trkpt lat="30.447742380201816558837890625" lon="120.26456267572939395904541015625">
        <ele>5.19999980926513671875</ele>
        <time>2024-12-16T14:04:01.000Z</time>
        <extensions>
          <ns3:TrackPointExtension>
            <ns3:hr>141</ns3:hr>
            <ns3:cad>91</ns3:cad>
          </ns3:TrackPointExtension>
        </extensions>
      </trkpt>
      <trkpt lat="30.4477512650191783905029296875" lon="120.2645855583250522613525390625">
        <ele>5.19999980926513671875</ele>
        <time>2024-12-16T14:04:02.000Z</time>
        <extensions>
          <ns3:TrackPointExtension>
            <ns3:hr>141</ns3:hr>
            <ns3:cad>91</ns3:cad>
          </ns3:TrackPointExtension>
        </extensions>
      </trkpt>
      <trkpt lat="30.447763502597808837890625" lon="120.26461221277713775634765625">
        <ele>5.19999980926513671875</ele>
        <time>2024-12-16T14:04:03.000Z</time>
        <extensions>
          <ns3:TrackPointExtension>
            <ns3:hr>141</ns3:hr>
            <ns3:cad>91</ns3:cad>
          </ns3:TrackPointExtension>
        </extensions>
      </trkpt>
      <trkpt lat="30.4477774165570735931396484375" lon="120.2646492607891559600830078125">
        <ele>5.19999980926513671875</ele>
        <time>2024-12-16T14:04:04.000Z</time>
        <extensions>
          <ns3:TrackPointExtension>
            <ns3:hr>141</ns3:hr>
            <ns3:cad>91</ns3:cad>
          </ns3:TrackPointExtension>
        </extensions>
      </trkpt>
      <trkpt lat="30.44778428971767425537109375" lon="120.26468329131603240966796875">
        <ele>5</ele>
        <time>2024-12-16T14:04:05.000Z</time>
        <extensions>
          <ns3:TrackPointExtension>
            <ns3:hr>141</ns3:hr>
            <ns3:cad>92</ns3:cad>
          </ns3:TrackPointExtension>
        </extensions>
      </trkpt>
      <trkpt lat="30.4477884806692600250244140625" lon="120.2647179923951625823974609375">
        <ele>5.19999980926513671875</ele>
        <time>2024-12-16T14:04:06.000Z</time>
        <extensions>
          <ns3:TrackPointExtension>
            <ns3:hr>141</ns3:hr>
            <ns3:cad>92</ns3:cad>
          </ns3:TrackPointExtension>
        </extensions>
      </trkpt>
      <trkpt lat="30.447790659964084625244140625" lon="120.26474975980818271636962890625">
        <ele>5.19999980926513671875</ele>
        <time>2024-12-16T14:04:07.000Z</time>
        <extensions>
          <ns3:TrackPointExtension>
            <ns3:hr>142</ns3:hr>
            <ns3:cad>92</ns3:cad>
          </ns3:TrackPointExtension>
        </extensions>
      </trkpt>
      <trkpt lat="30.4477921687066555023193359375" lon="120.2647810243070125579833984375">
        <ele>5.400000095367431640625</ele>
        <time>2024-12-16T14:04:08.000Z</time>
        <extensions>
          <ns3:TrackPointExtension>
            <ns3:hr>142</ns3:hr>
            <ns3:cad>92</ns3:cad>
          </ns3:TrackPointExtension>
        </extensions>
      </trkpt>
      <trkpt lat="30.44779158197343349456787109375" lon="120.264810360968112945556640625">
        <ele>5.400000095367431640625</ele>
        <time>2024-12-16T14:04:09.000Z</time>
        <extensions>
          <ns3:TrackPointExtension>
            <ns3:hr>143</ns3:hr>
            <ns3:cad>91</ns3:cad>
          </ns3:TrackPointExtension>
        </extensions>
      </trkpt>
      <trkpt lat="30.44778822921216487884521484375" lon="120.2648396976292133331298828125">
        <ele>5.599999904632568359375</ele>
        <time>2024-12-16T14:04:10.000Z</time>
        <extensions>
          <ns3:TrackPointExtension>
            <ns3:hr>144</ns3:hr>
            <ns3:cad>91</ns3:cad>
          </ns3:TrackPointExtension>
        </extensions>
      </trkpt>
      <trkpt lat="30.44778219424188137054443359375" lon="120.26486459188163280487060546875">
        <ele>5.599999904632568359375</ele>
        <time>2024-12-16T14:04:11.000Z</time>
        <extensions>
          <ns3:TrackPointExtension>
            <ns3:hr>144</ns3:hr>
            <ns3:cad>91</ns3:cad>
          </ns3:TrackPointExtension>
        </extensions>
      </trkpt>
      <trkpt lat="30.44777481816709041595458984375" lon="120.2648837864398956298828125">
        <ele>5.80000019073486328125</ele>
        <time>2024-12-16T14:04:12.000Z</time>
        <extensions>
          <ns3:TrackPointExtension>
            <ns3:hr>144</ns3:hr>
            <ns3:cad>91</ns3:cad>
          </ns3:TrackPointExtension>
        </extensions>
      </trkpt>
      <trkpt lat="30.44776375405490398406982421875" lon="120.2649101056158542633056640625">
        <ele>5.80000019073486328125</ele>
        <time>2024-12-16T14:04:13.000Z</time>
        <extensions>
          <ns3:TrackPointExtension>
            <ns3:hr>144</ns3:hr>
            <ns3:cad>90</ns3:cad>
          </ns3:TrackPointExtension>
        </extensions>
      </trkpt>
      <trkpt lat="30.44774782843887805938720703125" lon="120.26493835262954235076904296875">
        <ele>6</ele>
        <time>2024-12-16T14:04:14.000Z</time>
        <extensions>
          <ns3:TrackPointExtension>
            <ns3:hr>144</ns3:hr>
            <ns3:cad>89</ns3:cad>
          </ns3:TrackPointExtension>
        </extensions>
      </trkpt>
      <trkpt lat="30.44773609377443790435791015625" lon="120.2649590559303760528564453125">
        <ele>5.80000019073486328125</ele>
        <time>2024-12-16T14:04:15.000Z</time>
        <extensions>
          <ns3:TrackPointExtension>
            <ns3:hr>144</ns3:hr>
            <ns3:cad>88</ns3:cad>
          </ns3:TrackPointExtension>
        </extensions>
      </trkpt>
      <trkpt lat="30.44771329499781131744384765625" lon="120.2649835310876369476318359375">
        <ele>5.80000019073486328125</ele>
        <time>2024-12-16T14:04:16.000Z</time>
        <extensions>
          <ns3:TrackPointExtension>
            <ns3:hr>144</ns3:hr>
            <ns3:cad>88</ns3:cad>
          </ns3:TrackPointExtension>
        </extensions>
      </trkpt>
      <trkpt lat="30.44769552536308765411376953125" lon="120.26499669067561626434326171875">
        <ele>5.80000019073486328125</ele>
        <time>2024-12-16T14:04:17.000Z</time>
        <extensions>
          <ns3:TrackPointExtension>
            <ns3:hr>144</ns3:hr>
            <ns3:cad>88</ns3:cad>
          </ns3:TrackPointExtension>
        </extensions>
      </trkpt>
      <trkpt lat="30.447684712707996368408203125" lon="120.2650063298642635345458984375">
        <ele>5.599999904632568359375</ele>
        <time>2024-12-16T14:04:18.000Z</time>
        <extensions>
          <ns3:TrackPointExtension>
            <ns3:hr>144</ns3:hr>
            <ns3:cad>89</ns3:cad>
          </ns3:TrackPointExtension>
        </extensions>
      </trkpt>
      <trkpt lat="30.44767390005290508270263671875" lon="120.2650200761854648590087890625">
        <ele>5.599999904632568359375</ele>
        <time>2024-12-16T14:04:19.000Z</time>
        <extensions>
          <ns3:TrackPointExtension>
            <ns3:hr>144</ns3:hr>
            <ns3:cad>89</ns3:cad>
          </ns3:TrackPointExtension>
        </extensions>
      </trkpt>
      <trkpt lat="30.447665937244892120361328125" lon="120.26502585969865322113037109375">
        <ele>5.599999904632568359375</ele>
        <time>2024-12-16T14:04:20.000Z</time>
        <extensions>
          <ns3:TrackPointExtension>
            <ns3:hr>143</ns3:hr>
            <ns3:cad>88</ns3:cad>
          </ns3:TrackPointExtension>
        </extensions>
      </trkpt>
      <trkpt lat="30.44766115956008434295654296875" lon="120.2650264464318752288818359375">
        <ele>5.599999904632568359375</ele>
        <time>2024-12-16T14:04:21.000Z</time>
        <extensions>
          <ns3:TrackPointExtension>
            <ns3:hr>144</ns3:hr>
            <ns3:cad>88</ns3:cad>
          </ns3:TrackPointExtension>
        </extensions>
      </trkpt>
      <trkpt lat="30.447653867304325103759765625" lon="120.26503038592636585235595703125">
        <ele>5.599999904632568359375</ele>
        <time>2024-12-16T14:04:22.000Z</time>
        <extensions>
          <ns3:TrackPointExtension>
            <ns3:hr>144</ns3:hr>
            <ns3:cad>88</ns3:cad>
          </ns3:TrackPointExtension>
        </extensions>
      </trkpt>
      <trkpt lat="30.44764305464923381805419921875" lon="120.26503290049731731414794921875">
        <ele>5.599999904632568359375</ele>
        <time>2024-12-16T14:04:23.000Z</time>
        <extensions>
          <ns3:TrackPointExtension>
            <ns3:hr>144</ns3:hr>
            <ns3:cad>0</ns3:cad>
          </ns3:TrackPointExtension>
        </extensions>
      </trkpt>
      <trkpt lat="30.44763140380382537841796875" lon="120.26504010893404483795166015625">
        <ele>5.599999904632568359375</ele>
        <time>2024-12-16T14:04:24.000Z</time>
        <extensions>
          <ns3:TrackPointExtension>
            <ns3:hr>143</ns3:hr>
            <ns3:cad>0</ns3:cad>
          </ns3:TrackPointExtension>
        </extensions>
      </trkpt>
      <trkpt lat="30.44761086814105510711669921875" lon="120.26504547335207462310791015625">
        <ele>5.599999904632568359375</ele>
        <time>2024-12-16T14:04:25.000Z</time>
        <extensions>
          <ns3:TrackPointExtension>
            <ns3:hr>143</ns3:hr>
            <ns3:cad>0</ns3:cad>
          </ns3:TrackPointExtension>
        </extensions>
      </trkpt>
      <trkpt lat="30.44759661890566349029541015625" lon="120.26505335234105587005615234375">
        <ele>5.599999904632568359375</ele>
        <time>2024-12-16T14:04:26.000Z</time>
        <extensions>
          <ns3:TrackPointExtension>
            <ns3:hr>143</ns3:hr>
            <ns3:cad>0</ns3:cad>
          </ns3:TrackPointExtension>
        </extensions>
      </trkpt>
      <trkpt lat="30.44758186675608158111572265625" lon="120.26505905203521251678466796875">
        <ele>5.599999904632568359375</ele>
        <time>2024-12-16T14:04:27.000Z</time>
        <extensions>
          <ns3:TrackPointExtension>
            <ns3:hr>143</ns3:hr>
            <ns3:cad>0</ns3:cad>
          </ns3:TrackPointExtension>
        </extensions>
      </trkpt>
      <trkpt lat="30.447562672197818756103515625" lon="120.26507145725190639495849609375">
        <ele>5.599999904632568359375</ele>
        <time>2024-12-16T14:04:28.000Z</time>
        <extensions>
          <ns3:TrackPointExtension>
            <ns3:hr>143</ns3:hr>
            <ns3:cad>0</ns3:cad>
          </ns3:TrackPointExtension>
        </extensions>
      </trkpt>
      <trkpt lat="30.4475413821637630462646484375" lon="120.2650857903063297271728515625">
        <ele>5.80000019073486328125</ele>
        <time>2024-12-16T14:04:29.000Z</time>
        <extensions>
          <ns3:TrackPointExtension>
            <ns3:hr>142</ns3:hr>
            <ns3:cad>91</ns3:cad>
          </ns3:TrackPointExtension>
        </extensions>
      </trkpt>
      <trkpt lat="30.44751917012035846710205078125" lon="120.26510439813137054443359375">
        <ele>5.80000019073486328125</ele>
        <time>2024-12-16T14:04:30.000Z</time>
        <extensions>
          <ns3:TrackPointExtension>
            <ns3:hr>143</ns3:hr>
            <ns3:cad>91</ns3:cad>
          </ns3:TrackPointExtension>
        </extensions>
      </trkpt>
      <trkpt lat="30.44749972410500049591064453125" lon="120.26511940173804759979248046875">
        <ele>5.80000019073486328125</ele>
        <time>2024-12-16T14:04:31.000Z</time>
        <extensions>
          <ns3:TrackPointExtension>
            <ns3:hr>142</ns3:hr>
            <ns3:cad>89</ns3:cad>
          </ns3:TrackPointExtension>
        </extensions>
      </trkpt>
      <trkpt lat="30.4474739916622638702392578125" lon="120.26513013057410717010498046875">
        <ele>6</ele>
        <time>2024-12-16T14:04:32.000Z</time>
        <extensions>
          <ns3:TrackPointExtension>
            <ns3:hr>142</ns3:hr>
            <ns3:cad>89</ns3:cad>
          </ns3:TrackPointExtension>
        </extensions>
      </trkpt>
      <trkpt lat="30.44745110906660556793212890625" lon="120.26514152996242046356201171875">
        <ele>6</ele>
        <time>2024-12-16T14:04:33.000Z</time>
        <extensions>
          <ns3:TrackPointExtension>
            <ns3:hr>142</ns3:hr>
            <ns3:cad>89</ns3:cad>
          </ns3:TrackPointExtension>
        </extensions>
      </trkpt>
      <trkpt lat="30.44743166305124759674072265625" lon="120.26515066623687744140625">
        <ele>6.19999980926513671875</ele>
        <time>2024-12-16T14:04:34.000Z</time>
        <extensions>
          <ns3:TrackPointExtension>
            <ns3:hr>142</ns3:hr>
            <ns3:cad>89</ns3:cad>
          </ns3:TrackPointExtension>
        </extensions>
      </trkpt>
      <trkpt lat="30.44740752317011356353759765625" lon="120.2651679329574108123779296875">
        <ele>6.400000095367431640625</ele>
        <time>2024-12-16T14:04:35.000Z</time>
        <extensions>
          <ns3:TrackPointExtension>
            <ns3:hr>142</ns3:hr>
            <ns3:cad>89</ns3:cad>
          </ns3:TrackPointExtension>
        </extensions>
      </trkpt>
      <trkpt lat="30.44739067554473876953125" lon="120.2651800028979778289794921875">
        <ele>6.599999904632568359375</ele>
        <time>2024-12-16T14:04:36.000Z</time>
        <extensions>
          <ns3:TrackPointExtension>
            <ns3:hr>143</ns3:hr>
            <ns3:cad>90</ns3:cad>
          </ns3:TrackPointExtension>
        </extensions>
      </trkpt>
      <trkpt lat="30.44736293144524097442626953125" lon="120.26519148610532283782958984375">
        <ele>6.80000019073486328125</ele>
        <time>2024-12-16T14:04:37.000Z</time>
        <extensions>
          <ns3:TrackPointExtension>
            <ns3:hr>143</ns3:hr>
            <ns3:cad>90</ns3:cad>
          </ns3:TrackPointExtension>
        </extensions>
      </trkpt>
      <trkpt lat="30.44733879156410694122314453125" lon="120.265201292932033538818359375">
        <ele>6.80000019073486328125</ele>
        <time>2024-12-16T14:04:38.000Z</time>
        <extensions>
          <ns3:TrackPointExtension>
            <ns3:hr>143</ns3:hr>
            <ns3:cad>90</ns3:cad>
          </ns3:TrackPointExtension>
        </extensions>
      </trkpt>
      <trkpt lat="30.4473190940916538238525390625" lon="120.265210680663585662841796875">
        <ele>7</ele>
        <time>2024-12-16T14:04:39.000Z</time>
        <extensions>
          <ns3:TrackPointExtension>
            <ns3:hr>144</ns3:hr>
            <ns3:cad>90</ns3:cad>
          </ns3:TrackPointExtension>
        </extensions>
      </trkpt>
      <trkpt lat="30.44728548265993595123291015625" lon="120.26522752828896045684814453125">
        <ele>7.19999980926513671875</ele>
        <time>2024-12-16T14:04:40.000Z</time>
        <extensions>
          <ns3:TrackPointExtension>
            <ns3:hr>144</ns3:hr>
            <ns3:cad>90</ns3:cad>
          </ns3:TrackPointExtension>
        </extensions>
      </trkpt>
      <trkpt lat="30.44725899584591388702392578125" lon="120.26523540727794170379638671875">
        <ele>7.400000095367431640625</ele>
        <time>2024-12-16T14:04:41.000Z</time>
        <extensions>
          <ns3:TrackPointExtension>
            <ns3:hr>145</ns3:hr>
            <ns3:cad>90</ns3:cad>
          </ns3:TrackPointExtension>
        </extensions>
      </trkpt>
      <trkpt lat="30.44724156148731708526611328125" lon="120.26524462737143039703369140625">
        <ele>7.599999904632568359375</ele>
        <time>2024-12-16T14:04:42.000Z</time>
        <extensions>
          <ns3:TrackPointExtension>
            <ns3:hr>146</ns3:hr>
            <ns3:cad>89</ns3:cad>
          </ns3:TrackPointExtension>
        </extensions>
      </trkpt>
      <trkpt lat="30.44721524231135845184326171875" lon="120.2652581222355365753173828125">
        <ele>7.599999904632568359375</ele>
        <time>2024-12-16T14:04:43.000Z</time>
        <extensions>
          <ns3:TrackPointExtension>
            <ns3:hr>146</ns3:hr>
            <ns3:cad>89</ns3:cad>
          </ns3:TrackPointExtension>
        </extensions>
      </trkpt>
      <trkpt lat="30.447198562324047088623046875" lon="120.26526826433837413787841796875">
        <ele>7.599999904632568359375</ele>
        <time>2024-12-16T14:04:44.000Z</time>
        <extensions>
          <ns3:TrackPointExtension>
            <ns3:hr>146</ns3:hr>
            <ns3:cad>89</ns3:cad>
          </ns3:TrackPointExtension>
        </extensions>
      </trkpt>
      <trkpt lat="30.447175763547420501708984375" lon="120.26528251357376575469970703125">
        <ele>7.80000019073486328125</ele>
        <time>2024-12-16T14:04:45.000Z</time>
        <extensions>
          <ns3:TrackPointExtension>
            <ns3:hr>146</ns3:hr>
            <ns3:cad>89</ns3:cad>
          </ns3:TrackPointExtension>
        </extensions>
      </trkpt>
      <trkpt lat="30.44715388678014278411865234375" lon="120.26529458351433277130126953125">
        <ele>7.80000019073486328125</ele>
        <time>2024-12-16T14:04:46.000Z</time>
        <extensions>
          <ns3:TrackPointExtension>
            <ns3:hr>146</ns3:hr>
            <ns3:cad>89</ns3:cad>
          </ns3:TrackPointExtension>
        </extensions>
      </trkpt>
      <trkpt lat="30.44712890870869159698486328125" lon="120.26530916802585124969482421875">
        <ele>7.80000019073486328125</ele>
        <time>2024-12-16T14:04:47.000Z</time>
        <extensions>
          <ns3:TrackPointExtension>
            <ns3:hr>146</ns3:hr>
            <ns3:cad>90</ns3:cad>
          </ns3:TrackPointExtension>
        </extensions>
      </trkpt>
      <trkpt lat="30.4471142403781414031982421875" lon="120.2653211541473865509033203125">
        <ele>7.80000019073486328125</ele>
        <time>2024-12-16T14:04:48.000Z</time>
        <extensions>
          <ns3:TrackPointExtension>
            <ns3:hr>146</ns3:hr>
            <ns3:cad>92</ns3:cad>
          </ns3:TrackPointExtension>
        </extensions>
      </trkpt>
      <trkpt lat="30.44709571637213230133056640625" lon="120.26533397845923900604248046875">
        <ele>7.80000019073486328125</ele>
        <time>2024-12-16T14:04:49.000Z</time>
        <extensions>
          <ns3:TrackPointExtension>
            <ns3:hr>147</ns3:hr>
            <ns3:cad>92</ns3:cad>
          </ns3:TrackPointExtension>
        </extensions>
      </trkpt>
      <trkpt lat="30.44707928784191608428955078125" lon="120.2653493173420429229736328125">
        <ele>7.80000019073486328125</ele>
        <time>2024-12-16T14:04:50.000Z</time>
        <extensions>
          <ns3:TrackPointExtension>
            <ns3:hr>147</ns3:hr>
            <ns3:cad>92</ns3:cad>
          </ns3:TrackPointExtension>
        </extensions>
      </trkpt>
      <trkpt lat="30.4470701515674591064453125" lon="120.2653598785400390625">
        <ele>7.80000019073486328125</ele>
        <time>2024-12-16T14:04:51.000Z</time>
        <extensions>
          <ns3:TrackPointExtension>
            <ns3:hr>147</ns3:hr>
            <ns3:cad>45</ns3:cad>
          </ns3:TrackPointExtension>
        </extensions>
      </trkpt>
      <trkpt lat="30.4470582492649555206298828125" lon="120.2653711102902889251708984375">
        <ele>7.80000019073486328125</ele>
        <time>2024-12-16T14:04:52.000Z</time>
        <extensions>
          <ns3:TrackPointExtension>
            <ns3:hr>147</ns3:hr>
            <ns3:cad>45</ns3:cad>
          </ns3:TrackPointExtension>
        </extensions>
      </trkpt>
      <trkpt lat="30.4470498673617839813232421875" lon="120.26537756435573101043701171875">
        <ele>8</ele>
        <time>2024-12-16T14:04:53.000Z</time>
        <extensions>
          <ns3:TrackPointExtension>
            <ns3:hr>147</ns3:hr>
            <ns3:cad>45</ns3:cad>
          </ns3:TrackPointExtension>
        </extensions>
      </trkpt>
      <trkpt lat="30.447039641439914703369140625" lon="120.26538292877376079559326171875">
        <ele>8</ele>
        <time>2024-12-16T14:04:54.000Z</time>
        <extensions>
          <ns3:TrackPointExtension>
            <ns3:hr>147</ns3:hr>
            <ns3:cad>45</ns3:cad>
          </ns3:TrackPointExtension>
        </extensions>
      </trkpt>
      <trkpt lat="30.447030253708362579345703125" lon="120.265391059219837188720703125">
        <ele>8.19999980926513671875</ele>
        <time>2024-12-16T14:04:55.000Z</time>
        <extensions>
          <ns3:TrackPointExtension>
            <ns3:hr>147</ns3:hr>
            <ns3:cad>45</ns3:cad>
          </ns3:TrackPointExtension>
        </extensions>
      </trkpt>
      <trkpt lat="30.44701759703457355499267578125" lon="120.2653965912759304046630859375">
        <ele>8.19999980926513671875</ele>
        <time>2024-12-16T14:04:56.000Z</time>
        <extensions>
          <ns3:TrackPointExtension>
            <ns3:hr>146</ns3:hr>
            <ns3:cad>0</ns3:cad>
          </ns3:TrackPointExtension>
        </extensions>
      </trkpt>
      <trkpt lat="30.44700804166495800018310546875" lon="120.26540405116975307464599609375">
        <ele>8.19999980926513671875</ele>
        <time>2024-12-16T14:04:57.000Z</time>
        <extensions>
          <ns3:TrackPointExtension>
            <ns3:hr>146</ns3:hr>
            <ns3:cad>0</ns3:cad>
          </ns3:TrackPointExtension>
        </extensions>
      </trkpt>
      <trkpt lat="30.44699479825794696807861328125" lon="120.26541327126324176788330078125">
        <ele>8.3999996185302734375</ele>
        <time>2024-12-16T14:04:58.000Z</time>
        <extensions>
          <ns3:TrackPointExtension>
            <ns3:hr>146</ns3:hr>
            <ns3:cad>0</ns3:cad>
          </ns3:TrackPointExtension>
        </extensions>
      </trkpt>
      <trkpt lat="30.44698256067931652069091796875" lon="120.26541561819612979888916015625">
        <ele>8.3999996185302734375</ele>
        <time>2024-12-16T14:04:59.000Z</time>
        <extensions>
          <ns3:TrackPointExtension>
            <ns3:hr>146</ns3:hr>
            <ns3:cad>0</ns3:cad>
          </ns3:TrackPointExtension>
        </extensions>
      </trkpt>
      <trkpt lat="30.44697225093841552734375" lon="120.265418551862239837646484375">
        <ele>8.6000003814697265625</ele>
        <time>2024-12-16T14:05:00.000Z</time>
        <extensions>
          <ns3:TrackPointExtension>
            <ns3:hr>147</ns3:hr>
            <ns3:cad>0</ns3:cad>
          </ns3:TrackPointExtension>
        </extensions>
      </trkpt>
      <trkpt lat="30.4469633661210536956787109375" lon="120.26542852632701396942138671875">
        <ele>8.6000003814697265625</ele>
        <time>2024-12-16T14:05:01.000Z</time>
        <extensions>
          <ns3:TrackPointExtension>
            <ns3:hr>147</ns3:hr>
            <ns3:cad>0</ns3:cad>
          </ns3:TrackPointExtension>
        </extensions>
      </trkpt>
      <trkpt lat="30.446953140199184417724609375" lon="120.26544101536273956298828125">
        <ele>8.6000003814697265625</ele>
        <time>2024-12-16T14:05:02.000Z</time>
        <extensions>
          <ns3:TrackPointExtension>
            <ns3:hr>146</ns3:hr>
            <ns3:cad>0</ns3:cad>
          </ns3:TrackPointExtension>
        </extensions>
      </trkpt>
      <trkpt lat="30.44693746604025363922119140625" lon="120.265451408922672271728515625">
        <ele>8.80000019073486328125</ele>
        <time>2024-12-16T14:05:03.000Z</time>
        <extensions>
          <ns3:TrackPointExtension>
            <ns3:hr>146</ns3:hr>
            <ns3:cad>0</ns3:cad>
          </ns3:TrackPointExtension>
        </extensions>
      </trkpt>
      <trkpt lat="30.44691919349133968353271484375" lon="120.26546071283519268035888671875">
        <ele>8.80000019073486328125</ele>
        <time>2024-12-16T14:05:04.000Z</time>
        <extensions>
          <ns3:TrackPointExtension>
            <ns3:hr>146</ns3:hr>
            <ns3:cad>0</ns3:cad>
          </ns3:TrackPointExtension>
        </extensions>
      </trkpt>
      <trkpt lat="30.44690025039017200469970703125" lon="120.26547194458544254302978515625">
        <ele>9</ele>
        <time>2024-12-16T14:05:05.000Z</time>
        <extensions>
          <ns3:TrackPointExtension>
            <ns3:hr>145</ns3:hr>
            <ns3:cad>0</ns3:cad>
          </ns3:TrackPointExtension>
        </extensions>
      </trkpt>
      <trkpt lat="30.446878708899021148681640625" lon="120.26548770256340503692626953125">
        <ele>8.80000019073486328125</ele>
        <time>2024-12-16T14:05:06.000Z</time>
        <extensions>
          <ns3:TrackPointExtension>
            <ns3:hr>145</ns3:hr>
            <ns3:cad>0</ns3:cad>
          </ns3:TrackPointExtension>
        </extensions>
      </trkpt>
      <trkpt lat="30.44685364700853824615478515625" lon="120.26550329290330410003662109375">
        <ele>8.6000003814697265625</ele>
        <time>2024-12-16T14:05:07.000Z</time>
        <extensions>
          <ns3:TrackPointExtension>
            <ns3:hr>145</ns3:hr>
            <ns3:cad>0</ns3:cad>
          </ns3:TrackPointExtension>
        </extensions>
      </trkpt>
      <trkpt lat="30.446824729442596435546875" lon="120.2655167877674102783203125">
        <ele>8.3999996185302734375</ele>
        <time>2024-12-16T14:05:08.000Z</time>
        <extensions>
          <ns3:TrackPointExtension>
            <ns3:hr>144</ns3:hr>
            <ns3:cad>91</ns3:cad>
          </ns3:TrackPointExtension>
        </extensions>
      </trkpt>
      <trkpt lat="30.4468044452369213104248046875" lon="120.26552684605121612548828125">
        <ele>8.19999980926513671875</ele>
        <time>2024-12-16T14:05:09.000Z</time>
        <extensions>
          <ns3:TrackPointExtension>
            <ns3:hr>143</ns3:hr>
            <ns3:cad>91</ns3:cad>
          </ns3:TrackPointExtension>
        </extensions>
      </trkpt>
      <trkpt lat="30.446776449680328369140625" lon="120.2655474655330181121826171875">
        <ele>8</ele>
        <time>2024-12-16T14:05:10.000Z</time>
        <extensions>
          <ns3:TrackPointExtension>
            <ns3:hr>143</ns3:hr>
            <ns3:cad>91</ns3:cad>
          </ns3:TrackPointExtension>
        </extensions>
      </trkpt>
      <trkpt lat="30.44675641693174839019775390625" lon="120.2655638940632343292236328125">
        <ele>7.80000019073486328125</ele>
        <time>2024-12-16T14:05:11.000Z</time>
        <extensions>
          <ns3:TrackPointExtension>
            <ns3:hr>142</ns3:hr>
            <ns3:cad>92</ns3:cad>
          </ns3:TrackPointExtension>
        </extensions>
      </trkpt>
      <trkpt lat="30.44673152267932891845703125" lon="120.26557940058410167694091796875">
        <ele>7.599999904632568359375</ele>
        <time>2024-12-16T14:05:12.000Z</time>
        <extensions>
          <ns3:TrackPointExtension>
            <ns3:hr>142</ns3:hr>
            <ns3:cad>92</ns3:cad>
          </ns3:TrackPointExtension>
        </extensions>
      </trkpt>
      <trkpt lat="30.44670847244560718536376953125" lon="120.26559256017208099365234375">
        <ele>7.599999904632568359375</ele>
        <time>2024-12-16T14:05:13.000Z</time>
        <extensions>
          <ns3:TrackPointExtension>
            <ns3:hr>141</ns3:hr>
            <ns3:cad>92</ns3:cad>
          </ns3:TrackPointExtension>
        </extensions>
      </trkpt>
      <trkpt lat="30.4466817341744899749755859375" lon="120.2656071446835994720458984375">
        <ele>7.599999904632568359375</ele>
        <time>2024-12-16T14:05:14.000Z</time>
        <extensions>
          <ns3:TrackPointExtension>
            <ns3:hr>141</ns3:hr>
            <ns3:cad>92</ns3:cad>
          </ns3:TrackPointExtension>
        </extensions>
      </trkpt>
      <trkpt lat="30.44665751047432422637939453125" lon="120.26561862789094448089599609375">
        <ele>7.400000095367431640625</ele>
        <time>2024-12-16T14:05:15.000Z</time>
        <extensions>
          <ns3:TrackPointExtension>
            <ns3:hr>141</ns3:hr>
            <ns3:cad>92</ns3:cad>
          </ns3:TrackPointExtension>
        </extensions>
      </trkpt>
      <trkpt lat="30.44663202948868274688720703125" lon="120.2656279318034648895263671875">
        <ele>7.400000095367431640625</ele>
        <time>2024-12-16T14:05:16.000Z</time>
        <extensions>
          <ns3:TrackPointExtension>
            <ns3:hr>141</ns3:hr>
            <ns3:cad>92</ns3:cad>
          </ns3:TrackPointExtension>
        </extensions>
      </trkpt>
      <trkpt lat="30.4466061294078826904296875" lon="120.2656396664679050445556640625">
        <ele>7.400000095367431640625</ele>
        <time>2024-12-16T14:05:17.000Z</time>
        <extensions>
          <ns3:TrackPointExtension>
            <ns3:hr>141</ns3:hr>
            <ns3:cad>92</ns3:cad>
          </ns3:TrackPointExtension>
        </extensions>
      </trkpt>
      <trkpt lat="30.446579642593860626220703125" lon="120.2656520716845989227294921875">
        <ele>7.400000095367431640625</ele>
        <time>2024-12-16T14:05:18.000Z</time>
        <extensions>
          <ns3:TrackPointExtension>
            <ns3:hr>142</ns3:hr>
            <ns3:cad>92</ns3:cad>
          </ns3:TrackPointExtension>
        </extensions>
      </trkpt>
      <trkpt lat="30.4465539939701557159423828125" lon="120.2656641416251659393310546875">
        <ele>7.400000095367431640625</ele>
        <time>2024-12-16T14:05:19.000Z</time>
        <extensions>
          <ns3:TrackPointExtension>
            <ns3:hr>142</ns3:hr>
            <ns3:cad>92</ns3:cad>
          </ns3:TrackPointExtension>
        </extensions>
      </trkpt>
      <trkpt lat="30.446528010070323944091796875" lon="120.26567696593701839447021484375">
        <ele>7.19999980926513671875</ele>
        <time>2024-12-16T14:05:20.000Z</time>
        <extensions>
          <ns3:TrackPointExtension>
            <ns3:hr>143</ns3:hr>
            <ns3:cad>93</ns3:cad>
          </ns3:TrackPointExtension>
        </extensions>
      </trkpt>
      <trkpt lat="30.44650261290371417999267578125" lon="120.26568911969661712646484375">
        <ele>7.19999980926513671875</ele>
        <time>2024-12-16T14:05:21.000Z</time>
        <extensions>
          <ns3:TrackPointExtension>
            <ns3:hr>144</ns3:hr>
            <ns3:cad>93</ns3:cad>
          </ns3:TrackPointExtension>
        </extensions>
      </trkpt>
      <trkpt lat="30.446476042270660400390625" lon="120.2657033689320087432861328125">
        <ele>7.19999980926513671875</ele>
        <time>2024-12-16T14:05:22.000Z</time>
        <extensions>
          <ns3:TrackPointExtension>
            <ns3:hr>145</ns3:hr>
            <ns3:cad>93</ns3:cad>
          </ns3:TrackPointExtension>
        </extensions>
      </trkpt>
      <trkpt lat="30.446449555456638336181640625" lon="120.2657164447009563446044921875">
        <ele>7.19999980926513671875</ele>
        <time>2024-12-16T14:05:23.000Z</time>
        <extensions>
          <ns3:TrackPointExtension>
            <ns3:hr>147</ns3:hr>
            <ns3:cad>93</ns3:cad>
          </ns3:TrackPointExtension>
        </extensions>
      </trkpt>
      <trkpt lat="30.4464249126613140106201171875" lon="120.26573195122182369232177734375">
        <ele>7</ele>
        <time>2024-12-16T14:05:24.000Z</time>
        <extensions>
          <ns3:TrackPointExtension>
            <ns3:hr>148</ns3:hr>
            <ns3:cad>93</ns3:cad>
          </ns3:TrackPointExtension>
        </extensions>
      </trkpt>
      <trkpt lat="30.44640102423727512359619140625" lon="120.26574368588626384735107421875">
        <ele>7</ele>
        <time>2024-12-16T14:05:25.000Z</time>
        <extensions>
          <ns3:TrackPointExtension>
            <ns3:hr>149</ns3:hr>
            <ns3:cad>93</ns3:cad>
          </ns3:TrackPointExtension>
        </extensions>
      </trkpt>
      <trkpt lat="30.4463742859661579132080078125" lon="120.2657613717019557952880859375">
        <ele>7</ele>
        <time>2024-12-16T14:05:26.000Z</time>
        <extensions>
          <ns3:TrackPointExtension>
            <ns3:hr>150</ns3:hr>
            <ns3:cad>93</ns3:cad>
          </ns3:TrackPointExtension>
        </extensions>
      </trkpt>
      <trkpt lat="30.44634888879954814910888671875" lon="120.26577687822282314300537109375">
        <ele>6.80000019073486328125</ele>
        <time>2024-12-16T14:05:27.000Z</time>
        <extensions>
          <ns3:TrackPointExtension>
            <ns3:hr>150</ns3:hr>
            <ns3:cad>92</ns3:cad>
          </ns3:TrackPointExtension>
        </extensions>
      </trkpt>
      <trkpt lat="30.4463244974613189697265625" lon="120.26579297147691249847412109375">
        <ele>6.80000019073486328125</ele>
        <time>2024-12-16T14:05:28.000Z</time>
        <extensions>
          <ns3:TrackPointExtension>
            <ns3:hr>151</ns3:hr>
            <ns3:cad>92</ns3:cad>
          </ns3:TrackPointExtension>
        </extensions>
      </trkpt>
      <trkpt lat="30.44629591517150402069091796875" lon="120.2658066339790821075439453125">
        <ele>6.80000019073486328125</ele>
        <time>2024-12-16T14:05:29.000Z</time>
        <extensions>
          <ns3:TrackPointExtension>
            <ns3:hr>151</ns3:hr>
            <ns3:cad>92</ns3:cad>
          </ns3:TrackPointExtension>
        </extensions>
      </trkpt>
      <trkpt lat="30.44627076946198940277099609375" lon="120.26581979356706142425537109375">
        <ele>6.80000019073486328125</ele>
        <time>2024-12-16T14:05:30.000Z</time>
        <extensions>
          <ns3:TrackPointExtension>
            <ns3:hr>151</ns3:hr>
            <ns3:cad>92</ns3:cad>
          </ns3:TrackPointExtension>
        </extensions>
      </trkpt>
      <trkpt lat="30.4462445341050624847412109375" lon="120.26583689264953136444091796875">
        <ele>6.80000019073486328125</ele>
        <time>2024-12-16T14:05:31.000Z</time>
        <extensions>
          <ns3:TrackPointExtension>
            <ns3:hr>151</ns3:hr>
            <ns3:cad>92</ns3:cad>
          </ns3:TrackPointExtension>
        </extensions>
      </trkpt>
      <trkpt lat="30.446218885481357574462890625" lon="120.26585114188492298126220703125">
        <ele>6.80000019073486328125</ele>
        <time>2024-12-16T14:05:32.000Z</time>
        <extensions>
          <ns3:TrackPointExtension>
            <ns3:hr>151</ns3:hr>
            <ns3:cad>92</ns3:cad>
          </ns3:TrackPointExtension>
        </extensions>
      </trkpt>
      <trkpt lat="30.44619080610573291778564453125" lon="120.2658649720251560211181640625">
        <ele>6.80000019073486328125</ele>
        <time>2024-12-16T14:05:33.000Z</time>
        <extensions>
          <ns3:TrackPointExtension>
            <ns3:hr>151</ns3:hr>
            <ns3:cad>92</ns3:cad>
          </ns3:TrackPointExtension>
        </extensions>
      </trkpt>
      <trkpt lat="30.44616633094847202301025390625" lon="120.26587930507957935333251953125">
        <ele>6.80000019073486328125</ele>
        <time>2024-12-16T14:05:34.000Z</time>
        <extensions>
          <ns3:TrackPointExtension>
            <ns3:hr>151</ns3:hr>
            <ns3:cad>92</ns3:cad>
          </ns3:TrackPointExtension>
        </extensions>
      </trkpt>
      <trkpt lat="30.44614152051508426666259765625" lon="120.26589472778141498565673828125">
        <ele>6.80000019073486328125</ele>
        <time>2024-12-16T14:05:35.000Z</time>
        <extensions>
          <ns3:TrackPointExtension>
            <ns3:hr>151</ns3:hr>
            <ns3:cad>92</ns3:cad>
          </ns3:TrackPointExtension>
        </extensions>
      </trkpt>
      <trkpt lat="30.44611595571041107177734375" lon="120.26590746827423572540283203125">
        <ele>6.80000019073486328125</ele>
        <time>2024-12-16T14:05:36.000Z</time>
        <extensions>
          <ns3:TrackPointExtension>
            <ns3:hr>152</ns3:hr>
            <ns3:cad>92</ns3:cad>
          </ns3:TrackPointExtension>
        </extensions>
      </trkpt>
      <trkpt lat="30.44608871452510356903076171875" lon="120.26592289097607135772705078125">
        <ele>6.80000019073486328125</ele>
        <time>2024-12-16T14:05:37.000Z</time>
        <extensions>
          <ns3:TrackPointExtension>
            <ns3:hr>152</ns3:hr>
            <ns3:cad>92</ns3:cad>
          </ns3:TrackPointExtension>
        </extensions>
      </trkpt>
      <trkpt lat="30.446063317358493804931640625" lon="120.265934877097606658935546875">
        <ele>6.599999904632568359375</ele>
        <time>2024-12-16T14:05:38.000Z</time>
        <extensions>
          <ns3:TrackPointExtension>
            <ns3:hr>152</ns3:hr>
            <ns3:cad>92</ns3:cad>
          </ns3:TrackPointExtension>
        </extensions>
      </trkpt>
      <trkpt lat="30.44603741727769374847412109375" lon="120.2659467794001102447509765625">
        <ele>6.599999904632568359375</ele>
        <time>2024-12-16T14:05:39.000Z</time>
        <extensions>
          <ns3:TrackPointExtension>
            <ns3:hr>151</ns3:hr>
            <ns3:cad>93</ns3:cad>
          </ns3:TrackPointExtension>
        </extensions>
      </trkpt>
      <trkpt lat="30.4460155405104160308837890625" lon="120.2659620344638824462890625">
        <ele>6.400000095367431640625</ele>
        <time>2024-12-16T14:05:40.000Z</time>
        <extensions>
          <ns3:TrackPointExtension>
            <ns3:hr>151</ns3:hr>
            <ns3:cad>93</ns3:cad>
          </ns3:TrackPointExtension>
        </extensions>
      </trkpt>
      <trkpt lat="30.44599257409572601318359375" lon="120.26597770862281322479248046875">
        <ele>6.400000095367431640625</ele>
        <time>2024-12-16T14:05:41.000Z</time>
        <extensions>
          <ns3:TrackPointExtension>
            <ns3:hr>151</ns3:hr>
            <ns3:cad>93</ns3:cad>
          </ns3:TrackPointExtension>
        </extensions>
      </trkpt>
      <trkpt lat="30.44597019441425800323486328125" lon="120.2659893594682216644287109375">
        <ele>6.19999980926513671875</ele>
        <time>2024-12-16T14:05:42.000Z</time>
        <extensions>
          <ns3:TrackPointExtension>
            <ns3:hr>151</ns3:hr>
            <ns3:cad>94</ns3:cad>
          </ns3:TrackPointExtension>
        </extensions>
      </trkpt>
      <trkpt lat="30.44594706036150455474853515625" lon="120.2660027705132961273193359375">
        <ele>6.19999980926513671875</ele>
        <time>2024-12-16T14:05:43.000Z</time>
        <extensions>
          <ns3:TrackPointExtension>
            <ns3:hr>151</ns3:hr>
            <ns3:cad>94</ns3:cad>
          </ns3:TrackPointExtension>
        </extensions>
      </trkpt>
      <trkpt lat="30.445923507213592529296875" lon="120.26601509191095829010009765625">
        <ele>6.19999980926513671875</ele>
        <time>2024-12-16T14:05:44.000Z</time>
        <extensions>
          <ns3:TrackPointExtension>
            <ns3:hr>151</ns3:hr>
            <ns3:cad>94</ns3:cad>
          </ns3:TrackPointExtension>
        </extensions>
      </trkpt>
      <trkpt lat="30.44589869678020477294921875" lon="120.26602481491863727569580078125">
        <ele>6</ele>
        <time>2024-12-16T14:05:45.000Z</time>
        <extensions>
          <ns3:TrackPointExtension>
            <ns3:hr>151</ns3:hr>
            <ns3:cad>94</ns3:cad>
          </ns3:TrackPointExtension>
        </extensions>
      </trkpt>
      <trkpt lat="30.44587723910808563232421875" lon="120.26603302918374538421630859375">
        <ele>6</ele>
        <time>2024-12-16T14:05:46.000Z</time>
        <extensions>
          <ns3:TrackPointExtension>
            <ns3:hr>151</ns3:hr>
            <ns3:cad>93</ns3:cad>
          </ns3:TrackPointExtension>
        </extensions>
      </trkpt>
      <trkpt lat="30.4458549432456493377685546875" lon="120.26604459621012210845947265625">
        <ele>5.80000019073486328125</ele>
        <time>2024-12-16T14:05:47.000Z</time>
        <extensions>
          <ns3:TrackPointExtension>
            <ns3:hr>151</ns3:hr>
            <ns3:cad>93</ns3:cad>
          </ns3:TrackPointExtension>
        </extensions>
      </trkpt>
      <trkpt lat="30.44582837261259555816650390625" lon="120.2660550735890865325927734375">
        <ele>5.80000019073486328125</ele>
        <time>2024-12-16T14:05:48.000Z</time>
        <extensions>
          <ns3:TrackPointExtension>
            <ns3:hr>151</ns3:hr>
            <ns3:cad>92</ns3:cad>
          </ns3:TrackPointExtension>
        </extensions>
      </trkpt>
      <trkpt lat="30.44580305926501750946044921875" lon="120.26606471277773380279541015625">
        <ele>6</ele>
        <time>2024-12-16T14:05:49.000Z</time>
        <extensions>
          <ns3:TrackPointExtension>
            <ns3:hr>151</ns3:hr>
            <ns3:cad>92</ns3:cad>
          </ns3:TrackPointExtension>
        </extensions>
      </trkpt>
      <trkpt lat="30.44577665627002716064453125" lon="120.26607275940477848052978515625">
        <ele>6</ele>
        <time>2024-12-16T14:05:50.000Z</time>
        <extensions>
          <ns3:TrackPointExtension>
            <ns3:hr>151</ns3:hr>
            <ns3:cad>92</ns3:cad>
          </ns3:TrackPointExtension>
        </extensions>
      </trkpt>
      <trkpt lat="30.44575058855116367340087890625" lon="120.2660829015076160430908203125">
        <ele>6.19999980926513671875</ele>
        <time>2024-12-16T14:05:51.000Z</time>
        <extensions>
          <ns3:TrackPointExtension>
            <ns3:hr>151</ns3:hr>
            <ns3:cad>92</ns3:cad>
          </ns3:TrackPointExtension>
        </extensions>
      </trkpt>
      <trkpt lat="30.44572829268872737884521484375" lon="120.2660916186869144439697265625">
        <ele>6.19999980926513671875</ele>
        <time>2024-12-16T14:05:52.000Z</time>
        <extensions>
          <ns3:TrackPointExtension>
            <ns3:hr>151</ns3:hr>
            <ns3:cad>92</ns3:cad>
          </ns3:TrackPointExtension>
        </extensions>
      </trkpt>
      <trkpt lat="30.445705242455005645751953125" lon="120.26610511355102062225341796875">
        <ele>6.400000095367431640625</ele>
        <time>2024-12-16T14:05:53.000Z</time>
        <extensions>
          <ns3:TrackPointExtension>
            <ns3:hr>151</ns3:hr>
            <ns3:cad>92</ns3:cad>
          </ns3:TrackPointExtension>
        </extensions>
      </trkpt>
      <trkpt lat="30.44567515142261981964111328125" lon="120.266121961176395416259765625">
        <ele>6.400000095367431640625</ele>
        <time>2024-12-16T14:05:54.000Z</time>
        <extensions>
          <ns3:TrackPointExtension>
            <ns3:hr>151</ns3:hr>
            <ns3:cad>92</ns3:cad>
          </ns3:TrackPointExtension>
        </extensions>
      </trkpt>
      <trkpt lat="30.44564950279891490936279296875" lon="120.2661318518221378326416015625">
        <ele>6.599999904632568359375</ele>
        <time>2024-12-16T14:05:55.000Z</time>
        <extensions>
          <ns3:TrackPointExtension>
            <ns3:hr>151</ns3:hr>
            <ns3:cad>92</ns3:cad>
          </ns3:TrackPointExtension>
        </extensions>
      </trkpt>
      <trkpt lat="30.4456242732703685760498046875" lon="120.26614383794367313385009765625">
        <ele>6.599999904632568359375</ele>
        <time>2024-12-16T14:05:56.000Z</time>
        <extensions>
          <ns3:TrackPointExtension>
            <ns3:hr>152</ns3:hr>
            <ns3:cad>93</ns3:cad>
          </ns3:TrackPointExtension>
        </extensions>
      </trkpt>
      <trkpt lat="30.44559963047504425048828125" lon="120.2661590091884136199951171875">
        <ele>6.599999904632568359375</ele>
        <time>2024-12-16T14:05:57.000Z</time>
        <extensions>
          <ns3:TrackPointExtension>
            <ns3:hr>152</ns3:hr>
            <ns3:cad>94</ns3:cad>
          </ns3:TrackPointExtension>
        </extensions>
      </trkpt>
      <trkpt lat="30.44557490386068820953369140625" lon="120.26617350988090038299560546875">
        <ele>6.400000095367431640625</ele>
        <time>2024-12-16T14:05:58.000Z</time>
        <extensions>
          <ns3:TrackPointExtension>
            <ns3:hr>153</ns3:hr>
            <ns3:cad>94</ns3:cad>
          </ns3:TrackPointExtension>
        </extensions>
      </trkpt>
      <trkpt lat="30.445551685988903045654296875" lon="120.2661865018308162689208984375">
        <ele>6.400000095367431640625</ele>
        <time>2024-12-16T14:05:59.000Z</time>
        <extensions>
          <ns3:TrackPointExtension>
            <ns3:hr>153</ns3:hr>
            <ns3:cad>93</ns3:cad>
          </ns3:TrackPointExtension>
        </extensions>
      </trkpt>
      <trkpt lat="30.44552880339324474334716796875" lon="120.26619966141879558563232421875">
        <ele>6.400000095367431640625</ele>
        <time>2024-12-16T14:06:00.000Z</time>
        <extensions>
          <ns3:TrackPointExtension>
            <ns3:hr>154</ns3:hr>
            <ns3:cad>93</ns3:cad>
          </ns3:TrackPointExtension>
        </extensions>
      </trkpt>
      <trkpt lat="30.4455029033124446868896484375" lon="120.2662153355777263641357421875">
        <ele>6.19999980926513671875</ele>
        <time>2024-12-16T14:06:01.000Z</time>
        <extensions>
          <ns3:TrackPointExtension>
            <ns3:hr>155</ns3:hr>
            <ns3:cad>92</ns3:cad>
          </ns3:TrackPointExtension>
        </extensions>
      </trkpt>
      <trkpt lat="30.4454797692596912384033203125" lon="120.2662290818989276885986328125">
        <ele>6.19999980926513671875</ele>
        <time>2024-12-16T14:06:02.000Z</time>
        <extensions>
          <ns3:TrackPointExtension>
            <ns3:hr>156</ns3:hr>
            <ns3:cad>91</ns3:cad>
          </ns3:TrackPointExtension>
        </extensions>
      </trkpt>
      <trkpt lat="30.44545613229274749755859375" lon="120.26624257676303386688232421875">
        <ele>6</ele>
        <time>2024-12-16T14:06:03.000Z</time>
        <extensions>
          <ns3:TrackPointExtension>
            <ns3:hr>156</ns3:hr>
            <ns3:cad>91</ns3:cad>
          </ns3:TrackPointExtension>
        </extensions>
      </trkpt>
      <trkpt lat="30.44543241150677204132080078125" lon="120.26625665836036205291748046875">
        <ele>5.80000019073486328125</ele>
        <time>2024-12-16T14:06:04.000Z</time>
        <extensions>
          <ns3:TrackPointExtension>
            <ns3:hr>155</ns3:hr>
            <ns3:cad>91</ns3:cad>
          </ns3:TrackPointExtension>
        </extensions>
      </trkpt>
      <trkpt lat="30.4454076848924160003662109375" lon="120.2662713266909122467041015625">
        <ele>5.80000019073486328125</ele>
        <time>2024-12-16T14:06:05.000Z</time>
        <extensions>
          <ns3:TrackPointExtension>
            <ns3:hr>155</ns3:hr>
            <ns3:cad>91</ns3:cad>
          </ns3:TrackPointExtension>
        </extensions>
      </trkpt>
      <trkpt lat="30.445385389029979705810546875" lon="120.26628733612596988677978515625">
        <ele>5.599999904632568359375</ele>
        <time>2024-12-16T14:06:06.000Z</time>
        <extensions>
          <ns3:TrackPointExtension>
            <ns3:hr>155</ns3:hr>
            <ns3:cad>91</ns3:cad>
          </ns3:TrackPointExtension>
        </extensions>
      </trkpt>
      <trkpt lat="30.44535965658724308013916015625" lon="120.26630066335201263427734375">
        <ele>5.400000095367431640625</ele>
        <time>2024-12-16T14:06:07.000Z</time>
        <extensions>
          <ns3:TrackPointExtension>
            <ns3:hr>156</ns3:hr>
            <ns3:cad>92</ns3:cad>
          </ns3:TrackPointExtension>
        </extensions>
      </trkpt>
      <trkpt lat="30.4453347623348236083984375" lon="120.2663112245500087738037109375">
        <ele>5.400000095367431640625</ele>
        <time>2024-12-16T14:06:08.000Z</time>
        <extensions>
          <ns3:TrackPointExtension>
            <ns3:hr>156</ns3:hr>
            <ns3:cad>92</ns3:cad>
          </ns3:TrackPointExtension>
        </extensions>
      </trkpt>
      <trkpt lat="30.4453111253678798675537109375" lon="120.26632480323314666748046875">
        <ele>5.19999980926513671875</ele>
        <time>2024-12-16T14:06:09.000Z</time>
        <extensions>
          <ns3:TrackPointExtension>
            <ns3:hr>157</ns3:hr>
            <ns3:cad>92</ns3:cad>
          </ns3:TrackPointExtension>
        </extensions>
      </trkpt>
      <trkpt lat="30.44528975151479244232177734375" lon="120.26633461005985736846923828125">
        <ele>5</ele>
        <time>2024-12-16T14:06:10.000Z</time>
        <extensions>
          <ns3:TrackPointExtension>
            <ns3:hr>157</ns3:hr>
            <ns3:cad>92</ns3:cad>
          </ns3:TrackPointExtension>
        </extensions>
      </trkpt>
      <trkpt lat="30.44527717866003513336181640625" lon="120.266340561211109161376953125">
        <ele>5</ele>
        <time>2024-12-16T14:06:11.000Z</time>
        <extensions>
          <ns3:TrackPointExtension>
            <ns3:hr>157</ns3:hr>
            <ns3:cad>92</ns3:cad>
          </ns3:TrackPointExtension>
        </extensions>
      </trkpt>
      <trkpt lat="30.44526292942464351654052734375" lon="120.26634894311428070068359375">
        <ele>5</ele>
        <time>2024-12-16T14:06:12.000Z</time>
        <extensions>
          <ns3:TrackPointExtension>
            <ns3:hr>157</ns3:hr>
            <ns3:cad>93</ns3:cad>
          </ns3:TrackPointExtension>
        </extensions>
      </trkpt>
      <trkpt lat="30.4452564753592014312744140625" lon="120.2663527987897396087646484375">
        <ele>5</ele>
        <time>2024-12-16T14:06:13.000Z</time>
        <extensions>
          <ns3:TrackPointExtension>
            <ns3:hr>157</ns3:hr>
            <ns3:cad>93</ns3:cad>
          </ns3:TrackPointExtension>
        </extensions>
      </trkpt>
      <trkpt lat="30.44524750672280788421630859375" lon="120.2663616836071014404296875">
        <ele>5</ele>
        <time>2024-12-16T14:06:14.000Z</time>
        <extensions>
          <ns3:TrackPointExtension>
            <ns3:hr>158</ns3:hr>
            <ns3:cad>93</ns3:cad>
          </ns3:TrackPointExtension>
        </extensions>
      </trkpt>
      <trkpt lat="30.44523711316287517547607421875" lon="120.26636914350092411041259765625">
        <ele>5</ele>
        <time>2024-12-16T14:06:15.000Z</time>
        <extensions>
          <ns3:TrackPointExtension>
            <ns3:hr>158</ns3:hr>
            <ns3:cad>93</ns3:cad>
          </ns3:TrackPointExtension>
        </extensions>
      </trkpt>
      <trkpt lat="30.44522319920361042022705078125" lon="120.2663791179656982421875">
        <ele>5</ele>
        <time>2024-12-16T14:06:16.000Z</time>
        <extensions>
          <ns3:TrackPointExtension>
            <ns3:hr>158</ns3:hr>
            <ns3:cad>93</ns3:cad>
          </ns3:TrackPointExtension>
        </extensions>
      </trkpt>
      <trkpt lat="30.445205681025981903076171875" lon="120.2663900144398212432861328125">
        <ele>5.19999980926513671875</ele>
        <time>2024-12-16T14:06:17.000Z</time>
        <extensions>
          <ns3:TrackPointExtension>
            <ns3:hr>157</ns3:hr>
            <ns3:cad>93</ns3:cad>
          </ns3:TrackPointExtension>
        </extensions>
      </trkpt>
      <trkpt lat="30.4451921023428440093994140625" lon="120.26640300638973712921142578125">
        <ele>5.19999980926513671875</ele>
        <time>2024-12-16T14:06:18.000Z</time>
        <extensions>
          <ns3:TrackPointExtension>
            <ns3:hr>157</ns3:hr>
            <ns3:cad>0</ns3:cad>
          </ns3:TrackPointExtension>
        </extensions>
      </trkpt>
      <trkpt lat="30.44517911039292812347412109375" lon="120.26641289703547954559326171875">
        <ele>5.19999980926513671875</ele>
        <time>2024-12-16T14:06:19.000Z</time>
        <extensions>
          <ns3:TrackPointExtension>
            <ns3:hr>157</ns3:hr>
            <ns3:cad>0</ns3:cad>
          </ns3:TrackPointExtension>
        </extensions>
      </trkpt>
      <trkpt lat="30.44516804628074169158935546875" lon="120.26642404496669769287109375">
        <ele>5.19999980926513671875</ele>
        <time>2024-12-16T14:06:20.000Z</time>
        <extensions>
          <ns3:TrackPointExtension>
            <ns3:hr>157</ns3:hr>
            <ns3:cad>0</ns3:cad>
          </ns3:TrackPointExtension>
        </extensions>
      </trkpt>
      <trkpt lat="30.44515513814985752105712890625" lon="120.26643049903213977813720703125">
        <ele>5.19999980926513671875</ele>
        <time>2024-12-16T14:06:21.000Z</time>
        <extensions>
          <ns3:TrackPointExtension>
            <ns3:hr>156</ns3:hr>
            <ns3:cad>0</ns3:cad>
          </ns3:TrackPointExtension>
        </extensions>
      </trkpt>
      <trkpt lat="30.4451438225805759429931640625" lon="120.2664421498775482177734375">
        <ele>5.400000095367431640625</ele>
        <time>2024-12-16T14:06:22.000Z</time>
        <extensions>
          <ns3:TrackPointExtension>
            <ns3:hr>156</ns3:hr>
            <ns3:cad>0</ns3:cad>
          </ns3:TrackPointExtension>
        </extensions>
      </trkpt>
      <trkpt lat="30.445135943591594696044921875" lon="120.2664513699710369110107421875">
        <ele>5.400000095367431640625</ele>
        <time>2024-12-16T14:06:23.000Z</time>
        <extensions>
          <ns3:TrackPointExtension>
            <ns3:hr>156</ns3:hr>
            <ns3:cad>0</ns3:cad>
          </ns3:TrackPointExtension>
        </extensions>
      </trkpt>
      <trkpt lat="30.44511926360428333282470703125" lon="120.26645958423614501953125">
        <ele>5.400000095367431640625</ele>
        <time>2024-12-16T14:06:24.000Z</time>
        <extensions>
          <ns3:TrackPointExtension>
            <ns3:hr>156</ns3:hr>
            <ns3:cad>0</ns3:cad>
          </ns3:TrackPointExtension>
        </extensions>
      </trkpt>
      <trkpt lat="30.44510048814117908477783203125" lon="120.26646830141544342041015625">
        <ele>5.400000095367431640625</ele>
        <time>2024-12-16T14:06:25.000Z</time>
        <extensions>
          <ns3:TrackPointExtension>
            <ns3:hr>156</ns3:hr>
            <ns3:cad>0</ns3:cad>
          </ns3:TrackPointExtension>
        </extensions>
      </trkpt>
      <trkpt lat="30.44508020393550395965576171875" lon="120.26647928170859813690185546875">
        <ele>5.400000095367431640625</ele>
        <time>2024-12-16T14:06:26.000Z</time>
        <extensions>
          <ns3:TrackPointExtension>
            <ns3:hr>155</ns3:hr>
            <ns3:cad>0</ns3:cad>
          </ns3:TrackPointExtension>
        </extensions>
      </trkpt>
      <trkpt lat="30.445059500634670257568359375" lon="120.26649512350559234619140625">
        <ele>5.400000095367431640625</ele>
        <time>2024-12-16T14:06:27.000Z</time>
        <extensions>
          <ns3:TrackPointExtension>
            <ns3:hr>154</ns3:hr>
            <ns3:cad>0</ns3:cad>
          </ns3:TrackPointExtension>
        </extensions>
      </trkpt>
      <trkpt lat="30.44503812678158283233642578125" lon="120.26650660671293735504150390625">
        <ele>5.19999980926513671875</ele>
        <time>2024-12-16T14:06:28.000Z</time>
        <extensions>
          <ns3:TrackPointExtension>
            <ns3:hr>154</ns3:hr>
            <ns3:cad>0</ns3:cad>
          </ns3:TrackPointExtension>
        </extensions>
      </trkpt>
      <trkpt lat="30.44501834549009799957275390625" lon="120.26652001775801181793212890625">
        <ele>5.19999980926513671875</ele>
        <time>2024-12-16T14:06:29.000Z</time>
        <extensions>
          <ns3:TrackPointExtension>
            <ns3:hr>153</ns3:hr>
            <ns3:cad>88</ns3:cad>
          </ns3:TrackPointExtension>
        </extensions>
      </trkpt>
      <trkpt lat="30.445000492036342620849609375" lon="120.26653208769857883453369140625">
        <ele>5.19999980926513671875</ele>
        <time>2024-12-16T14:06:30.000Z</time>
        <extensions>
          <ns3:TrackPointExtension>
            <ns3:hr>153</ns3:hr>
            <ns3:cad>88</ns3:cad>
          </ns3:TrackPointExtension>
        </extensions>
      </trkpt>
      <trkpt lat="30.4449781961739063262939453125" lon="120.26654214598238468170166015625">
        <ele>5.19999980926513671875</ele>
        <time>2024-12-16T14:06:31.000Z</time>
        <extensions>
          <ns3:TrackPointExtension>
            <ns3:hr>153</ns3:hr>
            <ns3:cad>88</ns3:cad>
          </ns3:TrackPointExtension>
        </extensions>
      </trkpt>
      <trkpt lat="30.44495397247374057769775390625" lon="120.26654818095266819000244140625">
        <ele>5.19999980926513671875</ele>
        <time>2024-12-16T14:06:32.000Z</time>
        <extensions>
          <ns3:TrackPointExtension>
            <ns3:hr>153</ns3:hr>
            <ns3:cad>88</ns3:cad>
          </ns3:TrackPointExtension>
        </extensions>
      </trkpt>
      <trkpt lat="30.444936454296112060546875" lon="120.26655605994164943695068359375">
        <ele>5.19999980926513671875</ele>
        <time>2024-12-16T14:06:33.000Z</time>
        <extensions>
          <ns3:TrackPointExtension>
            <ns3:hr>153</ns3:hr>
            <ns3:cad>88</ns3:cad>
          </ns3:TrackPointExtension>
        </extensions>
      </trkpt>
      <trkpt lat="30.444912649691104888916015625" lon="120.26657030917704105377197265625">
        <ele>5.19999980926513671875</ele>
        <time>2024-12-16T14:06:34.000Z</time>
        <extensions>
          <ns3:TrackPointExtension>
            <ns3:hr>153</ns3:hr>
            <ns3:cad>88</ns3:cad>
          </ns3:TrackPointExtension>
        </extensions>
      </trkpt>
      <trkpt lat="30.4448903538286685943603515625" lon="120.26658657006919384002685546875">
        <ele>5.19999980926513671875</ele>
        <time>2024-12-16T14:06:35.000Z</time>
        <extensions>
          <ns3:TrackPointExtension>
            <ns3:hr>153</ns3:hr>
            <ns3:cad>88</ns3:cad>
          </ns3:TrackPointExtension>
        </extensions>
      </trkpt>
      <trkpt lat="30.4448685608804225921630859375" lon="120.2666082791984081268310546875">
        <ele>5.19999980926513671875</ele>
        <time>2024-12-16T14:06:36.000Z</time>
        <extensions>
          <ns3:TrackPointExtension>
            <ns3:hr>153</ns3:hr>
            <ns3:cad>87</ns3:cad>
          </ns3:TrackPointExtension>
        </extensions>
      </trkpt>
      <trkpt lat="30.44483914040029048919677734375" lon="120.26663049124181270599365234375">
        <ele>5.19999980926513671875</ele>
        <time>2024-12-16T14:06:37.000Z</time>
        <extensions>
          <ns3:TrackPointExtension>
            <ns3:hr>152</ns3:hr>
            <ns3:cad>88</ns3:cad>
          </ns3:TrackPointExtension>
        </extensions>
      </trkpt>
      <trkpt lat="30.4448149167001247406005859375" lon="120.2666448242962360382080078125">
        <ele>5.400000095367431640625</ele>
        <time>2024-12-16T14:06:38.000Z</time>
        <extensions>
          <ns3:TrackPointExtension>
            <ns3:hr>152</ns3:hr>
            <ns3:cad>88</ns3:cad>
          </ns3:TrackPointExtension>
        </extensions>
      </trkpt>
      <trkpt lat="30.44478826224803924560546875" lon="120.26665932498872280120849609375">
        <ele>5.400000095367431640625</ele>
        <time>2024-12-16T14:06:39.000Z</time>
        <extensions>
          <ns3:TrackPointExtension>
            <ns3:hr>152</ns3:hr>
            <ns3:cad>90</ns3:cad>
          </ns3:TrackPointExtension>
        </extensions>
      </trkpt>
      <trkpt lat="30.4447659663856029510498046875" lon="120.2666749991476535797119140625">
        <ele>5.400000095367431640625</ele>
        <time>2024-12-16T14:06:40.000Z</time>
        <extensions>
          <ns3:TrackPointExtension>
            <ns3:hr>152</ns3:hr>
            <ns3:cad>90</ns3:cad>
          </ns3:TrackPointExtension>
        </extensions>
      </trkpt>
      <trkpt lat="30.44474107213318347930908203125" lon="120.2666853927075862884521484375">
        <ele>5.19999980926513671875</ele>
        <time>2024-12-16T14:06:41.000Z</time>
        <extensions>
          <ns3:TrackPointExtension>
            <ns3:hr>152</ns3:hr>
            <ns3:cad>91</ns3:cad>
          </ns3:TrackPointExtension>
        </extensions>
      </trkpt>
      <trkpt lat="30.44472229667007923126220703125" lon="120.2666931040585041046142578125">
        <ele>5.19999980926513671875</ele>
        <time>2024-12-16T14:06:42.000Z</time>
        <extensions>
          <ns3:TrackPointExtension>
            <ns3:hr>152</ns3:hr>
            <ns3:cad>91</ns3:cad>
          </ns3:TrackPointExtension>
        </extensions>
      </trkpt>
      <trkpt lat="30.44469145126640796661376953125" lon="120.266711711883544921875">
        <ele>5</ele>
        <time>2024-12-16T14:06:43.000Z</time>
        <extensions>
          <ns3:TrackPointExtension>
            <ns3:hr>152</ns3:hr>
            <ns3:cad>91</ns3:cad>
          </ns3:TrackPointExtension>
        </extensions>
      </trkpt>
      <trkpt lat="30.4446684010326862335205078125" lon="120.26672302745282649993896484375">
        <ele>5</ele>
        <time>2024-12-16T14:06:44.000Z</time>
        <extensions>
          <ns3:TrackPointExtension>
            <ns3:hr>152</ns3:hr>
            <ns3:cad>91</ns3:cad>
          </ns3:TrackPointExtension>
        </extensions>
      </trkpt>
      <trkpt lat="30.4446476139128208160400390625" lon="120.266741216182708740234375">
        <ele>4.80000019073486328125</ele>
        <time>2024-12-16T14:06:45.000Z</time>
        <extensions>
          <ns3:TrackPointExtension>
            <ns3:hr>152</ns3:hr>
            <ns3:cad>91</ns3:cad>
          </ns3:TrackPointExtension>
        </extensions>
      </trkpt>
      <trkpt lat="30.44462825171649456024169921875" lon="120.2667568065226078033447265625">
        <ele>4.599999904632568359375</ele>
        <time>2024-12-16T14:06:46.000Z</time>
        <extensions>
          <ns3:TrackPointExtension>
            <ns3:hr>153</ns3:hr>
            <ns3:cad>91</ns3:cad>
          </ns3:TrackPointExtension>
        </extensions>
      </trkpt>
      <trkpt lat="30.44460578821599483489990234375" lon="120.26677181012928485870361328125">
        <ele>4.400000095367431640625</ele>
        <time>2024-12-16T14:06:47.000Z</time>
        <extensions>
          <ns3:TrackPointExtension>
            <ns3:hr>153</ns3:hr>
            <ns3:cad>91</ns3:cad>
          </ns3:TrackPointExtension>
        </extensions>
      </trkpt>
      <trkpt lat="30.444585420191287994384765625" lon="120.2667856402695178985595703125">
        <ele>4.400000095367431640625</ele>
        <time>2024-12-16T14:06:48.000Z</time>
        <extensions>
          <ns3:TrackPointExtension>
            <ns3:hr>154</ns3:hr>
            <ns3:cad>91</ns3:cad>
          </ns3:TrackPointExtension>
        </extensions>
      </trkpt>
      <trkpt lat="30.4445611126720905303955078125" lon="120.2667956985533237457275390625">
        <ele>4.400000095367431640625</ele>
        <time>2024-12-16T14:06:49.000Z</time>
        <extensions>
          <ns3:TrackPointExtension>
            <ns3:hr>154</ns3:hr>
            <ns3:cad>91</ns3:cad>
          </ns3:TrackPointExtension>
        </extensions>
      </trkpt>
      <trkpt lat="30.44453672133386135101318359375" lon="120.26680986396968364715576171875">
        <ele>4.599999904632568359375</ele>
        <time>2024-12-16T14:06:50.000Z</time>
        <extensions>
          <ns3:TrackPointExtension>
            <ns3:hr>154</ns3:hr>
            <ns3:cad>91</ns3:cad>
          </ns3:TrackPointExtension>
        </extensions>
      </trkpt>
      <trkpt lat="30.444510318338871002197265625" lon="120.26682377792894840240478515625">
        <ele>4.599999904632568359375</ele>
        <time>2024-12-16T14:06:51.000Z</time>
        <extensions>
          <ns3:TrackPointExtension>
            <ns3:hr>155</ns3:hr>
            <ns3:cad>91</ns3:cad>
          </ns3:TrackPointExtension>
        </extensions>
      </trkpt>
      <trkpt lat="30.44448626227676868438720703125" lon="120.26683853007853031158447265625">
        <ele>4.80000019073486328125</ele>
        <time>2024-12-16T14:06:52.000Z</time>
        <extensions>
          <ns3:TrackPointExtension>
            <ns3:hr>155</ns3:hr>
            <ns3:cad>92</ns3:cad>
          </ns3:TrackPointExtension>
        </extensions>
      </trkpt>
      <trkpt lat="30.44446664862334728240966796875" lon="120.26684741489589214324951171875">
        <ele>4.80000019073486328125</ele>
        <time>2024-12-16T14:06:53.000Z</time>
        <extensions>
          <ns3:TrackPointExtension>
            <ns3:hr>156</ns3:hr>
            <ns3:cad>92</ns3:cad>
          </ns3:TrackPointExtension>
        </extensions>
      </trkpt>
      <trkpt lat="30.44443798251450061798095703125" lon="120.2668620832264423370361328125">
        <ele>4.80000019073486328125</ele>
        <time>2024-12-16T14:06:54.000Z</time>
        <extensions>
          <ns3:TrackPointExtension>
            <ns3:hr>156</ns3:hr>
            <ns3:cad>92</ns3:cad>
          </ns3:TrackPointExtension>
        </extensions>
      </trkpt>
      <trkpt lat="30.44441216625273227691650390625" lon="120.26687423698604106903076171875">
        <ele>5</ele>
        <time>2024-12-16T14:06:55.000Z</time>
        <extensions>
          <ns3:TrackPointExtension>
            <ns3:hr>157</ns3:hr>
            <ns3:cad>92</ns3:cad>
          </ns3:TrackPointExtension>
        </extensions>
      </trkpt>
      <trkpt lat="30.4443877749145030975341796875" lon="120.2668858878314495086669921875">
        <ele>4.80000019073486328125</ele>
        <time>2024-12-16T14:06:56.000Z</time>
        <extensions>
          <ns3:TrackPointExtension>
            <ns3:hr>157</ns3:hr>
            <ns3:cad>92</ns3:cad>
          </ns3:TrackPointExtension>
        </extensions>
      </trkpt>
      <trkpt lat="30.444365479052066802978515625" lon="120.26690038852393627166748046875">
        <ele>4.80000019073486328125</ele>
        <time>2024-12-16T14:06:57.000Z</time>
        <extensions>
          <ns3:TrackPointExtension>
            <ns3:hr>158</ns3:hr>
            <ns3:cad>92</ns3:cad>
          </ns3:TrackPointExtension>
        </extensions>
      </trkpt>
      <trkpt lat="30.4443435184657573699951171875" lon="120.26691698469221591949462890625">
        <ele>4.599999904632568359375</ele>
        <time>2024-12-16T14:06:58.000Z</time>
        <extensions>
          <ns3:TrackPointExtension>
            <ns3:hr>158</ns3:hr>
            <ns3:cad>92</ns3:cad>
          </ns3:TrackPointExtension>
        </extensions>
      </trkpt>
      <trkpt lat="30.4443235695362091064453125" lon="120.266928970813751220703125">
        <ele>4.400000095367431640625</ele>
        <time>2024-12-16T14:06:59.000Z</time>
        <extensions>
          <ns3:TrackPointExtension>
            <ns3:hr>159</ns3:hr>
            <ns3:cad>92</ns3:cad>
          </ns3:TrackPointExtension>
        </extensions>
      </trkpt>
      <trkpt lat="30.44430051930248737335205078125" lon="120.266940705478191375732421875">
        <ele>4.400000095367431640625</ele>
        <time>2024-12-16T14:07:00.000Z</time>
        <extensions>
          <ns3:TrackPointExtension>
            <ns3:hr>160</ns3:hr>
            <ns3:cad>92</ns3:cad>
          </ns3:TrackPointExtension>
        </extensions>
      </trkpt>
      <trkpt lat="30.4442771337926387786865234375" lon="120.26695034466683864593505859375">
        <ele>4.19999980926513671875</ele>
        <time>2024-12-16T14:07:01.000Z</time>
        <extensions>
          <ns3:TrackPointExtension>
            <ns3:hr>160</ns3:hr>
            <ns3:cad>92</ns3:cad>
          </ns3:TrackPointExtension>
        </extensions>
      </trkpt>
      <trkpt lat="30.44425324536859989166259765625" lon="120.2669636718928813934326171875">
        <ele>4</ele>
        <time>2024-12-16T14:07:02.000Z</time>
        <extensions>
          <ns3:TrackPointExtension>
            <ns3:hr>160</ns3:hr>
            <ns3:cad>92</ns3:cad>
          </ns3:TrackPointExtension>
        </extensions>
      </trkpt>
      <trkpt lat="30.4442310333251953125" lon="120.26697934605181217193603515625">
        <ele>4</ele>
        <time>2024-12-16T14:07:03.000Z</time>
        <extensions>
          <ns3:TrackPointExtension>
            <ns3:hr>160</ns3:hr>
            <ns3:cad>93</ns3:cad>
          </ns3:TrackPointExtension>
        </extensions>
      </trkpt>
      <trkpt lat="30.4442073963582515716552734375" lon="120.26699225418269634246826171875">
        <ele>4</ele>
        <time>2024-12-16T14:07:04.000Z</time>
        <extensions>
          <ns3:TrackPointExtension>
            <ns3:hr>160</ns3:hr>
            <ns3:cad>93</ns3:cad>
          </ns3:TrackPointExtension>
        </extensions>
      </trkpt>
      <trkpt lat="30.444183088839054107666015625" lon="120.26700264774262905120849609375">
        <ele>4</ele>
        <time>2024-12-16T14:07:05.000Z</time>
        <extensions>
          <ns3:TrackPointExtension>
            <ns3:hr>161</ns3:hr>
            <ns3:cad>93</ns3:cad>
          </ns3:TrackPointExtension>
        </extensions>
      </trkpt>
      <trkpt lat="30.44415660202503204345703125" lon="120.26701387949287891387939453125">
        <ele>4</ele>
        <time>2024-12-16T14:07:06.000Z</time>
        <extensions>
          <ns3:TrackPointExtension>
            <ns3:hr>161</ns3:hr>
            <ns3:cad>93</ns3:cad>
          </ns3:TrackPointExtension>
        </extensions>
      </trkpt>
      <trkpt lat="30.44413036666810512542724609375" lon="120.26702821254730224609375">
        <ele>4</ele>
        <time>2024-12-16T14:07:07.000Z</time>
        <extensions>
          <ns3:TrackPointExtension>
            <ns3:hr>161</ns3:hr>
            <ns3:cad>93</ns3:cad>
          </ns3:TrackPointExtension>
        </extensions>
      </trkpt>
      <trkpt lat="30.444107986986637115478515625" lon="120.26704631745815277099609375">
        <ele>4</ele>
        <time>2024-12-16T14:07:08.000Z</time>
        <extensions>
          <ns3:TrackPointExtension>
            <ns3:hr>161</ns3:hr>
            <ns3:cad>93</ns3:cad>
          </ns3:TrackPointExtension>
        </extensions>
      </trkpt>
      <trkpt lat="30.444085188210010528564453125" lon="120.26706417091190814971923828125">
        <ele>4</ele>
        <time>2024-12-16T14:07:09.000Z</time>
        <extensions>
          <ns3:TrackPointExtension>
            <ns3:hr>161</ns3:hr>
            <ns3:cad>92</ns3:cad>
          </ns3:TrackPointExtension>
        </extensions>
      </trkpt>
      <trkpt lat="30.44406004250049591064453125" lon="120.267078168690204620361328125">
        <ele>4</ele>
        <time>2024-12-16T14:07:10.000Z</time>
        <extensions>
          <ns3:TrackPointExtension>
            <ns3:hr>162</ns3:hr>
            <ns3:cad>92</ns3:cad>
          </ns3:TrackPointExtension>
        </extensions>
      </trkpt>
      <trkpt lat="30.4440333880484104156494140625" lon="120.267098955810070037841796875">
        <ele>4</ele>
        <time>2024-12-16T14:07:11.000Z</time>
        <extensions>
          <ns3:TrackPointExtension>
            <ns3:hr>162</ns3:hr>
            <ns3:cad>92</ns3:cad>
          </ns3:TrackPointExtension>
        </extensions>
      </trkpt>
      <trkpt lat="30.4440089128911495208740234375" lon="120.26711563579738140106201171875">
        <ele>4</ele>
        <time>2024-12-16T14:07:12.000Z</time>
        <extensions>
          <ns3:TrackPointExtension>
            <ns3:hr>162</ns3:hr>
            <ns3:cad>92</ns3:cad>
          </ns3:TrackPointExtension>
        </extensions>
      </trkpt>
      <trkpt lat="30.44398183934390544891357421875" lon="120.26712954975664615631103515625">
        <ele>4</ele>
        <time>2024-12-16T14:07:13.000Z</time>
        <extensions>
          <ns3:TrackPointExtension>
            <ns3:hr>162</ns3:hr>
            <ns3:cad>93</ns3:cad>
          </ns3:TrackPointExtension>
        </extensions>
      </trkpt>
      <trkpt lat="30.443958453834056854248046875" lon="120.26714245788753032684326171875">
        <ele>4</ele>
        <time>2024-12-16T14:07:14.000Z</time>
        <extensions>
          <ns3:TrackPointExtension>
            <ns3:hr>162</ns3:hr>
            <ns3:cad>95</ns3:cad>
          </ns3:TrackPointExtension>
        </extensions>
      </trkpt>
      <trkpt lat="30.4439341463148593902587890625" lon="120.26716005988419055938720703125">
        <ele>4</ele>
        <time>2024-12-16T14:07:15.000Z</time>
        <extensions>
          <ns3:TrackPointExtension>
            <ns3:hr>162</ns3:hr>
            <ns3:cad>95</ns3:cad>
          </ns3:TrackPointExtension>
        </extensions>
      </trkpt>
      <trkpt lat="30.4439123533666133880615234375" lon="120.26717615313827991485595703125">
        <ele>4.19999980926513671875</ele>
        <time>2024-12-16T14:07:16.000Z</time>
        <extensions>
          <ns3:TrackPointExtension>
            <ns3:hr>163</ns3:hr>
            <ns3:cad>94</ns3:cad>
          </ns3:TrackPointExtension>
        </extensions>
      </trkpt>
      <trkpt lat="30.4438888840377330780029296875" lon="120.2671904861927032470703125">
        <ele>4.19999980926513671875</ele>
        <time>2024-12-16T14:07:17.000Z</time>
        <extensions>
          <ns3:TrackPointExtension>
            <ns3:hr>163</ns3:hr>
            <ns3:cad>92</ns3:cad>
          </ns3:TrackPointExtension>
        </extensions>
      </trkpt>
      <trkpt lat="30.4438654147088527679443359375" lon="120.26720548979938030242919921875">
        <ele>3.7999999523162841796875</ele>
        <time>2024-12-16T14:07:18.000Z</time>
        <extensions>
          <ns3:TrackPointExtension>
            <ns3:hr>163</ns3:hr>
            <ns3:cad>91</ns3:cad>
          </ns3:TrackPointExtension>
        </extensions>
      </trkpt>
      <trkpt lat="30.44384169392287731170654296875" lon="120.26721797883510589599609375">
        <ele>3.599999904632568359375</ele>
        <time>2024-12-16T14:07:19.000Z</time>
        <extensions>
          <ns3:TrackPointExtension>
            <ns3:hr>163</ns3:hr>
            <ns3:cad>91</ns3:cad>
          </ns3:TrackPointExtension>
        </extensions>
      </trkpt>
      <trkpt lat="30.4438166320323944091796875" lon="120.26723583228886127471923828125">
        <ele>3.599999904632568359375</ele>
        <time>2024-12-16T14:07:20.000Z</time>
        <extensions>
          <ns3:TrackPointExtension>
            <ns3:hr>163</ns3:hr>
            <ns3:cad>92</ns3:cad>
          </ns3:TrackPointExtension>
        </extensions>
      </trkpt>
      <trkpt lat="30.44379509054124355316162109375" lon="120.267252512276172637939453125">
        <ele>3.400000095367431640625</ele>
        <time>2024-12-16T14:07:21.000Z</time>
        <extensions>
          <ns3:TrackPointExtension>
            <ns3:hr>163</ns3:hr>
            <ns3:cad>92</ns3:cad>
          </ns3:TrackPointExtension>
        </extensions>
      </trkpt>
      <trkpt lat="30.44377229176461696624755859375" lon="120.26727003045380115509033203125">
        <ele>3.2000000476837158203125</ele>
        <time>2024-12-16T14:07:22.000Z</time>
        <extensions>
          <ns3:TrackPointExtension>
            <ns3:hr>163</ns3:hr>
            <ns3:cad>94</ns3:cad>
          </ns3:TrackPointExtension>
        </extensions>
      </trkpt>
      <trkpt lat="30.44375284574925899505615234375" lon="120.26728863827884197235107421875">
        <ele>3.2000000476837158203125</ele>
        <time>2024-12-16T14:07:23.000Z</time>
        <extensions>
          <ns3:TrackPointExtension>
            <ns3:hr>163</ns3:hr>
            <ns3:cad>94</ns3:cad>
          </ns3:TrackPointExtension>
        </extensions>
      </trkpt>
      <trkpt lat="30.44372753240168094635009765625" lon="120.267304815351963043212890625">
        <ele>3</ele>
        <time>2024-12-16T14:07:24.000Z</time>
        <extensions>
          <ns3:TrackPointExtension>
            <ns3:hr>163</ns3:hr>
            <ns3:cad>94</ns3:cad>
          </ns3:TrackPointExtension>
        </extensions>
      </trkpt>
      <trkpt lat="30.44370573945343494415283203125" lon="120.2673180587589740753173828125">
        <ele>3</ele>
        <time>2024-12-16T14:07:25.000Z</time>
        <extensions>
          <ns3:TrackPointExtension>
            <ns3:hr>163</ns3:hr>
            <ns3:cad>94</ns3:cad>
          </ns3:TrackPointExtension>
        </extensions>
      </trkpt>
      <trkpt lat="30.44368478469550609588623046875" lon="120.26733708567917346954345703125">
        <ele>3</ele>
        <time>2024-12-16T14:07:26.000Z</time>
        <extensions>
          <ns3:TrackPointExtension>
            <ns3:hr>163</ns3:hr>
            <ns3:cad>93</ns3:cad>
          </ns3:TrackPointExtension>
        </extensions>
      </trkpt>
      <trkpt lat="30.4436669312417507171630859375" lon="120.26735301129519939422607421875">
        <ele>3</ele>
        <time>2024-12-16T14:07:27.000Z</time>
        <extensions>
          <ns3:TrackPointExtension>
            <ns3:hr>163</ns3:hr>
            <ns3:cad>93</ns3:cad>
          </ns3:TrackPointExtension>
        </extensions>
      </trkpt>
      <trkpt lat="30.44364656321704387664794921875" lon="120.26736893691122531890869140625">
        <ele>3</ele>
        <time>2024-12-16T14:07:28.000Z</time>
        <extensions>
          <ns3:TrackPointExtension>
            <ns3:hr>163</ns3:hr>
            <ns3:cad>92</ns3:cad>
          </ns3:TrackPointExtension>
        </extensions>
      </trkpt>
      <trkpt lat="30.44362627901136875152587890625" lon="120.2673820964992046356201171875">
        <ele>3</ele>
        <time>2024-12-16T14:07:29.000Z</time>
        <extensions>
          <ns3:TrackPointExtension>
            <ns3:hr>163</ns3:hr>
            <ns3:cad>92</ns3:cad>
          </ns3:TrackPointExtension>
        </extensions>
      </trkpt>
      <trkpt lat="30.443600714206695556640625" lon="120.2673970162868499755859375">
        <ele>3</ele>
        <time>2024-12-16T14:07:30.000Z</time>
        <extensions>
          <ns3:TrackPointExtension>
            <ns3:hr>163</ns3:hr>
            <ns3:cad>92</ns3:cad>
          </ns3:TrackPointExtension>
        </extensions>
      </trkpt>
      <trkpt lat="30.443576239049434661865234375" lon="120.26740397326648235321044921875">
        <ele>3</ele>
        <time>2024-12-16T14:07:31.000Z</time>
        <extensions>
          <ns3:TrackPointExtension>
            <ns3:hr>163</ns3:hr>
            <ns3:cad>91</ns3:cad>
          </ns3:TrackPointExtension>
        </extensions>
      </trkpt>
      <trkpt lat="30.44354916550219058990478515625" lon="120.26740866713225841522216796875">
        <ele>3</ele>
        <time>2024-12-16T14:07:32.000Z</time>
        <extensions>
          <ns3:TrackPointExtension>
            <ns3:hr>163</ns3:hr>
            <ns3:cad>91</ns3:cad>
          </ns3:TrackPointExtension>
        </extensions>
      </trkpt>
      <trkpt lat="30.44352619908750057220458984375" lon="120.267416127026081085205078125">
        <ele>3</ele>
        <time>2024-12-16T14:07:33.000Z</time>
        <extensions>
          <ns3:TrackPointExtension>
            <ns3:hr>163</ns3:hr>
            <ns3:cad>90</ns3:cad>
          </ns3:TrackPointExtension>
        </extensions>
      </trkpt>
      <trkpt lat="30.443501807749271392822265625" lon="120.26742693968117237091064453125">
        <ele>3</ele>
        <time>2024-12-16T14:07:34.000Z</time>
        <extensions>
          <ns3:TrackPointExtension>
            <ns3:hr>163</ns3:hr>
            <ns3:cad>90</ns3:cad>
          </ns3:TrackPointExtension>
        </extensions>
      </trkpt>
      <trkpt lat="30.44348043389618396759033203125" lon="120.267436243593692779541015625">
        <ele>3</ele>
        <time>2024-12-16T14:07:35.000Z</time>
        <extensions>
          <ns3:TrackPointExtension>
            <ns3:hr>163</ns3:hr>
            <ns3:cad>89</ns3:cad>
          </ns3:TrackPointExtension>
        </extensions>
      </trkpt>
      <trkpt lat="30.44345763511955738067626953125" lon="120.2674464695155620574951171875">
        <ele>3</ele>
        <time>2024-12-16T14:07:36.000Z</time>
        <extensions>
          <ns3:TrackPointExtension>
            <ns3:hr>162</ns3:hr>
            <ns3:cad>89</ns3:cad>
          </ns3:TrackPointExtension>
        </extensions>
      </trkpt>
      <trkpt lat="30.4434349201619625091552734375" lon="120.26745560579001903533935546875">
        <ele>3</ele>
        <time>2024-12-16T14:07:37.000Z</time>
        <extensions>
          <ns3:TrackPointExtension>
            <ns3:hr>162</ns3:hr>
            <ns3:cad>89</ns3:cad>
          </ns3:TrackPointExtension>
        </extensions>
      </trkpt>
      <trkpt lat="30.4434097744524478912353515625" lon="120.26746465824544429779052734375">
        <ele>3</ele>
        <time>2024-12-16T14:07:38.000Z</time>
        <extensions>
          <ns3:TrackPointExtension>
            <ns3:hr>162</ns3:hr>
            <ns3:cad>88</ns3:cad>
          </ns3:TrackPointExtension>
        </extensions>
      </trkpt>
      <trkpt lat="30.44338907115161418914794921875" lon="120.267475135624408721923828125">
        <ele>3</ele>
        <time>2024-12-16T14:07:39.000Z</time>
        <extensions>
          <ns3:TrackPointExtension>
            <ns3:hr>162</ns3:hr>
            <ns3:cad>88</ns3:cad>
          </ns3:TrackPointExtension>
        </extensions>
      </trkpt>
      <trkpt lat="30.4433655180037021636962890625" lon="120.26748812757432460784912109375">
        <ele>3</ele>
        <time>2024-12-16T14:07:40.000Z</time>
        <extensions>
          <ns3:TrackPointExtension>
            <ns3:hr>162</ns3:hr>
            <ns3:cad>89</ns3:cad>
          </ns3:TrackPointExtension>
        </extensions>
      </trkpt>
      <trkpt lat="30.443343222141265869140625" lon="120.26750120334327220916748046875">
        <ele>3</ele>
        <time>2024-12-16T14:07:41.000Z</time>
        <extensions>
          <ns3:TrackPointExtension>
            <ns3:hr>161</ns3:hr>
            <ns3:cad>89</ns3:cad>
          </ns3:TrackPointExtension>
        </extensions>
      </trkpt>
      <trkpt lat="30.44332184828817844390869140625" lon="120.2675150334835052490234375">
        <ele>3</ele>
        <time>2024-12-16T14:07:42.000Z</time>
        <extensions>
          <ns3:TrackPointExtension>
            <ns3:hr>161</ns3:hr>
            <ns3:cad>88</ns3:cad>
          </ns3:TrackPointExtension>
        </extensions>
      </trkpt>
      <trkpt lat="30.443300306797027587890625" lon="120.26752785779535770416259765625">
        <ele>3</ele>
        <time>2024-12-16T14:07:43.000Z</time>
        <extensions>
          <ns3:TrackPointExtension>
            <ns3:hr>161</ns3:hr>
            <ns3:cad>88</ns3:cad>
          </ns3:TrackPointExtension>
        </extensions>
      </trkpt>
      <trkpt lat="30.44327951967716217041015625" lon="120.2675393410027027130126953125">
        <ele>3</ele>
        <time>2024-12-16T14:07:44.000Z</time>
        <extensions>
          <ns3:TrackPointExtension>
            <ns3:hr>161</ns3:hr>
            <ns3:cad>88</ns3:cad>
          </ns3:TrackPointExtension>
        </extensions>
      </trkpt>
      <trkpt lat="30.4432562179863452911376953125" lon="120.26755266822874546051025390625">
        <ele>3.2000000476837158203125</ele>
        <time>2024-12-16T14:07:45.000Z</time>
        <extensions>
          <ns3:TrackPointExtension>
            <ns3:hr>161</ns3:hr>
            <ns3:cad>88</ns3:cad>
          </ns3:TrackPointExtension>
        </extensions>
      </trkpt>
      <trkpt lat="30.44323517940938472747802734375" lon="120.26756473816931247711181640625">
        <ele>3.2000000476837158203125</ele>
        <time>2024-12-16T14:07:46.000Z</time>
        <extensions>
          <ns3:TrackPointExtension>
            <ns3:hr>161</ns3:hr>
            <ns3:cad>88</ns3:cad>
          </ns3:TrackPointExtension>
        </extensions>
      </trkpt>
      <trkpt lat="30.44321036897599697113037109375" lon="120.26757529936730861663818359375">
        <ele>3.2000000476837158203125</ele>
        <time>2024-12-16T14:07:47.000Z</time>
        <extensions>
          <ns3:TrackPointExtension>
            <ns3:hr>161</ns3:hr>
            <ns3:cad>88</ns3:cad>
          </ns3:TrackPointExtension>
        </extensions>
      </trkpt>
      <trkpt lat="30.4431884922087192535400390625" lon="120.26758435182273387908935546875">
        <ele>3.400000095367431640625</ele>
        <time>2024-12-16T14:07:48.000Z</time>
        <extensions>
          <ns3:TrackPointExtension>
            <ns3:hr>161</ns3:hr>
            <ns3:cad>89</ns3:cad>
          </ns3:TrackPointExtension>
        </extensions>
      </trkpt>
      <trkpt lat="30.4431656934320926666259765625" lon="120.2675976790487766265869140625">
        <ele>3.400000095367431640625</ele>
        <time>2024-12-16T14:07:49.000Z</time>
        <extensions>
          <ns3:TrackPointExtension>
            <ns3:hr>161</ns3:hr>
            <ns3:cad>89</ns3:cad>
          </ns3:TrackPointExtension>
        </extensions>
      </trkpt>
      <trkpt lat="30.44314515776932239532470703125" lon="120.2676094137132167816162109375">
        <ele>3.400000095367431640625</ele>
        <time>2024-12-16T14:07:50.000Z</time>
        <extensions>
          <ns3:TrackPointExtension>
            <ns3:hr>161</ns3:hr>
            <ns3:cad>88</ns3:cad>
          </ns3:TrackPointExtension>
        </extensions>
      </trkpt>
      <trkpt lat="30.44312487356364727020263671875" lon="120.26761896908283233642578125">
        <ele>3.2000000476837158203125</ele>
        <time>2024-12-16T14:07:51.000Z</time>
        <extensions>
          <ns3:TrackPointExtension>
            <ns3:hr>161</ns3:hr>
            <ns3:cad>88</ns3:cad>
          </ns3:TrackPointExtension>
        </extensions>
      </trkpt>
      <trkpt lat="30.44310911558568477630615234375" lon="120.2676315419375896453857421875">
        <ele>3.2000000476837158203125</ele>
        <time>2024-12-16T14:07:52.000Z</time>
        <extensions>
          <ns3:TrackPointExtension>
            <ns3:hr>161</ns3:hr>
            <ns3:cad>88</ns3:cad>
          </ns3:TrackPointExtension>
        </extensions>
      </trkpt>
      <trkpt lat="30.443096794188022613525390625" lon="120.2676416002213954925537109375">
        <ele>3.2000000476837158203125</ele>
        <time>2024-12-16T14:07:53.000Z</time>
        <extensions>
          <ns3:TrackPointExtension>
            <ns3:hr>161</ns3:hr>
            <ns3:cad>88</ns3:cad>
          </ns3:TrackPointExtension>
        </extensions>
      </trkpt>
      <trkpt lat="30.44308564625680446624755859375" lon="120.26764838956296443939208984375">
        <ele>3.2000000476837158203125</ele>
        <time>2024-12-16T14:07:54.000Z</time>
        <extensions>
          <ns3:TrackPointExtension>
            <ns3:hr>161</ns3:hr>
            <ns3:cad>88</ns3:cad>
          </ns3:TrackPointExtension>
        </extensions>
      </trkpt>
      <trkpt lat="30.443076677620410919189453125" lon="120.26765241287648677825927734375">
        <ele>3.2000000476837158203125</ele>
        <time>2024-12-16T14:07:55.000Z</time>
        <extensions>
          <ns3:TrackPointExtension>
            <ns3:hr>161</ns3:hr>
            <ns3:cad>47</ns3:cad>
          </ns3:TrackPointExtension>
        </extensions>
      </trkpt>
      <trkpt lat="30.443069972097873687744140625" lon="120.267657525837421417236328125">
        <ele>3.2000000476837158203125</ele>
        <time>2024-12-16T14:07:56.000Z</time>
        <extensions>
          <ns3:TrackPointExtension>
            <ns3:hr>161</ns3:hr>
            <ns3:cad>0</ns3:cad>
          </ns3:TrackPointExtension>
        </extensions>
      </trkpt>
      <trkpt lat="30.44306066818535327911376953125" lon="120.2676607109606266021728515625">
        <ele>3.2000000476837158203125</ele>
        <time>2024-12-16T14:07:57.000Z</time>
        <extensions>
          <ns3:TrackPointExtension>
            <ns3:hr>161</ns3:hr>
            <ns3:cad>0</ns3:cad>
          </ns3:TrackPointExtension>
        </extensions>
      </trkpt>
      <trkpt lat="30.4430527053773403167724609375" lon="120.26766347698867321014404296875">
        <ele>3.2000000476837158203125</ele>
        <time>2024-12-16T14:07:58.000Z</time>
        <extensions>
          <ns3:TrackPointExtension>
            <ns3:hr>161</ns3:hr>
            <ns3:cad>0</ns3:cad>
          </ns3:TrackPointExtension>
        </extensions>
      </trkpt>
      <trkpt lat="30.44304373674094676971435546875" lon="120.26766783557832241058349609375">
        <ele>3.2000000476837158203125</ele>
        <time>2024-12-16T14:07:59.000Z</time>
        <extensions>
          <ns3:TrackPointExtension>
            <ns3:hr>161</ns3:hr>
            <ns3:cad>62</ns3:cad>
          </ns3:TrackPointExtension>
        </extensions>
      </trkpt>
      <trkpt lat="30.44303141534328460693359375" lon="120.267672948539257049560546875">
        <ele>3</ele>
        <time>2024-12-16T14:08:00.000Z</time>
        <extensions>
          <ns3:TrackPointExtension>
            <ns3:hr>160</ns3:hr>
            <ns3:cad>63</ns3:cad>
          </ns3:TrackPointExtension>
        </extensions>
      </trkpt>
      <trkpt lat="30.4430168308317661285400390625" lon="120.26768040843307971954345703125">
        <ele>3</ele>
        <time>2024-12-16T14:08:01.000Z</time>
        <extensions>
          <ns3:TrackPointExtension>
            <ns3:hr>160</ns3:hr>
            <ns3:cad>63</ns3:cad>
          </ns3:TrackPointExtension>
        </extensions>
      </trkpt>
      <trkpt lat="30.4429990611970424652099609375" lon="120.267690718173980712890625">
        <ele>3</ele>
        <time>2024-12-16T14:08:02.000Z</time>
        <extensions>
          <ns3:TrackPointExtension>
            <ns3:hr>160</ns3:hr>
            <ns3:cad>63</ns3:cad>
          </ns3:TrackPointExtension>
        </extensions>
      </trkpt>
      <trkpt lat="30.4429789446294307708740234375" lon="120.2677029557526111602783203125">
        <ele>3.2000000476837158203125</ele>
        <time>2024-12-16T14:08:03.000Z</time>
        <extensions>
          <ns3:TrackPointExtension>
            <ns3:hr>159</ns3:hr>
            <ns3:cad>63</ns3:cad>
          </ns3:TrackPointExtension>
        </extensions>
      </trkpt>
      <trkpt lat="30.44295690022408962249755859375" lon="120.26771360076963901519775390625">
        <ele>3.2000000476837158203125</ele>
        <time>2024-12-16T14:08:04.000Z</time>
        <extensions>
          <ns3:TrackPointExtension>
            <ns3:hr>159</ns3:hr>
            <ns3:cad>91</ns3:cad>
          </ns3:TrackPointExtension>
        </extensions>
      </trkpt>
      <trkpt lat="30.4429330118000507354736328125" lon="120.26772625744342803955078125">
        <ele>3.2000000476837158203125</ele>
        <time>2024-12-16T14:08:05.000Z</time>
        <extensions>
          <ns3:TrackPointExtension>
            <ns3:hr>159</ns3:hr>
            <ns3:cad>92</ns3:cad>
          </ns3:TrackPointExtension>
        </extensions>
      </trkpt>
      <trkpt lat="30.44290727935731410980224609375" lon="120.267738662660121917724609375">
        <ele>3.400000095367431640625</ele>
        <time>2024-12-16T14:08:06.000Z</time>
        <extensions>
          <ns3:TrackPointExtension>
            <ns3:hr>160</ns3:hr>
            <ns3:cad>91</ns3:cad>
          </ns3:TrackPointExtension>
        </extensions>
      </trkpt>
      <trkpt lat="30.44288515113294124603271484375" lon="120.267751403152942657470703125">
        <ele>3.400000095367431640625</ele>
        <time>2024-12-16T14:08:07.000Z</time>
        <extensions>
          <ns3:TrackPointExtension>
            <ns3:hr>160</ns3:hr>
            <ns3:cad>92</ns3:cad>
          </ns3:TrackPointExtension>
        </extensions>
      </trkpt>
      <trkpt lat="30.44286319054663181304931640625" lon="120.26776607148349285125732421875">
        <ele>3.599999904632568359375</ele>
        <time>2024-12-16T14:08:08.000Z</time>
        <extensions>
          <ns3:TrackPointExtension>
            <ns3:hr>160</ns3:hr>
            <ns3:cad>92</ns3:cad>
          </ns3:TrackPointExtension>
        </extensions>
      </trkpt>
      <trkpt lat="30.44284122996032238006591796875" lon="120.267775543034076690673828125">
        <ele>3.599999904632568359375</ele>
        <time>2024-12-16T14:08:09.000Z</time>
        <extensions>
          <ns3:TrackPointExtension>
            <ns3:hr>159</ns3:hr>
            <ns3:cad>92</ns3:cad>
          </ns3:TrackPointExtension>
        </extensions>
      </trkpt>
      <trkpt lat="30.4428160004317760467529296875" lon="120.26778635568916797637939453125">
        <ele>3.7999999523162841796875</ele>
        <time>2024-12-16T14:08:10.000Z</time>
        <extensions>
          <ns3:TrackPointExtension>
            <ns3:hr>159</ns3:hr>
            <ns3:cad>92</ns3:cad>
          </ns3:TrackPointExtension>
        </extensions>
      </trkpt>
      <trkpt lat="30.44279177673161029815673828125" lon="120.2677971683442592620849609375">
        <ele>3.7999999523162841796875</ele>
        <time>2024-12-16T14:08:11.000Z</time>
        <extensions>
          <ns3:TrackPointExtension>
            <ns3:hr>159</ns3:hr>
            <ns3:cad>92</ns3:cad>
          </ns3:TrackPointExtension>
        </extensions>
      </trkpt>
      <trkpt lat="30.4427673853933811187744140625" lon="120.2678099088370800018310546875">
        <ele>3.7999999523162841796875</ele>
        <time>2024-12-16T14:08:12.000Z</time>
        <extensions>
          <ns3:TrackPointExtension>
            <ns3:hr>158</ns3:hr>
            <ns3:cad>92</ns3:cad>
          </ns3:TrackPointExtension>
        </extensions>
      </trkpt>
      <trkpt lat="30.44274441897869110107421875" lon="120.267819128930568695068359375">
        <ele>4</ele>
        <time>2024-12-16T14:08:13.000Z</time>
        <extensions>
          <ns3:TrackPointExtension>
            <ns3:hr>158</ns3:hr>
            <ns3:cad>92</ns3:cad>
          </ns3:TrackPointExtension>
        </extensions>
      </trkpt>
      <trkpt lat="30.44272287748754024505615234375" lon="120.26782608591020107269287109375">
        <ele>4</ele>
        <time>2024-12-16T14:08:14.000Z</time>
        <extensions>
          <ns3:TrackPointExtension>
            <ns3:hr>157</ns3:hr>
            <ns3:cad>91</ns3:cad>
          </ns3:TrackPointExtension>
        </extensions>
      </trkpt>
      <trkpt lat="30.442701168358325958251953125" lon="120.26783145032823085784912109375">
        <ele>4.19999980926513671875</ele>
        <time>2024-12-16T14:08:15.000Z</time>
        <extensions>
          <ns3:TrackPointExtension>
            <ns3:hr>156</ns3:hr>
            <ns3:cad>91</ns3:cad>
          </ns3:TrackPointExtension>
        </extensions>
      </trkpt>
      <trkpt lat="30.4426798783242702484130859375" lon="120.26783647947013378143310546875">
        <ele>4.19999980926513671875</ele>
        <time>2024-12-16T14:08:16.000Z</time>
        <extensions>
          <ns3:TrackPointExtension>
            <ns3:hr>156</ns3:hr>
            <ns3:cad>92</ns3:cad>
          </ns3:TrackPointExtension>
        </extensions>
      </trkpt>
      <trkpt lat="30.44266185723245143890380859375" lon="120.2678422629833221435546875">
        <ele>4.19999980926513671875</ele>
        <time>2024-12-16T14:08:17.000Z</time>
        <extensions>
          <ns3:TrackPointExtension>
            <ns3:hr>156</ns3:hr>
            <ns3:cad>92</ns3:cad>
          </ns3:TrackPointExtension>
        </extensions>
      </trkpt>
      <trkpt lat="30.44264559634029865264892578125" lon="120.26784888468682765960693359375">
        <ele>4.400000095367431640625</ele>
        <time>2024-12-16T14:08:18.000Z</time>
        <extensions>
          <ns3:TrackPointExtension>
            <ns3:hr>156</ns3:hr>
            <ns3:cad>92</ns3:cad>
          </ns3:TrackPointExtension>
        </extensions>
      </trkpt>
      <trkpt lat="30.44263067655265331268310546875" lon="120.2678565122187137603759765625">
        <ele>4.400000095367431640625</ele>
        <time>2024-12-16T14:08:19.000Z</time>
        <extensions>
          <ns3:TrackPointExtension>
            <ns3:hr>156</ns3:hr>
            <ns3:cad>66</ns3:cad>
          </ns3:TrackPointExtension>
        </extensions>
      </trkpt>
      <trkpt lat="30.4426185227930545806884765625" lon="120.26786497794091701507568359375">
        <ele>4.400000095367431640625</ele>
        <time>2024-12-16T14:08:20.000Z</time>
        <extensions>
          <ns3:TrackPointExtension>
            <ns3:hr>156</ns3:hr>
            <ns3:cad>65</ns3:cad>
          </ns3:TrackPointExtension>
        </extensions>
      </trkpt>
      <trkpt lat="30.44260854832828044891357421875" lon="120.267872773110866546630859375">
        <ele>4.400000095367431640625</ele>
        <time>2024-12-16T14:08:21.000Z</time>
        <extensions>
          <ns3:TrackPointExtension>
            <ns3:hr>156</ns3:hr>
            <ns3:cad>65</ns3:cad>
          </ns3:TrackPointExtension>
        </extensions>
      </trkpt>
      <trkpt lat="30.4426014237105846405029296875" lon="120.2678811550140380859375">
        <ele>4.400000095367431640625</ele>
        <time>2024-12-16T14:08:22.000Z</time>
        <extensions>
          <ns3:TrackPointExtension>
            <ns3:hr>156</ns3:hr>
            <ns3:cad>65</ns3:cad>
          </ns3:TrackPointExtension>
        </extensions>
      </trkpt>
      <trkpt lat="30.44259346090257167816162109375" lon="120.267886854708194732666015625">
        <ele>4.599999904632568359375</ele>
        <time>2024-12-16T14:08:23.000Z</time>
        <extensions>
          <ns3:TrackPointExtension>
            <ns3:hr>155</ns3:hr>
            <ns3:cad>64</ns3:cad>
          </ns3:TrackPointExtension>
        </extensions>
      </trkpt>
      <trkpt lat="30.4425849951803684234619140625" lon="120.267891548573970794677734375">
        <ele>4.599999904632568359375</ele>
        <time>2024-12-16T14:08:24.000Z</time>
        <extensions>
          <ns3:TrackPointExtension>
            <ns3:hr>155</ns3:hr>
            <ns3:cad>64</ns3:cad>
          </ns3:TrackPointExtension>
        </extensions>
      </trkpt>
      <trkpt lat="30.44257669709622859954833984375" lon="120.26789783500134944915771484375">
        <ele>4.599999904632568359375</ele>
        <time>2024-12-16T14:08:25.000Z</time>
        <extensions>
          <ns3:TrackPointExtension>
            <ns3:hr>154</ns3:hr>
            <ns3:cad>63</ns3:cad>
          </ns3:TrackPointExtension>
        </extensions>
      </trkpt>
      <trkpt lat="30.44256605207920074462890625" lon="120.2679014392197132110595703125">
        <ele>4.599999904632568359375</ele>
        <time>2024-12-16T14:08:26.000Z</time>
        <extensions>
          <ns3:TrackPointExtension>
            <ns3:hr>154</ns3:hr>
            <ns3:cad>63</ns3:cad>
          </ns3:TrackPointExtension>
        </extensions>
      </trkpt>
      <trkpt lat="30.44255129992961883544921875" lon="120.26791107840836048126220703125">
        <ele>4.599999904632568359375</ele>
        <time>2024-12-16T14:08:27.000Z</time>
        <extensions>
          <ns3:TrackPointExtension>
            <ns3:hr>154</ns3:hr>
            <ns3:cad>64</ns3:cad>
          </ns3:TrackPointExtension>
        </extensions>
      </trkpt>
      <trkpt lat="30.44253294356167316436767578125" lon="120.26791744865477085113525390625">
        <ele>4.80000019073486328125</ele>
        <time>2024-12-16T14:08:28.000Z</time>
        <extensions>
          <ns3:TrackPointExtension>
            <ns3:hr>153</ns3:hr>
            <ns3:cad>64</ns3:cad>
          </ns3:TrackPointExtension>
        </extensions>
      </trkpt>
      <trkpt lat="30.442510060966014862060546875" lon="120.26792499236762523651123046875">
        <ele>4.80000019073486328125</ele>
        <time>2024-12-16T14:08:29.000Z</time>
        <extensions>
          <ns3:TrackPointExtension>
            <ns3:hr>153</ns3:hr>
            <ns3:cad>64</ns3:cad>
          </ns3:TrackPointExtension>
        </extensions>
      </trkpt>
      <trkpt lat="30.44248701073229312896728515625" lon="120.26793220080435276031494140625">
        <ele>4.80000019073486328125</ele>
        <time>2024-12-16T14:08:30.000Z</time>
        <extensions>
          <ns3:TrackPointExtension>
            <ns3:hr>153</ns3:hr>
            <ns3:cad>65</ns3:cad>
          </ns3:TrackPointExtension>
        </extensions>
      </trkpt>
      <trkpt lat="30.4424632899463176727294921875" lon="120.2679420076310634613037109375">
        <ele>5</ele>
        <time>2024-12-16T14:08:31.000Z</time>
        <extensions>
          <ns3:TrackPointExtension>
            <ns3:hr>152</ns3:hr>
            <ns3:cad>91</ns3:cad>
          </ns3:TrackPointExtension>
        </extensions>
      </trkpt>
      <trkpt lat="30.4424428381025791168212890625" lon="120.26795416139066219329833984375">
        <ele>5</ele>
        <time>2024-12-16T14:08:32.000Z</time>
        <extensions>
          <ns3:TrackPointExtension>
            <ns3:hr>152</ns3:hr>
            <ns3:cad>91</ns3:cad>
          </ns3:TrackPointExtension>
        </extensions>
      </trkpt>
      <trkpt lat="30.44242045842111110687255859375" lon="120.26796841062605381011962890625">
        <ele>5</ele>
        <time>2024-12-16T14:08:33.000Z</time>
        <extensions>
          <ns3:TrackPointExtension>
            <ns3:hr>152</ns3:hr>
            <ns3:cad>91</ns3:cad>
          </ns3:TrackPointExtension>
        </extensions>
      </trkpt>
      <trkpt lat="30.4423979111015796661376953125" lon="120.267982743680477142333984375">
        <ele>5</ele>
        <time>2024-12-16T14:08:34.000Z</time>
        <extensions>
          <ns3:TrackPointExtension>
            <ns3:hr>152</ns3:hr>
            <ns3:cad>90</ns3:cad>
          </ns3:TrackPointExtension>
        </extensions>
      </trkpt>
      <trkpt lat="30.44237134046852588653564453125" lon="120.26799389161169528961181640625">
        <ele>5</ele>
        <time>2024-12-16T14:08:35.000Z</time>
        <extensions>
          <ns3:TrackPointExtension>
            <ns3:hr>151</ns3:hr>
            <ns3:cad>90</ns3:cad>
          </ns3:TrackPointExtension>
        </extensions>
      </trkpt>
      <trkpt lat="30.44234585948288440704345703125" lon="120.2680036984384059906005859375">
        <ele>5</ele>
        <time>2024-12-16T14:08:36.000Z</time>
        <extensions>
          <ns3:TrackPointExtension>
            <ns3:hr>151</ns3:hr>
            <ns3:cad>90</ns3:cad>
          </ns3:TrackPointExtension>
        </extensions>
      </trkpt>
      <trkpt lat="30.4423197917640209197998046875" lon="120.26801434345543384552001953125">
        <ele>5</ele>
        <time>2024-12-16T14:08:37.000Z</time>
        <extensions>
          <ns3:TrackPointExtension>
            <ns3:hr>151</ns3:hr>
            <ns3:cad>90</ns3:cad>
          </ns3:TrackPointExtension>
        </extensions>
      </trkpt>
      <trkpt lat="30.44229456223547458648681640625" lon="120.26802398264408111572265625">
        <ele>5</ele>
        <time>2024-12-16T14:08:38.000Z</time>
        <extensions>
          <ns3:TrackPointExtension>
            <ns3:hr>150</ns3:hr>
            <ns3:cad>90</ns3:cad>
          </ns3:TrackPointExtension>
        </extensions>
      </trkpt>
      <trkpt lat="30.4422738589346408843994140625" lon="120.2680355496704578399658203125">
        <ele>5</ele>
        <time>2024-12-16T14:08:39.000Z</time>
        <extensions>
          <ns3:TrackPointExtension>
            <ns3:hr>150</ns3:hr>
            <ns3:cad>91</ns3:cad>
          </ns3:TrackPointExtension>
        </extensions>
      </trkpt>
      <trkpt lat="30.44225298799574375152587890625" lon="120.2680439315736293792724609375">
        <ele>5</ele>
        <time>2024-12-16T14:08:40.000Z</time>
        <extensions>
          <ns3:TrackPointExtension>
            <ns3:hr>149</ns3:hr>
            <ns3:cad>91</ns3:cad>
          </ns3:TrackPointExtension>
        </extensions>
      </trkpt>
      <trkpt lat="30.44223169796168804168701171875" lon="120.26805541478097438812255859375">
        <ele>5</ele>
        <time>2024-12-16T14:08:41.000Z</time>
        <extensions>
          <ns3:TrackPointExtension>
            <ns3:hr>149</ns3:hr>
            <ns3:cad>91</ns3:cad>
          </ns3:TrackPointExtension>
        </extensions>
      </trkpt>
      <trkpt lat="30.44220956973731517791748046875" lon="120.268071256577968597412109375">
        <ele>5</ele>
        <time>2024-12-16T14:08:42.000Z</time>
        <extensions>
          <ns3:TrackPointExtension>
            <ns3:hr>148</ns3:hr>
            <ns3:cad>91</ns3:cad>
          </ns3:TrackPointExtension>
        </extensions>
      </trkpt>
      <trkpt lat="30.442186854779720306396484375" lon="120.26809045113623142242431640625">
        <ele>5</ele>
        <time>2024-12-16T14:08:43.000Z</time>
        <extensions>
          <ns3:TrackPointExtension>
            <ns3:hr>148</ns3:hr>
            <ns3:cad>91</ns3:cad>
          </ns3:TrackPointExtension>
        </extensions>
      </trkpt>
      <trkpt lat="30.44216799549758434295654296875" lon="120.268108136951923370361328125">
        <ele>5</ele>
        <time>2024-12-16T14:08:44.000Z</time>
        <extensions>
          <ns3:TrackPointExtension>
            <ns3:hr>148</ns3:hr>
            <ns3:cad>91</ns3:cad>
          </ns3:TrackPointExtension>
        </extensions>
      </trkpt>
      <trkpt lat="30.44214989058673381805419921875" lon="120.2681180275976657867431640625">
        <ele>5</ele>
        <time>2024-12-16T14:08:45.000Z</time>
        <extensions>
          <ns3:TrackPointExtension>
            <ns3:hr>149</ns3:hr>
            <ns3:cad>91</ns3:cad>
          </ns3:TrackPointExtension>
        </extensions>
      </trkpt>
      <trkpt lat="30.44213245622813701629638671875" lon="120.26812724769115447998046875">
        <ele>5</ele>
        <time>2024-12-16T14:08:46.000Z</time>
        <extensions>
          <ns3:TrackPointExtension>
            <ns3:hr>149</ns3:hr>
            <ns3:cad>90</ns3:cad>
          </ns3:TrackPointExtension>
        </extensions>
      </trkpt>
      <trkpt lat="30.44211351312696933746337890625" lon="120.2681411616504192352294921875">
        <ele>5</ele>
        <time>2024-12-16T14:08:47.000Z</time>
        <extensions>
          <ns3:TrackPointExtension>
            <ns3:hr>149</ns3:hr>
            <ns3:cad>90</ns3:cad>
          </ns3:TrackPointExtension>
        </extensions>
      </trkpt>
      <trkpt lat="30.44209792278707027435302734375" lon="120.26815381832420825958251953125">
        <ele>5</ele>
        <time>2024-12-16T14:08:48.000Z</time>
        <extensions>
          <ns3:TrackPointExtension>
            <ns3:hr>149</ns3:hr>
            <ns3:cad>90</ns3:cad>
          </ns3:TrackPointExtension>
        </extensions>
      </trkpt>
      <trkpt lat="30.44208861887454986572265625" lon="120.2681659720838069915771484375">
        <ele>5</ele>
        <time>2024-12-16T14:08:49.000Z</time>
        <extensions>
          <ns3:TrackPointExtension>
            <ns3:hr>149</ns3:hr>
            <ns3:cad>90</ns3:cad>
          </ns3:TrackPointExtension>
        </extensions>
      </trkpt>
      <trkpt lat="30.442078225314617156982421875" lon="120.26817242614924907684326171875">
        <ele>5</ele>
        <time>2024-12-16T14:08:50.000Z</time>
        <extensions>
          <ns3:TrackPointExtension>
            <ns3:hr>150</ns3:hr>
            <ns3:cad>90</ns3:cad>
          </ns3:TrackPointExtension>
        </extensions>
      </trkpt>
      <trkpt lat="30.44206623919308185577392578125" lon="120.26817686855792999267578125">
        <ele>4.80000019073486328125</ele>
        <time>2024-12-16T14:08:51.000Z</time>
        <extensions>
          <ns3:TrackPointExtension>
            <ns3:hr>150</ns3:hr>
            <ns3:cad>90</ns3:cad>
          </ns3:TrackPointExtension>
        </extensions>
      </trkpt>
      <trkpt lat="30.44205668382346630096435546875" lon="120.268183238804340362548828125">
        <ele>4.80000019073486328125</ele>
        <time>2024-12-16T14:08:52.000Z</time>
        <extensions>
          <ns3:TrackPointExtension>
            <ns3:hr>150</ns3:hr>
            <ns3:cad>90</ns3:cad>
          </ns3:TrackPointExtension>
        </extensions>
      </trkpt>
      <trkpt lat="30.44204494915902614593505859375" lon="120.26818893849849700927734375">
        <ele>4.80000019073486328125</ele>
        <time>2024-12-16T14:08:53.000Z</time>
        <extensions>
          <ns3:TrackPointExtension>
            <ns3:hr>149</ns3:hr>
            <ns3:cad>90</ns3:cad>
          </ns3:TrackPointExtension>
        </extensions>
      </trkpt>
      <trkpt lat="30.44203137047588825225830078125" lon="120.26819891296327114105224609375">
        <ele>4.599999904632568359375</ele>
        <time>2024-12-16T14:08:54.000Z</time>
        <extensions>
          <ns3:TrackPointExtension>
            <ns3:hr>149</ns3:hr>
            <ns3:cad>90</ns3:cad>
          </ns3:TrackPointExtension>
        </extensions>
      </trkpt>
      <trkpt lat="30.442015193402767181396484375" lon="120.268206708133220672607421875">
        <ele>4.599999904632568359375</ele>
        <time>2024-12-16T14:08:55.000Z</time>
        <extensions>
          <ns3:TrackPointExtension>
            <ns3:hr>149</ns3:hr>
            <ns3:cad>90</ns3:cad>
          </ns3:TrackPointExtension>
        </extensions>
      </trkpt>
      <trkpt lat="30.44199197553098201751708984375" lon="120.26821400038897991180419921875">
        <ele>4.400000095367431640625</ele>
        <time>2024-12-16T14:08:56.000Z</time>
        <extensions>
          <ns3:TrackPointExtension>
            <ns3:hr>149</ns3:hr>
            <ns3:cad>90</ns3:cad>
          </ns3:TrackPointExtension>
        </extensions>
      </trkpt>
      <trkpt lat="30.441968925297260284423828125" lon="120.268219448626041412353515625">
        <ele>4.400000095367431640625</ele>
        <time>2024-12-16T14:08:57.000Z</time>
        <extensions>
          <ns3:TrackPointExtension>
            <ns3:hr>149</ns3:hr>
            <ns3:cad>90</ns3:cad>
          </ns3:TrackPointExtension>
        </extensions>
      </trkpt>
      <trkpt lat="30.44194570742547512054443359375" lon="120.26822707615792751312255859375">
        <ele>4.19999980926513671875</ele>
        <time>2024-12-16T14:08:58.000Z</time>
        <extensions>
          <ns3:TrackPointExtension>
            <ns3:hr>149</ns3:hr>
            <ns3:cad>88</ns3:cad>
          </ns3:TrackPointExtension>
        </extensions>
      </trkpt>
      <trkpt lat="30.441921651363372802734375" lon="120.26823185384273529052734375">
        <ele>4.19999980926513671875</ele>
        <time>2024-12-16T14:08:59.000Z</time>
        <extensions>
          <ns3:TrackPointExtension>
            <ns3:hr>149</ns3:hr>
            <ns3:cad>88</ns3:cad>
          </ns3:TrackPointExtension>
        </extensions>
      </trkpt>
      <trkpt lat="30.4419027082622051239013671875" lon="120.26823663152754306793212890625">
        <ele>4</ele>
        <time>2024-12-16T14:09:00.000Z</time>
        <extensions>
          <ns3:TrackPointExtension>
            <ns3:hr>149</ns3:hr>
            <ns3:cad>89</ns3:cad>
          </ns3:TrackPointExtension>
        </extensions>
      </trkpt>
      <trkpt lat="30.44187529943883419036865234375" lon="120.26824769563972949981689453125">
        <ele>4.19999980926513671875</ele>
        <time>2024-12-16T14:09:01.000Z</time>
        <extensions>
          <ns3:TrackPointExtension>
            <ns3:hr>149</ns3:hr>
            <ns3:cad>89</ns3:cad>
          </ns3:TrackPointExtension>
        </extensions>
      </trkpt>
      <trkpt lat="30.44185048900544643402099609375" lon="120.26825943030416965484619140625">
        <ele>4.19999980926513671875</ele>
        <time>2024-12-16T14:09:02.000Z</time>
        <extensions>
          <ns3:TrackPointExtension>
            <ns3:hr>149</ns3:hr>
            <ns3:cad>89</ns3:cad>
          </ns3:TrackPointExtension>
        </extensions>
      </trkpt>
      <trkpt lat="30.44182852841913700103759765625" lon="120.26827032677829265594482421875">
        <ele>4.400000095367431640625</ele>
        <time>2024-12-16T14:09:03.000Z</time>
        <extensions>
          <ns3:TrackPointExtension>
            <ns3:hr>149</ns3:hr>
            <ns3:cad>89</ns3:cad>
          </ns3:TrackPointExtension>
        </extensions>
      </trkpt>
      <trkpt lat="30.44180430471897125244140625" lon="120.26828306727111339569091796875">
        <ele>4.400000095367431640625</ele>
        <time>2024-12-16T14:09:04.000Z</time>
        <extensions>
          <ns3:TrackPointExtension>
            <ns3:hr>149</ns3:hr>
            <ns3:cad>89</ns3:cad>
          </ns3:TrackPointExtension>
        </extensions>
      </trkpt>
      <trkpt lat="30.4417836852371692657470703125" lon="120.26830050162971019744873046875">
        <ele>4.599999904632568359375</ele>
        <time>2024-12-16T14:09:05.000Z</time>
        <extensions>
          <ns3:TrackPointExtension>
            <ns3:hr>149</ns3:hr>
            <ns3:cad>89</ns3:cad>
          </ns3:TrackPointExtension>
        </extensions>
      </trkpt>
      <trkpt lat="30.441765077412128448486328125" lon="120.2683158405125141143798828125">
        <ele>4.80000019073486328125</ele>
        <time>2024-12-16T14:09:06.000Z</time>
        <extensions>
          <ns3:TrackPointExtension>
            <ns3:hr>148</ns3:hr>
            <ns3:cad>90</ns3:cad>
          </ns3:TrackPointExtension>
        </extensions>
      </trkpt>
      <trkpt lat="30.44174169190227985382080078125" lon="120.2683329395949840545654296875">
        <ele>4.80000019073486328125</ele>
        <time>2024-12-16T14:09:07.000Z</time>
        <extensions>
          <ns3:TrackPointExtension>
            <ns3:hr>148</ns3:hr>
            <ns3:cad>90</ns3:cad>
          </ns3:TrackPointExtension>
        </extensions>
      </trkpt>
      <trkpt lat="30.4417183063924312591552734375" lon="120.26834744028747081756591796875">
        <ele>5</ele>
        <time>2024-12-16T14:09:08.000Z</time>
        <extensions>
          <ns3:TrackPointExtension>
            <ns3:hr>147</ns3:hr>
            <ns3:cad>90</ns3:cad>
          </ns3:TrackPointExtension>
        </extensions>
      </trkpt>
      <trkpt lat="30.44169710017740726470947265625" lon="120.268357582390308380126953125">
        <ele>5</ele>
        <time>2024-12-16T14:09:09.000Z</time>
        <extensions>
          <ns3:TrackPointExtension>
            <ns3:hr>147</ns3:hr>
            <ns3:cad>90</ns3:cad>
          </ns3:TrackPointExtension>
        </extensions>
      </trkpt>
      <trkpt lat="30.44167815707623958587646484375" lon="120.2683735080063343048095703125">
        <ele>5</ele>
        <time>2024-12-16T14:09:10.000Z</time>
        <extensions>
          <ns3:TrackPointExtension>
            <ns3:hr>147</ns3:hr>
            <ns3:cad>89</ns3:cad>
          </ns3:TrackPointExtension>
        </extensions>
      </trkpt>
      <trkpt lat="30.44165133498609066009521484375" lon="120.2683885954320430755615234375">
        <ele>5</ele>
        <time>2024-12-16T14:09:11.000Z</time>
        <extensions>
          <ns3:TrackPointExtension>
            <ns3:hr>147</ns3:hr>
            <ns3:cad>89</ns3:cad>
          </ns3:TrackPointExtension>
        </extensions>
      </trkpt>
      <trkpt lat="30.44162417761981487274169921875" lon="120.26840611360967159271240234375">
        <ele>5</ele>
        <time>2024-12-16T14:09:12.000Z</time>
        <extensions>
          <ns3:TrackPointExtension>
            <ns3:hr>147</ns3:hr>
            <ns3:cad>89</ns3:cad>
          </ns3:TrackPointExtension>
        </extensions>
      </trkpt>
      <trkpt lat="30.4415989480912685394287109375" lon="120.26842094957828521728515625">
        <ele>5</ele>
        <time>2024-12-16T14:09:13.000Z</time>
        <extensions>
          <ns3:TrackPointExtension>
            <ns3:hr>147</ns3:hr>
            <ns3:cad>90</ns3:cad>
          </ns3:TrackPointExtension>
        </extensions>
      </trkpt>
      <trkpt lat="30.44157304801046848297119140625" lon="120.26844114996492862701416015625">
        <ele>5.19999980926513671875</ele>
        <time>2024-12-16T14:09:14.000Z</time>
        <extensions>
          <ns3:TrackPointExtension>
            <ns3:hr>148</ns3:hr>
            <ns3:cad>90</ns3:cad>
          </ns3:TrackPointExtension>
        </extensions>
      </trkpt>
      <trkpt lat="30.44155091978609561920166015625" lon="120.26846009306609630584716796875">
        <ele>5.19999980926513671875</ele>
        <time>2024-12-16T14:09:15.000Z</time>
        <extensions>
          <ns3:TrackPointExtension>
            <ns3:hr>148</ns3:hr>
            <ns3:cad>92</ns3:cad>
          </ns3:TrackPointExtension>
        </extensions>
      </trkpt>
      <trkpt lat="30.44152946211397647857666015625" lon="120.2684807963669300079345703125">
        <ele>5.19999980926513671875</ele>
        <time>2024-12-16T14:09:16.000Z</time>
        <extensions>
          <ns3:TrackPointExtension>
            <ns3:hr>148</ns3:hr>
            <ns3:cad>93</ns3:cad>
          </ns3:TrackPointExtension>
        </extensions>
      </trkpt>
      <trkpt lat="30.4415100999176502227783203125" lon="120.26850770227611064910888671875">
        <ele>5</ele>
        <time>2024-12-16T14:09:17.000Z</time>
        <extensions>
          <ns3:TrackPointExtension>
            <ns3:hr>148</ns3:hr>
            <ns3:cad>93</ns3:cad>
          </ns3:TrackPointExtension>
        </extensions>
      </trkpt>
      <trkpt lat="30.441484786570072174072265625" lon="120.26851960457861423492431640625">
        <ele>5</ele>
        <time>2024-12-16T14:09:18.000Z</time>
        <extensions>
          <ns3:TrackPointExtension>
            <ns3:hr>148</ns3:hr>
            <ns3:cad>93</ns3:cad>
          </ns3:TrackPointExtension>
        </extensions>
      </trkpt>
      <trkpt lat="30.44146324507892131805419921875" lon="120.26853636838495731353759765625">
        <ele>5</ele>
        <time>2024-12-16T14:09:19.000Z</time>
        <extensions>
          <ns3:TrackPointExtension>
            <ns3:hr>148</ns3:hr>
            <ns3:cad>93</ns3:cad>
          </ns3:TrackPointExtension>
        </extensions>
      </trkpt>
      <trkpt lat="30.44144312851130962371826171875" lon="120.26855296455323696136474609375">
        <ele>5</ele>
        <time>2024-12-16T14:09:20.000Z</time>
        <extensions>
          <ns3:TrackPointExtension>
            <ns3:hr>149</ns3:hr>
            <ns3:cad>93</ns3:cad>
          </ns3:TrackPointExtension>
        </extensions>
      </trkpt>
      <trkpt lat="30.441420078277587890625" lon="120.2685605920851230621337890625">
        <ele>5.19999980926513671875</ele>
        <time>2024-12-16T14:09:21.000Z</time>
        <extensions>
          <ns3:TrackPointExtension>
            <ns3:hr>149</ns3:hr>
            <ns3:cad>93</ns3:cad>
          </ns3:TrackPointExtension>
        </extensions>
      </trkpt>
      <trkpt lat="30.4413974471390247344970703125" lon="120.2685699798166751861572265625">
        <ele>5.19999980926513671875</ele>
        <time>2024-12-16T14:09:22.000Z</time>
        <extensions>
          <ns3:TrackPointExtension>
            <ns3:hr>149</ns3:hr>
            <ns3:cad>93</ns3:cad>
          </ns3:TrackPointExtension>
        </extensions>
      </trkpt>
      <trkpt lat="30.44136987067759037017822265625" lon="120.2685760147869586944580078125">
        <ele>5</ele>
        <time>2024-12-16T14:09:23.000Z</time>
        <extensions>
          <ns3:TrackPointExtension>
            <ns3:hr>149</ns3:hr>
            <ns3:cad>93</ns3:cad>
          </ns3:TrackPointExtension>
        </extensions>
      </trkpt>
      <trkpt lat="30.441345311701297760009765625" lon="120.2685857377946376800537109375">
        <ele>4.80000019073486328125</ele>
        <time>2024-12-16T14:09:24.000Z</time>
        <extensions>
          <ns3:TrackPointExtension>
            <ns3:hr>149</ns3:hr>
            <ns3:cad>93</ns3:cad>
          </ns3:TrackPointExtension>
        </extensions>
      </trkpt>
      <trkpt lat="30.441323854029178619384765625" lon="120.268603004515171051025390625">
        <ele>4.80000019073486328125</ele>
        <time>2024-12-16T14:09:25.000Z</time>
        <extensions>
          <ns3:TrackPointExtension>
            <ns3:hr>149</ns3:hr>
            <ns3:cad>93</ns3:cad>
          </ns3:TrackPointExtension>
        </extensions>
      </trkpt>
      <trkpt lat="30.44130675494670867919921875" lon="120.26862085796892642974853515625">
        <ele>4.599999904632568359375</ele>
        <time>2024-12-16T14:09:26.000Z</time>
        <extensions>
          <ns3:TrackPointExtension>
            <ns3:hr>149</ns3:hr>
            <ns3:cad>93</ns3:cad>
          </ns3:TrackPointExtension>
        </extensions>
      </trkpt>
      <trkpt lat="30.44128621928393840789794921875" lon="120.26864080689847469329833984375">
        <ele>4.599999904632568359375</ele>
        <time>2024-12-16T14:09:27.000Z</time>
        <extensions>
          <ns3:TrackPointExtension>
            <ns3:hr>150</ns3:hr>
            <ns3:cad>93</ns3:cad>
          </ns3:TrackPointExtension>
        </extensions>
      </trkpt>
      <trkpt lat="30.44126308523118495941162109375" lon="120.26865857653319835662841796875">
        <ele>4.599999904632568359375</ele>
        <time>2024-12-16T14:09:28.000Z</time>
        <extensions>
          <ns3:TrackPointExtension>
            <ns3:hr>150</ns3:hr>
            <ns3:cad>92</ns3:cad>
          </ns3:TrackPointExtension>
        </extensions>
      </trkpt>
      <trkpt lat="30.44123659841716289520263671875" lon="120.26868112385272979736328125">
        <ele>4.400000095367431640625</ele>
        <time>2024-12-16T14:09:29.000Z</time>
        <extensions>
          <ns3:TrackPointExtension>
            <ns3:hr>150</ns3:hr>
            <ns3:cad>91</ns3:cad>
          </ns3:TrackPointExtension>
        </extensions>
      </trkpt>
      <trkpt lat="30.44121363200247287750244140625" lon="120.2686993964016437530517578125">
        <ele>4.400000095367431640625</ele>
        <time>2024-12-16T14:09:30.000Z</time>
        <extensions>
          <ns3:TrackPointExtension>
            <ns3:hr>151</ns3:hr>
            <ns3:cad>91</ns3:cad>
          </ns3:TrackPointExtension>
        </extensions>
      </trkpt>
      <trkpt lat="30.44119200669229030609130859375" lon="120.26871339417994022369384765625">
        <ele>4.400000095367431640625</ele>
        <time>2024-12-16T14:09:31.000Z</time>
        <extensions>
          <ns3:TrackPointExtension>
            <ns3:hr>151</ns3:hr>
            <ns3:cad>90</ns3:cad>
          </ns3:TrackPointExtension>
        </extensions>
      </trkpt>
      <trkpt lat="30.44117398560047149658203125" lon="120.2687242068350315093994140625">
        <ele>4.400000095367431640625</ele>
        <time>2024-12-16T14:09:32.000Z</time>
        <extensions>
          <ns3:TrackPointExtension>
            <ns3:hr>151</ns3:hr>
            <ns3:cad>90</ns3:cad>
          </ns3:TrackPointExtension>
        </extensions>
      </trkpt>
      <trkpt lat="30.44115596450865268707275390625" lon="120.2687366120517253875732421875">
        <ele>4.19999980926513671875</ele>
        <time>2024-12-16T14:09:33.000Z</time>
        <extensions>
          <ns3:TrackPointExtension>
            <ns3:hr>151</ns3:hr>
            <ns3:cad>90</ns3:cad>
          </ns3:TrackPointExtension>
        </extensions>
      </trkpt>
      <trkpt lat="30.44113601557910442352294921875" lon="120.2687510289251804351806640625">
        <ele>4.19999980926513671875</ele>
        <time>2024-12-16T14:09:34.000Z</time>
        <extensions>
          <ns3:TrackPointExtension>
            <ns3:hr>151</ns3:hr>
            <ns3:cad>90</ns3:cad>
          </ns3:TrackPointExtension>
        </extensions>
      </trkpt>
      <trkpt lat="30.44112034142017364501953125" lon="120.26876385323703289031982421875">
        <ele>4.19999980926513671875</ele>
        <time>2024-12-16T14:09:35.000Z</time>
        <extensions>
          <ns3:TrackPointExtension>
            <ns3:hr>152</ns3:hr>
            <ns3:cad>90</ns3:cad>
          </ns3:TrackPointExtension>
        </extensions>
      </trkpt>
      <trkpt lat="30.441115312278270721435546875" lon="120.2687756717205047607421875">
        <ele>4.19999980926513671875</ele>
        <time>2024-12-16T14:09:36.000Z</time>
        <extensions>
          <ns3:TrackPointExtension>
            <ns3:hr>152</ns3:hr>
            <ns3:cad>88</ns3:cad>
          </ns3:TrackPointExtension>
        </extensions>
      </trkpt>
      <trkpt lat="30.4411060921847820281982421875" lon="120.26877910830080509185791015625">
        <ele>4.19999980926513671875</ele>
        <time>2024-12-16T14:09:37.000Z</time>
        <extensions>
          <ns3:TrackPointExtension>
            <ns3:hr>152</ns3:hr>
            <ns3:cad>88</ns3:cad>
          </ns3:TrackPointExtension>
        </extensions>
      </trkpt>
      <trkpt lat="30.441095530986785888671875" lon="120.26879243552684783935546875">
        <ele>4</ele>
        <time>2024-12-16T14:09:38.000Z</time>
        <extensions>
          <ns3:TrackPointExtension>
            <ns3:hr>153</ns3:hr>
            <ns3:cad>88</ns3:cad>
          </ns3:TrackPointExtension>
        </extensions>
      </trkpt>
      <trkpt lat="30.44108723290264606475830078125" lon="120.26879511773586273193359375">
        <ele>4</ele>
        <time>2024-12-16T14:09:39.000Z</time>
        <extensions>
          <ns3:TrackPointExtension>
            <ns3:hr>153</ns3:hr>
            <ns3:cad>88</ns3:cad>
          </ns3:TrackPointExtension>
        </extensions>
      </trkpt>
      <trkpt lat="30.44107667170464992523193359375" lon="120.2687909267842769622802734375">
        <ele>4</ele>
        <time>2024-12-16T14:09:40.000Z</time>
        <extensions>
          <ns3:TrackPointExtension>
            <ns3:hr>153</ns3:hr>
            <ns3:cad>0</ns3:cad>
          </ns3:TrackPointExtension>
        </extensions>
      </trkpt>
      <trkpt lat="30.4410705529153347015380859375" lon="120.268795788288116455078125">
        <ele>4</ele>
        <time>2024-12-16T14:09:41.000Z</time>
        <extensions>
          <ns3:TrackPointExtension>
            <ns3:hr>153</ns3:hr>
            <ns3:cad>0</ns3:cad>
          </ns3:TrackPointExtension>
        </extensions>
      </trkpt>
      <trkpt lat="30.441063009202480316162109375" lon="120.26880760677158832550048828125">
        <ele>4</ele>
        <time>2024-12-16T14:09:42.000Z</time>
        <extensions>
          <ns3:TrackPointExtension>
            <ns3:hr>153</ns3:hr>
            <ns3:cad>0</ns3:cad>
          </ns3:TrackPointExtension>
        </extensions>
      </trkpt>
      <trkpt lat="30.44105119071900844573974609375" lon="120.2688113786280155181884765625">
        <ele>4.19999980926513671875</ele>
        <time>2024-12-16T14:09:43.000Z</time>
        <extensions>
          <ns3:TrackPointExtension>
            <ns3:hr>153</ns3:hr>
            <ns3:cad>0</ns3:cad>
          </ns3:TrackPointExtension>
        </extensions>
      </trkpt>
      <trkpt lat="30.44103811495006084442138671875" lon="120.2688187547028064727783203125">
        <ele>4.19999980926513671875</ele>
        <time>2024-12-16T14:09:44.000Z</time>
        <extensions>
          <ns3:TrackPointExtension>
            <ns3:hr>152</ns3:hr>
            <ns3:cad>0</ns3:cad>
          </ns3:TrackPointExtension>
        </extensions>
      </trkpt>
      <trkpt lat="30.44102822430431842803955078125" lon="120.2688281424343585968017578125">
        <ele>4.19999980926513671875</ele>
        <time>2024-12-16T14:09:45.000Z</time>
        <extensions>
          <ns3:TrackPointExtension>
            <ns3:hr>152</ns3:hr>
            <ns3:cad>62</ns3:cad>
          </ns3:TrackPointExtension>
        </extensions>
      </trkpt>
      <trkpt lat="30.44101548381149768829345703125" lon="120.2688331715762615203857421875">
        <ele>4.400000095367431640625</ele>
        <time>2024-12-16T14:09:46.000Z</time>
        <extensions>
          <ns3:TrackPointExtension>
            <ns3:hr>152</ns3:hr>
            <ns3:cad>63</ns3:cad>
          </ns3:TrackPointExtension>
        </extensions>
      </trkpt>
      <trkpt lat="30.44100592844188213348388671875" lon="120.26883375830948352813720703125">
        <ele>4.400000095367431640625</ele>
        <time>2024-12-16T14:09:47.000Z</time>
        <extensions>
          <ns3:TrackPointExtension>
            <ns3:hr>152</ns3:hr>
            <ns3:cad>64</ns3:cad>
          </ns3:TrackPointExtension>
        </extensions>
      </trkpt>
      <trkpt lat="30.44099587015807628631591796875" lon="120.26884473860263824462890625">
        <ele>4.599999904632568359375</ele>
        <time>2024-12-16T14:09:48.000Z</time>
        <extensions>
          <ns3:TrackPointExtension>
            <ns3:hr>151</ns3:hr>
            <ns3:cad>64</ns3:cad>
          </ns3:TrackPointExtension>
        </extensions>
      </trkpt>
      <trkpt lat="30.440987236797809600830078125" lon="120.2688516117632389068603515625">
        <ele>4.599999904632568359375</ele>
        <time>2024-12-16T14:09:49.000Z</time>
        <extensions>
          <ns3:TrackPointExtension>
            <ns3:hr>151</ns3:hr>
            <ns3:cad>64</ns3:cad>
          </ns3:TrackPointExtension>
        </extensions>
      </trkpt>
      <trkpt lat="30.44097759760916233062744140625" lon="120.2688599936664104461669921875">
        <ele>4.599999904632568359375</ele>
        <time>2024-12-16T14:09:50.000Z</time>
        <extensions>
          <ns3:TrackPointExtension>
            <ns3:hr>151</ns3:hr>
            <ns3:cad>0</ns3:cad>
          </ns3:TrackPointExtension>
        </extensions>
      </trkpt>
      <trkpt lat="30.4409642703831195831298828125" lon="120.2688663639128208160400390625">
        <ele>4.80000019073486328125</ele>
        <time>2024-12-16T14:09:51.000Z</time>
        <extensions>
          <ns3:TrackPointExtension>
            <ns3:hr>150</ns3:hr>
            <ns3:cad>0</ns3:cad>
          </ns3:TrackPointExtension>
        </extensions>
      </trkpt>
      <trkpt lat="30.44095337390899658203125" lon="120.2688747458159923553466796875">
        <ele>4.80000019073486328125</ele>
        <time>2024-12-16T14:09:52.000Z</time>
        <extensions>
          <ns3:TrackPointExtension>
            <ns3:hr>149</ns3:hr>
            <ns3:cad>0</ns3:cad>
          </ns3:TrackPointExtension>
        </extensions>
      </trkpt>
      <trkpt lat="30.44094658456742763519287109375" lon="120.26888228952884674072265625">
        <ele>4.80000019073486328125</ele>
        <time>2024-12-16T14:09:53.000Z</time>
        <extensions>
          <ns3:TrackPointExtension>
            <ns3:hr>147</ns3:hr>
            <ns3:cad>0</ns3:cad>
          </ns3:TrackPointExtension>
        </extensions>
      </trkpt>
      <trkpt lat="30.44094138778746128082275390625" lon="120.2688896656036376953125">
        <ele>5</ele>
        <time>2024-12-16T14:09:54.000Z</time>
        <extensions>
          <ns3:TrackPointExtension>
            <ns3:hr>146</ns3:hr>
            <ns3:cad>0</ns3:cad>
          </ns3:TrackPointExtension>
        </extensions>
      </trkpt>
      <trkpt lat="30.44093283824622631072998046875" lon="120.26889712549746036529541015625">
        <ele>5</ele>
        <time>2024-12-16T14:09:55.000Z</time>
        <extensions>
          <ns3:TrackPointExtension>
            <ns3:hr>148</ns3:hr>
            <ns3:cad>0</ns3:cad>
          </ns3:TrackPointExtension>
        </extensions>
      </trkpt>
      <trkpt lat="30.44091858901083469390869140625" lon="120.26890232227742671966552734375">
        <ele>5</ele>
        <time>2024-12-16T14:09:56.000Z</time>
        <extensions>
          <ns3:TrackPointExtension>
            <ns3:hr>145</ns3:hr>
            <ns3:cad>0</ns3:cad>
          </ns3:TrackPointExtension>
        </extensions>
      </trkpt>
      <trkpt lat="30.44090014882385730743408203125" lon="120.268914140760898590087890625">
        <ele>5.19999980926513671875</ele>
        <time>2024-12-16T14:09:57.000Z</time>
        <extensions>
          <ns3:TrackPointExtension>
            <ns3:hr>145</ns3:hr>
            <ns3:cad>0</ns3:cad>
          </ns3:TrackPointExtension>
        </extensions>
      </trkpt>
      <trkpt lat="30.4408821277320384979248046875" lon="120.26893149130046367645263671875">
        <ele>5.19999980926513671875</ele>
        <time>2024-12-16T14:09:58.000Z</time>
        <extensions>
          <ns3:TrackPointExtension>
            <ns3:hr>144</ns3:hr>
            <ns3:cad>0</ns3:cad>
          </ns3:TrackPointExtension>
        </extensions>
      </trkpt>
      <trkpt lat="30.4408593289554119110107421875" lon="120.26894532144069671630859375">
        <ele>5.19999980926513671875</ele>
        <time>2024-12-16T14:09:59.000Z</time>
        <extensions>
          <ns3:TrackPointExtension>
            <ns3:hr>144</ns3:hr>
            <ns3:cad>0</ns3:cad>
          </ns3:TrackPointExtension>
        </extensions>
      </trkpt>
      <trkpt lat="30.44083678163588047027587890625" lon="120.26895831339061260223388671875">
        <ele>5.19999980926513671875</ele>
        <time>2024-12-16T14:10:00.000Z</time>
        <extensions>
          <ns3:TrackPointExtension>
            <ns3:hr>144</ns3:hr>
            <ns3:cad>33</ns3:cad>
          </ns3:TrackPointExtension>
        </extensions>
      </trkpt>
      <trkpt lat="30.44081465341150760650634765625" lon="120.2689687907695770263671875">
        <ele>5.400000095367431640625</ele>
        <time>2024-12-16T14:10:01.000Z</time>
        <extensions>
          <ns3:TrackPointExtension>
            <ns3:hr>144</ns3:hr>
            <ns3:cad>90</ns3:cad>
          </ns3:TrackPointExtension>
        </extensions>
      </trkpt>
      <trkpt lat="30.44079084880650043487548828125" lon="120.268978178501129150390625">
        <ele>5.400000095367431640625</ele>
        <time>2024-12-16T14:10:02.000Z</time>
        <extensions>
          <ns3:TrackPointExtension>
            <ns3:hr>144</ns3:hr>
            <ns3:cad>90</ns3:cad>
          </ns3:TrackPointExtension>
        </extensions>
      </trkpt>
      <trkpt lat="30.4407688044011592864990234375" lon="120.26899234391748905181884765625">
        <ele>5.400000095367431640625</ele>
        <time>2024-12-16T14:10:03.000Z</time>
        <extensions>
          <ns3:TrackPointExtension>
            <ns3:hr>143</ns3:hr>
            <ns3:cad>90</ns3:cad>
          </ns3:TrackPointExtension>
        </extensions>
      </trkpt>
      <trkpt lat="30.44074491597712039947509765625" lon="120.26900474913418292999267578125">
        <ele>5.19999980926513671875</ele>
        <time>2024-12-16T14:10:04.000Z</time>
        <extensions>
          <ns3:TrackPointExtension>
            <ns3:hr>144</ns3:hr>
            <ns3:cad>91</ns3:cad>
          </ns3:TrackPointExtension>
        </extensions>
      </trkpt>
      <trkpt lat="30.440722368657588958740234375" lon="120.2690132148563861846923828125">
        <ele>5.19999980926513671875</ele>
        <time>2024-12-16T14:10:05.000Z</time>
        <extensions>
          <ns3:TrackPointExtension>
            <ns3:hr>144</ns3:hr>
            <ns3:cad>91</ns3:cad>
          </ns3:TrackPointExtension>
        </extensions>
      </trkpt>
      <trkpt lat="30.44069915078580379486083984375" lon="120.26902176439762115478515625">
        <ele>5.19999980926513671875</ele>
        <time>2024-12-16T14:10:06.000Z</time>
        <extensions>
          <ns3:TrackPointExtension>
            <ns3:hr>144</ns3:hr>
            <ns3:cad>91</ns3:cad>
          </ns3:TrackPointExtension>
        </extensions>
      </trkpt>
      <trkpt lat="30.44067668728530406951904296875" lon="120.26903249323368072509765625">
        <ele>5.19999980926513671875</ele>
        <time>2024-12-16T14:10:07.000Z</time>
        <extensions>
          <ns3:TrackPointExtension>
            <ns3:hr>144</ns3:hr>
            <ns3:cad>91</ns3:cad>
          </ns3:TrackPointExtension>
        </extensions>
      </trkpt>
      <trkpt lat="30.440662018954753875732421875" lon="120.26904447935521602630615234375">
        <ele>5.19999980926513671875</ele>
        <time>2024-12-16T14:10:08.000Z</time>
        <extensions>
          <ns3:TrackPointExtension>
            <ns3:hr>145</ns3:hr>
            <ns3:cad>91</ns3:cad>
          </ns3:TrackPointExtension>
        </extensions>
      </trkpt>
      <trkpt lat="30.44064559042453765869140625" lon="120.2690578065812587738037109375">
        <ele>5.19999980926513671875</ele>
        <time>2024-12-16T14:10:09.000Z</time>
        <extensions>
          <ns3:TrackPointExtension>
            <ns3:hr>145</ns3:hr>
            <ns3:cad>91</ns3:cad>
          </ns3:TrackPointExtension>
        </extensions>
      </trkpt>
      <trkpt lat="30.440625809133052825927734375" lon="120.26907130144536495208740234375">
        <ele>5</ele>
        <time>2024-12-16T14:10:10.000Z</time>
        <extensions>
          <ns3:TrackPointExtension>
            <ns3:hr>145</ns3:hr>
            <ns3:cad>90</ns3:cad>
          </ns3:TrackPointExtension>
        </extensions>
      </trkpt>
      <trkpt lat="30.440600328147411346435546875" lon="120.26907733641564846038818359375">
        <ele>5</ele>
        <time>2024-12-16T14:10:11.000Z</time>
        <extensions>
          <ns3:TrackPointExtension>
            <ns3:hr>146</ns3:hr>
            <ns3:cad>89</ns3:cad>
          </ns3:TrackPointExtension>
        </extensions>
      </trkpt>
      <trkpt lat="30.44057727791368961334228515625" lon="120.2690879814326763153076171875">
        <ele>5</ele>
        <time>2024-12-16T14:10:12.000Z</time>
        <extensions>
          <ns3:TrackPointExtension>
            <ns3:hr>146</ns3:hr>
            <ns3:cad>89</ns3:cad>
          </ns3:TrackPointExtension>
        </extensions>
      </trkpt>
      <trkpt lat="30.4405538924038410186767578125" lon="120.26910147629678249359130859375">
        <ele>5</ele>
        <time>2024-12-16T14:10:13.000Z</time>
        <extensions>
          <ns3:TrackPointExtension>
            <ns3:hr>146</ns3:hr>
            <ns3:cad>89</ns3:cad>
          </ns3:TrackPointExtension>
        </extensions>
      </trkpt>
      <trkpt lat="30.44053385965526103973388671875" lon="120.2691158093512058258056640625">
        <ele>4.80000019073486328125</ele>
        <time>2024-12-16T14:10:14.000Z</time>
        <extensions>
          <ns3:TrackPointExtension>
            <ns3:hr>146</ns3:hr>
            <ns3:cad>89</ns3:cad>
          </ns3:TrackPointExtension>
        </extensions>
      </trkpt>
      <trkpt lat="30.4405093006789684295654296875" lon="120.26912846602499485015869140625">
        <ele>4.80000019073486328125</ele>
        <time>2024-12-16T14:10:15.000Z</time>
        <extensions>
          <ns3:TrackPointExtension>
            <ns3:hr>146</ns3:hr>
            <ns3:cad>90</ns3:cad>
          </ns3:TrackPointExtension>
        </extensions>
      </trkpt>
      <trkpt lat="30.44048599898815155029296875" lon="120.26914221234619617462158203125">
        <ele>4.80000019073486328125</ele>
        <time>2024-12-16T14:10:16.000Z</time>
        <extensions>
          <ns3:TrackPointExtension>
            <ns3:hr>146</ns3:hr>
            <ns3:cad>90</ns3:cad>
          </ns3:TrackPointExtension>
        </extensions>
      </trkpt>
      <trkpt lat="30.44046311639249324798583984375" lon="120.2691510133445262908935546875">
        <ele>4.80000019073486328125</ele>
        <time>2024-12-16T14:10:17.000Z</time>
        <extensions>
          <ns3:TrackPointExtension>
            <ns3:hr>146</ns3:hr>
            <ns3:cad>90</ns3:cad>
          </ns3:TrackPointExtension>
        </extensions>
      </trkpt>
      <trkpt lat="30.44043906033039093017578125" lon="120.26915914379060268402099609375">
        <ele>4.80000019073486328125</ele>
        <time>2024-12-16T14:10:18.000Z</time>
        <extensions>
          <ns3:TrackPointExtension>
            <ns3:hr>146</ns3:hr>
            <ns3:cad>90</ns3:cad>
          </ns3:TrackPointExtension>
        </extensions>
      </trkpt>
      <trkpt lat="30.4404170997440814971923828125" lon="120.2691711299121379852294921875">
        <ele>4.599999904632568359375</ele>
        <time>2024-12-16T14:10:19.000Z</time>
        <extensions>
          <ns3:TrackPointExtension>
            <ns3:hr>146</ns3:hr>
            <ns3:cad>90</ns3:cad>
          </ns3:TrackPointExtension>
        </extensions>
      </trkpt>
      <trkpt lat="30.440399162471294403076171875" lon="120.2691753208637237548828125">
        <ele>4.599999904632568359375</ele>
        <time>2024-12-16T14:10:20.000Z</time>
        <extensions>
          <ns3:TrackPointExtension>
            <ns3:hr>146</ns3:hr>
            <ns3:cad>90</ns3:cad>
          </ns3:TrackPointExtension>
        </extensions>
      </trkpt>
      <trkpt lat="30.44038466177880764007568359375" lon="120.26918881572782993316650390625">
        <ele>4.599999904632568359375</ele>
        <time>2024-12-16T14:10:21.000Z</time>
        <extensions>
          <ns3:TrackPointExtension>
            <ns3:hr>146</ns3:hr>
            <ns3:cad>90</ns3:cad>
          </ns3:TrackPointExtension>
        </extensions>
      </trkpt>
      <trkpt lat="30.44037527404725551605224609375" lon="120.26919786818325519561767578125">
        <ele>4.599999904632568359375</ele>
        <time>2024-12-16T14:10:22.000Z</time>
        <extensions>
          <ns3:TrackPointExtension>
            <ns3:hr>146</ns3:hr>
            <ns3:cad>90</ns3:cad>
          </ns3:TrackPointExtension>
        </extensions>
      </trkpt>
      <trkpt lat="30.44036320410668849945068359375" lon="120.26920239441096782684326171875">
        <ele>4.599999904632568359375</ele>
        <time>2024-12-16T14:10:23.000Z</time>
        <extensions>
          <ns3:TrackPointExtension>
            <ns3:hr>146</ns3:hr>
            <ns3:cad>90</ns3:cad>
          </ns3:TrackPointExtension>
        </extensions>
      </trkpt>
      <trkpt lat="30.440352894365787506103515625" lon="120.2692036516964435577392578125">
        <ele>4.599999904632568359375</ele>
        <time>2024-12-16T14:10:24.000Z</time>
        <extensions>
          <ns3:TrackPointExtension>
            <ns3:hr>146</ns3:hr>
            <ns3:cad>0</ns3:cad>
          </ns3:TrackPointExtension>
        </extensions>
      </trkpt>
      <trkpt lat="30.44034258462488651275634765625" lon="120.26921412907540798187255859375">
        <ele>4.599999904632568359375</ele>
        <time>2024-12-16T14:10:25.000Z</time>
        <extensions>
          <ns3:TrackPointExtension>
            <ns3:hr>146</ns3:hr>
            <ns3:cad>0</ns3:cad>
          </ns3:TrackPointExtension>
        </extensions>
      </trkpt>
      <trkpt lat="30.44032699428498744964599609375" lon="120.26921278797090053558349609375">
        <ele>4.599999904632568359375</ele>
        <time>2024-12-16T14:10:26.000Z</time>
        <extensions>
          <ns3:TrackPointExtension>
            <ns3:hr>146</ns3:hr>
            <ns3:cad>0</ns3:cad>
          </ns3:TrackPointExtension>
        </extensions>
      </trkpt>
      <trkpt lat="30.4403198696672916412353515625" lon="120.26921815238893032073974609375">
        <ele>4.599999904632568359375</ele>
        <time>2024-12-16T14:10:27.000Z</time>
        <extensions>
          <ns3:TrackPointExtension>
            <ns3:hr>146</ns3:hr>
            <ns3:cad>0</ns3:cad>
          </ns3:TrackPointExtension>
        </extensions>
      </trkpt>
      <trkpt lat="30.44030897319316864013671875" lon="120.2692324854433536529541015625">
        <ele>4.400000095367431640625</ele>
        <time>2024-12-16T14:10:28.000Z</time>
        <extensions>
          <ns3:TrackPointExtension>
            <ns3:hr>146</ns3:hr>
            <ns3:cad>0</ns3:cad>
          </ns3:TrackPointExtension>
        </extensions>
      </trkpt>
      <trkpt lat="30.44030226767063140869140625" lon="120.26925117708742618560791015625">
        <ele>4.400000095367431640625</ele>
        <time>2024-12-16T14:10:29.000Z</time>
        <extensions>
          <ns3:TrackPointExtension>
            <ns3:hr>145</ns3:hr>
            <ns3:cad>0</ns3:cad>
          </ns3:TrackPointExtension>
        </extensions>
      </trkpt>
      <trkpt lat="30.44028843753039836883544921875" lon="120.26926090009510517120361328125">
        <ele>4.400000095367431640625</ele>
        <time>2024-12-16T14:10:30.000Z</time>
        <extensions>
          <ns3:TrackPointExtension>
            <ns3:hr>144</ns3:hr>
            <ns3:cad>61</ns3:cad>
          </ns3:TrackPointExtension>
        </extensions>
      </trkpt>
      <trkpt lat="30.44027544558048248291015625" lon="120.26926844380795955657958984375">
        <ele>4.400000095367431640625</ele>
        <time>2024-12-16T14:10:31.000Z</time>
        <extensions>
          <ns3:TrackPointExtension>
            <ns3:hr>143</ns3:hr>
            <ns3:cad>61</ns3:cad>
          </ns3:TrackPointExtension>
        </extensions>
      </trkpt>
      <trkpt lat="30.440257005393505096435546875" lon="120.2692760713398456573486328125">
        <ele>4.400000095367431640625</ele>
        <time>2024-12-16T14:10:32.000Z</time>
        <extensions>
          <ns3:TrackPointExtension>
            <ns3:hr>142</ns3:hr>
            <ns3:cad>61</ns3:cad>
          </ns3:TrackPointExtension>
        </extensions>
      </trkpt>
      <trkpt lat="30.4402400739490985870361328125" lon="120.26928596198558807373046875">
        <ele>4.19999980926513671875</ele>
        <time>2024-12-16T14:10:33.000Z</time>
        <extensions>
          <ns3:TrackPointExtension>
            <ns3:hr>141</ns3:hr>
            <ns3:cad>61</ns3:cad>
          </ns3:TrackPointExtension>
        </extensions>
      </trkpt>
      <trkpt lat="30.44022087939083576202392578125" lon="120.26929677464067935943603515625">
        <ele>4.19999980926513671875</ele>
        <time>2024-12-16T14:10:34.000Z</time>
        <extensions>
          <ns3:TrackPointExtension>
            <ns3:hr>141</ns3:hr>
            <ns3:cad>61</ns3:cad>
          </ns3:TrackPointExtension>
        </extensions>
      </trkpt>
      <trkpt lat="30.44020570814609527587890625" lon="120.269305072724819183349609375">
        <ele>4.19999980926513671875</ele>
        <time>2024-12-16T14:10:35.000Z</time>
        <extensions>
          <ns3:TrackPointExtension>
            <ns3:hr>140</ns3:hr>
            <ns3:cad>63</ns3:cad>
          </ns3:TrackPointExtension>
        </extensions>
      </trkpt>
      <trkpt lat="30.440191961824893951416015625" lon="120.269310437142848968505859375">
        <ele>4.19999980926513671875</ele>
        <time>2024-12-16T14:10:36.000Z</time>
        <extensions>
          <ns3:TrackPointExtension>
            <ns3:hr>139</ns3:hr>
            <ns3:cad>64</ns3:cad>
          </ns3:TrackPointExtension>
        </extensions>
      </trkpt>
      <trkpt lat="30.4401790536940097808837890625" lon="120.26931605301797389984130859375">
        <ele>4.19999980926513671875</ele>
        <time>2024-12-16T14:10:37.000Z</time>
        <extensions>
          <ns3:TrackPointExtension>
            <ns3:hr>138</ns3:hr>
            <ns3:cad>64</ns3:cad>
          </ns3:TrackPointExtension>
        </extensions>
      </trkpt>
      <trkpt lat="30.44016304425895214080810546875" lon="120.2693253569304943084716796875">
        <ele>4.19999980926513671875</ele>
        <time>2024-12-16T14:10:38.000Z</time>
        <extensions>
          <ns3:TrackPointExtension>
            <ns3:hr>138</ns3:hr>
            <ns3:cad>64</ns3:cad>
          </ns3:TrackPointExtension>
        </extensions>
      </trkpt>
      <trkpt lat="30.44014594517648220062255859375" lon="120.2693350799381732940673828125">
        <ele>4.400000095367431640625</ele>
        <time>2024-12-16T14:10:39.000Z</time>
        <extensions>
          <ns3:TrackPointExtension>
            <ns3:hr>138</ns3:hr>
            <ns3:cad>65</ns3:cad>
          </ns3:TrackPointExtension>
        </extensions>
      </trkpt>
      <trkpt lat="30.44013102538883686065673828125" lon="120.26934572495520114898681640625">
        <ele>4.400000095367431640625</ele>
        <time>2024-12-16T14:10:40.000Z</time>
        <extensions>
          <ns3:TrackPointExtension>
            <ns3:hr>138</ns3:hr>
            <ns3:cad>65</ns3:cad>
          </ns3:TrackPointExtension>
        </extensions>
      </trkpt>
      <trkpt lat="30.4401026107370853424072265625" lon="120.2693612314760684967041015625">
        <ele>4.400000095367431640625</ele>
        <time>2024-12-16T14:10:41.000Z</time>
        <extensions>
          <ns3:TrackPointExtension>
            <ns3:hr>138</ns3:hr>
            <ns3:cad>0</ns3:cad>
          </ns3:TrackPointExtension>
        </extensions>
      </trkpt>
      <trkpt lat="30.440080650150775909423828125" lon="120.26937313377857208251953125">
        <ele>4.599999904632568359375</ele>
        <time>2024-12-16T14:10:42.000Z</time>
        <extensions>
          <ns3:TrackPointExtension>
            <ns3:hr>138</ns3:hr>
            <ns3:cad>0</ns3:cad>
          </ns3:TrackPointExtension>
        </extensions>
      </trkpt>
      <trkpt lat="30.4400566779077053070068359375" lon="120.26938478462398052215576171875">
        <ele>4.80000019073486328125</ele>
        <time>2024-12-16T14:10:43.000Z</time>
        <extensions>
          <ns3:TrackPointExtension>
            <ns3:hr>138</ns3:hr>
            <ns3:cad>91</ns3:cad>
          </ns3:TrackPointExtension>
        </extensions>
      </trkpt>
      <trkpt lat="30.4400362260639667510986328125" lon="120.26939903385937213897705078125">
        <ele>4.80000019073486328125</ele>
        <time>2024-12-16T14:10:44.000Z</time>
        <extensions>
          <ns3:TrackPointExtension>
            <ns3:hr>137</ns3:hr>
            <ns3:cad>91</ns3:cad>
          </ns3:TrackPointExtension>
        </extensions>
      </trkpt>
      <trkpt lat="30.4400114156305789947509765625" lon="120.26941043324768543243408203125">
        <ele>5</ele>
        <time>2024-12-16T14:10:45.000Z</time>
        <extensions>
          <ns3:TrackPointExtension>
            <ns3:hr>137</ns3:hr>
            <ns3:cad>91</ns3:cad>
          </ns3:TrackPointExtension>
        </extensions>
      </trkpt>
      <trkpt lat="30.4399918019771575927734375" lon="120.26941780932247638702392578125">
        <ele>5</ele>
        <time>2024-12-16T14:10:46.000Z</time>
        <extensions>
          <ns3:TrackPointExtension>
            <ns3:hr>138</ns3:hr>
            <ns3:cad>91</ns3:cad>
          </ns3:TrackPointExtension>
        </extensions>
      </trkpt>
      <trkpt lat="30.4399617947638034820556640625" lon="120.269433148205280303955078125">
        <ele>5.19999980926513671875</ele>
        <time>2024-12-16T14:10:47.000Z</time>
        <extensions>
          <ns3:TrackPointExtension>
            <ns3:hr>138</ns3:hr>
            <ns3:cad>91</ns3:cad>
          </ns3:TrackPointExtension>
        </extensions>
      </trkpt>
      <trkpt lat="30.43993857689201831817626953125" lon="120.26944932527840137481689453125">
        <ele>5.400000095367431640625</ele>
        <time>2024-12-16T14:10:48.000Z</time>
        <extensions>
          <ns3:TrackPointExtension>
            <ns3:hr>138</ns3:hr>
            <ns3:cad>92</ns3:cad>
          </ns3:TrackPointExtension>
        </extensions>
      </trkpt>
      <trkpt lat="30.43991996906697750091552734375" lon="120.26946298778057098388671875">
        <ele>5.400000095367431640625</ele>
        <time>2024-12-16T14:10:49.000Z</time>
        <extensions>
          <ns3:TrackPointExtension>
            <ns3:hr>139</ns3:hr>
            <ns3:cad>92</ns3:cad>
          </ns3:TrackPointExtension>
        </extensions>
      </trkpt>
      <trkpt lat="30.4398903809487819671630859375" lon="120.26948385871946811676025390625">
        <ele>5.599999904632568359375</ele>
        <time>2024-12-16T14:10:50.000Z</time>
        <extensions>
          <ns3:TrackPointExtension>
            <ns3:hr>139</ns3:hr>
            <ns3:cad>92</ns3:cad>
          </ns3:TrackPointExtension>
        </extensions>
      </trkpt>
      <trkpt lat="30.43987219221889972686767578125" lon="120.26949794031679630279541015625">
        <ele>5.80000019073486328125</ele>
        <time>2024-12-16T14:10:51.000Z</time>
        <extensions>
          <ns3:TrackPointExtension>
            <ns3:hr>139</ns3:hr>
            <ns3:cad>92</ns3:cad>
          </ns3:TrackPointExtension>
        </extensions>
      </trkpt>
      <trkpt lat="30.439848639070987701416015625" lon="120.26951126754283905029296875">
        <ele>6</ele>
        <time>2024-12-16T14:10:52.000Z</time>
        <extensions>
          <ns3:TrackPointExtension>
            <ns3:hr>140</ns3:hr>
            <ns3:cad>93</ns3:cad>
          </ns3:TrackPointExtension>
        </extensions>
      </trkpt>
      <trkpt lat="30.439827851951122283935546875" lon="120.26952861808240413665771484375">
        <ele>6</ele>
        <time>2024-12-16T14:10:53.000Z</time>
        <extensions>
          <ns3:TrackPointExtension>
            <ns3:hr>140</ns3:hr>
            <ns3:cad>93</ns3:cad>
          </ns3:TrackPointExtension>
        </extensions>
      </trkpt>
      <trkpt lat="30.4398040473461151123046875" lon="120.2695473097264766693115234375">
        <ele>6</ele>
        <time>2024-12-16T14:10:54.000Z</time>
        <extensions>
          <ns3:TrackPointExtension>
            <ns3:hr>141</ns3:hr>
            <ns3:cad>92</ns3:cad>
          </ns3:TrackPointExtension>
        </extensions>
      </trkpt>
      <trkpt lat="30.4397757165133953094482421875" lon="120.269561894237995147705078125">
        <ele>6</ele>
        <time>2024-12-16T14:10:55.000Z</time>
        <extensions>
          <ns3:TrackPointExtension>
            <ns3:hr>141</ns3:hr>
            <ns3:cad>92</ns3:cad>
          </ns3:TrackPointExtension>
        </extensions>
      </trkpt>
      <trkpt lat="30.43975417502224445343017578125" lon="120.26958326809108257293701171875">
        <ele>6</ele>
        <time>2024-12-16T14:10:56.000Z</time>
        <extensions>
          <ns3:TrackPointExtension>
            <ns3:hr>141</ns3:hr>
            <ns3:cad>92</ns3:cad>
          </ns3:TrackPointExtension>
        </extensions>
      </trkpt>
      <trkpt lat="30.439725257456302642822265625" lon="120.26959852315485477447509765625">
        <ele>6</ele>
        <time>2024-12-16T14:10:57.000Z</time>
        <extensions>
          <ns3:TrackPointExtension>
            <ns3:hr>142</ns3:hr>
            <ns3:cad>92</ns3:cad>
          </ns3:TrackPointExtension>
        </extensions>
      </trkpt>
      <trkpt lat="30.43969684280455112457275390625" lon="120.26961076073348522186279296875">
        <ele>6</ele>
        <time>2024-12-16T14:10:58.000Z</time>
        <extensions>
          <ns3:TrackPointExtension>
            <ns3:hr>143</ns3:hr>
            <ns3:cad>92</ns3:cad>
          </ns3:TrackPointExtension>
        </extensions>
      </trkpt>
      <trkpt lat="30.43966867960989475250244140625" lon="120.26962392032146453857421875">
        <ele>6</ele>
        <time>2024-12-16T14:10:59.000Z</time>
        <extensions>
          <ns3:TrackPointExtension>
            <ns3:hr>143</ns3:hr>
            <ns3:cad>93</ns3:cad>
          </ns3:TrackPointExtension>
        </extensions>
      </trkpt>
      <trkpt lat="30.43964688666164875030517578125" lon="120.2696338109672069549560546875">
        <ele>6</ele>
        <time>2024-12-16T14:11:00.000Z</time>
        <extensions>
          <ns3:TrackPointExtension>
            <ns3:hr>144</ns3:hr>
            <ns3:cad>94</ns3:cad>
          </ns3:TrackPointExtension>
        </extensions>
      </trkpt>
      <trkpt lat="30.43962324969470500946044921875" lon="120.26964596472680568695068359375">
        <ele>6</ele>
        <time>2024-12-16T14:11:01.000Z</time>
        <extensions>
          <ns3:TrackPointExtension>
            <ns3:hr>145</ns3:hr>
            <ns3:cad>94</ns3:cad>
          </ns3:TrackPointExtension>
        </extensions>
      </trkpt>
      <trkpt lat="30.439599193632602691650390625" lon="120.26966054923832416534423828125">
        <ele>6</ele>
        <time>2024-12-16T14:11:02.000Z</time>
        <extensions>
          <ns3:TrackPointExtension>
            <ns3:hr>145</ns3:hr>
            <ns3:cad>94</ns3:cad>
          </ns3:TrackPointExtension>
        </extensions>
      </trkpt>
      <trkpt lat="30.4395748861134052276611328125" lon="120.2696810849010944366455078125">
        <ele>6.19999980926513671875</ele>
        <time>2024-12-16T14:11:03.000Z</time>
        <extensions>
          <ns3:TrackPointExtension>
            <ns3:hr>146</ns3:hr>
            <ns3:cad>93</ns3:cad>
          </ns3:TrackPointExtension>
        </extensions>
      </trkpt>
      <trkpt lat="30.43954881839454174041748046875" lon="120.2696948312222957611083984375">
        <ele>6.19999980926513671875</ele>
        <time>2024-12-16T14:11:04.000Z</time>
        <extensions>
          <ns3:TrackPointExtension>
            <ns3:hr>147</ns3:hr>
            <ns3:cad>93</ns3:cad>
          </ns3:TrackPointExtension>
        </extensions>
      </trkpt>
      <trkpt lat="30.43952015228569507598876953125" lon="120.26971184648573398590087890625">
        <ele>6.19999980926513671875</ele>
        <time>2024-12-16T14:11:05.000Z</time>
        <extensions>
          <ns3:TrackPointExtension>
            <ns3:hr>147</ns3:hr>
            <ns3:cad>93</ns3:cad>
          </ns3:TrackPointExtension>
        </extensions>
      </trkpt>
      <trkpt lat="30.439494587481021881103515625" lon="120.26972978375852108001708984375">
        <ele>6.400000095367431640625</ele>
        <time>2024-12-16T14:11:06.000Z</time>
        <extensions>
          <ns3:TrackPointExtension>
            <ns3:hr>147</ns3:hr>
            <ns3:cad>92</ns3:cad>
          </ns3:TrackPointExtension>
        </extensions>
      </trkpt>
      <trkpt lat="30.43947354890406131744384765625" lon="120.26973917149007320404052734375">
        <ele>6.19999980926513671875</ele>
        <time>2024-12-16T14:11:07.000Z</time>
        <extensions>
          <ns3:TrackPointExtension>
            <ns3:hr>148</ns3:hr>
            <ns3:cad>91</ns3:cad>
          </ns3:TrackPointExtension>
        </extensions>
      </trkpt>
      <trkpt lat="30.439441613852977752685546875" lon="120.269754342734813690185546875">
        <ele>6.19999980926513671875</ele>
        <time>2024-12-16T14:11:08.000Z</time>
        <extensions>
          <ns3:TrackPointExtension>
            <ns3:hr>148</ns3:hr>
            <ns3:cad>91</ns3:cad>
          </ns3:TrackPointExtension>
        </extensions>
      </trkpt>
      <trkpt lat="30.4394136182963848114013671875" lon="120.26976364664733409881591796875">
        <ele>6</ele>
        <time>2024-12-16T14:11:09.000Z</time>
        <extensions>
          <ns3:TrackPointExtension>
            <ns3:hr>149</ns3:hr>
            <ns3:cad>92</ns3:cad>
          </ns3:TrackPointExtension>
        </extensions>
      </trkpt>
      <trkpt lat="30.43939375318586826324462890625" lon="120.26977219618856906890869140625">
        <ele>6</ele>
        <time>2024-12-16T14:11:10.000Z</time>
        <extensions>
          <ns3:TrackPointExtension>
            <ns3:hr>149</ns3:hr>
            <ns3:cad>92</ns3:cad>
          </ns3:TrackPointExtension>
        </extensions>
      </trkpt>
      <trkpt lat="30.43936483561992645263671875" lon="120.26978141628205776214599609375">
        <ele>5.80000019073486328125</ele>
        <time>2024-12-16T14:11:11.000Z</time>
        <extensions>
          <ns3:TrackPointExtension>
            <ns3:hr>150</ns3:hr>
            <ns3:cad>94</ns3:cad>
          </ns3:TrackPointExtension>
        </extensions>
      </trkpt>
      <trkpt lat="30.4393348284065723419189453125" lon="120.26978342793881893157958984375">
        <ele>5.80000019073486328125</ele>
        <time>2024-12-16T14:11:12.000Z</time>
        <extensions>
          <ns3:TrackPointExtension>
            <ns3:hr>150</ns3:hr>
            <ns3:cad>94</ns3:cad>
          </ns3:TrackPointExtension>
        </extensions>
      </trkpt>
      <trkpt lat="30.4393043182790279388427734375" lon="120.26978745125234127044677734375">
        <ele>5.599999904632568359375</ele>
        <time>2024-12-16T14:11:13.000Z</time>
        <extensions>
          <ns3:TrackPointExtension>
            <ns3:hr>150</ns3:hr>
            <ns3:cad>94</ns3:cad>
          </ns3:TrackPointExtension>
        </extensions>
      </trkpt>
      <trkpt lat="30.4392711259424686431884765625" lon="120.26979248039424419403076171875">
        <ele>5.599999904632568359375</ele>
        <time>2024-12-16T14:11:14.000Z</time>
        <extensions>
          <ns3:TrackPointExtension>
            <ns3:hr>151</ns3:hr>
            <ns3:cad>94</ns3:cad>
          </ns3:TrackPointExtension>
        </extensions>
      </trkpt>
      <trkpt lat="30.43924145400524139404296875" lon="120.2697974257171154022216796875">
        <ele>5.400000095367431640625</ele>
        <time>2024-12-16T14:11:15.000Z</time>
        <extensions>
          <ns3:TrackPointExtension>
            <ns3:hr>151</ns3:hr>
            <ns3:cad>93</ns3:cad>
          </ns3:TrackPointExtension>
        </extensions>
      </trkpt>
      <trkpt lat="30.43922091834247112274169921875" lon="120.26980723254382610321044921875">
        <ele>5.400000095367431640625</ele>
        <time>2024-12-16T14:11:16.000Z</time>
        <extensions>
          <ns3:TrackPointExtension>
            <ns3:hr>152</ns3:hr>
            <ns3:cad>92</ns3:cad>
          </ns3:TrackPointExtension>
        </extensions>
      </trkpt>
      <trkpt lat="30.43919409625232219696044921875" lon="120.269823409616947174072265625">
        <ele>5.19999980926513671875</ele>
        <time>2024-12-16T14:11:17.000Z</time>
        <extensions>
          <ns3:TrackPointExtension>
            <ns3:hr>152</ns3:hr>
            <ns3:cad>90</ns3:cad>
          </ns3:TrackPointExtension>
        </extensions>
      </trkpt>
      <trkpt lat="30.4391772486269474029541015625" lon="120.26983321644365787506103515625">
        <ele>5.19999980926513671875</ele>
        <time>2024-12-16T14:11:18.000Z</time>
        <extensions>
          <ns3:TrackPointExtension>
            <ns3:hr>153</ns3:hr>
            <ns3:cad>90</ns3:cad>
          </ns3:TrackPointExtension>
        </extensions>
      </trkpt>
      <trkpt lat="30.43915604241192340850830078125" lon="120.26984411291778087615966796875">
        <ele>5.19999980926513671875</ele>
        <time>2024-12-16T14:11:19.000Z</time>
        <extensions>
          <ns3:TrackPointExtension>
            <ns3:hr>153</ns3:hr>
            <ns3:cad>90</ns3:cad>
          </ns3:TrackPointExtension>
        </extensions>
      </trkpt>
      <trkpt lat="30.43913148343563079833984375" lon="120.26985769160091876983642578125">
        <ele>5</ele>
        <time>2024-12-16T14:11:20.000Z</time>
        <extensions>
          <ns3:TrackPointExtension>
            <ns3:hr>153</ns3:hr>
            <ns3:cad>90</ns3:cad>
          </ns3:TrackPointExtension>
        </extensions>
      </trkpt>
      <trkpt lat="30.43910675682127475738525390625" lon="120.26986959390342235565185546875">
        <ele>5</ele>
        <time>2024-12-16T14:11:21.000Z</time>
        <extensions>
          <ns3:TrackPointExtension>
            <ns3:hr>153</ns3:hr>
            <ns3:cad>89</ns3:cad>
          </ns3:TrackPointExtension>
        </extensions>
      </trkpt>
      <trkpt lat="30.43908664025366306304931640625" lon="120.26987998746335506439208984375">
        <ele>5</ele>
        <time>2024-12-16T14:11:22.000Z</time>
        <extensions>
          <ns3:TrackPointExtension>
            <ns3:hr>153</ns3:hr>
            <ns3:cad>89</ns3:cad>
          </ns3:TrackPointExtension>
        </extensions>
      </trkpt>
      <trkpt lat="30.4390568844974040985107421875" lon="120.269895829260349273681640625">
        <ele>5</ele>
        <time>2024-12-16T14:11:23.000Z</time>
        <extensions>
          <ns3:TrackPointExtension>
            <ns3:hr>153</ns3:hr>
            <ns3:cad>89</ns3:cad>
          </ns3:TrackPointExtension>
        </extensions>
      </trkpt>
      <trkpt lat="30.43903467245399951934814453125" lon="120.26990831829607486724853515625">
        <ele>5</ele>
        <time>2024-12-16T14:11:24.000Z</time>
        <extensions>
          <ns3:TrackPointExtension>
            <ns3:hr>154</ns3:hr>
            <ns3:cad>89</ns3:cad>
          </ns3:TrackPointExtension>
        </extensions>
      </trkpt>
      <trkpt lat="30.43901941739022731781005859375" lon="120.26992206461727619171142578125">
        <ele>5</ele>
        <time>2024-12-16T14:11:25.000Z</time>
        <extensions>
          <ns3:TrackPointExtension>
            <ns3:hr>154</ns3:hr>
            <ns3:cad>90</ns3:cad>
          </ns3:TrackPointExtension>
        </extensions>
      </trkpt>
      <trkpt lat="30.43899544514715671539306640625" lon="120.26993681676685810089111328125">
        <ele>5</ele>
        <time>2024-12-16T14:11:26.000Z</time>
        <extensions>
          <ns3:TrackPointExtension>
            <ns3:hr>154</ns3:hr>
            <ns3:cad>90</ns3:cad>
          </ns3:TrackPointExtension>
        </extensions>
      </trkpt>
      <trkpt lat="30.43897650204598903656005859375" lon="120.26994955725967884063720703125">
        <ele>4.80000019073486328125</ele>
        <time>2024-12-16T14:11:27.000Z</time>
        <extensions>
          <ns3:TrackPointExtension>
            <ns3:hr>154</ns3:hr>
            <ns3:cad>90</ns3:cad>
          </ns3:TrackPointExtension>
        </extensions>
      </trkpt>
      <trkpt lat="30.43895219452679157257080078125" lon="120.2699650637805461883544921875">
        <ele>4.80000019073486328125</ele>
        <time>2024-12-16T14:11:28.000Z</time>
        <extensions>
          <ns3:TrackPointExtension>
            <ns3:hr>154</ns3:hr>
            <ns3:cad>91</ns3:cad>
          </ns3:TrackPointExtension>
        </extensions>
      </trkpt>
      <trkpt lat="30.43892872519791126251220703125" lon="120.26998241432011127471923828125">
        <ele>4.80000019073486328125</ele>
        <time>2024-12-16T14:11:29.000Z</time>
        <extensions>
          <ns3:TrackPointExtension>
            <ns3:hr>154</ns3:hr>
            <ns3:cad>91</ns3:cad>
          </ns3:TrackPointExtension>
        </extensions>
      </trkpt>
      <trkpt lat="30.438904501497745513916015625" lon="120.26999683119356632232666015625">
        <ele>4.80000019073486328125</ele>
        <time>2024-12-16T14:11:30.000Z</time>
        <extensions>
          <ns3:TrackPointExtension>
            <ns3:hr>155</ns3:hr>
            <ns3:cad>91</ns3:cad>
          </ns3:TrackPointExtension>
        </extensions>
      </trkpt>
      <trkpt lat="30.43888463638722896575927734375" lon="120.27000873349606990814208984375">
        <ele>5</ele>
        <time>2024-12-16T14:11:31.000Z</time>
        <extensions>
          <ns3:TrackPointExtension>
            <ns3:hr>156</ns3:hr>
            <ns3:cad>93</ns3:cad>
          </ns3:TrackPointExtension>
        </extensions>
      </trkpt>
      <trkpt lat="30.4388577304780483245849609375" lon="120.27002968825399875640869140625">
        <ele>5.400000095367431640625</ele>
        <time>2024-12-16T14:11:32.000Z</time>
        <extensions>
          <ns3:TrackPointExtension>
            <ns3:hr>156</ns3:hr>
            <ns3:cad>93</ns3:cad>
          </ns3:TrackPointExtension>
        </extensions>
      </trkpt>
      <trkpt lat="30.438837110996246337890625" lon="120.2700428478419780731201171875">
        <ele>5.400000095367431640625</ele>
        <time>2024-12-16T14:11:33.000Z</time>
        <extensions>
          <ns3:TrackPointExtension>
            <ns3:hr>156</ns3:hr>
            <ns3:cad>93</ns3:cad>
          </ns3:TrackPointExtension>
        </extensions>
      </trkpt>
      <trkpt lat="30.4388143122196197509765625" lon="120.27004980482161045074462890625">
        <ele>5.400000095367431640625</ele>
        <time>2024-12-16T14:11:34.000Z</time>
        <extensions>
          <ns3:TrackPointExtension>
            <ns3:hr>157</ns3:hr>
            <ns3:cad>93</ns3:cad>
          </ns3:TrackPointExtension>
        </extensions>
      </trkpt>
      <trkpt lat="30.438785813748836517333984375" lon="120.2700606174767017364501953125">
        <ele>5.599999904632568359375</ele>
        <time>2024-12-16T14:11:35.000Z</time>
        <extensions>
          <ns3:TrackPointExtension>
            <ns3:hr>157</ns3:hr>
            <ns3:cad>92</ns3:cad>
          </ns3:TrackPointExtension>
        </extensions>
      </trkpt>
      <trkpt lat="30.43875354342162609100341796875" lon="120.270075537264347076416015625">
        <ele>5.599999904632568359375</ele>
        <time>2024-12-16T14:11:36.000Z</time>
        <extensions>
          <ns3:TrackPointExtension>
            <ns3:hr>157</ns3:hr>
            <ns3:cad>91</ns3:cad>
          </ns3:TrackPointExtension>
        </extensions>
      </trkpt>
      <trkpt lat="30.43872806243598461151123046875" lon="120.27008702047169208526611328125">
        <ele>5.599999904632568359375</ele>
        <time>2024-12-16T14:11:37.000Z</time>
        <extensions>
          <ns3:TrackPointExtension>
            <ns3:hr>158</ns3:hr>
            <ns3:cad>91</ns3:cad>
          </ns3:TrackPointExtension>
        </extensions>
      </trkpt>
      <trkpt lat="30.43870526365935802459716796875" lon="120.2700953185558319091796875">
        <ele>5.400000095367431640625</ele>
        <time>2024-12-16T14:11:38.000Z</time>
        <extensions>
          <ns3:TrackPointExtension>
            <ns3:hr>158</ns3:hr>
            <ns3:cad>92</ns3:cad>
          </ns3:TrackPointExtension>
        </extensions>
      </trkpt>
      <trkpt lat="30.438675843179225921630859375" lon="120.27010713703930377960205078125">
        <ele>5.400000095367431640625</ele>
        <time>2024-12-16T14:11:39.000Z</time>
        <extensions>
          <ns3:TrackPointExtension>
            <ns3:hr>158</ns3:hr>
            <ns3:cad>94</ns3:cad>
          </ns3:TrackPointExtension>
        </extensions>
      </trkpt>
      <trkpt lat="30.43865497224032878875732421875" lon="120.27011719532310962677001953125">
        <ele>5.400000095367431640625</ele>
        <time>2024-12-16T14:11:40.000Z</time>
        <extensions>
          <ns3:TrackPointExtension>
            <ns3:hr>158</ns3:hr>
            <ns3:cad>94</ns3:cad>
          </ns3:TrackPointExtension>
        </extensions>
      </trkpt>
      <trkpt lat="30.43862312100827693939208984375" lon="120.27012440375983715057373046875">
        <ele>5.19999980926513671875</ele>
        <time>2024-12-16T14:11:41.000Z</time>
        <extensions>
          <ns3:TrackPointExtension>
            <ns3:hr>158</ns3:hr>
            <ns3:cad>92</ns3:cad>
          </ns3:TrackPointExtension>
        </extensions>
      </trkpt>
      <trkpt lat="30.4385978914797306060791015625" lon="120.27013219892978668212890625">
        <ele>5.19999980926513671875</ele>
        <time>2024-12-16T14:11:42.000Z</time>
        <extensions>
          <ns3:TrackPointExtension>
            <ns3:hr>159</ns3:hr>
            <ns3:cad>91</ns3:cad>
          </ns3:TrackPointExtension>
        </extensions>
      </trkpt>
      <trkpt lat="30.4385702311992645263671875" lon="120.27014158666133880615234375">
        <ele>5</ele>
        <time>2024-12-16T14:11:43.000Z</time>
        <extensions>
          <ns3:TrackPointExtension>
            <ns3:hr>159</ns3:hr>
            <ns3:cad>91</ns3:cad>
          </ns3:TrackPointExtension>
        </extensions>
      </trkpt>
      <trkpt lat="30.43854181654751300811767578125" lon="120.27015558443963527679443359375">
        <ele>5</ele>
        <time>2024-12-16T14:11:44.000Z</time>
        <extensions>
          <ns3:TrackPointExtension>
            <ns3:hr>159</ns3:hr>
            <ns3:cad>94</ns3:cad>
          </ns3:TrackPointExtension>
        </extensions>
      </trkpt>
      <trkpt lat="30.43852136470377445220947265625" lon="120.270171426236629486083984375">
        <ele>4.80000019073486328125</ele>
        <time>2024-12-16T14:11:45.000Z</time>
        <extensions>
          <ns3:TrackPointExtension>
            <ns3:hr>159</ns3:hr>
            <ns3:cad>94</ns3:cad>
          </ns3:TrackPointExtension>
        </extensions>
      </trkpt>
      <trkpt lat="30.43849445879459381103515625" lon="120.27018592692911624908447265625">
        <ele>4.599999904632568359375</ele>
        <time>2024-12-16T14:11:46.000Z</time>
        <extensions>
          <ns3:TrackPointExtension>
            <ns3:hr>159</ns3:hr>
            <ns3:cad>93</ns3:cad>
          </ns3:TrackPointExtension>
        </extensions>
      </trkpt>
      <trkpt lat="30.4384721629321575164794921875" lon="120.270205624401569366455078125">
        <ele>4.400000095367431640625</ele>
        <time>2024-12-16T14:11:47.000Z</time>
        <extensions>
          <ns3:TrackPointExtension>
            <ns3:hr>159</ns3:hr>
            <ns3:cad>93</ns3:cad>
          </ns3:TrackPointExtension>
        </extensions>
      </trkpt>
      <trkpt lat="30.438447855412960052490234375" lon="120.27022783644497394561767578125">
        <ele>4.19999980926513671875</ele>
        <time>2024-12-16T14:11:48.000Z</time>
        <extensions>
          <ns3:TrackPointExtension>
            <ns3:hr>160</ns3:hr>
            <ns3:cad>93</ns3:cad>
          </ns3:TrackPointExtension>
        </extensions>
      </trkpt>
      <trkpt lat="30.43842195533215999603271484375" lon="120.27024560607969760894775390625">
        <ele>4</ele>
        <time>2024-12-16T14:11:49.000Z</time>
        <extensions>
          <ns3:TrackPointExtension>
            <ns3:hr>160</ns3:hr>
            <ns3:cad>93</ns3:cad>
          </ns3:TrackPointExtension>
        </extensions>
      </trkpt>
      <trkpt lat="30.4383927024900913238525390625" lon="120.2702604420483112335205078125">
        <ele>3.7999999523162841796875</ele>
        <time>2024-12-16T14:11:50.000Z</time>
        <extensions>
          <ns3:TrackPointExtension>
            <ns3:hr>161</ns3:hr>
            <ns3:cad>94</ns3:cad>
          </ns3:TrackPointExtension>
        </extensions>
      </trkpt>
      <trkpt lat="30.4383648745715618133544921875" lon="120.270278044044971466064453125">
        <ele>3.599999904632568359375</ele>
        <time>2024-12-16T14:11:51.000Z</time>
        <extensions>
          <ns3:TrackPointExtension>
            <ns3:hr>161</ns3:hr>
            <ns3:cad>94</ns3:cad>
          </ns3:TrackPointExtension>
        </extensions>
      </trkpt>
      <trkpt lat="30.4383323527872562408447265625" lon="120.27028852142393589019775390625">
        <ele>3.400000095367431640625</ele>
        <time>2024-12-16T14:11:52.000Z</time>
        <extensions>
          <ns3:TrackPointExtension>
            <ns3:hr>161</ns3:hr>
            <ns3:cad>94</ns3:cad>
          </ns3:TrackPointExtension>
        </extensions>
      </trkpt>
      <trkpt lat="30.4383001662790775299072265625" lon="120.270302183926105499267578125">
        <ele>3</ele>
        <time>2024-12-16T14:11:53.000Z</time>
        <extensions>
          <ns3:TrackPointExtension>
            <ns3:hr>162</ns3:hr>
            <ns3:cad>94</ns3:cad>
          </ns3:TrackPointExtension>
        </extensions>
      </trkpt>
      <trkpt lat="30.4382743500173091888427734375" lon="120.2703147567808628082275390625">
        <ele>3</ele>
        <time>2024-12-16T14:11:54.000Z</time>
        <extensions>
          <ns3:TrackPointExtension>
            <ns3:hr>163</ns3:hr>
            <ns3:cad>94</ns3:cad>
          </ns3:TrackPointExtension>
        </extensions>
      </trkpt>
      <trkpt lat="30.4382451809942722320556640625" lon="120.27032908983528614044189453125">
        <ele>2.7999999523162841796875</ele>
        <time>2024-12-16T14:11:55.000Z</time>
        <extensions>
          <ns3:TrackPointExtension>
            <ns3:hr>164</ns3:hr>
            <ns3:cad>94</ns3:cad>
          </ns3:TrackPointExtension>
        </extensions>
      </trkpt>
      <trkpt lat="30.438221208751201629638671875" lon="120.270348452031612396240234375">
        <ele>2.7999999523162841796875</ele>
        <time>2024-12-16T14:11:56.000Z</time>
        <extensions>
          <ns3:TrackPointExtension>
            <ns3:hr>164</ns3:hr>
            <ns3:cad>94</ns3:cad>
          </ns3:TrackPointExtension>
        </extensions>
      </trkpt>
      <trkpt lat="30.438209474086761474609375" lon="120.2703663893043994903564453125">
        <ele>2.7999999523162841796875</ele>
        <time>2024-12-16T14:11:57.000Z</time>
        <extensions>
          <ns3:TrackPointExtension>
            <ns3:hr>164</ns3:hr>
            <ns3:cad>94</ns3:cad>
          </ns3:TrackPointExtension>
        </extensions>
      </trkpt>
      <trkpt lat="30.43820151127874851226806640625" lon="120.27037468738853931427001953125">
        <ele>2.599999904632568359375</ele>
        <time>2024-12-16T14:11:58.000Z</time>
        <extensions>
          <ns3:TrackPointExtension>
            <ns3:hr>164</ns3:hr>
            <ns3:cad>94</ns3:cad>
          </ns3:TrackPointExtension>
        </extensions>
      </trkpt>
      <trkpt lat="30.43818508274853229522705078125" lon="120.27036094106733798980712890625">
        <ele>2.599999904632568359375</ele>
        <time>2024-12-16T14:11:59.000Z</time>
        <extensions>
          <ns3:TrackPointExtension>
            <ns3:hr>165</ns3:hr>
            <ns3:cad>94</ns3:cad>
          </ns3:TrackPointExtension>
        </extensions>
      </trkpt>
      <trkpt lat="30.43817284516990184783935546875" lon="120.270350463688373565673828125">
        <ele>2.599999904632568359375</ele>
        <time>2024-12-16T14:12:00.000Z</time>
        <extensions>
          <ns3:TrackPointExtension>
            <ns3:hr>164</ns3:hr>
            <ns3:cad>0</ns3:cad>
          </ns3:TrackPointExtension>
        </extensions>
      </trkpt>
      <trkpt lat="30.43816194869577884674072265625" lon="120.27033512480556964874267578125">
        <ele>2.599999904632568359375</ele>
        <time>2024-12-16T14:12:01.000Z</time>
        <extensions>
          <ns3:TrackPointExtension>
            <ns3:hr>164</ns3:hr>
            <ns3:cad>0</ns3:cad>
          </ns3:TrackPointExtension>
        </extensions>
      </trkpt>
      <trkpt lat="30.4381526447832584381103515625" lon="120.27032129466533660888671875">
        <ele>2.599999904632568359375</ele>
        <time>2024-12-16T14:12:02.000Z</time>
        <extensions>
          <ns3:TrackPointExtension>
            <ns3:hr>163</ns3:hr>
            <ns3:cad>61</ns3:cad>
          </ns3:TrackPointExtension>
        </extensions>
      </trkpt>
      <trkpt lat="30.43814686127007007598876953125" lon="120.27031324803829193115234375">
        <ele>2.400000095367431640625</ele>
        <time>2024-12-16T14:12:03.000Z</time>
        <extensions>
          <ns3:TrackPointExtension>
            <ns3:hr>163</ns3:hr>
            <ns3:cad>61</ns3:cad>
          </ns3:TrackPointExtension>
        </extensions>
      </trkpt>
      <trkpt lat="30.43814535252749919891357421875" lon="120.27031383477151393890380859375">
        <ele>2.400000095367431640625</ele>
        <time>2024-12-16T14:12:04.000Z</time>
        <extensions>
          <ns3:TrackPointExtension>
            <ns3:hr>163</ns3:hr>
            <ns3:cad>61</ns3:cad>
          </ns3:TrackPointExtension>
        </extensions>
      </trkpt>
      <trkpt lat="30.43814803473651409149169921875" lon="120.27031651698052883148193359375">
        <ele>2.400000095367431640625</ele>
        <time>2024-12-16T14:12:05.000Z</time>
        <extensions>
          <ns3:TrackPointExtension>
            <ns3:hr>164</ns3:hr>
            <ns3:cad>61</ns3:cad>
          </ns3:TrackPointExtension>
        </extensions>
      </trkpt>
      <trkpt lat="30.43815138749778270721435546875" lon="120.27031014673411846160888671875">
        <ele>2.400000095367431640625</ele>
        <time>2024-12-16T14:12:06.000Z</time>
        <extensions>
          <ns3:TrackPointExtension>
            <ns3:hr>165</ns3:hr>
            <ns3:cad>61</ns3:cad>
          </ns3:TrackPointExtension>
        </extensions>
      </trkpt>
      <trkpt lat="30.43815624900162220001220703125" lon="120.27030327357351779937744140625">
        <ele>2.599999904632568359375</ele>
        <time>2024-12-16T14:12:07.000Z</time>
        <extensions>
          <ns3:TrackPointExtension>
            <ns3:hr>165</ns3:hr>
            <ns3:cad>61</ns3:cad>
          </ns3:TrackPointExtension>
        </extensions>
      </trkpt>
      <trkpt lat="30.43815172277390956878662109375" lon="120.27029857970774173736572265625">
        <ele>2.599999904632568359375</ele>
        <time>2024-12-16T14:12:08.000Z</time>
        <extensions>
          <ns3:TrackPointExtension>
            <ns3:hr>165</ns3:hr>
            <ns3:cad>61</ns3:cad>
          </ns3:TrackPointExtension>
        </extensions>
      </trkpt>
      <trkpt lat="30.4381489567458629608154296875" lon="120.2702911198139190673828125">
        <ele>2.400000095367431640625</ele>
        <time>2024-12-16T14:12:09.000Z</time>
        <extensions>
          <ns3:TrackPointExtension>
            <ns3:hr>164</ns3:hr>
            <ns3:cad>54</ns3:cad>
          </ns3:TrackPointExtension>
        </extensions>
      </trkpt>
      <trkpt lat="30.43814753182232379913330078125" lon="120.270285420119762420654296875">
        <ele>2.400000095367431640625</ele>
        <time>2024-12-16T14:12:10.000Z</time>
        <extensions>
          <ns3:TrackPointExtension>
            <ns3:hr>164</ns3:hr>
            <ns3:cad>54</ns3:cad>
          </ns3:TrackPointExtension>
        </extensions>
      </trkpt>
      <trkpt lat="30.4381429217755794525146484375" lon="120.270265638828277587890625">
        <ele>2.400000095367431640625</ele>
        <time>2024-12-16T14:12:11.000Z</time>
        <extensions>
          <ns3:TrackPointExtension>
            <ns3:hr>163</ns3:hr>
            <ns3:cad>54</ns3:cad>
          </ns3:TrackPointExtension>
        </extensions>
      </trkpt>
      <trkpt lat="30.43813579715788364410400390625" lon="120.27026228606700897216796875">
        <ele>2.400000095367431640625</ele>
        <time>2024-12-16T14:12:12.000Z</time>
        <extensions>
          <ns3:TrackPointExtension>
            <ns3:hr>163</ns3:hr>
            <ns3:cad>54</ns3:cad>
          </ns3:TrackPointExtension>
        </extensions>
      </trkpt>
      <trkpt lat="30.4381331987679004669189453125" lon="120.2702614478766918182373046875">
        <ele>2.400000095367431640625</ele>
        <time>2024-12-16T14:12:13.000Z</time>
        <extensions>
          <ns3:TrackPointExtension>
            <ns3:hr>162</ns3:hr>
            <ns3:cad>0</ns3:cad>
          </ns3:TrackPointExtension>
        </extensions>
      </trkpt>
      <trkpt lat="30.43813227675855159759521484375" lon="120.2702607773244380950927734375">
        <ele>2.400000095367431640625</ele>
        <time>2024-12-16T14:12:14.000Z</time>
        <extensions>
          <ns3:TrackPointExtension>
            <ns3:hr>161</ns3:hr>
            <ns3:cad>0</ns3:cad>
          </ns3:TrackPointExtension>
        </extensions>
      </trkpt>
      <trkpt lat="30.438132025301456451416015625" lon="120.27026052586734294891357421875">
        <ele>2.400000095367431640625</ele>
        <time>2024-12-16T14:12:15.000Z</time>
        <extensions>
          <ns3:TrackPointExtension>
            <ns3:hr>161</ns3:hr>
            <ns3:cad>0</ns3:cad>
          </ns3:TrackPointExtension>
        </extensions>
      </trkpt>
      <trkpt lat="30.43813093565404415130615234375" lon="120.2702604420483112335205078125">
        <ele>2.400000095367431640625</ele>
        <time>2024-12-16T14:12:16.000Z</time>
        <extensions>
          <ns3:TrackPointExtension>
            <ns3:hr>161</ns3:hr>
            <ns3:cad>0</ns3:cad>
          </ns3:TrackPointExtension>
        </extensions>
      </trkpt>
      <trkpt lat="30.43813060037791728973388671875" lon="120.270259939134120941162109375">
        <ele>2.400000095367431640625</ele>
        <time>2024-12-16T14:12:17.000Z</time>
        <extensions>
          <ns3:TrackPointExtension>
            <ns3:hr>161</ns3:hr>
            <ns3:cad>0</ns3:cad>
          </ns3:TrackPointExtension>
        </extensions>
      </trkpt>
      <trkpt lat="30.4381305165588855743408203125" lon="120.27025960385799407958984375">
        <ele>2.400000095367431640625</ele>
        <time>2024-12-16T14:12:18.000Z</time>
        <extensions>
          <ns3:TrackPointExtension>
            <ns3:hr>161</ns3:hr>
            <ns3:cad>0</ns3:cad>
          </ns3:TrackPointExtension>
        </extensions>
      </trkpt>
      <trkpt lat="30.43813076801598072052001953125" lon="120.27025935240089893341064453125">
        <ele>2.400000095367431640625</ele>
        <time>2024-12-16T14:12:19.000Z</time>
        <extensions>
          <ns3:TrackPointExtension>
            <ns3:hr>160</ns3:hr>
            <ns3:cad>0</ns3:cad>
          </ns3:TrackPointExtension>
        </extensions>
      </trkpt>
      <trkpt lat="30.43798618018627166748046875" lon="120.27039463631808757781982421875">
        <ele>2</ele>
        <time>2024-12-16T14:13:32.000Z</time>
        <extensions>
          <ns3:TrackPointExtension>
            <ns3:hr>126</ns3:hr>
            <ns3:cad>94</ns3:cad>
          </ns3:TrackPointExtension>
        </extensions>
      </trkpt>
      <trkpt lat="30.4379410855472087860107421875" lon="120.2704250626266002655029296875">
        <ele>1.7999999523162841796875</ele>
        <time>2024-12-16T14:13:33.000Z</time>
        <extensions>
          <ns3:TrackPointExtension>
            <ns3:hr>127</ns3:hr>
            <ns3:cad>93</ns3:cad>
          </ns3:TrackPointExtension>
        </extensions>
      </trkpt>
      <trkpt lat="30.4379005171358585357666015625" lon="120.2704458497464656829833984375">
        <ele>1.7999999523162841796875</ele>
        <time>2024-12-16T14:13:34.000Z</time>
        <extensions>
          <ns3:TrackPointExtension>
            <ns3:hr>128</ns3:hr>
            <ns3:cad>93</ns3:cad>
          </ns3:TrackPointExtension>
        </extensions>
      </trkpt>
      <trkpt lat="30.437865816056728363037109375" lon="120.270463116466999053955078125">
        <ele>2</ele>
        <time>2024-12-16T14:13:35.000Z</time>
        <extensions>
          <ns3:TrackPointExtension>
            <ns3:hr>130</ns3:hr>
            <ns3:cad>93</ns3:cad>
          </ns3:TrackPointExtension>
        </extensions>
      </trkpt>
      <trkpt lat="30.4378401674330234527587890625" lon="120.2704676426947116851806640625">
        <ele>2</ele>
        <time>2024-12-16T14:13:36.000Z</time>
        <extensions>
          <ns3:TrackPointExtension>
            <ns3:hr>131</ns3:hr>
            <ns3:cad>93</ns3:cad>
          </ns3:TrackPointExtension>
        </extensions>
      </trkpt>
      <trkpt lat="30.43781611137092113494873046875" lon="120.27046521194279193878173828125">
        <ele>2</ele>
        <time>2024-12-16T14:13:37.000Z</time>
        <extensions>
          <ns3:TrackPointExtension>
            <ns3:hr>132</ns3:hr>
            <ns3:cad>92</ns3:cad>
          </ns3:TrackPointExtension>
        </extensions>
      </trkpt>
      <trkpt lat="30.437789373099803924560546875" lon="120.27045951224863529205322265625">
        <ele>2</ele>
        <time>2024-12-16T14:13:38.000Z</time>
        <extensions>
          <ns3:TrackPointExtension>
            <ns3:hr>132</ns3:hr>
            <ns3:cad>92</ns3:cad>
          </ns3:TrackPointExtension>
        </extensions>
      </trkpt>
      <trkpt lat="30.437769591808319091796875" lon="120.2704555727541446685791015625">
        <ele>2</ele>
        <time>2024-12-16T14:13:39.000Z</time>
        <extensions>
          <ns3:TrackPointExtension>
            <ns3:hr>132</ns3:hr>
            <ns3:cad>92</ns3:cad>
          </ns3:TrackPointExtension>
        </extensions>
      </trkpt>
      <trkpt lat="30.43774721212685108184814453125" lon="120.27045129798352718353271484375">
        <ele>2</ele>
        <time>2024-12-16T14:13:40.000Z</time>
        <extensions>
          <ns3:TrackPointExtension>
            <ns3:hr>132</ns3:hr>
            <ns3:cad>93</ns3:cad>
          </ns3:TrackPointExtension>
        </extensions>
      </trkpt>
      <trkpt lat="30.4377255029976367950439453125" lon="120.27043939568102359771728515625">
        <ele>2</ele>
        <time>2024-12-16T14:13:41.000Z</time>
        <extensions>
          <ns3:TrackPointExtension>
            <ns3:hr>131</ns3:hr>
            <ns3:cad>93</ns3:cad>
          </ns3:TrackPointExtension>
        </extensions>
      </trkpt>
      <trkpt lat="30.43770245276391506195068359375" lon="120.27042296715080738067626953125">
        <ele>2</ele>
        <time>2024-12-16T14:13:42.000Z</time>
        <extensions>
          <ns3:TrackPointExtension>
            <ns3:hr>131</ns3:hr>
            <ns3:cad>93</ns3:cad>
          </ns3:TrackPointExtension>
        </extensions>
      </trkpt>
      <trkpt lat="30.43767948634922504425048828125" lon="120.27040117420256137847900390625">
        <ele>2.2000000476837158203125</ele>
        <time>2024-12-16T14:13:43.000Z</time>
        <extensions>
          <ns3:TrackPointExtension>
            <ns3:hr>132</ns3:hr>
            <ns3:cad>92</ns3:cad>
          </ns3:TrackPointExtension>
        </extensions>
      </trkpt>
      <trkpt lat="30.43766004033386707305908203125" lon="120.27037736959755420684814453125">
        <ele>2.2000000476837158203125</ele>
        <time>2024-12-16T14:13:44.000Z</time>
        <extensions>
          <ns3:TrackPointExtension>
            <ns3:hr>132</ns3:hr>
            <ns3:cad>92</ns3:cad>
          </ns3:TrackPointExtension>
        </extensions>
      </trkpt>
      <trkpt lat="30.4376416839659214019775390625" lon="120.27035138569772243499755859375">
        <ele>2.2000000476837158203125</ele>
        <time>2024-12-16T14:13:45.000Z</time>
        <extensions>
          <ns3:TrackPointExtension>
            <ns3:hr>132</ns3:hr>
            <ns3:cad>90</ns3:cad>
          </ns3:TrackPointExtension>
        </extensions>
      </trkpt>
      <trkpt lat="30.437622405588626861572265625" lon="120.27032389305531978607177734375">
        <ele>2.2000000476837158203125</ele>
        <time>2024-12-16T14:13:46.000Z</time>
        <extensions>
          <ns3:TrackPointExtension>
            <ns3:hr>133</ns3:hr>
            <ns3:cad>90</ns3:cad>
          </ns3:TrackPointExtension>
        </extensions>
      </trkpt>
      <trkpt lat="30.43760706670582294464111328125" lon="120.2702963165938854217529296875">
        <ele>2.2000000476837158203125</ele>
        <time>2024-12-16T14:13:47.000Z</time>
        <extensions>
          <ns3:TrackPointExtension>
            <ns3:hr>133</ns3:hr>
            <ns3:cad>91</ns3:cad>
          </ns3:TrackPointExtension>
        </extensions>
      </trkpt>
      <trkpt lat="30.4375913925468921661376953125" lon="120.2702668122947216033935546875">
        <ele>2.2000000476837158203125</ele>
        <time>2024-12-16T14:13:48.000Z</time>
        <extensions>
          <ns3:TrackPointExtension>
            <ns3:hr>134</ns3:hr>
            <ns3:cad>92</ns3:cad>
          </ns3:TrackPointExtension>
        </extensions>
      </trkpt>
      <trkpt lat="30.43757722713053226470947265625" lon="120.270237810909748077392578125">
        <ele>2.2000000476837158203125</ele>
        <time>2024-12-16T14:13:49.000Z</time>
        <extensions>
          <ns3:TrackPointExtension>
            <ns3:hr>135</ns3:hr>
            <ns3:cad>94</ns3:cad>
          </ns3:TrackPointExtension>
        </extensions>
      </trkpt>
      <trkpt lat="30.43756331317126750946044921875" lon="120.270206630229949951171875">
        <ele>2.2000000476837158203125</ele>
        <time>2024-12-16T14:13:50.000Z</time>
        <extensions>
          <ns3:TrackPointExtension>
            <ns3:hr>136</ns3:hr>
            <ns3:cad>94</ns3:cad>
          </ns3:TrackPointExtension>
        </extensions>
      </trkpt>
      <trkpt lat="30.43754923157393932342529296875" lon="120.2701786346733570098876953125">
        <ele>2.400000095367431640625</ele>
        <time>2024-12-16T14:13:51.000Z</time>
        <extensions>
          <ns3:TrackPointExtension>
            <ns3:hr>137</ns3:hr>
            <ns3:cad>94</ns3:cad>
          </ns3:TrackPointExtension>
        </extensions>
      </trkpt>
      <trkpt lat="30.43753749690949916839599609375" lon="120.2701491303741931915283203125">
        <ele>2.599999904632568359375</ele>
        <time>2024-12-16T14:13:52.000Z</time>
        <extensions>
          <ns3:TrackPointExtension>
            <ns3:hr>139</ns3:hr>
            <ns3:cad>94</ns3:cad>
          </ns3:TrackPointExtension>
        </extensions>
      </trkpt>
      <trkpt lat="30.43752274475991725921630859375" lon="120.2701209671795368194580078125">
        <ele>2.7999999523162841796875</ele>
        <time>2024-12-16T14:13:53.000Z</time>
        <extensions>
          <ns3:TrackPointExtension>
            <ns3:hr>140</ns3:hr>
            <ns3:cad>94</ns3:cad>
          </ns3:TrackPointExtension>
        </extensions>
      </trkpt>
      <trkpt lat="30.43750740587711334228515625" lon="120.270094983279705047607421875">
        <ele>3</ele>
        <time>2024-12-16T14:13:54.000Z</time>
        <extensions>
          <ns3:TrackPointExtension>
            <ns3:hr>141</ns3:hr>
            <ns3:cad>94</ns3:cad>
          </ns3:TrackPointExtension>
        </extensions>
      </trkpt>
      <trkpt lat="30.43749424628913402557373046875" lon="120.2700649760663509368896484375">
        <ele>3.2000000476837158203125</ele>
        <time>2024-12-16T14:13:55.000Z</time>
        <extensions>
          <ns3:TrackPointExtension>
            <ns3:hr>142</ns3:hr>
            <ns3:cad>95</ns3:cad>
          </ns3:TrackPointExtension>
        </extensions>
      </trkpt>
      <trkpt lat="30.43748460710048675537109375" lon="120.27003237046301364898681640625">
        <ele>3.400000095367431640625</ele>
        <time>2024-12-16T14:13:56.000Z</time>
        <extensions>
          <ns3:TrackPointExtension>
            <ns3:hr>143</ns3:hr>
            <ns3:cad>95</ns3:cad>
          </ns3:TrackPointExtension>
        </extensions>
      </trkpt>
      <trkpt lat="30.43747379444539546966552734375" lon="120.2700014412403106689453125">
        <ele>3.599999904632568359375</ele>
        <time>2024-12-16T14:13:57.000Z</time>
        <extensions>
          <ns3:TrackPointExtension>
            <ns3:hr>143</ns3:hr>
            <ns3:cad>94</ns3:cad>
          </ns3:TrackPointExtension>
        </extensions>
      </trkpt>
      <trkpt lat="30.4374616406857967376708984375" lon="120.26997420005500316619873046875">
        <ele>3.7999999523162841796875</ele>
        <time>2024-12-16T14:13:58.000Z</time>
        <extensions>
          <ns3:TrackPointExtension>
            <ns3:hr>144</ns3:hr>
            <ns3:cad>93</ns3:cad>
          </ns3:TrackPointExtension>
        </extensions>
      </trkpt>
      <trkpt lat="30.4374485649168491363525390625" lon="120.269947461783885955810546875">
        <ele>4</ele>
        <time>2024-12-16T14:13:59.000Z</time>
        <extensions>
          <ns3:TrackPointExtension>
            <ns3:hr>143</ns3:hr>
            <ns3:cad>92</ns3:cad>
          </ns3:TrackPointExtension>
        </extensions>
      </trkpt>
      <trkpt lat="30.4374361597001552581787109375" lon="120.26992323808372020721435546875">
        <ele>4.19999980926513671875</ele>
        <time>2024-12-16T14:14:00.000Z</time>
        <extensions>
          <ns3:TrackPointExtension>
            <ns3:hr>143</ns3:hr>
            <ns3:cad>92</ns3:cad>
          </ns3:TrackPointExtension>
        </extensions>
      </trkpt>
      <trkpt lat="30.437421239912509918212890625" lon="120.26989893056452274322509765625">
        <ele>4.19999980926513671875</ele>
        <time>2024-12-16T14:14:01.000Z</time>
        <extensions>
          <ns3:TrackPointExtension>
            <ns3:hr>143</ns3:hr>
            <ns3:cad>92</ns3:cad>
          </ns3:TrackPointExtension>
        </extensions>
      </trkpt>
      <trkpt lat="30.4374063201248645782470703125" lon="120.26987202465534210205078125">
        <ele>4.400000095367431640625</ele>
        <time>2024-12-16T14:14:02.000Z</time>
        <extensions>
          <ns3:TrackPointExtension>
            <ns3:hr>144</ns3:hr>
            <ns3:cad>91</ns3:cad>
          </ns3:TrackPointExtension>
        </extensions>
      </trkpt>
      <trkpt lat="30.437392406165599822998046875" lon="120.26983916759490966796875">
        <ele>4.599999904632568359375</ele>
        <time>2024-12-16T14:14:03.000Z</time>
        <extensions>
          <ns3:TrackPointExtension>
            <ns3:hr>144</ns3:hr>
            <ns3:cad>92</ns3:cad>
          </ns3:TrackPointExtension>
        </extensions>
      </trkpt>
      <trkpt lat="30.4373794980347156524658203125" lon="120.2698058076202869415283203125">
        <ele>4.80000019073486328125</ele>
        <time>2024-12-16T14:14:04.000Z</time>
        <extensions>
          <ns3:TrackPointExtension>
            <ns3:hr>144</ns3:hr>
            <ns3:cad>92</ns3:cad>
          </ns3:TrackPointExtension>
        </extensions>
      </trkpt>
      <trkpt lat="30.43736851774156093597412109375" lon="120.26976884342730045318603515625">
        <ele>5</ele>
        <time>2024-12-16T14:14:05.000Z</time>
        <extensions>
          <ns3:TrackPointExtension>
            <ns3:hr>145</ns3:hr>
            <ns3:cad>93</ns3:cad>
          </ns3:TrackPointExtension>
        </extensions>
      </trkpt>
      <trkpt lat="30.4373587109148502349853515625" lon="120.2697367407381534576416015625">
        <ele>5.400000095367431640625</ele>
        <time>2024-12-16T14:14:06.000Z</time>
        <extensions>
          <ns3:TrackPointExtension>
            <ns3:hr>146</ns3:hr>
            <ns3:cad>93</ns3:cad>
          </ns3:TrackPointExtension>
        </extensions>
      </trkpt>
      <trkpt lat="30.437350161373615264892578125" lon="120.2697012014687061309814453125">
        <ele>5.599999904632568359375</ele>
        <time>2024-12-16T14:14:07.000Z</time>
        <extensions>
          <ns3:TrackPointExtension>
            <ns3:hr>147</ns3:hr>
            <ns3:cad>92</ns3:cad>
          </ns3:TrackPointExtension>
        </extensions>
      </trkpt>
      <trkpt lat="30.43734437786042690277099609375" lon="120.269664488732814788818359375">
        <ele>5.80000019073486328125</ele>
        <time>2024-12-16T14:14:08.000Z</time>
        <extensions>
          <ns3:TrackPointExtension>
            <ns3:hr>148</ns3:hr>
            <ns3:cad>92</ns3:cad>
          </ns3:TrackPointExtension>
        </extensions>
      </trkpt>
      <trkpt lat="30.43733440339565277099609375" lon="120.2696312963962554931640625">
        <ele>6</ele>
        <time>2024-12-16T14:14:09.000Z</time>
        <extensions>
          <ns3:TrackPointExtension>
            <ns3:hr>149</ns3:hr>
            <ns3:cad>92</ns3:cad>
          </ns3:TrackPointExtension>
        </extensions>
      </trkpt>
      <trkpt lat="30.43732426129281520843505859375" lon="120.2696006186306476593017578125">
        <ele>6</ele>
        <time>2024-12-16T14:14:10.000Z</time>
        <extensions>
          <ns3:TrackPointExtension>
            <ns3:hr>150</ns3:hr>
            <ns3:cad>93</ns3:cad>
          </ns3:TrackPointExtension>
        </extensions>
      </trkpt>
      <trkpt lat="30.43731235899031162261962890625" lon="120.269569270312786102294921875">
        <ele>6</ele>
        <time>2024-12-16T14:14:11.000Z</time>
        <extensions>
          <ns3:TrackPointExtension>
            <ns3:hr>151</ns3:hr>
            <ns3:cad>93</ns3:cad>
          </ns3:TrackPointExtension>
        </extensions>
      </trkpt>
      <trkpt lat="30.43729794211685657501220703125" lon="120.26953498832881450653076171875">
        <ele>6</ele>
        <time>2024-12-16T14:14:12.000Z</time>
        <extensions>
          <ns3:TrackPointExtension>
            <ns3:hr>151</ns3:hr>
            <ns3:cad>93</ns3:cad>
          </ns3:TrackPointExtension>
        </extensions>
      </trkpt>
      <trkpt lat="30.43728201650083065032958984375" lon="120.26950481347739696502685546875">
        <ele>6</ele>
        <time>2024-12-16T14:14:13.000Z</time>
        <extensions>
          <ns3:TrackPointExtension>
            <ns3:hr>152</ns3:hr>
            <ns3:cad>93</ns3:cad>
          </ns3:TrackPointExtension>
        </extensions>
      </trkpt>
      <trkpt lat="30.43726961128413677215576171875" lon="120.26947966776788234710693359375">
        <ele>6</ele>
        <time>2024-12-16T14:14:14.000Z</time>
        <extensions>
          <ns3:TrackPointExtension>
            <ns3:hr>152</ns3:hr>
            <ns3:cad>93</ns3:cad>
          </ns3:TrackPointExtension>
        </extensions>
      </trkpt>
      <trkpt lat="30.43724480085074901580810546875" lon="120.2694655023515224456787109375">
        <ele>6</ele>
        <time>2024-12-16T14:14:15.000Z</time>
        <extensions>
          <ns3:TrackPointExtension>
            <ns3:hr>153</ns3:hr>
            <ns3:cad>93</ns3:cad>
          </ns3:TrackPointExtension>
        </extensions>
      </trkpt>
      <trkpt lat="30.4372142069041728973388671875" lon="120.26945150457322597503662109375">
        <ele>6</ele>
        <time>2024-12-16T14:14:16.000Z</time>
        <extensions>
          <ns3:TrackPointExtension>
            <ns3:hr>153</ns3:hr>
            <ns3:cad>95</ns3:cad>
          </ns3:TrackPointExtension>
        </extensions>
      </trkpt>
      <trkpt lat="30.43718595989048480987548828125" lon="120.2694380097091197967529296875">
        <ele>6</ele>
        <time>2024-12-16T14:14:17.000Z</time>
        <extensions>
          <ns3:TrackPointExtension>
            <ns3:hr>154</ns3:hr>
            <ns3:cad>95</ns3:cad>
          </ns3:TrackPointExtension>
        </extensions>
      </trkpt>
      <trkpt lat="30.43716534040868282318115234375" lon="120.2694167196750640869140625">
        <ele>6</ele>
        <time>2024-12-16T14:14:18.000Z</time>
        <extensions>
          <ns3:TrackPointExtension>
            <ns3:hr>155</ns3:hr>
            <ns3:cad>96</ns3:cad>
          </ns3:TrackPointExtension>
        </extensions>
      </trkpt>
      <trkpt lat="30.43713902123272418975830078125" lon="120.26938897557556629180908203125">
        <ele>6.19999980926513671875</ele>
        <time>2024-12-16T14:14:19.000Z</time>
        <extensions>
          <ns3:TrackPointExtension>
            <ns3:hr>156</ns3:hr>
            <ns3:cad>96</ns3:cad>
          </ns3:TrackPointExtension>
        </extensions>
      </trkpt>
      <trkpt lat="30.43711739592254161834716796875" lon="120.2693639136850833892822265625">
        <ele>6.19999980926513671875</ele>
        <time>2024-12-16T14:14:20.000Z</time>
        <extensions>
          <ns3:TrackPointExtension>
            <ns3:hr>156</ns3:hr>
            <ns3:cad>95</ns3:cad>
          </ns3:TrackPointExtension>
        </extensions>
      </trkpt>
      <trkpt lat="30.43709510006010532379150390625" lon="120.26933558285236358642578125">
        <ele>6.400000095367431640625</ele>
        <time>2024-12-16T14:14:21.000Z</time>
        <extensions>
          <ns3:TrackPointExtension>
            <ns3:hr>157</ns3:hr>
            <ns3:cad>94</ns3:cad>
          </ns3:TrackPointExtension>
        </extensions>
      </trkpt>
      <trkpt lat="30.437078587710857391357421875" lon="120.2693040668964385986328125">
        <ele>6.400000095367431640625</ele>
        <time>2024-12-16T14:14:22.000Z</time>
        <extensions>
          <ns3:TrackPointExtension>
            <ns3:hr>157</ns3:hr>
            <ns3:cad>94</ns3:cad>
          </ns3:TrackPointExtension>
        </extensions>
      </trkpt>
      <trkpt lat="30.4370628297328948974609375" lon="120.26927380822598934173583984375">
        <ele>6.400000095367431640625</ele>
        <time>2024-12-16T14:14:23.000Z</time>
        <extensions>
          <ns3:TrackPointExtension>
            <ns3:hr>158</ns3:hr>
            <ns3:cad>94</ns3:cad>
          </ns3:TrackPointExtension>
        </extensions>
      </trkpt>
      <trkpt lat="30.43705277144908905029296875" lon="120.269246399402618408203125">
        <ele>6.400000095367431640625</ele>
        <time>2024-12-16T14:14:24.000Z</time>
        <extensions>
          <ns3:TrackPointExtension>
            <ns3:hr>158</ns3:hr>
            <ns3:cad>94</ns3:cad>
          </ns3:TrackPointExtension>
        </extensions>
      </trkpt>
      <trkpt lat="30.437043048441410064697265625" lon="120.26921647600829601287841796875">
        <ele>6.599999904632568359375</ele>
        <time>2024-12-16T14:14:25.000Z</time>
        <extensions>
          <ns3:TrackPointExtension>
            <ns3:hr>158</ns3:hr>
            <ns3:cad>94</ns3:cad>
          </ns3:TrackPointExtension>
        </extensions>
      </trkpt>
      <trkpt lat="30.437031649053096771240234375" lon="120.26918160729110240936279296875">
        <ele>6.599999904632568359375</ele>
        <time>2024-12-16T14:14:26.000Z</time>
        <extensions>
          <ns3:TrackPointExtension>
            <ns3:hr>159</ns3:hr>
            <ns3:cad>94</ns3:cad>
          </ns3:TrackPointExtension>
        </extensions>
      </trkpt>
      <trkpt lat="30.43702284805476665496826171875" lon="120.269154869019985198974609375">
        <ele>6.80000019073486328125</ele>
        <time>2024-12-16T14:14:27.000Z</time>
        <extensions>
          <ns3:TrackPointExtension>
            <ns3:hr>159</ns3:hr>
            <ns3:cad>94</ns3:cad>
          </ns3:TrackPointExtension>
        </extensions>
      </trkpt>
      <trkpt lat="30.4370070062577724456787109375" lon="120.2691278792917728424072265625">
        <ele>6.80000019073486328125</ele>
        <time>2024-12-16T14:14:28.000Z</time>
        <extensions>
          <ns3:TrackPointExtension>
            <ns3:hr>159</ns3:hr>
            <ns3:cad>94</ns3:cad>
          </ns3:TrackPointExtension>
        </extensions>
      </trkpt>
      <trkpt lat="30.4369890689849853515625" lon="120.26910566724836826324462890625">
        <ele>7</ele>
        <time>2024-12-16T14:14:29.000Z</time>
        <extensions>
          <ns3:TrackPointExtension>
            <ns3:hr>159</ns3:hr>
            <ns3:cad>94</ns3:cad>
          </ns3:TrackPointExtension>
        </extensions>
      </trkpt>
      <trkpt lat="30.4369751550257205963134765625" lon="120.2690806053578853607177734375">
        <ele>7</ele>
        <time>2024-12-16T14:14:30.000Z</time>
        <extensions>
          <ns3:TrackPointExtension>
            <ns3:hr>159</ns3:hr>
            <ns3:cad>94</ns3:cad>
          </ns3:TrackPointExtension>
        </extensions>
      </trkpt>
      <trkpt lat="30.43696333654224872589111328125" lon="120.2690519392490386962890625">
        <ele>7.19999980926513671875</ele>
        <time>2024-12-16T14:14:31.000Z</time>
        <extensions>
          <ns3:TrackPointExtension>
            <ns3:hr>159</ns3:hr>
            <ns3:cad>91</ns3:cad>
          </ns3:TrackPointExtension>
        </extensions>
      </trkpt>
      <trkpt lat="30.4369526915252208709716796875" lon="120.26902168057858943939208984375">
        <ele>7.19999980926513671875</ele>
        <time>2024-12-16T14:14:32.000Z</time>
        <extensions>
          <ns3:TrackPointExtension>
            <ns3:hr>159</ns3:hr>
            <ns3:cad>91</ns3:cad>
          </ns3:TrackPointExtension>
        </extensions>
      </trkpt>
      <trkpt lat="30.43694355525076389312744140625" lon="120.26899066753685474395751953125">
        <ele>7.400000095367431640625</ele>
        <time>2024-12-16T14:14:33.000Z</time>
        <extensions>
          <ns3:TrackPointExtension>
            <ns3:hr>159</ns3:hr>
            <ns3:cad>93</ns3:cad>
          </ns3:TrackPointExtension>
        </extensions>
      </trkpt>
      <trkpt lat="30.436928384006023406982421875" lon="120.2689605765044689178466796875">
        <ele>7.400000095367431640625</ele>
        <time>2024-12-16T14:14:34.000Z</time>
        <extensions>
          <ns3:TrackPointExtension>
            <ns3:hr>158</ns3:hr>
            <ns3:cad>93</ns3:cad>
          </ns3:TrackPointExtension>
        </extensions>
      </trkpt>
      <trkpt lat="30.4369094409048557281494140625" lon="120.2689320780336856842041015625">
        <ele>7.599999904632568359375</ele>
        <time>2024-12-16T14:14:35.000Z</time>
        <extensions>
          <ns3:TrackPointExtension>
            <ns3:hr>158</ns3:hr>
            <ns3:cad>93</ns3:cad>
          </ns3:TrackPointExtension>
        </extensions>
      </trkpt>
      <trkpt lat="30.43689594604074954986572265625" lon="120.26890416629612445831298828125">
        <ele>7.599999904632568359375</ele>
        <time>2024-12-16T14:14:36.000Z</time>
        <extensions>
          <ns3:TrackPointExtension>
            <ns3:hr>158</ns3:hr>
            <ns3:cad>93</ns3:cad>
          </ns3:TrackPointExtension>
        </extensions>
      </trkpt>
      <trkpt lat="30.4368832893669605255126953125" lon="120.2688734047114849090576171875">
        <ele>7.599999904632568359375</ele>
        <time>2024-12-16T14:14:37.000Z</time>
        <extensions>
          <ns3:TrackPointExtension>
            <ns3:hr>158</ns3:hr>
            <ns3:cad>92</ns3:cad>
          </ns3:TrackPointExtension>
        </extensions>
      </trkpt>
      <trkpt lat="30.436872728168964385986328125" lon="120.26884264312684535980224609375">
        <ele>7.80000019073486328125</ele>
        <time>2024-12-16T14:14:38.000Z</time>
        <extensions>
          <ns3:TrackPointExtension>
            <ns3:hr>158</ns3:hr>
            <ns3:cad>92</ns3:cad>
          </ns3:TrackPointExtension>
        </extensions>
      </trkpt>
      <trkpt lat="30.43685831129550933837890625" lon="120.2688120491802692413330078125">
        <ele>7.80000019073486328125</ele>
        <time>2024-12-16T14:14:39.000Z</time>
        <extensions>
          <ns3:TrackPointExtension>
            <ns3:hr>158</ns3:hr>
            <ns3:cad>92</ns3:cad>
          </ns3:TrackPointExtension>
        </extensions>
      </trkpt>
      <trkpt lat="30.436851270496845245361328125" lon="120.2687825448811054229736328125">
        <ele>7.80000019073486328125</ele>
        <time>2024-12-16T14:14:40.000Z</time>
        <extensions>
          <ns3:TrackPointExtension>
            <ns3:hr>158</ns3:hr>
            <ns3:cad>92</ns3:cad>
          </ns3:TrackPointExtension>
        </extensions>
      </trkpt>
      <trkpt lat="30.436843223869800567626953125" lon="120.26875413022935390472412109375">
        <ele>7.599999904632568359375</ele>
        <time>2024-12-16T14:14:41.000Z</time>
        <extensions>
          <ns3:TrackPointExtension>
            <ns3:hr>158</ns3:hr>
            <ns3:cad>92</ns3:cad>
          </ns3:TrackPointExtension>
        </extensions>
      </trkpt>
      <trkpt lat="30.436831153929233551025390625" lon="120.26872429065406322479248046875">
        <ele>7.400000095367431640625</ele>
        <time>2024-12-16T14:14:42.000Z</time>
        <extensions>
          <ns3:TrackPointExtension>
            <ns3:hr>158</ns3:hr>
            <ns3:cad>94</ns3:cad>
          </ns3:TrackPointExtension>
        </extensions>
      </trkpt>
      <trkpt lat="30.4368152283132076263427734375" lon="120.26869663037359714508056640625">
        <ele>7.19999980926513671875</ele>
        <time>2024-12-16T14:14:43.000Z</time>
        <extensions>
          <ns3:TrackPointExtension>
            <ns3:hr>158</ns3:hr>
            <ns3:cad>94</ns3:cad>
          </ns3:TrackPointExtension>
        </extensions>
      </trkpt>
      <trkpt lat="30.4368011467158794403076171875" lon="120.2686651982367038726806640625">
        <ele>7</ele>
        <time>2024-12-16T14:14:44.000Z</time>
        <extensions>
          <ns3:TrackPointExtension>
            <ns3:hr>158</ns3:hr>
            <ns3:cad>94</ns3:cad>
          </ns3:TrackPointExtension>
        </extensions>
      </trkpt>
      <trkpt lat="30.4367897473275661468505859375" lon="120.268637873232364654541015625">
        <ele>6.80000019073486328125</ele>
        <time>2024-12-16T14:14:45.000Z</time>
        <extensions>
          <ns3:TrackPointExtension>
            <ns3:hr>158</ns3:hr>
            <ns3:cad>95</ns3:cad>
          </ns3:TrackPointExtension>
        </extensions>
      </trkpt>
      <trkpt lat="30.4367758333683013916015625" lon="120.26860979385673999786376953125">
        <ele>6.599999904632568359375</ele>
        <time>2024-12-16T14:14:46.000Z</time>
        <extensions>
          <ns3:TrackPointExtension>
            <ns3:hr>158</ns3:hr>
            <ns3:cad>95</ns3:cad>
          </ns3:TrackPointExtension>
        </extensions>
      </trkpt>
      <trkpt lat="30.4367639310657978057861328125" lon="120.26857945136725902557373046875">
        <ele>6.400000095367431640625</ele>
        <time>2024-12-16T14:14:47.000Z</time>
        <extensions>
          <ns3:TrackPointExtension>
            <ns3:hr>159</ns3:hr>
            <ns3:cad>94</ns3:cad>
          </ns3:TrackPointExtension>
        </extensions>
      </trkpt>
      <trkpt lat="30.4367481730878353118896484375" lon="120.26854961179196834564208984375">
        <ele>6.19999980926513671875</ele>
        <time>2024-12-16T14:14:48.000Z</time>
        <extensions>
          <ns3:TrackPointExtension>
            <ns3:hr>159</ns3:hr>
            <ns3:cad>93</ns3:cad>
          </ns3:TrackPointExtension>
        </extensions>
      </trkpt>
      <trkpt lat="30.4367287270724773406982421875" lon="120.26852312497794628143310546875">
        <ele>6</ele>
        <time>2024-12-16T14:14:49.000Z</time>
        <extensions>
          <ns3:TrackPointExtension>
            <ns3:hr>159</ns3:hr>
            <ns3:cad>93</ns3:cad>
          </ns3:TrackPointExtension>
        </extensions>
      </trkpt>
      <trkpt lat="30.4367116279900074005126953125" lon="120.26849244721233844757080078125">
        <ele>5.80000019073486328125</ele>
        <time>2024-12-16T14:14:50.000Z</time>
        <extensions>
          <ns3:TrackPointExtension>
            <ns3:hr>159</ns3:hr>
            <ns3:cad>93</ns3:cad>
          </ns3:TrackPointExtension>
        </extensions>
      </trkpt>
      <trkpt lat="30.436691343784332275390625" lon="120.2684697322547435760498046875">
        <ele>5.599999904632568359375</ele>
        <time>2024-12-16T14:14:51.000Z</time>
        <extensions>
          <ns3:TrackPointExtension>
            <ns3:hr>160</ns3:hr>
            <ns3:cad>93</ns3:cad>
          </ns3:TrackPointExtension>
        </extensions>
      </trkpt>
      <trkpt lat="30.436669550836086273193359375" lon="120.2684465982019901275634765625">
        <ele>5.400000095367431640625</ele>
        <time>2024-12-16T14:14:52.000Z</time>
        <extensions>
          <ns3:TrackPointExtension>
            <ns3:hr>160</ns3:hr>
            <ns3:cad>93</ns3:cad>
          </ns3:TrackPointExtension>
        </extensions>
      </trkpt>
      <trkpt lat="30.43664733879268169403076171875" lon="120.26842472143471240997314453125">
        <ele>5.19999980926513671875</ele>
        <time>2024-12-16T14:14:53.000Z</time>
        <extensions>
          <ns3:TrackPointExtension>
            <ns3:hr>160</ns3:hr>
            <ns3:cad>93</ns3:cad>
          </ns3:TrackPointExtension>
        </extensions>
      </trkpt>
      <trkpt lat="30.43662630021572113037109375" lon="120.26840929873287677764892578125">
        <ele>5.19999980926513671875</ele>
        <time>2024-12-16T14:14:54.000Z</time>
        <extensions>
          <ns3:TrackPointExtension>
            <ns3:hr>161</ns3:hr>
            <ns3:cad>93</ns3:cad>
          </ns3:TrackPointExtension>
        </extensions>
      </trkpt>
      <trkpt lat="30.4366107098758220672607421875" lon="120.2683867514133453369140625">
        <ele>5</ele>
        <time>2024-12-16T14:14:55.000Z</time>
        <extensions>
          <ns3:TrackPointExtension>
            <ns3:hr>161</ns3:hr>
            <ns3:cad>92</ns3:cad>
          </ns3:TrackPointExtension>
        </extensions>
      </trkpt>
      <trkpt lat="30.43659402988851070404052734375" lon="120.2683600969612598419189453125">
        <ele>4.599999904632568359375</ele>
        <time>2024-12-16T14:14:56.000Z</time>
        <extensions>
          <ns3:TrackPointExtension>
            <ns3:hr>161</ns3:hr>
            <ns3:cad>92</ns3:cad>
          </ns3:TrackPointExtension>
        </extensions>
      </trkpt>
      <trkpt lat="30.43656536377966403961181640625" lon="120.26833754964172840118408203125">
        <ele>4.400000095367431640625</ele>
        <time>2024-12-16T14:14:57.000Z</time>
        <extensions>
          <ns3:TrackPointExtension>
            <ns3:hr>162</ns3:hr>
            <ns3:cad>92</ns3:cad>
          </ns3:TrackPointExtension>
        </extensions>
      </trkpt>
      <trkpt lat="30.43654927052557468414306640625" lon="120.2683104760944843292236328125">
        <ele>4.19999980926513671875</ele>
        <time>2024-12-16T14:14:58.000Z</time>
        <extensions>
          <ns3:TrackPointExtension>
            <ns3:hr>162</ns3:hr>
            <ns3:cad>92</ns3:cad>
          </ns3:TrackPointExtension>
        </extensions>
      </trkpt>
      <trkpt lat="30.436542145907878875732421875" lon="120.2682806365191936492919921875">
        <ele>4</ele>
        <time>2024-12-16T14:14:59.000Z</time>
        <extensions>
          <ns3:TrackPointExtension>
            <ns3:hr>162</ns3:hr>
            <ns3:cad>92</ns3:cad>
          </ns3:TrackPointExtension>
        </extensions>
      </trkpt>
      <trkpt lat="30.43653284199535846710205078125" lon="120.26825062930583953857421875">
        <ele>3.599999904632568359375</ele>
        <time>2024-12-16T14:15:00.000Z</time>
        <extensions>
          <ns3:TrackPointExtension>
            <ns3:hr>163</ns3:hr>
            <ns3:cad>92</ns3:cad>
          </ns3:TrackPointExtension>
        </extensions>
      </trkpt>
      <trkpt lat="30.43651691637933254241943359375" lon="120.2682276628911495208740234375">
        <ele>3.599999904632568359375</ele>
        <time>2024-12-16T14:15:01.000Z</time>
        <extensions>
          <ns3:TrackPointExtension>
            <ns3:hr>163</ns3:hr>
            <ns3:cad>92</ns3:cad>
          </ns3:TrackPointExtension>
        </extensions>
      </trkpt>
      <trkpt lat="30.43650216422975063323974609375" lon="120.26819790713489055633544921875">
        <ele>3.7999999523162841796875</ele>
        <time>2024-12-16T14:15:02.000Z</time>
        <extensions>
          <ns3:TrackPointExtension>
            <ns3:hr>163</ns3:hr>
            <ns3:cad>92</ns3:cad>
          </ns3:TrackPointExtension>
        </extensions>
      </trkpt>
      <trkpt lat="30.43648288585245609283447265625" lon="120.2681797184050083160400390625">
        <ele>3.7999999523162841796875</ele>
        <time>2024-12-16T14:15:03.000Z</time>
        <extensions>
          <ns3:TrackPointExtension>
            <ns3:hr>163</ns3:hr>
            <ns3:cad>91</ns3:cad>
          </ns3:TrackPointExtension>
        </extensions>
      </trkpt>
      <trkpt lat="30.43646360747516155242919921875" lon="120.26817041449248790740966796875">
        <ele>3.7999999523162841796875</ele>
        <time>2024-12-16T14:15:04.000Z</time>
        <extensions>
          <ns3:TrackPointExtension>
            <ns3:hr>163</ns3:hr>
            <ns3:cad>91</ns3:cad>
          </ns3:TrackPointExtension>
        </extensions>
      </trkpt>
      <trkpt lat="30.43643963523209095001220703125" lon="120.26815767399966716766357421875">
        <ele>3.599999904632568359375</ele>
        <time>2024-12-16T14:15:05.000Z</time>
        <extensions>
          <ns3:TrackPointExtension>
            <ns3:hr>162</ns3:hr>
            <ns3:cad>90</ns3:cad>
          </ns3:TrackPointExtension>
        </extensions>
      </trkpt>
      <trkpt lat="30.43641683645546436309814453125" lon="120.26814912445843219757080078125">
        <ele>3.599999904632568359375</ele>
        <time>2024-12-16T14:15:06.000Z</time>
        <extensions>
          <ns3:TrackPointExtension>
            <ns3:hr>162</ns3:hr>
            <ns3:cad>89</ns3:cad>
          </ns3:TrackPointExtension>
        </extensions>
      </trkpt>
      <trkpt lat="30.4363884218037128448486328125" lon="120.26814199984073638916015625">
        <ele>3.599999904632568359375</ele>
        <time>2024-12-16T14:15:07.000Z</time>
        <extensions>
          <ns3:TrackPointExtension>
            <ns3:hr>162</ns3:hr>
            <ns3:cad>88</ns3:cad>
          </ns3:TrackPointExtension>
        </extensions>
      </trkpt>
      <trkpt lat="30.43636118061840534210205078125" lon="120.2681300975382328033447265625">
        <ele>3.400000095367431640625</ele>
        <time>2024-12-16T14:15:08.000Z</time>
        <extensions>
          <ns3:TrackPointExtension>
            <ns3:hr>162</ns3:hr>
            <ns3:cad>88</ns3:cad>
          </ns3:TrackPointExtension>
        </extensions>
      </trkpt>
      <trkpt lat="30.43633352033793926239013671875" lon="120.26812255382537841796875">
        <ele>3.400000095367431640625</ele>
        <time>2024-12-16T14:15:09.000Z</time>
        <extensions>
          <ns3:TrackPointExtension>
            <ns3:hr>162</ns3:hr>
            <ns3:cad>89</ns3:cad>
          </ns3:TrackPointExtension>
        </extensions>
      </trkpt>
      <trkpt lat="30.43631114065647125244140625" lon="120.2681223861873149871826171875">
        <ele>3.400000095367431640625</ele>
        <time>2024-12-16T14:15:10.000Z</time>
        <extensions>
          <ns3:TrackPointExtension>
            <ns3:hr>163</ns3:hr>
            <ns3:cad>89</ns3:cad>
          </ns3:TrackPointExtension>
        </extensions>
      </trkpt>
      <trkpt lat="30.43628834187984466552734375" lon="120.26812481693923473358154296875">
        <ele>3.400000095367431640625</ele>
        <time>2024-12-16T14:15:11.000Z</time>
        <extensions>
          <ns3:TrackPointExtension>
            <ns3:hr>163</ns3:hr>
            <ns3:cad>89</ns3:cad>
          </ns3:TrackPointExtension>
        </extensions>
      </trkpt>
      <trkpt lat="30.43627224862575531005859375" lon="120.26812900789082050323486328125">
        <ele>3.400000095367431640625</ele>
        <time>2024-12-16T14:15:12.000Z</time>
        <extensions>
          <ns3:TrackPointExtension>
            <ns3:hr>163</ns3:hr>
            <ns3:cad>89</ns3:cad>
          </ns3:TrackPointExtension>
        </extensions>
      </trkpt>
      <trkpt lat="30.4362590052187442779541015625" lon="120.26813319884240627288818359375">
        <ele>3.400000095367431640625</ele>
        <time>2024-12-16T14:15:13.000Z</time>
        <extensions>
          <ns3:TrackPointExtension>
            <ns3:hr>164</ns3:hr>
            <ns3:cad>45</ns3:cad>
          </ns3:TrackPointExtension>
        </extensions>
      </trkpt>
      <trkpt lat="30.43624467216432094573974609375" lon="120.2681401558220386505126953125">
        <ele>3.400000095367431640625</ele>
        <time>2024-12-16T14:15:14.000Z</time>
        <extensions>
          <ns3:TrackPointExtension>
            <ns3:hr>165</ns3:hr>
            <ns3:cad>45</ns3:cad>
          </ns3:TrackPointExtension>
        </extensions>
      </trkpt>
      <trkpt lat="30.43622790835797786712646484375" lon="120.26814744807779788970947265625">
        <ele>3.400000095367431640625</ele>
        <time>2024-12-16T14:15:15.000Z</time>
        <extensions>
          <ns3:TrackPointExtension>
            <ns3:hr>166</ns3:hr>
            <ns3:cad>45</ns3:cad>
          </ns3:TrackPointExtension>
        </extensions>
      </trkpt>
      <trkpt lat="30.4362077079713344573974609375" lon="120.26815817691385746002197265625">
        <ele>3.400000095367431640625</ele>
        <time>2024-12-16T14:15:16.000Z</time>
        <extensions>
          <ns3:TrackPointExtension>
            <ns3:hr>166</ns3:hr>
            <ns3:cad>90</ns3:cad>
          </ns3:TrackPointExtension>
        </extensions>
      </trkpt>
      <trkpt lat="30.4361832328140735626220703125" lon="120.26817309670150279998779296875">
        <ele>3.2000000476837158203125</ele>
        <time>2024-12-16T14:15:17.000Z</time>
        <extensions>
          <ns3:TrackPointExtension>
            <ns3:hr>166</ns3:hr>
            <ns3:cad>90</ns3:cad>
          </ns3:TrackPointExtension>
        </extensions>
      </trkpt>
      <trkpt lat="30.436155907809734344482421875" lon="120.268189944326877593994140625">
        <ele>3.2000000476837158203125</ele>
        <time>2024-12-16T14:15:18.000Z</time>
        <extensions>
          <ns3:TrackPointExtension>
            <ns3:hr>165</ns3:hr>
            <ns3:cad>94</ns3:cad>
          </ns3:TrackPointExtension>
        </extensions>
      </trkpt>
      <trkpt lat="30.43613201938569545745849609375" lon="120.268206708133220672607421875">
        <ele>3.2000000476837158203125</ele>
        <time>2024-12-16T14:15:19.000Z</time>
        <extensions>
          <ns3:TrackPointExtension>
            <ns3:hr>165</ns3:hr>
            <ns3:cad>94</ns3:cad>
          </ns3:TrackPointExtension>
        </extensions>
      </trkpt>
      <trkpt lat="30.43610888533294200897216796875" lon="120.26822087354958057403564453125">
        <ele>3.2000000476837158203125</ele>
        <time>2024-12-16T14:15:20.000Z</time>
        <extensions>
          <ns3:TrackPointExtension>
            <ns3:hr>165</ns3:hr>
            <ns3:cad>93</ns3:cad>
          </ns3:TrackPointExtension>
        </extensions>
      </trkpt>
      <trkpt lat="30.43608441017568111419677734375" lon="120.26823579333722591400146484375">
        <ele>3</ele>
        <time>2024-12-16T14:15:21.000Z</time>
        <extensions>
          <ns3:TrackPointExtension>
            <ns3:hr>165</ns3:hr>
            <ns3:cad>92</ns3:cad>
          </ns3:TrackPointExtension>
        </extensions>
      </trkpt>
      <trkpt lat="30.43606211431324481964111328125" lon="120.268247611820697784423828125">
        <ele>3</ele>
        <time>2024-12-16T14:15:22.000Z</time>
        <extensions>
          <ns3:TrackPointExtension>
            <ns3:hr>164</ns3:hr>
            <ns3:cad>92</ns3:cad>
          </ns3:TrackPointExtension>
        </extensions>
      </trkpt>
      <trkpt lat="30.43603889644145965576171875" lon="120.26826395653188228607177734375">
        <ele>3.2000000476837158203125</ele>
        <time>2024-12-16T14:15:23.000Z</time>
        <extensions>
          <ns3:TrackPointExtension>
            <ns3:hr>164</ns3:hr>
            <ns3:cad>93</ns3:cad>
          </ns3:TrackPointExtension>
        </extensions>
      </trkpt>
      <trkpt lat="30.4360145889222621917724609375" lon="120.26827703230082988739013671875">
        <ele>3.2000000476837158203125</ele>
        <time>2024-12-16T14:15:24.000Z</time>
        <extensions>
          <ns3:TrackPointExtension>
            <ns3:hr>164</ns3:hr>
            <ns3:cad>93</ns3:cad>
          </ns3:TrackPointExtension>
        </extensions>
      </trkpt>
      <trkpt lat="30.43598751537501811981201171875" lon="120.26829228736460208892822265625">
        <ele>3.400000095367431640625</ele>
        <time>2024-12-16T14:15:25.000Z</time>
        <extensions>
          <ns3:TrackPointExtension>
            <ns3:hr>164</ns3:hr>
            <ns3:cad>93</ns3:cad>
          </ns3:TrackPointExtension>
        </extensions>
      </trkpt>
      <trkpt lat="30.43596438132226467132568359375" lon="120.2683101408183574676513671875">
        <ele>3.599999904632568359375</ele>
        <time>2024-12-16T14:15:26.000Z</time>
        <extensions>
          <ns3:TrackPointExtension>
            <ns3:hr>164</ns3:hr>
            <ns3:cad>93</ns3:cad>
          </ns3:TrackPointExtension>
        </extensions>
      </trkpt>
      <trkpt lat="30.43593873269855976104736328125" lon="120.26832816191017627716064453125">
        <ele>3.7999999523162841796875</ele>
        <time>2024-12-16T14:15:27.000Z</time>
        <extensions>
          <ns3:TrackPointExtension>
            <ns3:hr>164</ns3:hr>
            <ns3:cad>93</ns3:cad>
          </ns3:TrackPointExtension>
        </extensions>
      </trkpt>
      <trkpt lat="30.4359153471887111663818359375" lon="120.268347524106502532958984375">
        <ele>3.7999999523162841796875</ele>
        <time>2024-12-16T14:15:28.000Z</time>
        <extensions>
          <ns3:TrackPointExtension>
            <ns3:hr>164</ns3:hr>
            <ns3:cad>93</ns3:cad>
          </ns3:TrackPointExtension>
        </extensions>
      </trkpt>
      <trkpt lat="30.4358908720314502716064453125" lon="120.2683654613792896270751953125">
        <ele>4</ele>
        <time>2024-12-16T14:15:29.000Z</time>
        <extensions>
          <ns3:TrackPointExtension>
            <ns3:hr>165</ns3:hr>
            <ns3:cad>93</ns3:cad>
          </ns3:TrackPointExtension>
        </extensions>
      </trkpt>
      <trkpt lat="30.4358692467212677001953125" lon="120.268379040062427520751953125">
        <ele>4</ele>
        <time>2024-12-16T14:15:30.000Z</time>
        <extensions>
          <ns3:TrackPointExtension>
            <ns3:hr>165</ns3:hr>
            <ns3:cad>93</ns3:cad>
          </ns3:TrackPointExtension>
        </extensions>
      </trkpt>
      <trkpt lat="30.43584519065916538238525390625" lon="120.26839823462069034576416015625">
        <ele>4</ele>
        <time>2024-12-16T14:15:31.000Z</time>
        <extensions>
          <ns3:TrackPointExtension>
            <ns3:hr>165</ns3:hr>
            <ns3:cad>93</ns3:cad>
          </ns3:TrackPointExtension>
        </extensions>
      </trkpt>
      <trkpt lat="30.4358211345970630645751953125" lon="120.2684110589325428009033203125">
        <ele>4</ele>
        <time>2024-12-16T14:15:32.000Z</time>
        <extensions>
          <ns3:TrackPointExtension>
            <ns3:hr>165</ns3:hr>
            <ns3:cad>93</ns3:cad>
          </ns3:TrackPointExtension>
        </extensions>
      </trkpt>
      <trkpt lat="30.43579707853496074676513671875" lon="120.2684254758059978485107421875">
        <ele>4</ele>
        <time>2024-12-16T14:15:33.000Z</time>
        <extensions>
          <ns3:TrackPointExtension>
            <ns3:hr>165</ns3:hr>
            <ns3:cad>93</ns3:cad>
          </ns3:TrackPointExtension>
        </extensions>
      </trkpt>
      <trkpt lat="30.43577469885349273681640625" lon="120.26843863539397716522216796875">
        <ele>4</ele>
        <time>2024-12-16T14:15:34.000Z</time>
        <extensions>
          <ns3:TrackPointExtension>
            <ns3:hr>165</ns3:hr>
            <ns3:cad>93</ns3:cad>
          </ns3:TrackPointExtension>
        </extensions>
      </trkpt>
      <trkpt lat="30.43575466610491275787353515625" lon="120.26845447719097137451171875">
        <ele>4.19999980926513671875</ele>
        <time>2024-12-16T14:15:35.000Z</time>
        <extensions>
          <ns3:TrackPointExtension>
            <ns3:hr>165</ns3:hr>
            <ns3:cad>93</ns3:cad>
          </ns3:TrackPointExtension>
        </extensions>
      </trkpt>
      <trkpt lat="30.43573538772761821746826171875" lon="120.26846981607377529144287109375">
        <ele>4.19999980926513671875</ele>
        <time>2024-12-16T14:15:36.000Z</time>
        <extensions>
          <ns3:TrackPointExtension>
            <ns3:hr>165</ns3:hr>
            <ns3:cad>92</ns3:cad>
          </ns3:TrackPointExtension>
        </extensions>
      </trkpt>
      <trkpt lat="30.435713343322277069091796875" lon="120.2684806287288665771484375">
        <ele>4.19999980926513671875</ele>
        <time>2024-12-16T14:15:37.000Z</time>
        <extensions>
          <ns3:TrackPointExtension>
            <ns3:hr>165</ns3:hr>
            <ns3:cad>92</ns3:cad>
          </ns3:TrackPointExtension>
        </extensions>
      </trkpt>
      <trkpt lat="30.43569381348788738250732421875" lon="120.26849378831684589385986328125">
        <ele>4.400000095367431640625</ele>
        <time>2024-12-16T14:15:38.000Z</time>
        <extensions>
          <ns3:TrackPointExtension>
            <ns3:hr>166</ns3:hr>
            <ns3:cad>92</ns3:cad>
          </ns3:TrackPointExtension>
        </extensions>
      </trkpt>
      <trkpt lat="30.4356769658625125885009765625" lon="120.26851021684706211090087890625">
        <ele>4.400000095367431640625</ele>
        <time>2024-12-16T14:15:39.000Z</time>
        <extensions>
          <ns3:TrackPointExtension>
            <ns3:hr>166</ns3:hr>
            <ns3:cad>92</ns3:cad>
          </ns3:TrackPointExtension>
        </extensions>
      </trkpt>
      <trkpt lat="30.4356575198471546173095703125" lon="120.26852312497794628143310546875">
        <ele>4.400000095367431640625</ele>
        <time>2024-12-16T14:15:40.000Z</time>
        <extensions>
          <ns3:TrackPointExtension>
            <ns3:hr>166</ns3:hr>
            <ns3:cad>91</ns3:cad>
          </ns3:TrackPointExtension>
        </extensions>
      </trkpt>
      <trkpt lat="30.4356327094137668609619140625" lon="120.26853603310883045196533203125">
        <ele>4.599999904632568359375</ele>
        <time>2024-12-16T14:15:41.000Z</time>
        <extensions>
          <ns3:TrackPointExtension>
            <ns3:hr>166</ns3:hr>
            <ns3:cad>91</ns3:cad>
          </ns3:TrackPointExtension>
        </extensions>
      </trkpt>
      <trkpt lat="30.4356089048087596893310546875" lon="120.26854894123971462249755859375">
        <ele>4.599999904632568359375</ele>
        <time>2024-12-16T14:15:42.000Z</time>
        <extensions>
          <ns3:TrackPointExtension>
            <ns3:hr>166</ns3:hr>
            <ns3:cad>91</ns3:cad>
          </ns3:TrackPointExtension>
        </extensions>
      </trkpt>
      <trkpt lat="30.4355844296514987945556640625" lon="120.268558077514171600341796875">
        <ele>4.80000019073486328125</ele>
        <time>2024-12-16T14:15:43.000Z</time>
        <extensions>
          <ns3:TrackPointExtension>
            <ns3:hr>166</ns3:hr>
            <ns3:cad>91</ns3:cad>
          </ns3:TrackPointExtension>
        </extensions>
      </trkpt>
      <trkpt lat="30.43556204997003078460693359375" lon="120.26856671087443828582763671875">
        <ele>4.80000019073486328125</ele>
        <time>2024-12-16T14:15:44.000Z</time>
        <extensions>
          <ns3:TrackPointExtension>
            <ns3:hr>166</ns3:hr>
            <ns3:cad>91</ns3:cad>
          </ns3:TrackPointExtension>
        </extensions>
      </trkpt>
      <trkpt lat="30.43554377742111682891845703125" lon="120.2685763500630855560302734375">
        <ele>4.80000019073486328125</ele>
        <time>2024-12-16T14:15:45.000Z</time>
        <extensions>
          <ns3:TrackPointExtension>
            <ns3:hr>166</ns3:hr>
            <ns3:cad>91</ns3:cad>
          </ns3:TrackPointExtension>
        </extensions>
      </trkpt>
      <trkpt lat="30.43552701361477375030517578125" lon="120.268588252365589141845703125">
        <ele>5</ele>
        <time>2024-12-16T14:15:46.000Z</time>
        <extensions>
          <ns3:TrackPointExtension>
            <ns3:hr>165</ns3:hr>
            <ns3:cad>91</ns3:cad>
          </ns3:TrackPointExtension>
        </extensions>
      </trkpt>
      <trkpt lat="30.43550589121878147125244140625" lon="120.2685984782874584197998046875">
        <ele>5</ele>
        <time>2024-12-16T14:15:47.000Z</time>
        <extensions>
          <ns3:TrackPointExtension>
            <ns3:hr>165</ns3:hr>
            <ns3:cad>90</ns3:cad>
          </ns3:TrackPointExtension>
        </extensions>
      </trkpt>
      <trkpt lat="30.43548904359340667724609375" lon="120.268613062798976898193359375">
        <ele>5</ele>
        <time>2024-12-16T14:15:48.000Z</time>
        <extensions>
          <ns3:TrackPointExtension>
            <ns3:hr>165</ns3:hr>
            <ns3:cad>91</ns3:cad>
          </ns3:TrackPointExtension>
        </extensions>
      </trkpt>
      <trkpt lat="30.43547001667320728302001953125" lon="120.2686289884150028228759765625">
        <ele>5</ele>
        <time>2024-12-16T14:15:49.000Z</time>
        <extensions>
          <ns3:TrackPointExtension>
            <ns3:hr>165</ns3:hr>
            <ns3:cad>91</ns3:cad>
          </ns3:TrackPointExtension>
        </extensions>
      </trkpt>
      <trkpt lat="30.43544705025851726531982421875" lon="120.26864516548812389373779296875">
        <ele>5</ele>
        <time>2024-12-16T14:15:50.000Z</time>
        <extensions>
          <ns3:TrackPointExtension>
            <ns3:hr>165</ns3:hr>
            <ns3:cad>91</ns3:cad>
          </ns3:TrackPointExtension>
        </extensions>
      </trkpt>
      <trkpt lat="30.43542592786252498626708984375" lon="120.2686594985425472259521484375">
        <ele>5</ele>
        <time>2024-12-16T14:15:51.000Z</time>
        <extensions>
          <ns3:TrackPointExtension>
            <ns3:hr>165</ns3:hr>
            <ns3:cad>91</ns3:cad>
          </ns3:TrackPointExtension>
        </extensions>
      </trkpt>
      <trkpt lat="30.43540547601878643035888671875" lon="120.26868087239563465118408203125">
        <ele>5</ele>
        <time>2024-12-16T14:15:52.000Z</time>
        <extensions>
          <ns3:TrackPointExtension>
            <ns3:hr>165</ns3:hr>
            <ns3:cad>92</ns3:cad>
          </ns3:TrackPointExtension>
        </extensions>
      </trkpt>
      <trkpt lat="30.4353864490985870361328125" lon="120.26870367117226123809814453125">
        <ele>5</ele>
        <time>2024-12-16T14:15:53.000Z</time>
        <extensions>
          <ns3:TrackPointExtension>
            <ns3:hr>165</ns3:hr>
            <ns3:cad>92</ns3:cad>
          </ns3:TrackPointExtension>
        </extensions>
      </trkpt>
      <trkpt lat="30.43536792509257793426513671875" lon="120.26872529648244380950927734375">
        <ele>5</ele>
        <time>2024-12-16T14:15:54.000Z</time>
        <extensions>
          <ns3:TrackPointExtension>
            <ns3:hr>165</ns3:hr>
            <ns3:cad>90</ns3:cad>
          </ns3:TrackPointExtension>
        </extensions>
      </trkpt>
      <trkpt lat="30.4353500716388225555419921875" lon="120.268740467727184295654296875">
        <ele>5</ele>
        <time>2024-12-16T14:15:55.000Z</time>
        <extensions>
          <ns3:TrackPointExtension>
            <ns3:hr>166</ns3:hr>
            <ns3:cad>90</ns3:cad>
          </ns3:TrackPointExtension>
        </extensions>
      </trkpt>
      <trkpt lat="30.43532702140510082244873046875" lon="120.26874876581132411956787109375">
        <ele>5</ele>
        <time>2024-12-16T14:15:56.000Z</time>
        <extensions>
          <ns3:TrackPointExtension>
            <ns3:hr>166</ns3:hr>
            <ns3:cad>90</ns3:cad>
          </ns3:TrackPointExtension>
        </extensions>
      </trkpt>
      <trkpt lat="30.435302294790744781494140625" lon="120.268758237361907958984375">
        <ele>5</ele>
        <time>2024-12-16T14:15:57.000Z</time>
        <extensions>
          <ns3:TrackPointExtension>
            <ns3:hr>166</ns3:hr>
            <ns3:cad>90</ns3:cad>
          </ns3:TrackPointExtension>
        </extensions>
      </trkpt>
      <trkpt lat="30.43527639470994472503662109375" lon="120.26877173222601413726806640625">
        <ele>5</ele>
        <time>2024-12-16T14:15:58.000Z</time>
        <extensions>
          <ns3:TrackPointExtension>
            <ns3:hr>166</ns3:hr>
            <ns3:cad>90</ns3:cad>
          </ns3:TrackPointExtension>
        </extensions>
      </trkpt>
      <trkpt lat="30.43525342829525470733642578125" lon="120.26878447271883487701416015625">
        <ele>5</ele>
        <time>2024-12-16T14:15:59.000Z</time>
        <extensions>
          <ns3:TrackPointExtension>
            <ns3:hr>166</ns3:hr>
            <ns3:cad>90</ns3:cad>
          </ns3:TrackPointExtension>
        </extensions>
      </trkpt>
      <trkpt lat="30.43523582629859447479248046875" lon="120.26879855431616306304931640625">
        <ele>5</ele>
        <time>2024-12-16T14:16:00.000Z</time>
        <extensions>
          <ns3:TrackPointExtension>
            <ns3:hr>166</ns3:hr>
            <ns3:cad>90</ns3:cad>
          </ns3:TrackPointExtension>
        </extensions>
      </trkpt>
      <trkpt lat="30.43521990068256855010986328125" lon="120.26880978606641292572021484375">
        <ele>5</ele>
        <time>2024-12-16T14:16:01.000Z</time>
        <extensions>
          <ns3:TrackPointExtension>
            <ns3:hr>167</ns3:hr>
            <ns3:cad>90</ns3:cad>
          </ns3:TrackPointExtension>
        </extensions>
      </trkpt>
      <trkpt lat="30.4352005384862422943115234375" lon="120.2688239514827728271484375">
        <ele>5</ele>
        <time>2024-12-16T14:16:02.000Z</time>
        <extensions>
          <ns3:TrackPointExtension>
            <ns3:hr>167</ns3:hr>
            <ns3:cad>90</ns3:cad>
          </ns3:TrackPointExtension>
        </extensions>
      </trkpt>
      <trkpt lat="30.43517933227121829986572265625" lon="120.26883937418460845947265625">
        <ele>5</ele>
        <time>2024-12-16T14:16:03.000Z</time>
        <extensions>
          <ns3:TrackPointExtension>
            <ns3:hr>167</ns3:hr>
            <ns3:cad>90</ns3:cad>
          </ns3:TrackPointExtension>
        </extensions>
      </trkpt>
      <trkpt lat="30.4351546056568622589111328125" lon="120.26885404251515865325927734375">
        <ele>5.19999980926513671875</ele>
        <time>2024-12-16T14:16:04.000Z</time>
        <extensions>
          <ns3:TrackPointExtension>
            <ns3:hr>167</ns3:hr>
            <ns3:cad>90</ns3:cad>
          </ns3:TrackPointExtension>
        </extensions>
      </trkpt>
      <trkpt lat="30.435129962861537933349609375" lon="120.26886753737926483154296875">
        <ele>5.19999980926513671875</ele>
        <time>2024-12-16T14:16:05.000Z</time>
        <extensions>
          <ns3:TrackPointExtension>
            <ns3:hr>167</ns3:hr>
            <ns3:cad>0</ns3:cad>
          </ns3:TrackPointExtension>
        </extensions>
      </trkpt>
      <trkpt lat="30.43510255403816699981689453125" lon="120.2688817866146564483642578125">
        <ele>5.19999980926513671875</ele>
        <time>2024-12-16T14:16:06.000Z</time>
        <extensions>
          <ns3:TrackPointExtension>
            <ns3:hr>167</ns3:hr>
            <ns3:cad>0</ns3:cad>
          </ns3:TrackPointExtension>
        </extensions>
      </trkpt>
      <trkpt lat="30.43508109636604785919189453125" lon="120.268900394439697265625">
        <ele>5.19999980926513671875</ele>
        <time>2024-12-16T14:16:07.000Z</time>
        <extensions>
          <ns3:TrackPointExtension>
            <ns3:hr>168</ns3:hr>
            <ns3:cad>0</ns3:cad>
          </ns3:TrackPointExtension>
        </extensions>
      </trkpt>
      <trkpt lat="30.43505812995135784149169921875" lon="120.2689163200557231903076171875">
        <ele>5.19999980926513671875</ele>
        <time>2024-12-16T14:16:08.000Z</time>
        <extensions>
          <ns3:TrackPointExtension>
            <ns3:hr>167</ns3:hr>
            <ns3:cad>90</ns3:cad>
          </ns3:TrackPointExtension>
        </extensions>
      </trkpt>
      <trkpt lat="30.43503549881279468536376953125" lon="120.26893015019595623016357421875">
        <ele>5.19999980926513671875</ele>
        <time>2024-12-16T14:16:09.000Z</time>
        <extensions>
          <ns3:TrackPointExtension>
            <ns3:hr>167</ns3:hr>
            <ns3:cad>90</ns3:cad>
          </ns3:TrackPointExtension>
        </extensions>
      </trkpt>
      <trkpt lat="30.43501018546521663665771484375" lon="120.26894641108810901641845703125">
        <ele>5</ele>
        <time>2024-12-16T14:16:10.000Z</time>
        <extensions>
          <ns3:TrackPointExtension>
            <ns3:hr>167</ns3:hr>
            <ns3:cad>90</ns3:cad>
          </ns3:TrackPointExtension>
        </extensions>
      </trkpt>
      <trkpt lat="30.43498738668859004974365234375" lon="120.26896032504737377166748046875">
        <ele>5</ele>
        <time>2024-12-16T14:16:11.000Z</time>
        <extensions>
          <ns3:TrackPointExtension>
            <ns3:hr>168</ns3:hr>
            <ns3:cad>90</ns3:cad>
          </ns3:TrackPointExtension>
        </extensions>
      </trkpt>
      <trkpt lat="30.43496559374034404754638671875" lon="120.26897675357758998870849609375">
        <ele>4.80000019073486328125</ele>
        <time>2024-12-16T14:16:12.000Z</time>
        <extensions>
          <ns3:TrackPointExtension>
            <ns3:hr>168</ns3:hr>
            <ns3:cad>90</ns3:cad>
          </ns3:TrackPointExtension>
        </extensions>
      </trkpt>
      <trkpt lat="30.4349453933537006378173828125" lon="120.2689880691468715667724609375">
        <ele>4.80000019073486328125</ele>
        <time>2024-12-16T14:16:13.000Z</time>
        <extensions>
          <ns3:TrackPointExtension>
            <ns3:hr>168</ns3:hr>
            <ns3:cad>90</ns3:cad>
          </ns3:TrackPointExtension>
        </extensions>
      </trkpt>
      <trkpt lat="30.4349222593009471893310546875" lon="120.26900156401097774505615234375">
        <ele>4.599999904632568359375</ele>
        <time>2024-12-16T14:16:14.000Z</time>
        <extensions>
          <ns3:TrackPointExtension>
            <ns3:hr>169</ns3:hr>
            <ns3:cad>91</ns3:cad>
          </ns3:TrackPointExtension>
        </extensions>
      </trkpt>
      <trkpt lat="30.43490306474268436431884765625" lon="120.2690155617892742156982421875">
        <ele>4.599999904632568359375</ele>
        <time>2024-12-16T14:16:15.000Z</time>
        <extensions>
          <ns3:TrackPointExtension>
            <ns3:hr>170</ns3:hr>
            <ns3:cad>91</ns3:cad>
          </ns3:TrackPointExtension>
        </extensions>
      </trkpt>
      <trkpt lat="30.4348862171173095703125" lon="120.26903995312750339508056640625">
        <ele>4.400000095367431640625</ele>
        <time>2024-12-16T14:16:16.000Z</time>
        <extensions>
          <ns3:TrackPointExtension>
            <ns3:hr>170</ns3:hr>
            <ns3:cad>91</ns3:cad>
          </ns3:TrackPointExtension>
        </extensions>
      </trkpt>
      <trkpt lat="30.434865094721317291259765625" lon="120.26906199753284454345703125">
        <ele>4.400000095367431640625</ele>
        <time>2024-12-16T14:16:17.000Z</time>
        <extensions>
          <ns3:TrackPointExtension>
            <ns3:hr>169</ns3:hr>
            <ns3:cad>91</ns3:cad>
          </ns3:TrackPointExtension>
        </extensions>
      </trkpt>
      <trkpt lat="30.43483919464051723480224609375" lon="120.2690759114921092987060546875">
        <ele>4.400000095367431640625</ele>
        <time>2024-12-16T14:16:18.000Z</time>
        <extensions>
          <ns3:TrackPointExtension>
            <ns3:hr>169</ns3:hr>
            <ns3:cad>91</ns3:cad>
          </ns3:TrackPointExtension>
        </extensions>
      </trkpt>
      <trkpt lat="30.43481471948325634002685546875" lon="120.26909016072750091552734375">
        <ele>4.599999904632568359375</ele>
        <time>2024-12-16T14:16:19.000Z</time>
        <extensions>
          <ns3:TrackPointExtension>
            <ns3:hr>169</ns3:hr>
            <ns3:cad>91</ns3:cad>
          </ns3:TrackPointExtension>
        </extensions>
      </trkpt>
      <trkpt lat="30.43479057960212230682373046875" lon="120.26910499669611454010009765625">
        <ele>4.599999904632568359375</ele>
        <time>2024-12-16T14:16:20.000Z</time>
        <extensions>
          <ns3:TrackPointExtension>
            <ns3:hr>169</ns3:hr>
            <ns3:cad>90</ns3:cad>
          </ns3:TrackPointExtension>
        </extensions>
      </trkpt>
      <trkpt lat="30.43476526625454425811767578125" lon="120.26912192814052104949951171875">
        <ele>4.599999904632568359375</ele>
        <time>2024-12-16T14:16:21.000Z</time>
        <extensions>
          <ns3:TrackPointExtension>
            <ns3:hr>169</ns3:hr>
            <ns3:cad>89</ns3:cad>
          </ns3:TrackPointExtension>
        </extensions>
      </trkpt>
      <trkpt lat="30.434740372002124786376953125" lon="120.26914154179394245147705078125">
        <ele>4.599999904632568359375</ele>
        <time>2024-12-16T14:16:22.000Z</time>
        <extensions>
          <ns3:TrackPointExtension>
            <ns3:hr>169</ns3:hr>
            <ns3:cad>89</ns3:cad>
          </ns3:TrackPointExtension>
        </extensions>
      </trkpt>
      <trkpt lat="30.43471346609294414520263671875" lon="120.269155204296112060546875">
        <ele>4.599999904632568359375</ele>
        <time>2024-12-16T14:16:23.000Z</time>
        <extensions>
          <ns3:TrackPointExtension>
            <ns3:hr>169</ns3:hr>
            <ns3:cad>89</ns3:cad>
          </ns3:TrackPointExtension>
        </extensions>
      </trkpt>
      <trkpt lat="30.434692762792110443115234375" lon="120.26916719041764736175537109375">
        <ele>4.599999904632568359375</ele>
        <time>2024-12-16T14:16:24.000Z</time>
        <extensions>
          <ns3:TrackPointExtension>
            <ns3:hr>170</ns3:hr>
            <ns3:cad>89</ns3:cad>
          </ns3:TrackPointExtension>
        </extensions>
      </trkpt>
      <trkpt lat="30.4346691258251667022705078125" lon="120.2691842056810855865478515625">
        <ele>4.599999904632568359375</ele>
        <time>2024-12-16T14:16:25.000Z</time>
        <extensions>
          <ns3:TrackPointExtension>
            <ns3:hr>169</ns3:hr>
            <ns3:cad>89</ns3:cad>
          </ns3:TrackPointExtension>
        </extensions>
      </trkpt>
      <trkpt lat="30.434643812477588653564453125" lon="120.2691976167261600494384765625">
        <ele>4.400000095367431640625</ele>
        <time>2024-12-16T14:16:26.000Z</time>
        <extensions>
          <ns3:TrackPointExtension>
            <ns3:hr>170</ns3:hr>
            <ns3:cad>90</ns3:cad>
          </ns3:TrackPointExtension>
        </extensions>
      </trkpt>
      <trkpt lat="30.43462336063385009765625" lon="120.26920826174318790435791015625">
        <ele>4.400000095367431640625</ele>
        <time>2024-12-16T14:16:27.000Z</time>
        <extensions>
          <ns3:TrackPointExtension>
            <ns3:hr>170</ns3:hr>
            <ns3:cad>90</ns3:cad>
          </ns3:TrackPointExtension>
        </extensions>
      </trkpt>
      <trkpt lat="30.434602908790111541748046875" lon="120.269222259521484375">
        <ele>4.19999980926513671875</ele>
        <time>2024-12-16T14:16:28.000Z</time>
        <extensions>
          <ns3:TrackPointExtension>
            <ns3:hr>170</ns3:hr>
            <ns3:cad>91</ns3:cad>
          </ns3:TrackPointExtension>
        </extensions>
      </trkpt>
      <trkpt lat="30.4345799423754215240478515625" lon="120.2692418731749057769775390625">
        <ele>4</ele>
        <time>2024-12-16T14:16:29.000Z</time>
        <extensions>
          <ns3:TrackPointExtension>
            <ns3:hr>170</ns3:hr>
            <ns3:cad>91</ns3:cad>
          </ns3:TrackPointExtension>
        </extensions>
      </trkpt>
      <trkpt lat="30.43455689214169979095458984375" lon="120.269258804619312286376953125">
        <ele>4</ele>
        <time>2024-12-16T14:16:30.000Z</time>
        <extensions>
          <ns3:TrackPointExtension>
            <ns3:hr>170</ns3:hr>
            <ns3:cad>90</ns3:cad>
          </ns3:TrackPointExtension>
        </extensions>
      </trkpt>
      <trkpt lat="30.4345380328595638275146484375" lon="120.269276909530162811279296875">
        <ele>4.19999980926513671875</ele>
        <time>2024-12-16T14:16:31.000Z</time>
        <extensions>
          <ns3:TrackPointExtension>
            <ns3:hr>170</ns3:hr>
            <ns3:cad>90</ns3:cad>
          </ns3:TrackPointExtension>
        </extensions>
      </trkpt>
      <trkpt lat="30.43451598845422267913818359375" lon="120.26929325424134731292724609375">
        <ele>4.400000095367431640625</ele>
        <time>2024-12-16T14:16:32.000Z</time>
        <extensions>
          <ns3:TrackPointExtension>
            <ns3:hr>170</ns3:hr>
            <ns3:cad>91</ns3:cad>
          </ns3:TrackPointExtension>
        </extensions>
      </trkpt>
      <trkpt lat="30.43449654243886470794677734375" lon="120.26930599473416805267333984375">
        <ele>4.400000095367431640625</ele>
        <time>2024-12-16T14:16:33.000Z</time>
        <extensions>
          <ns3:TrackPointExtension>
            <ns3:hr>170</ns3:hr>
            <ns3:cad>91</ns3:cad>
          </ns3:TrackPointExtension>
        </extensions>
      </trkpt>
      <trkpt lat="30.4344750009477138519287109375" lon="120.2693223394453525543212890625">
        <ele>4.599999904632568359375</ele>
        <time>2024-12-16T14:16:34.000Z</time>
        <extensions>
          <ns3:TrackPointExtension>
            <ns3:hr>171</ns3:hr>
            <ns3:cad>91</ns3:cad>
          </ns3:TrackPointExtension>
        </extensions>
      </trkpt>
      <trkpt lat="30.4344548843801021575927734375" lon="120.26933482848107814788818359375">
        <ele>4.80000019073486328125</ele>
        <time>2024-12-16T14:16:35.000Z</time>
        <extensions>
          <ns3:TrackPointExtension>
            <ns3:hr>171</ns3:hr>
            <ns3:cad>91</ns3:cad>
          </ns3:TrackPointExtension>
        </extensions>
      </trkpt>
      <trkpt lat="30.4344330914318561553955078125" lon="120.2693535201251506805419921875">
        <ele>4.80000019073486328125</ele>
        <time>2024-12-16T14:16:36.000Z</time>
        <extensions>
          <ns3:TrackPointExtension>
            <ns3:hr>170</ns3:hr>
            <ns3:cad>91</ns3:cad>
          </ns3:TrackPointExtension>
        </extensions>
      </trkpt>
      <trkpt lat="30.43441238813102245330810546875" lon="120.2693682722747325897216796875">
        <ele>5</ele>
        <time>2024-12-16T14:16:37.000Z</time>
        <extensions>
          <ns3:TrackPointExtension>
            <ns3:hr>170</ns3:hr>
            <ns3:cad>92</ns3:cad>
          </ns3:TrackPointExtension>
        </extensions>
      </trkpt>
      <trkpt lat="30.43438590131700038909912109375" lon="120.26938444934785366058349609375">
        <ele>5</ele>
        <time>2024-12-16T14:16:38.000Z</time>
        <extensions>
          <ns3:TrackPointExtension>
            <ns3:hr>170</ns3:hr>
            <ns3:cad>92</ns3:cad>
          </ns3:TrackPointExtension>
        </extensions>
      </trkpt>
      <trkpt lat="30.43436226435005664825439453125" lon="120.2693940885365009307861328125">
        <ele>5.19999980926513671875</ele>
        <time>2024-12-16T14:16:39.000Z</time>
        <extensions>
          <ns3:TrackPointExtension>
            <ns3:hr>171</ns3:hr>
            <ns3:cad>92</ns3:cad>
          </ns3:TrackPointExtension>
        </extensions>
      </trkpt>
      <trkpt lat="30.43434248305857181549072265625" lon="120.26940573938190937042236328125">
        <ele>5.19999980926513671875</ele>
        <time>2024-12-16T14:16:40.000Z</time>
        <extensions>
          <ns3:TrackPointExtension>
            <ns3:hr>171</ns3:hr>
            <ns3:cad>92</ns3:cad>
          </ns3:TrackPointExtension>
        </extensions>
      </trkpt>
      <trkpt lat="30.43431834317743778228759765625" lon="120.26942568831145763397216796875">
        <ele>5.19999980926513671875</ele>
        <time>2024-12-16T14:16:41.000Z</time>
        <extensions>
          <ns3:TrackPointExtension>
            <ns3:hr>170</ns3:hr>
            <ns3:cad>91</ns3:cad>
          </ns3:TrackPointExtension>
        </extensions>
      </trkpt>
      <trkpt lat="30.43430577032268047332763671875" lon="120.26943759061396121978759765625">
        <ele>5.19999980926513671875</ele>
        <time>2024-12-16T14:16:42.000Z</time>
        <extensions>
          <ns3:TrackPointExtension>
            <ns3:hr>171</ns3:hr>
            <ns3:cad>91</ns3:cad>
          </ns3:TrackPointExtension>
        </extensions>
      </trkpt>
      <trkpt lat="30.434285067021846771240234375" lon="120.26944815181195735931396484375">
        <ele>5.400000095367431640625</ele>
        <time>2024-12-16T14:16:43.000Z</time>
        <extensions>
          <ns3:TrackPointExtension>
            <ns3:hr>171</ns3:hr>
            <ns3:cad>91</ns3:cad>
          </ns3:TrackPointExtension>
        </extensions>
      </trkpt>
      <trkpt lat="30.43426553718745708465576171875" lon="120.2694601379334926605224609375">
        <ele>5.400000095367431640625</ele>
        <time>2024-12-16T14:16:44.000Z</time>
        <extensions>
          <ns3:TrackPointExtension>
            <ns3:hr>171</ns3:hr>
            <ns3:cad>91</ns3:cad>
          </ns3:TrackPointExtension>
        </extensions>
      </trkpt>
      <trkpt lat="30.43424441479146480560302734375" lon="120.2694730460643768310546875">
        <ele>5.400000095367431640625</ele>
        <time>2024-12-16T14:16:45.000Z</time>
        <extensions>
          <ns3:TrackPointExtension>
            <ns3:hr>171</ns3:hr>
            <ns3:cad>89</ns3:cad>
          </ns3:TrackPointExtension>
        </extensions>
      </trkpt>
      <trkpt lat="30.43422446586191654205322265625" lon="120.26948872022330760955810546875">
        <ele>5.400000095367431640625</ele>
        <time>2024-12-16T14:16:46.000Z</time>
        <extensions>
          <ns3:TrackPointExtension>
            <ns3:hr>171</ns3:hr>
            <ns3:cad>89</ns3:cad>
          </ns3:TrackPointExtension>
        </extensions>
      </trkpt>
      <trkpt lat="30.43420183472335338592529296875" lon="120.2694973535835742950439453125">
        <ele>5.400000095367431640625</ele>
        <time>2024-12-16T14:16:47.000Z</time>
        <extensions>
          <ns3:TrackPointExtension>
            <ns3:hr>171</ns3:hr>
            <ns3:cad>89</ns3:cad>
          </ns3:TrackPointExtension>
        </extensions>
      </trkpt>
      <trkpt lat="30.43417953886091709136962890625" lon="120.26950816623866558074951171875">
        <ele>5.599999904632568359375</ele>
        <time>2024-12-16T14:16:48.000Z</time>
        <extensions>
          <ns3:TrackPointExtension>
            <ns3:hr>170</ns3:hr>
            <ns3:cad>90</ns3:cad>
          </ns3:TrackPointExtension>
        </extensions>
      </trkpt>
      <trkpt lat="30.43416009284555912017822265625" lon="120.26951839216053485870361328125">
        <ele>5.599999904632568359375</ele>
        <time>2024-12-16T14:16:49.000Z</time>
        <extensions>
          <ns3:TrackPointExtension>
            <ns3:hr>170</ns3:hr>
            <ns3:cad>90</ns3:cad>
          </ns3:TrackPointExtension>
        </extensions>
      </trkpt>
      <trkpt lat="30.43413930572569370269775390625" lon="120.26953046210110187530517578125">
        <ele>5.599999904632568359375</ele>
        <time>2024-12-16T14:16:50.000Z</time>
        <extensions>
          <ns3:TrackPointExtension>
            <ns3:hr>170</ns3:hr>
            <ns3:cad>90</ns3:cad>
          </ns3:TrackPointExtension>
        </extensions>
      </trkpt>
      <trkpt lat="30.4341169260442256927490234375" lon="120.2695436216890811920166015625">
        <ele>5.599999904632568359375</ele>
        <time>2024-12-16T14:16:51.000Z</time>
        <extensions>
          <ns3:TrackPointExtension>
            <ns3:hr>170</ns3:hr>
            <ns3:cad>89</ns3:cad>
          </ns3:TrackPointExtension>
        </extensions>
      </trkpt>
      <trkpt lat="30.43409454636275768280029296875" lon="120.269557535648345947265625">
        <ele>5.599999904632568359375</ele>
        <time>2024-12-16T14:16:52.000Z</time>
        <extensions>
          <ns3:TrackPointExtension>
            <ns3:hr>170</ns3:hr>
            <ns3:cad>89</ns3:cad>
          </ns3:TrackPointExtension>
        </extensions>
      </trkpt>
      <trkpt lat="30.4340740106999874114990234375" lon="120.269567258656024932861328125">
        <ele>5.80000019073486328125</ele>
        <time>2024-12-16T14:16:53.000Z</time>
        <extensions>
          <ns3:TrackPointExtension>
            <ns3:hr>170</ns3:hr>
            <ns3:cad>89</ns3:cad>
          </ns3:TrackPointExtension>
        </extensions>
      </trkpt>
      <trkpt lat="30.434056408703327178955078125" lon="120.26957304216921329498291015625">
        <ele>5.80000019073486328125</ele>
        <time>2024-12-16T14:16:54.000Z</time>
        <extensions>
          <ns3:TrackPointExtension>
            <ns3:hr>170</ns3:hr>
            <ns3:cad>89</ns3:cad>
          </ns3:TrackPointExtension>
        </extensions>
      </trkpt>
      <trkpt lat="30.4340453445911407470703125" lon="120.2695696055889129638671875">
        <ele>5.80000019073486328125</ele>
        <time>2024-12-16T14:16:55.000Z</time>
        <extensions>
          <ns3:TrackPointExtension>
            <ns3:hr>170</ns3:hr>
            <ns3:cad>89</ns3:cad>
          </ns3:TrackPointExtension>
        </extensions>
      </trkpt>
      <trkpt lat="30.434034951031208038330078125" lon="120.26955979876220226287841796875">
        <ele>5.599999904632568359375</ele>
        <time>2024-12-16T14:16:56.000Z</time>
        <extensions>
          <ns3:TrackPointExtension>
            <ns3:hr>170</ns3:hr>
            <ns3:cad>89</ns3:cad>
          </ns3:TrackPointExtension>
        </extensions>
      </trkpt>
      <trkpt lat="30.434031598269939422607421875" lon="120.26955309323966503143310546875">
        <ele>5.599999904632568359375</ele>
        <time>2024-12-16T14:16:57.000Z</time>
        <extensions>
          <ns3:TrackPointExtension>
            <ns3:hr>170</ns3:hr>
            <ns3:cad>89</ns3:cad>
          </ns3:TrackPointExtension>
        </extensions>
      </trkpt>
      <trkpt lat="30.4340314306318759918212890625" lon="120.26954948902130126953125">
        <ele>5.599999904632568359375</ele>
        <time>2024-12-16T14:16:58.000Z</time>
        <extensions>
          <ns3:TrackPointExtension>
            <ns3:hr>170</ns3:hr>
            <ns3:cad>89</ns3:cad>
          </ns3:TrackPointExtension>
        </extensions>
      </trkpt>
      <trkpt lat="30.43402899987995624542236328125" lon="120.2695499919354915618896484375">
        <ele>5.599999904632568359375</ele>
        <time>2024-12-16T14:16:59.000Z</time>
        <extensions>
          <ns3:TrackPointExtension>
            <ns3:hr>168</ns3:hr>
            <ns3:cad>89</ns3:cad>
          </ns3:TrackPointExtension>
        </extensions>
      </trkpt>
      <trkpt lat="30.43402916751801967620849609375" lon="120.2695508301258087158203125">
        <ele>5.599999904632568359375</ele>
        <time>2024-12-16T14:17:00.000Z</time>
        <extensions>
          <ns3:TrackPointExtension>
            <ns3:hr>168</ns3:hr>
            <ns3:cad>89</ns3:cad>
          </ns3:TrackPointExtension>
        </extensions>
      </trkpt>
      <trkpt lat="30.4340243898332118988037109375" lon="120.269549153745174407958984375">
        <ele>5.599999904632568359375</ele>
        <time>2024-12-16T14:17:01.000Z</time>
        <extensions>
          <ns3:TrackPointExtension>
            <ns3:hr>166</ns3:hr>
            <ns3:cad>89</ns3:cad>
          </ns3:TrackPointExtension>
        </extensions>
      </trkpt>
      <trkpt lat="30.43402145616710186004638671875" lon="120.2695347368717193603515625">
        <ele>5.599999904632568359375</ele>
        <time>2024-12-16T14:17:02.000Z</time>
        <extensions>
          <ns3:TrackPointExtension>
            <ns3:hr>167</ns3:hr>
            <ns3:cad>0</ns3:cad>
          </ns3:TrackPointExtension>
        </extensions>
      </trkpt>
      <trkpt lat="30.4340153373777866363525390625" lon="120.26952224783599376678466796875">
        <ele>5.599999904632568359375</ele>
        <time>2024-12-16T14:17:03.000Z</time>
        <extensions>
          <ns3:TrackPointExtension>
            <ns3:hr>167</ns3:hr>
            <ns3:cad>0</ns3:cad>
          </ns3:TrackPointExtension>
        </extensions>
      </trkpt>
      <trkpt lat="30.43401055969297885894775390625" lon="120.26950246654450893402099609375">
        <ele>5.400000095367431640625</ele>
        <time>2024-12-16T14:17:04.000Z</time>
        <extensions>
          <ns3:TrackPointExtension>
            <ns3:hr>167</ns3:hr>
            <ns3:cad>0</ns3:cad>
          </ns3:TrackPointExtension>
        </extensions>
      </trkpt>
      <trkpt lat="30.43400033377110958099365234375" lon="120.26948503218591213226318359375">
        <ele>5.400000095367431640625</ele>
        <time>2024-12-16T14:17:05.000Z</time>
        <extensions>
          <ns3:TrackPointExtension>
            <ns3:hr>167</ns3:hr>
            <ns3:cad>0</ns3:cad>
          </ns3:TrackPointExtension>
        </extensions>
      </trkpt>
      <trkpt lat="30.433982647955417633056640625" lon="120.269470028579235076904296875">
        <ele>5.400000095367431640625</ele>
        <time>2024-12-16T14:17:06.000Z</time>
        <extensions>
          <ns3:TrackPointExtension>
            <ns3:hr>167</ns3:hr>
            <ns3:cad>0</ns3:cad>
          </ns3:TrackPointExtension>
        </extensions>
      </trkpt>
      <trkpt lat="30.43396227993071079254150390625" lon="120.26946030557155609130859375">
        <ele>5.400000095367431640625</ele>
        <time>2024-12-16T14:17:07.000Z</time>
        <extensions>
          <ns3:TrackPointExtension>
            <ns3:hr>167</ns3:hr>
            <ns3:cad>80</ns3:cad>
          </ns3:TrackPointExtension>
        </extensions>
      </trkpt>
      <trkpt lat="30.43394568376243114471435546875" lon="120.26944815181195735931396484375">
        <ele>5.400000095367431640625</ele>
        <time>2024-12-16T14:17:08.000Z</time>
        <extensions>
          <ns3:TrackPointExtension>
            <ns3:hr>166</ns3:hr>
            <ns3:cad>83</ns3:cad>
          </ns3:TrackPointExtension>
        </extensions>
      </trkpt>
      <trkpt lat="30.4339261539280414581298828125" lon="120.269447229802608489990234375">
        <ele>5.19999980926513671875</ele>
        <time>2024-12-16T14:17:09.000Z</time>
        <extensions>
          <ns3:TrackPointExtension>
            <ns3:hr>166</ns3:hr>
            <ns3:cad>83</ns3:cad>
          </ns3:TrackPointExtension>
        </extensions>
      </trkpt>
      <trkpt lat="30.43390561826527118682861328125" lon="120.26945234276354312896728515625">
        <ele>5.19999980926513671875</ele>
        <time>2024-12-16T14:17:10.000Z</time>
        <extensions>
          <ns3:TrackPointExtension>
            <ns3:hr>167</ns3:hr>
            <ns3:cad>83</ns3:cad>
          </ns3:TrackPointExtension>
        </extensions>
      </trkpt>
      <trkpt lat="30.43388684280216693878173828125" lon="120.26945762336254119873046875">
        <ele>5.19999980926513671875</ele>
        <time>2024-12-16T14:17:11.000Z</time>
        <extensions>
          <ns3:TrackPointExtension>
            <ns3:hr>166</ns3:hr>
            <ns3:cad>84</ns3:cad>
          </ns3:TrackPointExtension>
        </extensions>
      </trkpt>
      <trkpt lat="30.4338711686432361602783203125" lon="120.26946038939058780670166015625">
        <ele>5</ele>
        <time>2024-12-16T14:17:12.000Z</time>
        <extensions>
          <ns3:TrackPointExtension>
            <ns3:hr>165</ns3:hr>
            <ns3:cad>84</ns3:cad>
          </ns3:TrackPointExtension>
        </extensions>
      </trkpt>
      <trkpt lat="30.4338570870459079742431640625" lon="120.26946357451379299163818359375">
        <ele>5</ele>
        <time>2024-12-16T14:17:13.000Z</time>
        <extensions>
          <ns3:TrackPointExtension>
            <ns3:hr>162</ns3:hr>
            <ns3:cad>84</ns3:cad>
          </ns3:TrackPointExtension>
        </extensions>
      </trkpt>
      <trkpt lat="30.43385021388530731201171875" lon="120.269472710788249969482421875">
        <ele>5</ele>
        <time>2024-12-16T14:17:14.000Z</time>
        <extensions>
          <ns3:TrackPointExtension>
            <ns3:hr>160</ns3:hr>
            <ns3:cad>0</ns3:cad>
          </ns3:TrackPointExtension>
        </extensions>
      </trkpt>
      <trkpt lat="30.43384526856243610382080078125" lon="120.26948067359626293182373046875">
        <ele>5</ele>
        <time>2024-12-16T14:17:15.000Z</time>
        <extensions>
          <ns3:TrackPointExtension>
            <ns3:hr>160</ns3:hr>
            <ns3:cad>0</ns3:cad>
          </ns3:TrackPointExtension>
        </extensions>
      </trkpt>
      <trkpt lat="30.43383814394474029541015625" lon="120.26949022896587848663330078125">
        <ele>5</ele>
        <time>2024-12-16T14:17:16.000Z</time>
        <extensions>
          <ns3:TrackPointExtension>
            <ns3:hr>159</ns3:hr>
            <ns3:cad>0</ns3:cad>
          </ns3:TrackPointExtension>
        </extensions>
      </trkpt>
      <trkpt lat="30.433831773698329925537109375" lon="120.26949609629809856414794921875">
        <ele>5</ele>
        <time>2024-12-16T14:17:17.000Z</time>
        <extensions>
          <ns3:TrackPointExtension>
            <ns3:hr>159</ns3:hr>
            <ns3:cad>0</ns3:cad>
          </ns3:TrackPointExtension>
        </extensions>
      </trkpt>
      <trkpt lat="30.43383680284023284912109375" lon="120.269496180117130279541015625">
        <ele>5</ele>
        <time>2024-12-16T14:17:18.000Z</time>
        <extensions>
          <ns3:TrackPointExtension>
            <ns3:hr>159</ns3:hr>
            <ns3:cad>0</ns3:cad>
          </ns3:TrackPointExtension>
        </extensions>
      </trkpt>
      <trkpt lat="30.4338386468589305877685546875" lon="120.26949576102197170257568359375">
        <ele>5</ele>
        <time>2024-12-16T14:17:19.000Z</time>
        <extensions>
          <ns3:TrackPointExtension>
            <ns3:hr>158</ns3:hr>
            <ns3:cad>0</ns3:cad>
          </ns3:TrackPointExtension>
        </extensions>
      </trkpt>
    </trkseg>
  </trk>
</gpx>
