<gpx xmlns:ns3="http://www.garmin.com/xmlschemas/TrackPointExtension/v1" xmlns="http://www.topografix.com/GPX/1/1" xmlns:xsi="http://www.w3.org/2001/XMLSchema-instance" xmlns:ns2="http://www.garmin.com/xmlschemas/GpxExtensions/v3" creator="Garmin Connect" version="1.1" xsi:schemaLocation="http://www.topografix.com/GPX/1/1 http://www.topografix.com/GPX/11.xsd">
  <extensions>
<distance>4309.9</distance>
<average_hr>133.0</average_hr>
<average_speed>2.128999948501587</average_speed>
<start_time>2024-12-27T12:50:13+00:00</start_time>
<end_time>2024-12-27T13:23:57.325000+00:00</end_time>
<moving_time>2000.901</moving_time>
<elapsed_time>2219.319</elapsed_time>
</extensions>
<metadata>
    <link href="connect.garmin.com">
      <text>Garmin Connect</text>
    </link>
    <time>2024-12-27T12:50:13.000Z</time>
  </metadata>
  <trk>
    <name>杭州市 - 基础训练</name>
    <type>running</type>
    <trkseg>
      <trkpt lat="30.4349105246365070343017578125" lon="120.26432312093675136566162109375">
        <ele>6.19999980926513671875</ele>
        <time>2024-12-27T12:57:46.000Z</time>
        <extensions>
          <ns3:TrackPointExtension>
            <ns3:hr>89</ns3:hr>
            <ns3:cad>91</ns3:cad>
          </ns3:TrackPointExtension>
        </extensions>
      </trkpt>
      <trkpt lat="30.43493458069860935211181640625" lon="120.264310799539089202880859375">
        <ele>6</ele>
        <time>2024-12-27T12:57:47.000Z</time>
        <extensions>
          <ns3:TrackPointExtension>
            <ns3:hr>89</ns3:hr>
            <ns3:cad>91</ns3:cad>
          </ns3:TrackPointExtension>
        </extensions>
      </trkpt>
      <trkpt lat="30.43495972640812397003173828125" lon="120.26429705321788787841796875">
        <ele>5.599999904632568359375</ele>
        <time>2024-12-27T12:57:48.000Z</time>
        <extensions>
          <ns3:TrackPointExtension>
            <ns3:hr>89</ns3:hr>
            <ns3:cad>92</ns3:cad>
          </ns3:TrackPointExtension>
        </extensions>
      </trkpt>
      <trkpt lat="30.43499283492565155029296875" lon="120.26428590528666973114013671875">
        <ele>5.400000095367431640625</ele>
        <time>2024-12-27T12:57:49.000Z</time>
        <extensions>
          <ns3:TrackPointExtension>
            <ns3:hr>88</ns3:hr>
            <ns3:cad>94</ns3:cad>
          </ns3:TrackPointExtension>
        </extensions>
      </trkpt>
      <trkpt lat="30.43503181077539920806884765625" lon="120.264267884194850921630859375">
        <ele>5</ele>
        <time>2024-12-27T12:57:50.000Z</time>
        <extensions>
          <ns3:TrackPointExtension>
            <ns3:hr>90</ns3:hr>
            <ns3:cad>95</ns3:cad>
          </ns3:TrackPointExtension>
        </extensions>
      </trkpt>
      <trkpt lat="30.43506927788257598876953125" lon="120.2642455883324146270751953125">
        <ele>4.80000019073486328125</ele>
        <time>2024-12-27T12:57:51.000Z</time>
        <extensions>
          <ns3:TrackPointExtension>
            <ns3:hr>91</ns3:hr>
            <ns3:cad>95</ns3:cad>
          </ns3:TrackPointExtension>
        </extensions>
      </trkpt>
      <trkpt lat="30.43510305695235729217529296875" lon="120.2642271481454372406005859375">
        <ele>4.599999904632568359375</ele>
        <time>2024-12-27T12:57:52.000Z</time>
        <extensions>
          <ns3:TrackPointExtension>
            <ns3:hr>92</ns3:hr>
            <ns3:cad>94</ns3:cad>
          </ns3:TrackPointExtension>
        </extensions>
      </trkpt>
      <trkpt lat="30.43512585572898387908935546875" lon="120.26421315036714076995849609375">
        <ele>4.400000095367431640625</ele>
        <time>2024-12-27T12:57:53.000Z</time>
        <extensions>
          <ns3:TrackPointExtension>
            <ns3:hr>93</ns3:hr>
            <ns3:cad>93</ns3:cad>
          </ns3:TrackPointExtension>
        </extensions>
      </trkpt>
      <trkpt lat="30.435161478817462921142578125" lon="120.26419018395245075225830078125">
        <ele>4.400000095367431640625</ele>
        <time>2024-12-27T12:57:54.000Z</time>
        <extensions>
          <ns3:TrackPointExtension>
            <ns3:hr>94</ns3:hr>
            <ns3:cad>90</ns3:cad>
          </ns3:TrackPointExtension>
        </extensions>
      </trkpt>
      <trkpt lat="30.435191653668880462646484375" lon="120.26417626999318599700927734375">
        <ele>4.400000095367431640625</ele>
        <time>2024-12-27T12:57:55.000Z</time>
        <extensions>
          <ns3:TrackPointExtension>
            <ns3:hr>95</ns3:hr>
            <ns3:cad>90</ns3:cad>
          </ns3:TrackPointExtension>
        </extensions>
      </trkpt>
      <trkpt lat="30.43522073887288570404052734375" lon="120.26416939683258533477783203125">
        <ele>4.400000095367431640625</ele>
        <time>2024-12-27T12:57:56.000Z</time>
        <extensions>
          <ns3:TrackPointExtension>
            <ns3:hr>95</ns3:hr>
            <ns3:cad>89</ns3:cad>
          </ns3:TrackPointExtension>
        </extensions>
      </trkpt>
      <trkpt lat="30.43524873442947864532470703125" lon="120.26416101492941379547119140625">
        <ele>4.19999980926513671875</ele>
        <time>2024-12-27T12:57:57.000Z</time>
        <extensions>
          <ns3:TrackPointExtension>
            <ns3:hr>96</ns3:hr>
            <ns3:cad>90</ns3:cad>
          </ns3:TrackPointExtension>
        </extensions>
      </trkpt>
      <trkpt lat="30.43527253903448581695556640625" lon="120.2641443349421024322509765625">
        <ele>4.19999980926513671875</ele>
        <time>2024-12-27T12:57:58.000Z</time>
        <extensions>
          <ns3:TrackPointExtension>
            <ns3:hr>97</ns3:hr>
            <ns3:cad>90</ns3:cad>
          </ns3:TrackPointExtension>
        </extensions>
      </trkpt>
      <trkpt lat="30.43528695590794086456298828125" lon="120.26411994360387325286865234375">
        <ele>4.19999980926513671875</ele>
        <time>2024-12-27T12:57:59.000Z</time>
        <extensions>
          <ns3:TrackPointExtension>
            <ns3:hr>98</ns3:hr>
            <ns3:cad>90</ns3:cad>
          </ns3:TrackPointExtension>
        </extensions>
      </trkpt>
      <trkpt lat="30.43529550544917583465576171875" lon="120.264092199504375457763671875">
        <ele>4.19999980926513671875</ele>
        <time>2024-12-27T12:58:00.000Z</time>
        <extensions>
          <ns3:TrackPointExtension>
            <ns3:hr>98</ns3:hr>
            <ns3:cad>88</ns3:cad>
          </ns3:TrackPointExtension>
        </extensions>
      </trkpt>
      <trkpt lat="30.43530397117137908935546875" lon="120.26406026445329189300537109375">
        <ele>4.400000095367431640625</ele>
        <time>2024-12-27T12:58:01.000Z</time>
        <extensions>
          <ns3:TrackPointExtension>
            <ns3:hr>99</ns3:hr>
            <ns3:cad>86</ns3:cad>
          </ns3:TrackPointExtension>
        </extensions>
      </trkpt>
      <trkpt lat="30.4353121854364871978759765625" lon="120.2640313468873500823974609375">
        <ele>4.400000095367431640625</ele>
        <time>2024-12-27T12:58:02.000Z</time>
        <extensions>
          <ns3:TrackPointExtension>
            <ns3:hr>101</ns3:hr>
            <ns3:cad>84</ns3:cad>
          </ns3:TrackPointExtension>
        </extensions>
      </trkpt>
      <trkpt lat="30.43532702140510082244873046875" lon="120.2640005014836788177490234375">
        <ele>4.599999904632568359375</ele>
        <time>2024-12-27T12:58:03.000Z</time>
        <extensions>
          <ns3:TrackPointExtension>
            <ns3:hr>103</ns3:hr>
            <ns3:cad>84</ns3:cad>
          </ns3:TrackPointExtension>
        </extensions>
      </trkpt>
      <trkpt lat="30.4353470541536808013916015625" lon="120.2639713324606418609619140625">
        <ele>4.80000019073486328125</ele>
        <time>2024-12-27T12:58:04.000Z</time>
        <extensions>
          <ns3:TrackPointExtension>
            <ns3:hr>106</ns3:hr>
            <ns3:cad>85</ns3:cad>
          </ns3:TrackPointExtension>
        </extensions>
      </trkpt>
      <trkpt lat="30.4353705234825611114501953125" lon="120.26394912041723728179931640625">
        <ele>5</ele>
        <time>2024-12-27T12:58:05.000Z</time>
        <extensions>
          <ns3:TrackPointExtension>
            <ns3:hr>108</ns3:hr>
            <ns3:cad>87</ns3:cad>
          </ns3:TrackPointExtension>
        </extensions>
      </trkpt>
      <trkpt lat="30.43539491482079029083251953125" lon="120.263930261135101318359375">
        <ele>5</ele>
        <time>2024-12-27T12:58:06.000Z</time>
        <extensions>
          <ns3:TrackPointExtension>
            <ns3:hr>110</ns3:hr>
            <ns3:cad>88</ns3:cad>
          </ns3:TrackPointExtension>
        </extensions>
      </trkpt>
      <trkpt lat="30.4354214854538440704345703125" lon="120.263914167881011962890625">
        <ele>5</ele>
        <time>2024-12-27T12:58:07.000Z</time>
        <extensions>
          <ns3:TrackPointExtension>
            <ns3:hr>112</ns3:hr>
            <ns3:cad>89</ns3:cad>
          </ns3:TrackPointExtension>
        </extensions>
      </trkpt>
      <trkpt lat="30.4354509897530078887939453125" lon="120.26389748789370059967041015625">
        <ele>5</ele>
        <time>2024-12-27T12:58:08.000Z</time>
        <extensions>
          <ns3:TrackPointExtension>
            <ns3:hr>111</ns3:hr>
            <ns3:cad>90</ns3:cad>
          </ns3:TrackPointExtension>
        </extensions>
      </trkpt>
      <trkpt lat="30.43547588400542736053466796875" lon="120.263882987201213836669921875">
        <ele>5</ele>
        <time>2024-12-27T12:58:09.000Z</time>
        <extensions>
          <ns3:TrackPointExtension>
            <ns3:hr>114</ns3:hr>
            <ns3:cad>90</ns3:cad>
          </ns3:TrackPointExtension>
        </extensions>
      </trkpt>
      <trkpt lat="30.43550002388656139373779296875" lon="120.26386898942291736602783203125">
        <ele>5</ele>
        <time>2024-12-27T12:58:10.000Z</time>
        <extensions>
          <ns3:TrackPointExtension>
            <ns3:hr>115</ns3:hr>
            <ns3:cad>90</ns3:cad>
          </ns3:TrackPointExtension>
        </extensions>
      </trkpt>
      <trkpt lat="30.4355234093964099884033203125" lon="120.26385323144495487213134765625">
        <ele>5</ele>
        <time>2024-12-27T12:58:11.000Z</time>
        <extensions>
          <ns3:TrackPointExtension>
            <ns3:hr>117</ns3:hr>
            <ns3:cad>90</ns3:cad>
          </ns3:TrackPointExtension>
        </extensions>
      </trkpt>
      <trkpt lat="30.43554914183914661407470703125" lon="120.263840071856975555419921875">
        <ele>5.19999980926513671875</ele>
        <time>2024-12-27T12:58:12.000Z</time>
        <extensions>
          <ns3:TrackPointExtension>
            <ns3:hr>118</ns3:hr>
            <ns3:cad>89</ns3:cad>
          </ns3:TrackPointExtension>
        </extensions>
      </trkpt>
      <trkpt lat="30.43557629920542240142822265625" lon="120.26382707990705966949462890625">
        <ele>5</ele>
        <time>2024-12-27T12:58:13.000Z</time>
        <extensions>
          <ns3:TrackPointExtension>
            <ns3:hr>120</ns3:hr>
            <ns3:cad>89</ns3:cad>
          </ns3:TrackPointExtension>
        </extensions>
      </trkpt>
      <trkpt lat="30.43560278601944446563720703125" lon="120.2638127468526363372802734375">
        <ele>5</ele>
        <time>2024-12-27T12:58:14.000Z</time>
        <extensions>
          <ns3:TrackPointExtension>
            <ns3:hr>122</ns3:hr>
            <ns3:cad>89</ns3:cad>
          </ns3:TrackPointExtension>
        </extensions>
      </trkpt>
      <trkpt lat="30.4356273449957370758056640625" lon="120.2637973241508007049560546875">
        <ele>5</ele>
        <time>2024-12-27T12:58:15.000Z</time>
        <extensions>
          <ns3:TrackPointExtension>
            <ns3:hr>123</ns3:hr>
            <ns3:cad>90</ns3:cad>
          </ns3:TrackPointExtension>
        </extensions>
      </trkpt>
      <trkpt lat="30.435650311410427093505859375" lon="120.263782404363155364990234375">
        <ele>5</ele>
        <time>2024-12-27T12:58:16.000Z</time>
        <extensions>
          <ns3:TrackPointExtension>
            <ns3:hr>125</ns3:hr>
            <ns3:cad>90</ns3:cad>
          </ns3:TrackPointExtension>
        </extensions>
      </trkpt>
      <trkpt lat="30.4356729425489902496337890625" lon="120.263770334422588348388671875">
        <ele>4.80000019073486328125</ele>
        <time>2024-12-27T12:58:17.000Z</time>
        <extensions>
          <ns3:TrackPointExtension>
            <ns3:hr>126</ns3:hr>
            <ns3:cad>90</ns3:cad>
          </ns3:TrackPointExtension>
        </extensions>
      </trkpt>
      <trkpt lat="30.43569800443947315216064453125" lon="120.26375583373010158538818359375">
        <ele>4.80000019073486328125</ele>
        <time>2024-12-27T12:58:18.000Z</time>
        <extensions>
          <ns3:TrackPointExtension>
            <ns3:hr>128</ns3:hr>
            <ns3:cad>90</ns3:cad>
          </ns3:TrackPointExtension>
        </extensions>
      </trkpt>
      <trkpt lat="30.43572398833930492401123046875" lon="120.26374141685664653778076171875">
        <ele>4.80000019073486328125</ele>
        <time>2024-12-27T12:58:19.000Z</time>
        <extensions>
          <ns3:TrackPointExtension>
            <ns3:hr>130</ns3:hr>
            <ns3:cad>90</ns3:cad>
          </ns3:TrackPointExtension>
        </extensions>
      </trkpt>
      <trkpt lat="30.4357487149536609649658203125" lon="120.26372632943093776702880859375">
        <ele>4.80000019073486328125</ele>
        <time>2024-12-27T12:58:20.000Z</time>
        <extensions>
          <ns3:TrackPointExtension>
            <ns3:hr>131</ns3:hr>
            <ns3:cad>90</ns3:cad>
          </ns3:TrackPointExtension>
        </extensions>
      </trkpt>
      <trkpt lat="30.4357735253870487213134765625" lon="120.26371073909103870391845703125">
        <ele>5</ele>
        <time>2024-12-27T12:58:21.000Z</time>
        <extensions>
          <ns3:TrackPointExtension>
            <ns3:hr>133</ns3:hr>
            <ns3:cad>90</ns3:cad>
          </ns3:TrackPointExtension>
        </extensions>
      </trkpt>
      <trkpt lat="30.43579858727753162384033203125" lon="120.2636957354843616485595703125">
        <ele>5</ele>
        <time>2024-12-27T12:58:22.000Z</time>
        <extensions>
          <ns3:TrackPointExtension>
            <ns3:hr>135</ns3:hr>
            <ns3:cad>90</ns3:cad>
          </ns3:TrackPointExtension>
        </extensions>
      </trkpt>
      <trkpt lat="30.43582524172961711883544921875" lon="120.2636799775063991546630859375">
        <ele>5.19999980926513671875</ele>
        <time>2024-12-27T12:58:23.000Z</time>
        <extensions>
          <ns3:TrackPointExtension>
            <ns3:hr>136</ns3:hr>
            <ns3:cad>90</ns3:cad>
          </ns3:TrackPointExtension>
        </extensions>
      </trkpt>
      <trkpt lat="30.43585038743913173675537109375" lon="120.2636638842523097991943359375">
        <ele>5.400000095367431640625</ele>
        <time>2024-12-27T12:58:24.000Z</time>
        <extensions>
          <ns3:TrackPointExtension>
            <ns3:hr>137</ns3:hr>
            <ns3:cad>91</ns3:cad>
          </ns3:TrackPointExtension>
        </extensions>
      </trkpt>
      <trkpt lat="30.4358754493296146392822265625" lon="120.26364636607468128204345703125">
        <ele>5.599999904632568359375</ele>
        <time>2024-12-27T12:58:25.000Z</time>
        <extensions>
          <ns3:TrackPointExtension>
            <ns3:hr>138</ns3:hr>
            <ns3:cad>91</ns3:cad>
          </ns3:TrackPointExtension>
        </extensions>
      </trkpt>
      <trkpt lat="30.43589799664914608001708984375" lon="120.26363052427768707275390625">
        <ele>5.80000019073486328125</ele>
        <time>2024-12-27T12:58:26.000Z</time>
        <extensions>
          <ns3:TrackPointExtension>
            <ns3:hr>138</ns3:hr>
            <ns3:cad>91</ns3:cad>
          </ns3:TrackPointExtension>
        </extensions>
      </trkpt>
      <trkpt lat="30.435921214520931243896484375" lon="120.2636169455945491790771484375">
        <ele>5.80000019073486328125</ele>
        <time>2024-12-27T12:58:27.000Z</time>
        <extensions>
          <ns3:TrackPointExtension>
            <ns3:hr>140</ns3:hr>
            <ns3:cad>90</ns3:cad>
          </ns3:TrackPointExtension>
        </extensions>
      </trkpt>
      <trkpt lat="30.4359451867640018463134765625" lon="120.26360328309237957000732421875">
        <ele>5.80000019073486328125</ele>
        <time>2024-12-27T12:58:28.000Z</time>
        <extensions>
          <ns3:TrackPointExtension>
            <ns3:hr>140</ns3:hr>
            <ns3:cad>90</ns3:cad>
          </ns3:TrackPointExtension>
        </extensions>
      </trkpt>
      <trkpt lat="30.435969829559326171875" lon="120.2635894529521465301513671875">
        <ele>5.80000019073486328125</ele>
        <time>2024-12-27T12:58:29.000Z</time>
        <extensions>
          <ns3:TrackPointExtension>
            <ns3:hr>141</ns3:hr>
            <ns3:cad>90</ns3:cad>
          </ns3:TrackPointExtension>
        </extensions>
      </trkpt>
      <trkpt lat="30.4359938018023967742919921875" lon="120.26357545517385005950927734375">
        <ele>5.80000019073486328125</ele>
        <time>2024-12-27T12:58:30.000Z</time>
        <extensions>
          <ns3:TrackPointExtension>
            <ns3:hr>141</ns3:hr>
            <ns3:cad>89</ns3:cad>
          </ns3:TrackPointExtension>
        </extensions>
      </trkpt>
      <trkpt lat="30.43601651675999164581298828125" lon="120.2635619603097438812255859375">
        <ele>6</ele>
        <time>2024-12-27T12:58:31.000Z</time>
        <extensions>
          <ns3:TrackPointExtension>
            <ns3:hr>141</ns3:hr>
            <ns3:cad>89</ns3:cad>
          </ns3:TrackPointExtension>
        </extensions>
      </trkpt>
      <trkpt lat="30.43603998608887195587158203125" lon="120.2635482139885425567626953125">
        <ele>6</ele>
        <time>2024-12-27T12:58:32.000Z</time>
        <extensions>
          <ns3:TrackPointExtension>
            <ns3:hr>142</ns3:hr>
            <ns3:cad>89</ns3:cad>
          </ns3:TrackPointExtension>
        </extensions>
      </trkpt>
      <trkpt lat="30.43606362305581569671630859375" lon="120.263536311686038970947265625">
        <ele>6</ele>
        <time>2024-12-27T12:58:33.000Z</time>
        <extensions>
          <ns3:TrackPointExtension>
            <ns3:hr>144</ns3:hr>
            <ns3:cad>89</ns3:cad>
          </ns3:TrackPointExtension>
        </extensions>
      </trkpt>
      <trkpt lat="30.436086170375347137451171875" lon="120.2635240741074085235595703125">
        <ele>6</ele>
        <time>2024-12-27T12:58:34.000Z</time>
        <extensions>
          <ns3:TrackPointExtension>
            <ns3:hr>142</ns3:hr>
            <ns3:cad>89</ns3:cad>
          </ns3:TrackPointExtension>
        </extensions>
      </trkpt>
      <trkpt lat="30.43610687367618083953857421875" lon="120.26351192034780979156494140625">
        <ele>5.80000019073486328125</ele>
        <time>2024-12-27T12:58:35.000Z</time>
        <extensions>
          <ns3:TrackPointExtension>
            <ns3:hr>142</ns3:hr>
            <ns3:cad>89</ns3:cad>
          </ns3:TrackPointExtension>
        </extensions>
      </trkpt>
      <trkpt lat="30.43613143265247344970703125" lon="120.2634992636740207672119140625">
        <ele>5.599999904632568359375</ele>
        <time>2024-12-27T12:58:36.000Z</time>
        <extensions>
          <ns3:TrackPointExtension>
            <ns3:hr>143</ns3:hr>
            <ns3:cad>89</ns3:cad>
          </ns3:TrackPointExtension>
        </extensions>
      </trkpt>
      <trkpt lat="30.43615666218101978302001953125" lon="120.2634836733341217041015625">
        <ele>5.400000095367431640625</ele>
        <time>2024-12-27T12:58:37.000Z</time>
        <extensions>
          <ns3:TrackPointExtension>
            <ns3:hr>143</ns3:hr>
            <ns3:cad>89</ns3:cad>
          </ns3:TrackPointExtension>
        </extensions>
      </trkpt>
      <trkpt lat="30.43618331663310527801513671875" lon="120.26347101666033267974853515625">
        <ele>5.19999980926513671875</ele>
        <time>2024-12-27T12:58:38.000Z</time>
        <extensions>
          <ns3:TrackPointExtension>
            <ns3:hr>143</ns3:hr>
            <ns3:cad>89</ns3:cad>
          </ns3:TrackPointExtension>
        </extensions>
      </trkpt>
      <trkpt lat="30.43620787560939788818359375" lon="120.26345760561525821685791015625">
        <ele>5</ele>
        <time>2024-12-27T12:58:39.000Z</time>
        <extensions>
          <ns3:TrackPointExtension>
            <ns3:hr>143</ns3:hr>
            <ns3:cad>89</ns3:cad>
          </ns3:TrackPointExtension>
        </extensions>
      </trkpt>
      <trkpt lat="30.43622874654829502105712890625" lon="120.263441763818264007568359375">
        <ele>4.80000019073486328125</ele>
        <time>2024-12-27T12:58:40.000Z</time>
        <extensions>
          <ns3:TrackPointExtension>
            <ns3:hr>143</ns3:hr>
            <ns3:cad>90</ns3:cad>
          </ns3:TrackPointExtension>
        </extensions>
      </trkpt>
      <trkpt lat="30.43625037185847759246826171875" lon="120.26342776603996753692626953125">
        <ele>4.599999904632568359375</ele>
        <time>2024-12-27T12:58:41.000Z</time>
        <extensions>
          <ns3:TrackPointExtension>
            <ns3:hr>143</ns3:hr>
            <ns3:cad>91</ns3:cad>
          </ns3:TrackPointExtension>
        </extensions>
      </trkpt>
      <trkpt lat="30.4362727515399456024169921875" lon="120.26341586373746395111083984375">
        <ele>4.599999904632568359375</ele>
        <time>2024-12-27T12:58:42.000Z</time>
        <extensions>
          <ns3:TrackPointExtension>
            <ns3:hr>143</ns3:hr>
            <ns3:cad>92</ns3:cad>
          </ns3:TrackPointExtension>
        </extensions>
      </trkpt>
      <trkpt lat="30.43629580177366733551025390625" lon="120.2634043805301189422607421875">
        <ele>4.599999904632568359375</ele>
        <time>2024-12-27T12:58:43.000Z</time>
        <extensions>
          <ns3:TrackPointExtension>
            <ns3:hr>143</ns3:hr>
            <ns3:cad>92</ns3:cad>
          </ns3:TrackPointExtension>
        </extensions>
      </trkpt>
      <trkpt lat="30.4363173432648181915283203125" lon="120.263388119637966156005859375">
        <ele>4.400000095367431640625</ele>
        <time>2024-12-27T12:58:44.000Z</time>
        <extensions>
          <ns3:TrackPointExtension>
            <ns3:hr>143</ns3:hr>
            <ns3:cad>92</ns3:cad>
          </ns3:TrackPointExtension>
        </extensions>
      </trkpt>
      <trkpt lat="30.436342656612396240234375" lon="120.2633748762309551239013671875">
        <ele>4.400000095367431640625</ele>
        <time>2024-12-27T12:58:45.000Z</time>
        <extensions>
          <ns3:TrackPointExtension>
            <ns3:hr>144</ns3:hr>
            <ns3:cad>92</ns3:cad>
          </ns3:TrackPointExtension>
        </extensions>
      </trkpt>
      <trkpt lat="30.43636604212224483489990234375" lon="120.2633618004620075225830078125">
        <ele>4.400000095367431640625</ele>
        <time>2024-12-27T12:58:46.000Z</time>
        <extensions>
          <ns3:TrackPointExtension>
            <ns3:hr>144</ns3:hr>
            <ns3:cad>92</ns3:cad>
          </ns3:TrackPointExtension>
        </extensions>
      </trkpt>
      <trkpt lat="30.4363867454230785369873046875" lon="120.26334847323596477508544921875">
        <ele>4.400000095367431640625</ele>
        <time>2024-12-27T12:58:47.000Z</time>
        <extensions>
          <ns3:TrackPointExtension>
            <ns3:hr>145</ns3:hr>
            <ns3:cad>92</ns3:cad>
          </ns3:TrackPointExtension>
        </extensions>
      </trkpt>
      <trkpt lat="30.43640795163810253143310546875" lon="120.2633359842002391815185546875">
        <ele>4.400000095367431640625</ele>
        <time>2024-12-27T12:58:48.000Z</time>
        <extensions>
          <ns3:TrackPointExtension>
            <ns3:hr>145</ns3:hr>
            <ns3:cad>90</ns3:cad>
          </ns3:TrackPointExtension>
        </extensions>
      </trkpt>
      <trkpt lat="30.43643184006214141845703125" lon="120.26332098059356212615966796875">
        <ele>4.19999980926513671875</ele>
        <time>2024-12-27T12:58:49.000Z</time>
        <extensions>
          <ns3:TrackPointExtension>
            <ns3:hr>146</ns3:hr>
            <ns3:cad>90</ns3:cad>
          </ns3:TrackPointExtension>
        </extensions>
      </trkpt>
      <trkpt lat="30.4364561475813388824462890625" lon="120.26330824010074138641357421875">
        <ele>4.19999980926513671875</ele>
        <time>2024-12-27T12:58:50.000Z</time>
        <extensions>
          <ns3:TrackPointExtension>
            <ns3:hr>146</ns3:hr>
            <ns3:cad>90</ns3:cad>
          </ns3:TrackPointExtension>
        </extensions>
      </trkpt>
      <trkpt lat="30.43648104183375835418701171875" lon="120.26329466141760349273681640625">
        <ele>4.19999980926513671875</ele>
        <time>2024-12-27T12:58:51.000Z</time>
        <extensions>
          <ns3:TrackPointExtension>
            <ns3:hr>146</ns3:hr>
            <ns3:cad>90</ns3:cad>
          </ns3:TrackPointExtension>
        </extensions>
      </trkpt>
      <trkpt lat="30.43650384061038494110107421875" lon="120.2632826752960681915283203125">
        <ele>4.19999980926513671875</ele>
        <time>2024-12-27T12:58:52.000Z</time>
        <extensions>
          <ns3:TrackPointExtension>
            <ns3:hr>147</ns3:hr>
            <ns3:cad>90</ns3:cad>
          </ns3:TrackPointExtension>
        </extensions>
      </trkpt>
      <trkpt lat="30.43652244843542575836181640625" lon="120.26326918043196201324462890625">
        <ele>4</ele>
        <time>2024-12-27T12:58:53.000Z</time>
        <extensions>
          <ns3:TrackPointExtension>
            <ns3:hr>147</ns3:hr>
            <ns3:cad>91</ns3:cad>
          </ns3:TrackPointExtension>
        </extensions>
      </trkpt>
      <trkpt lat="30.436542145907878875732421875" lon="120.26325576938688755035400390625">
        <ele>4</ele>
        <time>2024-12-27T12:58:54.000Z</time>
        <extensions>
          <ns3:TrackPointExtension>
            <ns3:hr>147</ns3:hr>
            <ns3:cad>91</ns3:cad>
          </ns3:TrackPointExtension>
        </extensions>
      </trkpt>
      <trkpt lat="30.4365631006658077239990234375" lon="120.26324353180825710296630859375">
        <ele>4</ele>
        <time>2024-12-27T12:58:55.000Z</time>
        <extensions>
          <ns3:TrackPointExtension>
            <ns3:hr>148</ns3:hr>
            <ns3:cad>91</ns3:cad>
          </ns3:TrackPointExtension>
        </extensions>
      </trkpt>
      <trkpt lat="30.43658296577632427215576171875" lon="120.2632313780486583709716796875">
        <ele>4</ele>
        <time>2024-12-27T12:58:56.000Z</time>
        <extensions>
          <ns3:TrackPointExtension>
            <ns3:hr>148</ns3:hr>
            <ns3:cad>90</ns3:cad>
          </ns3:TrackPointExtension>
        </extensions>
      </trkpt>
      <trkpt lat="30.43659872375428676605224609375" lon="120.26322190649807453155517578125">
        <ele>3.7999999523162841796875</ele>
        <time>2024-12-27T12:58:57.000Z</time>
        <extensions>
          <ns3:TrackPointExtension>
            <ns3:hr>148</ns3:hr>
            <ns3:cad>90</ns3:cad>
          </ns3:TrackPointExtension>
        </extensions>
      </trkpt>
      <trkpt lat="30.4366123862564563751220703125" lon="120.2632149495184421539306640625">
        <ele>4</ele>
        <time>2024-12-27T12:58:58.000Z</time>
        <extensions>
          <ns3:TrackPointExtension>
            <ns3:hr>149</ns3:hr>
            <ns3:cad>90</ns3:cad>
          </ns3:TrackPointExtension>
        </extensions>
      </trkpt>
      <trkpt lat="30.43662437237799167633056640625" lon="120.26320715434849262237548828125">
        <ele>4</ele>
        <time>2024-12-27T12:58:59.000Z</time>
        <extensions>
          <ns3:TrackPointExtension>
            <ns3:hr>149</ns3:hr>
            <ns3:cad>90</ns3:cad>
          </ns3:TrackPointExtension>
        </extensions>
      </trkpt>
      <trkpt lat="30.43663577176630496978759765625" lon="120.26319734752178192138671875">
        <ele>4</ele>
        <time>2024-12-27T12:59:00.000Z</time>
        <extensions>
          <ns3:TrackPointExtension>
            <ns3:hr>149</ns3:hr>
            <ns3:cad>0</ns3:cad>
          </ns3:TrackPointExtension>
        </extensions>
      </trkpt>
      <trkpt lat="30.43664884753525257110595703125" lon="120.26318770833313465118408203125">
        <ele>4</ele>
        <time>2024-12-27T12:59:01.000Z</time>
        <extensions>
          <ns3:TrackPointExtension>
            <ns3:hr>149</ns3:hr>
            <ns3:cad>0</ns3:cad>
          </ns3:TrackPointExtension>
        </extensions>
      </trkpt>
      <trkpt lat="30.43666829355061054229736328125" lon="120.263179577887058258056640625">
        <ele>4.19999980926513671875</ele>
        <time>2024-12-27T12:59:02.000Z</time>
        <extensions>
          <ns3:TrackPointExtension>
            <ns3:hr>149</ns3:hr>
            <ns3:cad>0</ns3:cad>
          </ns3:TrackPointExtension>
        </extensions>
      </trkpt>
      <trkpt lat="30.43668807484209537506103515625" lon="120.263169519603252410888671875">
        <ele>4.19999980926513671875</ele>
        <time>2024-12-27T12:59:03.000Z</time>
        <extensions>
          <ns3:TrackPointExtension>
            <ns3:hr>149</ns3:hr>
            <ns3:cad>0</ns3:cad>
          </ns3:TrackPointExtension>
        </extensions>
      </trkpt>
      <trkpt lat="30.43670802377164363861083984375" lon="120.26316113770008087158203125">
        <ele>4.19999980926513671875</ele>
        <time>2024-12-27T12:59:04.000Z</time>
        <extensions>
          <ns3:TrackPointExtension>
            <ns3:hr>149</ns3:hr>
            <ns3:cad>0</ns3:cad>
          </ns3:TrackPointExtension>
        </extensions>
      </trkpt>
      <trkpt lat="30.4367290623486042022705078125" lon="120.2631525881588459014892578125">
        <ele>4.400000095367431640625</ele>
        <time>2024-12-27T12:59:05.000Z</time>
        <extensions>
          <ns3:TrackPointExtension>
            <ns3:hr>148</ns3:hr>
            <ns3:cad>0</ns3:cad>
          </ns3:TrackPointExtension>
        </extensions>
      </trkpt>
      <trkpt lat="30.43675144203007221221923828125" lon="120.263140685856342315673828125">
        <ele>4.400000095367431640625</ele>
        <time>2024-12-27T12:59:06.000Z</time>
        <extensions>
          <ns3:TrackPointExtension>
            <ns3:hr>147</ns3:hr>
            <ns3:cad>88</ns3:cad>
          </ns3:TrackPointExtension>
        </extensions>
      </trkpt>
      <trkpt lat="30.43677021749317646026611328125" lon="120.26311763562262058258056640625">
        <ele>4.599999904632568359375</ele>
        <time>2024-12-27T12:59:07.000Z</time>
        <extensions>
          <ns3:TrackPointExtension>
            <ns3:hr>146</ns3:hr>
            <ns3:cad>91</ns3:cad>
          </ns3:TrackPointExtension>
        </extensions>
      </trkpt>
      <trkpt lat="30.43678999878466129302978515625" lon="120.26310405693948268890380859375">
        <ele>4.400000095367431640625</ele>
        <time>2024-12-27T12:59:08.000Z</time>
        <extensions>
          <ns3:TrackPointExtension>
            <ns3:hr>146</ns3:hr>
            <ns3:cad>91</ns3:cad>
          </ns3:TrackPointExtension>
        </extensions>
      </trkpt>
      <trkpt lat="30.4368142224848270416259765625" lon="120.26309047825634479522705078125">
        <ele>4.400000095367431640625</ele>
        <time>2024-12-27T12:59:09.000Z</time>
        <extensions>
          <ns3:TrackPointExtension>
            <ns3:hr>146</ns3:hr>
            <ns3:cad>91</ns3:cad>
          </ns3:TrackPointExtension>
        </extensions>
      </trkpt>
      <trkpt lat="30.4368329979479312896728515625" lon="120.2630737982690334320068359375">
        <ele>4.400000095367431640625</ele>
        <time>2024-12-27T12:59:10.000Z</time>
        <extensions>
          <ns3:TrackPointExtension>
            <ns3:hr>145</ns3:hr>
            <ns3:cad>91</ns3:cad>
          </ns3:TrackPointExtension>
        </extensions>
      </trkpt>
      <trkpt lat="30.43685453943908214569091796875" lon="120.26305644772946834564208984375">
        <ele>4.19999980926513671875</ele>
        <time>2024-12-27T12:59:11.000Z</time>
        <extensions>
          <ns3:TrackPointExtension>
            <ns3:hr>146</ns3:hr>
            <ns3:cad>91</ns3:cad>
          </ns3:TrackPointExtension>
        </extensions>
      </trkpt>
      <trkpt lat="30.43687717057764530181884765625" lon="120.2630439586937427520751953125">
        <ele>4.19999980926513671875</ele>
        <time>2024-12-27T12:59:12.000Z</time>
        <extensions>
          <ns3:TrackPointExtension>
            <ns3:hr>146</ns3:hr>
            <ns3:cad>91</ns3:cad>
          </ns3:TrackPointExtension>
        </extensions>
      </trkpt>
      <trkpt lat="30.43690013699233531951904296875" lon="120.2630258537828922271728515625">
        <ele>4.19999980926513671875</ele>
        <time>2024-12-27T12:59:13.000Z</time>
        <extensions>
          <ns3:TrackPointExtension>
            <ns3:hr>146</ns3:hr>
            <ns3:cad>90</ns3:cad>
          </ns3:TrackPointExtension>
        </extensions>
      </trkpt>
      <trkpt lat="30.4369221813976764678955078125" lon="120.26301487348973751068115234375">
        <ele>4.19999980926513671875</ele>
        <time>2024-12-27T12:59:14.000Z</time>
        <extensions>
          <ns3:TrackPointExtension>
            <ns3:hr>146</ns3:hr>
            <ns3:cad>89</ns3:cad>
          </ns3:TrackPointExtension>
        </extensions>
      </trkpt>
      <trkpt lat="30.43694305233657360076904296875" lon="120.2630003727972507476806640625">
        <ele>4.19999980926513671875</ele>
        <time>2024-12-27T12:59:15.000Z</time>
        <extensions>
          <ns3:TrackPointExtension>
            <ns3:hr>146</ns3:hr>
            <ns3:cad>89</ns3:cad>
          </ns3:TrackPointExtension>
        </extensions>
      </trkpt>
      <trkpt lat="30.436961911618709564208984375" lon="120.2629829384386539459228515625">
        <ele>4.19999980926513671875</ele>
        <time>2024-12-27T12:59:16.000Z</time>
        <extensions>
          <ns3:TrackPointExtension>
            <ns3:hr>146</ns3:hr>
            <ns3:cad>89</ns3:cad>
          </ns3:TrackPointExtension>
        </extensions>
      </trkpt>
      <trkpt lat="30.43698169291019439697265625" lon="120.26297313161194324493408203125">
        <ele>4.19999980926513671875</ele>
        <time>2024-12-27T12:59:17.000Z</time>
        <extensions>
          <ns3:TrackPointExtension>
            <ns3:hr>146</ns3:hr>
            <ns3:cad>89</ns3:cad>
          </ns3:TrackPointExtension>
        </extensions>
      </trkpt>
      <trkpt lat="30.4370003007352352142333984375" lon="120.2629624865949153900146484375">
        <ele>4.19999980926513671875</ele>
        <time>2024-12-27T12:59:18.000Z</time>
        <extensions>
          <ns3:TrackPointExtension>
            <ns3:hr>146</ns3:hr>
            <ns3:cad>89</ns3:cad>
          </ns3:TrackPointExtension>
        </extensions>
      </trkpt>
      <trkpt lat="30.437014885246753692626953125" lon="120.2629510872066020965576171875">
        <ele>4.400000095367431640625</ele>
        <time>2024-12-27T12:59:19.000Z</time>
        <extensions>
          <ns3:TrackPointExtension>
            <ns3:hr>146</ns3:hr>
            <ns3:cad>89</ns3:cad>
          </ns3:TrackPointExtension>
        </extensions>
      </trkpt>
      <trkpt lat="30.43702729046344757080078125" lon="120.26294563896954059600830078125">
        <ele>4.400000095367431640625</ele>
        <time>2024-12-27T12:59:20.000Z</time>
        <extensions>
          <ns3:TrackPointExtension>
            <ns3:hr>146</ns3:hr>
            <ns3:cad>89</ns3:cad>
          </ns3:TrackPointExtension>
        </extensions>
      </trkpt>
      <trkpt lat="30.437039695680141448974609375" lon="120.26294446550309658050537109375">
        <ele>4.400000095367431640625</ele>
        <time>2024-12-27T12:59:21.000Z</time>
        <extensions>
          <ns3:TrackPointExtension>
            <ns3:hr>147</ns3:hr>
            <ns3:cad>89</ns3:cad>
          </ns3:TrackPointExtension>
        </extensions>
      </trkpt>
      <trkpt lat="30.43705277144908905029296875" lon="120.26294379495084285736083984375">
        <ele>4.400000095367431640625</ele>
        <time>2024-12-27T12:59:22.000Z</time>
        <extensions>
          <ns3:TrackPointExtension>
            <ns3:hr>147</ns3:hr>
            <ns3:cad>89</ns3:cad>
          </ns3:TrackPointExtension>
        </extensions>
      </trkpt>
      <trkpt lat="30.4370660148561000823974609375" lon="120.26294387876987457275390625">
        <ele>4.400000095367431640625</ele>
        <time>2024-12-27T12:59:23.000Z</time>
        <extensions>
          <ns3:TrackPointExtension>
            <ns3:hr>147</ns3:hr>
            <ns3:cad>0</ns3:cad>
          </ns3:TrackPointExtension>
        </extensions>
      </trkpt>
      <trkpt lat="30.43707967735826969146728515625" lon="120.2629430405795574188232421875">
        <ele>4.599999904632568359375</ele>
        <time>2024-12-27T12:59:24.000Z</time>
        <extensions>
          <ns3:TrackPointExtension>
            <ns3:hr>147</ns3:hr>
            <ns3:cad>0</ns3:cad>
          </ns3:TrackPointExtension>
        </extensions>
      </trkpt>
      <trkpt lat="30.437095351517200469970703125" lon="120.26294119656085968017578125">
        <ele>4.599999904632568359375</ele>
        <time>2024-12-27T12:59:25.000Z</time>
        <extensions>
          <ns3:TrackPointExtension>
            <ns3:hr>147</ns3:hr>
            <ns3:cad>65</ns3:cad>
          </ns3:TrackPointExtension>
        </extensions>
      </trkpt>
      <trkpt lat="30.4371142946183681488037109375" lon="120.262935161590576171875">
        <ele>4.599999904632568359375</ele>
        <time>2024-12-27T12:59:26.000Z</time>
        <extensions>
          <ns3:TrackPointExtension>
            <ns3:hr>146</ns3:hr>
            <ns3:cad>65</ns3:cad>
          </ns3:TrackPointExtension>
        </extensions>
      </trkpt>
      <trkpt lat="30.437131226062774658203125" lon="120.26292569003999233245849609375">
        <ele>4.599999904632568359375</ele>
        <time>2024-12-27T12:59:27.000Z</time>
        <extensions>
          <ns3:TrackPointExtension>
            <ns3:hr>145</ns3:hr>
            <ns3:cad>65</ns3:cad>
          </ns3:TrackPointExtension>
        </extensions>
      </trkpt>
      <trkpt lat="30.4371474869549274444580078125" lon="120.2629128657281398773193359375">
        <ele>4.599999904632568359375</ele>
        <time>2024-12-27T12:59:28.000Z</time>
        <extensions>
          <ns3:TrackPointExtension>
            <ns3:hr>145</ns3:hr>
            <ns3:cad>65</ns3:cad>
          </ns3:TrackPointExtension>
        </extensions>
      </trkpt>
      <trkpt lat="30.43716466985642910003662109375" lon="120.262898616492748260498046875">
        <ele>4.599999904632568359375</ele>
        <time>2024-12-27T12:59:29.000Z</time>
        <extensions>
          <ns3:TrackPointExtension>
            <ns3:hr>144</ns3:hr>
            <ns3:cad>65</ns3:cad>
          </ns3:TrackPointExtension>
        </extensions>
      </trkpt>
      <trkpt lat="30.43718277476727962493896484375" lon="120.26288411580026149749755859375">
        <ele>4.599999904632568359375</ele>
        <time>2024-12-27T12:59:30.000Z</time>
        <extensions>
          <ns3:TrackPointExtension>
            <ns3:hr>143</ns3:hr>
            <ns3:cad>88</ns3:cad>
          </ns3:TrackPointExtension>
        </extensions>
      </trkpt>
      <trkpt lat="30.4372014664113521575927734375" lon="120.26287187822163105010986328125">
        <ele>4.599999904632568359375</ele>
        <time>2024-12-27T12:59:31.000Z</time>
        <extensions>
          <ns3:TrackPointExtension>
            <ns3:hr>144</ns3:hr>
            <ns3:cad>88</ns3:cad>
          </ns3:TrackPointExtension>
        </extensions>
      </trkpt>
      <trkpt lat="30.4372182302176952362060546875" lon="120.2628595568239688873291015625">
        <ele>4.80000019073486328125</ele>
        <time>2024-12-27T12:59:32.000Z</time>
        <extensions>
          <ns3:TrackPointExtension>
            <ns3:hr>144</ns3:hr>
            <ns3:cad>88</ns3:cad>
          </ns3:TrackPointExtension>
        </extensions>
      </trkpt>
      <trkpt lat="30.4372356645762920379638671875" lon="120.262848995625972747802734375">
        <ele>4.80000019073486328125</ele>
        <time>2024-12-27T12:59:33.000Z</time>
        <extensions>
          <ns3:TrackPointExtension>
            <ns3:hr>145</ns3:hr>
            <ns3:cad>89</ns3:cad>
          </ns3:TrackPointExtension>
        </extensions>
      </trkpt>
      <trkpt lat="30.43725192546844482421875" lon="120.26283801533281803131103515625">
        <ele>4.80000019073486328125</ele>
        <time>2024-12-27T12:59:34.000Z</time>
        <extensions>
          <ns3:TrackPointExtension>
            <ns3:hr>145</ns3:hr>
            <ns3:cad>89</ns3:cad>
          </ns3:TrackPointExtension>
        </extensions>
      </trkpt>
      <trkpt lat="30.437268353998661041259765625" lon="120.26282762177288532257080078125">
        <ele>4.80000019073486328125</ele>
        <time>2024-12-27T12:59:35.000Z</time>
        <extensions>
          <ns3:TrackPointExtension>
            <ns3:hr>145</ns3:hr>
            <ns3:cad>89</ns3:cad>
          </ns3:TrackPointExtension>
        </extensions>
      </trkpt>
      <trkpt lat="30.43728704564273357391357421875" lon="120.2628153003752231597900390625">
        <ele>4.80000019073486328125</ele>
        <time>2024-12-27T12:59:36.000Z</time>
        <extensions>
          <ns3:TrackPointExtension>
            <ns3:hr>145</ns3:hr>
            <ns3:cad>89</ns3:cad>
          </ns3:TrackPointExtension>
        </extensions>
      </trkpt>
      <trkpt lat="30.43730624020099639892578125" lon="120.26280180551111698150634765625">
        <ele>4.80000019073486328125</ele>
        <time>2024-12-27T12:59:37.000Z</time>
        <extensions>
          <ns3:TrackPointExtension>
            <ns3:hr>145</ns3:hr>
            <ns3:cad>89</ns3:cad>
          </ns3:TrackPointExtension>
        </extensions>
      </trkpt>
      <trkpt lat="30.437326692044734954833984375" lon="120.2627888135612010955810546875">
        <ele>5</ele>
        <time>2024-12-27T12:59:38.000Z</time>
        <extensions>
          <ns3:TrackPointExtension>
            <ns3:hr>145</ns3:hr>
            <ns3:cad>89</ns3:cad>
          </ns3:TrackPointExtension>
        </extensions>
      </trkpt>
      <trkpt lat="30.4373469762504100799560546875" lon="120.26277582161128520965576171875">
        <ele>5.19999980926513671875</ele>
        <time>2024-12-27T12:59:39.000Z</time>
        <extensions>
          <ns3:TrackPointExtension>
            <ns3:hr>145</ns3:hr>
            <ns3:cad>89</ns3:cad>
          </ns3:TrackPointExtension>
        </extensions>
      </trkpt>
      <trkpt lat="30.4373686015605926513671875" lon="120.26276241056621074676513671875">
        <ele>5.400000095367431640625</ele>
        <time>2024-12-27T12:59:40.000Z</time>
        <extensions>
          <ns3:TrackPointExtension>
            <ns3:hr>144</ns3:hr>
            <ns3:cad>89</ns3:cad>
          </ns3:TrackPointExtension>
        </extensions>
      </trkpt>
      <trkpt lat="30.43739114888012409210205078125" lon="120.2627489157021045684814453125">
        <ele>5.400000095367431640625</ele>
        <time>2024-12-27T12:59:41.000Z</time>
        <extensions>
          <ns3:TrackPointExtension>
            <ns3:hr>144</ns3:hr>
            <ns3:cad>89</ns3:cad>
          </ns3:TrackPointExtension>
        </extensions>
      </trkpt>
      <trkpt lat="30.4374123550951480865478515625" lon="120.2627331577241420745849609375">
        <ele>5.599999904632568359375</ele>
        <time>2024-12-27T12:59:42.000Z</time>
        <extensions>
          <ns3:TrackPointExtension>
            <ns3:hr>144</ns3:hr>
            <ns3:cad>89</ns3:cad>
          </ns3:TrackPointExtension>
        </extensions>
      </trkpt>
      <trkpt lat="30.43743272311985492706298828125" lon="120.26271999813616275787353515625">
        <ele>5.80000019073486328125</ele>
        <time>2024-12-27T12:59:43.000Z</time>
        <extensions>
          <ns3:TrackPointExtension>
            <ns3:hr>144</ns3:hr>
            <ns3:cad>89</ns3:cad>
          </ns3:TrackPointExtension>
        </extensions>
      </trkpt>
      <trkpt lat="30.43745577335357666015625" lon="120.2627100236713886260986328125">
        <ele>6</ele>
        <time>2024-12-27T12:59:44.000Z</time>
        <extensions>
          <ns3:TrackPointExtension>
            <ns3:hr>143</ns3:hr>
            <ns3:cad>89</ns3:cad>
          </ns3:TrackPointExtension>
        </extensions>
      </trkpt>
      <trkpt lat="30.43747924268245697021484375" lon="120.26269367896020412445068359375">
        <ele>6</ele>
        <time>2024-12-27T12:59:45.000Z</time>
        <extensions>
          <ns3:TrackPointExtension>
            <ns3:hr>143</ns3:hr>
            <ns3:cad>89</ns3:cad>
          </ns3:TrackPointExtension>
        </extensions>
      </trkpt>
      <trkpt lat="30.43750346638262271881103515625" lon="120.262678675353527069091796875">
        <ele>6.19999980926513671875</ele>
        <time>2024-12-27T12:59:46.000Z</time>
        <extensions>
          <ns3:TrackPointExtension>
            <ns3:hr>143</ns3:hr>
            <ns3:cad>89</ns3:cad>
          </ns3:TrackPointExtension>
        </extensions>
      </trkpt>
      <trkpt lat="30.4375268518924713134765625" lon="120.26266702450811862945556640625">
        <ele>6.19999980926513671875</ele>
        <time>2024-12-27T12:59:47.000Z</time>
        <extensions>
          <ns3:TrackPointExtension>
            <ns3:hr>143</ns3:hr>
            <ns3:cad>89</ns3:cad>
          </ns3:TrackPointExtension>
        </extensions>
      </trkpt>
      <trkpt lat="30.4375498183071613311767578125" lon="120.26265780441462993621826171875">
        <ele>6.400000095367431640625</ele>
        <time>2024-12-27T12:59:48.000Z</time>
        <extensions>
          <ns3:TrackPointExtension>
            <ns3:hr>143</ns3:hr>
            <ns3:cad>89</ns3:cad>
          </ns3:TrackPointExtension>
        </extensions>
      </trkpt>
      <trkpt lat="30.437571443617343902587890625" lon="120.26264213025569915771484375">
        <ele>6.400000095367431640625</ele>
        <time>2024-12-27T12:59:49.000Z</time>
        <extensions>
          <ns3:TrackPointExtension>
            <ns3:hr>143</ns3:hr>
            <ns3:cad>89</ns3:cad>
          </ns3:TrackPointExtension>
        </extensions>
      </trkpt>
      <trkpt lat="30.437591560184955596923828125" lon="120.26262603700160980224609375">
        <ele>6.400000095367431640625</ele>
        <time>2024-12-27T12:59:50.000Z</time>
        <extensions>
          <ns3:TrackPointExtension>
            <ns3:hr>144</ns3:hr>
            <ns3:cad>89</ns3:cad>
          </ns3:TrackPointExtension>
        </extensions>
      </trkpt>
      <trkpt lat="30.4376118443906307220458984375" lon="120.2626080997288227081298828125">
        <ele>6.599999904632568359375</ele>
        <time>2024-12-27T12:59:51.000Z</time>
        <extensions>
          <ns3:TrackPointExtension>
            <ns3:hr>144</ns3:hr>
            <ns3:cad>89</ns3:cad>
          </ns3:TrackPointExtension>
        </extensions>
      </trkpt>
      <trkpt lat="30.43763338588178157806396484375" lon="120.26259209029376506805419921875">
        <ele>6.599999904632568359375</ele>
        <time>2024-12-27T12:59:52.000Z</time>
        <extensions>
          <ns3:TrackPointExtension>
            <ns3:hr>144</ns3:hr>
            <ns3:cad>89</ns3:cad>
          </ns3:TrackPointExtension>
        </extensions>
      </trkpt>
      <trkpt lat="30.4376555979251861572265625" lon="120.2625799365341663360595703125">
        <ele>6.80000019073486328125</ele>
        <time>2024-12-27T12:59:53.000Z</time>
        <extensions>
          <ns3:TrackPointExtension>
            <ns3:hr>145</ns3:hr>
            <ns3:cad>89</ns3:cad>
          </ns3:TrackPointExtension>
        </extensions>
      </trkpt>
      <trkpt lat="30.43767764233052730560302734375" lon="120.2625678665935993194580078125">
        <ele>7</ele>
        <time>2024-12-27T12:59:54.000Z</time>
        <extensions>
          <ns3:TrackPointExtension>
            <ns3:hr>145</ns3:hr>
            <ns3:cad>89</ns3:cad>
          </ns3:TrackPointExtension>
        </extensions>
      </trkpt>
      <trkpt lat="30.43769876472651958465576171875" lon="120.26255898177623748779296875">
        <ele>7.19999980926513671875</ele>
        <time>2024-12-27T12:59:55.000Z</time>
        <extensions>
          <ns3:TrackPointExtension>
            <ns3:hr>145</ns3:hr>
            <ns3:cad>89</ns3:cad>
          </ns3:TrackPointExtension>
        </extensions>
      </trkpt>
      <trkpt lat="30.43771821074187755584716796875" lon="120.2625467441976070404052734375">
        <ele>7.400000095367431640625</ele>
        <time>2024-12-27T12:59:56.000Z</time>
        <extensions>
          <ns3:TrackPointExtension>
            <ns3:hr>146</ns3:hr>
            <ns3:cad>89</ns3:cad>
          </ns3:TrackPointExtension>
        </extensions>
      </trkpt>
      <trkpt lat="30.43773715384304523468017578125" lon="120.26253350079059600830078125">
        <ele>7.599999904632568359375</ele>
        <time>2024-12-27T12:59:57.000Z</time>
        <extensions>
          <ns3:TrackPointExtension>
            <ns3:hr>146</ns3:hr>
            <ns3:cad>89</ns3:cad>
          </ns3:TrackPointExtension>
        </extensions>
      </trkpt>
      <trkpt lat="30.43775056488811969757080078125" lon="120.2625236101448535919189453125">
        <ele>7.599999904632568359375</ele>
        <time>2024-12-27T12:59:58.000Z</time>
        <extensions>
          <ns3:TrackPointExtension>
            <ns3:hr>146</ns3:hr>
            <ns3:cad>89</ns3:cad>
          </ns3:TrackPointExtension>
        </extensions>
      </trkpt>
      <trkpt lat="30.43776447884738445281982421875" lon="120.26251832954585552215576171875">
        <ele>7.599999904632568359375</ele>
        <time>2024-12-27T12:59:59.000Z</time>
        <extensions>
          <ns3:TrackPointExtension>
            <ns3:hr>146</ns3:hr>
            <ns3:cad>88</ns3:cad>
          </ns3:TrackPointExtension>
        </extensions>
      </trkpt>
      <trkpt lat="30.4377774707973003387451171875" lon="120.26251631788909435272216796875">
        <ele>7.599999904632568359375</ele>
        <time>2024-12-27T13:00:00.000Z</time>
        <extensions>
          <ns3:TrackPointExtension>
            <ns3:hr>145</ns3:hr>
            <ns3:cad>88</ns3:cad>
          </ns3:TrackPointExtension>
        </extensions>
      </trkpt>
      <trkpt lat="30.43779163621366024017333984375" lon="120.26251380331814289093017578125">
        <ele>7.599999904632568359375</ele>
        <time>2024-12-27T13:00:01.000Z</time>
        <extensions>
          <ns3:TrackPointExtension>
            <ns3:hr>145</ns3:hr>
            <ns3:cad>0</ns3:cad>
          </ns3:TrackPointExtension>
        </extensions>
      </trkpt>
      <trkpt lat="30.43780286796391010284423828125" lon="120.262505002319812774658203125">
        <ele>7.599999904632568359375</ele>
        <time>2024-12-27T13:00:02.000Z</time>
        <extensions>
          <ns3:TrackPointExtension>
            <ns3:hr>145</ns3:hr>
            <ns3:cad>0</ns3:cad>
          </ns3:TrackPointExtension>
        </extensions>
      </trkpt>
      <trkpt lat="30.43781594373285770416259765625" lon="120.26249821297824382781982421875">
        <ele>7.80000019073486328125</ele>
        <time>2024-12-27T13:00:03.000Z</time>
        <extensions>
          <ns3:TrackPointExtension>
            <ns3:hr>145</ns3:hr>
            <ns3:cad>0</ns3:cad>
          </ns3:TrackPointExtension>
        </extensions>
      </trkpt>
      <trkpt lat="30.4378314502537250518798828125" lon="120.26249033398926258087158203125">
        <ele>7.80000019073486328125</ele>
        <time>2024-12-27T13:00:04.000Z</time>
        <extensions>
          <ns3:TrackPointExtension>
            <ns3:hr>145</ns3:hr>
            <ns3:cad>0</ns3:cad>
          </ns3:TrackPointExtension>
        </extensions>
      </trkpt>
      <trkpt lat="30.4378482140600681304931640625" lon="120.262485556304454803466796875">
        <ele>7.80000019073486328125</ele>
        <time>2024-12-27T13:00:05.000Z</time>
        <extensions>
          <ns3:TrackPointExtension>
            <ns3:hr>144</ns3:hr>
            <ns3:cad>0</ns3:cad>
          </ns3:TrackPointExtension>
        </extensions>
      </trkpt>
      <trkpt lat="30.4378622956573963165283203125" lon="120.26247826404869556427001953125">
        <ele>7.80000019073486328125</ele>
        <time>2024-12-27T13:00:06.000Z</time>
        <extensions>
          <ns3:TrackPointExtension>
            <ns3:hr>144</ns3:hr>
            <ns3:cad>0</ns3:cad>
          </ns3:TrackPointExtension>
        </extensions>
      </trkpt>
      <trkpt lat="30.437875874340534210205078125" lon="120.26247046887874603271484375">
        <ele>7.80000019073486328125</ele>
        <time>2024-12-27T13:00:07.000Z</time>
        <extensions>
          <ns3:TrackPointExtension>
            <ns3:hr>144</ns3:hr>
            <ns3:cad>0</ns3:cad>
          </ns3:TrackPointExtension>
        </extensions>
      </trkpt>
      <trkpt lat="30.43788802810013294219970703125" lon="120.26246284134685993194580078125">
        <ele>7.80000019073486328125</ele>
        <time>2024-12-27T13:00:08.000Z</time>
        <extensions>
          <ns3:TrackPointExtension>
            <ns3:hr>144</ns3:hr>
            <ns3:cad>62</ns3:cad>
          </ns3:TrackPointExtension>
        </extensions>
      </trkpt>
      <trkpt lat="30.43789791874587535858154296875" lon="120.26245093904435634613037109375">
        <ele>7.80000019073486328125</ele>
        <time>2024-12-27T13:00:09.000Z</time>
        <extensions>
          <ns3:TrackPointExtension>
            <ns3:hr>144</ns3:hr>
            <ns3:cad>64</ns3:cad>
          </ns3:TrackPointExtension>
        </extensions>
      </trkpt>
      <trkpt lat="30.43790495954453945159912109375" lon="120.26243903674185276031494140625">
        <ele>8</ele>
        <time>2024-12-27T13:00:10.000Z</time>
        <extensions>
          <ns3:TrackPointExtension>
            <ns3:hr>144</ns3:hr>
            <ns3:cad>64</ns3:cad>
          </ns3:TrackPointExtension>
        </extensions>
      </trkpt>
      <trkpt lat="30.43791778385639190673828125" lon="120.26242889463901519775390625">
        <ele>8</ele>
        <time>2024-12-27T13:00:11.000Z</time>
        <extensions>
          <ns3:TrackPointExtension>
            <ns3:hr>144</ns3:hr>
            <ns3:cad>64</ns3:cad>
          </ns3:TrackPointExtension>
        </extensions>
      </trkpt>
      <trkpt lat="30.4379332065582275390625" lon="120.2624210156500339508056640625">
        <ele>8</ele>
        <time>2024-12-27T13:00:12.000Z</time>
        <extensions>
          <ns3:TrackPointExtension>
            <ns3:hr>144</ns3:hr>
            <ns3:cad>63</ns3:cad>
          </ns3:TrackPointExtension>
        </extensions>
      </trkpt>
      <trkpt lat="30.43794619850814342498779296875" lon="120.2624146454036235809326171875">
        <ele>8</ele>
        <time>2024-12-27T13:00:13.000Z</time>
        <extensions>
          <ns3:TrackPointExtension>
            <ns3:hr>144</ns3:hr>
            <ns3:cad>63</ns3:cad>
          </ns3:TrackPointExtension>
        </extensions>
      </trkpt>
      <trkpt lat="30.4379561729729175567626953125" lon="120.26240534149110317230224609375">
        <ele>8</ele>
        <time>2024-12-27T13:00:14.000Z</time>
        <extensions>
          <ns3:TrackPointExtension>
            <ns3:hr>144</ns3:hr>
            <ns3:cad>63</ns3:cad>
          </ns3:TrackPointExtension>
        </extensions>
      </trkpt>
      <trkpt lat="30.4379720985889434814453125" lon="120.2623985521495342254638671875">
        <ele>8</ele>
        <time>2024-12-27T13:00:15.000Z</time>
        <extensions>
          <ns3:TrackPointExtension>
            <ns3:hr>144</ns3:hr>
            <ns3:cad>63</ns3:cad>
          </ns3:TrackPointExtension>
        </extensions>
      </trkpt>
      <trkpt lat="30.43798391707241535186767578125" lon="120.2623864822089672088623046875">
        <ele>8.19999980926513671875</ele>
        <time>2024-12-27T13:00:16.000Z</time>
        <extensions>
          <ns3:TrackPointExtension>
            <ns3:hr>143</ns3:hr>
            <ns3:cad>62</ns3:cad>
          </ns3:TrackPointExtension>
        </extensions>
      </trkpt>
      <trkpt lat="30.43799732811748981475830078125" lon="120.26237533427774906158447265625">
        <ele>8</ele>
        <time>2024-12-27T13:00:17.000Z</time>
        <extensions>
          <ns3:TrackPointExtension>
            <ns3:hr>141</ns3:hr>
            <ns3:cad>61</ns3:cad>
          </ns3:TrackPointExtension>
        </extensions>
      </trkpt>
      <trkpt lat="30.43801342137157917022705078125" lon="120.2623620070517063140869140625">
        <ele>8</ele>
        <time>2024-12-27T13:00:18.000Z</time>
        <extensions>
          <ns3:TrackPointExtension>
            <ns3:hr>139</ns3:hr>
            <ns3:cad>62</ns3:cad>
          </ns3:TrackPointExtension>
        </extensions>
      </trkpt>
      <trkpt lat="30.43803823180496692657470703125" lon="120.2623506076633930206298828125">
        <ele>8</ele>
        <time>2024-12-27T13:00:19.000Z</time>
        <extensions>
          <ns3:TrackPointExtension>
            <ns3:hr>138</ns3:hr>
            <ns3:cad>83</ns3:cad>
          </ns3:TrackPointExtension>
        </extensions>
      </trkpt>
      <trkpt lat="30.4380591027438640594482421875" lon="120.2623328380286693572998046875">
        <ele>8</ele>
        <time>2024-12-27T13:00:20.000Z</time>
        <extensions>
          <ns3:TrackPointExtension>
            <ns3:hr>137</ns3:hr>
            <ns3:cad>86</ns3:cad>
          </ns3:TrackPointExtension>
        </extensions>
      </trkpt>
      <trkpt lat="30.43808064423501491546630859375" lon="120.26232420466840267181396484375">
        <ele>8</ele>
        <time>2024-12-27T13:00:21.000Z</time>
        <extensions>
          <ns3:TrackPointExtension>
            <ns3:hr>137</ns3:hr>
            <ns3:cad>88</ns3:cad>
          </ns3:TrackPointExtension>
        </extensions>
      </trkpt>
      <trkpt lat="30.43810285627841949462890625" lon="120.26231079362332820892333984375">
        <ele>8</ele>
        <time>2024-12-27T13:00:22.000Z</time>
        <extensions>
          <ns3:TrackPointExtension>
            <ns3:hr>135</ns3:hr>
            <ns3:cad>89</ns3:cad>
          </ns3:TrackPointExtension>
        </extensions>
      </trkpt>
      <trkpt lat="30.4381278343498706817626953125" lon="120.262293107807636260986328125">
        <ele>8</ele>
        <time>2024-12-27T13:00:23.000Z</time>
        <extensions>
          <ns3:TrackPointExtension>
            <ns3:hr>135</ns3:hr>
            <ns3:cad>89</ns3:cad>
          </ns3:TrackPointExtension>
        </extensions>
      </trkpt>
      <trkpt lat="30.43815557844936847686767578125" lon="120.2622755058109760284423828125">
        <ele>8</ele>
        <time>2024-12-27T13:00:24.000Z</time>
        <extensions>
          <ns3:TrackPointExtension>
            <ns3:hr>134</ns3:hr>
            <ns3:cad>89</ns3:cad>
          </ns3:TrackPointExtension>
        </extensions>
      </trkpt>
      <trkpt lat="30.4381764493882656097412109375" lon="120.2622560597956180572509765625">
        <ele>8</ele>
        <time>2024-12-27T13:00:25.000Z</time>
        <extensions>
          <ns3:TrackPointExtension>
            <ns3:hr>134</ns3:hr>
            <ns3:cad>89</ns3:cad>
          </ns3:TrackPointExtension>
        </extensions>
      </trkpt>
      <trkpt lat="30.4382012598216533660888671875" lon="120.26223845779895782470703125">
        <ele>8</ele>
        <time>2024-12-27T13:00:26.000Z</time>
        <extensions>
          <ns3:TrackPointExtension>
            <ns3:hr>134</ns3:hr>
            <ns3:cad>89</ns3:cad>
          </ns3:TrackPointExtension>
        </extensions>
      </trkpt>
      <trkpt lat="30.43822632171213626861572265625" lon="120.2622211910784244537353515625">
        <ele>8</ele>
        <time>2024-12-27T13:00:27.000Z</time>
        <extensions>
          <ns3:TrackPointExtension>
            <ns3:hr>134</ns3:hr>
            <ns3:cad>89</ns3:cad>
          </ns3:TrackPointExtension>
        </extensions>
      </trkpt>
      <trkpt lat="30.4382528923451900482177734375" lon="120.262207277119159698486328125">
        <ele>8</ele>
        <time>2024-12-27T13:00:28.000Z</time>
        <extensions>
          <ns3:TrackPointExtension>
            <ns3:hr>134</ns3:hr>
            <ns3:cad>89</ns3:cad>
          </ns3:TrackPointExtension>
        </extensions>
      </trkpt>
      <trkpt lat="30.4382760263979434967041015625" lon="120.2621950395405292510986328125">
        <ele>8</ele>
        <time>2024-12-27T13:00:29.000Z</time>
        <extensions>
          <ns3:TrackPointExtension>
            <ns3:hr>134</ns3:hr>
            <ns3:cad>89</ns3:cad>
          </ns3:TrackPointExtension>
        </extensions>
      </trkpt>
      <trkpt lat="30.4382958076894283294677734375" lon="120.26217584498226642608642578125">
        <ele>8</ele>
        <time>2024-12-27T13:00:30.000Z</time>
        <extensions>
          <ns3:TrackPointExtension>
            <ns3:hr>134</ns3:hr>
            <ns3:cad>89</ns3:cad>
          </ns3:TrackPointExtension>
        </extensions>
      </trkpt>
      <trkpt lat="30.4383162595331668853759765625" lon="120.26215757243335247039794921875">
        <ele>8</ele>
        <time>2024-12-27T13:00:31.000Z</time>
        <extensions>
          <ns3:TrackPointExtension>
            <ns3:hr>135</ns3:hr>
            <ns3:cad>89</ns3:cad>
          </ns3:TrackPointExtension>
        </extensions>
      </trkpt>
      <trkpt lat="30.4383387230336666107177734375" lon="120.26214214973151683807373046875">
        <ele>7.80000019073486328125</ele>
        <time>2024-12-27T13:00:32.000Z</time>
        <extensions>
          <ns3:TrackPointExtension>
            <ns3:hr>136</ns3:hr>
            <ns3:cad>89</ns3:cad>
          </ns3:TrackPointExtension>
        </extensions>
      </trkpt>
      <trkpt lat="30.43835657648742198944091796875" lon="120.26213829405605792999267578125">
        <ele>7.80000019073486328125</ele>
        <time>2024-12-27T13:00:33.000Z</time>
        <extensions>
          <ns3:TrackPointExtension>
            <ns3:hr>137</ns3:hr>
            <ns3:cad>88</ns3:cad>
          </ns3:TrackPointExtension>
        </extensions>
      </trkpt>
      <trkpt lat="30.43837350793182849884033203125" lon="120.26213594712316989898681640625">
        <ele>7.80000019073486328125</ele>
        <time>2024-12-27T13:00:34.000Z</time>
        <extensions>
          <ns3:TrackPointExtension>
            <ns3:hr>139</ns3:hr>
            <ns3:cad>88</ns3:cad>
          </ns3:TrackPointExtension>
        </extensions>
      </trkpt>
      <trkpt lat="30.4383876733481884002685546875" lon="120.2621360309422016143798828125">
        <ele>7.599999904632568359375</ele>
        <time>2024-12-27T13:00:35.000Z</time>
        <extensions>
          <ns3:TrackPointExtension>
            <ns3:hr>140</ns3:hr>
            <ns3:cad>88</ns3:cad>
          </ns3:TrackPointExtension>
        </extensions>
      </trkpt>
      <trkpt lat="30.43839965946972370147705078125" lon="120.26213527657091617584228515625">
        <ele>7.599999904632568359375</ele>
        <time>2024-12-27T13:00:36.000Z</time>
        <extensions>
          <ns3:TrackPointExtension>
            <ns3:hr>141</ns3:hr>
            <ns3:cad>88</ns3:cad>
          </ns3:TrackPointExtension>
        </extensions>
      </trkpt>
      <trkpt lat="30.43841105885803699493408203125" lon="120.2621306665241718292236328125">
        <ele>7.599999904632568359375</ele>
        <time>2024-12-27T13:00:37.000Z</time>
        <extensions>
          <ns3:TrackPointExtension>
            <ns3:hr>141</ns3:hr>
            <ns3:cad>88</ns3:cad>
          </ns3:TrackPointExtension>
        </extensions>
      </trkpt>
      <trkpt lat="30.43842069804668426513671875" lon="120.2621211111545562744140625">
        <ele>7.400000095367431640625</ele>
        <time>2024-12-27T13:00:38.000Z</time>
        <extensions>
          <ns3:TrackPointExtension>
            <ns3:hr>142</ns3:hr>
            <ns3:cad>88</ns3:cad>
          </ns3:TrackPointExtension>
        </extensions>
      </trkpt>
      <trkpt lat="30.43843142688274383544921875" lon="120.26211499236524105072021484375">
        <ele>7.400000095367431640625</ele>
        <time>2024-12-27T13:00:39.000Z</time>
        <extensions>
          <ns3:TrackPointExtension>
            <ns3:hr>143</ns3:hr>
            <ns3:cad>88</ns3:cad>
          </ns3:TrackPointExtension>
        </extensions>
      </trkpt>
      <trkpt lat="30.438440479338169097900390625" lon="120.26210702955722808837890625">
        <ele>7.400000095367431640625</ele>
        <time>2024-12-27T13:00:40.000Z</time>
        <extensions>
          <ns3:TrackPointExtension>
            <ns3:hr>143</ns3:hr>
            <ns3:cad>65</ns3:cad>
          </ns3:TrackPointExtension>
        </extensions>
      </trkpt>
      <trkpt lat="30.4384513758122920989990234375" lon="120.2621025033295154571533203125">
        <ele>7.400000095367431640625</ele>
        <time>2024-12-27T13:00:41.000Z</time>
        <extensions>
          <ns3:TrackPointExtension>
            <ns3:hr>143</ns3:hr>
            <ns3:cad>63</ns3:cad>
          </ns3:TrackPointExtension>
        </extensions>
      </trkpt>
      <trkpt lat="30.438463278114795684814453125" lon="120.26210241951048374176025390625">
        <ele>7.19999980926513671875</ele>
        <time>2024-12-27T13:00:42.000Z</time>
        <extensions>
          <ns3:TrackPointExtension>
            <ns3:hr>143</ns3:hr>
            <ns3:cad>63</ns3:cad>
          </ns3:TrackPointExtension>
        </extensions>
      </trkpt>
      <trkpt lat="30.4384751804172992706298828125" lon="120.2620988152921199798583984375">
        <ele>7.19999980926513671875</ele>
        <time>2024-12-27T13:00:43.000Z</time>
        <extensions>
          <ns3:TrackPointExtension>
            <ns3:hr>144</ns3:hr>
            <ns3:cad>63</ns3:cad>
          </ns3:TrackPointExtension>
        </extensions>
      </trkpt>
      <trkpt lat="30.43849186040461063385009765625" lon="120.26209420524537563323974609375">
        <ele>7.19999980926513671875</ele>
        <time>2024-12-27T13:00:44.000Z</time>
        <extensions>
          <ns3:TrackPointExtension>
            <ns3:hr>144</ns3:hr>
            <ns3:cad>63</ns3:cad>
          </ns3:TrackPointExtension>
        </extensions>
      </trkpt>
      <trkpt lat="30.43850661255419254302978515625" lon="120.2620874159038066864013671875">
        <ele>7</ele>
        <time>2024-12-27T13:00:45.000Z</time>
        <extensions>
          <ns3:TrackPointExtension>
            <ns3:hr>144</ns3:hr>
            <ns3:cad>63</ns3:cad>
          </ns3:TrackPointExtension>
        </extensions>
      </trkpt>
      <trkpt lat="30.4385191015899181365966796875" lon="120.26208045892417430877685546875">
        <ele>7</ele>
        <time>2024-12-27T13:00:46.000Z</time>
        <extensions>
          <ns3:TrackPointExtension>
            <ns3:hr>143</ns3:hr>
            <ns3:cad>65</ns3:cad>
          </ns3:TrackPointExtension>
        </extensions>
      </trkpt>
      <trkpt lat="30.43852932751178741455078125" lon="120.26207727380096912384033203125">
        <ele>7</ele>
        <time>2024-12-27T13:00:47.000Z</time>
        <extensions>
          <ns3:TrackPointExtension>
            <ns3:hr>142</ns3:hr>
            <ns3:cad>65</ns3:cad>
          </ns3:TrackPointExtension>
        </extensions>
      </trkpt>
      <trkpt lat="30.4385395534336566925048828125" lon="120.262072496116161346435546875">
        <ele>6.80000019073486328125</ele>
        <time>2024-12-27T13:00:48.000Z</time>
        <extensions>
          <ns3:TrackPointExtension>
            <ns3:hr>142</ns3:hr>
            <ns3:cad>64</ns3:cad>
          </ns3:TrackPointExtension>
        </extensions>
      </trkpt>
      <trkpt lat="30.438551791012287139892578125" lon="120.26206947863101959228515625">
        <ele>6.80000019073486328125</ele>
        <time>2024-12-27T13:00:49.000Z</time>
        <extensions>
          <ns3:TrackPointExtension>
            <ns3:hr>141</ns3:hr>
            <ns3:cad>63</ns3:cad>
          </ns3:TrackPointExtension>
        </extensions>
      </trkpt>
      <trkpt lat="30.438569225370883941650390625" lon="120.26206771843135356903076171875">
        <ele>6.80000019073486328125</ele>
        <time>2024-12-27T13:00:50.000Z</time>
        <extensions>
          <ns3:TrackPointExtension>
            <ns3:hr>140</ns3:hr>
            <ns3:cad>62</ns3:cad>
          </ns3:TrackPointExtension>
        </extensions>
      </trkpt>
      <trkpt lat="30.43858858756721019744873046875" lon="120.26206470094621181488037109375">
        <ele>6.599999904632568359375</ele>
        <time>2024-12-27T13:00:51.000Z</time>
        <extensions>
          <ns3:TrackPointExtension>
            <ns3:hr>140</ns3:hr>
            <ns3:cad>62</ns3:cad>
          </ns3:TrackPointExtension>
        </extensions>
      </trkpt>
      <trkpt lat="30.4386015795171260833740234375" lon="120.26206545531749725341796875">
        <ele>6.599999904632568359375</ele>
        <time>2024-12-27T13:00:52.000Z</time>
        <extensions>
          <ns3:TrackPointExtension>
            <ns3:hr>139</ns3:hr>
            <ns3:cad>61</ns3:cad>
          </ns3:TrackPointExtension>
        </extensions>
      </trkpt>
      <trkpt lat="30.4386116378009319305419921875" lon="120.2620572410523891448974609375">
        <ele>6.400000095367431640625</ele>
        <time>2024-12-27T13:00:53.000Z</time>
        <extensions>
          <ns3:TrackPointExtension>
            <ns3:hr>138</ns3:hr>
            <ns3:cad>61</ns3:cad>
          </ns3:TrackPointExtension>
        </extensions>
      </trkpt>
      <trkpt lat="30.43861649930477142333984375" lon="120.262040980160236358642578125">
        <ele>6.400000095367431640625</ele>
        <time>2024-12-27T13:00:54.000Z</time>
        <extensions>
          <ns3:TrackPointExtension>
            <ns3:hr>138</ns3:hr>
            <ns3:cad>63</ns3:cad>
          </ns3:TrackPointExtension>
        </extensions>
      </trkpt>
      <trkpt lat="30.43861675076186656951904296875" lon="120.2620227076113224029541015625">
        <ele>6.19999980926513671875</ele>
        <time>2024-12-27T13:00:55.000Z</time>
        <extensions>
          <ns3:TrackPointExtension>
            <ns3:hr>137</ns3:hr>
            <ns3:cad>63</ns3:cad>
          </ns3:TrackPointExtension>
        </extensions>
      </trkpt>
      <trkpt lat="30.4386233724653720855712890625" lon="120.26200753636658191680908203125">
        <ele>6.19999980926513671875</ele>
        <time>2024-12-27T13:00:56.000Z</time>
        <extensions>
          <ns3:TrackPointExtension>
            <ns3:hr>137</ns3:hr>
            <ns3:cad>63</ns3:cad>
          </ns3:TrackPointExtension>
        </extensions>
      </trkpt>
      <trkpt lat="30.438630916178226470947265625" lon="120.2620005793869495391845703125">
        <ele>6</ele>
        <time>2024-12-27T13:00:57.000Z</time>
        <extensions>
          <ns3:TrackPointExtension>
            <ns3:hr>135</ns3:hr>
            <ns3:cad>63</ns3:cad>
          </ns3:TrackPointExtension>
        </extensions>
      </trkpt>
      <trkpt lat="30.4386438243091106414794921875" lon="120.26200133375823497772216796875">
        <ele>6</ele>
        <time>2024-12-27T13:00:58.000Z</time>
        <extensions>
          <ns3:TrackPointExtension>
            <ns3:hr>136</ns3:hr>
            <ns3:cad>63</ns3:cad>
          </ns3:TrackPointExtension>
        </extensions>
      </trkpt>
      <trkpt lat="30.43865631334483623504638671875" lon="120.26199596934020519256591796875">
        <ele>5.80000019073486328125</ele>
        <time>2024-12-27T13:00:59.000Z</time>
        <extensions>
          <ns3:TrackPointExtension>
            <ns3:hr>136</ns3:hr>
            <ns3:cad>64</ns3:cad>
          </ns3:TrackPointExtension>
        </extensions>
      </trkpt>
      <trkpt lat="30.4386706463992595672607421875" lon="120.2619871683418750762939453125">
        <ele>5.80000019073486328125</ele>
        <time>2024-12-27T13:01:00.000Z</time>
        <extensions>
          <ns3:TrackPointExtension>
            <ns3:hr>136</ns3:hr>
            <ns3:cad>64</ns3:cad>
          </ns3:TrackPointExtension>
        </extensions>
      </trkpt>
      <trkpt lat="30.438684560358524322509765625" lon="120.26197426021099090576171875">
        <ele>5.599999904632568359375</ele>
        <time>2024-12-27T13:01:01.000Z</time>
        <extensions>
          <ns3:TrackPointExtension>
            <ns3:hr>135</ns3:hr>
            <ns3:cad>64</ns3:cad>
          </ns3:TrackPointExtension>
        </extensions>
      </trkpt>
      <trkpt lat="30.43869520537555217742919921875" lon="120.2619616873562335968017578125">
        <ele>5.599999904632568359375</ele>
        <time>2024-12-27T13:01:02.000Z</time>
        <extensions>
          <ns3:TrackPointExtension>
            <ns3:hr>135</ns3:hr>
            <ns3:cad>65</ns3:cad>
          </ns3:TrackPointExtension>
        </extensions>
      </trkpt>
      <trkpt lat="30.43870878405869007110595703125" lon="120.2619496174156665802001953125">
        <ele>5.599999904632568359375</ele>
        <time>2024-12-27T13:01:03.000Z</time>
        <extensions>
          <ns3:TrackPointExtension>
            <ns3:hr>134</ns3:hr>
            <ns3:cad>65</ns3:cad>
          </ns3:TrackPointExtension>
        </extensions>
      </trkpt>
      <trkpt lat="30.4387226141989231109619140625" lon="120.261940397322177886962890625">
        <ele>5.400000095367431640625</ele>
        <time>2024-12-27T13:01:04.000Z</time>
        <extensions>
          <ns3:TrackPointExtension>
            <ns3:hr>134</ns3:hr>
            <ns3:cad>65</ns3:cad>
          </ns3:TrackPointExtension>
        </extensions>
      </trkpt>
      <trkpt lat="30.43873929418623447418212890625" lon="120.261931680142879486083984375">
        <ele>5.400000095367431640625</ele>
        <time>2024-12-27T13:01:05.000Z</time>
        <extensions>
          <ns3:TrackPointExtension>
            <ns3:hr>133</ns3:hr>
            <ns3:cad>65</ns3:cad>
          </ns3:TrackPointExtension>
        </extensions>
      </trkpt>
      <trkpt lat="30.43875463306903839111328125" lon="120.26191717945039272308349609375">
        <ele>5.400000095367431640625</ele>
        <time>2024-12-27T13:01:06.000Z</time>
        <extensions>
          <ns3:TrackPointExtension>
            <ns3:hr>132</ns3:hr>
            <ns3:cad>65</ns3:cad>
          </ns3:TrackPointExtension>
        </extensions>
      </trkpt>
      <trkpt lat="30.43876762501895427703857421875" lon="120.2619033493101596832275390625">
        <ele>5.400000095367431640625</ele>
        <time>2024-12-27T13:01:07.000Z</time>
        <extensions>
          <ns3:TrackPointExtension>
            <ns3:hr>131</ns3:hr>
            <ns3:cad>66</ns3:cad>
          </ns3:TrackPointExtension>
        </extensions>
      </trkpt>
      <trkpt lat="30.4387789405882358551025390625" lon="120.2618986554443836212158203125">
        <ele>5.19999980926513671875</ele>
        <time>2024-12-27T13:01:08.000Z</time>
        <extensions>
          <ns3:TrackPointExtension>
            <ns3:hr>131</ns3:hr>
            <ns3:cad>66</ns3:cad>
          </ns3:TrackPointExtension>
        </extensions>
      </trkpt>
      <trkpt lat="30.4387896694242954254150390625" lon="120.26189421303570270538330078125">
        <ele>5.19999980926513671875</ele>
        <time>2024-12-27T13:01:09.000Z</time>
        <extensions>
          <ns3:TrackPointExtension>
            <ns3:hr>130</ns3:hr>
            <ns3:cad>66</ns3:cad>
          </ns3:TrackPointExtension>
        </extensions>
      </trkpt>
      <trkpt lat="30.43880115263164043426513671875" lon="120.26189605705440044403076171875">
        <ele>5.19999980926513671875</ele>
        <time>2024-12-27T13:01:10.000Z</time>
        <extensions>
          <ns3:TrackPointExtension>
            <ns3:hr>129</ns3:hr>
            <ns3:cad>65</ns3:cad>
          </ns3:TrackPointExtension>
        </extensions>
      </trkpt>
      <trkpt lat="30.438813976943492889404296875" lon="120.26189387775957584381103515625">
        <ele>5.19999980926513671875</ele>
        <time>2024-12-27T13:01:11.000Z</time>
        <extensions>
          <ns3:TrackPointExtension>
            <ns3:hr>128</ns3:hr>
            <ns3:cad>65</ns3:cad>
          </ns3:TrackPointExtension>
        </extensions>
      </trkpt>
      <trkpt lat="30.43882730416953563690185546875" lon="120.2618896029889583587646484375">
        <ele>5</ele>
        <time>2024-12-27T13:01:12.000Z</time>
        <extensions>
          <ns3:TrackPointExtension>
            <ns3:hr>128</ns3:hr>
            <ns3:cad>66</ns3:cad>
          </ns3:TrackPointExtension>
        </extensions>
      </trkpt>
      <trkpt lat="30.4388413019478321075439453125" lon="120.261881388723850250244140625">
        <ele>5</ele>
        <time>2024-12-27T13:01:13.000Z</time>
        <extensions>
          <ns3:TrackPointExtension>
            <ns3:hr>127</ns3:hr>
            <ns3:cad>66</ns3:cad>
          </ns3:TrackPointExtension>
        </extensions>
      </trkpt>
      <trkpt lat="30.43885647319257259368896484375" lon="120.26187577284872531890869140625">
        <ele>5</ele>
        <time>2024-12-27T13:01:14.000Z</time>
        <extensions>
          <ns3:TrackPointExtension>
            <ns3:hr>127</ns3:hr>
            <ns3:cad>66</ns3:cad>
          </ns3:TrackPointExtension>
        </extensions>
      </trkpt>
      <trkpt lat="30.43887055478990077972412109375" lon="120.261865295469760894775390625">
        <ele>5</ele>
        <time>2024-12-27T13:01:15.000Z</time>
        <extensions>
          <ns3:TrackPointExtension>
            <ns3:hr>126</ns3:hr>
            <ns3:cad>65</ns3:cad>
          </ns3:TrackPointExtension>
        </extensions>
      </trkpt>
      <trkpt lat="30.438883043825626373291015625" lon="120.26185330934822559356689453125">
        <ele>4.80000019073486328125</ele>
        <time>2024-12-27T13:01:16.000Z</time>
        <extensions>
          <ns3:TrackPointExtension>
            <ns3:hr>126</ns3:hr>
            <ns3:cad>65</ns3:cad>
          </ns3:TrackPointExtension>
        </extensions>
      </trkpt>
      <trkpt lat="30.43889687396585941314697265625" lon="120.26184475980699062347412109375">
        <ele>4.80000019073486328125</ele>
        <time>2024-12-27T13:01:17.000Z</time>
        <extensions>
          <ns3:TrackPointExtension>
            <ns3:hr>126</ns3:hr>
            <ns3:cad>65</ns3:cad>
          </ns3:TrackPointExtension>
        </extensions>
      </trkpt>
      <trkpt lat="30.43891078792512416839599609375" lon="120.26183822192251682281494140625">
        <ele>4.80000019073486328125</ele>
        <time>2024-12-27T13:01:18.000Z</time>
        <extensions>
          <ns3:TrackPointExtension>
            <ns3:hr>125</ns3:hr>
            <ns3:cad>65</ns3:cad>
          </ns3:TrackPointExtension>
        </extensions>
      </trkpt>
      <trkpt lat="30.43892168439924716949462890625" lon="120.26183436624705791473388671875">
        <ele>4.80000019073486328125</ele>
        <time>2024-12-27T13:01:19.000Z</time>
        <extensions>
          <ns3:TrackPointExtension>
            <ns3:hr>125</ns3:hr>
            <ns3:cad>65</ns3:cad>
          </ns3:TrackPointExtension>
        </extensions>
      </trkpt>
      <trkpt lat="30.43893107213079929351806640625" lon="120.2618279121816158294677734375">
        <ele>4.80000019073486328125</ele>
        <time>2024-12-27T13:01:20.000Z</time>
        <extensions>
          <ns3:TrackPointExtension>
            <ns3:hr>125</ns3:hr>
            <ns3:cad>64</ns3:cad>
          </ns3:TrackPointExtension>
        </extensions>
      </trkpt>
      <trkpt lat="30.4389422200620174407958984375" lon="120.2618218772113323211669921875">
        <ele>4.599999904632568359375</ele>
        <time>2024-12-27T13:01:21.000Z</time>
        <extensions>
          <ns3:TrackPointExtension>
            <ns3:hr>125</ns3:hr>
            <ns3:cad>64</ns3:cad>
          </ns3:TrackPointExtension>
        </extensions>
      </trkpt>
      <trkpt lat="30.43895202688872814178466796875" lon="120.26181466877460479736328125">
        <ele>4.599999904632568359375</ele>
        <time>2024-12-27T13:01:22.000Z</time>
        <extensions>
          <ns3:TrackPointExtension>
            <ns3:hr>125</ns3:hr>
            <ns3:cad>64</ns3:cad>
          </ns3:TrackPointExtension>
        </extensions>
      </trkpt>
      <trkpt lat="30.43896208517253398895263671875" lon="120.2618126571178436279296875">
        <ele>4.599999904632568359375</ele>
        <time>2024-12-27T13:01:23.000Z</time>
        <extensions>
          <ns3:TrackPointExtension>
            <ns3:hr>125</ns3:hr>
            <ns3:cad>64</ns3:cad>
          </ns3:TrackPointExtension>
        </extensions>
      </trkpt>
      <trkpt lat="30.43897457420825958251953125" lon="120.26181475259363651275634765625">
        <ele>4.599999904632568359375</ele>
        <time>2024-12-27T13:01:24.000Z</time>
        <extensions>
          <ns3:TrackPointExtension>
            <ns3:hr>125</ns3:hr>
            <ns3:cad>64</ns3:cad>
          </ns3:TrackPointExtension>
        </extensions>
      </trkpt>
      <trkpt lat="30.43898471631109714508056640625" lon="120.26181207038462162017822265625">
        <ele>4.599999904632568359375</ele>
        <time>2024-12-27T13:01:25.000Z</time>
        <extensions>
          <ns3:TrackPointExtension>
            <ns3:hr>124</ns3:hr>
            <ns3:cad>64</ns3:cad>
          </ns3:TrackPointExtension>
        </extensions>
      </trkpt>
      <trkpt lat="30.438995026051998138427734375" lon="120.2618128247559070587158203125">
        <ele>4.400000095367431640625</ele>
        <time>2024-12-27T13:01:26.000Z</time>
        <extensions>
          <ns3:TrackPointExtension>
            <ns3:hr>124</ns3:hr>
            <ns3:cad>63</ns3:cad>
          </ns3:TrackPointExtension>
        </extensions>
      </trkpt>
      <trkpt lat="30.43900667689740657806396484375" lon="120.2618153393268585205078125">
        <ele>4.400000095367431640625</ele>
        <time>2024-12-27T13:01:27.000Z</time>
        <extensions>
          <ns3:TrackPointExtension>
            <ns3:hr>124</ns3:hr>
            <ns3:cad>62</ns3:cad>
          </ns3:TrackPointExtension>
        </extensions>
      </trkpt>
      <trkpt lat="30.43901723809540271759033203125" lon="120.2618161775171756744384765625">
        <ele>4.400000095367431640625</ele>
        <time>2024-12-27T13:01:28.000Z</time>
        <extensions>
          <ns3:TrackPointExtension>
            <ns3:hr>124</ns3:hr>
            <ns3:cad>61</ns3:cad>
          </ns3:TrackPointExtension>
        </extensions>
      </trkpt>
      <trkpt lat="30.43902612291276454925537109375" lon="120.2618178538978099822998046875">
        <ele>4.400000095367431640625</ele>
        <time>2024-12-27T13:01:29.000Z</time>
        <extensions>
          <ns3:TrackPointExtension>
            <ns3:hr>124</ns3:hr>
            <ns3:cad>61</ns3:cad>
          </ns3:TrackPointExtension>
        </extensions>
      </trkpt>
      <trkpt lat="30.43903634883463382720947265625" lon="120.2618155069649219512939453125">
        <ele>4.400000095367431640625</ele>
        <time>2024-12-27T13:01:30.000Z</time>
        <extensions>
          <ns3:TrackPointExtension>
            <ns3:hr>124</ns3:hr>
            <ns3:cad>60</ns3:cad>
          </ns3:TrackPointExtension>
        </extensions>
      </trkpt>
      <trkpt lat="30.4390474967658519744873046875" lon="120.26181056164205074310302734375">
        <ele>4.19999980926513671875</ele>
        <time>2024-12-27T13:01:31.000Z</time>
        <extensions>
          <ns3:TrackPointExtension>
            <ns3:hr>124</ns3:hr>
            <ns3:cad>60</ns3:cad>
          </ns3:TrackPointExtension>
        </extensions>
      </trkpt>
      <trkpt lat="30.43905965052545070648193359375" lon="120.2618051134049892425537109375">
        <ele>4.19999980926513671875</ele>
        <time>2024-12-27T13:01:32.000Z</time>
        <extensions>
          <ns3:TrackPointExtension>
            <ns3:hr>124</ns3:hr>
            <ns3:cad>60</ns3:cad>
          </ns3:TrackPointExtension>
        </extensions>
      </trkpt>
      <trkpt lat="30.439072810113430023193359375" lon="120.2617938816547393798828125">
        <ele>4.19999980926513671875</ele>
        <time>2024-12-27T13:01:33.000Z</time>
        <extensions>
          <ns3:TrackPointExtension>
            <ns3:hr>124</ns3:hr>
            <ns3:cad>59</ns3:cad>
          </ns3:TrackPointExtension>
        </extensions>
      </trkpt>
      <trkpt lat="30.43908722698688507080078125" lon="120.2617786265909671783447265625">
        <ele>4.19999980926513671875</ele>
        <time>2024-12-27T13:01:34.000Z</time>
        <extensions>
          <ns3:TrackPointExtension>
            <ns3:hr>124</ns3:hr>
            <ns3:cad>59</ns3:cad>
          </ns3:TrackPointExtension>
        </extensions>
      </trkpt>
      <trkpt lat="30.43910491280257701873779296875" lon="120.26176236569881439208984375">
        <ele>4</ele>
        <time>2024-12-27T13:01:35.000Z</time>
        <extensions>
          <ns3:TrackPointExtension>
            <ns3:hr>125</ns3:hr>
            <ns3:cad>59</ns3:cad>
          </ns3:TrackPointExtension>
        </extensions>
      </trkpt>
      <trkpt lat="30.43912452645599842071533203125" lon="120.2617444284260272979736328125">
        <ele>4</ele>
        <time>2024-12-27T13:01:36.000Z</time>
        <extensions>
          <ns3:TrackPointExtension>
            <ns3:hr>125</ns3:hr>
            <ns3:cad>59</ns3:cad>
          </ns3:TrackPointExtension>
        </extensions>
      </trkpt>
      <trkpt lat="30.43914330191910266876220703125" lon="120.26172724552452564239501953125">
        <ele>4</ele>
        <time>2024-12-27T13:01:37.000Z</time>
        <extensions>
          <ns3:TrackPointExtension>
            <ns3:hr>125</ns3:hr>
            <ns3:cad>83</ns3:cad>
          </ns3:TrackPointExtension>
        </extensions>
      </trkpt>
      <trkpt lat="30.439164675772190093994140625" lon="120.261709727346897125244140625">
        <ele>4</ele>
        <time>2024-12-27T13:01:38.000Z</time>
        <extensions>
          <ns3:TrackPointExtension>
            <ns3:hr>125</ns3:hr>
            <ns3:cad>87</ns3:cad>
          </ns3:TrackPointExtension>
        </extensions>
      </trkpt>
      <trkpt lat="30.4391839541494846343994140625" lon="120.26169757358729839324951171875">
        <ele>4</ele>
        <time>2024-12-27T13:01:39.000Z</time>
        <extensions>
          <ns3:TrackPointExtension>
            <ns3:hr>125</ns3:hr>
            <ns3:cad>88</ns3:cad>
          </ns3:TrackPointExtension>
        </extensions>
      </trkpt>
      <trkpt lat="30.439204908907413482666015625" lon="120.26168324053287506103515625">
        <ele>4</ele>
        <time>2024-12-27T13:01:40.000Z</time>
        <extensions>
          <ns3:TrackPointExtension>
            <ns3:hr>125</ns3:hr>
            <ns3:cad>88</ns3:cad>
          </ns3:TrackPointExtension>
        </extensions>
      </trkpt>
      <trkpt lat="30.439225696027278900146484375" lon="120.2616663090884685516357421875">
        <ele>4</ele>
        <time>2024-12-27T13:01:41.000Z</time>
        <extensions>
          <ns3:TrackPointExtension>
            <ns3:hr>125</ns3:hr>
            <ns3:cad>88</ns3:cad>
          </ns3:TrackPointExtension>
        </extensions>
      </trkpt>
      <trkpt lat="30.439246483147144317626953125" lon="120.26164996437728404998779296875">
        <ele>4</ele>
        <time>2024-12-27T13:01:42.000Z</time>
        <extensions>
          <ns3:TrackPointExtension>
            <ns3:hr>125</ns3:hr>
            <ns3:cad>88</ns3:cad>
          </ns3:TrackPointExtension>
        </extensions>
      </trkpt>
      <trkpt lat="30.43926534242928028106689453125" lon="120.26163755916059017181396484375">
        <ele>4</ele>
        <time>2024-12-27T13:01:43.000Z</time>
        <extensions>
          <ns3:TrackPointExtension>
            <ns3:hr>125</ns3:hr>
            <ns3:cad>88</ns3:cad>
          </ns3:TrackPointExtension>
        </extensions>
      </trkpt>
      <trkpt lat="30.43928562663495540618896484375" lon="120.26162448339164257049560546875">
        <ele>4</ele>
        <time>2024-12-27T13:01:44.000Z</time>
        <extensions>
          <ns3:TrackPointExtension>
            <ns3:hr>126</ns3:hr>
            <ns3:cad>88</ns3:cad>
          </ns3:TrackPointExtension>
        </extensions>
      </trkpt>
      <trkpt lat="30.43930758722126483917236328125" lon="120.2616133354604244232177734375">
        <ele>4</ele>
        <time>2024-12-27T13:01:45.000Z</time>
        <extensions>
          <ns3:TrackPointExtension>
            <ns3:hr>126</ns3:hr>
            <ns3:cad>88</ns3:cad>
          </ns3:TrackPointExtension>
        </extensions>
      </trkpt>
      <trkpt lat="30.4393294639885425567626953125" lon="120.26160000823438167572021484375">
        <ele>4</ele>
        <time>2024-12-27T13:01:46.000Z</time>
        <extensions>
          <ns3:TrackPointExtension>
            <ns3:hr>126</ns3:hr>
            <ns3:cad>87</ns3:cad>
          </ns3:TrackPointExtension>
        </extensions>
      </trkpt>
      <trkpt lat="30.43935284949839115142822265625" lon="120.26158877648413181304931640625">
        <ele>4</ele>
        <time>2024-12-27T13:01:47.000Z</time>
        <extensions>
          <ns3:TrackPointExtension>
            <ns3:hr>126</ns3:hr>
            <ns3:cad>87</ns3:cad>
          </ns3:TrackPointExtension>
        </extensions>
      </trkpt>
      <trkpt lat="30.4393747262656688690185546875" lon="120.26157486252486705780029296875">
        <ele>4</ele>
        <time>2024-12-27T13:01:48.000Z</time>
        <extensions>
          <ns3:TrackPointExtension>
            <ns3:hr>127</ns3:hr>
            <ns3:cad>87</ns3:cad>
          </ns3:TrackPointExtension>
        </extensions>
      </trkpt>
      <trkpt lat="30.43939576484262943267822265625" lon="120.2615600265562534332275390625">
        <ele>4</ele>
        <time>2024-12-27T13:01:49.000Z</time>
        <extensions>
          <ns3:TrackPointExtension>
            <ns3:hr>129</ns3:hr>
            <ns3:cad>88</ns3:cad>
          </ns3:TrackPointExtension>
        </extensions>
      </trkpt>
      <trkpt lat="30.4394206590950489044189453125" lon="120.2615449391305446624755859375">
        <ele>4</ele>
        <time>2024-12-27T13:01:50.000Z</time>
        <extensions>
          <ns3:TrackPointExtension>
            <ns3:hr>129</ns3:hr>
            <ns3:cad>88</ns3:cad>
          </ns3:TrackPointExtension>
        </extensions>
      </trkpt>
      <trkpt lat="30.43944287113845348358154296875" lon="120.26152859441936016082763671875">
        <ele>4</ele>
        <time>2024-12-27T13:01:51.000Z</time>
        <extensions>
          <ns3:TrackPointExtension>
            <ns3:hr>130</ns3:hr>
            <ns3:cad>88</ns3:cad>
          </ns3:TrackPointExtension>
        </extensions>
      </trkpt>
      <trkpt lat="30.43946667574346065521240234375" lon="120.26151300407946109771728515625">
        <ele>4</ele>
        <time>2024-12-27T13:01:52.000Z</time>
        <extensions>
          <ns3:TrackPointExtension>
            <ns3:hr>131</ns3:hr>
            <ns3:cad>89</ns3:cad>
          </ns3:TrackPointExtension>
        </extensions>
      </trkpt>
      <trkpt lat="30.43948863632977008819580078125" lon="120.2614980004727840423583984375">
        <ele>4</ele>
        <time>2024-12-27T13:01:53.000Z</time>
        <extensions>
          <ns3:TrackPointExtension>
            <ns3:hr>132</ns3:hr>
            <ns3:cad>89</ns3:cad>
          </ns3:TrackPointExtension>
        </extensions>
      </trkpt>
      <trkpt lat="30.43950992636382579803466796875" lon="120.261484421789646148681640625">
        <ele>4</ele>
        <time>2024-12-27T13:01:54.000Z</time>
        <extensions>
          <ns3:TrackPointExtension>
            <ns3:hr>132</ns3:hr>
            <ns3:cad>89</ns3:cad>
          </ns3:TrackPointExtension>
        </extensions>
      </trkpt>
      <trkpt lat="30.439534150063991546630859375" lon="120.26147075928747653961181640625">
        <ele>4</ele>
        <time>2024-12-27T13:01:55.000Z</time>
        <extensions>
          <ns3:TrackPointExtension>
            <ns3:hr>133</ns3:hr>
            <ns3:cad>90</ns3:cad>
          </ns3:TrackPointExtension>
        </extensions>
      </trkpt>
      <trkpt lat="30.43955602683126926422119140625" lon="120.26145919226109981536865234375">
        <ele>4</ele>
        <time>2024-12-27T13:01:56.000Z</time>
        <extensions>
          <ns3:TrackPointExtension>
            <ns3:hr>134</ns3:hr>
            <ns3:cad>90</ns3:cad>
          </ns3:TrackPointExtension>
        </extensions>
      </trkpt>
      <trkpt lat="30.43957807123661041259765625" lon="120.26144527830183506011962890625">
        <ele>4</ele>
        <time>2024-12-27T13:01:57.000Z</time>
        <extensions>
          <ns3:TrackPointExtension>
            <ns3:hr>135</ns3:hr>
            <ns3:cad>90</ns3:cad>
          </ns3:TrackPointExtension>
        </extensions>
      </trkpt>
      <trkpt lat="30.43960087001323699951171875" lon="120.261433124542236328125">
        <ele>4</ele>
        <time>2024-12-27T13:01:58.000Z</time>
        <extensions>
          <ns3:TrackPointExtension>
            <ns3:hr>136</ns3:hr>
            <ns3:cad>90</ns3:cad>
          </ns3:TrackPointExtension>
        </extensions>
      </trkpt>
      <trkpt lat="30.43962232768535614013671875" lon="120.26142063550651073455810546875">
        <ele>4</ele>
        <time>2024-12-27T13:01:59.000Z</time>
        <extensions>
          <ns3:TrackPointExtension>
            <ns3:hr>137</ns3:hr>
            <ns3:cad>91</ns3:cad>
          </ns3:TrackPointExtension>
        </extensions>
      </trkpt>
      <trkpt lat="30.4396469704806804656982421875" lon="120.26141040958464145660400390625">
        <ele>4</ele>
        <time>2024-12-27T13:02:00.000Z</time>
        <extensions>
          <ns3:TrackPointExtension>
            <ns3:hr>138</ns3:hr>
            <ns3:cad>91</ns3:cad>
          </ns3:TrackPointExtension>
        </extensions>
      </trkpt>
      <trkpt lat="30.43967052362859249114990234375" lon="120.26139833964407444000244140625">
        <ele>4</ele>
        <time>2024-12-27T13:02:01.000Z</time>
        <extensions>
          <ns3:TrackPointExtension>
            <ns3:hr>139</ns3:hr>
            <ns3:cad>91</ns3:cad>
          </ns3:TrackPointExtension>
        </extensions>
      </trkpt>
      <trkpt lat="30.439692400395870208740234375" lon="120.26138459332287311553955078125">
        <ele>4</ele>
        <time>2024-12-27T13:02:02.000Z</time>
        <extensions>
          <ns3:TrackPointExtension>
            <ns3:hr>140</ns3:hr>
            <ns3:cad>91</ns3:cad>
          </ns3:TrackPointExtension>
        </extensions>
      </trkpt>
      <trkpt lat="30.439713187515735626220703125" lon="120.2613716013729572296142578125">
        <ele>4</ele>
        <time>2024-12-27T13:02:03.000Z</time>
        <extensions>
          <ns3:TrackPointExtension>
            <ns3:hr>140</ns3:hr>
            <ns3:cad>91</ns3:cad>
          </ns3:TrackPointExtension>
        </extensions>
      </trkpt>
      <trkpt lat="30.4397364892065525054931640625" lon="120.261359699070453643798828125">
        <ele>4</ele>
        <time>2024-12-27T13:02:04.000Z</time>
        <extensions>
          <ns3:TrackPointExtension>
            <ns3:hr>141</ns3:hr>
            <ns3:cad>91</ns3:cad>
          </ns3:TrackPointExtension>
        </extensions>
      </trkpt>
      <trkpt lat="30.4397592879831790924072265625" lon="120.2613486349582672119140625">
        <ele>4.19999980926513671875</ele>
        <time>2024-12-27T13:02:05.000Z</time>
        <extensions>
          <ns3:TrackPointExtension>
            <ns3:hr>142</ns3:hr>
            <ns3:cad>91</ns3:cad>
          </ns3:TrackPointExtension>
        </extensions>
      </trkpt>
      <trkpt lat="30.4397810809314250946044921875" lon="120.2613337151706218719482421875">
        <ele>4.19999980926513671875</ele>
        <time>2024-12-27T13:02:06.000Z</time>
        <extensions>
          <ns3:TrackPointExtension>
            <ns3:hr>142</ns3:hr>
            <ns3:cad>91</ns3:cad>
          </ns3:TrackPointExtension>
        </extensions>
      </trkpt>
      <trkpt lat="30.43980446644127368927001953125" lon="120.261319465935230255126953125">
        <ele>4.400000095367431640625</ele>
        <time>2024-12-27T13:02:07.000Z</time>
        <extensions>
          <ns3:TrackPointExtension>
            <ns3:hr>142</ns3:hr>
            <ns3:cad>90</ns3:cad>
          </ns3:TrackPointExtension>
        </extensions>
      </trkpt>
      <trkpt lat="30.43982659466564655303955078125" lon="120.261307395994663238525390625">
        <ele>4.599999904632568359375</ele>
        <time>2024-12-27T13:02:08.000Z</time>
        <extensions>
          <ns3:TrackPointExtension>
            <ns3:hr>142</ns3:hr>
            <ns3:cad>90</ns3:cad>
          </ns3:TrackPointExtension>
        </extensions>
      </trkpt>
      <trkpt lat="30.43984830379486083984375" lon="120.2612938173115253448486328125">
        <ele>4.599999904632568359375</ele>
        <time>2024-12-27T13:02:09.000Z</time>
        <extensions>
          <ns3:TrackPointExtension>
            <ns3:hr>142</ns3:hr>
            <ns3:cad>91</ns3:cad>
          </ns3:TrackPointExtension>
        </extensions>
      </trkpt>
      <trkpt lat="30.4398711025714874267578125" lon="120.26127755641937255859375">
        <ele>4.80000019073486328125</ele>
        <time>2024-12-27T13:02:10.000Z</time>
        <extensions>
          <ns3:TrackPointExtension>
            <ns3:hr>142</ns3:hr>
            <ns3:cad>92</ns3:cad>
          </ns3:TrackPointExtension>
        </extensions>
      </trkpt>
      <trkpt lat="30.439894236624240875244140625" lon="120.261264145374298095703125">
        <ele>5</ele>
        <time>2024-12-27T13:02:11.000Z</time>
        <extensions>
          <ns3:TrackPointExtension>
            <ns3:hr>142</ns3:hr>
            <ns3:cad>92</ns3:cad>
          </ns3:TrackPointExtension>
        </extensions>
      </trkpt>
      <trkpt lat="30.4399167001247406005859375" lon="120.26124897412955760955810546875">
        <ele>5</ele>
        <time>2024-12-27T13:02:12.000Z</time>
        <extensions>
          <ns3:TrackPointExtension>
            <ns3:hr>142</ns3:hr>
            <ns3:cad>92</ns3:cad>
          </ns3:TrackPointExtension>
        </extensions>
      </trkpt>
      <trkpt lat="30.4399386607110500335693359375" lon="120.261234305799007415771484375">
        <ele>5</ele>
        <time>2024-12-27T13:02:13.000Z</time>
        <extensions>
          <ns3:TrackPointExtension>
            <ns3:hr>142</ns3:hr>
            <ns3:cad>92</ns3:cad>
          </ns3:TrackPointExtension>
        </extensions>
      </trkpt>
      <trkpt lat="30.4399591125547885894775390625" lon="120.26121930219233036041259765625">
        <ele>5</ele>
        <time>2024-12-27T13:02:14.000Z</time>
        <extensions>
          <ns3:TrackPointExtension>
            <ns3:hr>142</ns3:hr>
            <ns3:cad>92</ns3:cad>
          </ns3:TrackPointExtension>
        </extensions>
      </trkpt>
      <trkpt lat="30.439982078969478607177734375" lon="120.26120354421436786651611328125">
        <ele>5</ele>
        <time>2024-12-27T13:02:15.000Z</time>
        <extensions>
          <ns3:TrackPointExtension>
            <ns3:hr>143</ns3:hr>
            <ns3:cad>91</ns3:cad>
          </ns3:TrackPointExtension>
        </extensions>
      </trkpt>
      <trkpt lat="30.44000529684126377105712890625" lon="120.261189043521881103515625">
        <ele>5</ele>
        <time>2024-12-27T13:02:16.000Z</time>
        <extensions>
          <ns3:TrackPointExtension>
            <ns3:hr>143</ns3:hr>
            <ns3:cad>90</ns3:cad>
          </ns3:TrackPointExtension>
        </extensions>
      </trkpt>
      <trkpt lat="30.440027676522731781005859375" lon="120.2611771412193775177001953125">
        <ele>5</ele>
        <time>2024-12-27T13:02:17.000Z</time>
        <extensions>
          <ns3:TrackPointExtension>
            <ns3:hr>143</ns3:hr>
            <ns3:cad>90</ns3:cad>
          </ns3:TrackPointExtension>
        </extensions>
      </trkpt>
      <trkpt lat="30.440047793090343475341796875" lon="120.261164568364620208740234375">
        <ele>5</ele>
        <time>2024-12-27T13:02:18.000Z</time>
        <extensions>
          <ns3:TrackPointExtension>
            <ns3:hr>142</ns3:hr>
            <ns3:cad>90</ns3:cad>
          </ns3:TrackPointExtension>
        </extensions>
      </trkpt>
      <trkpt lat="30.44006866402924060821533203125" lon="120.26115543209016323089599609375">
        <ele>5</ele>
        <time>2024-12-27T13:02:19.000Z</time>
        <extensions>
          <ns3:TrackPointExtension>
            <ns3:hr>142</ns3:hr>
            <ns3:cad>90</ns3:cad>
          </ns3:TrackPointExtension>
        </extensions>
      </trkpt>
      <trkpt lat="30.44009062461555004119873046875" lon="120.26114235632121562957763671875">
        <ele>5</ele>
        <time>2024-12-27T13:02:20.000Z</time>
        <extensions>
          <ns3:TrackPointExtension>
            <ns3:hr>141</ns3:hr>
            <ns3:cad>90</ns3:cad>
          </ns3:TrackPointExtension>
        </extensions>
      </trkpt>
      <trkpt lat="30.440112836658954620361328125" lon="120.26112743653357028961181640625">
        <ele>4.80000019073486328125</ele>
        <time>2024-12-27T13:02:21.000Z</time>
        <extensions>
          <ns3:TrackPointExtension>
            <ns3:hr>141</ns3:hr>
            <ns3:cad>90</ns3:cad>
          </ns3:TrackPointExtension>
        </extensions>
      </trkpt>
      <trkpt lat="30.44013387523591518402099609375" lon="120.26111452840268611907958984375">
        <ele>4.599999904632568359375</ele>
        <time>2024-12-27T13:02:22.000Z</time>
        <extensions>
          <ns3:TrackPointExtension>
            <ns3:hr>141</ns3:hr>
            <ns3:cad>91</ns3:cad>
          </ns3:TrackPointExtension>
        </extensions>
      </trkpt>
      <trkpt lat="30.44015767984092235565185546875" lon="120.26110111735761165618896484375">
        <ele>4.599999904632568359375</ele>
        <time>2024-12-27T13:02:23.000Z</time>
        <extensions>
          <ns3:TrackPointExtension>
            <ns3:hr>141</ns3:hr>
            <ns3:cad>92</ns3:cad>
          </ns3:TrackPointExtension>
        </extensions>
      </trkpt>
      <trkpt lat="30.44018081389367580413818359375" lon="120.26109122671186923980712890625">
        <ele>4.400000095367431640625</ele>
        <time>2024-12-27T13:02:24.000Z</time>
        <extensions>
          <ns3:TrackPointExtension>
            <ns3:hr>141</ns3:hr>
            <ns3:cad>92</ns3:cad>
          </ns3:TrackPointExtension>
        </extensions>
      </trkpt>
      <trkpt lat="30.4402052052319049835205078125" lon="120.2610804140567779541015625">
        <ele>4.400000095367431640625</ele>
        <time>2024-12-27T13:02:25.000Z</time>
        <extensions>
          <ns3:TrackPointExtension>
            <ns3:hr>141</ns3:hr>
            <ns3:cad>92</ns3:cad>
          </ns3:TrackPointExtension>
        </extensions>
      </trkpt>
      <trkpt lat="30.44022942893207073211669921875" lon="120.26106809265911579132080078125">
        <ele>4.19999980926513671875</ele>
        <time>2024-12-27T13:02:26.000Z</time>
        <extensions>
          <ns3:TrackPointExtension>
            <ns3:hr>141</ns3:hr>
            <ns3:cad>92</ns3:cad>
          </ns3:TrackPointExtension>
        </extensions>
      </trkpt>
      <trkpt lat="30.4402548260986804962158203125" lon="120.261055938899517059326171875">
        <ele>4.19999980926513671875</ele>
        <time>2024-12-27T13:02:27.000Z</time>
        <extensions>
          <ns3:TrackPointExtension>
            <ns3:hr>141</ns3:hr>
            <ns3:cad>92</ns3:cad>
          </ns3:TrackPointExtension>
        </extensions>
      </trkpt>
      <trkpt lat="30.4402793012559413909912109375" lon="120.26104512624442577362060546875">
        <ele>4</ele>
        <time>2024-12-27T13:02:28.000Z</time>
        <extensions>
          <ns3:TrackPointExtension>
            <ns3:hr>141</ns3:hr>
            <ns3:cad>91</ns3:cad>
          </ns3:TrackPointExtension>
        </extensions>
      </trkpt>
      <trkpt lat="30.4403051175177097320556640625" lon="120.26103456504642963409423828125">
        <ele>4</ele>
        <time>2024-12-27T13:02:29.000Z</time>
        <extensions>
          <ns3:TrackPointExtension>
            <ns3:hr>141</ns3:hr>
            <ns3:cad>90</ns3:cad>
          </ns3:TrackPointExtension>
        </extensions>
      </trkpt>
      <trkpt lat="30.44032850302755832672119140625" lon="120.26102350093424320220947265625">
        <ele>4</ele>
        <time>2024-12-27T13:02:30.000Z</time>
        <extensions>
          <ns3:TrackPointExtension>
            <ns3:hr>140</ns3:hr>
            <ns3:cad>90</ns3:cad>
          </ns3:TrackPointExtension>
        </extensions>
      </trkpt>
      <trkpt lat="30.44035314582288265228271484375" lon="120.2610081620514392852783203125">
        <ele>4</ele>
        <time>2024-12-27T13:02:31.000Z</time>
        <extensions>
          <ns3:TrackPointExtension>
            <ns3:hr>140</ns3:hr>
            <ns3:cad>90</ns3:cad>
          </ns3:TrackPointExtension>
        </extensions>
      </trkpt>
      <trkpt lat="30.4403772018849849700927734375" lon="120.26099366135895252227783203125">
        <ele>4</ele>
        <time>2024-12-27T13:02:32.000Z</time>
        <extensions>
          <ns3:TrackPointExtension>
            <ns3:hr>140</ns3:hr>
            <ns3:cad>90</ns3:cad>
          </ns3:TrackPointExtension>
        </extensions>
      </trkpt>
      <trkpt lat="30.4404021799564361572265625" lon="120.26097874157130718231201171875">
        <ele>4</ele>
        <time>2024-12-27T13:02:33.000Z</time>
        <extensions>
          <ns3:TrackPointExtension>
            <ns3:hr>140</ns3:hr>
            <ns3:cad>91</ns3:cad>
          </ns3:TrackPointExtension>
        </extensions>
      </trkpt>
      <trkpt lat="30.4404271580278873443603515625" lon="120.26096482761204242706298828125">
        <ele>4</ele>
        <time>2024-12-27T13:02:34.000Z</time>
        <extensions>
          <ns3:TrackPointExtension>
            <ns3:hr>140</ns3:hr>
            <ns3:cad>91</ns3:cad>
          </ns3:TrackPointExtension>
        </extensions>
      </trkpt>
      <trkpt lat="30.440451465547084808349609375" lon="120.26094890199601650238037109375">
        <ele>4</ele>
        <time>2024-12-27T13:02:35.000Z</time>
        <extensions>
          <ns3:TrackPointExtension>
            <ns3:hr>140</ns3:hr>
            <ns3:cad>91</ns3:cad>
          </ns3:TrackPointExtension>
        </extensions>
      </trkpt>
      <trkpt lat="30.44047686271369457244873046875" lon="120.26093431748449802398681640625">
        <ele>3.7999999523162841796875</ele>
        <time>2024-12-27T13:02:36.000Z</time>
        <extensions>
          <ns3:TrackPointExtension>
            <ns3:hr>141</ns3:hr>
            <ns3:cad>90</ns3:cad>
          </ns3:TrackPointExtension>
        </extensions>
      </trkpt>
      <trkpt lat="30.44050150550901889801025390625" lon="120.26091939769685268402099609375">
        <ele>3.599999904632568359375</ele>
        <time>2024-12-27T13:02:37.000Z</time>
        <extensions>
          <ns3:TrackPointExtension>
            <ns3:hr>141</ns3:hr>
            <ns3:cad>90</ns3:cad>
          </ns3:TrackPointExtension>
        </extensions>
      </trkpt>
      <trkpt lat="30.4405228793621063232421875" lon="120.26090850122272968292236328125">
        <ele>3.599999904632568359375</ele>
        <time>2024-12-27T13:02:38.000Z</time>
        <extensions>
          <ns3:TrackPointExtension>
            <ns3:hr>142</ns3:hr>
            <ns3:cad>90</ns3:cad>
          </ns3:TrackPointExtension>
        </extensions>
      </trkpt>
      <trkpt lat="30.4405411519110202789306640625" lon="120.26089794002473354339599609375">
        <ele>3.599999904632568359375</ele>
        <time>2024-12-27T13:02:39.000Z</time>
        <extensions>
          <ns3:TrackPointExtension>
            <ns3:hr>143</ns3:hr>
            <ns3:cad>90</ns3:cad>
          </ns3:TrackPointExtension>
        </extensions>
      </trkpt>
      <trkpt lat="30.4405582509934902191162109375" lon="120.2608899772167205810546875">
        <ele>3.599999904632568359375</ele>
        <time>2024-12-27T13:02:40.000Z</time>
        <extensions>
          <ns3:TrackPointExtension>
            <ns3:hr>144</ns3:hr>
            <ns3:cad>90</ns3:cad>
          </ns3:TrackPointExtension>
        </extensions>
      </trkpt>
      <trkpt lat="30.44057392515242099761962890625" lon="120.26088033802807331085205078125">
        <ele>3.400000095367431640625</ele>
        <time>2024-12-27T13:02:41.000Z</time>
        <extensions>
          <ns3:TrackPointExtension>
            <ns3:hr>145</ns3:hr>
            <ns3:cad>89</ns3:cad>
          </ns3:TrackPointExtension>
        </extensions>
      </trkpt>
      <trkpt lat="30.44058951549232006072998046875" lon="120.26086927391588687896728515625">
        <ele>3.400000095367431640625</ele>
        <time>2024-12-27T13:02:42.000Z</time>
        <extensions>
          <ns3:TrackPointExtension>
            <ns3:hr>145</ns3:hr>
            <ns3:cad>89</ns3:cad>
          </ns3:TrackPointExtension>
        </extensions>
      </trkpt>
      <trkpt lat="30.44060426764190196990966796875" lon="120.26085988618433475494384765625">
        <ele>3.400000095367431640625</ele>
        <time>2024-12-27T13:02:43.000Z</time>
        <extensions>
          <ns3:TrackPointExtension>
            <ns3:hr>145</ns3:hr>
            <ns3:cad>0</ns3:cad>
          </ns3:TrackPointExtension>
        </extensions>
      </trkpt>
      <trkpt lat="30.4406169243156909942626953125" lon="120.26084865443408489227294921875">
        <ele>3.400000095367431640625</ele>
        <time>2024-12-27T13:02:44.000Z</time>
        <extensions>
          <ns3:TrackPointExtension>
            <ns3:hr>145</ns3:hr>
            <ns3:cad>0</ns3:cad>
          </ns3:TrackPointExtension>
        </extensions>
      </trkpt>
      <trkpt lat="30.4406293295323848724365234375" lon="120.2608391828835010528564453125">
        <ele>3.400000095367431640625</ele>
        <time>2024-12-27T13:02:45.000Z</time>
        <extensions>
          <ns3:TrackPointExtension>
            <ns3:hr>145</ns3:hr>
            <ns3:cad>66</ns3:cad>
          </ns3:TrackPointExtension>
        </extensions>
      </trkpt>
      <trkpt lat="30.44063980691134929656982421875" lon="120.2608294598758220672607421875">
        <ele>3.2000000476837158203125</ele>
        <time>2024-12-27T13:02:46.000Z</time>
        <extensions>
          <ns3:TrackPointExtension>
            <ns3:hr>145</ns3:hr>
            <ns3:cad>66</ns3:cad>
          </ns3:TrackPointExtension>
        </extensions>
      </trkpt>
      <trkpt lat="30.44064919464290142059326171875" lon="120.26082250289618968963623046875">
        <ele>3.2000000476837158203125</ele>
        <time>2024-12-27T13:02:47.000Z</time>
        <extensions>
          <ns3:TrackPointExtension>
            <ns3:hr>145</ns3:hr>
            <ns3:cad>64</ns3:cad>
          </ns3:TrackPointExtension>
        </extensions>
      </trkpt>
      <trkpt lat="30.440656654536724090576171875" lon="120.26081277988851070404052734375">
        <ele>3.2000000476837158203125</ele>
        <time>2024-12-27T13:02:48.000Z</time>
        <extensions>
          <ns3:TrackPointExtension>
            <ns3:hr>145</ns3:hr>
            <ns3:cad>64</ns3:cad>
          </ns3:TrackPointExtension>
        </extensions>
      </trkpt>
      <trkpt lat="30.4406655393540859222412109375" lon="120.26080205105245113372802734375">
        <ele>3.2000000476837158203125</ele>
        <time>2024-12-27T13:02:49.000Z</time>
        <extensions>
          <ns3:TrackPointExtension>
            <ns3:hr>144</ns3:hr>
            <ns3:cad>64</ns3:cad>
          </ns3:TrackPointExtension>
        </extensions>
      </trkpt>
      <trkpt lat="30.44067836366593837738037109375" lon="120.26079383678734302520751953125">
        <ele>3.2000000476837158203125</ele>
        <time>2024-12-27T13:02:50.000Z</time>
        <extensions>
          <ns3:TrackPointExtension>
            <ns3:hr>143</ns3:hr>
            <ns3:cad>65</ns3:cad>
          </ns3:TrackPointExtension>
        </extensions>
      </trkpt>
      <trkpt lat="30.4406930319964885711669921875" lon="120.26078813709318637847900390625">
        <ele>3.2000000476837158203125</ele>
        <time>2024-12-27T13:02:51.000Z</time>
        <extensions>
          <ns3:TrackPointExtension>
            <ns3:hr>142</ns3:hr>
            <ns3:cad>65</ns3:cad>
          </ns3:TrackPointExtension>
        </extensions>
      </trkpt>
      <trkpt lat="30.44071222655475139617919921875" lon="120.26077841408550739288330078125">
        <ele>3.2000000476837158203125</ele>
        <time>2024-12-27T13:02:52.000Z</time>
        <extensions>
          <ns3:TrackPointExtension>
            <ns3:hr>142</ns3:hr>
            <ns3:cad>65</ns3:cad>
          </ns3:TrackPointExtension>
        </extensions>
      </trkpt>
      <trkpt lat="30.44073083437979221343994140625" lon="120.26076802052557468414306640625">
        <ele>3</ele>
        <time>2024-12-27T13:02:53.000Z</time>
        <extensions>
          <ns3:TrackPointExtension>
            <ns3:hr>142</ns3:hr>
            <ns3:cad>65</ns3:cad>
          </ns3:TrackPointExtension>
        </extensions>
      </trkpt>
      <trkpt lat="30.44074927456676959991455078125" lon="120.26075628586113452911376953125">
        <ele>3</ele>
        <time>2024-12-27T13:02:54.000Z</time>
        <extensions>
          <ns3:TrackPointExtension>
            <ns3:hr>142</ns3:hr>
            <ns3:cad>88</ns3:cad>
          </ns3:TrackPointExtension>
        </extensions>
      </trkpt>
      <trkpt lat="30.44076955877244472503662109375" lon="120.2607446350157260894775390625">
        <ele>3</ele>
        <time>2024-12-27T13:02:55.000Z</time>
        <extensions>
          <ns3:TrackPointExtension>
            <ns3:hr>142</ns3:hr>
            <ns3:cad>88</ns3:cad>
          </ns3:TrackPointExtension>
        </extensions>
      </trkpt>
      <trkpt lat="30.4407912679016590118408203125" lon="120.26073130778968334197998046875">
        <ele>3</ele>
        <time>2024-12-27T13:02:56.000Z</time>
        <extensions>
          <ns3:TrackPointExtension>
            <ns3:hr>142</ns3:hr>
            <ns3:cad>89</ns3:cad>
          </ns3:TrackPointExtension>
        </extensions>
      </trkpt>
      <trkpt lat="30.440811552107334136962890625" lon="120.26071353815495967864990234375">
        <ele>2.7999999523162841796875</ele>
        <time>2024-12-27T13:02:57.000Z</time>
        <extensions>
          <ns3:TrackPointExtension>
            <ns3:hr>143</ns3:hr>
            <ns3:cad>89</ns3:cad>
          </ns3:TrackPointExtension>
        </extensions>
      </trkpt>
      <trkpt lat="30.440832674503326416015625" lon="120.2606990374624729156494140625">
        <ele>2.599999904632568359375</ele>
        <time>2024-12-27T13:02:58.000Z</time>
        <extensions>
          <ns3:TrackPointExtension>
            <ns3:hr>143</ns3:hr>
            <ns3:cad>89</ns3:cad>
          </ns3:TrackPointExtension>
        </extensions>
      </trkpt>
      <trkpt lat="30.440854132175445556640625" lon="120.2606866322457790374755859375">
        <ele>2.599999904632568359375</ele>
        <time>2024-12-27T13:02:59.000Z</time>
        <extensions>
          <ns3:TrackPointExtension>
            <ns3:hr>143</ns3:hr>
            <ns3:cad>90</ns3:cad>
          </ns3:TrackPointExtension>
        </extensions>
      </trkpt>
      <trkpt lat="30.4408760927617549896240234375" lon="120.2606762386858463287353515625">
        <ele>2.400000095367431640625</ele>
        <time>2024-12-27T13:03:00.000Z</time>
        <extensions>
          <ns3:TrackPointExtension>
            <ns3:hr>142</ns3:hr>
            <ns3:cad>90</ns3:cad>
          </ns3:TrackPointExtension>
        </extensions>
      </trkpt>
      <trkpt lat="30.44089696370065212249755859375" lon="120.2606646716594696044921875">
        <ele>2.400000095367431640625</ele>
        <time>2024-12-27T13:03:01.000Z</time>
        <extensions>
          <ns3:TrackPointExtension>
            <ns3:hr>141</ns3:hr>
            <ns3:cad>91</ns3:cad>
          </ns3:TrackPointExtension>
        </extensions>
      </trkpt>
      <trkpt lat="30.44091942720115184783935546875" lon="120.260651595890522003173828125">
        <ele>2.2000000476837158203125</ele>
        <time>2024-12-27T13:03:02.000Z</time>
        <extensions>
          <ns3:TrackPointExtension>
            <ns3:hr>141</ns3:hr>
            <ns3:cad>92</ns3:cad>
          </ns3:TrackPointExtension>
        </extensions>
      </trkpt>
      <trkpt lat="30.44094172306358814239501953125" lon="120.26063793338835239410400390625">
        <ele>2</ele>
        <time>2024-12-27T13:03:03.000Z</time>
        <extensions>
          <ns3:TrackPointExtension>
            <ns3:hr>141</ns3:hr>
            <ns3:cad>92</ns3:cad>
          </ns3:TrackPointExtension>
        </extensions>
      </trkpt>
      <trkpt lat="30.4409609176218509674072265625" lon="120.2606282941997051239013671875">
        <ele>2</ele>
        <time>2024-12-27T13:03:04.000Z</time>
        <extensions>
          <ns3:TrackPointExtension>
            <ns3:hr>141</ns3:hr>
            <ns3:cad>92</ns3:cad>
          </ns3:TrackPointExtension>
        </extensions>
      </trkpt>
      <trkpt lat="30.44097818434238433837890625" lon="120.26062033139169216156005859375">
        <ele>2</ele>
        <time>2024-12-27T13:03:05.000Z</time>
        <extensions>
          <ns3:TrackPointExtension>
            <ns3:hr>142</ns3:hr>
            <ns3:cad>91</ns3:cad>
          </ns3:TrackPointExtension>
        </extensions>
      </trkpt>
      <trkpt lat="30.440991930663585662841796875" lon="120.26061429642140865325927734375">
        <ele>2</ele>
        <time>2024-12-27T13:03:06.000Z</time>
        <extensions>
          <ns3:TrackPointExtension>
            <ns3:hr>143</ns3:hr>
            <ns3:cad>91</ns3:cad>
          </ns3:TrackPointExtension>
        </extensions>
      </trkpt>
      <trkpt lat="30.44100207276642322540283203125" lon="120.26061010546982288360595703125">
        <ele>2</ele>
        <time>2024-12-27T13:03:07.000Z</time>
        <extensions>
          <ns3:TrackPointExtension>
            <ns3:hr>144</ns3:hr>
            <ns3:cad>90</ns3:cad>
          </ns3:TrackPointExtension>
        </extensions>
      </trkpt>
      <trkpt lat="30.44101062230765819549560546875" lon="120.26060624979436397552490234375">
        <ele>2</ele>
        <time>2024-12-27T13:03:08.000Z</time>
        <extensions>
          <ns3:TrackPointExtension>
            <ns3:hr>145</ns3:hr>
            <ns3:cad>90</ns3:cad>
          </ns3:TrackPointExtension>
        </extensions>
      </trkpt>
      <trkpt lat="30.441021434962749481201171875" lon="120.260598957538604736328125">
        <ele>2</ele>
        <time>2024-12-27T13:03:09.000Z</time>
        <extensions>
          <ns3:TrackPointExtension>
            <ns3:hr>146</ns3:hr>
            <ns3:cad>90</ns3:cad>
          </ns3:TrackPointExtension>
        </extensions>
      </trkpt>
      <trkpt lat="30.44103291817009449005126953125" lon="120.26059149764478206634521484375">
        <ele>2</ele>
        <time>2024-12-27T13:03:10.000Z</time>
        <extensions>
          <ns3:TrackPointExtension>
            <ns3:hr>147</ns3:hr>
            <ns3:cad>90</ns3:cad>
          </ns3:TrackPointExtension>
        </extensions>
      </trkpt>
      <trkpt lat="30.4410477541387081146240234375" lon="120.2605857141315937042236328125">
        <ele>2</ele>
        <time>2024-12-27T13:03:11.000Z</time>
        <extensions>
          <ns3:TrackPointExtension>
            <ns3:hr>147</ns3:hr>
            <ns3:cad>90</ns3:cad>
          </ns3:TrackPointExtension>
        </extensions>
      </trkpt>
      <trkpt lat="30.44106292538344860076904296875" lon="120.2605788409709930419921875">
        <ele>2</ele>
        <time>2024-12-27T13:03:12.000Z</time>
        <extensions>
          <ns3:TrackPointExtension>
            <ns3:hr>148</ns3:hr>
            <ns3:cad>90</ns3:cad>
          </ns3:TrackPointExtension>
        </extensions>
      </trkpt>
      <trkpt lat="30.441074408590793609619140625" lon="120.26057104580104351043701171875">
        <ele>2</ele>
        <time>2024-12-27T13:03:13.000Z</time>
        <extensions>
          <ns3:TrackPointExtension>
            <ns3:hr>148</ns3:hr>
            <ns3:cad>65</ns3:cad>
          </ns3:TrackPointExtension>
        </extensions>
      </trkpt>
      <trkpt lat="30.44109041802585124969482421875" lon="120.2605672739446163177490234375">
        <ele>2.2000000476837158203125</ele>
        <time>2024-12-27T13:03:14.000Z</time>
        <extensions>
          <ns3:TrackPointExtension>
            <ns3:hr>148</ns3:hr>
            <ns3:cad>65</ns3:cad>
          </ns3:TrackPointExtension>
        </extensions>
      </trkpt>
      <trkpt lat="30.44110734947025775909423828125" lon="120.26056073606014251708984375">
        <ele>2.2000000476837158203125</ele>
        <time>2024-12-27T13:03:15.000Z</time>
        <extensions>
          <ns3:TrackPointExtension>
            <ns3:hr>147</ns3:hr>
            <ns3:cad>65</ns3:cad>
          </ns3:TrackPointExtension>
        </extensions>
      </trkpt>
      <trkpt lat="30.4411215148866176605224609375" lon="120.26055076159536838531494140625">
        <ele>2.400000095367431640625</ele>
        <time>2024-12-27T13:03:16.000Z</time>
        <extensions>
          <ns3:TrackPointExtension>
            <ns3:hr>147</ns3:hr>
            <ns3:cad>65</ns3:cad>
          </ns3:TrackPointExtension>
        </extensions>
      </trkpt>
      <trkpt lat="30.44113249517977237701416015625" lon="120.2605404518544673919677734375">
        <ele>2.400000095367431640625</ele>
        <time>2024-12-27T13:03:17.000Z</time>
        <extensions>
          <ns3:TrackPointExtension>
            <ns3:hr>146</ns3:hr>
            <ns3:cad>64</ns3:cad>
          </ns3:TrackPointExtension>
        </extensions>
      </trkpt>
      <trkpt lat="30.441144146025180816650390625" lon="120.26052528060972690582275390625">
        <ele>2.599999904632568359375</ele>
        <time>2024-12-27T13:03:18.000Z</time>
        <extensions>
          <ns3:TrackPointExtension>
            <ns3:hr>145</ns3:hr>
            <ns3:cad>64</ns3:cad>
          </ns3:TrackPointExtension>
        </extensions>
      </trkpt>
      <trkpt lat="30.441154539585113525390625" lon="120.26051287539303302764892578125">
        <ele>2.7999999523162841796875</ele>
        <time>2024-12-27T13:03:19.000Z</time>
        <extensions>
          <ns3:TrackPointExtension>
            <ns3:hr>144</ns3:hr>
            <ns3:cad>64</ns3:cad>
          </ns3:TrackPointExtension>
        </extensions>
      </trkpt>
      <trkpt lat="30.4411666095256805419921875" lon="120.2605042420327663421630859375">
        <ele>2.7999999523162841796875</ele>
        <time>2024-12-27T13:03:20.000Z</time>
        <extensions>
          <ns3:TrackPointExtension>
            <ns3:hr>143</ns3:hr>
            <ns3:cad>64</ns3:cad>
          </ns3:TrackPointExtension>
        </extensions>
      </trkpt>
      <trkpt lat="30.4411815293133258819580078125" lon="120.260492675006389617919921875">
        <ele>3</ele>
        <time>2024-12-27T13:03:21.000Z</time>
        <extensions>
          <ns3:TrackPointExtension>
            <ns3:hr>141</ns3:hr>
            <ns3:cad>64</ns3:cad>
          </ns3:TrackPointExtension>
        </extensions>
      </trkpt>
      <trkpt lat="30.44120139442384243011474609375" lon="120.26047934778034687042236328125">
        <ele>3.400000095367431640625</ele>
        <time>2024-12-27T13:03:22.000Z</time>
        <extensions>
          <ns3:TrackPointExtension>
            <ns3:hr>140</ns3:hr>
            <ns3:cad>64</ns3:cad>
          </ns3:TrackPointExtension>
        </extensions>
      </trkpt>
      <trkpt lat="30.44122352264821529388427734375" lon="120.260469205677509307861328125">
        <ele>3.599999904632568359375</ele>
        <time>2024-12-27T13:03:23.000Z</time>
        <extensions>
          <ns3:TrackPointExtension>
            <ns3:hr>138</ns3:hr>
            <ns3:cad>64</ns3:cad>
          </ns3:TrackPointExtension>
        </extensions>
      </trkpt>
      <trkpt lat="30.4412459023296833038330078125" lon="120.26046040467917919158935546875">
        <ele>4</ele>
        <time>2024-12-27T13:03:24.000Z</time>
        <extensions>
          <ns3:TrackPointExtension>
            <ns3:hr>137</ns3:hr>
            <ns3:cad>88</ns3:cad>
          </ns3:TrackPointExtension>
        </extensions>
      </trkpt>
      <trkpt lat="30.44126912020146846771240234375" lon="120.2604474127292633056640625">
        <ele>4.19999980926513671875</ele>
        <time>2024-12-27T13:03:25.000Z</time>
        <extensions>
          <ns3:TrackPointExtension>
            <ns3:hr>137</ns3:hr>
            <ns3:cad>90</ns3:cad>
          </ns3:TrackPointExtension>
        </extensions>
      </trkpt>
      <trkpt lat="30.4412864707410335540771484375" lon="120.26043291203677654266357421875">
        <ele>4.599999904632568359375</ele>
        <time>2024-12-27T13:03:26.000Z</time>
        <extensions>
          <ns3:TrackPointExtension>
            <ns3:hr>136</ns3:hr>
            <ns3:cad>90</ns3:cad>
          </ns3:TrackPointExtension>
        </extensions>
      </trkpt>
      <trkpt lat="30.44130465947091579437255859375" lon="120.2604210935533046722412109375">
        <ele>4.80000019073486328125</ele>
        <time>2024-12-27T13:03:27.000Z</time>
        <extensions>
          <ns3:TrackPointExtension>
            <ns3:hr>136</ns3:hr>
            <ns3:cad>89</ns3:cad>
          </ns3:TrackPointExtension>
        </extensions>
      </trkpt>
      <trkpt lat="30.44132377021014690399169921875" lon="120.2604096941649913787841796875">
        <ele>5.19999980926513671875</ele>
        <time>2024-12-27T13:03:28.000Z</time>
        <extensions>
          <ns3:TrackPointExtension>
            <ns3:hr>135</ns3:hr>
            <ns3:cad>89</ns3:cad>
          </ns3:TrackPointExtension>
        </extensions>
      </trkpt>
      <trkpt lat="30.4413414560258388519287109375" lon="120.26040039025247097015380859375">
        <ele>5.400000095367431640625</ele>
        <time>2024-12-27T13:03:29.000Z</time>
        <extensions>
          <ns3:TrackPointExtension>
            <ns3:hr>135</ns3:hr>
            <ns3:cad>88</ns3:cad>
          </ns3:TrackPointExtension>
        </extensions>
      </trkpt>
      <trkpt lat="30.44135880656540393829345703125" lon="120.2603932656347751617431640625">
        <ele>5.599999904632568359375</ele>
        <time>2024-12-27T13:03:30.000Z</time>
        <extensions>
          <ns3:TrackPointExtension>
            <ns3:hr>135</ns3:hr>
            <ns3:cad>88</ns3:cad>
          </ns3:TrackPointExtension>
        </extensions>
      </trkpt>
      <trkpt lat="30.44137489981949329376220703125" lon="120.26038505136966705322265625">
        <ele>5.80000019073486328125</ele>
        <time>2024-12-27T13:03:31.000Z</time>
        <extensions>
          <ns3:TrackPointExtension>
            <ns3:hr>136</ns3:hr>
            <ns3:cad>90</ns3:cad>
          </ns3:TrackPointExtension>
        </extensions>
      </trkpt>
      <trkpt lat="30.4413900710642337799072265625" lon="120.26037692092359066009521484375">
        <ele>6</ele>
        <time>2024-12-27T13:03:32.000Z</time>
        <extensions>
          <ns3:TrackPointExtension>
            <ns3:hr>137</ns3:hr>
            <ns3:cad>90</ns3:cad>
          </ns3:TrackPointExtension>
        </extensions>
      </trkpt>
      <trkpt lat="30.44140507467091083526611328125" lon="120.260367281734943389892578125">
        <ele>6.400000095367431640625</ele>
        <time>2024-12-27T13:03:33.000Z</time>
        <extensions>
          <ns3:TrackPointExtension>
            <ns3:hr>138</ns3:hr>
            <ns3:cad>0</ns3:cad>
          </ns3:TrackPointExtension>
        </extensions>
      </trkpt>
      <trkpt lat="30.441416390240192413330078125" lon="120.26035822927951812744140625">
        <ele>6.599999904632568359375</ele>
        <time>2024-12-27T13:03:34.000Z</time>
        <extensions>
          <ns3:TrackPointExtension>
            <ns3:hr>139</ns3:hr>
            <ns3:cad>0</ns3:cad>
          </ns3:TrackPointExtension>
        </extensions>
      </trkpt>
      <trkpt lat="30.44142971746623516082763671875" lon="120.26035462506115436553955078125">
        <ele>6.599999904632568359375</ele>
        <time>2024-12-27T13:03:35.000Z</time>
        <extensions>
          <ns3:TrackPointExtension>
            <ns3:hr>140</ns3:hr>
            <ns3:cad>66</ns3:cad>
          </ns3:TrackPointExtension>
        </extensions>
      </trkpt>
      <trkpt lat="30.441441871225833892822265625" lon="120.26035060174763202667236328125">
        <ele>6.80000019073486328125</ele>
        <time>2024-12-27T13:03:36.000Z</time>
        <extensions>
          <ns3:TrackPointExtension>
            <ns3:hr>141</ns3:hr>
            <ns3:cad>66</ns3:cad>
          </ns3:TrackPointExtension>
        </extensions>
      </trkpt>
      <trkpt lat="30.441451929509639739990234375" lon="120.26034221984446048736572265625">
        <ele>7</ele>
        <time>2024-12-27T13:03:37.000Z</time>
        <extensions>
          <ns3:TrackPointExtension>
            <ns3:hr>142</ns3:hr>
            <ns3:cad>66</ns3:cad>
          </ns3:TrackPointExtension>
        </extensions>
      </trkpt>
      <trkpt lat="30.44146098196506500244140625" lon="120.260334424674510955810546875">
        <ele>7.19999980926513671875</ele>
        <time>2024-12-27T13:03:38.000Z</time>
        <extensions>
          <ns3:TrackPointExtension>
            <ns3:hr>142</ns3:hr>
            <ns3:cad>66</ns3:cad>
          </ns3:TrackPointExtension>
        </extensions>
      </trkpt>
      <trkpt lat="30.4414728842675685882568359375" lon="120.2603292278945446014404296875">
        <ele>7.400000095367431640625</ele>
        <time>2024-12-27T13:03:39.000Z</time>
        <extensions>
          <ns3:TrackPointExtension>
            <ns3:hr>143</ns3:hr>
            <ns3:cad>67</ns3:cad>
          </ns3:TrackPointExtension>
        </extensions>
      </trkpt>
      <trkpt lat="30.44148688204586505889892578125" lon="120.26032763533294200897216796875">
        <ele>7.400000095367431640625</ele>
        <time>2024-12-27T13:03:40.000Z</time>
        <extensions>
          <ns3:TrackPointExtension>
            <ns3:hr>143</ns3:hr>
            <ns3:cad>66</ns3:cad>
          </ns3:TrackPointExtension>
        </extensions>
      </trkpt>
      <trkpt lat="30.4414993710815906524658203125" lon="120.2603231929242610931396484375">
        <ele>7.400000095367431640625</ele>
        <time>2024-12-27T13:03:41.000Z</time>
        <extensions>
          <ns3:TrackPointExtension>
            <ns3:hr>143</ns3:hr>
            <ns3:cad>66</ns3:cad>
          </ns3:TrackPointExtension>
        </extensions>
      </trkpt>
      <trkpt lat="30.4415124468505382537841796875" lon="120.26031690649688243865966796875">
        <ele>7.400000095367431640625</ele>
        <time>2024-12-27T13:03:42.000Z</time>
        <extensions>
          <ns3:TrackPointExtension>
            <ns3:hr>143</ns3:hr>
            <ns3:cad>66</ns3:cad>
          </ns3:TrackPointExtension>
        </extensions>
      </trkpt>
      <trkpt lat="30.44152828864753246307373046875" lon="120.26031036861240863800048828125">
        <ele>7.400000095367431640625</ele>
        <time>2024-12-27T13:03:43.000Z</time>
        <extensions>
          <ns3:TrackPointExtension>
            <ns3:hr>144</ns3:hr>
            <ns3:cad>65</ns3:cad>
          </ns3:TrackPointExtension>
        </extensions>
      </trkpt>
      <trkpt lat="30.4415402747690677642822265625" lon="120.26030198670923709869384765625">
        <ele>7.400000095367431640625</ele>
        <time>2024-12-27T13:03:44.000Z</time>
        <extensions>
          <ns3:TrackPointExtension>
            <ns3:hr>144</ns3:hr>
            <ns3:cad>65</ns3:cad>
          </ns3:TrackPointExtension>
        </extensions>
      </trkpt>
      <trkpt lat="30.441551171243190765380859375" lon="120.26029159314930438995361328125">
        <ele>7.400000095367431640625</ele>
        <time>2024-12-27T13:03:45.000Z</time>
        <extensions>
          <ns3:TrackPointExtension>
            <ns3:hr>143</ns3:hr>
            <ns3:cad>65</ns3:cad>
          </ns3:TrackPointExtension>
        </extensions>
      </trkpt>
      <trkpt lat="30.44156692922115325927734375" lon="120.26027952320873737335205078125">
        <ele>7.400000095367431640625</ele>
        <time>2024-12-27T13:03:46.000Z</time>
        <extensions>
          <ns3:TrackPointExtension>
            <ns3:hr>142</ns3:hr>
            <ns3:cad>65</ns3:cad>
          </ns3:TrackPointExtension>
        </extensions>
      </trkpt>
      <trkpt lat="30.441584698855876922607421875" lon="120.26026795618236064910888671875">
        <ele>7.19999980926513671875</ele>
        <time>2024-12-27T13:03:47.000Z</time>
        <extensions>
          <ns3:TrackPointExtension>
            <ns3:hr>141</ns3:hr>
            <ns3:cad>64</ns3:cad>
          </ns3:TrackPointExtension>
        </extensions>
      </trkpt>
      <trkpt lat="30.44160716235637664794921875" lon="120.26025362312793731689453125">
        <ele>7.19999980926513671875</ele>
        <time>2024-12-27T13:03:48.000Z</time>
        <extensions>
          <ns3:TrackPointExtension>
            <ns3:hr>141</ns3:hr>
            <ns3:cad>0</ns3:cad>
          </ns3:TrackPointExtension>
        </extensions>
      </trkpt>
      <trkpt lat="30.44162937439978122711181640625" lon="120.260235182940959930419921875">
        <ele>7.19999980926513671875</ele>
        <time>2024-12-27T13:03:49.000Z</time>
        <extensions>
          <ns3:TrackPointExtension>
            <ns3:hr>140</ns3:hr>
            <ns3:cad>0</ns3:cad>
          </ns3:TrackPointExtension>
        </extensions>
      </trkpt>
      <trkpt lat="30.4416532628238201141357421875" lon="120.26022034697234630584716796875">
        <ele>7</ele>
        <time>2024-12-27T13:03:50.000Z</time>
        <extensions>
          <ns3:TrackPointExtension>
            <ns3:hr>139</ns3:hr>
            <ns3:cad>90</ns3:cad>
          </ns3:TrackPointExtension>
        </extensions>
      </trkpt>
      <trkpt lat="30.44167681597173213958740234375" lon="120.2602088637650012969970703125">
        <ele>6.80000019073486328125</ele>
        <time>2024-12-27T13:03:51.000Z</time>
        <extensions>
          <ns3:TrackPointExtension>
            <ns3:hr>138</ns3:hr>
            <ns3:cad>90</ns3:cad>
          </ns3:TrackPointExtension>
        </extensions>
      </trkpt>
      <trkpt lat="30.4416991956532001495361328125" lon="120.26019654236733913421630859375">
        <ele>6.80000019073486328125</ele>
        <time>2024-12-27T13:03:52.000Z</time>
        <extensions>
          <ns3:TrackPointExtension>
            <ns3:hr>138</ns3:hr>
            <ns3:cad>90</ns3:cad>
          </ns3:TrackPointExtension>
        </extensions>
      </trkpt>
      <trkpt lat="30.441721491515636444091796875" lon="120.26018296368420124053955078125">
        <ele>6.599999904632568359375</ele>
        <time>2024-12-27T13:03:53.000Z</time>
        <extensions>
          <ns3:TrackPointExtension>
            <ns3:hr>137</ns3:hr>
            <ns3:cad>89</ns3:cad>
          </ns3:TrackPointExtension>
        </extensions>
      </trkpt>
      <trkpt lat="30.44174320064485073089599609375" lon="120.26017022319138050079345703125">
        <ele>6.599999904632568359375</ele>
        <time>2024-12-27T13:03:54.000Z</time>
        <extensions>
          <ns3:TrackPointExtension>
            <ns3:hr>137</ns3:hr>
            <ns3:cad>89</ns3:cad>
          </ns3:TrackPointExtension>
        </extensions>
      </trkpt>
      <trkpt lat="30.441765747964382171630859375" lon="120.2601542137563228607177734375">
        <ele>6.400000095367431640625</ele>
        <time>2024-12-27T13:03:55.000Z</time>
        <extensions>
          <ns3:TrackPointExtension>
            <ns3:hr>136</ns3:hr>
            <ns3:cad>89</ns3:cad>
          </ns3:TrackPointExtension>
        </extensions>
      </trkpt>
      <trkpt lat="30.44178812764585018157958984375" lon="120.26013887487351894378662109375">
        <ele>6.19999980926513671875</ele>
        <time>2024-12-27T13:03:56.000Z</time>
        <extensions>
          <ns3:TrackPointExtension>
            <ns3:hr>136</ns3:hr>
            <ns3:cad>89</ns3:cad>
          </ns3:TrackPointExtension>
        </extensions>
      </trkpt>
      <trkpt lat="30.441808998584747314453125" lon="120.26012487709522247314453125">
        <ele>6.19999980926513671875</ele>
        <time>2024-12-27T13:03:57.000Z</time>
        <extensions>
          <ns3:TrackPointExtension>
            <ns3:hr>136</ns3:hr>
            <ns3:cad>89</ns3:cad>
          </ns3:TrackPointExtension>
        </extensions>
      </trkpt>
      <trkpt lat="30.44183246791362762451171875" lon="120.26011372916400432586669921875">
        <ele>6</ele>
        <time>2024-12-27T13:03:58.000Z</time>
        <extensions>
          <ns3:TrackPointExtension>
            <ns3:hr>135</ns3:hr>
            <ns3:cad>89</ns3:cad>
          </ns3:TrackPointExtension>
        </extensions>
      </trkpt>
      <trkpt lat="30.44185652397572994232177734375" lon="120.26010048575699329376220703125">
        <ele>5.80000019073486328125</ele>
        <time>2024-12-27T13:03:59.000Z</time>
        <extensions>
          <ns3:TrackPointExtension>
            <ns3:hr>136</ns3:hr>
            <ns3:cad>89</ns3:cad>
          </ns3:TrackPointExtension>
        </extensions>
      </trkpt>
      <trkpt lat="30.44188066385686397552490234375" lon="120.26009000837802886962890625">
        <ele>5.80000019073486328125</ele>
        <time>2024-12-27T13:04:00.000Z</time>
        <extensions>
          <ns3:TrackPointExtension>
            <ns3:hr>137</ns3:hr>
            <ns3:cad>89</ns3:cad>
          </ns3:TrackPointExtension>
        </extensions>
      </trkpt>
      <trkpt lat="30.441905222833156585693359375" lon="120.26007701642811298370361328125">
        <ele>5.599999904632568359375</ele>
        <time>2024-12-27T13:04:01.000Z</time>
        <extensions>
          <ns3:TrackPointExtension>
            <ns3:hr>136</ns3:hr>
            <ns3:cad>89</ns3:cad>
          </ns3:TrackPointExtension>
        </extensions>
      </trkpt>
      <trkpt lat="30.4419295303523540496826171875" lon="120.2600653655827045440673828125">
        <ele>5.400000095367431640625</ele>
        <time>2024-12-27T13:04:02.000Z</time>
        <extensions>
          <ns3:TrackPointExtension>
            <ns3:hr>138</ns3:hr>
            <ns3:cad>89</ns3:cad>
          </ns3:TrackPointExtension>
        </extensions>
      </trkpt>
      <trkpt lat="30.44195191003382205963134765625" lon="120.26004885323345661163330078125">
        <ele>5.400000095367431640625</ele>
        <time>2024-12-27T13:04:03.000Z</time>
        <extensions>
          <ns3:TrackPointExtension>
            <ns3:hr>138</ns3:hr>
            <ns3:cad>89</ns3:cad>
          </ns3:TrackPointExtension>
        </extensions>
      </trkpt>
      <trkpt lat="30.44197688810527324676513671875" lon="120.2600341849029064178466796875">
        <ele>5.19999980926513671875</ele>
        <time>2024-12-27T13:04:04.000Z</time>
        <extensions>
          <ns3:TrackPointExtension>
            <ns3:hr>138</ns3:hr>
            <ns3:cad>89</ns3:cad>
          </ns3:TrackPointExtension>
        </extensions>
      </trkpt>
      <trkpt lat="30.44200253672897815704345703125" lon="120.2600241266191005706787109375">
        <ele>5</ele>
        <time>2024-12-27T13:04:05.000Z</time>
        <extensions>
          <ns3:TrackPointExtension>
            <ns3:hr>138</ns3:hr>
            <ns3:cad>89</ns3:cad>
          </ns3:TrackPointExtension>
        </extensions>
      </trkpt>
      <trkpt lat="30.4420257546007633209228515625" lon="120.260012559592723846435546875">
        <ele>5</ele>
        <time>2024-12-27T13:04:06.000Z</time>
        <extensions>
          <ns3:TrackPointExtension>
            <ns3:hr>138</ns3:hr>
            <ns3:cad>89</ns3:cad>
          </ns3:TrackPointExtension>
        </extensions>
      </trkpt>
      <trkpt lat="30.442052744328975677490234375" lon="120.2599983103573322296142578125">
        <ele>4.80000019073486328125</ele>
        <time>2024-12-27T13:04:07.000Z</time>
        <extensions>
          <ns3:TrackPointExtension>
            <ns3:hr>138</ns3:hr>
            <ns3:cad>89</ns3:cad>
          </ns3:TrackPointExtension>
        </extensions>
      </trkpt>
      <trkpt lat="30.44207545928657054901123046875" lon="120.25998582132160663604736328125">
        <ele>4.599999904632568359375</ele>
        <time>2024-12-27T13:04:08.000Z</time>
        <extensions>
          <ns3:TrackPointExtension>
            <ns3:hr>138</ns3:hr>
            <ns3:cad>89</ns3:cad>
          </ns3:TrackPointExtension>
        </extensions>
      </trkpt>
      <trkpt lat="30.44210094027221202850341796875" lon="120.25997073389589786529541015625">
        <ele>4.599999904632568359375</ele>
        <time>2024-12-27T13:04:09.000Z</time>
        <extensions>
          <ns3:TrackPointExtension>
            <ns3:hr>139</ns3:hr>
            <ns3:cad>89</ns3:cad>
          </ns3:TrackPointExtension>
        </extensions>
      </trkpt>
      <trkpt lat="30.442123822867870330810546875" lon="120.25995547883212566375732421875">
        <ele>4.400000095367431640625</ele>
        <time>2024-12-27T13:04:10.000Z</time>
        <extensions>
          <ns3:TrackPointExtension>
            <ns3:hr>139</ns3:hr>
            <ns3:cad>89</ns3:cad>
          </ns3:TrackPointExtension>
        </extensions>
      </trkpt>
      <trkpt lat="30.4421477951109409332275390625" lon="120.259940810501575469970703125">
        <ele>4.19999980926513671875</ele>
        <time>2024-12-27T13:04:11.000Z</time>
        <extensions>
          <ns3:TrackPointExtension>
            <ns3:hr>140</ns3:hr>
            <ns3:cad>89</ns3:cad>
          </ns3:TrackPointExtension>
        </extensions>
      </trkpt>
      <trkpt lat="30.44217000715434551239013671875" lon="120.25992832146584987640380859375">
        <ele>4.19999980926513671875</ele>
        <time>2024-12-27T13:04:12.000Z</time>
        <extensions>
          <ns3:TrackPointExtension>
            <ns3:hr>140</ns3:hr>
            <ns3:cad>89</ns3:cad>
          </ns3:TrackPointExtension>
        </extensions>
      </trkpt>
      <trkpt lat="30.44219188392162322998046875" lon="120.259916000068187713623046875">
        <ele>4</ele>
        <time>2024-12-27T13:04:13.000Z</time>
        <extensions>
          <ns3:TrackPointExtension>
            <ns3:hr>140</ns3:hr>
            <ns3:cad>89</ns3:cad>
          </ns3:TrackPointExtension>
        </extensions>
      </trkpt>
      <trkpt lat="30.44221057556569576263427734375" lon="120.2599037624895572662353515625">
        <ele>4</ele>
        <time>2024-12-27T13:04:14.000Z</time>
        <extensions>
          <ns3:TrackPointExtension>
            <ns3:hr>140</ns3:hr>
            <ns3:cad>89</ns3:cad>
          </ns3:TrackPointExtension>
        </extensions>
      </trkpt>
      <trkpt lat="30.442231781780719757080078125" lon="120.25988892652094364166259765625">
        <ele>4.19999980926513671875</ele>
        <time>2024-12-27T13:04:15.000Z</time>
        <extensions>
          <ns3:TrackPointExtension>
            <ns3:hr>141</ns3:hr>
            <ns3:cad>89</ns3:cad>
          </ns3:TrackPointExtension>
        </extensions>
      </trkpt>
      <trkpt lat="30.4422510601580142974853515625" lon="120.259875766932964324951171875">
        <ele>4.19999980926513671875</ele>
        <time>2024-12-27T13:04:16.000Z</time>
        <extensions>
          <ns3:TrackPointExtension>
            <ns3:hr>141</ns3:hr>
            <ns3:cad>89</ns3:cad>
          </ns3:TrackPointExtension>
        </extensions>
      </trkpt>
      <trkpt lat="30.44227377511560916900634765625" lon="120.259861014783382415771484375">
        <ele>4.400000095367431640625</ele>
        <time>2024-12-27T13:04:17.000Z</time>
        <extensions>
          <ns3:TrackPointExtension>
            <ns3:hr>141</ns3:hr>
            <ns3:cad>89</ns3:cad>
          </ns3:TrackPointExtension>
        </extensions>
      </trkpt>
      <trkpt lat="30.4422956518828868865966796875" lon="120.25984592735767364501953125">
        <ele>4.400000095367431640625</ele>
        <time>2024-12-27T13:04:18.000Z</time>
        <extensions>
          <ns3:TrackPointExtension>
            <ns3:hr>141</ns3:hr>
            <ns3:cad>89</ns3:cad>
          </ns3:TrackPointExtension>
        </extensions>
      </trkpt>
      <trkpt lat="30.44231736101210117340087890625" lon="120.25983343832194805145263671875">
        <ele>4.400000095367431640625</ele>
        <time>2024-12-27T13:04:19.000Z</time>
        <extensions>
          <ns3:TrackPointExtension>
            <ns3:hr>141</ns3:hr>
            <ns3:cad>90</ns3:cad>
          </ns3:TrackPointExtension>
        </extensions>
      </trkpt>
      <trkpt lat="30.44233932159841060638427734375" lon="120.25982069782912731170654296875">
        <ele>4.599999904632568359375</ele>
        <time>2024-12-27T13:04:20.000Z</time>
        <extensions>
          <ns3:TrackPointExtension>
            <ns3:hr>142</ns3:hr>
            <ns3:cad>90</ns3:cad>
          </ns3:TrackPointExtension>
        </extensions>
      </trkpt>
      <trkpt lat="30.4423620365560054779052734375" lon="120.25980661623179912567138671875">
        <ele>4.599999904632568359375</ele>
        <time>2024-12-27T13:04:21.000Z</time>
        <extensions>
          <ns3:TrackPointExtension>
            <ns3:hr>142</ns3:hr>
            <ns3:cad>90</ns3:cad>
          </ns3:TrackPointExtension>
        </extensions>
      </trkpt>
      <trkpt lat="30.4423848353326320648193359375" lon="120.25979320518672466278076171875">
        <ele>4.400000095367431640625</ele>
        <time>2024-12-27T13:04:22.000Z</time>
        <extensions>
          <ns3:TrackPointExtension>
            <ns3:hr>142</ns3:hr>
            <ns3:cad>90</ns3:cad>
          </ns3:TrackPointExtension>
        </extensions>
      </trkpt>
      <trkpt lat="30.44240788556635379791259765625" lon="120.25977845303714275360107421875">
        <ele>4.19999980926513671875</ele>
        <time>2024-12-27T13:04:23.000Z</time>
        <extensions>
          <ns3:TrackPointExtension>
            <ns3:hr>142</ns3:hr>
            <ns3:cad>90</ns3:cad>
          </ns3:TrackPointExtension>
        </extensions>
      </trkpt>
      <trkpt lat="30.4424331150949001312255859375" lon="120.2597656287252902984619140625">
        <ele>4</ele>
        <time>2024-12-27T13:04:24.000Z</time>
        <extensions>
          <ns3:TrackPointExtension>
            <ns3:hr>142</ns3:hr>
            <ns3:cad>90</ns3:cad>
          </ns3:TrackPointExtension>
        </extensions>
      </trkpt>
      <trkpt lat="30.44246018864214420318603515625" lon="120.25975163094699382781982421875">
        <ele>3.7999999523162841796875</ele>
        <time>2024-12-27T13:04:25.000Z</time>
        <extensions>
          <ns3:TrackPointExtension>
            <ns3:hr>144</ns3:hr>
            <ns3:cad>90</ns3:cad>
          </ns3:TrackPointExtension>
        </extensions>
      </trkpt>
      <trkpt lat="30.44248600490391254425048828125" lon="120.259738303720951080322265625">
        <ele>3.7999999523162841796875</ele>
        <time>2024-12-27T13:04:26.000Z</time>
        <extensions>
          <ns3:TrackPointExtension>
            <ns3:hr>143</ns3:hr>
            <ns3:cad>89</ns3:cad>
          </ns3:TrackPointExtension>
        </extensions>
      </trkpt>
      <trkpt lat="30.442508049309253692626953125" lon="120.25972514413297176361083984375">
        <ele>3.7999999523162841796875</ele>
        <time>2024-12-27T13:04:27.000Z</time>
        <extensions>
          <ns3:TrackPointExtension>
            <ns3:hr>143</ns3:hr>
            <ns3:cad>89</ns3:cad>
          </ns3:TrackPointExtension>
        </extensions>
      </trkpt>
      <trkpt lat="30.44252959080040454864501953125" lon="120.259710811078548431396484375">
        <ele>3.7999999523162841796875</ele>
        <time>2024-12-27T13:04:28.000Z</time>
        <extensions>
          <ns3:TrackPointExtension>
            <ns3:hr>143</ns3:hr>
            <ns3:cad>89</ns3:cad>
          </ns3:TrackPointExtension>
        </extensions>
      </trkpt>
      <trkpt lat="30.44255197048187255859375" lon="120.259696729481220245361328125">
        <ele>3.7999999523162841796875</ele>
        <time>2024-12-27T13:04:29.000Z</time>
        <extensions>
          <ns3:TrackPointExtension>
            <ns3:hr>144</ns3:hr>
            <ns3:cad>89</ns3:cad>
          </ns3:TrackPointExtension>
        </extensions>
      </trkpt>
      <trkpt lat="30.442574433982372283935546875" lon="120.25968365371227264404296875">
        <ele>4</ele>
        <time>2024-12-27T13:04:30.000Z</time>
        <extensions>
          <ns3:TrackPointExtension>
            <ns3:hr>144</ns3:hr>
            <ns3:cad>89</ns3:cad>
          </ns3:TrackPointExtension>
        </extensions>
      </trkpt>
      <trkpt lat="30.44259698130190372467041015625" lon="120.25966848246753215789794921875">
        <ele>4</ele>
        <time>2024-12-27T13:04:31.000Z</time>
        <extensions>
          <ns3:TrackPointExtension>
            <ns3:hr>145</ns3:hr>
            <ns3:cad>89</ns3:cad>
          </ns3:TrackPointExtension>
        </extensions>
      </trkpt>
      <trkpt lat="30.44262128882110118865966796875" lon="120.25965624488890171051025390625">
        <ele>4.19999980926513671875</ele>
        <time>2024-12-27T13:04:32.000Z</time>
        <extensions>
          <ns3:TrackPointExtension>
            <ns3:hr>146</ns3:hr>
            <ns3:cad>89</ns3:cad>
          </ns3:TrackPointExtension>
        </extensions>
      </trkpt>
      <trkpt lat="30.4426445066928863525390625" lon="120.25964216329157352447509765625">
        <ele>4.400000095367431640625</ele>
        <time>2024-12-27T13:04:33.000Z</time>
        <extensions>
          <ns3:TrackPointExtension>
            <ns3:hr>146</ns3:hr>
            <ns3:cad>89</ns3:cad>
          </ns3:TrackPointExtension>
        </extensions>
      </trkpt>
      <trkpt lat="30.44266655109822750091552734375" lon="120.259628333151340484619140625">
        <ele>4.400000095367431640625</ele>
        <time>2024-12-27T13:04:34.000Z</time>
        <extensions>
          <ns3:TrackPointExtension>
            <ns3:hr>146</ns3:hr>
            <ns3:cad>89</ns3:cad>
          </ns3:TrackPointExtension>
        </extensions>
      </trkpt>
      <trkpt lat="30.442690439522266387939453125" lon="120.25961416773498058319091796875">
        <ele>4.80000019073486328125</ele>
        <time>2024-12-27T13:04:35.000Z</time>
        <extensions>
          <ns3:TrackPointExtension>
            <ns3:hr>147</ns3:hr>
            <ns3:cad>89</ns3:cad>
          </ns3:TrackPointExtension>
        </extensions>
      </trkpt>
      <trkpt lat="30.442713238298892974853515625" lon="120.25960293598473072052001953125">
        <ele>5</ele>
        <time>2024-12-27T13:04:36.000Z</time>
        <extensions>
          <ns3:TrackPointExtension>
            <ns3:hr>147</ns3:hr>
            <ns3:cad>89</ns3:cad>
          </ns3:TrackPointExtension>
        </extensions>
      </trkpt>
      <trkpt lat="30.44273545034229755401611328125" lon="120.25958784855902194976806640625">
        <ele>5.19999980926513671875</ele>
        <time>2024-12-27T13:04:37.000Z</time>
        <extensions>
          <ns3:TrackPointExtension>
            <ns3:hr>147</ns3:hr>
            <ns3:cad>89</ns3:cad>
          </ns3:TrackPointExtension>
        </extensions>
      </trkpt>
      <trkpt lat="30.4427559860050678253173828125" lon="120.2595715038478374481201171875">
        <ele>5.19999980926513671875</ele>
        <time>2024-12-27T13:04:38.000Z</time>
        <extensions>
          <ns3:TrackPointExtension>
            <ns3:hr>147</ns3:hr>
            <ns3:cad>89</ns3:cad>
          </ns3:TrackPointExtension>
        </extensions>
      </trkpt>
      <trkpt lat="30.44277794659137725830078125" lon="120.25955465622246265411376953125">
        <ele>5.400000095367431640625</ele>
        <time>2024-12-27T13:04:39.000Z</time>
        <extensions>
          <ns3:TrackPointExtension>
            <ns3:hr>148</ns3:hr>
            <ns3:cad>89</ns3:cad>
          </ns3:TrackPointExtension>
        </extensions>
      </trkpt>
      <trkpt lat="30.44280074536800384521484375" lon="120.25954023934900760650634765625">
        <ele>5.599999904632568359375</ele>
        <time>2024-12-27T13:04:40.000Z</time>
        <extensions>
          <ns3:TrackPointExtension>
            <ns3:hr>148</ns3:hr>
            <ns3:cad>89</ns3:cad>
          </ns3:TrackPointExtension>
        </extensions>
      </trkpt>
      <trkpt lat="30.44282195158302783966064453125" lon="120.25952666066586971282958984375">
        <ele>5.599999904632568359375</ele>
        <time>2024-12-27T13:04:41.000Z</time>
        <extensions>
          <ns3:TrackPointExtension>
            <ns3:hr>149</ns3:hr>
            <ns3:cad>89</ns3:cad>
          </ns3:TrackPointExtension>
        </extensions>
      </trkpt>
      <trkpt lat="30.44284240342676639556884765625" lon="120.25951609946787357330322265625">
        <ele>5.80000019073486328125</ele>
        <time>2024-12-27T13:04:42.000Z</time>
        <extensions>
          <ns3:TrackPointExtension>
            <ns3:hr>149</ns3:hr>
            <ns3:cad>89</ns3:cad>
          </ns3:TrackPointExtension>
        </extensions>
      </trkpt>
      <trkpt lat="30.442858748137950897216796875" lon="120.259501598775386810302734375">
        <ele>6</ele>
        <time>2024-12-27T13:04:43.000Z</time>
        <extensions>
          <ns3:TrackPointExtension>
            <ns3:hr>150</ns3:hr>
            <ns3:cad>89</ns3:cad>
          </ns3:TrackPointExtension>
        </extensions>
      </trkpt>
      <trkpt lat="30.44287274591624736785888671875" lon="120.25948877446353435516357421875">
        <ele>6</ele>
        <time>2024-12-27T13:04:44.000Z</time>
        <extensions>
          <ns3:TrackPointExtension>
            <ns3:hr>150</ns3:hr>
            <ns3:cad>89</ns3:cad>
          </ns3:TrackPointExtension>
        </extensions>
      </trkpt>
      <trkpt lat="30.44288783334195613861083984375" lon="120.25948341004550457000732421875">
        <ele>6</ele>
        <time>2024-12-27T13:04:45.000Z</time>
        <extensions>
          <ns3:TrackPointExtension>
            <ns3:hr>150</ns3:hr>
            <ns3:cad>88</ns3:cad>
          </ns3:TrackPointExtension>
        </extensions>
      </trkpt>
      <trkpt lat="30.44290007092058658599853515625" lon="120.259477794170379638671875">
        <ele>6.19999980926513671875</ele>
        <time>2024-12-27T13:04:46.000Z</time>
        <extensions>
          <ns3:TrackPointExtension>
            <ns3:hr>151</ns3:hr>
            <ns3:cad>0</ns3:cad>
          </ns3:TrackPointExtension>
        </extensions>
      </trkpt>
      <trkpt lat="30.44291029684245586395263671875" lon="120.259471423923969268798828125">
        <ele>6.19999980926513671875</ele>
        <time>2024-12-27T13:04:47.000Z</time>
        <extensions>
          <ns3:TrackPointExtension>
            <ns3:hr>150</ns3:hr>
            <ns3:cad>0</ns3:cad>
          </ns3:TrackPointExtension>
        </extensions>
      </trkpt>
      <trkpt lat="30.44291867874562740325927734375" lon="120.25946714915335178375244140625">
        <ele>6.19999980926513671875</ele>
        <time>2024-12-27T13:04:48.000Z</time>
        <extensions>
          <ns3:TrackPointExtension>
            <ns3:hr>150</ns3:hr>
            <ns3:cad>0</ns3:cad>
          </ns3:TrackPointExtension>
        </extensions>
      </trkpt>
      <trkpt lat="30.44292739592492580413818359375" lon="120.25946396403014659881591796875">
        <ele>6.19999980926513671875</ele>
        <time>2024-12-27T13:04:49.000Z</time>
        <extensions>
          <ns3:TrackPointExtension>
            <ns3:hr>150</ns3:hr>
            <ns3:cad>65</ns3:cad>
          </ns3:TrackPointExtension>
        </extensions>
      </trkpt>
      <trkpt lat="30.4429363645613193511962890625" lon="120.25945507921278476715087890625">
        <ele>6.400000095367431640625</ele>
        <time>2024-12-27T13:04:50.000Z</time>
        <extensions>
          <ns3:TrackPointExtension>
            <ns3:hr>149</ns3:hr>
            <ns3:cad>64</ns3:cad>
          </ns3:TrackPointExtension>
        </extensions>
      </trkpt>
      <trkpt lat="30.44294918887317180633544921875" lon="120.2594451047480106353759765625">
        <ele>6.400000095367431640625</ele>
        <time>2024-12-27T13:04:51.000Z</time>
        <extensions>
          <ns3:TrackPointExtension>
            <ns3:hr>148</ns3:hr>
            <ns3:cad>65</ns3:cad>
          </ns3:TrackPointExtension>
        </extensions>
      </trkpt>
      <trkpt lat="30.44296343810856342315673828125" lon="120.259431861340999603271484375">
        <ele>6.599999904632568359375</ele>
        <time>2024-12-27T13:04:52.000Z</time>
        <extensions>
          <ns3:TrackPointExtension>
            <ns3:hr>146</ns3:hr>
            <ns3:cad>65</ns3:cad>
          </ns3:TrackPointExtension>
        </extensions>
      </trkpt>
      <trkpt lat="30.44297911226749420166015625" lon="120.25941937230527400970458984375">
        <ele>6.599999904632568359375</ele>
        <time>2024-12-27T13:04:53.000Z</time>
        <extensions>
          <ns3:TrackPointExtension>
            <ns3:hr>145</ns3:hr>
            <ns3:cad>68</ns3:cad>
          </ns3:TrackPointExtension>
        </extensions>
      </trkpt>
      <trkpt lat="30.44299880973994731903076171875" lon="120.2594078890979290008544921875">
        <ele>6.80000019073486328125</ele>
        <time>2024-12-27T13:04:54.000Z</time>
        <extensions>
          <ns3:TrackPointExtension>
            <ns3:hr>144</ns3:hr>
            <ns3:cad>68</ns3:cad>
          </ns3:TrackPointExtension>
        </extensions>
      </trkpt>
      <trkpt lat="30.44301959685981273651123046875" lon="120.2593985013663768768310546875">
        <ele>6.80000019073486328125</ele>
        <time>2024-12-27T13:04:55.000Z</time>
        <extensions>
          <ns3:TrackPointExtension>
            <ns3:hr>143</ns3:hr>
            <ns3:cad>68</ns3:cad>
          </ns3:TrackPointExtension>
        </extensions>
      </trkpt>
      <trkpt lat="30.44304390437901020050048828125" lon="120.2593857608735561370849609375">
        <ele>7</ele>
        <time>2024-12-27T13:04:56.000Z</time>
        <extensions>
          <ns3:TrackPointExtension>
            <ns3:hr>143</ns3:hr>
            <ns3:cad>88</ns3:cad>
          </ns3:TrackPointExtension>
        </extensions>
      </trkpt>
      <trkpt lat="30.44306762516498565673828125" lon="120.2593713440001010894775390625">
        <ele>6.80000019073486328125</ele>
        <time>2024-12-27T13:04:57.000Z</time>
        <extensions>
          <ns3:TrackPointExtension>
            <ns3:hr>144</ns3:hr>
            <ns3:cad>88</ns3:cad>
          </ns3:TrackPointExtension>
        </extensions>
      </trkpt>
      <trkpt lat="30.44309369288384914398193359375" lon="120.25935818441212177276611328125">
        <ele>6.80000019073486328125</ele>
        <time>2024-12-27T13:04:58.000Z</time>
        <extensions>
          <ns3:TrackPointExtension>
            <ns3:hr>144</ns3:hr>
            <ns3:cad>90</ns3:cad>
          </ns3:TrackPointExtension>
        </extensions>
      </trkpt>
      <trkpt lat="30.44311716221272945404052734375" lon="120.25934862904250621795654296875">
        <ele>6.599999904632568359375</ele>
        <time>2024-12-27T13:04:59.000Z</time>
        <extensions>
          <ns3:TrackPointExtension>
            <ns3:hr>144</ns3:hr>
            <ns3:cad>90</ns3:cad>
          </ns3:TrackPointExtension>
        </extensions>
      </trkpt>
      <trkpt lat="30.4431402124464511871337890625" lon="120.25933639146387577056884765625">
        <ele>6.599999904632568359375</ele>
        <time>2024-12-27T13:05:00.000Z</time>
        <extensions>
          <ns3:TrackPointExtension>
            <ns3:hr>144</ns3:hr>
            <ns3:cad>90</ns3:cad>
          </ns3:TrackPointExtension>
        </extensions>
      </trkpt>
      <trkpt lat="30.44316141866147518157958984375" lon="120.25932365097105503082275390625">
        <ele>6.599999904632568359375</ele>
        <time>2024-12-27T13:05:01.000Z</time>
        <extensions>
          <ns3:TrackPointExtension>
            <ns3:hr>145</ns3:hr>
            <ns3:cad>92</ns3:cad>
          </ns3:TrackPointExtension>
        </extensions>
      </trkpt>
      <trkpt lat="30.44318119995296001434326171875" lon="120.25931158103048801422119140625">
        <ele>6.599999904632568359375</ele>
        <time>2024-12-27T13:05:02.000Z</time>
        <extensions>
          <ns3:TrackPointExtension>
            <ns3:hr>145</ns3:hr>
            <ns3:cad>92</ns3:cad>
          </ns3:TrackPointExtension>
        </extensions>
      </trkpt>
      <trkpt lat="30.44320165179669857025146484375" lon="120.25930118747055530548095703125">
        <ele>6.599999904632568359375</ele>
        <time>2024-12-27T13:05:03.000Z</time>
        <extensions>
          <ns3:TrackPointExtension>
            <ns3:hr>144</ns3:hr>
            <ns3:cad>92</ns3:cad>
          </ns3:TrackPointExtension>
        </extensions>
      </trkpt>
      <trkpt lat="30.44322143308818340301513671875" lon="120.25928945280611515045166015625">
        <ele>6.599999904632568359375</ele>
        <time>2024-12-27T13:05:04.000Z</time>
        <extensions>
          <ns3:TrackPointExtension>
            <ns3:hr>144</ns3:hr>
            <ns3:cad>90</ns3:cad>
          </ns3:TrackPointExtension>
        </extensions>
      </trkpt>
      <trkpt lat="30.44323928654193878173828125" lon="120.259276963770389556884765625">
        <ele>6.400000095367431640625</ele>
        <time>2024-12-27T13:05:05.000Z</time>
        <extensions>
          <ns3:TrackPointExtension>
            <ns3:hr>144</ns3:hr>
            <ns3:cad>90</ns3:cad>
          </ns3:TrackPointExtension>
        </extensions>
      </trkpt>
      <trkpt lat="30.4432528652250766754150390625" lon="120.25926648639142513275146484375">
        <ele>6.400000095367431640625</ele>
        <time>2024-12-27T13:05:06.000Z</time>
        <extensions>
          <ns3:TrackPointExtension>
            <ns3:hr>144</ns3:hr>
            <ns3:cad>90</ns3:cad>
          </ns3:TrackPointExtension>
        </extensions>
      </trkpt>
      <trkpt lat="30.44326568953692913055419921875" lon="120.25926162488758563995361328125">
        <ele>6.19999980926513671875</ele>
        <time>2024-12-27T13:05:07.000Z</time>
        <extensions>
          <ns3:TrackPointExtension>
            <ns3:hr>144</ns3:hr>
            <ns3:cad>90</ns3:cad>
          </ns3:TrackPointExtension>
        </extensions>
      </trkpt>
      <trkpt lat="30.443276502192020416259765625" lon="120.25925575755536556243896484375">
        <ele>6.19999980926513671875</ele>
        <time>2024-12-27T13:05:08.000Z</time>
        <extensions>
          <ns3:TrackPointExtension>
            <ns3:hr>144</ns3:hr>
            <ns3:cad>90</ns3:cad>
          </ns3:TrackPointExtension>
        </extensions>
      </trkpt>
      <trkpt lat="30.443286560475826263427734375" lon="120.25924972258508205413818359375">
        <ele>6</ele>
        <time>2024-12-27T13:05:09.000Z</time>
        <extensions>
          <ns3:TrackPointExtension>
            <ns3:hr>144</ns3:hr>
            <ns3:cad>90</ns3:cad>
          </ns3:TrackPointExtension>
        </extensions>
      </trkpt>
      <trkpt lat="30.4432974569499492645263671875" lon="120.259244106709957122802734375">
        <ele>6</ele>
        <time>2024-12-27T13:05:10.000Z</time>
        <extensions>
          <ns3:TrackPointExtension>
            <ns3:hr>144</ns3:hr>
            <ns3:cad>90</ns3:cad>
          </ns3:TrackPointExtension>
        </extensions>
      </trkpt>
      <trkpt lat="30.443315394222736358642578125" lon="120.25923597626388072967529296875">
        <ele>5.80000019073486328125</ele>
        <time>2024-12-27T13:05:11.000Z</time>
        <extensions>
          <ns3:TrackPointExtension>
            <ns3:hr>144</ns3:hr>
            <ns3:cad>64</ns3:cad>
          </ns3:TrackPointExtension>
        </extensions>
      </trkpt>
      <trkpt lat="30.4433326609432697296142578125" lon="120.25922575034201145172119140625">
        <ele>5.80000019073486328125</ele>
        <time>2024-12-27T13:05:12.000Z</time>
        <extensions>
          <ns3:TrackPointExtension>
            <ns3:hr>144</ns3:hr>
            <ns3:cad>64</ns3:cad>
          </ns3:TrackPointExtension>
        </extensions>
      </trkpt>
      <trkpt lat="30.4433541186153888702392578125" lon="120.25921267457306385040283203125">
        <ele>5.599999904632568359375</ele>
        <time>2024-12-27T13:05:13.000Z</time>
        <extensions>
          <ns3:TrackPointExtension>
            <ns3:hr>144</ns3:hr>
            <ns3:cad>64</ns3:cad>
          </ns3:TrackPointExtension>
        </extensions>
      </trkpt>
      <trkpt lat="30.443377085030078887939453125" lon="120.25919943116605281829833984375">
        <ele>5.400000095367431640625</ele>
        <time>2024-12-27T13:05:14.000Z</time>
        <extensions>
          <ns3:TrackPointExtension>
            <ns3:hr>144</ns3:hr>
            <ns3:cad>88</ns3:cad>
          </ns3:TrackPointExtension>
        </extensions>
      </trkpt>
      <trkpt lat="30.44340047053992748260498046875" lon="120.25918786413967609405517578125">
        <ele>5.19999980926513671875</ele>
        <time>2024-12-27T13:05:15.000Z</time>
        <extensions>
          <ns3:TrackPointExtension>
            <ns3:hr>143</ns3:hr>
            <ns3:cad>88</ns3:cad>
          </ns3:TrackPointExtension>
        </extensions>
      </trkpt>
      <trkpt lat="30.4434228502213954925537109375" lon="120.25917478837072849273681640625">
        <ele>5.19999980926513671875</ele>
        <time>2024-12-27T13:05:16.000Z</time>
        <extensions>
          <ns3:TrackPointExtension>
            <ns3:hr>144</ns3:hr>
            <ns3:cad>89</ns3:cad>
          </ns3:TrackPointExtension>
        </extensions>
      </trkpt>
      <trkpt lat="30.443444810807704925537109375" lon="120.2591621316969394683837890625">
        <ele>5.19999980926513671875</ele>
        <time>2024-12-27T13:05:17.000Z</time>
        <extensions>
          <ns3:TrackPointExtension>
            <ns3:hr>144</ns3:hr>
            <ns3:cad>89</ns3:cad>
          </ns3:TrackPointExtension>
        </extensions>
      </trkpt>
      <trkpt lat="30.44346702285110950469970703125" lon="120.2591483853757381439208984375">
        <ele>5.19999980926513671875</ele>
        <time>2024-12-27T13:05:18.000Z</time>
        <extensions>
          <ns3:TrackPointExtension>
            <ns3:hr>144</ns3:hr>
            <ns3:cad>89</ns3:cad>
          </ns3:TrackPointExtension>
        </extensions>
      </trkpt>
      <trkpt lat="30.44349267147481441497802734375" lon="120.25913388468325138092041015625">
        <ele>5.19999980926513671875</ele>
        <time>2024-12-27T13:05:19.000Z</time>
        <extensions>
          <ns3:TrackPointExtension>
            <ns3:hr>145</ns3:hr>
            <ns3:cad>89</ns3:cad>
          </ns3:TrackPointExtension>
        </extensions>
      </trkpt>
      <trkpt lat="30.4435180686414241790771484375" lon="120.25912106037139892578125">
        <ele>5</ele>
        <time>2024-12-27T13:05:20.000Z</time>
        <extensions>
          <ns3:TrackPointExtension>
            <ns3:hr>145</ns3:hr>
            <ns3:cad>89</ns3:cad>
          </ns3:TrackPointExtension>
        </extensions>
      </trkpt>
      <trkpt lat="30.44354371726512908935546875" lon="120.25910823605954647064208984375">
        <ele>5</ele>
        <time>2024-12-27T13:05:21.000Z</time>
        <extensions>
          <ns3:TrackPointExtension>
            <ns3:hr>146</ns3:hr>
            <ns3:cad>89</ns3:cad>
          </ns3:TrackPointExtension>
        </extensions>
      </trkpt>
      <trkpt lat="30.44356651604175567626953125" lon="120.259096920490264892578125">
        <ele>5</ele>
        <time>2024-12-27T13:05:22.000Z</time>
        <extensions>
          <ns3:TrackPointExtension>
            <ns3:hr>146</ns3:hr>
            <ns3:cad>90</ns3:cad>
          </ns3:TrackPointExtension>
        </extensions>
      </trkpt>
      <trkpt lat="30.44358671642839908599853515625" lon="120.2590836770832538604736328125">
        <ele>5</ele>
        <time>2024-12-27T13:05:23.000Z</time>
        <extensions>
          <ns3:TrackPointExtension>
            <ns3:hr>146</ns3:hr>
            <ns3:cad>90</ns3:cad>
          </ns3:TrackPointExtension>
        </extensions>
      </trkpt>
      <trkpt lat="30.44360599480569362640380859375" lon="120.25907102040946483612060546875">
        <ele>5.19999980926513671875</ele>
        <time>2024-12-27T13:05:24.000Z</time>
        <extensions>
          <ns3:TrackPointExtension>
            <ns3:hr>146</ns3:hr>
            <ns3:cad>90</ns3:cad>
          </ns3:TrackPointExtension>
        </extensions>
      </trkpt>
      <trkpt lat="30.44362795539200305938720703125" lon="120.25905475951731204986572265625">
        <ele>5.19999980926513671875</ele>
        <time>2024-12-27T13:05:25.000Z</time>
        <extensions>
          <ns3:TrackPointExtension>
            <ns3:hr>146</ns3:hr>
            <ns3:cad>90</ns3:cad>
          </ns3:TrackPointExtension>
        </extensions>
      </trkpt>
      <trkpt lat="30.44364891014993190765380859375" lon="120.25903724133968353271484375">
        <ele>5.400000095367431640625</ele>
        <time>2024-12-27T13:05:26.000Z</time>
        <extensions>
          <ns3:TrackPointExtension>
            <ns3:hr>147</ns3:hr>
            <ns3:cad>89</ns3:cad>
          </ns3:TrackPointExtension>
        </extensions>
      </trkpt>
      <trkpt lat="30.44366575777530670166015625" lon="120.2590216509997844696044921875">
        <ele>5.599999904632568359375</ele>
        <time>2024-12-27T13:05:27.000Z</time>
        <extensions>
          <ns3:TrackPointExtension>
            <ns3:hr>147</ns3:hr>
            <ns3:cad>89</ns3:cad>
          </ns3:TrackPointExtension>
        </extensions>
      </trkpt>
      <trkpt lat="30.4436803422868251800537109375" lon="120.25901050306856632232666015625">
        <ele>5.599999904632568359375</ele>
        <time>2024-12-27T13:05:28.000Z</time>
        <extensions>
          <ns3:TrackPointExtension>
            <ns3:hr>147</ns3:hr>
            <ns3:cad>89</ns3:cad>
          </ns3:TrackPointExtension>
        </extensions>
      </trkpt>
      <trkpt lat="30.44369232840836048126220703125" lon="120.25900145061314105987548828125">
        <ele>5.80000019073486328125</ele>
        <time>2024-12-27T13:05:29.000Z</time>
        <extensions>
          <ns3:TrackPointExtension>
            <ns3:hr>147</ns3:hr>
            <ns3:cad>89</ns3:cad>
          </ns3:TrackPointExtension>
        </extensions>
      </trkpt>
      <trkpt lat="30.4437051527202129364013671875" lon="120.25899390690028667449951171875">
        <ele>5.80000019073486328125</ele>
        <time>2024-12-27T13:05:30.000Z</time>
        <extensions>
          <ns3:TrackPointExtension>
            <ns3:hr>146</ns3:hr>
            <ns3:cad>89</ns3:cad>
          </ns3:TrackPointExtension>
        </extensions>
      </trkpt>
      <trkpt lat="30.4437185637652873992919921875" lon="120.25898602791130542755126953125">
        <ele>5.80000019073486328125</ele>
        <time>2024-12-27T13:05:31.000Z</time>
        <extensions>
          <ns3:TrackPointExtension>
            <ns3:hr>146</ns3:hr>
            <ns3:cad>0</ns3:cad>
          </ns3:TrackPointExtension>
        </extensions>
      </trkpt>
      <trkpt lat="30.44373071752488613128662109375" lon="120.25897898711264133453369140625">
        <ele>6</ele>
        <time>2024-12-27T13:05:32.000Z</time>
        <extensions>
          <ns3:TrackPointExtension>
            <ns3:hr>146</ns3:hr>
            <ns3:cad>0</ns3:cad>
          </ns3:TrackPointExtension>
        </extensions>
      </trkpt>
      <trkpt lat="30.443743877112865447998046875" lon="120.25897043757140636444091796875">
        <ele>6</ele>
        <time>2024-12-27T13:05:33.000Z</time>
        <extensions>
          <ns3:TrackPointExtension>
            <ns3:hr>145</ns3:hr>
            <ns3:cad>0</ns3:cad>
          </ns3:TrackPointExtension>
        </extensions>
      </trkpt>
      <trkpt lat="30.44375703670084476470947265625" lon="120.25896079838275909423828125">
        <ele>6</ele>
        <time>2024-12-27T13:05:34.000Z</time>
        <extensions>
          <ns3:TrackPointExtension>
            <ns3:hr>145</ns3:hr>
            <ns3:cad>64</ns3:cad>
          </ns3:TrackPointExtension>
        </extensions>
      </trkpt>
      <trkpt lat="30.443767346441745758056640625" lon="120.25894998572766780853271484375">
        <ele>6.19999980926513671875</ele>
        <time>2024-12-27T13:05:35.000Z</time>
        <extensions>
          <ns3:TrackPointExtension>
            <ns3:hr>145</ns3:hr>
            <ns3:cad>64</ns3:cad>
          </ns3:TrackPointExtension>
        </extensions>
      </trkpt>
      <trkpt lat="30.44377748854458332061767578125" lon="120.2589425258338451385498046875">
        <ele>6.19999980926513671875</ele>
        <time>2024-12-27T13:05:36.000Z</time>
        <extensions>
          <ns3:TrackPointExtension>
            <ns3:hr>144</ns3:hr>
            <ns3:cad>64</ns3:cad>
          </ns3:TrackPointExtension>
        </extensions>
      </trkpt>
      <trkpt lat="30.4437862895429134368896484375" lon="120.25893406011164188385009765625">
        <ele>6.19999980926513671875</ele>
        <time>2024-12-27T13:05:37.000Z</time>
        <extensions>
          <ns3:TrackPointExtension>
            <ns3:hr>144</ns3:hr>
            <ns3:cad>64</ns3:cad>
          </ns3:TrackPointExtension>
        </extensions>
      </trkpt>
      <trkpt lat="30.4437940008938312530517578125" lon="120.25892794132232666015625">
        <ele>6.400000095367431640625</ele>
        <time>2024-12-27T13:05:38.000Z</time>
        <extensions>
          <ns3:TrackPointExtension>
            <ns3:hr>143</ns3:hr>
            <ns3:cad>64</ns3:cad>
          </ns3:TrackPointExtension>
        </extensions>
      </trkpt>
      <trkpt lat="30.4438023827970027923583984375" lon="120.25892349891364574432373046875">
        <ele>6.400000095367431640625</ele>
        <time>2024-12-27T13:05:39.000Z</time>
        <extensions>
          <ns3:TrackPointExtension>
            <ns3:hr>142</ns3:hr>
            <ns3:cad>65</ns3:cad>
          </ns3:TrackPointExtension>
        </extensions>
      </trkpt>
      <trkpt lat="30.44381671585142612457275390625" lon="120.2589187212288379669189453125">
        <ele>6.400000095367431640625</ele>
        <time>2024-12-27T13:05:40.000Z</time>
        <extensions>
          <ns3:TrackPointExtension>
            <ns3:hr>142</ns3:hr>
            <ns3:cad>65</ns3:cad>
          </ns3:TrackPointExtension>
        </extensions>
      </trkpt>
      <trkpt lat="30.44383130036294460296630859375" lon="120.25891385972499847412109375">
        <ele>6.599999904632568359375</ele>
        <time>2024-12-27T13:05:41.000Z</time>
        <extensions>
          <ns3:TrackPointExtension>
            <ns3:hr>141</ns3:hr>
            <ns3:cad>65</ns3:cad>
          </ns3:TrackPointExtension>
        </extensions>
      </trkpt>
      <trkpt lat="30.44384655542671680450439453125" lon="120.25890639983117580413818359375">
        <ele>6.599999904632568359375</ele>
        <time>2024-12-27T13:05:42.000Z</time>
        <extensions>
          <ns3:TrackPointExtension>
            <ns3:hr>141</ns3:hr>
            <ns3:cad>65</ns3:cad>
          </ns3:TrackPointExtension>
        </extensions>
      </trkpt>
      <trkpt lat="30.44386155903339385986328125" lon="120.25889785028994083404541015625">
        <ele>6.599999904632568359375</ele>
        <time>2024-12-27T13:05:43.000Z</time>
        <extensions>
          <ns3:TrackPointExtension>
            <ns3:hr>141</ns3:hr>
            <ns3:cad>66</ns3:cad>
          </ns3:TrackPointExtension>
        </extensions>
      </trkpt>
      <trkpt lat="30.44387740083038806915283203125" lon="120.25888913311064243316650390625">
        <ele>6.80000019073486328125</ele>
        <time>2024-12-27T13:05:44.000Z</time>
        <extensions>
          <ns3:TrackPointExtension>
            <ns3:hr>141</ns3:hr>
            <ns3:cad>66</ns3:cad>
          </ns3:TrackPointExtension>
        </extensions>
      </trkpt>
      <trkpt lat="30.4438969306647777557373046875" lon="120.258878655731678009033203125">
        <ele>6.80000019073486328125</ele>
        <time>2024-12-27T13:05:45.000Z</time>
        <extensions>
          <ns3:TrackPointExtension>
            <ns3:hr>141</ns3:hr>
            <ns3:cad>66</ns3:cad>
          </ns3:TrackPointExtension>
        </extensions>
      </trkpt>
      <trkpt lat="30.44391453266143798828125" lon="120.2588689327239990234375">
        <ele>7</ele>
        <time>2024-12-27T13:05:46.000Z</time>
        <extensions>
          <ns3:TrackPointExtension>
            <ns3:hr>140</ns3:hr>
            <ns3:cad>65</ns3:cad>
          </ns3:TrackPointExtension>
        </extensions>
      </trkpt>
      <trkpt lat="30.44393808580935001373291015625" lon="120.25885761715471744537353515625">
        <ele>7.19999980926513671875</ele>
        <time>2024-12-27T13:05:47.000Z</time>
        <extensions>
          <ns3:TrackPointExtension>
            <ns3:hr>140</ns3:hr>
            <ns3:cad>65</ns3:cad>
          </ns3:TrackPointExtension>
        </extensions>
      </trkpt>
      <trkpt lat="30.443961806595325469970703125" lon="120.25884923525154590606689453125">
        <ele>7.19999980926513671875</ele>
        <time>2024-12-27T13:05:48.000Z</time>
        <extensions>
          <ns3:TrackPointExtension>
            <ns3:hr>140</ns3:hr>
            <ns3:cad>88</ns3:cad>
          </ns3:TrackPointExtension>
        </extensions>
      </trkpt>
      <trkpt lat="30.443983934819698333740234375" lon="120.25883833877742290496826171875">
        <ele>7.400000095367431640625</ele>
        <time>2024-12-27T13:05:49.000Z</time>
        <extensions>
          <ns3:TrackPointExtension>
            <ns3:hr>140</ns3:hr>
            <ns3:cad>88</ns3:cad>
          </ns3:TrackPointExtension>
        </extensions>
      </trkpt>
      <trkpt lat="30.44400505721569061279296875" lon="120.2588273584842681884765625">
        <ele>7.400000095367431640625</ele>
        <time>2024-12-27T13:05:50.000Z</time>
        <extensions>
          <ns3:TrackPointExtension>
            <ns3:hr>140</ns3:hr>
            <ns3:cad>88</ns3:cad>
          </ns3:TrackPointExtension>
        </extensions>
      </trkpt>
      <trkpt lat="30.44402760453522205352783203125" lon="120.258812271058559417724609375">
        <ele>7.599999904632568359375</ele>
        <time>2024-12-27T13:05:51.000Z</time>
        <extensions>
          <ns3:TrackPointExtension>
            <ns3:hr>140</ns3:hr>
            <ns3:cad>89</ns3:cad>
          </ns3:TrackPointExtension>
        </extensions>
      </trkpt>
      <trkpt lat="30.44404772110283374786376953125" lon="120.258797518908977508544921875">
        <ele>7.80000019073486328125</ele>
        <time>2024-12-27T13:05:52.000Z</time>
        <extensions>
          <ns3:TrackPointExtension>
            <ns3:hr>140</ns3:hr>
            <ns3:cad>89</ns3:cad>
          </ns3:TrackPointExtension>
        </extensions>
      </trkpt>
      <trkpt lat="30.4440699331462383270263671875" lon="120.25878419168293476104736328125">
        <ele>7.80000019073486328125</ele>
        <time>2024-12-27T13:05:53.000Z</time>
        <extensions>
          <ns3:TrackPointExtension>
            <ns3:hr>140</ns3:hr>
            <ns3:cad>89</ns3:cad>
          </ns3:TrackPointExtension>
        </extensions>
      </trkpt>
      <trkpt lat="30.44409113936126232147216796875" lon="120.2587708644568920135498046875">
        <ele>7.80000019073486328125</ele>
        <time>2024-12-27T13:05:54.000Z</time>
        <extensions>
          <ns3:TrackPointExtension>
            <ns3:hr>140</ns3:hr>
            <ns3:cad>89</ns3:cad>
          </ns3:TrackPointExtension>
        </extensions>
      </trkpt>
      <trkpt lat="30.44411343522369861602783203125" lon="120.25875871069729328155517578125">
        <ele>8</ele>
        <time>2024-12-27T13:05:55.000Z</time>
        <extensions>
          <ns3:TrackPointExtension>
            <ns3:hr>140</ns3:hr>
            <ns3:cad>89</ns3:cad>
          </ns3:TrackPointExtension>
        </extensions>
      </trkpt>
      <trkpt lat="30.4441358149051666259765625" lon="120.2587470598518848419189453125">
        <ele>8</ele>
        <time>2024-12-27T13:05:56.000Z</time>
        <extensions>
          <ns3:TrackPointExtension>
            <ns3:hr>141</ns3:hr>
            <ns3:cad>89</ns3:cad>
          </ns3:TrackPointExtension>
        </extensions>
      </trkpt>
      <trkpt lat="30.44415886513888835906982421875" lon="120.25873507373034954071044921875">
        <ele>7.80000019073486328125</ele>
        <time>2024-12-27T13:05:57.000Z</time>
        <extensions>
          <ns3:TrackPointExtension>
            <ns3:hr>141</ns3:hr>
            <ns3:cad>89</ns3:cad>
          </ns3:TrackPointExtension>
        </extensions>
      </trkpt>
      <trkpt lat="30.4441812448203563690185546875" lon="120.2587227523326873779296875">
        <ele>7.80000019073486328125</ele>
        <time>2024-12-27T13:05:58.000Z</time>
        <extensions>
          <ns3:TrackPointExtension>
            <ns3:hr>142</ns3:hr>
            <ns3:cad>89</ns3:cad>
          </ns3:TrackPointExtension>
        </extensions>
      </trkpt>
      <trkpt lat="30.44419809244573116302490234375" lon="120.25871478952467441558837890625">
        <ele>7.80000019073486328125</ele>
        <time>2024-12-27T13:05:59.000Z</time>
        <extensions>
          <ns3:TrackPointExtension>
            <ns3:hr>142</ns3:hr>
            <ns3:cad>89</ns3:cad>
          </ns3:TrackPointExtension>
        </extensions>
      </trkpt>
      <trkpt lat="30.44421066530048847198486328125" lon="120.25871009565889835357666015625">
        <ele>7.80000019073486328125</ele>
        <time>2024-12-27T13:06:00.000Z</time>
        <extensions>
          <ns3:TrackPointExtension>
            <ns3:hr>142</ns3:hr>
            <ns3:cad>89</ns3:cad>
          </ns3:TrackPointExtension>
        </extensions>
      </trkpt>
      <trkpt lat="30.44422097504138946533203125" lon="120.25870355777442455291748046875">
        <ele>7.599999904632568359375</ele>
        <time>2024-12-27T13:06:01.000Z</time>
        <extensions>
          <ns3:TrackPointExtension>
            <ns3:hr>143</ns3:hr>
            <ns3:cad>89</ns3:cad>
          </ns3:TrackPointExtension>
        </extensions>
      </trkpt>
      <trkpt lat="30.44423162005841732025146484375" lon="120.2586957626044750213623046875">
        <ele>7.599999904632568359375</ele>
        <time>2024-12-27T13:06:02.000Z</time>
        <extensions>
          <ns3:TrackPointExtension>
            <ns3:hr>143</ns3:hr>
            <ns3:cad>89</ns3:cad>
          </ns3:TrackPointExtension>
        </extensions>
      </trkpt>
      <trkpt lat="30.44424301944673061370849609375" lon="120.25868545286357402801513671875">
        <ele>7.599999904632568359375</ele>
        <time>2024-12-27T13:06:03.000Z</time>
        <extensions>
          <ns3:TrackPointExtension>
            <ns3:hr>143</ns3:hr>
            <ns3:cad>89</ns3:cad>
          </ns3:TrackPointExtension>
        </extensions>
      </trkpt>
      <trkpt lat="30.44425626285374164581298828125" lon="120.25867388583719730377197265625">
        <ele>7.599999904632568359375</ele>
        <time>2024-12-27T13:06:04.000Z</time>
        <extensions>
          <ns3:TrackPointExtension>
            <ns3:hr>143</ns3:hr>
            <ns3:cad>65</ns3:cad>
          </ns3:TrackPointExtension>
        </extensions>
      </trkpt>
      <trkpt lat="30.44427067972719669342041015625" lon="120.25866483338177204132080078125">
        <ele>7.400000095367431640625</ele>
        <time>2024-12-27T13:06:05.000Z</time>
        <extensions>
          <ns3:TrackPointExtension>
            <ns3:hr>144</ns3:hr>
            <ns3:cad>65</ns3:cad>
          </ns3:TrackPointExtension>
        </extensions>
      </trkpt>
      <trkpt lat="30.444284342229366302490234375" lon="120.25865628384053707122802734375">
        <ele>7.400000095367431640625</ele>
        <time>2024-12-27T13:06:06.000Z</time>
        <extensions>
          <ns3:TrackPointExtension>
            <ns3:hr>144</ns3:hr>
            <ns3:cad>65</ns3:cad>
          </ns3:TrackPointExtension>
        </extensions>
      </trkpt>
      <trkpt lat="30.44429607689380645751953125" lon="120.25864832103252410888671875">
        <ele>7.400000095367431640625</ele>
        <time>2024-12-27T13:06:07.000Z</time>
        <extensions>
          <ns3:TrackPointExtension>
            <ns3:hr>144</ns3:hr>
            <ns3:cad>65</ns3:cad>
          </ns3:TrackPointExtension>
        </extensions>
      </trkpt>
      <trkpt lat="30.44430638663470745086669921875" lon="120.2586422860622406005859375">
        <ele>7.400000095367431640625</ele>
        <time>2024-12-27T13:06:08.000Z</time>
        <extensions>
          <ns3:TrackPointExtension>
            <ns3:hr>143</ns3:hr>
            <ns3:cad>65</ns3:cad>
          </ns3:TrackPointExtension>
        </extensions>
      </trkpt>
      <trkpt lat="30.444317869842052459716796875" lon="120.2586330659687519073486328125">
        <ele>7.400000095367431640625</ele>
        <time>2024-12-27T13:06:09.000Z</time>
        <extensions>
          <ns3:TrackPointExtension>
            <ns3:hr>142</ns3:hr>
            <ns3:cad>65</ns3:cad>
          </ns3:TrackPointExtension>
        </extensions>
      </trkpt>
      <trkpt lat="30.44432834722101688385009765625" lon="120.25862191803753376007080078125">
        <ele>7.19999980926513671875</ele>
        <time>2024-12-27T13:06:10.000Z</time>
        <extensions>
          <ns3:TrackPointExtension>
            <ns3:hr>142</ns3:hr>
            <ns3:cad>65</ns3:cad>
          </ns3:TrackPointExtension>
        </extensions>
      </trkpt>
      <trkpt lat="30.44433823786675930023193359375" lon="120.25861320085823535919189453125">
        <ele>7.19999980926513671875</ele>
        <time>2024-12-27T13:06:11.000Z</time>
        <extensions>
          <ns3:TrackPointExtension>
            <ns3:hr>141</ns3:hr>
            <ns3:cad>64</ns3:cad>
          </ns3:TrackPointExtension>
        </extensions>
      </trkpt>
      <trkpt lat="30.44434628449380397796630859375" lon="120.2586074173450469970703125">
        <ele>7.19999980926513671875</ele>
        <time>2024-12-27T13:06:12.000Z</time>
        <extensions>
          <ns3:TrackPointExtension>
            <ns3:hr>141</ns3:hr>
            <ns3:cad>64</ns3:cad>
          </ns3:TrackPointExtension>
        </extensions>
      </trkpt>
      <trkpt lat="30.4443552531301975250244140625" lon="120.25859911926090717315673828125">
        <ele>7.19999980926513671875</ele>
        <time>2024-12-27T13:06:13.000Z</time>
        <extensions>
          <ns3:TrackPointExtension>
            <ns3:hr>140</ns3:hr>
            <ns3:cad>65</ns3:cad>
          </ns3:TrackPointExtension>
        </extensions>
      </trkpt>
      <trkpt lat="30.444365479052066802978515625" lon="120.2585965208709239959716796875">
        <ele>7.19999980926513671875</ele>
        <time>2024-12-27T13:06:14.000Z</time>
        <extensions>
          <ns3:TrackPointExtension>
            <ns3:hr>140</ns3:hr>
            <ns3:cad>65</ns3:cad>
          </ns3:TrackPointExtension>
        </extensions>
      </trkpt>
      <trkpt lat="30.44437863864004611968994140625" lon="120.258589647710323333740234375">
        <ele>7.19999980926513671875</ele>
        <time>2024-12-27T13:06:15.000Z</time>
        <extensions>
          <ns3:TrackPointExtension>
            <ns3:hr>140</ns3:hr>
            <ns3:cad>65</ns3:cad>
          </ns3:TrackPointExtension>
        </extensions>
      </trkpt>
      <trkpt lat="30.4443904571235179901123046875" lon="120.25858461856842041015625">
        <ele>7</ele>
        <time>2024-12-27T13:06:16.000Z</time>
        <extensions>
          <ns3:TrackPointExtension>
            <ns3:hr>139</ns3:hr>
            <ns3:cad>65</ns3:cad>
          </ns3:TrackPointExtension>
        </extensions>
      </trkpt>
      <trkpt lat="30.44440361671149730682373046875" lon="120.25857665576040744781494140625">
        <ele>7</ele>
        <time>2024-12-27T13:06:17.000Z</time>
        <extensions>
          <ns3:TrackPointExtension>
            <ns3:hr>139</ns3:hr>
            <ns3:cad>64</ns3:cad>
          </ns3:TrackPointExtension>
        </extensions>
      </trkpt>
      <trkpt lat="30.44441853649914264678955078125" lon="120.25857078842818737030029296875">
        <ele>7</ele>
        <time>2024-12-27T13:06:18.000Z</time>
        <extensions>
          <ns3:TrackPointExtension>
            <ns3:hr>139</ns3:hr>
            <ns3:cad>64</ns3:cad>
          </ns3:TrackPointExtension>
        </extensions>
      </trkpt>
      <trkpt lat="30.44443278573453426361083984375" lon="120.25856173597276210784912109375">
        <ele>6.80000019073486328125</ele>
        <time>2024-12-27T13:06:19.000Z</time>
        <extensions>
          <ns3:TrackPointExtension>
            <ns3:hr>138</ns3:hr>
            <ns3:cad>64</ns3:cad>
          </ns3:TrackPointExtension>
        </extensions>
      </trkpt>
      <trkpt lat="30.44444628059864044189453125" lon="120.25855578482151031494140625">
        <ele>6.80000019073486328125</ele>
        <time>2024-12-27T13:06:20.000Z</time>
        <extensions>
          <ns3:TrackPointExtension>
            <ns3:hr>138</ns3:hr>
            <ns3:cad>64</ns3:cad>
          </ns3:TrackPointExtension>
        </extensions>
      </trkpt>
      <trkpt lat="30.444459356367588043212890625" lon="120.2585485763847827911376953125">
        <ele>6.599999904632568359375</ele>
        <time>2024-12-27T13:06:21.000Z</time>
        <extensions>
          <ns3:TrackPointExtension>
            <ns3:hr>138</ns3:hr>
            <ns3:cad>65</ns3:cad>
          </ns3:TrackPointExtension>
        </extensions>
      </trkpt>
      <trkpt lat="30.44447243213653564453125" lon="120.2585435472428798675537109375">
        <ele>6.599999904632568359375</ele>
        <time>2024-12-27T13:06:22.000Z</time>
        <extensions>
          <ns3:TrackPointExtension>
            <ns3:hr>137</ns3:hr>
            <ns3:cad>65</ns3:cad>
          </ns3:TrackPointExtension>
        </extensions>
      </trkpt>
      <trkpt lat="30.444483496248722076416015625" lon="120.25853541679680347442626953125">
        <ele>6.400000095367431640625</ele>
        <time>2024-12-27T13:06:23.000Z</time>
        <extensions>
          <ns3:TrackPointExtension>
            <ns3:hr>137</ns3:hr>
            <ns3:cad>65</ns3:cad>
          </ns3:TrackPointExtension>
        </extensions>
      </trkpt>
      <trkpt lat="30.4444953985512256622314453125" lon="120.258525274693965911865234375">
        <ele>6.400000095367431640625</ele>
        <time>2024-12-27T13:06:24.000Z</time>
        <extensions>
          <ns3:TrackPointExtension>
            <ns3:hr>136</ns3:hr>
            <ns3:cad>64</ns3:cad>
          </ns3:TrackPointExtension>
        </extensions>
      </trkpt>
      <trkpt lat="30.44450822286307811737060546875" lon="120.25851421058177947998046875">
        <ele>6.19999980926513671875</ele>
        <time>2024-12-27T13:06:25.000Z</time>
        <extensions>
          <ns3:TrackPointExtension>
            <ns3:hr>136</ns3:hr>
            <ns3:cad>64</ns3:cad>
          </ns3:TrackPointExtension>
        </extensions>
      </trkpt>
      <trkpt lat="30.4445208795368671417236328125" lon="120.258501134812831878662109375">
        <ele>6</ele>
        <time>2024-12-27T13:06:26.000Z</time>
        <extensions>
          <ns3:TrackPointExtension>
            <ns3:hr>136</ns3:hr>
            <ns3:cad>65</ns3:cad>
          </ns3:TrackPointExtension>
        </extensions>
      </trkpt>
      <trkpt lat="30.44453806243836879730224609375" lon="120.25848914869129657745361328125">
        <ele>5.80000019073486328125</ele>
        <time>2024-12-27T13:06:27.000Z</time>
        <extensions>
          <ns3:TrackPointExtension>
            <ns3:hr>135</ns3:hr>
            <ns3:cad>65</ns3:cad>
          </ns3:TrackPointExtension>
        </extensions>
      </trkpt>
      <trkpt lat="30.44456203468143939971923828125" lon="120.25847406126558780670166015625">
        <ele>5.599999904632568359375</ele>
        <time>2024-12-27T13:06:28.000Z</time>
        <extensions>
          <ns3:TrackPointExtension>
            <ns3:hr>135</ns3:hr>
            <ns3:cad>65</ns3:cad>
          </ns3:TrackPointExtension>
        </extensions>
      </trkpt>
      <trkpt lat="30.444586090743541717529296875" lon="120.258460901677608489990234375">
        <ele>5.19999980926513671875</ele>
        <time>2024-12-27T13:06:29.000Z</time>
        <extensions>
          <ns3:TrackPointExtension>
            <ns3:hr>135</ns3:hr>
            <ns3:cad>88</ns3:cad>
          </ns3:TrackPointExtension>
        </extensions>
      </trkpt>
      <trkpt lat="30.4446114040911197662353515625" lon="120.2584476582705974578857421875">
        <ele>5</ele>
        <time>2024-12-27T13:06:30.000Z</time>
        <extensions>
          <ns3:TrackPointExtension>
            <ns3:hr>134</ns3:hr>
            <ns3:cad>88</ns3:cad>
          </ns3:TrackPointExtension>
        </extensions>
      </trkpt>
      <trkpt lat="30.4446365498006343841552734375" lon="120.25843332521617412567138671875">
        <ele>5</ele>
        <time>2024-12-27T13:06:31.000Z</time>
        <extensions>
          <ns3:TrackPointExtension>
            <ns3:hr>134</ns3:hr>
            <ns3:cad>88</ns3:cad>
          </ns3:TrackPointExtension>
        </extensions>
      </trkpt>
      <trkpt lat="30.444659851491451263427734375" lon="120.25841874070465564727783203125">
        <ele>5</ele>
        <time>2024-12-27T13:06:32.000Z</time>
        <extensions>
          <ns3:TrackPointExtension>
            <ns3:hr>134</ns3:hr>
            <ns3:cad>89</ns3:cad>
          </ns3:TrackPointExtension>
        </extensions>
      </trkpt>
      <trkpt lat="30.44468256644904613494873046875" lon="120.25840222835540771484375">
        <ele>5</ele>
        <time>2024-12-27T13:06:33.000Z</time>
        <extensions>
          <ns3:TrackPointExtension>
            <ns3:hr>134</ns3:hr>
            <ns3:cad>89</ns3:cad>
          </ns3:TrackPointExtension>
        </extensions>
      </trkpt>
      <trkpt lat="30.44470704160630702972412109375" lon="120.25838839821517467498779296875">
        <ele>5</ele>
        <time>2024-12-27T13:06:34.000Z</time>
        <extensions>
          <ns3:TrackPointExtension>
            <ns3:hr>134</ns3:hr>
            <ns3:cad>89</ns3:cad>
          </ns3:TrackPointExtension>
        </extensions>
      </trkpt>
      <trkpt lat="30.44472933746874332427978515625" lon="120.2583738975226879119873046875">
        <ele>5</ele>
        <time>2024-12-27T13:06:35.000Z</time>
        <extensions>
          <ns3:TrackPointExtension>
            <ns3:hr>134</ns3:hr>
            <ns3:cad>89</ns3:cad>
          </ns3:TrackPointExtension>
        </extensions>
      </trkpt>
      <trkpt lat="30.44475414790213108062744140625" lon="120.25835864245891571044921875">
        <ele>5</ele>
        <time>2024-12-27T13:06:36.000Z</time>
        <extensions>
          <ns3:TrackPointExtension>
            <ns3:hr>134</ns3:hr>
            <ns3:cad>89</ns3:cad>
          </ns3:TrackPointExtension>
        </extensions>
      </trkpt>
      <trkpt lat="30.44477711431682109832763671875" lon="120.25834950618445873260498046875">
        <ele>5</ele>
        <time>2024-12-27T13:06:37.000Z</time>
        <extensions>
          <ns3:TrackPointExtension>
            <ns3:hr>134</ns3:hr>
            <ns3:cad>89</ns3:cad>
          </ns3:TrackPointExtension>
        </extensions>
      </trkpt>
      <trkpt lat="30.4448028467595577239990234375" lon="120.25834162719547748565673828125">
        <ele>5</ele>
        <time>2024-12-27T13:06:38.000Z</time>
        <extensions>
          <ns3:TrackPointExtension>
            <ns3:hr>134</ns3:hr>
            <ns3:cad>89</ns3:cad>
          </ns3:TrackPointExtension>
        </extensions>
      </trkpt>
      <trkpt lat="30.44482581317424774169921875" lon="120.25833827443420886993408203125">
        <ele>5.19999980926513671875</ele>
        <time>2024-12-27T13:06:39.000Z</time>
        <extensions>
          <ns3:TrackPointExtension>
            <ns3:hr>134</ns3:hr>
            <ns3:cad>89</ns3:cad>
          </ns3:TrackPointExtension>
        </extensions>
      </trkpt>
      <trkpt lat="30.44485020451247692108154296875" lon="120.2583396993577480316162109375">
        <ele>5.19999980926513671875</ele>
        <time>2024-12-27T13:06:40.000Z</time>
        <extensions>
          <ns3:TrackPointExtension>
            <ns3:hr>134</ns3:hr>
            <ns3:cad>89</ns3:cad>
          </ns3:TrackPointExtension>
        </extensions>
      </trkpt>
      <trkpt lat="30.44487400911748409271240234375" lon="120.2583433873951435089111328125">
        <ele>5.400000095367431640625</ele>
        <time>2024-12-27T13:06:41.000Z</time>
        <extensions>
          <ns3:TrackPointExtension>
            <ns3:hr>135</ns3:hr>
            <ns3:cad>89</ns3:cad>
          </ns3:TrackPointExtension>
        </extensions>
      </trkpt>
      <trkpt lat="30.44489697553217411041259765625" lon="120.2583504281938076019287109375">
        <ele>5.400000095367431640625</ele>
        <time>2024-12-27T13:06:42.000Z</time>
        <extensions>
          <ns3:TrackPointExtension>
            <ns3:hr>136</ns3:hr>
            <ns3:cad>89</ns3:cad>
          </ns3:TrackPointExtension>
        </extensions>
      </trkpt>
      <trkpt lat="30.44491876848042011260986328125" lon="120.25835989974439144134521484375">
        <ele>5.400000095367431640625</ele>
        <time>2024-12-27T13:06:43.000Z</time>
        <extensions>
          <ns3:TrackPointExtension>
            <ns3:hr>136</ns3:hr>
            <ns3:cad>90</ns3:cad>
          </ns3:TrackPointExtension>
        </extensions>
      </trkpt>
      <trkpt lat="30.4449389688670635223388671875" lon="120.2583735622465610504150390625">
        <ele>5.400000095367431640625</ele>
        <time>2024-12-27T13:06:44.000Z</time>
        <extensions>
          <ns3:TrackPointExtension>
            <ns3:hr>137</ns3:hr>
            <ns3:cad>90</ns3:cad>
          </ns3:TrackPointExtension>
        </extensions>
      </trkpt>
      <trkpt lat="30.44495430774986743927001953125" lon="120.25838672183454036712646484375">
        <ele>5.400000095367431640625</ele>
        <time>2024-12-27T13:06:45.000Z</time>
        <extensions>
          <ns3:TrackPointExtension>
            <ns3:hr>138</ns3:hr>
            <ns3:cad>90</ns3:cad>
          </ns3:TrackPointExtension>
        </extensions>
      </trkpt>
      <trkpt lat="30.4449678026139736175537109375" lon="120.2583977021276950836181640625">
        <ele>5.400000095367431640625</ele>
        <time>2024-12-27T13:06:46.000Z</time>
        <extensions>
          <ns3:TrackPointExtension>
            <ns3:hr>138</ns3:hr>
            <ns3:cad>90</ns3:cad>
          </ns3:TrackPointExtension>
        </extensions>
      </trkpt>
      <trkpt lat="30.44497811235487461090087890625" lon="120.25840801186859607696533203125">
        <ele>5.400000095367431640625</ele>
        <time>2024-12-27T13:06:47.000Z</time>
        <extensions>
          <ns3:TrackPointExtension>
            <ns3:hr>139</ns3:hr>
            <ns3:cad>90</ns3:cad>
          </ns3:TrackPointExtension>
        </extensions>
      </trkpt>
      <trkpt lat="30.44498934410512447357177734375" lon="120.2584211714565753936767578125">
        <ele>5.400000095367431640625</ele>
        <time>2024-12-27T13:06:48.000Z</time>
        <extensions>
          <ns3:TrackPointExtension>
            <ns3:hr>140</ns3:hr>
            <ns3:cad>90</ns3:cad>
          </ns3:TrackPointExtension>
        </extensions>
      </trkpt>
      <trkpt lat="30.4449996538460254669189453125" lon="120.2584362588822841644287109375">
        <ele>5.400000095367431640625</ele>
        <time>2024-12-27T13:06:49.000Z</time>
        <extensions>
          <ns3:TrackPointExtension>
            <ns3:hr>141</ns3:hr>
            <ns3:cad>90</ns3:cad>
          </ns3:TrackPointExtension>
        </extensions>
      </trkpt>
      <trkpt lat="30.4450097121298313140869140625" lon="120.2584518492221832275390625">
        <ele>5.400000095367431640625</ele>
        <time>2024-12-27T13:06:50.000Z</time>
        <extensions>
          <ns3:TrackPointExtension>
            <ns3:hr>142</ns3:hr>
            <ns3:cad>90</ns3:cad>
          </ns3:TrackPointExtension>
        </extensions>
      </trkpt>
      <trkpt lat="30.44501834549009799957275390625" lon="120.25847104378044605255126953125">
        <ele>5.400000095367431640625</ele>
        <time>2024-12-27T13:06:51.000Z</time>
        <extensions>
          <ns3:TrackPointExtension>
            <ns3:hr>142</ns3:hr>
            <ns3:cad>90</ns3:cad>
          </ns3:TrackPointExtension>
        </extensions>
      </trkpt>
      <trkpt lat="30.445026643574237823486328125" lon="120.2584966085851192474365234375">
        <ele>5.400000095367431640625</ele>
        <time>2024-12-27T13:06:52.000Z</time>
        <extensions>
          <ns3:TrackPointExtension>
            <ns3:hr>143</ns3:hr>
            <ns3:cad>0</ns3:cad>
          </ns3:TrackPointExtension>
        </extensions>
      </trkpt>
      <trkpt lat="30.44503527693450450897216796875" lon="120.25852234102785587310791015625">
        <ele>5.19999980926513671875</ele>
        <time>2024-12-27T13:06:53.000Z</time>
        <extensions>
          <ns3:TrackPointExtension>
            <ns3:hr>143</ns3:hr>
            <ns3:cad>0</ns3:cad>
          </ns3:TrackPointExtension>
        </extensions>
      </trkpt>
      <trkpt lat="30.44504416175186634063720703125" lon="120.25855016894638538360595703125">
        <ele>5.400000095367431640625</ele>
        <time>2024-12-27T13:06:54.000Z</time>
        <extensions>
          <ns3:TrackPointExtension>
            <ns3:hr>144</ns3:hr>
            <ns3:cad>0</ns3:cad>
          </ns3:TrackPointExtension>
        </extensions>
      </trkpt>
      <trkpt lat="30.44505388475954532623291015625" lon="120.25857849977910518646240234375">
        <ele>5.599999904632568359375</ele>
        <time>2024-12-27T13:06:55.000Z</time>
        <extensions>
          <ns3:TrackPointExtension>
            <ns3:hr>144</ns3:hr>
            <ns3:cad>88</ns3:cad>
          </ns3:TrackPointExtension>
        </extensions>
      </trkpt>
      <trkpt lat="30.44506394304335117340087890625" lon="120.25860465131700038909912109375">
        <ele>5.599999904632568359375</ele>
        <time>2024-12-27T13:06:56.000Z</time>
        <extensions>
          <ns3:TrackPointExtension>
            <ns3:hr>144</ns3:hr>
            <ns3:cad>90</ns3:cad>
          </ns3:TrackPointExtension>
        </extensions>
      </trkpt>
      <trkpt lat="30.44507500715553760528564453125" lon="120.25862778536975383758544921875">
        <ele>5.80000019073486328125</ele>
        <time>2024-12-27T13:06:57.000Z</time>
        <extensions>
          <ns3:TrackPointExtension>
            <ns3:hr>144</ns3:hr>
            <ns3:cad>90</ns3:cad>
          </ns3:TrackPointExtension>
        </extensions>
      </trkpt>
      <trkpt lat="30.44508523307740688323974609375" lon="120.25865410454571247100830078125">
        <ele>5.80000019073486328125</ele>
        <time>2024-12-27T13:06:58.000Z</time>
        <extensions>
          <ns3:TrackPointExtension>
            <ns3:hr>144</ns3:hr>
            <ns3:cad>90</ns3:cad>
          </ns3:TrackPointExtension>
        </extensions>
      </trkpt>
      <trkpt lat="30.4450968839228153228759765625" lon="120.25867992080748081207275390625">
        <ele>6</ele>
        <time>2024-12-27T13:06:59.000Z</time>
        <extensions>
          <ns3:TrackPointExtension>
            <ns3:hr>144</ns3:hr>
            <ns3:cad>90</ns3:cad>
          </ns3:TrackPointExtension>
        </extensions>
      </trkpt>
      <trkpt lat="30.44510769657790660858154296875" lon="120.25870607234537601470947265625">
        <ele>6</ele>
        <time>2024-12-27T13:07:00.000Z</time>
        <extensions>
          <ns3:TrackPointExtension>
            <ns3:hr>144</ns3:hr>
            <ns3:cad>90</ns3:cad>
          </ns3:TrackPointExtension>
        </extensions>
      </trkpt>
      <trkpt lat="30.44511473737657070159912109375" lon="120.25873138569295406341552734375">
        <ele>6</ele>
        <time>2024-12-27T13:07:01.000Z</time>
        <extensions>
          <ns3:TrackPointExtension>
            <ns3:hr>144</ns3:hr>
            <ns3:cad>89</ns3:cad>
          </ns3:TrackPointExtension>
        </extensions>
      </trkpt>
      <trkpt lat="30.44512345455586910247802734375" lon="120.25875686667859554290771484375">
        <ele>6.19999980926513671875</ele>
        <time>2024-12-27T13:07:02.000Z</time>
        <extensions>
          <ns3:TrackPointExtension>
            <ns3:hr>145</ns3:hr>
            <ns3:cad>89</ns3:cad>
          </ns3:TrackPointExtension>
        </extensions>
      </trkpt>
      <trkpt lat="30.44513535685837268829345703125" lon="120.25878218002617359161376953125">
        <ele>6.19999980926513671875</ele>
        <time>2024-12-27T13:07:03.000Z</time>
        <extensions>
          <ns3:TrackPointExtension>
            <ns3:hr>145</ns3:hr>
            <ns3:cad>88</ns3:cad>
          </ns3:TrackPointExtension>
        </extensions>
      </trkpt>
      <trkpt lat="30.44514767825603485107421875" lon="120.2588064037263393402099609375">
        <ele>6.400000095367431640625</ele>
        <time>2024-12-27T13:07:04.000Z</time>
        <extensions>
          <ns3:TrackPointExtension>
            <ns3:hr>145</ns3:hr>
            <ns3:cad>88</ns3:cad>
          </ns3:TrackPointExtension>
        </extensions>
      </trkpt>
      <trkpt lat="30.4451595805585384368896484375" lon="120.2588305436074733734130859375">
        <ele>6.599999904632568359375</ele>
        <time>2024-12-27T13:07:05.000Z</time>
        <extensions>
          <ns3:TrackPointExtension>
            <ns3:hr>146</ns3:hr>
            <ns3:cad>89</ns3:cad>
          </ns3:TrackPointExtension>
        </extensions>
      </trkpt>
      <trkpt lat="30.4451682977378368377685546875" lon="120.2588570304214954376220703125">
        <ele>6.80000019073486328125</ele>
        <time>2024-12-27T13:07:06.000Z</time>
        <extensions>
          <ns3:TrackPointExtension>
            <ns3:hr>146</ns3:hr>
            <ns3:cad>89</ns3:cad>
          </ns3:TrackPointExtension>
        </extensions>
      </trkpt>
      <trkpt lat="30.44517860747873783111572265625" lon="120.2588815055787563323974609375">
        <ele>7.19999980926513671875</ele>
        <time>2024-12-27T13:07:07.000Z</time>
        <extensions>
          <ns3:TrackPointExtension>
            <ns3:hr>146</ns3:hr>
            <ns3:cad>89</ns3:cad>
          </ns3:TrackPointExtension>
        </extensions>
      </trkpt>
      <trkpt lat="30.4451904259622097015380859375" lon="120.25890606455504894256591796875">
        <ele>7.400000095367431640625</ele>
        <time>2024-12-27T13:07:08.000Z</time>
        <extensions>
          <ns3:TrackPointExtension>
            <ns3:hr>147</ns3:hr>
            <ns3:cad>89</ns3:cad>
          </ns3:TrackPointExtension>
        </extensions>
      </trkpt>
      <trkpt lat="30.4452006518840789794921875" lon="120.25893129408359527587890625">
        <ele>7.599999904632568359375</ele>
        <time>2024-12-27T13:07:09.000Z</time>
        <extensions>
          <ns3:TrackPointExtension>
            <ns3:hr>149</ns3:hr>
            <ns3:cad>89</ns3:cad>
          </ns3:TrackPointExtension>
        </extensions>
      </trkpt>
      <trkpt lat="30.44520643539726734161376953125" lon="120.258951075375080108642578125">
        <ele>7.80000019073486328125</ele>
        <time>2024-12-27T13:07:10.000Z</time>
        <extensions>
          <ns3:TrackPointExtension>
            <ns3:hr>147</ns3:hr>
            <ns3:cad>90</ns3:cad>
          </ns3:TrackPointExtension>
        </extensions>
      </trkpt>
      <trkpt lat="30.44521112926304340362548828125" lon="120.25896616280078887939453125">
        <ele>8</ele>
        <time>2024-12-27T13:07:11.000Z</time>
        <extensions>
          <ns3:TrackPointExtension>
            <ns3:hr>147</ns3:hr>
            <ns3:cad>90</ns3:cad>
          </ns3:TrackPointExtension>
        </extensions>
      </trkpt>
      <trkpt lat="30.44521464966237545013427734375" lon="120.25897898711264133453369140625">
        <ele>8</ele>
        <time>2024-12-27T13:07:12.000Z</time>
        <extensions>
          <ns3:TrackPointExtension>
            <ns3:hr>148</ns3:hr>
            <ns3:cad>90</ns3:cad>
          </ns3:TrackPointExtension>
        </extensions>
      </trkpt>
      <trkpt lat="30.445219762623310089111328125" lon="120.258993320167064666748046875">
        <ele>8.19999980926513671875</ele>
        <time>2024-12-27T13:07:13.000Z</time>
        <extensions>
          <ns3:TrackPointExtension>
            <ns3:hr>148</ns3:hr>
            <ns3:cad>90</ns3:cad>
          </ns3:TrackPointExtension>
        </extensions>
      </trkpt>
      <trkpt lat="30.4452221095561981201171875" lon="120.2590070664882659912109375">
        <ele>8.3999996185302734375</ele>
        <time>2024-12-27T13:07:14.000Z</time>
        <extensions>
          <ns3:TrackPointExtension>
            <ns3:hr>148</ns3:hr>
            <ns3:cad>90</ns3:cad>
          </ns3:TrackPointExtension>
        </extensions>
      </trkpt>
      <trkpt lat="30.445227138698101043701171875" lon="120.25902139954268932342529296875">
        <ele>8.3999996185302734375</ele>
        <time>2024-12-27T13:07:15.000Z</time>
        <extensions>
          <ns3:TrackPointExtension>
            <ns3:hr>148</ns3:hr>
            <ns3:cad>66</ns3:cad>
          </ns3:TrackPointExtension>
        </extensions>
      </trkpt>
      <trkpt lat="30.44523258693516254425048828125" lon="120.2590353973209857940673828125">
        <ele>8.6000003814697265625</ele>
        <time>2024-12-27T13:07:16.000Z</time>
        <extensions>
          <ns3:TrackPointExtension>
            <ns3:hr>148</ns3:hr>
            <ns3:cad>65</ns3:cad>
          </ns3:TrackPointExtension>
        </extensions>
      </trkpt>
      <trkpt lat="30.44523912481963634490966796875" lon="120.25905199348926544189453125">
        <ele>8.80000019073486328125</ele>
        <time>2024-12-27T13:07:17.000Z</time>
        <extensions>
          <ns3:TrackPointExtension>
            <ns3:hr>148</ns3:hr>
            <ns3:cad>65</ns3:cad>
          </ns3:TrackPointExtension>
        </extensions>
      </trkpt>
      <trkpt lat="30.4452470876276493072509765625" lon="120.25906850583851337432861328125">
        <ele>9</ele>
        <time>2024-12-27T13:07:18.000Z</time>
        <extensions>
          <ns3:TrackPointExtension>
            <ns3:hr>148</ns3:hr>
            <ns3:cad>65</ns3:cad>
          </ns3:TrackPointExtension>
        </extensions>
      </trkpt>
      <trkpt lat="30.44525354169309139251708984375" lon="120.2590836770832538604736328125">
        <ele>9</ele>
        <time>2024-12-27T13:07:19.000Z</time>
        <extensions>
          <ns3:TrackPointExtension>
            <ns3:hr>147</ns3:hr>
            <ns3:cad>65</ns3:cad>
          </ns3:TrackPointExtension>
        </extensions>
      </trkpt>
      <trkpt lat="30.44526024721562862396240234375" lon="120.25909499265253543853759765625">
        <ele>9</ele>
        <time>2024-12-27T13:07:20.000Z</time>
        <extensions>
          <ns3:TrackPointExtension>
            <ns3:hr>146</ns3:hr>
            <ns3:cad>65</ns3:cad>
          </ns3:TrackPointExtension>
        </extensions>
      </trkpt>
      <trkpt lat="30.4452695511281490325927734375" lon="120.2591104991734027862548828125">
        <ele>9</ele>
        <time>2024-12-27T13:07:21.000Z</time>
        <extensions>
          <ns3:TrackPointExtension>
            <ns3:hr>145</ns3:hr>
            <ns3:cad>66</ns3:cad>
          </ns3:TrackPointExtension>
        </extensions>
      </trkpt>
      <trkpt lat="30.4452786035835742950439453125" lon="120.25913170538842678070068359375">
        <ele>9</ele>
        <time>2024-12-27T13:07:22.000Z</time>
        <extensions>
          <ns3:TrackPointExtension>
            <ns3:hr>144</ns3:hr>
            <ns3:cad>66</ns3:cad>
          </ns3:TrackPointExtension>
        </extensions>
      </trkpt>
      <trkpt lat="30.4452889971435070037841796875" lon="120.259155593812465667724609375">
        <ele>9</ele>
        <time>2024-12-27T13:07:23.000Z</time>
        <extensions>
          <ns3:TrackPointExtension>
            <ns3:hr>143</ns3:hr>
            <ns3:cad>66</ns3:cad>
          </ns3:TrackPointExtension>
        </extensions>
      </trkpt>
      <trkpt lat="30.44530048035085201263427734375" lon="120.2591805718839168548583984375">
        <ele>9</ele>
        <time>2024-12-27T13:07:24.000Z</time>
        <extensions>
          <ns3:TrackPointExtension>
            <ns3:hr>142</ns3:hr>
            <ns3:cad>66</ns3:cad>
          </ns3:TrackPointExtension>
        </extensions>
      </trkpt>
      <trkpt lat="30.4453111253678798675537109375" lon="120.2592082321643829345703125">
        <ele>9</ele>
        <time>2024-12-27T13:07:25.000Z</time>
        <extensions>
          <ns3:TrackPointExtension>
            <ns3:hr>142</ns3:hr>
            <ns3:cad>88</ns3:cad>
          </ns3:TrackPointExtension>
        </extensions>
      </trkpt>
      <trkpt lat="30.44532109983265399932861328125" lon="120.259233377873897552490234375">
        <ele>9</ele>
        <time>2024-12-27T13:07:26.000Z</time>
        <extensions>
          <ns3:TrackPointExtension>
            <ns3:hr>142</ns3:hr>
            <ns3:cad>88</ns3:cad>
          </ns3:TrackPointExtension>
        </extensions>
      </trkpt>
      <trkpt lat="30.44533451087772846221923828125" lon="120.259257517755031585693359375">
        <ele>9</ele>
        <time>2024-12-27T13:07:27.000Z</time>
        <extensions>
          <ns3:TrackPointExtension>
            <ns3:hr>141</ns3:hr>
            <ns3:cad>88</ns3:cad>
          </ns3:TrackPointExtension>
        </extensions>
      </trkpt>
      <trkpt lat="30.445348508656024932861328125" lon="120.259282998740673065185546875">
        <ele>9</ele>
        <time>2024-12-27T13:07:28.000Z</time>
        <extensions>
          <ns3:TrackPointExtension>
            <ns3:hr>141</ns3:hr>
            <ns3:cad>89</ns3:cad>
          </ns3:TrackPointExtension>
        </extensions>
      </trkpt>
      <trkpt lat="30.44535982422530651092529296875" lon="120.259311497211456298828125">
        <ele>9</ele>
        <time>2024-12-27T13:07:29.000Z</time>
        <extensions>
          <ns3:TrackPointExtension>
            <ns3:hr>141</ns3:hr>
            <ns3:cad>89</ns3:cad>
          </ns3:TrackPointExtension>
        </extensions>
      </trkpt>
      <trkpt lat="30.445370972156524658203125" lon="120.25934142060577869415283203125">
        <ele>9</ele>
        <time>2024-12-27T13:07:30.000Z</time>
        <extensions>
          <ns3:TrackPointExtension>
            <ns3:hr>141</ns3:hr>
            <ns3:cad>89</ns3:cad>
          </ns3:TrackPointExtension>
        </extensions>
      </trkpt>
      <trkpt lat="30.44538077898323535919189453125" lon="120.259366147220134735107421875">
        <ele>9</ele>
        <time>2024-12-27T13:07:31.000Z</time>
        <extensions>
          <ns3:TrackPointExtension>
            <ns3:hr>141</ns3:hr>
            <ns3:cad>88</ns3:cad>
          </ns3:TrackPointExtension>
        </extensions>
      </trkpt>
      <trkpt lat="30.44539117254316806793212890625" lon="120.25939104147255420684814453125">
        <ele>9.19999980926513671875</ele>
        <time>2024-12-27T13:07:32.000Z</time>
        <extensions>
          <ns3:TrackPointExtension>
            <ns3:hr>141</ns3:hr>
            <ns3:cad>89</ns3:cad>
          </ns3:TrackPointExtension>
        </extensions>
      </trkpt>
      <trkpt lat="30.44540257193148136138916015625" lon="120.2594182826578617095947265625">
        <ele>9.19999980926513671875</ele>
        <time>2024-12-27T13:07:33.000Z</time>
        <extensions>
          <ns3:TrackPointExtension>
            <ns3:hr>141</ns3:hr>
            <ns3:cad>89</ns3:cad>
          </ns3:TrackPointExtension>
        </extensions>
      </trkpt>
      <trkpt lat="30.4454157315194606781005859375" lon="120.25944485329091548919677734375">
        <ele>9.3999996185302734375</ele>
        <time>2024-12-27T13:07:34.000Z</time>
        <extensions>
          <ns3:TrackPointExtension>
            <ns3:hr>141</ns3:hr>
            <ns3:cad>89</ns3:cad>
          </ns3:TrackPointExtension>
        </extensions>
      </trkpt>
      <trkpt lat="30.445428304374217987060546875" lon="120.25947234593331813812255859375">
        <ele>9.3999996185302734375</ele>
        <time>2024-12-27T13:07:35.000Z</time>
        <extensions>
          <ns3:TrackPointExtension>
            <ns3:hr>141</ns3:hr>
            <ns3:cad>90</ns3:cad>
          </ns3:TrackPointExtension>
        </extensions>
      </trkpt>
      <trkpt lat="30.4454405419528484344482421875" lon="120.259496904909610748291015625">
        <ele>9.3999996185302734375</ele>
        <time>2024-12-27T13:07:36.000Z</time>
        <extensions>
          <ns3:TrackPointExtension>
            <ns3:hr>141</ns3:hr>
            <ns3:cad>90</ns3:cad>
          </ns3:TrackPointExtension>
        </extensions>
      </trkpt>
      <trkpt lat="30.4454542882740497589111328125" lon="120.25952381081879138946533203125">
        <ele>9.6000003814697265625</ele>
        <time>2024-12-27T13:07:37.000Z</time>
        <extensions>
          <ns3:TrackPointExtension>
            <ns3:hr>141</ns3:hr>
            <ns3:cad>90</ns3:cad>
          </ns3:TrackPointExtension>
        </extensions>
      </trkpt>
      <trkpt lat="30.44546476565301418304443359375" lon="120.2595460228621959686279296875">
        <ele>9.6000003814697265625</ele>
        <time>2024-12-27T13:07:38.000Z</time>
        <extensions>
          <ns3:TrackPointExtension>
            <ns3:hr>141</ns3:hr>
            <ns3:cad>90</ns3:cad>
          </ns3:TrackPointExtension>
        </extensions>
      </trkpt>
      <trkpt lat="30.44547465629875659942626953125" lon="120.25956488214433193206787109375">
        <ele>9.80000019073486328125</ele>
        <time>2024-12-27T13:07:39.000Z</time>
        <extensions>
          <ns3:TrackPointExtension>
            <ns3:hr>141</ns3:hr>
            <ns3:cad>89</ns3:cad>
          </ns3:TrackPointExtension>
        </extensions>
      </trkpt>
      <trkpt lat="30.4454831220209598541259765625" lon="120.2595818974077701568603515625">
        <ele>9.80000019073486328125</ele>
        <time>2024-12-27T13:07:40.000Z</time>
        <extensions>
          <ns3:TrackPointExtension>
            <ns3:hr>141</ns3:hr>
            <ns3:cad>89</ns3:cad>
          </ns3:TrackPointExtension>
        </extensions>
      </trkpt>
      <trkpt lat="30.4454891569912433624267578125" lon="120.259595476090908050537109375">
        <ele>9.80000019073486328125</ele>
        <time>2024-12-27T13:07:41.000Z</time>
        <extensions>
          <ns3:TrackPointExtension>
            <ns3:hr>141</ns3:hr>
            <ns3:cad>89</ns3:cad>
          </ns3:TrackPointExtension>
        </extensions>
      </trkpt>
      <trkpt lat="30.445493347942829132080078125" lon="120.25960980914533138275146484375">
        <ele>10</ele>
        <time>2024-12-27T13:07:42.000Z</time>
        <extensions>
          <ns3:TrackPointExtension>
            <ns3:hr>141</ns3:hr>
            <ns3:cad>89</ns3:cad>
          </ns3:TrackPointExtension>
        </extensions>
      </trkpt>
      <trkpt lat="30.44549745507538318634033203125" lon="120.25962053798139095306396484375">
        <ele>10</ele>
        <time>2024-12-27T13:07:43.000Z</time>
        <extensions>
          <ns3:TrackPointExtension>
            <ns3:hr>141</ns3:hr>
            <ns3:cad>89</ns3:cad>
          </ns3:TrackPointExtension>
        </extensions>
      </trkpt>
      <trkpt lat="30.445501394569873809814453125" lon="120.25963327847421169281005859375">
        <ele>9.80000019073486328125</ele>
        <time>2024-12-27T13:07:44.000Z</time>
        <extensions>
          <ns3:TrackPointExtension>
            <ns3:hr>140</ns3:hr>
            <ns3:cad>62</ns3:cad>
          </ns3:TrackPointExtension>
        </extensions>
      </trkpt>
      <trkpt lat="30.44550885446369647979736328125" lon="120.25964987464249134063720703125">
        <ele>10</ele>
        <time>2024-12-27T13:07:45.000Z</time>
        <extensions>
          <ns3:TrackPointExtension>
            <ns3:hr>140</ns3:hr>
            <ns3:cad>62</ns3:cad>
          </ns3:TrackPointExtension>
        </extensions>
      </trkpt>
      <trkpt lat="30.44551639817655086517333984375" lon="120.25966311804950237274169921875">
        <ele>10</ele>
        <time>2024-12-27T13:07:46.000Z</time>
        <extensions>
          <ns3:TrackPointExtension>
            <ns3:hr>140</ns3:hr>
            <ns3:cad>62</ns3:cad>
          </ns3:TrackPointExtension>
        </extensions>
      </trkpt>
      <trkpt lat="30.44553047977387905120849609375" lon="120.25968440808355808258056640625">
        <ele>10.19999980926513671875</ele>
        <time>2024-12-27T13:07:47.000Z</time>
        <extensions>
          <ns3:TrackPointExtension>
            <ns3:hr>140</ns3:hr>
            <ns3:cad>61</ns3:cad>
          </ns3:TrackPointExtension>
        </extensions>
      </trkpt>
      <trkpt lat="30.44554338790476322174072265625" lon="120.259706117212772369384765625">
        <ele>10.19999980926513671875</ele>
        <time>2024-12-27T13:07:48.000Z</time>
        <extensions>
          <ns3:TrackPointExtension>
            <ns3:hr>139</ns3:hr>
            <ns3:cad>61</ns3:cad>
          </ns3:TrackPointExtension>
        </extensions>
      </trkpt>
      <trkpt lat="30.44555428437888622283935546875" lon="120.25973218493163585662841796875">
        <ele>10.19999980926513671875</ele>
        <time>2024-12-27T13:07:49.000Z</time>
        <extensions>
          <ns3:TrackPointExtension>
            <ns3:hr>138</ns3:hr>
            <ns3:cad>61</ns3:cad>
          </ns3:TrackPointExtension>
        </extensions>
      </trkpt>
      <trkpt lat="30.44556601904332637786865234375" lon="120.2597554028034210205078125">
        <ele>10.19999980926513671875</ele>
        <time>2024-12-27T13:07:50.000Z</time>
        <extensions>
          <ns3:TrackPointExtension>
            <ns3:hr>137</ns3:hr>
            <ns3:cad>88</ns3:cad>
          </ns3:TrackPointExtension>
        </extensions>
      </trkpt>
      <trkpt lat="30.4455776698887348175048828125" lon="120.2597807161509990692138671875">
        <ele>10.3999996185302734375</ele>
        <time>2024-12-27T13:07:51.000Z</time>
        <extensions>
          <ns3:TrackPointExtension>
            <ns3:hr>136</ns3:hr>
            <ns3:cad>90</ns3:cad>
          </ns3:TrackPointExtension>
        </extensions>
      </trkpt>
      <trkpt lat="30.44558965601027011871337890625" lon="120.25980628095567226409912109375">
        <ele>10.3999996185302734375</ele>
        <time>2024-12-27T13:07:52.000Z</time>
        <extensions>
          <ns3:TrackPointExtension>
            <ns3:hr>135</ns3:hr>
            <ns3:cad>90</ns3:cad>
          </ns3:TrackPointExtension>
        </extensions>
      </trkpt>
      <trkpt lat="30.4456014744937419891357421875" lon="120.2598320133984088897705078125">
        <ele>10.3999996185302734375</ele>
        <time>2024-12-27T13:07:53.000Z</time>
        <extensions>
          <ns3:TrackPointExtension>
            <ns3:hr>134</ns3:hr>
            <ns3:cad>90</ns3:cad>
          </ns3:TrackPointExtension>
        </extensions>
      </trkpt>
      <trkpt lat="30.44561304152011871337890625" lon="120.25985774584114551544189453125">
        <ele>10.3999996185302734375</ele>
        <time>2024-12-27T13:07:54.000Z</time>
        <extensions>
          <ns3:TrackPointExtension>
            <ns3:hr>134</ns3:hr>
            <ns3:cad>90</ns3:cad>
          </ns3:TrackPointExtension>
        </extensions>
      </trkpt>
      <trkpt lat="30.44562318362295627593994140625" lon="120.25988356210291385650634765625">
        <ele>10.6000003814697265625</ele>
        <time>2024-12-27T13:07:55.000Z</time>
        <extensions>
          <ns3:TrackPointExtension>
            <ns3:hr>134</ns3:hr>
            <ns3:cad>90</ns3:cad>
          </ns3:TrackPointExtension>
        </extensions>
      </trkpt>
      <trkpt lat="30.44563206844031810760498046875" lon="120.259909965097904205322265625">
        <ele>10.6000003814697265625</ele>
        <time>2024-12-27T13:07:56.000Z</time>
        <extensions>
          <ns3:TrackPointExtension>
            <ns3:hr>133</ns3:hr>
            <ns3:cad>91</ns3:cad>
          </ns3:TrackPointExtension>
        </extensions>
      </trkpt>
      <trkpt lat="30.44564128853380680084228515625" lon="120.2599319256842136383056640625">
        <ele>10.6000003814697265625</ele>
        <time>2024-12-27T13:07:57.000Z</time>
        <extensions>
          <ns3:TrackPointExtension>
            <ns3:hr>133</ns3:hr>
            <ns3:cad>91</ns3:cad>
          </ns3:TrackPointExtension>
        </extensions>
      </trkpt>
      <trkpt lat="30.44564866460859775543212890625" lon="120.259952880442142486572265625">
        <ele>10.6000003814697265625</ele>
        <time>2024-12-27T13:07:58.000Z</time>
        <extensions>
          <ns3:TrackPointExtension>
            <ns3:hr>132</ns3:hr>
            <ns3:cad>91</ns3:cad>
          </ns3:TrackPointExtension>
        </extensions>
      </trkpt>
      <trkpt lat="30.44565863907337188720703125" lon="120.25997333228588104248046875">
        <ele>10.3999996185302734375</ele>
        <time>2024-12-27T13:07:59.000Z</time>
        <extensions>
          <ns3:TrackPointExtension>
            <ns3:hr>132</ns3:hr>
            <ns3:cad>90</ns3:cad>
          </ns3:TrackPointExtension>
        </extensions>
      </trkpt>
      <trkpt lat="30.44566911645233631134033203125" lon="120.259991772472858428955078125">
        <ele>10.3999996185302734375</ele>
        <time>2024-12-27T13:08:00.000Z</time>
        <extensions>
          <ns3:TrackPointExtension>
            <ns3:hr>132</ns3:hr>
            <ns3:cad>90</ns3:cad>
          </ns3:TrackPointExtension>
        </extensions>
      </trkpt>
      <trkpt lat="30.44567883946001529693603515625" lon="120.26000828482210636138916015625">
        <ele>10.3999996185302734375</ele>
        <time>2024-12-27T13:08:01.000Z</time>
        <extensions>
          <ns3:TrackPointExtension>
            <ns3:hr>132</ns3:hr>
            <ns3:cad>89</ns3:cad>
          </ns3:TrackPointExtension>
        </extensions>
      </trkpt>
      <trkpt lat="30.445686466991901397705078125" lon="120.260018594563007354736328125">
        <ele>10.3999996185302734375</ele>
        <time>2024-12-27T13:08:02.000Z</time>
        <extensions>
          <ns3:TrackPointExtension>
            <ns3:hr>131</ns3:hr>
            <ns3:cad>89</ns3:cad>
          </ns3:TrackPointExtension>
        </extensions>
      </trkpt>
      <trkpt lat="30.4456913284957408905029296875" lon="120.26003225706517696380615234375">
        <ele>10.3999996185302734375</ele>
        <time>2024-12-27T13:08:03.000Z</time>
        <extensions>
          <ns3:TrackPointExtension>
            <ns3:hr>131</ns3:hr>
            <ns3:cad>89</ns3:cad>
          </ns3:TrackPointExtension>
        </extensions>
      </trkpt>
      <trkpt lat="30.4456970281898975372314453125" lon="120.26004684157669544219970703125">
        <ele>10.3999996185302734375</ele>
        <time>2024-12-27T13:08:04.000Z</time>
        <extensions>
          <ns3:TrackPointExtension>
            <ns3:hr>132</ns3:hr>
            <ns3:cad>89</ns3:cad>
          </ns3:TrackPointExtension>
        </extensions>
      </trkpt>
      <trkpt lat="30.44570499099791049957275390625" lon="120.260062180459499359130859375">
        <ele>10.3999996185302734375</ele>
        <time>2024-12-27T13:08:05.000Z</time>
        <extensions>
          <ns3:TrackPointExtension>
            <ns3:hr>132</ns3:hr>
            <ns3:cad>89</ns3:cad>
          </ns3:TrackPointExtension>
        </extensions>
      </trkpt>
      <trkpt lat="30.4457127861678600311279296875" lon="120.26007701642811298370361328125">
        <ele>10.3999996185302734375</ele>
        <time>2024-12-27T13:08:06.000Z</time>
        <extensions>
          <ns3:TrackPointExtension>
            <ns3:hr>132</ns3:hr>
            <ns3:cad>0</ns3:cad>
          </ns3:TrackPointExtension>
        </extensions>
      </trkpt>
      <trkpt lat="30.4457183182239532470703125" lon="120.2600928582251071929931640625">
        <ele>10.19999980926513671875</ele>
        <time>2024-12-27T13:08:07.000Z</time>
        <extensions>
          <ns3:TrackPointExtension>
            <ns3:hr>133</ns3:hr>
            <ns3:cad>0</ns3:cad>
          </ns3:TrackPointExtension>
        </extensions>
      </trkpt>
      <trkpt lat="30.4457248561084270477294921875" lon="120.26010618545114994049072265625">
        <ele>10.19999980926513671875</ele>
        <time>2024-12-27T13:08:08.000Z</time>
        <extensions>
          <ns3:TrackPointExtension>
            <ns3:hr>134</ns3:hr>
            <ns3:cad>0</ns3:cad>
          </ns3:TrackPointExtension>
        </extensions>
      </trkpt>
      <trkpt lat="30.44573105871677398681640625" lon="120.2601210214197635650634765625">
        <ele>10.19999980926513671875</ele>
        <time>2024-12-27T13:08:09.000Z</time>
        <extensions>
          <ns3:TrackPointExtension>
            <ns3:hr>133</ns3:hr>
            <ns3:cad>0</ns3:cad>
          </ns3:TrackPointExtension>
        </extensions>
      </trkpt>
      <trkpt lat="30.44574002735316753387451171875" lon="120.26014021597802639007568359375">
        <ele>10.19999980926513671875</ele>
        <time>2024-12-27T13:08:10.000Z</time>
        <extensions>
          <ns3:TrackPointExtension>
            <ns3:hr>133</ns3:hr>
            <ns3:cad>65</ns3:cad>
          </ns3:TrackPointExtension>
        </extensions>
      </trkpt>
      <trkpt lat="30.44574757106602191925048828125" lon="120.2601632662117481231689453125">
        <ele>10.19999980926513671875</ele>
        <time>2024-12-27T13:08:11.000Z</time>
        <extensions>
          <ns3:TrackPointExtension>
            <ns3:hr>133</ns3:hr>
            <ns3:cad>65</ns3:cad>
          </ns3:TrackPointExtension>
        </extensions>
      </trkpt>
      <trkpt lat="30.4457577131688594818115234375" lon="120.26019218377768993377685546875">
        <ele>10.19999980926513671875</ele>
        <time>2024-12-27T13:08:12.000Z</time>
        <extensions>
          <ns3:TrackPointExtension>
            <ns3:hr>133</ns3:hr>
            <ns3:cad>0</ns3:cad>
          </ns3:TrackPointExtension>
        </extensions>
      </trkpt>
      <trkpt lat="30.44576936401426792144775390625" lon="120.26021582074463367462158203125">
        <ele>10</ele>
        <time>2024-12-27T13:08:13.000Z</time>
        <extensions>
          <ns3:TrackPointExtension>
            <ns3:hr>132</ns3:hr>
            <ns3:cad>0</ns3:cad>
          </ns3:TrackPointExtension>
        </extensions>
      </trkpt>
      <trkpt lat="30.4457821883261203765869140625" lon="120.26023996062576770782470703125">
        <ele>9.80000019073486328125</ele>
        <time>2024-12-27T13:08:14.000Z</time>
        <extensions>
          <ns3:TrackPointExtension>
            <ns3:hr>133</ns3:hr>
            <ns3:cad>88</ns3:cad>
          </ns3:TrackPointExtension>
        </extensions>
      </trkpt>
      <trkpt lat="30.44579182751476764678955078125" lon="120.2602641843259334564208984375">
        <ele>9.6000003814697265625</ele>
        <time>2024-12-27T13:08:15.000Z</time>
        <extensions>
          <ns3:TrackPointExtension>
            <ns3:hr>133</ns3:hr>
            <ns3:cad>89</ns3:cad>
          </ns3:TrackPointExtension>
        </extensions>
      </trkpt>
      <trkpt lat="30.445800125598907470703125" lon="120.260289497673511505126953125">
        <ele>9.19999980926513671875</ele>
        <time>2024-12-27T13:08:16.000Z</time>
        <extensions>
          <ns3:TrackPointExtension>
            <ns3:hr>133</ns3:hr>
            <ns3:cad>89</ns3:cad>
          </ns3:TrackPointExtension>
        </extensions>
      </trkpt>
      <trkpt lat="30.44580976478755474090576171875" lon="120.26031472720205783843994140625">
        <ele>9</ele>
        <time>2024-12-27T13:08:17.000Z</time>
        <extensions>
          <ns3:TrackPointExtension>
            <ns3:hr>134</ns3:hr>
            <ns3:cad>89</ns3:cad>
          </ns3:TrackPointExtension>
        </extensions>
      </trkpt>
      <trkpt lat="30.44582233764231204986572265625" lon="120.26034020818769931793212890625">
        <ele>8.80000019073486328125</ele>
        <time>2024-12-27T13:08:18.000Z</time>
        <extensions>
          <ns3:TrackPointExtension>
            <ns3:hr>134</ns3:hr>
            <ns3:cad>89</ns3:cad>
          </ns3:TrackPointExtension>
        </extensions>
      </trkpt>
      <trkpt lat="30.44583172537386417388916015625" lon="120.260362587869167327880859375">
        <ele>8.6000003814697265625</ele>
        <time>2024-12-27T13:08:19.000Z</time>
        <extensions>
          <ns3:TrackPointExtension>
            <ns3:hr>135</ns3:hr>
            <ns3:cad>89</ns3:cad>
          </ns3:TrackPointExtension>
        </extensions>
      </trkpt>
      <trkpt lat="30.44583826325833797454833984375" lon="120.26037675328552722930908203125">
        <ele>8.6000003814697265625</ele>
        <time>2024-12-27T13:08:20.000Z</time>
        <extensions>
          <ns3:TrackPointExtension>
            <ns3:hr>135</ns3:hr>
            <ns3:cad>90</ns3:cad>
          </ns3:TrackPointExtension>
        </extensions>
      </trkpt>
      <trkpt lat="30.44584128074347972869873046875" lon="120.26038915850222110748291015625">
        <ele>8.3999996185302734375</ele>
        <time>2024-12-27T13:08:21.000Z</time>
        <extensions>
          <ns3:TrackPointExtension>
            <ns3:hr>136</ns3:hr>
            <ns3:cad>90</ns3:cad>
          </ns3:TrackPointExtension>
        </extensions>
      </trkpt>
      <trkpt lat="30.4458468966186046600341796875" lon="120.26040089316666126251220703125">
        <ele>8.3999996185302734375</ele>
        <time>2024-12-27T13:08:22.000Z</time>
        <extensions>
          <ns3:TrackPointExtension>
            <ns3:hr>136</ns3:hr>
            <ns3:cad>90</ns3:cad>
          </ns3:TrackPointExtension>
        </extensions>
      </trkpt>
      <trkpt lat="30.44585033319890499114990234375" lon="120.26041246019303798675537109375">
        <ele>8.19999980926513671875</ele>
        <time>2024-12-27T13:08:23.000Z</time>
        <extensions>
          <ns3:TrackPointExtension>
            <ns3:hr>136</ns3:hr>
            <ns3:cad>90</ns3:cad>
          </ns3:TrackPointExtension>
        </extensions>
      </trkpt>
      <trkpt lat="30.4458551108837127685546875" lon="120.2604224346578121185302734375">
        <ele>8.19999980926513671875</ele>
        <time>2024-12-27T13:08:24.000Z</time>
        <extensions>
          <ns3:TrackPointExtension>
            <ns3:hr>136</ns3:hr>
            <ns3:cad>65</ns3:cad>
          </ns3:TrackPointExtension>
        </extensions>
      </trkpt>
      <trkpt lat="30.44586240313947200775146484375" lon="120.26043408550322055816650390625">
        <ele>8</ele>
        <time>2024-12-27T13:08:25.000Z</time>
        <extensions>
          <ns3:TrackPointExtension>
            <ns3:hr>136</ns3:hr>
            <ns3:cad>64</ns3:cad>
          </ns3:TrackPointExtension>
        </extensions>
      </trkpt>
      <trkpt lat="30.44586919248104095458984375" lon="120.26044749654829502105712890625">
        <ele>8</ele>
        <time>2024-12-27T13:08:26.000Z</time>
        <extensions>
          <ns3:TrackPointExtension>
            <ns3:hr>137</ns3:hr>
            <ns3:cad>64</ns3:cad>
          </ns3:TrackPointExtension>
        </extensions>
      </trkpt>
      <trkpt lat="30.4458767361938953399658203125" lon="120.26046023704111576080322265625">
        <ele>7.80000019073486328125</ele>
        <time>2024-12-27T13:08:27.000Z</time>
        <extensions>
          <ns3:TrackPointExtension>
            <ns3:hr>137</ns3:hr>
            <ns3:cad>64</ns3:cad>
          </ns3:TrackPointExtension>
        </extensions>
      </trkpt>
      <trkpt lat="30.4458837769925594329833984375" lon="120.260472558438777923583984375">
        <ele>7.599999904632568359375</ele>
        <time>2024-12-27T13:08:28.000Z</time>
        <extensions>
          <ns3:TrackPointExtension>
            <ns3:hr>137</ns3:hr>
            <ns3:cad>64</ns3:cad>
          </ns3:TrackPointExtension>
        </extensions>
      </trkpt>
      <trkpt lat="30.44589140452444553375244140625" lon="120.2604814432561397552490234375">
        <ele>7.599999904632568359375</ele>
        <time>2024-12-27T13:08:29.000Z</time>
        <extensions>
          <ns3:TrackPointExtension>
            <ns3:hr>137</ns3:hr>
            <ns3:cad>62</ns3:cad>
          </ns3:TrackPointExtension>
        </extensions>
      </trkpt>
      <trkpt lat="30.44590163044631481170654296875" lon="120.26049368083477020263671875">
        <ele>7.80000019073486328125</ele>
        <time>2024-12-27T13:08:30.000Z</time>
        <extensions>
          <ns3:TrackPointExtension>
            <ns3:hr>137</ns3:hr>
            <ns3:cad>62</ns3:cad>
          </ns3:TrackPointExtension>
        </extensions>
      </trkpt>
      <trkpt lat="30.4459099285304546356201171875" lon="120.26050734333693981170654296875">
        <ele>7.80000019073486328125</ele>
        <time>2024-12-27T13:08:31.000Z</time>
        <extensions>
          <ns3:TrackPointExtension>
            <ns3:hr>137</ns3:hr>
            <ns3:cad>62</ns3:cad>
          </ns3:TrackPointExtension>
        </extensions>
      </trkpt>
      <trkpt lat="30.44591881334781646728515625" lon="120.26052226312458515167236328125">
        <ele>7.80000019073486328125</ele>
        <time>2024-12-27T13:08:32.000Z</time>
        <extensions>
          <ns3:TrackPointExtension>
            <ns3:hr>136</ns3:hr>
            <ns3:cad>62</ns3:cad>
          </ns3:TrackPointExtension>
        </extensions>
      </trkpt>
      <trkpt lat="30.44592459686100482940673828125" lon="120.2605354227125644683837890625">
        <ele>7.80000019073486328125</ele>
        <time>2024-12-27T13:08:33.000Z</time>
        <extensions>
          <ns3:TrackPointExtension>
            <ns3:hr>136</ns3:hr>
            <ns3:cad>62</ns3:cad>
          </ns3:TrackPointExtension>
        </extensions>
      </trkpt>
      <trkpt lat="30.445928871631622314453125" lon="120.260549671947956085205078125">
        <ele>7.80000019073486328125</ele>
        <time>2024-12-27T13:08:34.000Z</time>
        <extensions>
          <ns3:TrackPointExtension>
            <ns3:hr>136</ns3:hr>
            <ns3:cad>63</ns3:cad>
          </ns3:TrackPointExtension>
        </extensions>
      </trkpt>
      <trkpt lat="30.4459327273070812225341796875" lon="120.2605632506310939788818359375">
        <ele>7.80000019073486328125</ele>
        <time>2024-12-27T13:08:35.000Z</time>
        <extensions>
          <ns3:TrackPointExtension>
            <ns3:hr>136</ns3:hr>
            <ns3:cad>64</ns3:cad>
          </ns3:TrackPointExtension>
        </extensions>
      </trkpt>
      <trkpt lat="30.44593750499188899993896484375" lon="120.2605746500194072723388671875">
        <ele>7.80000019073486328125</ele>
        <time>2024-12-27T13:08:36.000Z</time>
        <extensions>
          <ns3:TrackPointExtension>
            <ns3:hr>136</ns3:hr>
            <ns3:cad>64</ns3:cad>
          </ns3:TrackPointExtension>
        </extensions>
      </trkpt>
      <trkpt lat="30.4459414444863796234130859375" lon="120.2605850435793399810791015625">
        <ele>7.80000019073486328125</ele>
        <time>2024-12-27T13:08:37.000Z</time>
        <extensions>
          <ns3:TrackPointExtension>
            <ns3:hr>136</ns3:hr>
            <ns3:cad>64</ns3:cad>
          </ns3:TrackPointExtension>
        </extensions>
      </trkpt>
      <trkpt lat="30.4459454677999019622802734375" lon="120.260595940053462982177734375">
        <ele>8</ele>
        <time>2024-12-27T13:08:38.000Z</time>
        <extensions>
          <ns3:TrackPointExtension>
            <ns3:hr>135</ns3:hr>
            <ns3:cad>64</ns3:cad>
          </ns3:TrackPointExtension>
        </extensions>
      </trkpt>
      <trkpt lat="30.44595099985599517822265625" lon="120.2606105245649814605712890625">
        <ele>8</ele>
        <time>2024-12-27T13:08:39.000Z</time>
        <extensions>
          <ns3:TrackPointExtension>
            <ns3:hr>135</ns3:hr>
            <ns3:cad>64</ns3:cad>
          </ns3:TrackPointExtension>
        </extensions>
      </trkpt>
      <trkpt lat="30.4459578730165958404541015625" lon="120.2606259472668170928955078125">
        <ele>8</ele>
        <time>2024-12-27T13:08:40.000Z</time>
        <extensions>
          <ns3:TrackPointExtension>
            <ns3:hr>134</ns3:hr>
            <ns3:cad>64</ns3:cad>
          </ns3:TrackPointExtension>
        </extensions>
      </trkpt>
      <trkpt lat="30.4459659196436405181884765625" lon="120.26064262725412845611572265625">
        <ele>8</ele>
        <time>2024-12-27T13:08:41.000Z</time>
        <extensions>
          <ns3:TrackPointExtension>
            <ns3:hr>134</ns3:hr>
            <ns3:cad>64</ns3:cad>
          </ns3:TrackPointExtension>
        </extensions>
      </trkpt>
      <trkpt lat="30.44597505591809749603271484375" lon="120.26066073216497898101806640625">
        <ele>8</ele>
        <time>2024-12-27T13:08:42.000Z</time>
        <extensions>
          <ns3:TrackPointExtension>
            <ns3:hr>133</ns3:hr>
            <ns3:cad>64</ns3:cad>
          </ns3:TrackPointExtension>
        </extensions>
      </trkpt>
      <trkpt lat="30.44598276726901531219482421875" lon="120.26067783124744892120361328125">
        <ele>8</ele>
        <time>2024-12-27T13:08:43.000Z</time>
        <extensions>
          <ns3:TrackPointExtension>
            <ns3:hr>133</ns3:hr>
            <ns3:cad>64</ns3:cad>
          </ns3:TrackPointExtension>
        </extensions>
      </trkpt>
      <trkpt lat="30.44598947279155254364013671875" lon="120.260695181787014007568359375">
        <ele>8</ele>
        <time>2024-12-27T13:08:44.000Z</time>
        <extensions>
          <ns3:TrackPointExtension>
            <ns3:hr>134</ns3:hr>
            <ns3:cad>64</ns3:cad>
          </ns3:TrackPointExtension>
        </extensions>
      </trkpt>
      <trkpt lat="30.44599517248570919036865234375" lon="120.2607104368507862091064453125">
        <ele>8</ele>
        <time>2024-12-27T13:08:45.000Z</time>
        <extensions>
          <ns3:TrackPointExtension>
            <ns3:hr>133</ns3:hr>
            <ns3:cad>64</ns3:cad>
          </ns3:TrackPointExtension>
        </extensions>
      </trkpt>
      <trkpt lat="30.4460028000175952911376953125" lon="120.26072510518133640289306640625">
        <ele>8</ele>
        <time>2024-12-27T13:08:46.000Z</time>
        <extensions>
          <ns3:TrackPointExtension>
            <ns3:hr>133</ns3:hr>
            <ns3:cad>64</ns3:cad>
          </ns3:TrackPointExtension>
        </extensions>
      </trkpt>
      <trkpt lat="30.4460115171968936920166015625" lon="120.26074044406414031982421875">
        <ele>8</ele>
        <time>2024-12-27T13:08:47.000Z</time>
        <extensions>
          <ns3:TrackPointExtension>
            <ns3:hr>132</ns3:hr>
            <ns3:cad>62</ns3:cad>
          </ns3:TrackPointExtension>
        </extensions>
      </trkpt>
      <trkpt lat="30.44602232985198497772216796875" lon="120.2607580460608005523681640625">
        <ele>8</ele>
        <time>2024-12-27T13:08:48.000Z</time>
        <extensions>
          <ns3:TrackPointExtension>
            <ns3:hr>132</ns3:hr>
            <ns3:cad>62</ns3:cad>
          </ns3:TrackPointExtension>
        </extensions>
      </trkpt>
      <trkpt lat="30.446033813059329986572265625" lon="120.2607795037329196929931640625">
        <ele>8.19999980926513671875</ele>
        <time>2024-12-27T13:08:49.000Z</time>
        <extensions>
          <ns3:TrackPointExtension>
            <ns3:hr>132</ns3:hr>
            <ns3:cad>62</ns3:cad>
          </ns3:TrackPointExtension>
        </extensions>
      </trkpt>
      <trkpt lat="30.44604596681892871856689453125" lon="120.260805822908878326416015625">
        <ele>8.3999996185302734375</ele>
        <time>2024-12-27T13:08:50.000Z</time>
        <extensions>
          <ns3:TrackPointExtension>
            <ns3:hr>131</ns3:hr>
            <ns3:cad>62</ns3:cad>
          </ns3:TrackPointExtension>
        </extensions>
      </trkpt>
      <trkpt lat="30.44605753384530544281005859375" lon="120.2608314715325832366943359375">
        <ele>8.6000003814697265625</ele>
        <time>2024-12-27T13:08:51.000Z</time>
        <extensions>
          <ns3:TrackPointExtension>
            <ns3:hr>132</ns3:hr>
            <ns3:cad>62</ns3:cad>
          </ns3:TrackPointExtension>
        </extensions>
      </trkpt>
      <trkpt lat="30.4460671730339527130126953125" lon="120.26085787452757358551025390625">
        <ele>8.80000019073486328125</ele>
        <time>2024-12-27T13:08:52.000Z</time>
        <extensions>
          <ns3:TrackPointExtension>
            <ns3:hr>130</ns3:hr>
            <ns3:cad>88</ns3:cad>
          </ns3:TrackPointExtension>
        </extensions>
      </trkpt>
      <trkpt lat="30.446078069508075714111328125" lon="120.260886959731578826904296875">
        <ele>9</ele>
        <time>2024-12-27T13:08:53.000Z</time>
        <extensions>
          <ns3:TrackPointExtension>
            <ns3:hr>128</ns3:hr>
            <ns3:cad>89</ns3:cad>
          </ns3:TrackPointExtension>
        </extensions>
      </trkpt>
      <trkpt lat="30.446089468896389007568359375" lon="120.26091403327882289886474609375">
        <ele>9</ele>
        <time>2024-12-27T13:08:54.000Z</time>
        <extensions>
          <ns3:TrackPointExtension>
            <ns3:hr>130</ns3:hr>
            <ns3:cad>89</ns3:cad>
          </ns3:TrackPointExtension>
        </extensions>
      </trkpt>
      <trkpt lat="30.4461000300943851470947265625" lon="120.2609390951693058013916015625">
        <ele>9.19999980926513671875</ele>
        <time>2024-12-27T13:08:55.000Z</time>
        <extensions>
          <ns3:TrackPointExtension>
            <ns3:hr>130</ns3:hr>
            <ns3:cad>89</ns3:cad>
          </ns3:TrackPointExtension>
        </extensions>
      </trkpt>
      <trkpt lat="30.446111261844635009765625" lon="120.26096667163074016571044921875">
        <ele>9.19999980926513671875</ele>
        <time>2024-12-27T13:08:56.000Z</time>
        <extensions>
          <ns3:TrackPointExtension>
            <ns3:hr>129</ns3:hr>
            <ns3:cad>89</ns3:cad>
          </ns3:TrackPointExtension>
        </extensions>
      </trkpt>
      <trkpt lat="30.44612173922359943389892578125" lon="120.2609940804541110992431640625">
        <ele>9.3999996185302734375</ele>
        <time>2024-12-27T13:08:57.000Z</time>
        <extensions>
          <ns3:TrackPointExtension>
            <ns3:hr>129</ns3:hr>
            <ns3:cad>90</ns3:cad>
          </ns3:TrackPointExtension>
        </extensions>
      </trkpt>
      <trkpt lat="30.4461332224309444427490234375" lon="120.26102031581103801727294921875">
        <ele>9.6000003814697265625</ele>
        <time>2024-12-27T13:08:58.000Z</time>
        <extensions>
          <ns3:TrackPointExtension>
            <ns3:hr>129</ns3:hr>
            <ns3:cad>90</ns3:cad>
          </ns3:TrackPointExtension>
        </extensions>
      </trkpt>
      <trkpt lat="30.44614546000957489013671875" lon="120.261045880615711212158203125">
        <ele>9.3999996185302734375</ele>
        <time>2024-12-27T13:08:59.000Z</time>
        <extensions>
          <ns3:TrackPointExtension>
            <ns3:hr>130</ns3:hr>
            <ns3:cad>91</ns3:cad>
          </ns3:TrackPointExtension>
        </extensions>
      </trkpt>
      <trkpt lat="30.44615677557885646820068359375" lon="120.26107303798198699951171875">
        <ele>9</ele>
        <time>2024-12-27T13:09:00.000Z</time>
        <extensions>
          <ns3:TrackPointExtension>
            <ns3:hr>128</ns3:hr>
            <ns3:cad>91</ns3:cad>
          </ns3:TrackPointExtension>
        </extensions>
      </trkpt>
      <trkpt lat="30.44616549275815486907958984375" lon="120.26109877042472362518310546875">
        <ele>8.80000019073486328125</ele>
        <time>2024-12-27T13:09:01.000Z</time>
        <extensions>
          <ns3:TrackPointExtension>
            <ns3:hr>128</ns3:hr>
            <ns3:cad>91</ns3:cad>
          </ns3:TrackPointExtension>
        </extensions>
      </trkpt>
      <trkpt lat="30.44617638923227787017822265625" lon="120.2611231617629528045654296875">
        <ele>8.6000003814697265625</ele>
        <time>2024-12-27T13:09:02.000Z</time>
        <extensions>
          <ns3:TrackPointExtension>
            <ns3:hr>127</ns3:hr>
            <ns3:cad>91</ns3:cad>
          </ns3:TrackPointExtension>
        </extensions>
      </trkpt>
      <trkpt lat="30.44618678279221057891845703125" lon="120.2611474692821502685546875">
        <ele>8.3999996185302734375</ele>
        <time>2024-12-27T13:09:03.000Z</time>
        <extensions>
          <ns3:TrackPointExtension>
            <ns3:hr>126</ns3:hr>
            <ns3:cad>90</ns3:cad>
          </ns3:TrackPointExtension>
        </extensions>
      </trkpt>
      <trkpt lat="30.446198098361492156982421875" lon="120.26117169298231601715087890625">
        <ele>8</ele>
        <time>2024-12-27T13:09:04.000Z</time>
        <extensions>
          <ns3:TrackPointExtension>
            <ns3:hr>125</ns3:hr>
            <ns3:cad>90</ns3:cad>
          </ns3:TrackPointExtension>
        </extensions>
      </trkpt>
      <trkpt lat="30.446209497749805450439453125" lon="120.26119633577764034271240234375">
        <ele>7.80000019073486328125</ele>
        <time>2024-12-27T13:09:05.000Z</time>
        <extensions>
          <ns3:TrackPointExtension>
            <ns3:hr>127</ns3:hr>
            <ns3:cad>90</ns3:cad>
          </ns3:TrackPointExtension>
        </extensions>
      </trkpt>
      <trkpt lat="30.446220897138118743896484375" lon="120.26122014038264751434326171875">
        <ele>7.599999904632568359375</ele>
        <time>2024-12-27T13:09:06.000Z</time>
        <extensions>
          <ns3:TrackPointExtension>
            <ns3:hr>126</ns3:hr>
            <ns3:cad>89</ns3:cad>
          </ns3:TrackPointExtension>
        </extensions>
      </trkpt>
      <trkpt lat="30.44622852467000484466552734375" lon="120.26123975403606891632080078125">
        <ele>7.400000095367431640625</ele>
        <time>2024-12-27T13:09:07.000Z</time>
        <extensions>
          <ns3:TrackPointExtension>
            <ns3:hr>124</ns3:hr>
            <ns3:cad>89</ns3:cad>
          </ns3:TrackPointExtension>
        </extensions>
      </trkpt>
      <trkpt lat="30.44623405672609806060791015625" lon="120.26125584729015827178955078125">
        <ele>7.19999980926513671875</ele>
        <time>2024-12-27T13:09:08.000Z</time>
        <extensions>
          <ns3:TrackPointExtension>
            <ns3:hr>124</ns3:hr>
            <ns3:cad>89</ns3:cad>
          </ns3:TrackPointExtension>
        </extensions>
      </trkpt>
      <trkpt lat="30.44623958878219127655029296875" lon="120.26127210818231105804443359375">
        <ele>7</ele>
        <time>2024-12-27T13:09:09.000Z</time>
        <extensions>
          <ns3:TrackPointExtension>
            <ns3:hr>125</ns3:hr>
            <ns3:cad>89</ns3:cad>
          </ns3:TrackPointExtension>
        </extensions>
      </trkpt>
      <trkpt lat="30.44624495320022106170654296875" lon="120.26128753088414669036865234375">
        <ele>6.80000019073486328125</ele>
        <time>2024-12-27T13:09:10.000Z</time>
        <extensions>
          <ns3:TrackPointExtension>
            <ns3:hr>127</ns3:hr>
            <ns3:cad>89</ns3:cad>
          </ns3:TrackPointExtension>
        </extensions>
      </trkpt>
      <trkpt lat="30.44625165872275829315185546875" lon="120.26130178011953830718994140625">
        <ele>6.80000019073486328125</ele>
        <time>2024-12-27T13:09:11.000Z</time>
        <extensions>
          <ns3:TrackPointExtension>
            <ns3:hr>128</ns3:hr>
            <ns3:cad>76</ns3:cad>
          </ns3:TrackPointExtension>
        </extensions>
      </trkpt>
      <trkpt lat="30.44625819660723209381103515625" lon="120.26131820864975452423095703125">
        <ele>6.599999904632568359375</ele>
        <time>2024-12-27T13:09:12.000Z</time>
        <extensions>
          <ns3:TrackPointExtension>
            <ns3:hr>129</ns3:hr>
            <ns3:cad>0</ns3:cad>
          </ns3:TrackPointExtension>
        </extensions>
      </trkpt>
      <trkpt lat="30.44626414775848388671875" lon="120.26133027859032154083251953125">
        <ele>6.599999904632568359375</ele>
        <time>2024-12-27T13:09:13.000Z</time>
        <extensions>
          <ns3:TrackPointExtension>
            <ns3:hr>130</ns3:hr>
            <ns3:cad>0</ns3:cad>
          </ns3:TrackPointExtension>
        </extensions>
      </trkpt>
      <trkpt lat="30.44627093710005283355712890625" lon="120.2613424323499202728271484375">
        <ele>6.599999904632568359375</ele>
        <time>2024-12-27T13:09:14.000Z</time>
        <extensions>
          <ns3:TrackPointExtension>
            <ns3:hr>131</ns3:hr>
            <ns3:cad>63</ns3:cad>
          </ns3:TrackPointExtension>
        </extensions>
      </trkpt>
      <trkpt lat="30.44627445749938488006591796875" lon="120.2613501437008380889892578125">
        <ele>6.599999904632568359375</ele>
        <time>2024-12-27T13:09:15.000Z</time>
        <extensions>
          <ns3:TrackPointExtension>
            <ns3:hr>131</ns3:hr>
            <ns3:cad>63</ns3:cad>
          </ns3:TrackPointExtension>
        </extensions>
      </trkpt>
      <trkpt lat="30.44627747498452663421630859375" lon="120.26135961525142192840576171875">
        <ele>6.599999904632568359375</ele>
        <time>2024-12-27T13:09:16.000Z</time>
        <extensions>
          <ns3:TrackPointExtension>
            <ns3:hr>132</ns3:hr>
            <ns3:cad>63</ns3:cad>
          </ns3:TrackPointExtension>
        </extensions>
      </trkpt>
      <trkpt lat="30.44627998955547809600830078125" lon="120.261367745697498321533203125">
        <ele>6.599999904632568359375</ele>
        <time>2024-12-27T13:09:17.000Z</time>
        <extensions>
          <ns3:TrackPointExtension>
            <ns3:hr>132</ns3:hr>
            <ns3:cad>64</ns3:cad>
          </ns3:TrackPointExtension>
        </extensions>
      </trkpt>
      <trkpt lat="30.446282923221588134765625" lon="120.2613786421716213226318359375">
        <ele>6.400000095367431640625</ele>
        <time>2024-12-27T13:09:18.000Z</time>
        <extensions>
          <ns3:TrackPointExtension>
            <ns3:hr>131</ns3:hr>
            <ns3:cad>64</ns3:cad>
          </ns3:TrackPointExtension>
        </extensions>
      </trkpt>
      <trkpt lat="30.44628719799220561981201171875" lon="120.26138643734157085418701171875">
        <ele>6.400000095367431640625</ele>
        <time>2024-12-27T13:09:19.000Z</time>
        <extensions>
          <ns3:TrackPointExtension>
            <ns3:hr>132</ns3:hr>
            <ns3:cad>64</ns3:cad>
          </ns3:TrackPointExtension>
        </extensions>
      </trkpt>
      <trkpt lat="30.446290634572505950927734375" lon="120.2613947354257106781005859375">
        <ele>6.400000095367431640625</ele>
        <time>2024-12-27T13:09:20.000Z</time>
        <extensions>
          <ns3:TrackPointExtension>
            <ns3:hr>132</ns3:hr>
            <ns3:cad>63</ns3:cad>
          </ns3:TrackPointExtension>
        </extensions>
      </trkpt>
      <trkpt lat="30.44629256241023540496826171875" lon="120.26140638627111911773681640625">
        <ele>6.400000095367431640625</ele>
        <time>2024-12-27T13:09:21.000Z</time>
        <extensions>
          <ns3:TrackPointExtension>
            <ns3:hr>132</ns3:hr>
            <ns3:cad>62</ns3:cad>
          </ns3:TrackPointExtension>
        </extensions>
      </trkpt>
      <trkpt lat="30.44629541225731372833251953125" lon="120.26141510345041751861572265625">
        <ele>6.400000095367431640625</ele>
        <time>2024-12-27T13:09:22.000Z</time>
        <extensions>
          <ns3:TrackPointExtension>
            <ns3:hr>132</ns3:hr>
            <ns3:cad>61</ns3:cad>
          </ns3:TrackPointExtension>
        </extensions>
      </trkpt>
      <trkpt lat="30.4462975077331066131591796875" lon="120.26142231188714504241943359375">
        <ele>6.400000095367431640625</ele>
        <time>2024-12-27T13:09:23.000Z</time>
        <extensions>
          <ns3:TrackPointExtension>
            <ns3:hr>132</ns3:hr>
            <ns3:cad>60</ns3:cad>
          </ns3:TrackPointExtension>
        </extensions>
      </trkpt>
      <trkpt lat="30.4463011957705020904541015625" lon="120.26143404655158519744873046875">
        <ele>6.400000095367431640625</ele>
        <time>2024-12-27T13:09:24.000Z</time>
        <extensions>
          <ns3:TrackPointExtension>
            <ns3:hr>131</ns3:hr>
            <ns3:cad>60</ns3:cad>
          </ns3:TrackPointExtension>
        </extensions>
      </trkpt>
      <trkpt lat="30.44630706310272216796875" lon="120.26144242845475673675537109375">
        <ele>6.400000095367431640625</ele>
        <time>2024-12-27T13:09:25.000Z</time>
        <extensions>
          <ns3:TrackPointExtension>
            <ns3:hr>131</ns3:hr>
            <ns3:cad>60</ns3:cad>
          </ns3:TrackPointExtension>
        </extensions>
      </trkpt>
      <trkpt lat="30.446314103901386260986328125" lon="120.2614530734717845916748046875">
        <ele>6.19999980926513671875</ele>
        <time>2024-12-27T13:09:26.000Z</time>
        <extensions>
          <ns3:TrackPointExtension>
            <ns3:hr>130</ns3:hr>
            <ns3:cad>60</ns3:cad>
          </ns3:TrackPointExtension>
        </extensions>
      </trkpt>
      <trkpt lat="30.44632106088101863861083984375" lon="120.26146422140300273895263671875">
        <ele>6.19999980926513671875</ele>
        <time>2024-12-27T13:09:27.000Z</time>
        <extensions>
          <ns3:TrackPointExtension>
            <ns3:hr>130</ns3:hr>
            <ns3:cad>60</ns3:cad>
          </ns3:TrackPointExtension>
        </extensions>
      </trkpt>
      <trkpt lat="30.446326844394207000732421875" lon="120.26147545315325260162353515625">
        <ele>6.19999980926513671875</ele>
        <time>2024-12-27T13:09:28.000Z</time>
        <extensions>
          <ns3:TrackPointExtension>
            <ns3:hr>129</ns3:hr>
            <ns3:cad>60</ns3:cad>
          </ns3:TrackPointExtension>
        </extensions>
      </trkpt>
      <trkpt lat="30.4463313706219196319580078125" lon="120.26148802600800991058349609375">
        <ele>6.19999980926513671875</ele>
        <time>2024-12-27T13:09:29.000Z</time>
        <extensions>
          <ns3:TrackPointExtension>
            <ns3:hr>129</ns3:hr>
            <ns3:cad>59</ns3:cad>
          </ns3:TrackPointExtension>
        </extensions>
      </trkpt>
      <trkpt lat="30.44633455574512481689453125" lon="120.2615000121295452117919921875">
        <ele>6.19999980926513671875</ele>
        <time>2024-12-27T13:09:30.000Z</time>
        <extensions>
          <ns3:TrackPointExtension>
            <ns3:hr>128</ns3:hr>
            <ns3:cad>59</ns3:cad>
          </ns3:TrackPointExtension>
        </extensions>
      </trkpt>
      <trkpt lat="30.4463353939354419708251953125" lon="120.2615107409656047821044921875">
        <ele>6.19999980926513671875</ele>
        <time>2024-12-27T13:09:31.000Z</time>
        <extensions>
          <ns3:TrackPointExtension>
            <ns3:hr>128</ns3:hr>
            <ns3:cad>57</ns3:cad>
          </ns3:TrackPointExtension>
        </extensions>
      </trkpt>
      <trkpt lat="30.4463352262973785400390625" lon="120.2615171112120151519775390625">
        <ele>6.19999980926513671875</ele>
        <time>2024-12-27T13:09:32.000Z</time>
        <extensions>
          <ns3:TrackPointExtension>
            <ns3:hr>127</ns3:hr>
            <ns3:cad>56</ns3:cad>
          </ns3:TrackPointExtension>
        </extensions>
      </trkpt>
      <trkpt lat="30.44633413664996623992919921875" lon="120.26152021251618862152099609375">
        <ele>6.19999980926513671875</ele>
        <time>2024-12-27T13:09:33.000Z</time>
        <extensions>
          <ns3:TrackPointExtension>
            <ns3:hr>126</ns3:hr>
            <ns3:cad>0</ns3:cad>
          </ns3:TrackPointExtension>
        </extensions>
      </trkpt>
      <trkpt lat="30.44633346609771251678466796875" lon="120.26152071543037891387939453125">
        <ele>6.19999980926513671875</ele>
        <time>2024-12-27T13:09:34.000Z</time>
        <extensions>
          <ns3:TrackPointExtension>
            <ns3:hr>126</ns3:hr>
            <ns3:cad>0</ns3:cad>
          </ns3:TrackPointExtension>
        </extensions>
      </trkpt>
      <trkpt lat="30.44633329845964908599853515625" lon="120.2615211345255374908447265625">
        <ele>6.19999980926513671875</ele>
        <time>2024-12-27T13:09:35.000Z</time>
        <extensions>
          <ns3:TrackPointExtension>
            <ns3:hr>125</ns3:hr>
            <ns3:cad>0</ns3:cad>
          </ns3:TrackPointExtension>
        </extensions>
      </trkpt>
      <trkpt lat="30.4463333822786808013916015625" lon="120.2615214698016643524169921875">
        <ele>6.19999980926513671875</ele>
        <time>2024-12-27T13:09:36.000Z</time>
        <extensions>
          <ns3:TrackPointExtension>
            <ns3:hr>125</ns3:hr>
            <ns3:cad>0</ns3:cad>
          </ns3:TrackPointExtension>
        </extensions>
      </trkpt>
      <trkpt lat="30.44643245637416839599609375" lon="120.26177871040999889373779296875">
        <ele>7</ele>
        <time>2024-12-27T13:09:49.000Z</time>
        <extensions>
          <ns3:TrackPointExtension>
            <ns3:hr>122</ns3:hr>
            <ns3:cad>89</ns3:cad>
          </ns3:TrackPointExtension>
        </extensions>
      </trkpt>
      <trkpt lat="30.44644829817116260528564453125" lon="120.2618010900914669036865234375">
        <ele>7.19999980926513671875</ele>
        <time>2024-12-27T13:09:50.000Z</time>
        <extensions>
          <ns3:TrackPointExtension>
            <ns3:hr>122</ns3:hr>
            <ns3:cad>89</ns3:cad>
          </ns3:TrackPointExtension>
        </extensions>
      </trkpt>
      <trkpt lat="30.44646472670137882232666015625" lon="120.26182296685874462127685546875">
        <ele>7.19999980926513671875</ele>
        <time>2024-12-27T13:09:51.000Z</time>
        <extensions>
          <ns3:TrackPointExtension>
            <ns3:hr>122</ns3:hr>
            <ns3:cad>89</ns3:cad>
          </ns3:TrackPointExtension>
        </extensions>
      </trkpt>
      <trkpt lat="30.446481406688690185546875" lon="120.26184828020632266998291015625">
        <ele>7.400000095367431640625</ele>
        <time>2024-12-27T13:09:52.000Z</time>
        <extensions>
          <ns3:TrackPointExtension>
            <ns3:hr>123</ns3:hr>
            <ns3:cad>89</ns3:cad>
          </ns3:TrackPointExtension>
        </extensions>
      </trkpt>
      <trkpt lat="30.4464986734092235565185546875" lon="120.26187225244939327239990234375">
        <ele>7.599999904632568359375</ele>
        <time>2024-12-27T13:09:53.000Z</time>
        <extensions>
          <ns3:TrackPointExtension>
            <ns3:hr>125</ns3:hr>
            <ns3:cad>90</ns3:cad>
          </ns3:TrackPointExtension>
        </extensions>
      </trkpt>
      <trkpt lat="30.44651485048234462738037109375" lon="120.2618939615786075592041015625">
        <ele>7.80000019073486328125</ele>
        <time>2024-12-27T13:09:54.000Z</time>
        <extensions>
          <ns3:TrackPointExtension>
            <ns3:hr>125</ns3:hr>
            <ns3:cad>90</ns3:cad>
          </ns3:TrackPointExtension>
        </extensions>
      </trkpt>
      <trkpt lat="30.44652725569903850555419921875" lon="120.26191885583102703094482421875">
        <ele>7.80000019073486328125</ele>
        <time>2024-12-27T13:09:55.000Z</time>
        <extensions>
          <ns3:TrackPointExtension>
            <ns3:hr>126</ns3:hr>
            <ns3:cad>90</ns3:cad>
          </ns3:TrackPointExtension>
        </extensions>
      </trkpt>
      <trkpt lat="30.44653664343059062957763671875" lon="120.261940397322177886962890625">
        <ele>8</ele>
        <time>2024-12-27T13:09:56.000Z</time>
        <extensions>
          <ns3:TrackPointExtension>
            <ns3:hr>127</ns3:hr>
            <ns3:cad>90</ns3:cad>
          </ns3:TrackPointExtension>
        </extensions>
      </trkpt>
      <trkpt lat="30.44655340723693370819091796875" lon="120.26197518222033977508544921875">
        <ele>8.19999980926513671875</ele>
        <time>2024-12-27T13:09:57.000Z</time>
        <extensions>
          <ns3:TrackPointExtension>
            <ns3:hr>128</ns3:hr>
            <ns3:cad>90</ns3:cad>
          </ns3:TrackPointExtension>
        </extensions>
      </trkpt>
      <trkpt lat="30.446566902101039886474609375" lon="120.262004099786281585693359375">
        <ele>8.19999980926513671875</ele>
        <time>2024-12-27T13:09:58.000Z</time>
        <extensions>
          <ns3:TrackPointExtension>
            <ns3:hr>129</ns3:hr>
            <ns3:cad>89</ns3:cad>
          </ns3:TrackPointExtension>
        </extensions>
      </trkpt>
      <trkpt lat="30.44657922349870204925537109375" lon="120.2620280720293521881103515625">
        <ele>8.3999996185302734375</ele>
        <time>2024-12-27T13:09:59.000Z</time>
        <extensions>
          <ns3:TrackPointExtension>
            <ns3:hr>130</ns3:hr>
            <ns3:cad>89</ns3:cad>
          </ns3:TrackPointExtension>
        </extensions>
      </trkpt>
      <trkpt lat="30.44659028761088848114013671875" lon="120.26205145753920078277587890625">
        <ele>8.6000003814697265625</ele>
        <time>2024-12-27T13:10:00.000Z</time>
        <extensions>
          <ns3:TrackPointExtension>
            <ns3:hr>130</ns3:hr>
            <ns3:cad>89</ns3:cad>
          </ns3:TrackPointExtension>
        </extensions>
      </trkpt>
      <trkpt lat="30.44659749604761600494384765625" lon="120.26207190938293933868408203125">
        <ele>8.6000003814697265625</ele>
        <time>2024-12-27T13:10:01.000Z</time>
        <extensions>
          <ns3:TrackPointExtension>
            <ns3:hr>131</ns3:hr>
            <ns3:cad>89</ns3:cad>
          </ns3:TrackPointExtension>
        </extensions>
      </trkpt>
      <trkpt lat="30.44660721905529499053955078125" lon="120.26209772564470767974853515625">
        <ele>8.80000019073486328125</ele>
        <time>2024-12-27T13:10:02.000Z</time>
        <extensions>
          <ns3:TrackPointExtension>
            <ns3:hr>131</ns3:hr>
            <ns3:cad>89</ns3:cad>
          </ns3:TrackPointExtension>
        </extensions>
      </trkpt>
      <trkpt lat="30.4466203786432743072509765625" lon="120.26212790049612522125244140625">
        <ele>9</ele>
        <time>2024-12-27T13:10:03.000Z</time>
        <extensions>
          <ns3:TrackPointExtension>
            <ns3:hr>132</ns3:hr>
            <ns3:cad>89</ns3:cad>
          </ns3:TrackPointExtension>
        </extensions>
      </trkpt>
      <trkpt lat="30.44663035310804843902587890625" lon="120.26215128600597381591796875">
        <ele>9</ele>
        <time>2024-12-27T13:10:04.000Z</time>
        <extensions>
          <ns3:TrackPointExtension>
            <ns3:hr>133</ns3:hr>
            <ns3:cad>89</ns3:cad>
          </ns3:TrackPointExtension>
        </extensions>
      </trkpt>
      <trkpt lat="30.44664074666798114776611328125" lon="120.26217500679194927215576171875">
        <ele>9</ele>
        <time>2024-12-27T13:10:05.000Z</time>
        <extensions>
          <ns3:TrackPointExtension>
            <ns3:hr>133</ns3:hr>
            <ns3:cad>88</ns3:cad>
          </ns3:TrackPointExtension>
        </extensions>
      </trkpt>
      <trkpt lat="30.44665063731372356414794921875" lon="120.26219562627375125885009765625">
        <ele>9</ele>
        <time>2024-12-27T13:10:06.000Z</time>
        <extensions>
          <ns3:TrackPointExtension>
            <ns3:hr>133</ns3:hr>
            <ns3:cad>88</ns3:cad>
          </ns3:TrackPointExtension>
        </extensions>
      </trkpt>
      <trkpt lat="30.44666371308267116546630859375" lon="120.262224376201629638671875">
        <ele>9.19999980926513671875</ele>
        <time>2024-12-27T13:10:07.000Z</time>
        <extensions>
          <ns3:TrackPointExtension>
            <ns3:hr>134</ns3:hr>
            <ns3:cad>89</ns3:cad>
          </ns3:TrackPointExtension>
        </extensions>
      </trkpt>
      <trkpt lat="30.44667092151939868927001953125" lon="120.2622471749782562255859375">
        <ele>9.19999980926513671875</ele>
        <time>2024-12-27T13:10:08.000Z</time>
        <extensions>
          <ns3:TrackPointExtension>
            <ns3:hr>137</ns3:hr>
            <ns3:cad>89</ns3:cad>
          </ns3:TrackPointExtension>
        </extensions>
      </trkpt>
      <trkpt lat="30.446680225431919097900390625" lon="120.26227056048810482025146484375">
        <ele>9.19999980926513671875</ele>
        <time>2024-12-27T13:10:09.000Z</time>
        <extensions>
          <ns3:TrackPointExtension>
            <ns3:hr>136</ns3:hr>
            <ns3:cad>89</ns3:cad>
          </ns3:TrackPointExtension>
        </extensions>
      </trkpt>
      <trkpt lat="30.44669120572507381439208984375" lon="120.26229402981698513031005859375">
        <ele>9.19999980926513671875</ele>
        <time>2024-12-27T13:10:10.000Z</time>
        <extensions>
          <ns3:TrackPointExtension>
            <ns3:hr>136</ns3:hr>
            <ns3:cad>90</ns3:cad>
          </ns3:TrackPointExtension>
        </extensions>
      </trkpt>
      <trkpt lat="30.44670478440821170806884765625" lon="120.26232051663100719451904296875">
        <ele>9.19999980926513671875</ele>
        <time>2024-12-27T13:10:11.000Z</time>
        <extensions>
          <ns3:TrackPointExtension>
            <ns3:hr>137</ns3:hr>
            <ns3:cad>90</ns3:cad>
          </ns3:TrackPointExtension>
        </extensions>
      </trkpt>
      <trkpt lat="30.44671534560620784759521484375" lon="120.26234381832182407379150390625">
        <ele>9.3999996185302734375</ele>
        <time>2024-12-27T13:10:12.000Z</time>
        <extensions>
          <ns3:TrackPointExtension>
            <ns3:hr>138</ns3:hr>
            <ns3:cad>90</ns3:cad>
          </ns3:TrackPointExtension>
        </extensions>
      </trkpt>
      <trkpt lat="30.44672657735645771026611328125" lon="120.262368209660053253173828125">
        <ele>9.3999996185302734375</ele>
        <time>2024-12-27T13:10:13.000Z</time>
        <extensions>
          <ns3:TrackPointExtension>
            <ns3:hr>139</ns3:hr>
            <ns3:cad>90</ns3:cad>
          </ns3:TrackPointExtension>
        </extensions>
      </trkpt>
      <trkpt lat="30.4467360489070415496826171875" lon="120.26239226572215557098388671875">
        <ele>9.3999996185302734375</ele>
        <time>2024-12-27T13:10:14.000Z</time>
        <extensions>
          <ns3:TrackPointExtension>
            <ns3:hr>138</ns3:hr>
            <ns3:cad>90</ns3:cad>
          </ns3:TrackPointExtension>
        </extensions>
      </trkpt>
      <trkpt lat="30.44674837030470371246337890625" lon="120.26241405867040157318115234375">
        <ele>9.3999996185302734375</ele>
        <time>2024-12-27T13:10:15.000Z</time>
        <extensions>
          <ns3:TrackPointExtension>
            <ns3:hr>138</ns3:hr>
            <ns3:cad>91</ns3:cad>
          </ns3:TrackPointExtension>
        </extensions>
      </trkpt>
      <trkpt lat="30.44676127843558788299560546875" lon="120.262436605989933013916015625">
        <ele>9.3999996185302734375</ele>
        <time>2024-12-27T13:10:16.000Z</time>
        <extensions>
          <ns3:TrackPointExtension>
            <ns3:hr>139</ns3:hr>
            <ns3:cad>91</ns3:cad>
          </ns3:TrackPointExtension>
        </extensions>
      </trkpt>
      <trkpt lat="30.44677418656647205352783203125" lon="120.2624585665762424468994140625">
        <ele>9.6000003814697265625</ele>
        <time>2024-12-27T13:10:17.000Z</time>
        <extensions>
          <ns3:TrackPointExtension>
            <ns3:hr>140</ns3:hr>
            <ns3:cad>91</ns3:cad>
          </ns3:TrackPointExtension>
        </extensions>
      </trkpt>
      <trkpt lat="30.44678223319351673126220703125" lon="120.2624763362109661102294921875">
        <ele>9.6000003814697265625</ele>
        <time>2024-12-27T13:10:18.000Z</time>
        <extensions>
          <ns3:TrackPointExtension>
            <ns3:hr>141</ns3:hr>
            <ns3:cad>90</ns3:cad>
          </ns3:TrackPointExtension>
        </extensions>
      </trkpt>
      <trkpt lat="30.4467913694679737091064453125" lon="120.2625018171966075897216796875">
        <ele>9.6000003814697265625</ele>
        <time>2024-12-27T13:10:19.000Z</time>
        <extensions>
          <ns3:TrackPointExtension>
            <ns3:hr>140</ns3:hr>
            <ns3:cad>90</ns3:cad>
          </ns3:TrackPointExtension>
        </extensions>
      </trkpt>
      <trkpt lat="30.4467974044382572174072265625" lon="120.262518413364887237548828125">
        <ele>9.6000003814697265625</ele>
        <time>2024-12-27T13:10:20.000Z</time>
        <extensions>
          <ns3:TrackPointExtension>
            <ns3:hr>140</ns3:hr>
            <ns3:cad>90</ns3:cad>
          </ns3:TrackPointExtension>
        </extensions>
      </trkpt>
      <trkpt lat="30.44680872000753879547119140625" lon="120.26254598982632160186767578125">
        <ele>9.6000003814697265625</ele>
        <time>2024-12-27T13:10:21.000Z</time>
        <extensions>
          <ns3:TrackPointExtension>
            <ns3:hr>140</ns3:hr>
            <ns3:cad>90</ns3:cad>
          </ns3:TrackPointExtension>
        </extensions>
      </trkpt>
      <trkpt lat="30.44682011939585208892822265625" lon="120.26256971061229705810546875">
        <ele>9.6000003814697265625</ele>
        <time>2024-12-27T13:10:22.000Z</time>
        <extensions>
          <ns3:TrackPointExtension>
            <ns3:hr>141</ns3:hr>
            <ns3:cad>90</ns3:cad>
          </ns3:TrackPointExtension>
        </extensions>
      </trkpt>
      <trkpt lat="30.4468319378793239593505859375" lon="120.26259611360728740692138671875">
        <ele>9.80000019073486328125</ele>
        <time>2024-12-27T13:10:23.000Z</time>
        <extensions>
          <ns3:TrackPointExtension>
            <ns3:hr>141</ns3:hr>
            <ns3:cad>90</ns3:cad>
          </ns3:TrackPointExtension>
        </extensions>
      </trkpt>
      <trkpt lat="30.44684392400085926055908203125" lon="120.262621343135833740234375">
        <ele>9.80000019073486328125</ele>
        <time>2024-12-27T13:10:24.000Z</time>
        <extensions>
          <ns3:TrackPointExtension>
            <ns3:hr>141</ns3:hr>
            <ns3:cad>90</ns3:cad>
          </ns3:TrackPointExtension>
        </extensions>
      </trkpt>
      <trkpt lat="30.44685515575110912322998046875" lon="120.26264489628374576568603515625">
        <ele>9.80000019073486328125</ele>
        <time>2024-12-27T13:10:25.000Z</time>
        <extensions>
          <ns3:TrackPointExtension>
            <ns3:hr>140</ns3:hr>
            <ns3:cad>90</ns3:cad>
          </ns3:TrackPointExtension>
        </extensions>
      </trkpt>
      <trkpt lat="30.44686353765428066253662109375" lon="120.26266350410878658294677734375">
        <ele>9.80000019073486328125</ele>
        <time>2024-12-27T13:10:26.000Z</time>
        <extensions>
          <ns3:TrackPointExtension>
            <ns3:hr>140</ns3:hr>
            <ns3:cad>90</ns3:cad>
          </ns3:TrackPointExtension>
        </extensions>
      </trkpt>
      <trkpt lat="30.4468716681003570556640625" lon="120.262677669525146484375">
        <ele>9.80000019073486328125</ele>
        <time>2024-12-27T13:10:27.000Z</time>
        <extensions>
          <ns3:TrackPointExtension>
            <ns3:hr>141</ns3:hr>
            <ns3:cad>90</ns3:cad>
          </ns3:TrackPointExtension>
        </extensions>
      </trkpt>
      <trkpt lat="30.4468770325183868408203125" lon="120.2626895718276500701904296875">
        <ele>9.80000019073486328125</ele>
        <time>2024-12-27T13:10:28.000Z</time>
        <extensions>
          <ns3:TrackPointExtension>
            <ns3:hr>142</ns3:hr>
            <ns3:cad>90</ns3:cad>
          </ns3:TrackPointExtension>
        </extensions>
      </trkpt>
      <trkpt lat="30.4468818940222263336181640625" lon="120.2627039887011051177978515625">
        <ele>9.80000019073486328125</ele>
        <time>2024-12-27T13:10:29.000Z</time>
        <extensions>
          <ns3:TrackPointExtension>
            <ns3:hr>142</ns3:hr>
            <ns3:cad>83</ns3:cad>
          </ns3:TrackPointExtension>
        </extensions>
      </trkpt>
      <trkpt lat="30.44688843190670013427734375" lon="120.262716226279735565185546875">
        <ele>9.80000019073486328125</ele>
        <time>2024-12-27T13:10:30.000Z</time>
        <extensions>
          <ns3:TrackPointExtension>
            <ns3:hr>142</ns3:hr>
            <ns3:cad>66</ns3:cad>
          </ns3:TrackPointExtension>
        </extensions>
      </trkpt>
      <trkpt lat="30.4468956403434276580810546875" lon="120.2627277933061122894287109375">
        <ele>10</ele>
        <time>2024-12-27T13:10:31.000Z</time>
        <extensions>
          <ns3:TrackPointExtension>
            <ns3:hr>142</ns3:hr>
            <ns3:cad>66</ns3:cad>
          </ns3:TrackPointExtension>
        </extensions>
      </trkpt>
      <trkpt lat="30.4469025135040283203125" lon="120.2627408690750598907470703125">
        <ele>10</ele>
        <time>2024-12-27T13:10:32.000Z</time>
        <extensions>
          <ns3:TrackPointExtension>
            <ns3:hr>143</ns3:hr>
            <ns3:cad>66</ns3:cad>
          </ns3:TrackPointExtension>
        </extensions>
      </trkpt>
      <trkpt lat="30.44691315852105617523193359375" lon="120.2627522684633731842041015625">
        <ele>10</ele>
        <time>2024-12-27T13:10:33.000Z</time>
        <extensions>
          <ns3:TrackPointExtension>
            <ns3:hr>143</ns3:hr>
            <ns3:cad>66</ns3:cad>
          </ns3:TrackPointExtension>
        </extensions>
      </trkpt>
      <trkpt lat="30.4469221271574497222900390625" lon="120.2627673558890819549560546875">
        <ele>10</ele>
        <time>2024-12-27T13:10:34.000Z</time>
        <extensions>
          <ns3:TrackPointExtension>
            <ns3:hr>142</ns3:hr>
            <ns3:cad>65</ns3:cad>
          </ns3:TrackPointExtension>
        </extensions>
      </trkpt>
      <trkpt lat="30.4469288326799869537353515625" lon="120.262783281505107879638671875">
        <ele>10</ele>
        <time>2024-12-27T13:10:35.000Z</time>
        <extensions>
          <ns3:TrackPointExtension>
            <ns3:hr>142</ns3:hr>
            <ns3:cad>65</ns3:cad>
          </ns3:TrackPointExtension>
        </extensions>
      </trkpt>
      <trkpt lat="30.44693495146930217742919921875" lon="120.26280038058757781982421875">
        <ele>9.80000019073486328125</ele>
        <time>2024-12-27T13:10:36.000Z</time>
        <extensions>
          <ns3:TrackPointExtension>
            <ns3:hr>141</ns3:hr>
            <ns3:cad>66</ns3:cad>
          </ns3:TrackPointExtension>
        </extensions>
      </trkpt>
      <trkpt lat="30.44694006443023681640625" lon="120.2628173120319843292236328125">
        <ele>9.80000019073486328125</ele>
        <time>2024-12-27T13:10:37.000Z</time>
        <extensions>
          <ns3:TrackPointExtension>
            <ns3:hr>140</ns3:hr>
            <ns3:cad>66</ns3:cad>
          </ns3:TrackPointExtension>
        </extensions>
      </trkpt>
      <trkpt lat="30.4469482786953449249267578125" lon="120.26283332146704196929931640625">
        <ele>9.80000019073486328125</ele>
        <time>2024-12-27T13:10:38.000Z</time>
        <extensions>
          <ns3:TrackPointExtension>
            <ns3:hr>139</ns3:hr>
            <ns3:cad>66</ns3:cad>
          </ns3:TrackPointExtension>
        </extensions>
      </trkpt>
      <trkpt lat="30.446955822408199310302734375" lon="120.26284572668373584747314453125">
        <ele>9.80000019073486328125</ele>
        <time>2024-12-27T13:10:39.000Z</time>
        <extensions>
          <ns3:TrackPointExtension>
            <ns3:hr>139</ns3:hr>
            <ns3:cad>66</ns3:cad>
          </ns3:TrackPointExtension>
        </extensions>
      </trkpt>
      <trkpt lat="30.44696143828332424163818359375" lon="120.26285762898623943328857421875">
        <ele>9.80000019073486328125</ele>
        <time>2024-12-27T13:10:40.000Z</time>
        <extensions>
          <ns3:TrackPointExtension>
            <ns3:hr>138</ns3:hr>
            <ns3:cad>66</ns3:cad>
          </ns3:TrackPointExtension>
        </extensions>
      </trkpt>
      <trkpt lat="30.44696864672005176544189453125" lon="120.26287405751645565032958984375">
        <ele>9.80000019073486328125</ele>
        <time>2024-12-27T13:10:41.000Z</time>
        <extensions>
          <ns3:TrackPointExtension>
            <ns3:hr>137</ns3:hr>
            <ns3:cad>66</ns3:cad>
          </ns3:TrackPointExtension>
        </extensions>
      </trkpt>
      <trkpt lat="30.446971245110034942626953125" lon="120.26288688182830810546875">
        <ele>9.80000019073486328125</ele>
        <time>2024-12-27T13:10:42.000Z</time>
        <extensions>
          <ns3:TrackPointExtension>
            <ns3:hr>137</ns3:hr>
            <ns3:cad>66</ns3:cad>
          </ns3:TrackPointExtension>
        </extensions>
      </trkpt>
      <trkpt lat="30.44697417877614498138427734375" lon="120.2628950960934162139892578125">
        <ele>9.80000019073486328125</ele>
        <time>2024-12-27T13:10:43.000Z</time>
        <extensions>
          <ns3:TrackPointExtension>
            <ns3:hr>136</ns3:hr>
            <ns3:cad>65</ns3:cad>
          </ns3:TrackPointExtension>
        </extensions>
      </trkpt>
      <trkpt lat="30.44697870500385761260986328125" lon="120.2629054896533489227294921875">
        <ele>9.80000019073486328125</ele>
        <time>2024-12-27T13:10:44.000Z</time>
        <extensions>
          <ns3:TrackPointExtension>
            <ns3:hr>136</ns3:hr>
            <ns3:cad>65</ns3:cad>
          </ns3:TrackPointExtension>
        </extensions>
      </trkpt>
      <trkpt lat="30.446984656155109405517578125" lon="120.262921415269374847412109375">
        <ele>9.80000019073486328125</ele>
        <time>2024-12-27T13:10:45.000Z</time>
        <extensions>
          <ns3:TrackPointExtension>
            <ns3:hr>136</ns3:hr>
            <ns3:cad>65</ns3:cad>
          </ns3:TrackPointExtension>
        </extensions>
      </trkpt>
      <trkpt lat="30.446987338364124298095703125" lon="120.26293306611478328704833984375">
        <ele>9.80000019073486328125</ele>
        <time>2024-12-27T13:10:46.000Z</time>
        <extensions>
          <ns3:TrackPointExtension>
            <ns3:hr>136</ns3:hr>
            <ns3:cad>66</ns3:cad>
          </ns3:TrackPointExtension>
        </extensions>
      </trkpt>
      <trkpt lat="30.44699161313474178314208984375" lon="120.262952260673046112060546875">
        <ele>9.6000003814697265625</ele>
        <time>2024-12-27T13:10:47.000Z</time>
        <extensions>
          <ns3:TrackPointExtension>
            <ns3:hr>136</ns3:hr>
            <ns3:cad>66</ns3:cad>
          </ns3:TrackPointExtension>
        </extensions>
      </trkpt>
      <trkpt lat="30.4469938762485980987548828125" lon="120.2629688568413257598876953125">
        <ele>9.6000003814697265625</ele>
        <time>2024-12-27T13:10:48.000Z</time>
        <extensions>
          <ns3:TrackPointExtension>
            <ns3:hr>135</ns3:hr>
            <ns3:cad>66</ns3:cad>
          </ns3:TrackPointExtension>
        </extensions>
      </trkpt>
      <trkpt lat="30.44699714519083499908447265625" lon="120.262984447181224822998046875">
        <ele>9.6000003814697265625</ele>
        <time>2024-12-27T13:10:49.000Z</time>
        <extensions>
          <ns3:TrackPointExtension>
            <ns3:hr>135</ns3:hr>
            <ns3:cad>68</ns3:cad>
          </ns3:TrackPointExtension>
        </extensions>
      </trkpt>
      <trkpt lat="30.44700351543724536895751953125" lon="120.262998528778553009033203125">
        <ele>9.6000003814697265625</ele>
        <time>2024-12-27T13:10:50.000Z</time>
        <extensions>
          <ns3:TrackPointExtension>
            <ns3:hr>134</ns3:hr>
            <ns3:cad>68</ns3:cad>
          </ns3:TrackPointExtension>
        </extensions>
      </trkpt>
      <trkpt lat="30.44700837694108486175537109375" lon="120.26300783269107341766357421875">
        <ele>9.6000003814697265625</ele>
        <time>2024-12-27T13:10:51.000Z</time>
        <extensions>
          <ns3:TrackPointExtension>
            <ns3:hr>133</ns3:hr>
            <ns3:cad>68</ns3:cad>
          </ns3:TrackPointExtension>
        </extensions>
      </trkpt>
      <trkpt lat="30.4470116458833217620849609375" lon="120.26301906444132328033447265625">
        <ele>9.6000003814697265625</ele>
        <time>2024-12-27T13:10:52.000Z</time>
        <extensions>
          <ns3:TrackPointExtension>
            <ns3:hr>133</ns3:hr>
            <ns3:cad>69</ns3:cad>
          </ns3:TrackPointExtension>
        </extensions>
      </trkpt>
      <trkpt lat="30.4470156691968441009521484375" lon="120.26303239166736602783203125">
        <ele>9.6000003814697265625</ele>
        <time>2024-12-27T13:10:53.000Z</time>
        <extensions>
          <ns3:TrackPointExtension>
            <ns3:hr>132</ns3:hr>
            <ns3:cad>69</ns3:cad>
          </ns3:TrackPointExtension>
        </extensions>
      </trkpt>
      <trkpt lat="30.44702178798615932464599609375" lon="120.26304856874048709869384765625">
        <ele>9.6000003814697265625</ele>
        <time>2024-12-27T13:10:54.000Z</time>
        <extensions>
          <ns3:TrackPointExtension>
            <ns3:hr>132</ns3:hr>
            <ns3:cad>66</ns3:cad>
          </ns3:TrackPointExtension>
        </extensions>
      </trkpt>
      <trkpt lat="30.4470284096896648406982421875" lon="120.26306650601327419281005859375">
        <ele>9.6000003814697265625</ele>
        <time>2024-12-27T13:10:55.000Z</time>
        <extensions>
          <ns3:TrackPointExtension>
            <ns3:hr>132</ns3:hr>
            <ns3:cad>64</ns3:cad>
          </ns3:TrackPointExtension>
        </extensions>
      </trkpt>
      <trkpt lat="30.44703436084091663360595703125" lon="120.26308410800993442535400390625">
        <ele>9.6000003814697265625</ele>
        <time>2024-12-27T13:10:56.000Z</time>
        <extensions>
          <ns3:TrackPointExtension>
            <ns3:hr>131</ns3:hr>
            <ns3:cad>64</ns3:cad>
          </ns3:TrackPointExtension>
        </extensions>
      </trkpt>
      <trkpt lat="30.44704089872539043426513671875" lon="120.2631022967398166656494140625">
        <ele>9.6000003814697265625</ele>
        <time>2024-12-27T13:10:57.000Z</time>
        <extensions>
          <ns3:TrackPointExtension>
            <ns3:hr>131</ns3:hr>
            <ns3:cad>66</ns3:cad>
          </ns3:TrackPointExtension>
        </extensions>
      </trkpt>
      <trkpt lat="30.44704668223857879638671875" lon="120.2631162106990814208984375">
        <ele>9.3999996185302734375</ele>
        <time>2024-12-27T13:10:58.000Z</time>
        <extensions>
          <ns3:TrackPointExtension>
            <ns3:hr>130</ns3:hr>
            <ns3:cad>67</ns3:cad>
          </ns3:TrackPointExtension>
        </extensions>
      </trkpt>
      <trkpt lat="30.44705414213240146636962890625" lon="120.26313029229640960693359375">
        <ele>9.3999996185302734375</ele>
        <time>2024-12-27T13:10:59.000Z</time>
        <extensions>
          <ns3:TrackPointExtension>
            <ns3:hr>130</ns3:hr>
            <ns3:cad>67</ns3:cad>
          </ns3:TrackPointExtension>
        </extensions>
      </trkpt>
      <trkpt lat="30.447062440216541290283203125" lon="120.263144038617610931396484375">
        <ele>9.3999996185302734375</ele>
        <time>2024-12-27T13:11:00.000Z</time>
        <extensions>
          <ns3:TrackPointExtension>
            <ns3:hr>129</ns3:hr>
            <ns3:cad>66</ns3:cad>
          </ns3:TrackPointExtension>
        </extensions>
      </trkpt>
      <trkpt lat="30.44706755317747592926025390625" lon="120.263154096901416778564453125">
        <ele>9.3999996185302734375</ele>
        <time>2024-12-27T13:11:01.000Z</time>
        <extensions>
          <ns3:TrackPointExtension>
            <ns3:hr>129</ns3:hr>
            <ns3:cad>66</ns3:cad>
          </ns3:TrackPointExtension>
        </extensions>
      </trkpt>
      <trkpt lat="30.4470743425190448760986328125" lon="120.2631646580994129180908203125">
        <ele>9.3999996185302734375</ele>
        <time>2024-12-27T13:11:02.000Z</time>
        <extensions>
          <ns3:TrackPointExtension>
            <ns3:hr>129</ns3:hr>
            <ns3:cad>66</ns3:cad>
          </ns3:TrackPointExtension>
        </extensions>
      </trkpt>
      <trkpt lat="30.44708029367029666900634765625" lon="120.263179242610931396484375">
        <ele>9.19999980926513671875</ele>
        <time>2024-12-27T13:11:03.000Z</time>
        <extensions>
          <ns3:TrackPointExtension>
            <ns3:hr>128</ns3:hr>
            <ns3:cad>66</ns3:cad>
          </ns3:TrackPointExtension>
        </extensions>
      </trkpt>
      <trkpt lat="30.447085238993167877197265625" lon="120.26319508440792560577392578125">
        <ele>9.19999980926513671875</ele>
        <time>2024-12-27T13:11:04.000Z</time>
        <extensions>
          <ns3:TrackPointExtension>
            <ns3:hr>128</ns3:hr>
            <ns3:cad>66</ns3:cad>
          </ns3:TrackPointExtension>
        </extensions>
      </trkpt>
      <trkpt lat="30.44709286652505397796630859375" lon="120.2632115967571735382080078125">
        <ele>9.19999980926513671875</ele>
        <time>2024-12-27T13:11:05.000Z</time>
        <extensions>
          <ns3:TrackPointExtension>
            <ns3:hr>127</ns3:hr>
            <ns3:cad>66</ns3:cad>
          </ns3:TrackPointExtension>
        </extensions>
      </trkpt>
      <trkpt lat="30.44710007496178150177001953125" lon="120.2632261812686920166015625">
        <ele>9</ele>
        <time>2024-12-27T13:11:06.000Z</time>
        <extensions>
          <ns3:TrackPointExtension>
            <ns3:hr>127</ns3:hr>
            <ns3:cad>65</ns3:cad>
          </ns3:TrackPointExtension>
        </extensions>
      </trkpt>
      <trkpt lat="30.447108037769794464111328125" lon="120.263242609798908233642578125">
        <ele>9</ele>
        <time>2024-12-27T13:11:07.000Z</time>
        <extensions>
          <ns3:TrackPointExtension>
            <ns3:hr>127</ns3:hr>
            <ns3:cad>65</ns3:cad>
          </ns3:TrackPointExtension>
        </extensions>
      </trkpt>
      <trkpt lat="30.4471170902252197265625" lon="120.26326172053813934326171875">
        <ele>9</ele>
        <time>2024-12-27T13:11:08.000Z</time>
        <extensions>
          <ns3:TrackPointExtension>
            <ns3:hr>127</ns3:hr>
            <ns3:cad>65</ns3:cad>
          </ns3:TrackPointExtension>
        </extensions>
      </trkpt>
      <trkpt lat="30.44712622649967670440673828125" lon="120.2632771432399749755859375">
        <ele>9</ele>
        <time>2024-12-27T13:11:09.000Z</time>
        <extensions>
          <ns3:TrackPointExtension>
            <ns3:hr>127</ns3:hr>
            <ns3:cad>64</ns3:cad>
          </ns3:TrackPointExtension>
        </extensions>
      </trkpt>
      <trkpt lat="30.447131507098674774169921875" lon="120.263292230665683746337890625">
        <ele>8.80000019073486328125</ele>
        <time>2024-12-27T13:11:10.000Z</time>
        <extensions>
          <ns3:TrackPointExtension>
            <ns3:hr>127</ns3:hr>
            <ns3:cad>64</ns3:cad>
          </ns3:TrackPointExtension>
        </extensions>
      </trkpt>
      <trkpt lat="30.4471356980502605438232421875" lon="120.26330488733947277069091796875">
        <ele>8.80000019073486328125</ele>
        <time>2024-12-27T13:11:11.000Z</time>
        <extensions>
          <ns3:TrackPointExtension>
            <ns3:hr>127</ns3:hr>
            <ns3:cad>64</ns3:cad>
          </ns3:TrackPointExtension>
        </extensions>
      </trkpt>
      <trkpt lat="30.44714014045894145965576171875" lon="120.2633172087371349334716796875">
        <ele>8.80000019073486328125</ele>
        <time>2024-12-27T13:11:12.000Z</time>
        <extensions>
          <ns3:TrackPointExtension>
            <ns3:hr>127</ns3:hr>
            <ns3:cad>64</ns3:cad>
          </ns3:TrackPointExtension>
        </extensions>
      </trkpt>
      <trkpt lat="30.4471464268863201141357421875" lon="120.263333134353160858154296875">
        <ele>8.80000019073486328125</ele>
        <time>2024-12-27T13:11:13.000Z</time>
        <extensions>
          <ns3:TrackPointExtension>
            <ns3:hr>127</ns3:hr>
            <ns3:cad>65</ns3:cad>
          </ns3:TrackPointExtension>
        </extensions>
      </trkpt>
      <trkpt lat="30.44715472497045993804931640625" lon="120.2633483894169330596923828125">
        <ele>8.6000003814697265625</ele>
        <time>2024-12-27T13:11:14.000Z</time>
        <extensions>
          <ns3:TrackPointExtension>
            <ns3:hr>126</ns3:hr>
            <ns3:cad>65</ns3:cad>
          </ns3:TrackPointExtension>
        </extensions>
      </trkpt>
      <trkpt lat="30.447161681950092315673828125" lon="120.26336121372878551483154296875">
        <ele>8.6000003814697265625</ele>
        <time>2024-12-27T13:11:15.000Z</time>
        <extensions>
          <ns3:TrackPointExtension>
            <ns3:hr>126</ns3:hr>
            <ns3:cad>65</ns3:cad>
          </ns3:TrackPointExtension>
        </extensions>
      </trkpt>
      <trkpt lat="30.44717299751937389373779296875" lon="120.26338552124798297882080078125">
        <ele>8.6000003814697265625</ele>
        <time>2024-12-27T13:11:16.000Z</time>
        <extensions>
          <ns3:TrackPointExtension>
            <ns3:hr>126</ns3:hr>
            <ns3:cad>66</ns3:cad>
          </ns3:TrackPointExtension>
        </extensions>
      </trkpt>
      <trkpt lat="30.44718439690768718719482421875" lon="120.26341058313846588134765625">
        <ele>8.3999996185302734375</ele>
        <time>2024-12-27T13:11:17.000Z</time>
        <extensions>
          <ns3:TrackPointExtension>
            <ns3:hr>126</ns3:hr>
            <ns3:cad>66</ns3:cad>
          </ns3:TrackPointExtension>
        </extensions>
      </trkpt>
      <trkpt lat="30.44719554483890533447265625" lon="120.2634332142770290374755859375">
        <ele>8.3999996185302734375</ele>
        <time>2024-12-27T13:11:18.000Z</time>
        <extensions>
          <ns3:TrackPointExtension>
            <ns3:hr>126</ns3:hr>
            <ns3:cad>66</ns3:cad>
          </ns3:TrackPointExtension>
        </extensions>
      </trkpt>
      <trkpt lat="30.44720736332237720489501953125" lon="120.2634580247104167938232421875">
        <ele>8.19999980926513671875</ele>
        <time>2024-12-27T13:11:19.000Z</time>
        <extensions>
          <ns3:TrackPointExtension>
            <ns3:hr>126</ns3:hr>
            <ns3:cad>88</ns3:cad>
          </ns3:TrackPointExtension>
        </extensions>
      </trkpt>
      <trkpt lat="30.44721624813973903656005859375" lon="120.26347763836383819580078125">
        <ele>8</ele>
        <time>2024-12-27T13:11:20.000Z</time>
        <extensions>
          <ns3:TrackPointExtension>
            <ns3:hr>126</ns3:hr>
            <ns3:cad>88</ns3:cad>
          </ns3:TrackPointExtension>
        </extensions>
      </trkpt>
      <trkpt lat="30.4472284018993377685546875" lon="120.26350169442594051361083984375">
        <ele>8</ele>
        <time>2024-12-27T13:11:21.000Z</time>
        <extensions>
          <ns3:TrackPointExtension>
            <ns3:hr>126</ns3:hr>
            <ns3:cad>89</ns3:cad>
          </ns3:TrackPointExtension>
        </extensions>
      </trkpt>
      <trkpt lat="30.44724038802087306976318359375" lon="120.263526923954486846923828125">
        <ele>7.80000019073486328125</ele>
        <time>2024-12-27T13:11:22.000Z</time>
        <extensions>
          <ns3:TrackPointExtension>
            <ns3:hr>125</ns3:hr>
            <ns3:cad>89</ns3:cad>
          </ns3:TrackPointExtension>
        </extensions>
      </trkpt>
      <trkpt lat="30.44724809937179088592529296875" lon="120.2635475434362888336181640625">
        <ele>7.80000019073486328125</ele>
        <time>2024-12-27T13:11:23.000Z</time>
        <extensions>
          <ns3:TrackPointExtension>
            <ns3:hr>125</ns3:hr>
            <ns3:cad>89</ns3:cad>
          </ns3:TrackPointExtension>
        </extensions>
      </trkpt>
      <trkpt lat="30.447258912026882171630859375" lon="120.263578891754150390625">
        <ele>7.80000019073486328125</ele>
        <time>2024-12-27T13:11:24.000Z</time>
        <extensions>
          <ns3:TrackPointExtension>
            <ns3:hr>125</ns3:hr>
            <ns3:cad>89</ns3:cad>
          </ns3:TrackPointExtension>
        </extensions>
      </trkpt>
      <trkpt lat="30.44727064669132232666015625" lon="120.263604708015918731689453125">
        <ele>7.599999904632568359375</ele>
        <time>2024-12-27T13:11:25.000Z</time>
        <extensions>
          <ns3:TrackPointExtension>
            <ns3:hr>125</ns3:hr>
            <ns3:cad>89</ns3:cad>
          </ns3:TrackPointExtension>
        </extensions>
      </trkpt>
      <trkpt lat="30.44728464446961879730224609375" lon="120.26362909935414791107177734375">
        <ele>7.599999904632568359375</ele>
        <time>2024-12-27T13:11:26.000Z</time>
        <extensions>
          <ns3:TrackPointExtension>
            <ns3:hr>125</ns3:hr>
            <ns3:cad>89</ns3:cad>
          </ns3:TrackPointExtension>
        </extensions>
      </trkpt>
      <trkpt lat="30.44729839079082012176513671875" lon="120.263653658330440521240234375">
        <ele>7.599999904632568359375</ele>
        <time>2024-12-27T13:11:27.000Z</time>
        <extensions>
          <ns3:TrackPointExtension>
            <ns3:hr>125</ns3:hr>
            <ns3:cad>89</ns3:cad>
          </ns3:TrackPointExtension>
        </extensions>
      </trkpt>
      <trkpt lat="30.4473076947033405303955078125" lon="120.26367771439254283905029296875">
        <ele>7.599999904632568359375</ele>
        <time>2024-12-27T13:11:28.000Z</time>
        <extensions>
          <ns3:TrackPointExtension>
            <ns3:hr>125</ns3:hr>
            <ns3:cad>89</ns3:cad>
          </ns3:TrackPointExtension>
        </extensions>
      </trkpt>
      <trkpt lat="30.44732236303389072418212890625" lon="120.26371157728135585784912109375">
        <ele>7.599999904632568359375</ele>
        <time>2024-12-27T13:11:29.000Z</time>
        <extensions>
          <ns3:TrackPointExtension>
            <ns3:hr>125</ns3:hr>
            <ns3:cad>89</ns3:cad>
          </ns3:TrackPointExtension>
        </extensions>
      </trkpt>
      <trkpt lat="30.4473335109651088714599609375" lon="120.263734124600887298583984375">
        <ele>7.400000095367431640625</ele>
        <time>2024-12-27T13:11:30.000Z</time>
        <extensions>
          <ns3:TrackPointExtension>
            <ns3:hr>126</ns3:hr>
            <ns3:cad>89</ns3:cad>
          </ns3:TrackPointExtension>
        </extensions>
      </trkpt>
      <trkpt lat="30.44734231196343898773193359375" lon="120.26375256478786468505859375">
        <ele>7.400000095367431640625</ele>
        <time>2024-12-27T13:11:31.000Z</time>
        <extensions>
          <ns3:TrackPointExtension>
            <ns3:hr>127</ns3:hr>
            <ns3:cad>89</ns3:cad>
          </ns3:TrackPointExtension>
        </extensions>
      </trkpt>
      <trkpt lat="30.44734901748597621917724609375" lon="120.26376589201390743255615234375">
        <ele>7.400000095367431640625</ele>
        <time>2024-12-27T13:11:32.000Z</time>
        <extensions>
          <ns3:TrackPointExtension>
            <ns3:hr>128</ns3:hr>
            <ns3:cad>89</ns3:cad>
          </ns3:TrackPointExtension>
        </extensions>
      </trkpt>
      <trkpt lat="30.4473542980849742889404296875" lon="120.26378047652542591094970703125">
        <ele>7.400000095367431640625</ele>
        <time>2024-12-27T13:11:33.000Z</time>
        <extensions>
          <ns3:TrackPointExtension>
            <ns3:hr>129</ns3:hr>
            <ns3:cad>88</ns3:cad>
          </ns3:TrackPointExtension>
        </extensions>
      </trkpt>
      <trkpt lat="30.44736108742654323577880859375" lon="120.2637953124940395355224609375">
        <ele>7.400000095367431640625</ele>
        <time>2024-12-27T13:11:34.000Z</time>
        <extensions>
          <ns3:TrackPointExtension>
            <ns3:hr>130</ns3:hr>
            <ns3:cad>87</ns3:cad>
          </ns3:TrackPointExtension>
        </extensions>
      </trkpt>
      <trkpt lat="30.44736812822520732879638671875" lon="120.2638100646436214447021484375">
        <ele>7.400000095367431640625</ele>
        <time>2024-12-27T13:11:35.000Z</time>
        <extensions>
          <ns3:TrackPointExtension>
            <ns3:hr>131</ns3:hr>
            <ns3:cad>87</ns3:cad>
          </ns3:TrackPointExtension>
        </extensions>
      </trkpt>
      <trkpt lat="30.44737651012837886810302734375" lon="120.2638254873454570770263671875">
        <ele>7.400000095367431640625</ele>
        <time>2024-12-27T13:11:36.000Z</time>
        <extensions>
          <ns3:TrackPointExtension>
            <ns3:hr>131</ns3:hr>
            <ns3:cad>87</ns3:cad>
          </ns3:TrackPointExtension>
        </extensions>
      </trkpt>
      <trkpt lat="30.447386987507343292236328125" lon="120.26384350843727588653564453125">
        <ele>7.19999980926513671875</ele>
        <time>2024-12-27T13:11:37.000Z</time>
        <extensions>
          <ns3:TrackPointExtension>
            <ns3:hr>132</ns3:hr>
            <ns3:cad>65</ns3:cad>
          </ns3:TrackPointExtension>
        </extensions>
      </trkpt>
      <trkpt lat="30.4473973810672760009765625" lon="120.26386261917650699615478515625">
        <ele>7.19999980926513671875</ele>
        <time>2024-12-27T13:11:38.000Z</time>
        <extensions>
          <ns3:TrackPointExtension>
            <ns3:hr>132</ns3:hr>
            <ns3:cad>65</ns3:cad>
          </ns3:TrackPointExtension>
        </extensions>
      </trkpt>
      <trkpt lat="30.4474072717130184173583984375" lon="120.26387988589704036712646484375">
        <ele>7.19999980926513671875</ele>
        <time>2024-12-27T13:11:39.000Z</time>
        <extensions>
          <ns3:TrackPointExtension>
            <ns3:hr>132</ns3:hr>
            <ns3:cad>64</ns3:cad>
          </ns3:TrackPointExtension>
        </extensions>
      </trkpt>
      <trkpt lat="30.44741640798747539520263671875" lon="120.2638962306082248687744140625">
        <ele>7.19999980926513671875</ele>
        <time>2024-12-27T13:11:40.000Z</time>
        <extensions>
          <ns3:TrackPointExtension>
            <ns3:hr>131</ns3:hr>
            <ns3:cad>64</ns3:cad>
          </ns3:TrackPointExtension>
        </extensions>
      </trkpt>
      <trkpt lat="30.4474230296909809112548828125" lon="120.26391073130071163177490234375">
        <ele>7.19999980926513671875</ele>
        <time>2024-12-27T13:11:41.000Z</time>
        <extensions>
          <ns3:TrackPointExtension>
            <ns3:hr>131</ns3:hr>
            <ns3:cad>65</ns3:cad>
          </ns3:TrackPointExtension>
        </extensions>
      </trkpt>
      <trkpt lat="30.44742931611835956573486328125" lon="120.263921879231929779052734375">
        <ele>7.19999980926513671875</ele>
        <time>2024-12-27T13:11:42.000Z</time>
        <extensions>
          <ns3:TrackPointExtension>
            <ns3:hr>130</ns3:hr>
            <ns3:cad>65</ns3:cad>
          </ns3:TrackPointExtension>
        </extensions>
      </trkpt>
      <trkpt lat="30.44743618927896022796630859375" lon="120.26393386535346508026123046875">
        <ele>7</ele>
        <time>2024-12-27T13:11:43.000Z</time>
        <extensions>
          <ns3:TrackPointExtension>
            <ns3:hr>130</ns3:hr>
            <ns3:cad>65</ns3:cad>
          </ns3:TrackPointExtension>
        </extensions>
      </trkpt>
      <trkpt lat="30.44744540937244892120361328125" lon="120.26395012624561786651611328125">
        <ele>7</ele>
        <time>2024-12-27T13:11:44.000Z</time>
        <extensions>
          <ns3:TrackPointExtension>
            <ns3:hr>129</ns3:hr>
            <ns3:cad>65</ns3:cad>
          </ns3:TrackPointExtension>
        </extensions>
      </trkpt>
      <trkpt lat="30.44745194725692272186279296875" lon="120.26396219618618488311767578125">
        <ele>7</ele>
        <time>2024-12-27T13:11:45.000Z</time>
        <extensions>
          <ns3:TrackPointExtension>
            <ns3:hr>128</ns3:hr>
            <ns3:cad>65</ns3:cad>
          </ns3:TrackPointExtension>
        </extensions>
      </trkpt>
      <trkpt lat="30.44745882041752338409423828125" lon="120.2639736793935298919677734375">
        <ele>7</ele>
        <time>2024-12-27T13:11:46.000Z</time>
        <extensions>
          <ns3:TrackPointExtension>
            <ns3:hr>128</ns3:hr>
            <ns3:cad>64</ns3:cad>
          </ns3:TrackPointExtension>
        </extensions>
      </trkpt>
      <trkpt lat="30.44746577739715576171875" lon="120.2639850787818431854248046875">
        <ele>7</ele>
        <time>2024-12-27T13:11:47.000Z</time>
        <extensions>
          <ns3:TrackPointExtension>
            <ns3:hr>128</ns3:hr>
            <ns3:cad>63</ns3:cad>
          </ns3:TrackPointExtension>
        </extensions>
      </trkpt>
      <trkpt lat="30.44747172854840755462646484375" lon="120.2639986574649810791015625">
        <ele>7</ele>
        <time>2024-12-27T13:11:48.000Z</time>
        <extensions>
          <ns3:TrackPointExtension>
            <ns3:hr>128</ns3:hr>
            <ns3:cad>63</ns3:cad>
          </ns3:TrackPointExtension>
        </extensions>
      </trkpt>
      <trkpt lat="30.44747809879481792449951171875" lon="120.26401340961456298828125">
        <ele>7</ele>
        <time>2024-12-27T13:11:49.000Z</time>
        <extensions>
          <ns3:TrackPointExtension>
            <ns3:hr>127</ns3:hr>
            <ns3:cad>63</ns3:cad>
          </ns3:TrackPointExtension>
        </extensions>
      </trkpt>
      <trkpt lat="30.4474823735654354095458984375" lon="120.26402438990771770477294921875">
        <ele>7</ele>
        <time>2024-12-27T13:11:50.000Z</time>
        <extensions>
          <ns3:TrackPointExtension>
            <ns3:hr>127</ns3:hr>
            <ns3:cad>65</ns3:cad>
          </ns3:TrackPointExtension>
        </extensions>
      </trkpt>
      <trkpt lat="30.44748790562152862548828125" lon="120.26403729803860187530517578125">
        <ele>7</ele>
        <time>2024-12-27T13:11:51.000Z</time>
        <extensions>
          <ns3:TrackPointExtension>
            <ns3:hr>127</ns3:hr>
            <ns3:cad>66</ns3:cad>
          </ns3:TrackPointExtension>
        </extensions>
      </trkpt>
      <trkpt lat="30.4474961198866367340087890625" lon="120.2640548162162303924560546875">
        <ele>7</ele>
        <time>2024-12-27T13:11:52.000Z</time>
        <extensions>
          <ns3:TrackPointExtension>
            <ns3:hr>127</ns3:hr>
            <ns3:cad>66</ns3:cad>
          </ns3:TrackPointExtension>
        </extensions>
      </trkpt>
      <trkpt lat="30.4475048370659351348876953125" lon="120.264073424041271209716796875">
        <ele>7</ele>
        <time>2024-12-27T13:11:53.000Z</time>
        <extensions>
          <ns3:TrackPointExtension>
            <ns3:hr>128</ns3:hr>
            <ns3:cad>66</ns3:cad>
          </ns3:TrackPointExtension>
        </extensions>
      </trkpt>
      <trkpt lat="30.4475100338459014892578125" lon="120.26408457197248935699462890625">
        <ele>7</ele>
        <time>2024-12-27T13:11:54.000Z</time>
        <extensions>
          <ns3:TrackPointExtension>
            <ns3:hr>128</ns3:hr>
            <ns3:cad>65</ns3:cad>
          </ns3:TrackPointExtension>
        </extensions>
      </trkpt>
      <trkpt lat="30.4475182481110095977783203125" lon="120.2641027607023715972900390625">
        <ele>7</ele>
        <time>2024-12-27T13:11:55.000Z</time>
        <extensions>
          <ns3:TrackPointExtension>
            <ns3:hr>129</ns3:hr>
            <ns3:cad>65</ns3:cad>
          </ns3:TrackPointExtension>
        </extensions>
      </trkpt>
      <trkpt lat="30.44752419926226139068603515625" lon="120.26411541737616062164306640625">
        <ele>6.80000019073486328125</ele>
        <time>2024-12-27T13:11:56.000Z</time>
        <extensions>
          <ns3:TrackPointExtension>
            <ns3:hr>129</ns3:hr>
            <ns3:cad>65</ns3:cad>
          </ns3:TrackPointExtension>
        </extensions>
      </trkpt>
      <trkpt lat="30.447530485689640045166015625" lon="120.264128409326076507568359375">
        <ele>6.80000019073486328125</ele>
        <time>2024-12-27T13:11:57.000Z</time>
        <extensions>
          <ns3:TrackPointExtension>
            <ns3:hr>130</ns3:hr>
            <ns3:cad>64</ns3:cad>
          </ns3:TrackPointExtension>
        </extensions>
      </trkpt>
      <trkpt lat="30.447538532316684722900390625" lon="120.26414089836180210113525390625">
        <ele>6.80000019073486328125</ele>
        <time>2024-12-27T13:11:58.000Z</time>
        <extensions>
          <ns3:TrackPointExtension>
            <ns3:hr>130</ns3:hr>
            <ns3:cad>64</ns3:cad>
          </ns3:TrackPointExtension>
        </extensions>
      </trkpt>
      <trkpt lat="30.44754431582987308502197265625" lon="120.2641550637781620025634765625">
        <ele>6.80000019073486328125</ele>
        <time>2024-12-27T13:11:59.000Z</time>
        <extensions>
          <ns3:TrackPointExtension>
            <ns3:hr>130</ns3:hr>
            <ns3:cad>64</ns3:cad>
          </ns3:TrackPointExtension>
        </extensions>
      </trkpt>
      <trkpt lat="30.44755085371434688568115234375" lon="120.2641698159277439117431640625">
        <ele>6.599999904632568359375</ele>
        <time>2024-12-27T13:12:00.000Z</time>
        <extensions>
          <ns3:TrackPointExtension>
            <ns3:hr>130</ns3:hr>
            <ns3:cad>65</ns3:cad>
          </ns3:TrackPointExtension>
        </extensions>
      </trkpt>
      <trkpt lat="30.447554625570774078369140625" lon="120.26418440043926239013671875">
        <ele>6.599999904632568359375</ele>
        <time>2024-12-27T13:12:01.000Z</time>
        <extensions>
          <ns3:TrackPointExtension>
            <ns3:hr>130</ns3:hr>
            <ns3:cad>65</ns3:cad>
          </ns3:TrackPointExtension>
        </extensions>
      </trkpt>
      <trkpt lat="30.447560660541057586669921875" lon="120.26419923640787601470947265625">
        <ele>6.599999904632568359375</ele>
        <time>2024-12-27T13:12:02.000Z</time>
        <extensions>
          <ns3:TrackPointExtension>
            <ns3:hr>130</ns3:hr>
            <ns3:cad>65</ns3:cad>
          </ns3:TrackPointExtension>
        </extensions>
      </trkpt>
      <trkpt lat="30.44757080264389514923095703125" lon="120.264216251671314239501953125">
        <ele>6.599999904632568359375</ele>
        <time>2024-12-27T13:12:03.000Z</time>
        <extensions>
          <ns3:TrackPointExtension>
            <ns3:hr>130</ns3:hr>
            <ns3:cad>64</ns3:cad>
          </ns3:TrackPointExtension>
        </extensions>
      </trkpt>
      <trkpt lat="30.447580106556415557861328125" lon="120.26423879899084568023681640625">
        <ele>6.400000095367431640625</ele>
        <time>2024-12-27T13:12:04.000Z</time>
        <extensions>
          <ns3:TrackPointExtension>
            <ns3:hr>129</ns3:hr>
            <ns3:cad>64</ns3:cad>
          </ns3:TrackPointExtension>
        </extensions>
      </trkpt>
      <trkpt lat="30.447590835392475128173828125" lon="120.2642630226910114288330078125">
        <ele>6.400000095367431640625</ele>
        <time>2024-12-27T13:12:05.000Z</time>
        <extensions>
          <ns3:TrackPointExtension>
            <ns3:hr>129</ns3:hr>
            <ns3:cad>64</ns3:cad>
          </ns3:TrackPointExtension>
        </extensions>
      </trkpt>
      <trkpt lat="30.44760198332369327545166015625" lon="120.26428766548633575439453125">
        <ele>6.19999980926513671875</ele>
        <time>2024-12-27T13:12:06.000Z</time>
        <extensions>
          <ns3:TrackPointExtension>
            <ns3:hr>128</ns3:hr>
            <ns3:cad>64</ns3:cad>
          </ns3:TrackPointExtension>
        </extensions>
      </trkpt>
      <trkpt lat="30.44761422090232372283935546875" lon="120.26431105099618434906005859375">
        <ele>6.19999980926513671875</ele>
        <time>2024-12-27T13:12:07.000Z</time>
        <extensions>
          <ns3:TrackPointExtension>
            <ns3:hr>128</ns3:hr>
            <ns3:cad>87</ns3:cad>
          </ns3:TrackPointExtension>
        </extensions>
      </trkpt>
      <trkpt lat="30.44762595556676387786865234375" lon="120.264333598315715789794921875">
        <ele>6.19999980926513671875</ele>
        <time>2024-12-27T13:12:08.000Z</time>
        <extensions>
          <ns3:TrackPointExtension>
            <ns3:hr>128</ns3:hr>
            <ns3:cad>88</ns3:cad>
          </ns3:TrackPointExtension>
        </extensions>
      </trkpt>
      <trkpt lat="30.44763668440282344818115234375" lon="120.26435849256813526153564453125">
        <ele>6</ele>
        <time>2024-12-27T13:12:09.000Z</time>
        <extensions>
          <ns3:TrackPointExtension>
            <ns3:hr>127</ns3:hr>
            <ns3:cad>88</ns3:cad>
          </ns3:TrackPointExtension>
        </extensions>
      </trkpt>
      <trkpt lat="30.4476479999721050262451171875" lon="120.26438430882990360260009765625">
        <ele>6</ele>
        <time>2024-12-27T13:12:10.000Z</time>
        <extensions>
          <ns3:TrackPointExtension>
            <ns3:hr>127</ns3:hr>
            <ns3:cad>89</ns3:cad>
          </ns3:TrackPointExtension>
        </extensions>
      </trkpt>
      <trkpt lat="30.44765780679881572723388671875" lon="120.264408029615879058837890625">
        <ele>5.80000019073486328125</ele>
        <time>2024-12-27T13:12:11.000Z</time>
        <extensions>
          <ns3:TrackPointExtension>
            <ns3:hr>126</ns3:hr>
            <ns3:cad>89</ns3:cad>
          </ns3:TrackPointExtension>
        </extensions>
      </trkpt>
      <trkpt lat="30.4476714693009853363037109375" lon="120.26444164104759693145751953125">
        <ele>5.80000019073486328125</ele>
        <time>2024-12-27T13:12:12.000Z</time>
        <extensions>
          <ns3:TrackPointExtension>
            <ns3:hr>126</ns3:hr>
            <ns3:cad>89</ns3:cad>
          </ns3:TrackPointExtension>
        </extensions>
      </trkpt>
      <trkpt lat="30.4476835392415523529052734375" lon="120.2644675411283969879150390625">
        <ele>5.599999904632568359375</ele>
        <time>2024-12-27T13:12:13.000Z</time>
        <extensions>
          <ns3:TrackPointExtension>
            <ns3:hr>125</ns3:hr>
            <ns3:cad>90</ns3:cad>
          </ns3:TrackPointExtension>
        </extensions>
      </trkpt>
      <trkpt lat="30.447693429887294769287109375" lon="120.26448740623891353607177734375">
        <ele>5.599999904632568359375</ele>
        <time>2024-12-27T13:12:14.000Z</time>
        <extensions>
          <ns3:TrackPointExtension>
            <ns3:hr>125</ns3:hr>
            <ns3:cad>90</ns3:cad>
          </ns3:TrackPointExtension>
        </extensions>
      </trkpt>
      <trkpt lat="30.447708182036876678466796875" lon="120.2645168267190456390380859375">
        <ele>5.400000095367431640625</ele>
        <time>2024-12-27T13:12:15.000Z</time>
        <extensions>
          <ns3:TrackPointExtension>
            <ns3:hr>125</ns3:hr>
            <ns3:cad>90</ns3:cad>
          </ns3:TrackPointExtension>
        </extensions>
      </trkpt>
      <trkpt lat="30.44772067107260227203369140625" lon="120.26454507373273372650146484375">
        <ele>5.400000095367431640625</ele>
        <time>2024-12-27T13:12:16.000Z</time>
        <extensions>
          <ns3:TrackPointExtension>
            <ns3:hr>125</ns3:hr>
            <ns3:cad>90</ns3:cad>
          </ns3:TrackPointExtension>
        </extensions>
      </trkpt>
      <trkpt lat="30.44773005880415439605712890625" lon="120.26457239873707294464111328125">
        <ele>5.19999980926513671875</ele>
        <time>2024-12-27T13:12:17.000Z</time>
        <extensions>
          <ns3:TrackPointExtension>
            <ns3:hr>128</ns3:hr>
            <ns3:cad>90</ns3:cad>
          </ns3:TrackPointExtension>
        </extensions>
      </trkpt>
      <trkpt lat="30.4477368481457233428955078125" lon="120.26459251530468463897705078125">
        <ele>5.19999980926513671875</ele>
        <time>2024-12-27T13:12:18.000Z</time>
        <extensions>
          <ns3:TrackPointExtension>
            <ns3:hr>127</ns3:hr>
            <ns3:cad>89</ns3:cad>
          </ns3:TrackPointExtension>
        </extensions>
      </trkpt>
      <trkpt lat="30.44774196110665798187255859375" lon="120.264604501426219940185546875">
        <ele>5.19999980926513671875</ele>
        <time>2024-12-27T13:12:19.000Z</time>
        <extensions>
          <ns3:TrackPointExtension>
            <ns3:hr>128</ns3:hr>
            <ns3:cad>89</ns3:cad>
          </ns3:TrackPointExtension>
        </extensions>
      </trkpt>
      <trkpt lat="30.4477475769817829132080078125" lon="120.26461950503289699554443359375">
        <ele>5.19999980926513671875</ele>
        <time>2024-12-27T13:12:20.000Z</time>
        <extensions>
          <ns3:TrackPointExtension>
            <ns3:hr>127</ns3:hr>
            <ns3:cad>89</ns3:cad>
          </ns3:TrackPointExtension>
        </extensions>
      </trkpt>
      <trkpt lat="30.4477522708475589752197265625" lon="120.26462889276444911956787109375">
        <ele>5</ele>
        <time>2024-12-27T13:12:21.000Z</time>
        <extensions>
          <ns3:TrackPointExtension>
            <ns3:hr>126</ns3:hr>
            <ns3:cad>89</ns3:cad>
          </ns3:TrackPointExtension>
        </extensions>
      </trkpt>
      <trkpt lat="30.44775973074138164520263671875" lon="120.2646422199904918670654296875">
        <ele>5</ele>
        <time>2024-12-27T13:12:22.000Z</time>
        <extensions>
          <ns3:TrackPointExtension>
            <ns3:hr>131</ns3:hr>
            <ns3:cad>0</ns3:cad>
          </ns3:TrackPointExtension>
        </extensions>
      </trkpt>
      <trkpt lat="30.44776811264455318450927734375" lon="120.26465571485459804534912109375">
        <ele>5</ele>
        <time>2024-12-27T13:12:23.000Z</time>
        <extensions>
          <ns3:TrackPointExtension>
            <ns3:hr>132</ns3:hr>
            <ns3:cad>0</ns3:cad>
          </ns3:TrackPointExtension>
        </extensions>
      </trkpt>
      <trkpt lat="30.447774231433868408203125" lon="120.26467080228030681610107421875">
        <ele>5</ele>
        <time>2024-12-27T13:12:24.000Z</time>
        <extensions>
          <ns3:TrackPointExtension>
            <ns3:hr>133</ns3:hr>
            <ns3:cad>65</ns3:cad>
          </ns3:TrackPointExtension>
        </extensions>
      </trkpt>
      <trkpt lat="30.447780601680278778076171875" lon="120.2646891586482524871826171875">
        <ele>5</ele>
        <time>2024-12-27T13:12:25.000Z</time>
        <extensions>
          <ns3:TrackPointExtension>
            <ns3:hr>132</ns3:hr>
            <ns3:cad>65</ns3:cad>
          </ns3:TrackPointExtension>
        </extensions>
      </trkpt>
      <trkpt lat="30.44778294861316680908203125" lon="120.2647029049694538116455078125">
        <ele>5</ele>
        <time>2024-12-27T13:12:26.000Z</time>
        <extensions>
          <ns3:TrackPointExtension>
            <ns3:hr>132</ns3:hr>
            <ns3:cad>64</ns3:cad>
          </ns3:TrackPointExtension>
        </extensions>
      </trkpt>
      <trkpt lat="30.4477864690124988555908203125" lon="120.264724530279636383056640625">
        <ele>5.19999980926513671875</ele>
        <time>2024-12-27T13:12:27.000Z</time>
        <extensions>
          <ns3:TrackPointExtension>
            <ns3:hr>131</ns3:hr>
            <ns3:cad>64</ns3:cad>
          </ns3:TrackPointExtension>
        </extensions>
      </trkpt>
      <trkpt lat="30.44779040850698947906494140625" lon="120.2647443115711212158203125">
        <ele>5.19999980926513671875</ele>
        <time>2024-12-27T13:12:28.000Z</time>
        <extensions>
          <ns3:TrackPointExtension>
            <ns3:hr>131</ns3:hr>
            <ns3:cad>64</ns3:cad>
          </ns3:TrackPointExtension>
        </extensions>
      </trkpt>
      <trkpt lat="30.44779577292501926422119140625" lon="120.2647642605006694793701171875">
        <ele>5.19999980926513671875</ele>
        <time>2024-12-27T13:12:29.000Z</time>
        <extensions>
          <ns3:TrackPointExtension>
            <ns3:hr>131</ns3:hr>
            <ns3:cad>64</ns3:cad>
          </ns3:TrackPointExtension>
        </extensions>
      </trkpt>
      <trkpt lat="30.4477998800575733184814453125" lon="120.26477959938347339630126953125">
        <ele>5.19999980926513671875</ele>
        <time>2024-12-27T13:12:30.000Z</time>
        <extensions>
          <ns3:TrackPointExtension>
            <ns3:hr>132</ns3:hr>
            <ns3:cad>65</ns3:cad>
          </ns3:TrackPointExtension>
        </extensions>
      </trkpt>
      <trkpt lat="30.447804741561412811279296875" lon="120.26479971595108509063720703125">
        <ele>5.400000095367431640625</ele>
        <time>2024-12-27T13:12:31.000Z</time>
        <extensions>
          <ns3:TrackPointExtension>
            <ns3:hr>132</ns3:hr>
            <ns3:cad>65</ns3:cad>
          </ns3:TrackPointExtension>
        </extensions>
      </trkpt>
      <trkpt lat="30.447806753218173980712890625" lon="120.2648132108151912689208984375">
        <ele>5.400000095367431640625</ele>
        <time>2024-12-27T13:12:32.000Z</time>
        <extensions>
          <ns3:TrackPointExtension>
            <ns3:hr>132</ns3:hr>
            <ns3:cad>65</ns3:cad>
          </ns3:TrackPointExtension>
        </extensions>
      </trkpt>
      <trkpt lat="30.44780708849430084228515625" lon="120.26482771150767803192138671875">
        <ele>5.400000095367431640625</ele>
        <time>2024-12-27T13:12:33.000Z</time>
        <extensions>
          <ns3:TrackPointExtension>
            <ns3:hr>132</ns3:hr>
            <ns3:cad>65</ns3:cad>
          </ns3:TrackPointExtension>
        </extensions>
      </trkpt>
      <trkpt lat="30.44780583120882511138916015625" lon="120.26484330184757709503173828125">
        <ele>5.400000095367431640625</ele>
        <time>2024-12-27T13:12:34.000Z</time>
        <extensions>
          <ns3:TrackPointExtension>
            <ns3:hr>132</ns3:hr>
            <ns3:cad>65</ns3:cad>
          </ns3:TrackPointExtension>
        </extensions>
      </trkpt>
      <trkpt lat="30.44780247844755649566650390625" lon="120.2648638375103473663330078125">
        <ele>5.599999904632568359375</ele>
        <time>2024-12-27T13:12:35.000Z</time>
        <extensions>
          <ns3:TrackPointExtension>
            <ns3:hr>132</ns3:hr>
            <ns3:cad>65</ns3:cad>
          </ns3:TrackPointExtension>
        </extensions>
      </trkpt>
      <trkpt lat="30.4477985389530658721923828125" lon="120.26488638482987880706787109375">
        <ele>5.599999904632568359375</ele>
        <time>2024-12-27T13:12:36.000Z</time>
        <extensions>
          <ns3:TrackPointExtension>
            <ns3:hr>132</ns3:hr>
            <ns3:cad>65</ns3:cad>
          </ns3:TrackPointExtension>
        </extensions>
      </trkpt>
      <trkpt lat="30.44779191724956035614013671875" lon="120.26490918360650539398193359375">
        <ele>5.80000019073486328125</ele>
        <time>2024-12-27T13:12:37.000Z</time>
        <extensions>
          <ns3:TrackPointExtension>
            <ns3:hr>132</ns3:hr>
            <ns3:cad>0</ns3:cad>
          </ns3:TrackPointExtension>
        </extensions>
      </trkpt>
      <trkpt lat="30.44778269715607166290283203125" lon="120.26493064127862453460693359375">
        <ele>5.80000019073486328125</ele>
        <time>2024-12-27T13:12:38.000Z</time>
        <extensions>
          <ns3:TrackPointExtension>
            <ns3:hr>132</ns3:hr>
            <ns3:cad>0</ns3:cad>
          </ns3:TrackPointExtension>
        </extensions>
      </trkpt>
      <trkpt lat="30.447772555053234100341796875" lon="120.26495293714106082916259765625">
        <ele>5.80000019073486328125</ele>
        <time>2024-12-27T13:12:39.000Z</time>
        <extensions>
          <ns3:TrackPointExtension>
            <ns3:hr>131</ns3:hr>
            <ns3:cad>86</ns3:cad>
          </ns3:TrackPointExtension>
        </extensions>
      </trkpt>
      <trkpt lat="30.4477593116462230682373046875" lon="120.2649744786322116851806640625">
        <ele>5.80000019073486328125</ele>
        <time>2024-12-27T13:12:40.000Z</time>
        <extensions>
          <ns3:TrackPointExtension>
            <ns3:hr>131</ns3:hr>
            <ns3:cad>88</ns3:cad>
          </ns3:TrackPointExtension>
        </extensions>
      </trkpt>
      <trkpt lat="30.4477428831160068511962890625" lon="120.26499501429498195648193359375">
        <ele>5.80000019073486328125</ele>
        <time>2024-12-27T13:12:41.000Z</time>
        <extensions>
          <ns3:TrackPointExtension>
            <ns3:hr>131</ns3:hr>
            <ns3:cad>88</ns3:cad>
          </ns3:TrackPointExtension>
        </extensions>
      </trkpt>
      <trkpt lat="30.4477267898619174957275390625" lon="120.26501211337745189666748046875">
        <ele>5.599999904632568359375</ele>
        <time>2024-12-27T13:12:42.000Z</time>
        <extensions>
          <ns3:TrackPointExtension>
            <ns3:hr>132</ns3:hr>
            <ns3:cad>89</ns3:cad>
          </ns3:TrackPointExtension>
        </extensions>
      </trkpt>
      <trkpt lat="30.447714887559413909912109375" lon="120.26502661406993865966796875">
        <ele>5.599999904632568359375</ele>
        <time>2024-12-27T13:12:43.000Z</time>
        <extensions>
          <ns3:TrackPointExtension>
            <ns3:hr>132</ns3:hr>
            <ns3:cad>88</ns3:cad>
          </ns3:TrackPointExtension>
        </extensions>
      </trkpt>
      <trkpt lat="30.44770373962819576263427734375" lon="120.26503600180149078369140625">
        <ele>5.599999904632568359375</ele>
        <time>2024-12-27T13:12:44.000Z</time>
        <extensions>
          <ns3:TrackPointExtension>
            <ns3:hr>132</ns3:hr>
            <ns3:cad>88</ns3:cad>
          </ns3:TrackPointExtension>
        </extensions>
      </trkpt>
      <trkpt lat="30.4476982913911342620849609375" lon="120.26504295878112316131591796875">
        <ele>5.599999904632568359375</ele>
        <time>2024-12-27T13:12:45.000Z</time>
        <extensions>
          <ns3:TrackPointExtension>
            <ns3:hr>133</ns3:hr>
            <ns3:cad>88</ns3:cad>
          </ns3:TrackPointExtension>
        </extensions>
      </trkpt>
      <trkpt lat="30.44768613763153553009033203125" lon="120.2650500833988189697265625">
        <ele>5.599999904632568359375</ele>
        <time>2024-12-27T13:12:46.000Z</time>
        <extensions>
          <ns3:TrackPointExtension>
            <ns3:hr>133</ns3:hr>
            <ns3:cad>87</ns3:cad>
          </ns3:TrackPointExtension>
        </extensions>
      </trkpt>
      <trkpt lat="30.4476709663867950439453125" lon="120.26505687274038791656494140625">
        <ele>5.400000095367431640625</ele>
        <time>2024-12-27T13:12:47.000Z</time>
        <extensions>
          <ns3:TrackPointExtension>
            <ns3:hr>133</ns3:hr>
            <ns3:cad>87</ns3:cad>
          </ns3:TrackPointExtension>
        </extensions>
      </trkpt>
      <trkpt lat="30.447656549513339996337890625" lon="120.2650653384625911712646484375">
        <ele>5.400000095367431640625</ele>
        <time>2024-12-27T13:12:48.000Z</time>
        <extensions>
          <ns3:TrackPointExtension>
            <ns3:hr>134</ns3:hr>
            <ns3:cad>65</ns3:cad>
          </ns3:TrackPointExtension>
        </extensions>
      </trkpt>
      <trkpt lat="30.447640456259250640869140625" lon="120.26507095433771610260009765625">
        <ele>5.400000095367431640625</ele>
        <time>2024-12-27T13:12:49.000Z</time>
        <extensions>
          <ns3:TrackPointExtension>
            <ns3:hr>134</ns3:hr>
            <ns3:cad>65</ns3:cad>
          </ns3:TrackPointExtension>
        </extensions>
      </trkpt>
      <trkpt lat="30.44762511737644672393798828125" lon="120.265078246593475341796875">
        <ele>5.400000095367431640625</ele>
        <time>2024-12-27T13:12:50.000Z</time>
        <extensions>
          <ns3:TrackPointExtension>
            <ns3:hr>134</ns3:hr>
            <ns3:cad>65</ns3:cad>
          </ns3:TrackPointExtension>
        </extensions>
      </trkpt>
      <trkpt lat="30.44761086814105510711669921875" lon="120.26508470065891742706298828125">
        <ele>5.400000095367431640625</ele>
        <time>2024-12-27T13:12:51.000Z</time>
        <extensions>
          <ns3:TrackPointExtension>
            <ns3:hr>134</ns3:hr>
            <ns3:cad>65</ns3:cad>
          </ns3:TrackPointExtension>
        </extensions>
      </trkpt>
      <trkpt lat="30.4475920088589191436767578125" lon="120.265088975429534912109375">
        <ele>5.599999904632568359375</ele>
        <time>2024-12-27T13:12:52.000Z</time>
        <extensions>
          <ns3:TrackPointExtension>
            <ns3:hr>133</ns3:hr>
            <ns3:cad>65</ns3:cad>
          </ns3:TrackPointExtension>
        </extensions>
      </trkpt>
      <trkpt lat="30.44758153147995471954345703125" lon="120.2650924958288669586181640625">
        <ele>5.599999904632568359375</ele>
        <time>2024-12-27T13:12:53.000Z</time>
        <extensions>
          <ns3:TrackPointExtension>
            <ns3:hr>131</ns3:hr>
            <ns3:cad>65</ns3:cad>
          </ns3:TrackPointExtension>
        </extensions>
      </trkpt>
      <trkpt lat="30.447568707168102264404296875" lon="120.265099704265594482421875">
        <ele>5.599999904632568359375</ele>
        <time>2024-12-27T13:12:54.000Z</time>
        <extensions>
          <ns3:TrackPointExtension>
            <ns3:hr>131</ns3:hr>
            <ns3:cad>66</ns3:cad>
          </ns3:TrackPointExtension>
        </extensions>
      </trkpt>
      <trkpt lat="30.44755705632269382476806640625" lon="120.26510515250265598297119140625">
        <ele>5.599999904632568359375</ele>
        <time>2024-12-27T13:12:55.000Z</time>
        <extensions>
          <ns3:TrackPointExtension>
            <ns3:hr>130</ns3:hr>
            <ns3:cad>66</ns3:cad>
          </ns3:TrackPointExtension>
        </extensions>
      </trkpt>
      <trkpt lat="30.44754615984857082366943359375" lon="120.2651106007397174835205078125">
        <ele>5.599999904632568359375</ele>
        <time>2024-12-27T13:12:56.000Z</time>
        <extensions>
          <ns3:TrackPointExtension>
            <ns3:hr>129</ns3:hr>
            <ns3:cad>65</ns3:cad>
          </ns3:TrackPointExtension>
        </extensions>
      </trkpt>
      <trkpt lat="30.4475261270999908447265625" lon="120.2651196531951427459716796875">
        <ele>5.80000019073486328125</ele>
        <time>2024-12-27T13:12:57.000Z</time>
        <extensions>
          <ns3:TrackPointExtension>
            <ns3:hr>128</ns3:hr>
            <ns3:cad>65</ns3:cad>
          </ns3:TrackPointExtension>
        </extensions>
      </trkpt>
      <trkpt lat="30.4475065134465694427490234375" lon="120.265132896602153778076171875">
        <ele>5.80000019073486328125</ele>
        <time>2024-12-27T13:12:58.000Z</time>
        <extensions>
          <ns3:TrackPointExtension>
            <ns3:hr>127</ns3:hr>
            <ns3:cad>65</ns3:cad>
          </ns3:TrackPointExtension>
        </extensions>
      </trkpt>
      <trkpt lat="30.44748698361217975616455078125" lon="120.26514622382819652557373046875">
        <ele>6</ele>
        <time>2024-12-27T13:12:59.000Z</time>
        <extensions>
          <ns3:TrackPointExtension>
            <ns3:hr>127</ns3:hr>
            <ns3:cad>65</ns3:cad>
          </ns3:TrackPointExtension>
        </extensions>
      </trkpt>
      <trkpt lat="30.447466783225536346435546875" lon="120.2651602216064929962158203125">
        <ele>6</ele>
        <time>2024-12-27T13:13:00.000Z</time>
        <extensions>
          <ns3:TrackPointExtension>
            <ns3:hr>127</ns3:hr>
            <ns3:cad>88</ns3:cad>
          </ns3:TrackPointExtension>
        </extensions>
      </trkpt>
      <trkpt lat="30.44744574464857578277587890625" lon="120.2651734650135040283203125">
        <ele>6.19999980926513671875</ele>
        <time>2024-12-27T13:13:01.000Z</time>
        <extensions>
          <ns3:TrackPointExtension>
            <ns3:hr>127</ns3:hr>
            <ns3:cad>88</ns3:cad>
          </ns3:TrackPointExtension>
        </extensions>
      </trkpt>
      <trkpt lat="30.4474223591387271881103515625" lon="120.2651863731443881988525390625">
        <ele>6.19999980926513671875</ele>
        <time>2024-12-27T13:13:02.000Z</time>
        <extensions>
          <ns3:TrackPointExtension>
            <ns3:hr>127</ns3:hr>
            <ns3:cad>88</ns3:cad>
          </ns3:TrackPointExtension>
        </extensions>
      </trkpt>
      <trkpt lat="30.44740215875208377838134765625" lon="120.26520003564655780792236328125">
        <ele>6.400000095367431640625</ele>
        <time>2024-12-27T13:13:03.000Z</time>
        <extensions>
          <ns3:TrackPointExtension>
            <ns3:hr>130</ns3:hr>
            <ns3:cad>88</ns3:cad>
          </ns3:TrackPointExtension>
        </extensions>
      </trkpt>
      <trkpt lat="30.44738254509866237640380859375" lon="120.2652121894061565399169921875">
        <ele>6.599999904632568359375</ele>
        <time>2024-12-27T13:13:04.000Z</time>
        <extensions>
          <ns3:TrackPointExtension>
            <ns3:hr>129</ns3:hr>
            <ns3:cad>88</ns3:cad>
          </ns3:TrackPointExtension>
        </extensions>
      </trkpt>
      <trkpt lat="30.4473603330552577972412109375" lon="120.2652215771377086639404296875">
        <ele>6.80000019073486328125</ele>
        <time>2024-12-27T13:13:05.000Z</time>
        <extensions>
          <ns3:TrackPointExtension>
            <ns3:hr>132</ns3:hr>
            <ns3:cad>88</ns3:cad>
          </ns3:TrackPointExtension>
        </extensions>
      </trkpt>
      <trkpt lat="30.447335354983806610107421875" lon="120.2652302943170070648193359375">
        <ele>7</ele>
        <time>2024-12-27T13:13:06.000Z</time>
        <extensions>
          <ns3:TrackPointExtension>
            <ns3:hr>133</ns3:hr>
            <ns3:cad>89</ns3:cad>
          </ns3:TrackPointExtension>
        </extensions>
      </trkpt>
      <trkpt lat="30.44731356203556060791015625" lon="120.265237502753734588623046875">
        <ele>7</ele>
        <time>2024-12-27T13:13:07.000Z</time>
        <extensions>
          <ns3:TrackPointExtension>
            <ns3:hr>131</ns3:hr>
            <ns3:cad>89</ns3:cad>
          </ns3:TrackPointExtension>
        </extensions>
      </trkpt>
      <trkpt lat="30.44728967361152172088623046875" lon="120.2652477286756038665771484375">
        <ele>7.19999980926513671875</ele>
        <time>2024-12-27T13:13:08.000Z</time>
        <extensions>
          <ns3:TrackPointExtension>
            <ns3:hr>131</ns3:hr>
            <ns3:cad>89</ns3:cad>
          </ns3:TrackPointExtension>
        </extensions>
      </trkpt>
      <trkpt lat="30.4472637735307216644287109375" lon="120.2652619779109954833984375">
        <ele>7.400000095367431640625</ele>
        <time>2024-12-27T13:13:09.000Z</time>
        <extensions>
          <ns3:TrackPointExtension>
            <ns3:hr>132</ns3:hr>
            <ns3:cad>89</ns3:cad>
          </ns3:TrackPointExtension>
        </extensions>
      </trkpt>
      <trkpt lat="30.44724575243890285491943359375" lon="120.26527597568929195404052734375">
        <ele>7.400000095367431640625</ele>
        <time>2024-12-27T13:13:10.000Z</time>
        <extensions>
          <ns3:TrackPointExtension>
            <ns3:hr>132</ns3:hr>
            <ns3:cad>89</ns3:cad>
          </ns3:TrackPointExtension>
        </extensions>
      </trkpt>
      <trkpt lat="30.4472310841083526611328125" lon="120.26528586633503437042236328125">
        <ele>7.599999904632568359375</ele>
        <time>2024-12-27T13:13:11.000Z</time>
        <extensions>
          <ns3:TrackPointExtension>
            <ns3:hr>132</ns3:hr>
            <ns3:cad>89</ns3:cad>
          </ns3:TrackPointExtension>
        </extensions>
      </trkpt>
      <trkpt lat="30.4472158290445804595947265625" lon="120.2652914822101593017578125">
        <ele>7.599999904632568359375</ele>
        <time>2024-12-27T13:13:12.000Z</time>
        <extensions>
          <ns3:TrackPointExtension>
            <ns3:hr>132</ns3:hr>
            <ns3:cad>89</ns3:cad>
          </ns3:TrackPointExtension>
        </extensions>
      </trkpt>
      <trkpt lat="30.44720468111336231231689453125" lon="120.2652995288372039794921875">
        <ele>7.599999904632568359375</ele>
        <time>2024-12-27T13:13:13.000Z</time>
        <extensions>
          <ns3:TrackPointExtension>
            <ns3:hr>132</ns3:hr>
            <ns3:cad>89</ns3:cad>
          </ns3:TrackPointExtension>
        </extensions>
      </trkpt>
      <trkpt lat="30.44719529338181018829345703125" lon="120.26531000621616840362548828125">
        <ele>7.599999904632568359375</ele>
        <time>2024-12-27T13:13:14.000Z</time>
        <extensions>
          <ns3:TrackPointExtension>
            <ns3:hr>132</ns3:hr>
            <ns3:cad>81</ns3:cad>
          </ns3:TrackPointExtension>
        </extensions>
      </trkpt>
      <trkpt lat="30.44718154706060886383056640625" lon="120.26532291434705257415771484375">
        <ele>7.599999904632568359375</ele>
        <time>2024-12-27T13:13:15.000Z</time>
        <extensions>
          <ns3:TrackPointExtension>
            <ns3:hr>132</ns3:hr>
            <ns3:cad>81</ns3:cad>
          </ns3:TrackPointExtension>
        </extensions>
      </trkpt>
      <trkpt lat="30.4471675492823123931884765625" lon="120.26533599011600017547607421875">
        <ele>7.599999904632568359375</ele>
        <time>2024-12-27T13:13:16.000Z</time>
        <extensions>
          <ns3:TrackPointExtension>
            <ns3:hr>133</ns3:hr>
            <ns3:cad>64</ns3:cad>
          </ns3:TrackPointExtension>
        </extensions>
      </trkpt>
      <trkpt lat="30.44715321622788906097412109375" lon="120.26534688659012317657470703125">
        <ele>7.599999904632568359375</ele>
        <time>2024-12-27T13:13:17.000Z</time>
        <extensions>
          <ns3:TrackPointExtension>
            <ns3:hr>133</ns3:hr>
            <ns3:cad>0</ns3:cad>
          </ns3:TrackPointExtension>
        </extensions>
      </trkpt>
      <trkpt lat="30.44713787734508514404296875" lon="120.2653558552265167236328125">
        <ele>7.599999904632568359375</ele>
        <time>2024-12-27T13:13:18.000Z</time>
        <extensions>
          <ns3:TrackPointExtension>
            <ns3:hr>133</ns3:hr>
            <ns3:cad>0</ns3:cad>
          </ns3:TrackPointExtension>
        </extensions>
      </trkpt>
      <trkpt lat="30.447123460471630096435546875" lon="120.2653640694916248321533203125">
        <ele>7.599999904632568359375</ele>
        <time>2024-12-27T13:13:19.000Z</time>
        <extensions>
          <ns3:TrackPointExtension>
            <ns3:hr>133</ns3:hr>
            <ns3:cad>0</ns3:cad>
          </ns3:TrackPointExtension>
        </extensions>
      </trkpt>
      <trkpt lat="30.447109378874301910400390625" lon="120.26537404395639896392822265625">
        <ele>7.599999904632568359375</ele>
        <time>2024-12-27T13:13:20.000Z</time>
        <extensions>
          <ns3:TrackPointExtension>
            <ns3:hr>134</ns3:hr>
            <ns3:cad>62</ns3:cad>
          </ns3:TrackPointExtension>
        </extensions>
      </trkpt>
      <trkpt lat="30.4470921121537685394287109375" lon="120.26538594625890254974365234375">
        <ele>7.599999904632568359375</ele>
        <time>2024-12-27T13:13:21.000Z</time>
        <extensions>
          <ns3:TrackPointExtension>
            <ns3:hr>133</ns3:hr>
            <ns3:cad>62</ns3:cad>
          </ns3:TrackPointExtension>
        </extensions>
      </trkpt>
      <trkpt lat="30.44707375578582286834716796875" lon="120.265400111675262451171875">
        <ele>7.80000019073486328125</ele>
        <time>2024-12-27T13:13:22.000Z</time>
        <extensions>
          <ns3:TrackPointExtension>
            <ns3:hr>135</ns3:hr>
            <ns3:cad>62</ns3:cad>
          </ns3:TrackPointExtension>
        </extensions>
      </trkpt>
      <trkpt lat="30.44705397449433803558349609375" lon="120.26541478000581264495849609375">
        <ele>8</ele>
        <time>2024-12-27T13:13:23.000Z</time>
        <extensions>
          <ns3:TrackPointExtension>
            <ns3:hr>133</ns3:hr>
            <ns3:cad>64</ns3:cad>
          </ns3:TrackPointExtension>
        </extensions>
      </trkpt>
      <trkpt lat="30.4470337741076946258544921875" lon="120.2654294483363628387451171875">
        <ele>8</ele>
        <time>2024-12-27T13:13:24.000Z</time>
        <extensions>
          <ns3:TrackPointExtension>
            <ns3:hr>133</ns3:hr>
            <ns3:cad>88</ns3:cad>
          </ns3:TrackPointExtension>
        </extensions>
      </trkpt>
      <trkpt lat="30.44701717793941497802734375" lon="120.26543975807726383209228515625">
        <ele>8.19999980926513671875</ele>
        <time>2024-12-27T13:13:25.000Z</time>
        <extensions>
          <ns3:TrackPointExtension>
            <ns3:hr>133</ns3:hr>
            <ns3:cad>88</ns3:cad>
          </ns3:TrackPointExtension>
        </extensions>
      </trkpt>
      <trkpt lat="30.44699035584926605224609375" lon="120.26545174419879913330078125">
        <ele>8.3999996185302734375</ele>
        <time>2024-12-27T13:13:26.000Z</time>
        <extensions>
          <ns3:TrackPointExtension>
            <ns3:hr>135</ns3:hr>
            <ns3:cad>88</ns3:cad>
          </ns3:TrackPointExtension>
        </extensions>
      </trkpt>
      <trkpt lat="30.446969233453273773193359375" lon="120.26546238921582698822021484375">
        <ele>8.6000003814697265625</ele>
        <time>2024-12-27T13:13:27.000Z</time>
        <extensions>
          <ns3:TrackPointExtension>
            <ns3:hr>134</ns3:hr>
            <ns3:cad>88</ns3:cad>
          </ns3:TrackPointExtension>
        </extensions>
      </trkpt>
      <trkpt lat="30.44694769196212291717529296875" lon="120.26547295041382312774658203125">
        <ele>8.6000003814697265625</ele>
        <time>2024-12-27T13:13:28.000Z</time>
        <extensions>
          <ns3:TrackPointExtension>
            <ns3:hr>132</ns3:hr>
            <ns3:cad>89</ns3:cad>
          </ns3:TrackPointExtension>
        </extensions>
      </trkpt>
      <trkpt lat="30.44692439027130603790283203125" lon="120.2654844336211681365966796875">
        <ele>8.80000019073486328125</ele>
        <time>2024-12-27T13:13:29.000Z</time>
        <extensions>
          <ns3:TrackPointExtension>
            <ns3:hr>132</ns3:hr>
            <ns3:cad>89</ns3:cad>
          </ns3:TrackPointExtension>
        </extensions>
      </trkpt>
      <trkpt lat="30.44690544717013835906982421875" lon="120.26549440808594226837158203125">
        <ele>8.80000019073486328125</ele>
        <time>2024-12-27T13:13:30.000Z</time>
        <extensions>
          <ns3:TrackPointExtension>
            <ns3:hr>131</ns3:hr>
            <ns3:cad>89</ns3:cad>
          </ns3:TrackPointExtension>
        </extensions>
      </trkpt>
      <trkpt lat="30.44689253903925418853759765625" lon="120.26550094597041606903076171875">
        <ele>8.80000019073486328125</ele>
        <time>2024-12-27T13:13:31.000Z</time>
        <extensions>
          <ns3:TrackPointExtension>
            <ns3:hr>130</ns3:hr>
            <ns3:cad>89</ns3:cad>
          </ns3:TrackPointExtension>
        </extensions>
      </trkpt>
      <trkpt lat="30.44688214547932147979736328125" lon="120.265505053102970123291015625">
        <ele>8.6000003814697265625</ele>
        <time>2024-12-27T13:13:32.000Z</time>
        <extensions>
          <ns3:TrackPointExtension>
            <ns3:hr>130</ns3:hr>
            <ns3:cad>89</ns3:cad>
          </ns3:TrackPointExtension>
        </extensions>
      </trkpt>
      <trkpt lat="30.446867980062961578369140625" lon="120.2655114233493804931640625">
        <ele>8.6000003814697265625</ele>
        <time>2024-12-27T13:13:33.000Z</time>
        <extensions>
          <ns3:TrackPointExtension>
            <ns3:hr>131</ns3:hr>
            <ns3:cad>90</ns3:cad>
          </ns3:TrackPointExtension>
        </extensions>
      </trkpt>
      <trkpt lat="30.44685616157948970794677734375" lon="120.265521816909313201904296875">
        <ele>8.3999996185302734375</ele>
        <time>2024-12-27T13:13:34.000Z</time>
        <extensions>
          <ns3:TrackPointExtension>
            <ns3:hr>131</ns3:hr>
            <ns3:cad>90</ns3:cad>
          </ns3:TrackPointExtension>
        </extensions>
      </trkpt>
      <trkpt lat="30.44684417545795440673828125" lon="120.26552961207926273345947265625">
        <ele>8.3999996185302734375</ele>
        <time>2024-12-27T13:13:35.000Z</time>
        <extensions>
          <ns3:TrackPointExtension>
            <ns3:hr>131</ns3:hr>
            <ns3:cad>0</ns3:cad>
          </ns3:TrackPointExtension>
        </extensions>
      </trkpt>
      <trkpt lat="30.44683202169835567474365234375" lon="120.2655357308685779571533203125">
        <ele>8.19999980926513671875</ele>
        <time>2024-12-27T13:13:36.000Z</time>
        <extensions>
          <ns3:TrackPointExtension>
            <ns3:hr>130</ns3:hr>
            <ns3:cad>0</ns3:cad>
          </ns3:TrackPointExtension>
        </extensions>
      </trkpt>
      <trkpt lat="30.44681794010102748870849609375" lon="120.265543945133686065673828125">
        <ele>8.19999980926513671875</ele>
        <time>2024-12-27T13:13:37.000Z</time>
        <extensions>
          <ns3:TrackPointExtension>
            <ns3:hr>132</ns3:hr>
            <ns3:cad>64</ns3:cad>
          </ns3:TrackPointExtension>
        </extensions>
      </trkpt>
      <trkpt lat="30.4468024335801601409912109375" lon="120.265550315380096435546875">
        <ele>8</ele>
        <time>2024-12-27T13:13:38.000Z</time>
        <extensions>
          <ns3:TrackPointExtension>
            <ns3:hr>130</ns3:hr>
            <ns3:cad>64</ns3:cad>
          </ns3:TrackPointExtension>
        </extensions>
      </trkpt>
      <trkpt lat="30.44679044745862483978271484375" lon="120.2655538357794284820556640625">
        <ele>8</ele>
        <time>2024-12-27T13:13:39.000Z</time>
        <extensions>
          <ns3:TrackPointExtension>
            <ns3:hr>131</ns3:hr>
            <ns3:cad>64</ns3:cad>
          </ns3:TrackPointExtension>
        </extensions>
      </trkpt>
      <trkpt lat="30.44677116908133029937744140625" lon="120.265561379492282867431640625">
        <ele>7.80000019073486328125</ele>
        <time>2024-12-27T13:13:40.000Z</time>
        <extensions>
          <ns3:TrackPointExtension>
            <ns3:hr>130</ns3:hr>
            <ns3:cad>64</ns3:cad>
          </ns3:TrackPointExtension>
        </extensions>
      </trkpt>
      <trkpt lat="30.4467571713030338287353515625" lon="120.2655679173767566680908203125">
        <ele>7.80000019073486328125</ele>
        <time>2024-12-27T13:13:41.000Z</time>
        <extensions>
          <ns3:TrackPointExtension>
            <ns3:hr>130</ns3:hr>
            <ns3:cad>65</ns3:cad>
          </ns3:TrackPointExtension>
        </extensions>
      </trkpt>
      <trkpt lat="30.4467427544295787811279296875" lon="120.2655739523470401763916015625">
        <ele>7.599999904632568359375</ele>
        <time>2024-12-27T13:13:42.000Z</time>
        <extensions>
          <ns3:TrackPointExtension>
            <ns3:hr>129</ns3:hr>
            <ns3:cad>65</ns3:cad>
          </ns3:TrackPointExtension>
        </extensions>
      </trkpt>
      <trkpt lat="30.44673110358417034149169921875" lon="120.26557990349829196929931640625">
        <ele>7.599999904632568359375</ele>
        <time>2024-12-27T13:13:43.000Z</time>
        <extensions>
          <ns3:TrackPointExtension>
            <ns3:hr>129</ns3:hr>
            <ns3:cad>65</ns3:cad>
          </ns3:TrackPointExtension>
        </extensions>
      </trkpt>
      <trkpt lat="30.4467199556529521942138671875" lon="120.26558543555438518524169921875">
        <ele>7.599999904632568359375</ele>
        <time>2024-12-27T13:13:44.000Z</time>
        <extensions>
          <ns3:TrackPointExtension>
            <ns3:hr>126</ns3:hr>
            <ns3:cad>66</ns3:cad>
          </ns3:TrackPointExtension>
        </extensions>
      </trkpt>
      <trkpt lat="30.4467102326452732086181640625" lon="120.26559063233435153961181640625">
        <ele>7.599999904632568359375</ele>
        <time>2024-12-27T13:13:45.000Z</time>
        <extensions>
          <ns3:TrackPointExtension>
            <ns3:hr>126</ns3:hr>
            <ns3:cad>66</ns3:cad>
          </ns3:TrackPointExtension>
        </extensions>
      </trkpt>
      <trkpt lat="30.44669690541923046112060546875" lon="120.2655980922281742095947265625">
        <ele>7.599999904632568359375</ele>
        <time>2024-12-27T13:13:46.000Z</time>
        <extensions>
          <ns3:TrackPointExtension>
            <ns3:hr>127</ns3:hr>
            <ns3:cad>66</ns3:cad>
          </ns3:TrackPointExtension>
        </extensions>
      </trkpt>
      <trkpt lat="30.4466844163835048675537109375" lon="120.26560404337942600250244140625">
        <ele>7.599999904632568359375</ele>
        <time>2024-12-27T13:13:47.000Z</time>
        <extensions>
          <ns3:TrackPointExtension>
            <ns3:hr>128</ns3:hr>
            <ns3:cad>65</ns3:cad>
          </ns3:TrackPointExtension>
        </extensions>
      </trkpt>
      <trkpt lat="30.4466686584055423736572265625" lon="120.2656111679971218109130859375">
        <ele>7.599999904632568359375</ele>
        <time>2024-12-27T13:13:48.000Z</time>
        <extensions>
          <ns3:TrackPointExtension>
            <ns3:hr>128</ns3:hr>
            <ns3:cad>65</ns3:cad>
          </ns3:TrackPointExtension>
        </extensions>
      </trkpt>
      <trkpt lat="30.44665667228400707244873046875" lon="120.265615694224834442138671875">
        <ele>7.400000095367431640625</ele>
        <time>2024-12-27T13:13:49.000Z</time>
        <extensions>
          <ns3:TrackPointExtension>
            <ns3:hr>128</ns3:hr>
            <ns3:cad>65</ns3:cad>
          </ns3:TrackPointExtension>
        </extensions>
      </trkpt>
      <trkpt lat="30.4466409981250762939453125" lon="120.26562181301414966583251953125">
        <ele>7.400000095367431640625</ele>
        <time>2024-12-27T13:13:50.000Z</time>
        <extensions>
          <ns3:TrackPointExtension>
            <ns3:hr>128</ns3:hr>
            <ns3:cad>65</ns3:cad>
          </ns3:TrackPointExtension>
        </extensions>
      </trkpt>
      <trkpt lat="30.44662264175713062286376953125" lon="120.2656292729079723358154296875">
        <ele>7.400000095367431640625</ele>
        <time>2024-12-27T13:13:51.000Z</time>
        <extensions>
          <ns3:TrackPointExtension>
            <ns3:hr>129</ns3:hr>
            <ns3:cad>65</ns3:cad>
          </ns3:TrackPointExtension>
        </extensions>
      </trkpt>
      <trkpt lat="30.44660755433142185211181640625" lon="120.26563421823084354400634765625">
        <ele>7.400000095367431640625</ele>
        <time>2024-12-27T13:13:52.000Z</time>
        <extensions>
          <ns3:TrackPointExtension>
            <ns3:hr>129</ns3:hr>
            <ns3:cad>66</ns3:cad>
          </ns3:TrackPointExtension>
        </extensions>
      </trkpt>
      <trkpt lat="30.44659607112407684326171875" lon="120.26563958264887332916259765625">
        <ele>7.400000095367431640625</ele>
        <time>2024-12-27T13:13:53.000Z</time>
        <extensions>
          <ns3:TrackPointExtension>
            <ns3:hr>128</ns3:hr>
            <ns3:cad>67</ns3:cad>
          </ns3:TrackPointExtension>
        </extensions>
      </trkpt>
      <trkpt lat="30.446582324802875518798828125" lon="120.2656480483710765838623046875">
        <ele>7.400000095367431640625</ele>
        <time>2024-12-27T13:13:54.000Z</time>
        <extensions>
          <ns3:TrackPointExtension>
            <ns3:hr>128</ns3:hr>
            <ns3:cad>67</ns3:cad>
          </ns3:TrackPointExtension>
        </extensions>
      </trkpt>
      <trkpt lat="30.44657452963292598724365234375" lon="120.26565684936940670013427734375">
        <ele>7.400000095367431640625</ele>
        <time>2024-12-27T13:13:55.000Z</time>
        <extensions>
          <ns3:TrackPointExtension>
            <ns3:hr>128</ns3:hr>
            <ns3:cad>66</ns3:cad>
          </ns3:TrackPointExtension>
        </extensions>
      </trkpt>
      <trkpt lat="30.44656044803559780120849609375" lon="120.26566606946289539337158203125">
        <ele>7.400000095367431640625</ele>
        <time>2024-12-27T13:13:56.000Z</time>
        <extensions>
          <ns3:TrackPointExtension>
            <ns3:hr>128</ns3:hr>
            <ns3:cad>66</ns3:cad>
          </ns3:TrackPointExtension>
        </extensions>
      </trkpt>
      <trkpt lat="30.4465519823133945465087890625" lon="120.26567143388092517852783203125">
        <ele>7.19999980926513671875</ele>
        <time>2024-12-27T13:13:57.000Z</time>
        <extensions>
          <ns3:TrackPointExtension>
            <ns3:hr>127</ns3:hr>
            <ns3:cad>66</ns3:cad>
          </ns3:TrackPointExtension>
        </extensions>
      </trkpt>
      <trkpt lat="30.4465337097644805908203125" lon="120.26567998342216014862060546875">
        <ele>7.19999980926513671875</ele>
        <time>2024-12-27T13:13:58.000Z</time>
        <extensions>
          <ns3:TrackPointExtension>
            <ns3:hr>127</ns3:hr>
            <ns3:cad>66</ns3:cad>
          </ns3:TrackPointExtension>
        </extensions>
      </trkpt>
      <trkpt lat="30.44652021490037441253662109375" lon="120.26568853296339511871337890625">
        <ele>7.19999980926513671875</ele>
        <time>2024-12-27T13:13:59.000Z</time>
        <extensions>
          <ns3:TrackPointExtension>
            <ns3:hr>127</ns3:hr>
            <ns3:cad>66</ns3:cad>
          </ns3:TrackPointExtension>
        </extensions>
      </trkpt>
      <trkpt lat="30.44650898315012454986572265625" lon="120.2656956575810909271240234375">
        <ele>7.19999980926513671875</ele>
        <time>2024-12-27T13:14:00.000Z</time>
        <extensions>
          <ns3:TrackPointExtension>
            <ns3:hr>127</ns3:hr>
            <ns3:cad>66</ns3:cad>
          </ns3:TrackPointExtension>
        </extensions>
      </trkpt>
      <trkpt lat="30.44649322517216205596923828125" lon="120.265705548226833343505859375">
        <ele>7.19999980926513671875</ele>
        <time>2024-12-27T13:14:01.000Z</time>
        <extensions>
          <ns3:TrackPointExtension>
            <ns3:hr>127</ns3:hr>
            <ns3:cad>66</ns3:cad>
          </ns3:TrackPointExtension>
        </extensions>
      </trkpt>
      <trkpt lat="30.44648165814578533172607421875" lon="120.26571250520646572113037109375">
        <ele>7.19999980926513671875</ele>
        <time>2024-12-27T13:14:02.000Z</time>
        <extensions>
          <ns3:TrackPointExtension>
            <ns3:hr>127</ns3:hr>
            <ns3:cad>66</ns3:cad>
          </ns3:TrackPointExtension>
        </extensions>
      </trkpt>
      <trkpt lat="30.44646422378718852996826171875" lon="120.26572474278509616851806640625">
        <ele>7</ele>
        <time>2024-12-27T13:14:03.000Z</time>
        <extensions>
          <ns3:TrackPointExtension>
            <ns3:hr>127</ns3:hr>
            <ns3:cad>67</ns3:cad>
          </ns3:TrackPointExtension>
        </extensions>
      </trkpt>
      <trkpt lat="30.4464393295347690582275390625" lon="120.26573949493467807769775390625">
        <ele>7</ele>
        <time>2024-12-27T13:14:04.000Z</time>
        <extensions>
          <ns3:TrackPointExtension>
            <ns3:hr>127</ns3:hr>
            <ns3:cad>67</ns3:cad>
          </ns3:TrackPointExtension>
        </extensions>
      </trkpt>
      <trkpt lat="30.44641711749136447906494140625" lon="120.26575081050395965576171875">
        <ele>7</ele>
        <time>2024-12-27T13:14:05.000Z</time>
        <extensions>
          <ns3:TrackPointExtension>
            <ns3:hr>127</ns3:hr>
            <ns3:cad>83</ns3:cad>
          </ns3:TrackPointExtension>
        </extensions>
      </trkpt>
      <trkpt lat="30.44639431871473789215087890625" lon="120.26576112024486064910888671875">
        <ele>7</ele>
        <time>2024-12-27T13:14:06.000Z</time>
        <extensions>
          <ns3:TrackPointExtension>
            <ns3:hr>127</ns3:hr>
            <ns3:cad>88</ns3:cad>
          </ns3:TrackPointExtension>
        </extensions>
      </trkpt>
      <trkpt lat="30.4463729448616504669189453125" lon="120.265771932899951934814453125">
        <ele>6.80000019073486328125</ele>
        <time>2024-12-27T13:14:07.000Z</time>
        <extensions>
          <ns3:TrackPointExtension>
            <ns3:hr>127</ns3:hr>
            <ns3:cad>91</ns3:cad>
          </ns3:TrackPointExtension>
        </extensions>
      </trkpt>
      <trkpt lat="30.446356348693370819091796875" lon="120.2657801471650600433349609375">
        <ele>6.80000019073486328125</ele>
        <time>2024-12-27T13:14:08.000Z</time>
        <extensions>
          <ns3:TrackPointExtension>
            <ns3:hr>128</ns3:hr>
            <ns3:cad>91</ns3:cad>
          </ns3:TrackPointExtension>
        </extensions>
      </trkpt>
      <trkpt lat="30.44633455574512481689453125" lon="120.2657957375049591064453125">
        <ele>6.80000019073486328125</ele>
        <time>2024-12-27T13:14:09.000Z</time>
        <extensions>
          <ns3:TrackPointExtension>
            <ns3:hr>128</ns3:hr>
            <ns3:cad>90</ns3:cad>
          </ns3:TrackPointExtension>
        </extensions>
      </trkpt>
      <trkpt lat="30.4463176243007183074951171875" lon="120.26580688543617725372314453125">
        <ele>6.80000019073486328125</ele>
        <time>2024-12-27T13:14:10.000Z</time>
        <extensions>
          <ns3:TrackPointExtension>
            <ns3:hr>128</ns3:hr>
            <ns3:cad>90</ns3:cad>
          </ns3:TrackPointExtension>
        </extensions>
      </trkpt>
      <trkpt lat="30.4462968371808528900146484375" lon="120.26581912301480770111083984375">
        <ele>6.80000019073486328125</ele>
        <time>2024-12-27T13:14:11.000Z</time>
        <extensions>
          <ns3:TrackPointExtension>
            <ns3:hr>128</ns3:hr>
            <ns3:cad>90</ns3:cad>
          </ns3:TrackPointExtension>
        </extensions>
      </trkpt>
      <trkpt lat="30.44628082774579524993896484375" lon="120.26583102531731128692626953125">
        <ele>6.599999904632568359375</ele>
        <time>2024-12-27T13:14:12.000Z</time>
        <extensions>
          <ns3:TrackPointExtension>
            <ns3:hr>129</ns3:hr>
            <ns3:cad>90</ns3:cad>
          </ns3:TrackPointExtension>
        </extensions>
      </trkpt>
      <trkpt lat="30.4462669976055622100830078125" lon="120.2658411674201488494873046875">
        <ele>6.599999904632568359375</ele>
        <time>2024-12-27T13:14:13.000Z</time>
        <extensions>
          <ns3:TrackPointExtension>
            <ns3:hr>130</ns3:hr>
            <ns3:cad>90</ns3:cad>
          </ns3:TrackPointExtension>
        </extensions>
      </trkpt>
      <trkpt lat="30.44625216163694858551025390625" lon="120.26584728620946407318115234375">
        <ele>6.599999904632568359375</ele>
        <time>2024-12-27T13:14:14.000Z</time>
        <extensions>
          <ns3:TrackPointExtension>
            <ns3:hr>131</ns3:hr>
            <ns3:cad>90</ns3:cad>
          </ns3:TrackPointExtension>
        </extensions>
      </trkpt>
      <trkpt lat="30.4462405107915401458740234375" lon="120.26585415937006473541259765625">
        <ele>6.599999904632568359375</ele>
        <time>2024-12-27T13:14:15.000Z</time>
        <extensions>
          <ns3:TrackPointExtension>
            <ns3:hr>132</ns3:hr>
            <ns3:cad>90</ns3:cad>
          </ns3:TrackPointExtension>
        </extensions>
      </trkpt>
      <trkpt lat="30.44622634537518024444580078125" lon="120.2658609487116336822509765625">
        <ele>6.599999904632568359375</ele>
        <time>2024-12-27T13:14:16.000Z</time>
        <extensions>
          <ns3:TrackPointExtension>
            <ns3:hr>133</ns3:hr>
            <ns3:cad>90</ns3:cad>
          </ns3:TrackPointExtension>
        </extensions>
      </trkpt>
      <trkpt lat="30.44621494598686695098876953125" lon="120.26586614549160003662109375">
        <ele>6.599999904632568359375</ele>
        <time>2024-12-27T13:14:17.000Z</time>
        <extensions>
          <ns3:TrackPointExtension>
            <ns3:hr>134</ns3:hr>
            <ns3:cad>66</ns3:cad>
          </ns3:TrackPointExtension>
        </extensions>
      </trkpt>
      <trkpt lat="30.446199439465999603271484375" lon="120.26587528176605701446533203125">
        <ele>6.599999904632568359375</ele>
        <time>2024-12-27T13:14:18.000Z</time>
        <extensions>
          <ns3:TrackPointExtension>
            <ns3:hr>134</ns3:hr>
            <ns3:cad>66</ns3:cad>
          </ns3:TrackPointExtension>
        </extensions>
      </trkpt>
      <trkpt lat="30.44618192128837108612060546875" lon="120.26588450185954570770263671875">
        <ele>6.599999904632568359375</ele>
        <time>2024-12-27T13:14:19.000Z</time>
        <extensions>
          <ns3:TrackPointExtension>
            <ns3:hr>135</ns3:hr>
            <ns3:cad>66</ns3:cad>
          </ns3:TrackPointExtension>
        </extensions>
      </trkpt>
      <trkpt lat="30.4461620561778545379638671875" lon="120.2658951468765735626220703125">
        <ele>6.599999904632568359375</ele>
        <time>2024-12-27T13:14:20.000Z</time>
        <extensions>
          <ns3:TrackPointExtension>
            <ns3:hr>135</ns3:hr>
            <ns3:cad>66</ns3:cad>
          </ns3:TrackPointExtension>
        </extensions>
      </trkpt>
      <trkpt lat="30.4461372457444667816162109375" lon="120.26590663008391857147216796875">
        <ele>6.599999904632568359375</ele>
        <time>2024-12-27T13:14:21.000Z</time>
        <extensions>
          <ns3:TrackPointExtension>
            <ns3:hr>135</ns3:hr>
            <ns3:cad>66</ns3:cad>
          </ns3:TrackPointExtension>
        </extensions>
      </trkpt>
      <trkpt lat="30.44611821882426738739013671875" lon="120.2659155987203121185302734375">
        <ele>6.599999904632568359375</ele>
        <time>2024-12-27T13:14:22.000Z</time>
        <extensions>
          <ns3:TrackPointExtension>
            <ns3:hr>135</ns3:hr>
            <ns3:cad>88</ns3:cad>
          </ns3:TrackPointExtension>
        </extensions>
      </trkpt>
      <trkpt lat="30.44609357602894306182861328125" lon="120.26592724956572055816650390625">
        <ele>6.599999904632568359375</ele>
        <time>2024-12-27T13:14:23.000Z</time>
        <extensions>
          <ns3:TrackPointExtension>
            <ns3:hr>134</ns3:hr>
            <ns3:cad>88</ns3:cad>
          </ns3:TrackPointExtension>
        </extensions>
      </trkpt>
      <trkpt lat="30.446072034537792205810546875" lon="120.265939570963382720947265625">
        <ele>6.599999904632568359375</ele>
        <time>2024-12-27T13:14:24.000Z</time>
        <extensions>
          <ns3:TrackPointExtension>
            <ns3:hr>134</ns3:hr>
            <ns3:cad>88</ns3:cad>
          </ns3:TrackPointExtension>
        </extensions>
      </trkpt>
      <trkpt lat="30.446049906313419342041015625" lon="120.2659518085420131683349609375">
        <ele>6.599999904632568359375</ele>
        <time>2024-12-27T13:14:25.000Z</time>
        <extensions>
          <ns3:TrackPointExtension>
            <ns3:hr>134</ns3:hr>
            <ns3:cad>89</ns3:cad>
          </ns3:TrackPointExtension>
        </extensions>
      </trkpt>
      <trkpt lat="30.446034483611583709716796875" lon="120.265960358083248138427734375">
        <ele>6.400000095367431640625</ele>
        <time>2024-12-27T13:14:26.000Z</time>
        <extensions>
          <ns3:TrackPointExtension>
            <ns3:hr>134</ns3:hr>
            <ns3:cad>89</ns3:cad>
          </ns3:TrackPointExtension>
        </extensions>
      </trkpt>
      <trkpt lat="30.44601134955883026123046875" lon="120.26597502641379833221435546875">
        <ele>6.400000095367431640625</ele>
        <time>2024-12-27T13:14:27.000Z</time>
        <extensions>
          <ns3:TrackPointExtension>
            <ns3:hr>134</ns3:hr>
            <ns3:cad>89</ns3:cad>
          </ns3:TrackPointExtension>
        </extensions>
      </trkpt>
      <trkpt lat="30.44599567539989948272705078125" lon="120.2659850008785724639892578125">
        <ele>6.400000095367431640625</ele>
        <time>2024-12-27T13:14:28.000Z</time>
        <extensions>
          <ns3:TrackPointExtension>
            <ns3:hr>134</ns3:hr>
            <ns3:cad>89</ns3:cad>
          </ns3:TrackPointExtension>
        </extensions>
      </trkpt>
      <trkpt lat="30.44597304426133632659912109375" lon="120.26599623262882232666015625">
        <ele>6.19999980926513671875</ele>
        <time>2024-12-27T13:14:29.000Z</time>
        <extensions>
          <ns3:TrackPointExtension>
            <ns3:hr>134</ns3:hr>
            <ns3:cad>89</ns3:cad>
          </ns3:TrackPointExtension>
        </extensions>
      </trkpt>
      <trkpt lat="30.44596063904464244842529296875" lon="120.26600386016070842742919921875">
        <ele>6.19999980926513671875</ele>
        <time>2024-12-27T13:14:30.000Z</time>
        <extensions>
          <ns3:TrackPointExtension>
            <ns3:hr>134</ns3:hr>
            <ns3:cad>89</ns3:cad>
          </ns3:TrackPointExtension>
        </extensions>
      </trkpt>
      <trkpt lat="30.445947982370853424072265625" lon="120.2660094760358333587646484375">
        <ele>6.19999980926513671875</ele>
        <time>2024-12-27T13:14:31.000Z</time>
        <extensions>
          <ns3:TrackPointExtension>
            <ns3:hr>134</ns3:hr>
            <ns3:cad>89</ns3:cad>
          </ns3:TrackPointExtension>
        </extensions>
      </trkpt>
      <trkpt lat="30.44593448750674724578857421875" lon="120.2660168521106243133544921875">
        <ele>6</ele>
        <time>2024-12-27T13:14:32.000Z</time>
        <extensions>
          <ns3:TrackPointExtension>
            <ns3:hr>134</ns3:hr>
            <ns3:cad>88</ns3:cad>
          </ns3:TrackPointExtension>
        </extensions>
      </trkpt>
      <trkpt lat="30.44591956771910190582275390625" lon="120.2660252340137958526611328125">
        <ele>6</ele>
        <time>2024-12-27T13:14:33.000Z</time>
        <extensions>
          <ns3:TrackPointExtension>
            <ns3:hr>134</ns3:hr>
            <ns3:cad>88</ns3:cad>
          </ns3:TrackPointExtension>
        </extensions>
      </trkpt>
      <trkpt lat="30.44590414501726627349853515625" lon="120.26603202335536479949951171875">
        <ele>6</ele>
        <time>2024-12-27T13:14:34.000Z</time>
        <extensions>
          <ns3:TrackPointExtension>
            <ns3:hr>134</ns3:hr>
            <ns3:cad>88</ns3:cad>
          </ns3:TrackPointExtension>
        </extensions>
      </trkpt>
      <trkpt lat="30.445888303220272064208984375" lon="120.26603914797306060791015625">
        <ele>6</ele>
        <time>2024-12-27T13:14:35.000Z</time>
        <extensions>
          <ns3:TrackPointExtension>
            <ns3:hr>134</ns3:hr>
            <ns3:cad>88</ns3:cad>
          </ns3:TrackPointExtension>
        </extensions>
      </trkpt>
      <trkpt lat="30.44587321579456329345703125" lon="120.26604610495269298553466796875">
        <ele>5.80000019073486328125</ele>
        <time>2024-12-27T13:14:36.000Z</time>
        <extensions>
          <ns3:TrackPointExtension>
            <ns3:hr>134</ns3:hr>
            <ns3:cad>66</ns3:cad>
          </ns3:TrackPointExtension>
        </extensions>
      </trkpt>
      <trkpt lat="30.44586089439690113067626953125" lon="120.26605381630361080169677734375">
        <ele>5.80000019073486328125</ele>
        <time>2024-12-27T13:14:37.000Z</time>
        <extensions>
          <ns3:TrackPointExtension>
            <ns3:hr>135</ns3:hr>
            <ns3:cad>66</ns3:cad>
          </ns3:TrackPointExtension>
        </extensions>
      </trkpt>
      <trkpt lat="30.44584815390408039093017578125" lon="120.26605616323649883270263671875">
        <ele>5.80000019073486328125</ele>
        <time>2024-12-27T13:14:38.000Z</time>
        <extensions>
          <ns3:TrackPointExtension>
            <ns3:hr>135</ns3:hr>
            <ns3:cad>65</ns3:cad>
          </ns3:TrackPointExtension>
        </extensions>
      </trkpt>
      <trkpt lat="30.44583658687770366668701171875" lon="120.26605918072164058685302734375">
        <ele>5.80000019073486328125</ele>
        <time>2024-12-27T13:14:39.000Z</time>
        <extensions>
          <ns3:TrackPointExtension>
            <ns3:hr>135</ns3:hr>
            <ns3:cad>65</ns3:cad>
          </ns3:TrackPointExtension>
        </extensions>
      </trkpt>
      <trkpt lat="30.44582225382328033447265625" lon="120.266062952578067779541015625">
        <ele>5.80000019073486328125</ele>
        <time>2024-12-27T13:14:40.000Z</time>
        <extensions>
          <ns3:TrackPointExtension>
            <ns3:hr>134</ns3:hr>
            <ns3:cad>65</ns3:cad>
          </ns3:TrackPointExtension>
        </extensions>
      </trkpt>
      <trkpt lat="30.4458120279014110565185546875" lon="120.2660671435296535491943359375">
        <ele>5.80000019073486328125</ele>
        <time>2024-12-27T13:14:41.000Z</time>
        <extensions>
          <ns3:TrackPointExtension>
            <ns3:hr>134</ns3:hr>
            <ns3:cad>64</ns3:cad>
          </ns3:TrackPointExtension>
        </extensions>
      </trkpt>
      <trkpt lat="30.4457982815802097320556640625" lon="120.26607225649058818817138671875">
        <ele>6</ele>
        <time>2024-12-27T13:14:42.000Z</time>
        <extensions>
          <ns3:TrackPointExtension>
            <ns3:hr>133</ns3:hr>
            <ns3:cad>64</ns3:cad>
          </ns3:TrackPointExtension>
        </extensions>
      </trkpt>
      <trkpt lat="30.44578562490642070770263671875" lon="120.26607644744217395782470703125">
        <ele>6</ele>
        <time>2024-12-27T13:14:43.000Z</time>
        <extensions>
          <ns3:TrackPointExtension>
            <ns3:hr>132</ns3:hr>
            <ns3:cad>64</ns3:cad>
          </ns3:TrackPointExtension>
        </extensions>
      </trkpt>
      <trkpt lat="30.4457711242139339447021484375" lon="120.26608063839375972747802734375">
        <ele>6</ele>
        <time>2024-12-27T13:14:44.000Z</time>
        <extensions>
          <ns3:TrackPointExtension>
            <ns3:hr>132</ns3:hr>
            <ns3:cad>65</ns3:cad>
          </ns3:TrackPointExtension>
        </extensions>
      </trkpt>
      <trkpt lat="30.44575545005500316619873046875" lon="120.2660854160785675048828125">
        <ele>6.19999980926513671875</ele>
        <time>2024-12-27T13:14:45.000Z</time>
        <extensions>
          <ns3:TrackPointExtension>
            <ns3:hr>131</ns3:hr>
            <ns3:cad>66</ns3:cad>
          </ns3:TrackPointExtension>
        </extensions>
      </trkpt>
      <trkpt lat="30.4457392729818820953369140625" lon="120.266091786324977874755859375">
        <ele>6.19999980926513671875</ele>
        <time>2024-12-27T13:14:46.000Z</time>
        <extensions>
          <ns3:TrackPointExtension>
            <ns3:hr>130</ns3:hr>
            <ns3:cad>66</ns3:cad>
          </ns3:TrackPointExtension>
        </extensions>
      </trkpt>
      <trkpt lat="30.4457223415374755859375" lon="120.2660973183810710906982421875">
        <ele>6.19999980926513671875</ele>
        <time>2024-12-27T13:14:47.000Z</time>
        <extensions>
          <ns3:TrackPointExtension>
            <ns3:hr>130</ns3:hr>
            <ns3:cad>66</ns3:cad>
          </ns3:TrackPointExtension>
        </extensions>
      </trkpt>
      <trkpt lat="30.4457075893878936767578125" lon="120.26610628701746463775634765625">
        <ele>6.400000095367431640625</ele>
        <time>2024-12-27T13:14:48.000Z</time>
        <extensions>
          <ns3:TrackPointExtension>
            <ns3:hr>130</ns3:hr>
            <ns3:cad>65</ns3:cad>
          </ns3:TrackPointExtension>
        </extensions>
      </trkpt>
      <trkpt lat="30.4456941783428192138671875" lon="120.26611424982547760009765625">
        <ele>6.400000095367431640625</ele>
        <time>2024-12-27T13:14:49.000Z</time>
        <extensions>
          <ns3:TrackPointExtension>
            <ns3:hr>129</ns3:hr>
            <ns3:cad>65</ns3:cad>
          </ns3:TrackPointExtension>
        </extensions>
      </trkpt>
      <trkpt lat="30.44568168930709362030029296875" lon="120.26612053625285625457763671875">
        <ele>6.400000095367431640625</ele>
        <time>2024-12-27T13:14:50.000Z</time>
        <extensions>
          <ns3:TrackPointExtension>
            <ns3:hr>129</ns3:hr>
            <ns3:cad>65</ns3:cad>
          </ns3:TrackPointExtension>
        </extensions>
      </trkpt>
      <trkpt lat="30.44567096047103404998779296875" lon="120.26612497866153717041015625">
        <ele>6.400000095367431640625</ele>
        <time>2024-12-27T13:14:51.000Z</time>
        <extensions>
          <ns3:TrackPointExtension>
            <ns3:hr>128</ns3:hr>
            <ns3:cad>65</ns3:cad>
          </ns3:TrackPointExtension>
        </extensions>
      </trkpt>
      <trkpt lat="30.44566123746335506439208984375" lon="120.26613059453666210174560546875">
        <ele>6.400000095367431640625</ele>
        <time>2024-12-27T13:14:52.000Z</time>
        <extensions>
          <ns3:TrackPointExtension>
            <ns3:hr>128</ns3:hr>
            <ns3:cad>65</ns3:cad>
          </ns3:TrackPointExtension>
        </extensions>
      </trkpt>
      <trkpt lat="30.4456510953605175018310546875" lon="120.26613679714500904083251953125">
        <ele>6.599999904632568359375</ele>
        <time>2024-12-27T13:14:53.000Z</time>
        <extensions>
          <ns3:TrackPointExtension>
            <ns3:hr>127</ns3:hr>
            <ns3:cad>65</ns3:cad>
          </ns3:TrackPointExtension>
        </extensions>
      </trkpt>
      <trkpt lat="30.44564179144799709320068359375" lon="120.266144759953022003173828125">
        <ele>6.599999904632568359375</ele>
        <time>2024-12-27T13:14:54.000Z</time>
        <extensions>
          <ns3:TrackPointExtension>
            <ns3:hr>127</ns3:hr>
            <ns3:cad>65</ns3:cad>
          </ns3:TrackPointExtension>
        </extensions>
      </trkpt>
      <trkpt lat="30.44563114643096923828125" lon="120.2661533094942569732666015625">
        <ele>6.599999904632568359375</ele>
        <time>2024-12-27T13:14:55.000Z</time>
        <extensions>
          <ns3:TrackPointExtension>
            <ns3:hr>127</ns3:hr>
            <ns3:cad>65</ns3:cad>
          </ns3:TrackPointExtension>
        </extensions>
      </trkpt>
      <trkpt lat="30.445624105632305145263671875" lon="120.26615959592163562774658203125">
        <ele>6.599999904632568359375</ele>
        <time>2024-12-27T13:14:56.000Z</time>
        <extensions>
          <ns3:TrackPointExtension>
            <ns3:hr>127</ns3:hr>
            <ns3:cad>65</ns3:cad>
          </ns3:TrackPointExtension>
        </extensions>
      </trkpt>
      <trkpt lat="30.44561362825334072113037109375" lon="120.26616496033966541290283203125">
        <ele>6.599999904632568359375</ele>
        <time>2024-12-27T13:14:57.000Z</time>
        <extensions>
          <ns3:TrackPointExtension>
            <ns3:hr>127</ns3:hr>
            <ns3:cad>65</ns3:cad>
          </ns3:TrackPointExtension>
        </extensions>
      </trkpt>
      <trkpt lat="30.4455957747995853424072265625" lon="120.2661740966141223907470703125">
        <ele>6.400000095367431640625</ele>
        <time>2024-12-27T13:14:58.000Z</time>
        <extensions>
          <ns3:TrackPointExtension>
            <ns3:hr>126</ns3:hr>
            <ns3:cad>65</ns3:cad>
          </ns3:TrackPointExtension>
        </extensions>
      </trkpt>
      <trkpt lat="30.44558093883097171783447265625" lon="120.2661766111850738525390625">
        <ele>6.400000095367431640625</ele>
        <time>2024-12-27T13:14:59.000Z</time>
        <extensions>
          <ns3:TrackPointExtension>
            <ns3:hr>126</ns3:hr>
            <ns3:cad>65</ns3:cad>
          </ns3:TrackPointExtension>
        </extensions>
      </trkpt>
      <trkpt lat="30.4455622471868991851806640625" lon="120.26618725620210170745849609375">
        <ele>6.400000095367431640625</ele>
        <time>2024-12-27T13:15:00.000Z</time>
        <extensions>
          <ns3:TrackPointExtension>
            <ns3:hr>125</ns3:hr>
            <ns3:cad>64</ns3:cad>
          </ns3:TrackPointExtension>
        </extensions>
      </trkpt>
      <trkpt lat="30.44554707594215869903564453125" lon="120.26619547046720981597900390625">
        <ele>6.400000095367431640625</ele>
        <time>2024-12-27T13:15:01.000Z</time>
        <extensions>
          <ns3:TrackPointExtension>
            <ns3:hr>125</ns3:hr>
            <ns3:cad>64</ns3:cad>
          </ns3:TrackPointExtension>
        </extensions>
      </trkpt>
      <trkpt lat="30.4455327428877353668212890625" lon="120.26620301418006420135498046875">
        <ele>6.400000095367431640625</ele>
        <time>2024-12-27T13:15:02.000Z</time>
        <extensions>
          <ns3:TrackPointExtension>
            <ns3:hr>124</ns3:hr>
            <ns3:cad>64</ns3:cad>
          </ns3:TrackPointExtension>
        </extensions>
      </trkpt>
      <trkpt lat="30.44552209787070751190185546875" lon="120.26621005497872829437255859375">
        <ele>6.400000095367431640625</ele>
        <time>2024-12-27T13:15:03.000Z</time>
        <extensions>
          <ns3:TrackPointExtension>
            <ns3:hr>124</ns3:hr>
            <ns3:cad>64</ns3:cad>
          </ns3:TrackPointExtension>
        </extensions>
      </trkpt>
      <trkpt lat="30.44551388360559940338134765625" lon="120.26621575467288494110107421875">
        <ele>6.400000095367431640625</ele>
        <time>2024-12-27T13:15:04.000Z</time>
        <extensions>
          <ns3:TrackPointExtension>
            <ns3:hr>123</ns3:hr>
            <ns3:cad>65</ns3:cad>
          </ns3:TrackPointExtension>
        </extensions>
      </trkpt>
      <trkpt lat="30.44550566934049129486083984375" lon="120.26622178964316844940185546875">
        <ele>6.19999980926513671875</ele>
        <time>2024-12-27T13:15:05.000Z</time>
        <extensions>
          <ns3:TrackPointExtension>
            <ns3:hr>123</ns3:hr>
            <ns3:cad>65</ns3:cad>
          </ns3:TrackPointExtension>
        </extensions>
      </trkpt>
      <trkpt lat="30.44549695216119289398193359375" lon="120.26622832752764225006103515625">
        <ele>6.19999980926513671875</ele>
        <time>2024-12-27T13:15:06.000Z</time>
        <extensions>
          <ns3:TrackPointExtension>
            <ns3:hr>123</ns3:hr>
            <ns3:cad>65</ns3:cad>
          </ns3:TrackPointExtension>
        </extensions>
      </trkpt>
      <trkpt lat="30.44548295438289642333984375" lon="120.26623553596436977386474609375">
        <ele>6.19999980926513671875</ele>
        <time>2024-12-27T13:15:07.000Z</time>
        <extensions>
          <ns3:TrackPointExtension>
            <ns3:hr>123</ns3:hr>
            <ns3:cad>65</ns3:cad>
          </ns3:TrackPointExtension>
        </extensions>
      </trkpt>
      <trkpt lat="30.4454688727855682373046875" lon="120.26624710299074649810791015625">
        <ele>6</ele>
        <time>2024-12-27T13:15:08.000Z</time>
        <extensions>
          <ns3:TrackPointExtension>
            <ns3:hr>122</ns3:hr>
            <ns3:cad>65</ns3:cad>
          </ns3:TrackPointExtension>
        </extensions>
      </trkpt>
      <trkpt lat="30.4454512707889080047607421875" lon="120.26626001112163066864013671875">
        <ele>6</ele>
        <time>2024-12-27T13:15:09.000Z</time>
        <extensions>
          <ns3:TrackPointExtension>
            <ns3:hr>122</ns3:hr>
            <ns3:cad>65</ns3:cad>
          </ns3:TrackPointExtension>
        </extensions>
      </trkpt>
      <trkpt lat="30.44543660245835781097412109375" lon="120.2662689797580242156982421875">
        <ele>5.80000019073486328125</ele>
        <time>2024-12-27T13:15:10.000Z</time>
        <extensions>
          <ns3:TrackPointExtension>
            <ns3:hr>122</ns3:hr>
            <ns3:cad>65</ns3:cad>
          </ns3:TrackPointExtension>
        </extensions>
      </trkpt>
      <trkpt lat="30.445410870015621185302734375" lon="120.26628264226019382476806640625">
        <ele>5.80000019073486328125</ele>
        <time>2024-12-27T13:15:11.000Z</time>
        <extensions>
          <ns3:TrackPointExtension>
            <ns3:hr>121</ns3:hr>
            <ns3:cad>68</ns3:cad>
          </ns3:TrackPointExtension>
        </extensions>
      </trkpt>
      <trkpt lat="30.44538983143866062164306640625" lon="120.266296304762363433837890625">
        <ele>5.599999904632568359375</ele>
        <time>2024-12-27T13:15:12.000Z</time>
        <extensions>
          <ns3:TrackPointExtension>
            <ns3:hr>120</ns3:hr>
            <ns3:cad>83</ns3:cad>
          </ns3:TrackPointExtension>
        </extensions>
      </trkpt>
      <trkpt lat="30.44536954723298549652099609375" lon="120.26630694977939128875732421875">
        <ele>5.400000095367431640625</ele>
        <time>2024-12-27T13:15:13.000Z</time>
        <extensions>
          <ns3:TrackPointExtension>
            <ns3:hr>119</ns3:hr>
            <ns3:cad>87</ns3:cad>
          </ns3:TrackPointExtension>
        </extensions>
      </trkpt>
      <trkpt lat="30.44535219669342041015625" lon="120.26631449349224567413330078125">
        <ele>5.400000095367431640625</ele>
        <time>2024-12-27T13:15:14.000Z</time>
        <extensions>
          <ns3:TrackPointExtension>
            <ns3:hr>119</ns3:hr>
            <ns3:cad>87</ns3:cad>
          </ns3:TrackPointExtension>
        </extensions>
      </trkpt>
      <trkpt lat="30.44534004293382167816162109375" lon="120.266321785748004913330078125">
        <ele>5.400000095367431640625</ele>
        <time>2024-12-27T13:15:15.000Z</time>
        <extensions>
          <ns3:TrackPointExtension>
            <ns3:hr>119</ns3:hr>
            <ns3:cad>87</ns3:cad>
          </ns3:TrackPointExtension>
        </extensions>
      </trkpt>
      <trkpt lat="30.44532914645969867706298828125" lon="120.26632840745151042938232421875">
        <ele>5.19999980926513671875</ele>
        <time>2024-12-27T13:15:16.000Z</time>
        <extensions>
          <ns3:TrackPointExtension>
            <ns3:hr>119</ns3:hr>
            <ns3:cad>87</ns3:cad>
          </ns3:TrackPointExtension>
        </extensions>
      </trkpt>
      <trkpt lat="30.44531665742397308349609375" lon="120.26633662171661853790283203125">
        <ele>5.19999980926513671875</ele>
        <time>2024-12-27T13:15:17.000Z</time>
        <extensions>
          <ns3:TrackPointExtension>
            <ns3:hr>118</ns3:hr>
            <ns3:cad>87</ns3:cad>
          </ns3:TrackPointExtension>
        </extensions>
      </trkpt>
      <trkpt lat="30.44530333019793033599853515625" lon="120.266346596181392669677734375">
        <ele>5</ele>
        <time>2024-12-27T13:15:18.000Z</time>
        <extensions>
          <ns3:TrackPointExtension>
            <ns3:hr>119</ns3:hr>
            <ns3:cad>87</ns3:cad>
          </ns3:TrackPointExtension>
        </extensions>
      </trkpt>
      <trkpt lat="30.44528782367706298828125" lon="120.26635522954165935516357421875">
        <ele>5</ele>
        <time>2024-12-27T13:15:19.000Z</time>
        <extensions>
          <ns3:TrackPointExtension>
            <ns3:hr>119</ns3:hr>
            <ns3:cad>68</ns3:cad>
          </ns3:TrackPointExtension>
        </extensions>
      </trkpt>
      <trkpt lat="30.4452730715274810791015625" lon="120.26636612601578235626220703125">
        <ele>5</ele>
        <time>2024-12-27T13:15:20.000Z</time>
        <extensions>
          <ns3:TrackPointExtension>
            <ns3:hr>119</ns3:hr>
            <ns3:cad>66</ns3:cad>
          </ns3:TrackPointExtension>
        </extensions>
      </trkpt>
      <trkpt lat="30.4452581517398357391357421875" lon="120.26637635193765163421630859375">
        <ele>5</ele>
        <time>2024-12-27T13:15:21.000Z</time>
        <extensions>
          <ns3:TrackPointExtension>
            <ns3:hr>119</ns3:hr>
            <ns3:cad>66</ns3:cad>
          </ns3:TrackPointExtension>
        </extensions>
      </trkpt>
      <trkpt lat="30.44524180702865123748779296875" lon="120.266387164592742919921875">
        <ele>5</ele>
        <time>2024-12-27T13:15:22.000Z</time>
        <extensions>
          <ns3:TrackPointExtension>
            <ns3:hr>120</ns3:hr>
            <ns3:cad>66</ns3:cad>
          </ns3:TrackPointExtension>
        </extensions>
      </trkpt>
      <trkpt lat="30.445227138698101043701171875" lon="120.26639361865818500518798828125">
        <ele>5</ele>
        <time>2024-12-27T13:15:23.000Z</time>
        <extensions>
          <ns3:TrackPointExtension>
            <ns3:hr>120</ns3:hr>
            <ns3:cad>66</ns3:cad>
          </ns3:TrackPointExtension>
        </extensions>
      </trkpt>
      <trkpt lat="30.44520643539726734161376953125" lon="120.2664044313132762908935546875">
        <ele>5.19999980926513671875</ele>
        <time>2024-12-27T13:15:24.000Z</time>
        <extensions>
          <ns3:TrackPointExtension>
            <ns3:hr>120</ns3:hr>
            <ns3:cad>66</ns3:cad>
          </ns3:TrackPointExtension>
        </extensions>
      </trkpt>
      <trkpt lat="30.4451790265738964080810546875" lon="120.26642404496669769287109375">
        <ele>5.19999980926513671875</ele>
        <time>2024-12-27T13:15:25.000Z</time>
        <extensions>
          <ns3:TrackPointExtension>
            <ns3:hr>120</ns3:hr>
            <ns3:cad>66</ns3:cad>
          </ns3:TrackPointExtension>
        </extensions>
      </trkpt>
      <trkpt lat="30.4451548866927623748779296875" lon="120.26644013822078704833984375">
        <ele>5.19999980926513671875</ele>
        <time>2024-12-27T13:15:26.000Z</time>
        <extensions>
          <ns3:TrackPointExtension>
            <ns3:hr>119</ns3:hr>
            <ns3:cad>91</ns3:cad>
          </ns3:TrackPointExtension>
        </extensions>
      </trkpt>
      <trkpt lat="30.44513552449643611907958984375" lon="120.2664513699710369110107421875">
        <ele>5.400000095367431640625</ele>
        <time>2024-12-27T13:15:27.000Z</time>
        <extensions>
          <ns3:TrackPointExtension>
            <ns3:hr>119</ns3:hr>
            <ns3:cad>91</ns3:cad>
          </ns3:TrackPointExtension>
        </extensions>
      </trkpt>
      <trkpt lat="30.44510769657790660858154296875" lon="120.26646561920642852783203125">
        <ele>5.400000095367431640625</ele>
        <time>2024-12-27T13:15:28.000Z</time>
        <extensions>
          <ns3:TrackPointExtension>
            <ns3:hr>118</ns3:hr>
            <ns3:cad>91</ns3:cad>
          </ns3:TrackPointExtension>
        </extensions>
      </trkpt>
      <trkpt lat="30.44508540071547031402587890625" lon="120.26647727005183696746826171875">
        <ele>5.400000095367431640625</ele>
        <time>2024-12-27T13:15:29.000Z</time>
        <extensions>
          <ns3:TrackPointExtension>
            <ns3:hr>118</ns3:hr>
            <ns3:cad>91</ns3:cad>
          </ns3:TrackPointExtension>
        </extensions>
      </trkpt>
      <trkpt lat="30.44506746344268321990966796875" lon="120.2664864063262939453125">
        <ele>5.400000095367431640625</ele>
        <time>2024-12-27T13:15:30.000Z</time>
        <extensions>
          <ns3:TrackPointExtension>
            <ns3:hr>118</ns3:hr>
            <ns3:cad>91</ns3:cad>
          </ns3:TrackPointExtension>
        </extensions>
      </trkpt>
      <trkpt lat="30.4450429044663906097412109375" lon="120.26649839244782924652099609375">
        <ele>5.400000095367431640625</ele>
        <time>2024-12-27T13:15:31.000Z</time>
        <extensions>
          <ns3:TrackPointExtension>
            <ns3:hr>118</ns3:hr>
            <ns3:cad>91</ns3:cad>
          </ns3:TrackPointExtension>
        </extensions>
      </trkpt>
      <trkpt lat="30.445014573633670806884765625" lon="120.26651197113096714019775390625">
        <ele>5.19999980926513671875</ele>
        <time>2024-12-27T13:15:32.000Z</time>
        <extensions>
          <ns3:TrackPointExtension>
            <ns3:hr>118</ns3:hr>
            <ns3:cad>90</ns3:cad>
          </ns3:TrackPointExtension>
        </extensions>
      </trkpt>
      <trkpt lat="30.44499185867607593536376953125" lon="120.26652521453797817230224609375">
        <ele>5.19999980926513671875</ele>
        <time>2024-12-27T13:15:33.000Z</time>
        <extensions>
          <ns3:TrackPointExtension>
            <ns3:hr>118</ns3:hr>
            <ns3:cad>90</ns3:cad>
          </ns3:TrackPointExtension>
        </extensions>
      </trkpt>
      <trkpt lat="30.44497333467006683349609375" lon="120.266536362469196319580078125">
        <ele>5.19999980926513671875</ele>
        <time>2024-12-27T13:15:34.000Z</time>
        <extensions>
          <ns3:TrackPointExtension>
            <ns3:hr>119</ns3:hr>
            <ns3:cad>90</ns3:cad>
          </ns3:TrackPointExtension>
        </extensions>
      </trkpt>
      <trkpt lat="30.44494676403701305389404296875" lon="120.2665516175329685211181640625">
        <ele>5.19999980926513671875</ele>
        <time>2024-12-27T13:15:35.000Z</time>
        <extensions>
          <ns3:TrackPointExtension>
            <ns3:hr>119</ns3:hr>
            <ns3:cad>89</ns3:cad>
          </ns3:TrackPointExtension>
        </extensions>
      </trkpt>
      <trkpt lat="30.44492480345070362091064453125" lon="120.26656243018805980682373046875">
        <ele>5.19999980926513671875</ele>
        <time>2024-12-27T13:15:36.000Z</time>
        <extensions>
          <ns3:TrackPointExtension>
            <ns3:hr>119</ns3:hr>
            <ns3:cad>89</ns3:cad>
          </ns3:TrackPointExtension>
        </extensions>
      </trkpt>
      <trkpt lat="30.44490686617791652679443359375" lon="120.26657265610992908477783203125">
        <ele>5.19999980926513671875</ele>
        <time>2024-12-27T13:15:37.000Z</time>
        <extensions>
          <ns3:TrackPointExtension>
            <ns3:hr>119</ns3:hr>
            <ns3:cad>90</ns3:cad>
          </ns3:TrackPointExtension>
        </extensions>
      </trkpt>
      <trkpt lat="30.4448799602687358856201171875" lon="120.26658740825951099395751953125">
        <ele>5.19999980926513671875</ele>
        <time>2024-12-27T13:15:38.000Z</time>
        <extensions>
          <ns3:TrackPointExtension>
            <ns3:hr>119</ns3:hr>
            <ns3:cad>90</ns3:cad>
          </ns3:TrackPointExtension>
        </extensions>
      </trkpt>
      <trkpt lat="30.4448591731488704681396484375" lon="120.266598053276538848876953125">
        <ele>5.400000095367431640625</ele>
        <time>2024-12-27T13:15:39.000Z</time>
        <extensions>
          <ns3:TrackPointExtension>
            <ns3:hr>119</ns3:hr>
            <ns3:cad>90</ns3:cad>
          </ns3:TrackPointExtension>
        </extensions>
      </trkpt>
      <trkpt lat="30.4448474384844303131103515625" lon="120.26660383678972721099853515625">
        <ele>5.400000095367431640625</ele>
        <time>2024-12-27T13:15:40.000Z</time>
        <extensions>
          <ns3:TrackPointExtension>
            <ns3:hr>119</ns3:hr>
            <ns3:cad>90</ns3:cad>
          </ns3:TrackPointExtension>
        </extensions>
      </trkpt>
      <trkpt lat="30.444835536181926727294921875" lon="120.266611464321613311767578125">
        <ele>5.400000095367431640625</ele>
        <time>2024-12-27T13:15:41.000Z</time>
        <extensions>
          <ns3:TrackPointExtension>
            <ns3:hr>121</ns3:hr>
            <ns3:cad>89</ns3:cad>
          </ns3:TrackPointExtension>
        </extensions>
      </trkpt>
      <trkpt lat="30.44482086785137653350830078125" lon="120.26661858893930912017822265625">
        <ele>5.400000095367431640625</ele>
        <time>2024-12-27T13:15:42.000Z</time>
        <extensions>
          <ns3:TrackPointExtension>
            <ns3:hr>123</ns3:hr>
            <ns3:cad>89</ns3:cad>
          </ns3:TrackPointExtension>
        </extensions>
      </trkpt>
      <trkpt lat="30.44480510987341403961181640625" lon="120.26662646792829036712646484375">
        <ele>5.400000095367431640625</ele>
        <time>2024-12-27T13:15:43.000Z</time>
        <extensions>
          <ns3:TrackPointExtension>
            <ns3:hr>125</ns3:hr>
            <ns3:cad>0</ns3:cad>
          </ns3:TrackPointExtension>
        </extensions>
      </trkpt>
      <trkpt lat="30.44479404576122760772705078125" lon="120.2666344307363033294677734375">
        <ele>5.400000095367431640625</ele>
        <time>2024-12-27T13:15:44.000Z</time>
        <extensions>
          <ns3:TrackPointExtension>
            <ns3:hr>126</ns3:hr>
            <ns3:cad>0</ns3:cad>
          </ns3:TrackPointExtension>
        </extensions>
      </trkpt>
      <trkpt lat="30.44478029944002628326416015625" lon="120.26664054952561855316162109375">
        <ele>5.400000095367431640625</ele>
        <time>2024-12-27T13:15:45.000Z</time>
        <extensions>
          <ns3:TrackPointExtension>
            <ns3:hr>127</ns3:hr>
            <ns3:cad>0</ns3:cad>
          </ns3:TrackPointExtension>
        </extensions>
      </trkpt>
      <trkpt lat="30.44476554729044437408447265625" lon="120.2666481770575046539306640625">
        <ele>5.400000095367431640625</ele>
        <time>2024-12-27T13:15:46.000Z</time>
        <extensions>
          <ns3:TrackPointExtension>
            <ns3:hr>128</ns3:hr>
            <ns3:cad>64</ns3:cad>
          </ns3:TrackPointExtension>
        </extensions>
      </trkpt>
      <trkpt lat="30.44475138187408447265625" lon="120.2666579000651836395263671875">
        <ele>5.400000095367431640625</ele>
        <time>2024-12-27T13:15:47.000Z</time>
        <extensions>
          <ns3:TrackPointExtension>
            <ns3:hr>129</ns3:hr>
            <ns3:cad>64</ns3:cad>
          </ns3:TrackPointExtension>
        </extensions>
      </trkpt>
      <trkpt lat="30.44473864138126373291015625" lon="120.26666636578738689422607421875">
        <ele>5.400000095367431640625</ele>
        <time>2024-12-27T13:15:48.000Z</time>
        <extensions>
          <ns3:TrackPointExtension>
            <ns3:hr>130</ns3:hr>
            <ns3:cad>63</ns3:cad>
          </ns3:TrackPointExtension>
        </extensions>
      </trkpt>
      <trkpt lat="30.444727241992950439453125" lon="120.26667273603379726409912109375">
        <ele>5.400000095367431640625</ele>
        <time>2024-12-27T13:15:49.000Z</time>
        <extensions>
          <ns3:TrackPointExtension>
            <ns3:hr>130</ns3:hr>
            <ns3:cad>62</ns3:cad>
          </ns3:TrackPointExtension>
        </extensions>
      </trkpt>
      <trkpt lat="30.44471743516623973846435546875" lon="120.26668019592761993408203125">
        <ele>5.400000095367431640625</ele>
        <time>2024-12-27T13:15:50.000Z</time>
        <extensions>
          <ns3:TrackPointExtension>
            <ns3:hr>131</ns3:hr>
            <ns3:cad>63</ns3:cad>
          </ns3:TrackPointExtension>
        </extensions>
      </trkpt>
      <trkpt lat="30.44470888562500476837158203125" lon="120.2666889131069183349609375">
        <ele>5.19999980926513671875</ele>
        <time>2024-12-27T13:15:51.000Z</time>
        <extensions>
          <ns3:TrackPointExtension>
            <ns3:hr>130</ns3:hr>
            <ns3:cad>63</ns3:cad>
          </ns3:TrackPointExtension>
        </extensions>
      </trkpt>
      <trkpt lat="30.44469849206507205963134765625" lon="120.2666947804391384124755859375">
        <ele>5.19999980926513671875</ele>
        <time>2024-12-27T13:15:52.000Z</time>
        <extensions>
          <ns3:TrackPointExtension>
            <ns3:hr>129</ns3:hr>
            <ns3:cad>65</ns3:cad>
          </ns3:TrackPointExtension>
        </extensions>
      </trkpt>
      <trkpt lat="30.44468625448644161224365234375" lon="120.26670458726584911346435546875">
        <ele>5.19999980926513671875</ele>
        <time>2024-12-27T13:15:53.000Z</time>
        <extensions>
          <ns3:TrackPointExtension>
            <ns3:hr>129</ns3:hr>
            <ns3:cad>66</ns3:cad>
          </ns3:TrackPointExtension>
        </extensions>
      </trkpt>
      <trkpt lat="30.44467301107943058013916015625" lon="120.26671615429222583770751953125">
        <ele>5</ele>
        <time>2024-12-27T13:15:54.000Z</time>
        <extensions>
          <ns3:TrackPointExtension>
            <ns3:hr>128</ns3:hr>
            <ns3:cad>66</ns3:cad>
          </ns3:TrackPointExtension>
        </extensions>
      </trkpt>
      <trkpt lat="30.44465859420597553253173828125" lon="120.266724787652492523193359375">
        <ele>5</ele>
        <time>2024-12-27T13:15:55.000Z</time>
        <extensions>
          <ns3:TrackPointExtension>
            <ns3:hr>127</ns3:hr>
            <ns3:cad>66</ns3:cad>
          </ns3:TrackPointExtension>
        </extensions>
      </trkpt>
      <trkpt lat="30.4446425847709178924560546875" lon="120.26673174463212490081787109375">
        <ele>4.80000019073486328125</ele>
        <time>2024-12-27T13:15:56.000Z</time>
        <extensions>
          <ns3:TrackPointExtension>
            <ns3:hr>127</ns3:hr>
            <ns3:cad>66</ns3:cad>
          </ns3:TrackPointExtension>
        </extensions>
      </trkpt>
      <trkpt lat="30.4446295090019702911376953125" lon="120.266741216182708740234375">
        <ele>4.599999904632568359375</ele>
        <time>2024-12-27T13:15:57.000Z</time>
        <extensions>
          <ns3:TrackPointExtension>
            <ns3:hr>129</ns3:hr>
            <ns3:cad>66</ns3:cad>
          </ns3:TrackPointExtension>
        </extensions>
      </trkpt>
      <trkpt lat="30.44461794197559356689453125" lon="120.2667504362761974334716796875">
        <ele>4.599999904632568359375</ele>
        <time>2024-12-27T13:15:58.000Z</time>
        <extensions>
          <ns3:TrackPointExtension>
            <ns3:hr>129</ns3:hr>
            <ns3:cad>66</ns3:cad>
          </ns3:TrackPointExtension>
        </extensions>
      </trkpt>
      <trkpt lat="30.44460847042500972747802734375" lon="120.26675974018871784210205078125">
        <ele>4.400000095367431640625</ele>
        <time>2024-12-27T13:15:59.000Z</time>
        <extensions>
          <ns3:TrackPointExtension>
            <ns3:hr>129</ns3:hr>
            <ns3:cad>66</ns3:cad>
          </ns3:TrackPointExtension>
        </extensions>
      </trkpt>
      <trkpt lat="30.4446006752550601959228515625" lon="120.26676745153963565826416015625">
        <ele>4.400000095367431640625</ele>
        <time>2024-12-27T13:16:00.000Z</time>
        <extensions>
          <ns3:TrackPointExtension>
            <ns3:hr>129</ns3:hr>
            <ns3:cad>66</ns3:cad>
          </ns3:TrackPointExtension>
        </extensions>
      </trkpt>
      <trkpt lat="30.44459271244704723358154296875" lon="120.2667745761573314666748046875">
        <ele>4.400000095367431640625</ele>
        <time>2024-12-27T13:16:01.000Z</time>
        <extensions>
          <ns3:TrackPointExtension>
            <ns3:hr>129</ns3:hr>
            <ns3:cad>66</ns3:cad>
          </ns3:TrackPointExtension>
        </extensions>
      </trkpt>
      <trkpt lat="30.44458298943936824798583984375" lon="120.26678144931793212890625">
        <ele>4.400000095367431640625</ele>
        <time>2024-12-27T13:16:02.000Z</time>
        <extensions>
          <ns3:TrackPointExtension>
            <ns3:hr>128</ns3:hr>
            <ns3:cad>65</ns3:cad>
          </ns3:TrackPointExtension>
        </extensions>
      </trkpt>
      <trkpt lat="30.44457226060330867767333984375" lon="120.266788490116596221923828125">
        <ele>4.400000095367431640625</ele>
        <time>2024-12-27T13:16:03.000Z</time>
        <extensions>
          <ns3:TrackPointExtension>
            <ns3:hr>128</ns3:hr>
            <ns3:cad>65</ns3:cad>
          </ns3:TrackPointExtension>
        </extensions>
      </trkpt>
      <trkpt lat="30.4445557482540607452392578125" lon="120.2667933516204357147216796875">
        <ele>4.400000095367431640625</ele>
        <time>2024-12-27T13:16:04.000Z</time>
        <extensions>
          <ns3:TrackPointExtension>
            <ns3:hr>128</ns3:hr>
            <ns3:cad>65</ns3:cad>
          </ns3:TrackPointExtension>
        </extensions>
      </trkpt>
      <trkpt lat="30.4445383138954639434814453125" lon="120.26679963804781436920166015625">
        <ele>4.599999904632568359375</ele>
        <time>2024-12-27T13:16:05.000Z</time>
        <extensions>
          <ns3:TrackPointExtension>
            <ns3:hr>127</ns3:hr>
            <ns3:cad>65</ns3:cad>
          </ns3:TrackPointExtension>
        </extensions>
      </trkpt>
      <trkpt lat="30.4445218853652477264404296875" lon="120.2668081037700176239013671875">
        <ele>4.599999904632568359375</ele>
        <time>2024-12-27T13:16:06.000Z</time>
        <extensions>
          <ns3:TrackPointExtension>
            <ns3:hr>126</ns3:hr>
            <ns3:cad>63</ns3:cad>
          </ns3:TrackPointExtension>
        </extensions>
      </trkpt>
      <trkpt lat="30.44450537301599979400634765625" lon="120.26681807823479175567626953125">
        <ele>4.599999904632568359375</ele>
        <time>2024-12-27T13:16:07.000Z</time>
        <extensions>
          <ns3:TrackPointExtension>
            <ns3:hr>124</ns3:hr>
            <ns3:cad>63</ns3:cad>
          </ns3:TrackPointExtension>
        </extensions>
      </trkpt>
      <trkpt lat="30.44448894448578357696533203125" lon="120.2668252028524875640869140625">
        <ele>4.599999904632568359375</ele>
        <time>2024-12-27T13:16:08.000Z</time>
        <extensions>
          <ns3:TrackPointExtension>
            <ns3:hr>124</ns3:hr>
            <ns3:cad>64</ns3:cad>
          </ns3:TrackPointExtension>
        </extensions>
      </trkpt>
      <trkpt lat="30.44447452761232852935791015625" lon="120.26683132164180278778076171875">
        <ele>4.80000019073486328125</ele>
        <time>2024-12-27T13:16:09.000Z</time>
        <extensions>
          <ns3:TrackPointExtension>
            <ns3:hr>125</ns3:hr>
            <ns3:cad>64</ns3:cad>
          </ns3:TrackPointExtension>
        </extensions>
      </trkpt>
      <trkpt lat="30.44446161948144435882568359375" lon="120.26683953590691089630126953125">
        <ele>4.80000019073486328125</ele>
        <time>2024-12-27T13:16:10.000Z</time>
        <extensions>
          <ns3:TrackPointExtension>
            <ns3:hr>125</ns3:hr>
            <ns3:cad>64</ns3:cad>
          </ns3:TrackPointExtension>
        </extensions>
      </trkpt>
      <trkpt lat="30.44445055536925792694091796875" lon="120.26684506796300411224365234375">
        <ele>4.80000019073486328125</ele>
        <time>2024-12-27T13:16:11.000Z</time>
        <extensions>
          <ns3:TrackPointExtension>
            <ns3:hr>125</ns3:hr>
            <ns3:cad>64</ns3:cad>
          </ns3:TrackPointExtension>
        </extensions>
      </trkpt>
      <trkpt lat="30.44444217346608638763427734375" lon="120.26685026474297046661376953125">
        <ele>4.80000019073486328125</ele>
        <time>2024-12-27T13:16:12.000Z</time>
        <extensions>
          <ns3:TrackPointExtension>
            <ns3:hr>126</ns3:hr>
            <ns3:cad>64</ns3:cad>
          </ns3:TrackPointExtension>
        </extensions>
      </trkpt>
      <trkpt lat="30.44443286955356597900390625" lon="120.26685680262744426727294921875">
        <ele>4.80000019073486328125</ele>
        <time>2024-12-27T13:16:13.000Z</time>
        <extensions>
          <ns3:TrackPointExtension>
            <ns3:hr>124</ns3:hr>
            <ns3:cad>65</ns3:cad>
          </ns3:TrackPointExtension>
        </extensions>
      </trkpt>
      <trkpt lat="30.44442390091717243194580078125" lon="120.26686334051191806793212890625">
        <ele>5</ele>
        <time>2024-12-27T13:16:14.000Z</time>
        <extensions>
          <ns3:TrackPointExtension>
            <ns3:hr>122</ns3:hr>
            <ns3:cad>65</ns3:cad>
          </ns3:TrackPointExtension>
        </extensions>
      </trkpt>
      <trkpt lat="30.44441266916692256927490234375" lon="120.26686853729188442230224609375">
        <ele>5</ele>
        <time>2024-12-27T13:16:15.000Z</time>
        <extensions>
          <ns3:TrackPointExtension>
            <ns3:hr>124</ns3:hr>
            <ns3:cad>65</ns3:cad>
          </ns3:TrackPointExtension>
        </extensions>
      </trkpt>
      <trkpt lat="30.4443974979221820831298828125" lon="120.266872309148311614990234375">
        <ele>5</ele>
        <time>2024-12-27T13:16:16.000Z</time>
        <extensions>
          <ns3:TrackPointExtension>
            <ns3:hr>124</ns3:hr>
            <ns3:cad>65</ns3:cad>
          </ns3:TrackPointExtension>
        </extensions>
      </trkpt>
      <trkpt lat="30.4443800635635852813720703125" lon="120.26687926612794399261474609375">
        <ele>4.80000019073486328125</ele>
        <time>2024-12-27T13:16:17.000Z</time>
        <extensions>
          <ns3:TrackPointExtension>
            <ns3:hr>124</ns3:hr>
            <ns3:cad>64</ns3:cad>
          </ns3:TrackPointExtension>
        </extensions>
      </trkpt>
      <trkpt lat="30.44436137191951274871826171875" lon="120.26688664220273494720458984375">
        <ele>4.80000019073486328125</ele>
        <time>2024-12-27T13:16:18.000Z</time>
        <extensions>
          <ns3:TrackPointExtension>
            <ns3:hr>123</ns3:hr>
            <ns3:cad>64</ns3:cad>
          </ns3:TrackPointExtension>
        </extensions>
      </trkpt>
      <trkpt lat="30.44434393756091594696044921875" lon="120.2668925933539867401123046875">
        <ele>4.599999904632568359375</ele>
        <time>2024-12-27T13:16:19.000Z</time>
        <extensions>
          <ns3:TrackPointExtension>
            <ns3:hr>122</ns3:hr>
            <ns3:cad>65</ns3:cad>
          </ns3:TrackPointExtension>
        </extensions>
      </trkpt>
      <trkpt lat="30.4443294368684291839599609375" lon="120.26689938269555568695068359375">
        <ele>4.599999904632568359375</ele>
        <time>2024-12-27T13:16:20.000Z</time>
        <extensions>
          <ns3:TrackPointExtension>
            <ns3:hr>122</ns3:hr>
            <ns3:cad>65</ns3:cad>
          </ns3:TrackPointExtension>
        </extensions>
      </trkpt>
      <trkpt lat="30.4443150199949741363525390625" lon="120.2669061720371246337890625">
        <ele>4.599999904632568359375</ele>
        <time>2024-12-27T13:16:21.000Z</time>
        <extensions>
          <ns3:TrackPointExtension>
            <ns3:hr>122</ns3:hr>
            <ns3:cad>65</ns3:cad>
          </ns3:TrackPointExtension>
        </extensions>
      </trkpt>
      <trkpt lat="30.44430135749280452728271484375" lon="120.26691396720707416534423828125">
        <ele>4.400000095367431640625</ele>
        <time>2024-12-27T13:16:22.000Z</time>
        <extensions>
          <ns3:TrackPointExtension>
            <ns3:hr>122</ns3:hr>
            <ns3:cad>66</ns3:cad>
          </ns3:TrackPointExtension>
        </extensions>
      </trkpt>
      <trkpt lat="30.44428442604839801788330078125" lon="120.26692419312894344329833984375">
        <ele>4.400000095367431640625</ele>
        <time>2024-12-27T13:16:23.000Z</time>
        <extensions>
          <ns3:TrackPointExtension>
            <ns3:hr>122</ns3:hr>
            <ns3:cad>66</ns3:cad>
          </ns3:TrackPointExtension>
        </extensions>
      </trkpt>
      <trkpt lat="30.44426363892853260040283203125" lon="120.26693291030824184417724609375">
        <ele>4.19999980926513671875</ele>
        <time>2024-12-27T13:16:24.000Z</time>
        <extensions>
          <ns3:TrackPointExtension>
            <ns3:hr>122</ns3:hr>
            <ns3:cad>66</ns3:cad>
          </ns3:TrackPointExtension>
        </extensions>
      </trkpt>
      <trkpt lat="30.4442417621612548828125" lon="120.2669465728104114532470703125">
        <ele>4.19999980926513671875</ele>
        <time>2024-12-27T13:16:25.000Z</time>
        <extensions>
          <ns3:TrackPointExtension>
            <ns3:hr>122</ns3:hr>
            <ns3:cad>66</ns3:cad>
          </ns3:TrackPointExtension>
        </extensions>
      </trkpt>
      <trkpt lat="30.44421829283237457275390625" lon="120.2669576369225978851318359375">
        <ele>4</ele>
        <time>2024-12-27T13:16:26.000Z</time>
        <extensions>
          <ns3:TrackPointExtension>
            <ns3:hr>122</ns3:hr>
            <ns3:cad>83</ns3:cad>
          </ns3:TrackPointExtension>
        </extensions>
      </trkpt>
      <trkpt lat="30.44419205747544765472412109375" lon="120.26696979068219661712646484375">
        <ele>4</ele>
        <time>2024-12-27T13:16:27.000Z</time>
        <extensions>
          <ns3:TrackPointExtension>
            <ns3:hr>121</ns3:hr>
            <ns3:cad>88</ns3:cad>
          </ns3:TrackPointExtension>
        </extensions>
      </trkpt>
      <trkpt lat="30.444166325032711029052734375" lon="120.26698219589889049530029296875">
        <ele>4</ele>
        <time>2024-12-27T13:16:28.000Z</time>
        <extensions>
          <ns3:TrackPointExtension>
            <ns3:hr>121</ns3:hr>
            <ns3:cad>89</ns3:cad>
          </ns3:TrackPointExtension>
        </extensions>
      </trkpt>
      <trkpt lat="30.44414361007511615753173828125" lon="120.26699678041040897369384765625">
        <ele>4</ele>
        <time>2024-12-27T13:16:29.000Z</time>
        <extensions>
          <ns3:TrackPointExtension>
            <ns3:hr>121</ns3:hr>
            <ns3:cad>89</ns3:cad>
          </ns3:TrackPointExtension>
        </extensions>
      </trkpt>
      <trkpt lat="30.44412097893655300140380859375" lon="120.26701035909354686737060546875">
        <ele>4</ele>
        <time>2024-12-27T13:16:30.000Z</time>
        <extensions>
          <ns3:TrackPointExtension>
            <ns3:hr>120</ns3:hr>
            <ns3:cad>89</ns3:cad>
          </ns3:TrackPointExtension>
        </extensions>
      </trkpt>
      <trkpt lat="30.44409985654056072235107421875" lon="120.2670250274240970611572265625">
        <ele>4</ele>
        <time>2024-12-27T13:16:31.000Z</time>
        <extensions>
          <ns3:TrackPointExtension>
            <ns3:hr>120</ns3:hr>
            <ns3:cad>89</ns3:cad>
          </ns3:TrackPointExtension>
        </extensions>
      </trkpt>
      <trkpt lat="30.4440769739449024200439453125" lon="120.2670377679169178009033203125">
        <ele>4</ele>
        <time>2024-12-27T13:16:32.000Z</time>
        <extensions>
          <ns3:TrackPointExtension>
            <ns3:hr>121</ns3:hr>
            <ns3:cad>89</ns3:cad>
          </ns3:TrackPointExtension>
        </extensions>
      </trkpt>
      <trkpt lat="30.4440535046160221099853515625" lon="120.2670495025813579559326171875">
        <ele>4</ele>
        <time>2024-12-27T13:16:33.000Z</time>
        <extensions>
          <ns3:TrackPointExtension>
            <ns3:hr>121</ns3:hr>
            <ns3:cad>90</ns3:cad>
          </ns3:TrackPointExtension>
        </extensions>
      </trkpt>
      <trkpt lat="30.4440307058393955230712890625" lon="120.26705838739871978759765625">
        <ele>4</ele>
        <time>2024-12-27T13:16:34.000Z</time>
        <extensions>
          <ns3:TrackPointExtension>
            <ns3:hr>122</ns3:hr>
            <ns3:cad>90</ns3:cad>
          </ns3:TrackPointExtension>
        </extensions>
      </trkpt>
      <trkpt lat="30.44400933198630809783935546875" lon="120.26706953532993793487548828125">
        <ele>4</ele>
        <time>2024-12-27T13:16:35.000Z</time>
        <extensions>
          <ns3:TrackPointExtension>
            <ns3:hr>122</ns3:hr>
            <ns3:cad>90</ns3:cad>
          </ns3:TrackPointExtension>
        </extensions>
      </trkpt>
      <trkpt lat="30.4439874552190303802490234375" lon="120.26707992888987064361572265625">
        <ele>4</ele>
        <time>2024-12-27T13:16:36.000Z</time>
        <extensions>
          <ns3:TrackPointExtension>
            <ns3:hr>124</ns3:hr>
            <ns3:cad>90</ns3:cad>
          </ns3:TrackPointExtension>
        </extensions>
      </trkpt>
      <trkpt lat="30.443966500461101531982421875" lon="120.26709333993494510650634765625">
        <ele>4</ele>
        <time>2024-12-27T13:16:37.000Z</time>
        <extensions>
          <ns3:TrackPointExtension>
            <ns3:hr>126</ns3:hr>
            <ns3:cad>90</ns3:cad>
          </ns3:TrackPointExtension>
        </extensions>
      </trkpt>
      <trkpt lat="30.44394831173121929168701171875" lon="120.2671085111796855926513671875">
        <ele>4</ele>
        <time>2024-12-27T13:16:38.000Z</time>
        <extensions>
          <ns3:TrackPointExtension>
            <ns3:hr>127</ns3:hr>
            <ns3:cad>90</ns3:cad>
          </ns3:TrackPointExtension>
        </extensions>
      </trkpt>
      <trkpt lat="30.44392920099198818206787109375" lon="120.26712368242442607879638671875">
        <ele>4</ele>
        <time>2024-12-27T13:16:39.000Z</time>
        <extensions>
          <ns3:TrackPointExtension>
            <ns3:hr>129</ns3:hr>
            <ns3:cad>90</ns3:cad>
          </ns3:TrackPointExtension>
        </extensions>
      </trkpt>
      <trkpt lat="30.44391294009983539581298828125" lon="120.267139859497547149658203125">
        <ele>4</ele>
        <time>2024-12-27T13:16:40.000Z</time>
        <extensions>
          <ns3:TrackPointExtension>
            <ns3:hr>130</ns3:hr>
            <ns3:cad>90</ns3:cad>
          </ns3:TrackPointExtension>
        </extensions>
      </trkpt>
      <trkpt lat="30.44389785267412662506103515625" lon="120.2671515941619873046875">
        <ele>4</ele>
        <time>2024-12-27T13:16:41.000Z</time>
        <extensions>
          <ns3:TrackPointExtension>
            <ns3:hr>131</ns3:hr>
            <ns3:cad>90</ns3:cad>
          </ns3:TrackPointExtension>
        </extensions>
      </trkpt>
      <trkpt lat="30.4438845254480838775634765625" lon="120.26715922169387340545654296875">
        <ele>4</ele>
        <time>2024-12-27T13:16:42.000Z</time>
        <extensions>
          <ns3:TrackPointExtension>
            <ns3:hr>132</ns3:hr>
            <ns3:cad>90</ns3:cad>
          </ns3:TrackPointExtension>
        </extensions>
      </trkpt>
      <trkpt lat="30.44387488625943660736083984375" lon="120.26716810651123523712158203125">
        <ele>4</ele>
        <time>2024-12-27T13:16:43.000Z</time>
        <extensions>
          <ns3:TrackPointExtension>
            <ns3:hr>132</ns3:hr>
            <ns3:cad>90</ns3:cad>
          </ns3:TrackPointExtension>
        </extensions>
      </trkpt>
      <trkpt lat="30.44386466033756732940673828125" lon="120.26717430911958217620849609375">
        <ele>4</ele>
        <time>2024-12-27T13:16:44.000Z</time>
        <extensions>
          <ns3:TrackPointExtension>
            <ns3:hr>132</ns3:hr>
            <ns3:cad>90</ns3:cad>
          </ns3:TrackPointExtension>
        </extensions>
      </trkpt>
      <trkpt lat="30.443853847682476043701171875" lon="120.26718503795564174652099609375">
        <ele>3.7999999523162841796875</ele>
        <time>2024-12-27T13:16:45.000Z</time>
        <extensions>
          <ns3:TrackPointExtension>
            <ns3:hr>133</ns3:hr>
            <ns3:cad>90</ns3:cad>
          </ns3:TrackPointExtension>
        </extensions>
      </trkpt>
      <trkpt lat="30.44383901171386241912841796875" lon="120.2671926654875278472900390625">
        <ele>3.7999999523162841796875</ele>
        <time>2024-12-27T13:16:46.000Z</time>
        <extensions>
          <ns3:TrackPointExtension>
            <ns3:hr>133</ns3:hr>
            <ns3:cad>68</ns3:cad>
          </ns3:TrackPointExtension>
        </extensions>
      </trkpt>
      <trkpt lat="30.4438211582601070404052734375" lon="120.26720322668552398681640625">
        <ele>3.599999904632568359375</ele>
        <time>2024-12-27T13:16:47.000Z</time>
        <extensions>
          <ns3:TrackPointExtension>
            <ns3:hr>133</ns3:hr>
            <ns3:cad>67</ns3:cad>
          </ns3:TrackPointExtension>
        </extensions>
      </trkpt>
      <trkpt lat="30.44380598701536655426025390625" lon="120.26721621863543987274169921875">
        <ele>3.599999904632568359375</ele>
        <time>2024-12-27T13:16:48.000Z</time>
        <extensions>
          <ns3:TrackPointExtension>
            <ns3:hr>133</ns3:hr>
            <ns3:cad>67</ns3:cad>
          </ns3:TrackPointExtension>
        </extensions>
      </trkpt>
      <trkpt lat="30.443794839084148406982421875" lon="120.267227031290531158447265625">
        <ele>3.400000095367431640625</ele>
        <time>2024-12-27T13:16:49.000Z</time>
        <extensions>
          <ns3:TrackPointExtension>
            <ns3:hr>133</ns3:hr>
            <ns3:cad>67</ns3:cad>
          </ns3:TrackPointExtension>
        </extensions>
      </trkpt>
      <trkpt lat="30.44378235004842281341552734375" lon="120.26723298244178295135498046875">
        <ele>3.400000095367431640625</ele>
        <time>2024-12-27T13:16:50.000Z</time>
        <extensions>
          <ns3:TrackPointExtension>
            <ns3:hr>132</ns3:hr>
            <ns3:cad>66</ns3:cad>
          </ns3:TrackPointExtension>
        </extensions>
      </trkpt>
      <trkpt lat="30.44377178885042667388916015625" lon="120.26724278926849365234375">
        <ele>3.400000095367431640625</ele>
        <time>2024-12-27T13:16:51.000Z</time>
        <extensions>
          <ns3:TrackPointExtension>
            <ns3:hr>131</ns3:hr>
            <ns3:cad>66</ns3:cad>
          </ns3:TrackPointExtension>
        </extensions>
      </trkpt>
      <trkpt lat="30.44376240111887454986572265625" lon="120.267253182828426361083984375">
        <ele>3.2000000476837158203125</ele>
        <time>2024-12-27T13:16:52.000Z</time>
        <extensions>
          <ns3:TrackPointExtension>
            <ns3:hr>130</ns3:hr>
            <ns3:cad>66</ns3:cad>
          </ns3:TrackPointExtension>
        </extensions>
      </trkpt>
      <trkpt lat="30.44375427067279815673828125" lon="120.26726231910288333892822265625">
        <ele>3.2000000476837158203125</ele>
        <time>2024-12-27T13:16:53.000Z</time>
        <extensions>
          <ns3:TrackPointExtension>
            <ns3:hr>129</ns3:hr>
            <ns3:cad>66</ns3:cad>
          </ns3:TrackPointExtension>
        </extensions>
      </trkpt>
      <trkpt lat="30.4437423683702945709228515625" lon="120.26727505959570407867431640625">
        <ele>3.2000000476837158203125</ele>
        <time>2024-12-27T13:16:54.000Z</time>
        <extensions>
          <ns3:TrackPointExtension>
            <ns3:hr>129</ns3:hr>
            <ns3:cad>66</ns3:cad>
          </ns3:TrackPointExtension>
        </extensions>
      </trkpt>
      <trkpt lat="30.44372770003974437713623046875" lon="120.2672862075269222259521484375">
        <ele>3</ele>
        <time>2024-12-27T13:16:55.000Z</time>
        <extensions>
          <ns3:TrackPointExtension>
            <ns3:hr>128</ns3:hr>
            <ns3:cad>66</ns3:cad>
          </ns3:TrackPointExtension>
        </extensions>
      </trkpt>
      <trkpt lat="30.44370993040502071380615234375" lon="120.26730104349553585052490234375">
        <ele>3</ele>
        <time>2024-12-27T13:16:56.000Z</time>
        <extensions>
          <ns3:TrackPointExtension>
            <ns3:hr>128</ns3:hr>
            <ns3:cad>66</ns3:cad>
          </ns3:TrackPointExtension>
        </extensions>
      </trkpt>
      <trkpt lat="30.44369182549417018890380859375" lon="120.267318896949291229248046875">
        <ele>3</ele>
        <time>2024-12-27T13:16:57.000Z</time>
        <extensions>
          <ns3:TrackPointExtension>
            <ns3:hr>128</ns3:hr>
            <ns3:cad>88</ns3:cad>
          </ns3:TrackPointExtension>
        </extensions>
      </trkpt>
      <trkpt lat="30.44366978108882904052734375" lon="120.2673364989459514617919921875">
        <ele>3</ele>
        <time>2024-12-27T13:16:58.000Z</time>
        <extensions>
          <ns3:TrackPointExtension>
            <ns3:hr>128</ns3:hr>
            <ns3:cad>88</ns3:cad>
          </ns3:TrackPointExtension>
        </extensions>
      </trkpt>
      <trkpt lat="30.4436481557786464691162109375" lon="120.267350412905216217041015625">
        <ele>3</ele>
        <time>2024-12-27T13:16:59.000Z</time>
        <extensions>
          <ns3:TrackPointExtension>
            <ns3:hr>127</ns3:hr>
            <ns3:cad>88</ns3:cad>
          </ns3:TrackPointExtension>
        </extensions>
      </trkpt>
      <trkpt lat="30.4436246864497661590576171875" lon="120.26736239902675151824951171875">
        <ele>3</ele>
        <time>2024-12-27T13:17:00.000Z</time>
        <extensions>
          <ns3:TrackPointExtension>
            <ns3:hr>127</ns3:hr>
            <ns3:cad>89</ns3:cad>
          </ns3:TrackPointExtension>
        </extensions>
      </trkpt>
      <trkpt lat="30.44360138475894927978515625" lon="120.26737463660538196563720703125">
        <ele>3</ele>
        <time>2024-12-27T13:17:01.000Z</time>
        <extensions>
          <ns3:TrackPointExtension>
            <ns3:hr>127</ns3:hr>
            <ns3:cad>89</ns3:cad>
          </ns3:TrackPointExtension>
        </extensions>
      </trkpt>
      <trkpt lat="30.44357783161103725433349609375" lon="120.26738570071756839752197265625">
        <ele>3</ele>
        <time>2024-12-27T13:17:02.000Z</time>
        <extensions>
          <ns3:TrackPointExtension>
            <ns3:hr>127</ns3:hr>
            <ns3:cad>89</ns3:cad>
          </ns3:TrackPointExtension>
        </extensions>
      </trkpt>
      <trkpt lat="30.4435576312243938446044921875" lon="120.2673975192010402679443359375">
        <ele>3</ele>
        <time>2024-12-27T13:17:03.000Z</time>
        <extensions>
          <ns3:TrackPointExtension>
            <ns3:hr>128</ns3:hr>
            <ns3:cad>89</ns3:cad>
          </ns3:TrackPointExtension>
        </extensions>
      </trkpt>
      <trkpt lat="30.44353793375194072723388671875" lon="120.2674077451229095458984375">
        <ele>3</ele>
        <time>2024-12-27T13:17:04.000Z</time>
        <extensions>
          <ns3:TrackPointExtension>
            <ns3:hr>128</ns3:hr>
            <ns3:cad>90</ns3:cad>
          </ns3:TrackPointExtension>
        </extensions>
      </trkpt>
      <trkpt lat="30.44351597316563129425048828125" lon="120.2674156241118907928466796875">
        <ele>3</ele>
        <time>2024-12-27T13:17:05.000Z</time>
        <extensions>
          <ns3:TrackPointExtension>
            <ns3:hr>129</ns3:hr>
            <ns3:cad>90</ns3:cad>
          </ns3:TrackPointExtension>
        </extensions>
      </trkpt>
      <trkpt lat="30.443491078913211822509765625" lon="120.267422161996364593505859375">
        <ele>3</ele>
        <time>2024-12-27T13:17:06.000Z</time>
        <extensions>
          <ns3:TrackPointExtension>
            <ns3:hr>130</ns3:hr>
            <ns3:cad>90</ns3:cad>
          </ns3:TrackPointExtension>
        </extensions>
      </trkpt>
      <trkpt lat="30.44346450828015804290771484375" lon="120.26742962189018726348876953125">
        <ele>3</ele>
        <time>2024-12-27T13:17:07.000Z</time>
        <extensions>
          <ns3:TrackPointExtension>
            <ns3:hr>131</ns3:hr>
            <ns3:cad>90</ns3:cad>
          </ns3:TrackPointExtension>
        </extensions>
      </trkpt>
      <trkpt lat="30.44344070367515087127685546875" lon="120.26743716560304164886474609375">
        <ele>3</ele>
        <time>2024-12-27T13:17:08.000Z</time>
        <extensions>
          <ns3:TrackPointExtension>
            <ns3:hr>132</ns3:hr>
            <ns3:cad>89</ns3:cad>
          </ns3:TrackPointExtension>
        </extensions>
      </trkpt>
      <trkpt lat="30.443417318165302276611328125" lon="120.2674474753439426422119140625">
        <ele>3</ele>
        <time>2024-12-27T13:17:09.000Z</time>
        <extensions>
          <ns3:TrackPointExtension>
            <ns3:hr>133</ns3:hr>
            <ns3:cad>89</ns3:cad>
          </ns3:TrackPointExtension>
        </extensions>
      </trkpt>
      <trkpt lat="30.4433953575789928436279296875" lon="120.2674588747322559356689453125">
        <ele>3</ele>
        <time>2024-12-27T13:17:10.000Z</time>
        <extensions>
          <ns3:TrackPointExtension>
            <ns3:hr>134</ns3:hr>
            <ns3:cad>89</ns3:cad>
          </ns3:TrackPointExtension>
        </extensions>
      </trkpt>
      <trkpt lat="30.44337281025946140289306640625" lon="120.26747019030153751373291015625">
        <ele>3</ele>
        <time>2024-12-27T13:17:11.000Z</time>
        <extensions>
          <ns3:TrackPointExtension>
            <ns3:hr>134</ns3:hr>
            <ns3:cad>89</ns3:cad>
          </ns3:TrackPointExtension>
        </extensions>
      </trkpt>
      <trkpt lat="30.44334749691188335418701171875" lon="120.26748175732791423797607421875">
        <ele>3</ele>
        <time>2024-12-27T13:17:12.000Z</time>
        <extensions>
          <ns3:TrackPointExtension>
            <ns3:hr>135</ns3:hr>
            <ns3:cad>89</ns3:cad>
          </ns3:TrackPointExtension>
        </extensions>
      </trkpt>
      <trkpt lat="30.4433256201446056365966796875" lon="120.2674930728971958160400390625">
        <ele>3</ele>
        <time>2024-12-27T13:17:13.000Z</time>
        <extensions>
          <ns3:TrackPointExtension>
            <ns3:hr>136</ns3:hr>
            <ns3:cad>89</ns3:cad>
          </ns3:TrackPointExtension>
        </extensions>
      </trkpt>
      <trkpt lat="30.4433078505098819732666015625" lon="120.26750891469419002532958984375">
        <ele>3</ele>
        <time>2024-12-27T13:17:14.000Z</time>
        <extensions>
          <ns3:TrackPointExtension>
            <ns3:hr>136</ns3:hr>
            <ns3:cad>89</ns3:cad>
          </ns3:TrackPointExtension>
        </extensions>
      </trkpt>
      <trkpt lat="30.443289577960968017578125" lon="120.26752450503408908843994140625">
        <ele>3</ele>
        <time>2024-12-27T13:17:15.000Z</time>
        <extensions>
          <ns3:TrackPointExtension>
            <ns3:hr>137</ns3:hr>
            <ns3:cad>88</ns3:cad>
          </ns3:TrackPointExtension>
        </extensions>
      </trkpt>
      <trkpt lat="30.44327725656330585479736328125" lon="120.267536826431751251220703125">
        <ele>3</ele>
        <time>2024-12-27T13:17:16.000Z</time>
        <extensions>
          <ns3:TrackPointExtension>
            <ns3:hr>137</ns3:hr>
            <ns3:cad>88</ns3:cad>
          </ns3:TrackPointExtension>
        </extensions>
      </trkpt>
      <trkpt lat="30.4432682879269123077392578125" lon="120.26754386723041534423828125">
        <ele>3</ele>
        <time>2024-12-27T13:17:17.000Z</time>
        <extensions>
          <ns3:TrackPointExtension>
            <ns3:hr>137</ns3:hr>
            <ns3:cad>88</ns3:cad>
          </ns3:TrackPointExtension>
        </extensions>
      </trkpt>
      <trkpt lat="30.443259067833423614501953125" lon="120.26754931546747684478759765625">
        <ele>3.2000000476837158203125</ele>
        <time>2024-12-27T13:17:18.000Z</time>
        <extensions>
          <ns3:TrackPointExtension>
            <ns3:hr>137</ns3:hr>
            <ns3:cad>88</ns3:cad>
          </ns3:TrackPointExtension>
        </extensions>
      </trkpt>
      <trkpt lat="30.4432480037212371826171875" lon="120.2675557695329189300537109375">
        <ele>3.2000000476837158203125</ele>
        <time>2024-12-27T13:17:19.000Z</time>
        <extensions>
          <ns3:TrackPointExtension>
            <ns3:hr>138</ns3:hr>
            <ns3:cad>88</ns3:cad>
          </ns3:TrackPointExtension>
        </extensions>
      </trkpt>
      <trkpt lat="30.4432314075529575347900390625" lon="120.2675631456077098846435546875">
        <ele>3.2000000476837158203125</ele>
        <time>2024-12-27T13:17:20.000Z</time>
        <extensions>
          <ns3:TrackPointExtension>
            <ns3:hr>138</ns3:hr>
            <ns3:cad>88</ns3:cad>
          </ns3:TrackPointExtension>
        </extensions>
      </trkpt>
      <trkpt lat="30.4432131350040435791015625" lon="120.26757395826280117034912109375">
        <ele>3.2000000476837158203125</ele>
        <time>2024-12-27T13:17:21.000Z</time>
        <extensions>
          <ns3:TrackPointExtension>
            <ns3:hr>138</ns3:hr>
            <ns3:cad>70</ns3:cad>
          </ns3:TrackPointExtension>
        </extensions>
      </trkpt>
      <trkpt lat="30.4431970417499542236328125" lon="120.267583429813385009765625">
        <ele>3.400000095367431640625</ele>
        <time>2024-12-27T13:17:22.000Z</time>
        <extensions>
          <ns3:TrackPointExtension>
            <ns3:hr>138</ns3:hr>
            <ns3:cad>70</ns3:cad>
          </ns3:TrackPointExtension>
        </extensions>
      </trkpt>
      <trkpt lat="30.44318270869553089141845703125" lon="120.26759189553558826446533203125">
        <ele>3.400000095367431640625</ele>
        <time>2024-12-27T13:17:23.000Z</time>
        <extensions>
          <ns3:TrackPointExtension>
            <ns3:hr>138</ns3:hr>
            <ns3:cad>65</ns3:cad>
          </ns3:TrackPointExtension>
        </extensions>
      </trkpt>
      <trkpt lat="30.44316728599369525909423828125" lon="120.26759675703942775726318359375">
        <ele>3.400000095367431640625</ele>
        <time>2024-12-27T13:17:24.000Z</time>
        <extensions>
          <ns3:TrackPointExtension>
            <ns3:hr>138</ns3:hr>
            <ns3:cad>65</ns3:cad>
          </ns3:TrackPointExtension>
        </extensions>
      </trkpt>
      <trkpt lat="30.44315404258668422698974609375" lon="120.26760346256196498870849609375">
        <ele>3.400000095367431640625</ele>
        <time>2024-12-27T13:17:25.000Z</time>
        <extensions>
          <ns3:TrackPointExtension>
            <ns3:hr>138</ns3:hr>
            <ns3:cad>65</ns3:cad>
          </ns3:TrackPointExtension>
        </extensions>
      </trkpt>
      <trkpt lat="30.44314499013125896453857421875" lon="120.26761167682707309722900390625">
        <ele>3.400000095367431640625</ele>
        <time>2024-12-27T13:17:26.000Z</time>
        <extensions>
          <ns3:TrackPointExtension>
            <ns3:hr>138</ns3:hr>
            <ns3:cad>65</ns3:cad>
          </ns3:TrackPointExtension>
        </extensions>
      </trkpt>
      <trkpt lat="30.443135686218738555908203125" lon="120.26761905290186405181884765625">
        <ele>3.2000000476837158203125</ele>
        <time>2024-12-27T13:17:27.000Z</time>
        <extensions>
          <ns3:TrackPointExtension>
            <ns3:hr>137</ns3:hr>
            <ns3:cad>65</ns3:cad>
          </ns3:TrackPointExtension>
        </extensions>
      </trkpt>
      <trkpt lat="30.4431261308491230010986328125" lon="120.2676278539001941680908203125">
        <ele>3.2000000476837158203125</ele>
        <time>2024-12-27T13:17:28.000Z</time>
        <extensions>
          <ns3:TrackPointExtension>
            <ns3:hr>136</ns3:hr>
            <ns3:cad>65</ns3:cad>
          </ns3:TrackPointExtension>
        </extensions>
      </trkpt>
      <trkpt lat="30.44311632402241230010986328125" lon="120.267637073993682861328125">
        <ele>3.2000000476837158203125</ele>
        <time>2024-12-27T13:17:29.000Z</time>
        <extensions>
          <ns3:TrackPointExtension>
            <ns3:hr>136</ns3:hr>
            <ns3:cad>65</ns3:cad>
          </ns3:TrackPointExtension>
        </extensions>
      </trkpt>
      <trkpt lat="30.44310257770121097564697265625" lon="120.2676416002213954925537109375">
        <ele>3.2000000476837158203125</ele>
        <time>2024-12-27T13:17:30.000Z</time>
        <extensions>
          <ns3:TrackPointExtension>
            <ns3:hr>135</ns3:hr>
            <ns3:cad>65</ns3:cad>
          </ns3:TrackPointExtension>
        </extensions>
      </trkpt>
      <trkpt lat="30.44308430515229701995849609375" lon="120.26764805428683757781982421875">
        <ele>3.2000000476837158203125</ele>
        <time>2024-12-27T13:17:31.000Z</time>
        <extensions>
          <ns3:TrackPointExtension>
            <ns3:hr>134</ns3:hr>
            <ns3:cad>65</ns3:cad>
          </ns3:TrackPointExtension>
        </extensions>
      </trkpt>
      <trkpt lat="30.4430682957172393798828125" lon="120.26765626855194568634033203125">
        <ele>3.2000000476837158203125</ele>
        <time>2024-12-27T13:17:32.000Z</time>
        <extensions>
          <ns3:TrackPointExtension>
            <ns3:hr>134</ns3:hr>
            <ns3:cad>65</ns3:cad>
          </ns3:TrackPointExtension>
        </extensions>
      </trkpt>
      <trkpt lat="30.44305144809186458587646484375" lon="120.2676654048264026641845703125">
        <ele>3.2000000476837158203125</ele>
        <time>2024-12-27T13:17:33.000Z</time>
        <extensions>
          <ns3:TrackPointExtension>
            <ns3:hr>134</ns3:hr>
            <ns3:cad>65</ns3:cad>
          </ns3:TrackPointExtension>
        </extensions>
      </trkpt>
      <trkpt lat="30.44303384609520435333251953125" lon="120.26767194271087646484375">
        <ele>3</ele>
        <time>2024-12-27T13:17:34.000Z</time>
        <extensions>
          <ns3:TrackPointExtension>
            <ns3:hr>134</ns3:hr>
            <ns3:cad>66</ns3:cad>
          </ns3:TrackPointExtension>
        </extensions>
      </trkpt>
      <trkpt lat="30.4430175013840198516845703125" lon="120.26767739094793796539306640625">
        <ele>3</ele>
        <time>2024-12-27T13:17:35.000Z</time>
        <extensions>
          <ns3:TrackPointExtension>
            <ns3:hr>134</ns3:hr>
            <ns3:cad>66</ns3:cad>
          </ns3:TrackPointExtension>
        </extensions>
      </trkpt>
      <trkpt lat="30.4430007375776767730712890625" lon="120.26768392883241176605224609375">
        <ele>3</ele>
        <time>2024-12-27T13:17:36.000Z</time>
        <extensions>
          <ns3:TrackPointExtension>
            <ns3:hr>134</ns3:hr>
            <ns3:cad>67</ns3:cad>
          </ns3:TrackPointExtension>
        </extensions>
      </trkpt>
      <trkpt lat="30.4429802857339382171630859375" lon="120.26768996380269527435302734375">
        <ele>3.2000000476837158203125</ele>
        <time>2024-12-27T13:17:37.000Z</time>
        <extensions>
          <ns3:TrackPointExtension>
            <ns3:hr>133</ns3:hr>
            <ns3:cad>67</ns3:cad>
          </ns3:TrackPointExtension>
        </extensions>
      </trkpt>
      <trkpt lat="30.4429591633379459381103515625" lon="120.26769884862005710601806640625">
        <ele>3.2000000476837158203125</ele>
        <time>2024-12-27T13:17:38.000Z</time>
        <extensions>
          <ns3:TrackPointExtension>
            <ns3:hr>132</ns3:hr>
            <ns3:cad>0</ns3:cad>
          </ns3:TrackPointExtension>
        </extensions>
      </trkpt>
      <trkpt lat="30.442937202751636505126953125" lon="120.2677108347415924072265625">
        <ele>3.2000000476837158203125</ele>
        <time>2024-12-27T13:17:39.000Z</time>
        <extensions>
          <ns3:TrackPointExtension>
            <ns3:hr>132</ns3:hr>
            <ns3:cad>0</ns3:cad>
          </ns3:TrackPointExtension>
        </extensions>
      </trkpt>
      <trkpt lat="30.4429162479937076568603515625" lon="120.2677227370440959930419921875">
        <ele>3.400000095367431640625</ele>
        <time>2024-12-27T13:17:40.000Z</time>
        <extensions>
          <ns3:TrackPointExtension>
            <ns3:hr>132</ns3:hr>
            <ns3:cad>85</ns3:cad>
          </ns3:TrackPointExtension>
        </extensions>
      </trkpt>
      <trkpt lat="30.4428944550454616546630859375" lon="120.26773304678499698638916015625">
        <ele>3.400000095367431640625</ele>
        <time>2024-12-27T13:17:41.000Z</time>
        <extensions>
          <ns3:TrackPointExtension>
            <ns3:hr>132</ns3:hr>
            <ns3:cad>86</ns3:cad>
          </ns3:TrackPointExtension>
        </extensions>
      </trkpt>
      <trkpt lat="30.4428763501346111297607421875" lon="120.26774427853524684906005859375">
        <ele>3.400000095367431640625</ele>
        <time>2024-12-27T13:17:42.000Z</time>
        <extensions>
          <ns3:TrackPointExtension>
            <ns3:hr>132</ns3:hr>
            <ns3:cad>87</ns3:cad>
          </ns3:TrackPointExtension>
        </extensions>
      </trkpt>
      <trkpt lat="30.4428605921566486358642578125" lon="120.2677529118955135345458984375">
        <ele>3.599999904632568359375</ele>
        <time>2024-12-27T13:17:43.000Z</time>
        <extensions>
          <ns3:TrackPointExtension>
            <ns3:hr>132</ns3:hr>
            <ns3:cad>87</ns3:cad>
          </ns3:TrackPointExtension>
        </extensions>
      </trkpt>
      <trkpt lat="30.44284609146416187286376953125" lon="120.2677596174180507659912109375">
        <ele>3.599999904632568359375</ele>
        <time>2024-12-27T13:17:44.000Z</time>
        <extensions>
          <ns3:TrackPointExtension>
            <ns3:hr>132</ns3:hr>
            <ns3:cad>88</ns3:cad>
          </ns3:TrackPointExtension>
        </extensions>
      </trkpt>
      <trkpt lat="30.442828238010406494140625" lon="120.267766155302524566650390625">
        <ele>3.599999904632568359375</ele>
        <time>2024-12-27T13:17:45.000Z</time>
        <extensions>
          <ns3:TrackPointExtension>
            <ns3:hr>132</ns3:hr>
            <ns3:cad>88</ns3:cad>
          </ns3:TrackPointExtension>
        </extensions>
      </trkpt>
      <trkpt lat="30.44281256385147571563720703125" lon="120.26777361519634723663330078125">
        <ele>3.7999999523162841796875</ele>
        <time>2024-12-27T13:17:46.000Z</time>
        <extensions>
          <ns3:TrackPointExtension>
            <ns3:hr>133</ns3:hr>
            <ns3:cad>88</ns3:cad>
          </ns3:TrackPointExtension>
        </extensions>
      </trkpt>
      <trkpt lat="30.4427985660731792449951171875" lon="120.26778115890920162200927734375">
        <ele>3.7999999523162841796875</ele>
        <time>2024-12-27T13:17:47.000Z</time>
        <extensions>
          <ns3:TrackPointExtension>
            <ns3:hr>133</ns3:hr>
            <ns3:cad>88</ns3:cad>
          </ns3:TrackPointExtension>
        </extensions>
      </trkpt>
      <trkpt lat="30.44278725050389766693115234375" lon="120.26779071427881717681884765625">
        <ele>3.7999999523162841796875</ele>
        <time>2024-12-27T13:17:48.000Z</time>
        <extensions>
          <ns3:TrackPointExtension>
            <ns3:hr>134</ns3:hr>
            <ns3:cad>66</ns3:cad>
          </ns3:TrackPointExtension>
        </extensions>
      </trkpt>
      <trkpt lat="30.4427750967442989349365234375" lon="120.267800353467464447021484375">
        <ele>3.7999999523162841796875</ele>
        <time>2024-12-27T13:17:49.000Z</time>
        <extensions>
          <ns3:TrackPointExtension>
            <ns3:hr>134</ns3:hr>
            <ns3:cad>66</ns3:cad>
          </ns3:TrackPointExtension>
        </extensions>
      </trkpt>
      <trkpt lat="30.44276294298470020294189453125" lon="120.267807058990001678466796875">
        <ele>4</ele>
        <time>2024-12-27T13:17:50.000Z</time>
        <extensions>
          <ns3:TrackPointExtension>
            <ns3:hr>135</ns3:hr>
            <ns3:cad>66</ns3:cad>
          </ns3:TrackPointExtension>
        </extensions>
      </trkpt>
      <trkpt lat="30.4427516274154186248779296875" lon="120.267813764512538909912109375">
        <ele>4</ele>
        <time>2024-12-27T13:17:51.000Z</time>
        <extensions>
          <ns3:TrackPointExtension>
            <ns3:hr>134</ns3:hr>
            <ns3:cad>65</ns3:cad>
          </ns3:TrackPointExtension>
        </extensions>
      </trkpt>
      <trkpt lat="30.44274014420807361602783203125" lon="120.2678219787776470184326171875">
        <ele>4</ele>
        <time>2024-12-27T13:17:52.000Z</time>
        <extensions>
          <ns3:TrackPointExtension>
            <ns3:hr>133</ns3:hr>
            <ns3:cad>65</ns3:cad>
          </ns3:TrackPointExtension>
        </extensions>
      </trkpt>
      <trkpt lat="30.44272941537201404571533203125" lon="120.26783044449985027313232421875">
        <ele>4</ele>
        <time>2024-12-27T13:17:53.000Z</time>
        <extensions>
          <ns3:TrackPointExtension>
            <ns3:hr>132</ns3:hr>
            <ns3:cad>65</ns3:cad>
          </ns3:TrackPointExtension>
        </extensions>
      </trkpt>
      <trkpt lat="30.44271684251725673675537109375" lon="120.2678384073078632354736328125">
        <ele>4</ele>
        <time>2024-12-27T13:17:54.000Z</time>
        <extensions>
          <ns3:TrackPointExtension>
            <ns3:hr>131</ns3:hr>
            <ns3:cad>65</ns3:cad>
          </ns3:TrackPointExtension>
        </extensions>
      </trkpt>
      <trkpt lat="30.44270058162510395050048828125" lon="120.26784452609717845916748046875">
        <ele>4.19999980926513671875</ele>
        <time>2024-12-27T13:17:55.000Z</time>
        <extensions>
          <ns3:TrackPointExtension>
            <ns3:hr>130</ns3:hr>
            <ns3:cad>65</ns3:cad>
          </ns3:TrackPointExtension>
        </extensions>
      </trkpt>
      <trkpt lat="30.44268432073295116424560546875" lon="120.267849303781986236572265625">
        <ele>4.19999980926513671875</ele>
        <time>2024-12-27T13:17:56.000Z</time>
        <extensions>
          <ns3:TrackPointExtension>
            <ns3:hr>129</ns3:hr>
            <ns3:cad>65</ns3:cad>
          </ns3:TrackPointExtension>
        </extensions>
      </trkpt>
      <trkpt lat="30.44266940094530582427978515625" lon="120.26785357855260372161865234375">
        <ele>4.19999980926513671875</ele>
        <time>2024-12-27T13:17:57.000Z</time>
        <extensions>
          <ns3:TrackPointExtension>
            <ns3:hr>129</ns3:hr>
            <ns3:cad>65</ns3:cad>
          </ns3:TrackPointExtension>
        </extensions>
      </trkpt>
      <trkpt lat="30.44265448115766048431396484375" lon="120.267860032618045806884765625">
        <ele>4.19999980926513671875</ele>
        <time>2024-12-27T13:17:58.000Z</time>
        <extensions>
          <ns3:TrackPointExtension>
            <ns3:hr>128</ns3:hr>
            <ns3:cad>65</ns3:cad>
          </ns3:TrackPointExtension>
        </extensions>
      </trkpt>
      <trkpt lat="30.44263419695198535919189453125" lon="120.26786548085510730743408203125">
        <ele>4.400000095367431640625</ele>
        <time>2024-12-27T13:17:59.000Z</time>
        <extensions>
          <ns3:TrackPointExtension>
            <ns3:hr>128</ns3:hr>
            <ns3:cad>66</ns3:cad>
          </ns3:TrackPointExtension>
        </extensions>
      </trkpt>
      <trkpt lat="30.44261433184146881103515625" lon="120.26787369512021541595458984375">
        <ele>4.400000095367431640625</ele>
        <time>2024-12-27T13:18:00.000Z</time>
        <extensions>
          <ns3:TrackPointExtension>
            <ns3:hr>128</ns3:hr>
            <ns3:cad>66</ns3:cad>
          </ns3:TrackPointExtension>
        </extensions>
      </trkpt>
      <trkpt lat="30.4425962269306182861328125" lon="120.2678850106894969940185546875">
        <ele>4.599999904632568359375</ele>
        <time>2024-12-27T13:18:01.000Z</time>
        <extensions>
          <ns3:TrackPointExtension>
            <ns3:hr>127</ns3:hr>
            <ns3:cad>66</ns3:cad>
          </ns3:TrackPointExtension>
        </extensions>
      </trkpt>
      <trkpt lat="30.44257787056267261505126953125" lon="120.26789749972522258758544921875">
        <ele>4.599999904632568359375</ele>
        <time>2024-12-27T13:18:02.000Z</time>
        <extensions>
          <ns3:TrackPointExtension>
            <ns3:hr>127</ns3:hr>
            <ns3:cad>66</ns3:cad>
          </ns3:TrackPointExtension>
        </extensions>
      </trkpt>
      <trkpt lat="30.44255800545215606689453125" lon="120.26791208423674106597900390625">
        <ele>4.599999904632568359375</ele>
        <time>2024-12-27T13:18:03.000Z</time>
        <extensions>
          <ns3:TrackPointExtension>
            <ns3:hr>128</ns3:hr>
            <ns3:cad>88</ns3:cad>
          </ns3:TrackPointExtension>
        </extensions>
      </trkpt>
      <trkpt lat="30.44253596104681491851806640625" lon="120.2679225616157054901123046875">
        <ele>4.80000019073486328125</ele>
        <time>2024-12-27T13:18:04.000Z</time>
        <extensions>
          <ns3:TrackPointExtension>
            <ns3:hr>127</ns3:hr>
            <ns3:cad>88</ns3:cad>
          </ns3:TrackPointExtension>
        </extensions>
      </trkpt>
      <trkpt lat="30.4425142519176006317138671875" lon="120.26793270371854305267333984375">
        <ele>4.80000019073486328125</ele>
        <time>2024-12-27T13:18:05.000Z</time>
        <extensions>
          <ns3:TrackPointExtension>
            <ns3:hr>127</ns3:hr>
            <ns3:cad>88</ns3:cad>
          </ns3:TrackPointExtension>
        </extensions>
      </trkpt>
      <trkpt lat="30.4424916207790374755859375" lon="120.26794360019266605377197265625">
        <ele>4.80000019073486328125</ele>
        <time>2024-12-27T13:18:06.000Z</time>
        <extensions>
          <ns3:TrackPointExtension>
            <ns3:hr>128</ns3:hr>
            <ns3:cad>89</ns3:cad>
          </ns3:TrackPointExtension>
        </extensions>
      </trkpt>
      <trkpt lat="30.44246949255466461181640625" lon="120.26795298792421817779541015625">
        <ele>5</ele>
        <time>2024-12-27T13:18:07.000Z</time>
        <extensions>
          <ns3:TrackPointExtension>
            <ns3:hr>128</ns3:hr>
            <ns3:cad>90</ns3:cad>
          </ns3:TrackPointExtension>
        </extensions>
      </trkpt>
      <trkpt lat="30.4424485377967357635498046875" lon="120.26796204037964344024658203125">
        <ele>5</ele>
        <time>2024-12-27T13:18:08.000Z</time>
        <extensions>
          <ns3:TrackPointExtension>
            <ns3:hr>128</ns3:hr>
            <ns3:cad>90</ns3:cad>
          </ns3:TrackPointExtension>
        </extensions>
      </trkpt>
      <trkpt lat="30.442428924143314361572265625" lon="120.267969667911529541015625">
        <ele>5</ele>
        <time>2024-12-27T13:18:09.000Z</time>
        <extensions>
          <ns3:TrackPointExtension>
            <ns3:hr>129</ns3:hr>
            <ns3:cad>89</ns3:cad>
          </ns3:TrackPointExtension>
        </extensions>
      </trkpt>
      <trkpt lat="30.4424160160124301910400390625" lon="120.267975032329559326171875">
        <ele>5</ele>
        <time>2024-12-27T13:18:10.000Z</time>
        <extensions>
          <ns3:TrackPointExtension>
            <ns3:hr>129</ns3:hr>
            <ns3:cad>89</ns3:cad>
          </ns3:TrackPointExtension>
        </extensions>
      </trkpt>
      <trkpt lat="30.4424042813479900360107421875" lon="120.26798014529049396514892578125">
        <ele>5</ele>
        <time>2024-12-27T13:18:11.000Z</time>
        <extensions>
          <ns3:TrackPointExtension>
            <ns3:hr>129</ns3:hr>
            <ns3:cad>89</ns3:cad>
          </ns3:TrackPointExtension>
        </extensions>
      </trkpt>
      <trkpt lat="30.44239480979740619659423828125" lon="120.26798718608915805816650390625">
        <ele>5</ele>
        <time>2024-12-27T13:18:12.000Z</time>
        <extensions>
          <ns3:TrackPointExtension>
            <ns3:hr>130</ns3:hr>
            <ns3:cad>87</ns3:cad>
          </ns3:TrackPointExtension>
        </extensions>
      </trkpt>
      <trkpt lat="30.4423881880939006805419921875" lon="120.2679996751248836517333984375">
        <ele>5</ele>
        <time>2024-12-27T13:18:13.000Z</time>
        <extensions>
          <ns3:TrackPointExtension>
            <ns3:hr>130</ns3:hr>
            <ns3:cad>0</ns3:cad>
          </ns3:TrackPointExtension>
        </extensions>
      </trkpt>
      <trkpt lat="30.442374609410762786865234375" lon="120.268000178039073944091796875">
        <ele>5</ele>
        <time>2024-12-27T13:18:14.000Z</time>
        <extensions>
          <ns3:TrackPointExtension>
            <ns3:hr>131</ns3:hr>
            <ns3:cad>0</ns3:cad>
          </ns3:TrackPointExtension>
        </extensions>
      </trkpt>
      <trkpt lat="30.44235977344214916229248046875" lon="120.26800747029483318328857421875">
        <ele>5</ele>
        <time>2024-12-27T13:18:15.000Z</time>
        <extensions>
          <ns3:TrackPointExtension>
            <ns3:hr>131</ns3:hr>
            <ns3:cad>66</ns3:cad>
          </ns3:TrackPointExtension>
        </extensions>
      </trkpt>
      <trkpt lat="30.4423446021974086761474609375" lon="120.268017947673797607421875">
        <ele>5</ele>
        <time>2024-12-27T13:18:16.000Z</time>
        <extensions>
          <ns3:TrackPointExtension>
            <ns3:hr>131</ns3:hr>
            <ns3:cad>66</ns3:cad>
          </ns3:TrackPointExtension>
        </extensions>
      </trkpt>
      <trkpt lat="30.4423320293426513671875" lon="120.2680298499763011932373046875">
        <ele>5</ele>
        <time>2024-12-27T13:18:17.000Z</time>
        <extensions>
          <ns3:TrackPointExtension>
            <ns3:hr>131</ns3:hr>
            <ns3:cad>66</ns3:cad>
          </ns3:TrackPointExtension>
        </extensions>
      </trkpt>
      <trkpt lat="30.44231886975467205047607421875" lon="120.268039740622043609619140625">
        <ele>5</ele>
        <time>2024-12-27T13:18:18.000Z</time>
        <extensions>
          <ns3:TrackPointExtension>
            <ns3:hr>131</ns3:hr>
            <ns3:cad>66</ns3:cad>
          </ns3:TrackPointExtension>
        </extensions>
      </trkpt>
      <trkpt lat="30.442307554185390472412109375" lon="120.26804921217262744903564453125">
        <ele>5</ele>
        <time>2024-12-27T13:18:19.000Z</time>
        <extensions>
          <ns3:TrackPointExtension>
            <ns3:hr>130</ns3:hr>
            <ns3:cad>65</ns3:cad>
          </ns3:TrackPointExtension>
        </extensions>
      </trkpt>
      <trkpt lat="30.44229649007320404052734375" lon="120.26805616915225982666015625">
        <ele>5</ele>
        <time>2024-12-27T13:18:20.000Z</time>
        <extensions>
          <ns3:TrackPointExtension>
            <ns3:hr>129</ns3:hr>
            <ns3:cad>65</ns3:cad>
          </ns3:TrackPointExtension>
        </extensions>
      </trkpt>
      <trkpt lat="30.442286096513271331787109375" lon="120.26806421577930450439453125">
        <ele>5</ele>
        <time>2024-12-27T13:18:21.000Z</time>
        <extensions>
          <ns3:TrackPointExtension>
            <ns3:hr>129</ns3:hr>
            <ns3:cad>65</ns3:cad>
          </ns3:TrackPointExtension>
        </extensions>
      </trkpt>
      <trkpt lat="30.44227302074432373046875" lon="120.26807016693055629730224609375">
        <ele>5</ele>
        <time>2024-12-27T13:18:22.000Z</time>
        <extensions>
          <ns3:TrackPointExtension>
            <ns3:hr>128</ns3:hr>
            <ns3:cad>66</ns3:cad>
          </ns3:TrackPointExtension>
        </extensions>
      </trkpt>
      <trkpt lat="30.4422607831656932830810546875" lon="120.26807821355760097503662109375">
        <ele>5</ele>
        <time>2024-12-27T13:18:23.000Z</time>
        <extensions>
          <ns3:TrackPointExtension>
            <ns3:hr>127</ns3:hr>
            <ns3:cad>66</ns3:cad>
          </ns3:TrackPointExtension>
        </extensions>
      </trkpt>
      <trkpt lat="30.44224494136869907379150390625" lon="120.2680868469178676605224609375">
        <ele>5</ele>
        <time>2024-12-27T13:18:24.000Z</time>
        <extensions>
          <ns3:TrackPointExtension>
            <ns3:hr>127</ns3:hr>
            <ns3:cad>66</ns3:cad>
          </ns3:TrackPointExtension>
        </extensions>
      </trkpt>
      <trkpt lat="30.44222834520041942596435546875" lon="120.26809715665876865386962890625">
        <ele>5</ele>
        <time>2024-12-27T13:18:25.000Z</time>
        <extensions>
          <ns3:TrackPointExtension>
            <ns3:hr>126</ns3:hr>
            <ns3:cad>66</ns3:cad>
          </ns3:TrackPointExtension>
        </extensions>
      </trkpt>
      <trkpt lat="30.44221107847988605499267578125" lon="120.26810755021870136260986328125">
        <ele>5</ele>
        <time>2024-12-27T13:18:26.000Z</time>
        <extensions>
          <ns3:TrackPointExtension>
            <ns3:hr>126</ns3:hr>
            <ns3:cad>66</ns3:cad>
          </ns3:TrackPointExtension>
        </extensions>
      </trkpt>
      <trkpt lat="30.44219456613063812255859375" lon="120.26811844669282436370849609375">
        <ele>5</ele>
        <time>2024-12-27T13:18:27.000Z</time>
        <extensions>
          <ns3:TrackPointExtension>
            <ns3:hr>126</ns3:hr>
            <ns3:cad>66</ns3:cad>
          </ns3:TrackPointExtension>
        </extensions>
      </trkpt>
      <trkpt lat="30.44217838905751705169677734375" lon="120.2681264095008373260498046875">
        <ele>5</ele>
        <time>2024-12-27T13:18:28.000Z</time>
        <extensions>
          <ns3:TrackPointExtension>
            <ns3:hr>125</ns3:hr>
            <ns3:cad>67</ns3:cad>
          </ns3:TrackPointExtension>
        </extensions>
      </trkpt>
      <trkpt lat="30.44216112233698368072509765625" lon="120.268132276833057403564453125">
        <ele>5</ele>
        <time>2024-12-27T13:18:29.000Z</time>
        <extensions>
          <ns3:TrackPointExtension>
            <ns3:hr>125</ns3:hr>
            <ns3:cad>67</ns3:cad>
          </ns3:TrackPointExtension>
        </extensions>
      </trkpt>
      <trkpt lat="30.44214452616870403289794921875" lon="120.26813806034624576568603515625">
        <ele>5</ele>
        <time>2024-12-27T13:18:30.000Z</time>
        <extensions>
          <ns3:TrackPointExtension>
            <ns3:hr>125</ns3:hr>
            <ns3:cad>67</ns3:cad>
          </ns3:TrackPointExtension>
        </extensions>
      </trkpt>
      <trkpt lat="30.442125499248504638671875" lon="120.26814476586878299713134765625">
        <ele>5</ele>
        <time>2024-12-27T13:18:31.000Z</time>
        <extensions>
          <ns3:TrackPointExtension>
            <ns3:hr>124</ns3:hr>
            <ns3:cad>67</ns3:cad>
          </ns3:TrackPointExtension>
        </extensions>
      </trkpt>
      <trkpt lat="30.44210412539541721343994140625" lon="120.26815432123839855194091796875">
        <ele>5</ele>
        <time>2024-12-27T13:18:32.000Z</time>
        <extensions>
          <ns3:TrackPointExtension>
            <ns3:hr>126</ns3:hr>
            <ns3:cad>0</ns3:cad>
          </ns3:TrackPointExtension>
        </extensions>
      </trkpt>
      <trkpt lat="30.44208266772329807281494140625" lon="120.268166474997997283935546875">
        <ele>5</ele>
        <time>2024-12-27T13:18:33.000Z</time>
        <extensions>
          <ns3:TrackPointExtension>
            <ns3:hr>125</ns3:hr>
            <ns3:cad>0</ns3:cad>
          </ns3:TrackPointExtension>
        </extensions>
      </trkpt>
      <trkpt lat="30.44206238351762294769287109375" lon="120.26817963458597660064697265625">
        <ele>4.80000019073486328125</ele>
        <time>2024-12-27T13:18:34.000Z</time>
        <extensions>
          <ns3:TrackPointExtension>
            <ns3:hr>124</ns3:hr>
            <ns3:cad>88</ns3:cad>
          </ns3:TrackPointExtension>
        </extensions>
      </trkpt>
      <trkpt lat="30.442040003836154937744140625" lon="120.2681944705545902252197265625">
        <ele>4.599999904632568359375</ele>
        <time>2024-12-27T13:18:35.000Z</time>
        <extensions>
          <ns3:TrackPointExtension>
            <ns3:hr>127</ns3:hr>
            <ns3:cad>88</ns3:cad>
          </ns3:TrackPointExtension>
        </extensions>
      </trkpt>
      <trkpt lat="30.44201754033565521240234375" lon="120.26821014471352100372314453125">
        <ele>4.599999904632568359375</ele>
        <time>2024-12-27T13:18:36.000Z</time>
        <extensions>
          <ns3:TrackPointExtension>
            <ns3:hr>127</ns3:hr>
            <ns3:cad>88</ns3:cad>
          </ns3:TrackPointExtension>
        </extensions>
      </trkpt>
      <trkpt lat="30.44199616648256778717041015625" lon="120.26822472922503948211669921875">
        <ele>4.400000095367431640625</ele>
        <time>2024-12-27T13:18:37.000Z</time>
        <extensions>
          <ns3:TrackPointExtension>
            <ns3:hr>127</ns3:hr>
            <ns3:cad>89</ns3:cad>
          </ns3:TrackPointExtension>
        </extensions>
      </trkpt>
      <trkpt lat="30.44197462499141693115234375" lon="120.26823964901268482208251953125">
        <ele>4.400000095367431640625</ele>
        <time>2024-12-27T13:18:38.000Z</time>
        <extensions>
          <ns3:TrackPointExtension>
            <ns3:hr>128</ns3:hr>
            <ns3:cad>89</ns3:cad>
          </ns3:TrackPointExtension>
        </extensions>
      </trkpt>
      <trkpt lat="30.44195584952831268310546875" lon="120.26825104840099811553955078125">
        <ele>4.19999980926513671875</ele>
        <time>2024-12-27T13:18:39.000Z</time>
        <extensions>
          <ns3:TrackPointExtension>
            <ns3:hr>128</ns3:hr>
            <ns3:cad>89</ns3:cad>
          </ns3:TrackPointExtension>
        </extensions>
      </trkpt>
      <trkpt lat="30.4419412650167942047119140625" lon="120.2682605199515819549560546875">
        <ele>4</ele>
        <time>2024-12-27T13:18:40.000Z</time>
        <extensions>
          <ns3:TrackPointExtension>
            <ns3:hr>129</ns3:hr>
            <ns3:cad>89</ns3:cad>
          </ns3:TrackPointExtension>
        </extensions>
      </trkpt>
      <trkpt lat="30.44192559085786342620849609375" lon="120.26826378889381885528564453125">
        <ele>4</ele>
        <time>2024-12-27T13:18:41.000Z</time>
        <extensions>
          <ns3:TrackPointExtension>
            <ns3:hr>130</ns3:hr>
            <ns3:cad>89</ns3:cad>
          </ns3:TrackPointExtension>
        </extensions>
      </trkpt>
      <trkpt lat="30.44190983287990093231201171875" lon="120.26826730929315090179443359375">
        <ele>4</ele>
        <time>2024-12-27T13:18:42.000Z</time>
        <extensions>
          <ns3:TrackPointExtension>
            <ns3:hr>130</ns3:hr>
            <ns3:cad>88</ns3:cad>
          </ns3:TrackPointExtension>
        </extensions>
      </trkpt>
      <trkpt lat="30.44189541600644588470458984375" lon="120.268269740045070648193359375">
        <ele>4</ele>
        <time>2024-12-27T13:18:43.000Z</time>
        <extensions>
          <ns3:TrackPointExtension>
            <ns3:hr>130</ns3:hr>
            <ns3:cad>88</ns3:cad>
          </ns3:TrackPointExtension>
        </extensions>
      </trkpt>
      <trkpt lat="30.4418832622468471527099609375" lon="120.2682722546160221099853515625">
        <ele>4.19999980926513671875</ele>
        <time>2024-12-27T13:18:44.000Z</time>
        <extensions>
          <ns3:TrackPointExtension>
            <ns3:hr>130</ns3:hr>
            <ns3:cad>88</ns3:cad>
          </ns3:TrackPointExtension>
        </extensions>
      </trkpt>
      <trkpt lat="30.44187295250594615936279296875" lon="120.2682739309966564178466796875">
        <ele>4.19999980926513671875</ele>
        <time>2024-12-27T13:18:45.000Z</time>
        <extensions>
          <ns3:TrackPointExtension>
            <ns3:hr>131</ns3:hr>
            <ns3:cad>61</ns3:cad>
          </ns3:TrackPointExtension>
        </extensions>
      </trkpt>
      <trkpt lat="30.44186473824083805084228515625" lon="120.26827636174857616424560546875">
        <ele>4.19999980926513671875</ele>
        <time>2024-12-27T13:18:46.000Z</time>
        <extensions>
          <ns3:TrackPointExtension>
            <ns3:hr>131</ns3:hr>
            <ns3:cad>61</ns3:cad>
          </ns3:TrackPointExtension>
        </extensions>
      </trkpt>
      <trkpt lat="30.44185602106153964996337890625" lon="120.26827770285308361053466796875">
        <ele>4.19999980926513671875</ele>
        <time>2024-12-27T13:18:47.000Z</time>
        <extensions>
          <ns3:TrackPointExtension>
            <ns3:hr>131</ns3:hr>
            <ns3:cad>61</ns3:cad>
          </ns3:TrackPointExtension>
        </extensions>
      </trkpt>
      <trkpt lat="30.44184596277773380279541015625" lon="120.26827988214790821075439453125">
        <ele>4.400000095367431640625</ele>
        <time>2024-12-27T13:18:48.000Z</time>
        <extensions>
          <ns3:TrackPointExtension>
            <ns3:hr>131</ns3:hr>
            <ns3:cad>61</ns3:cad>
          </ns3:TrackPointExtension>
        </extensions>
      </trkpt>
      <trkpt lat="30.4418383352458477020263671875" lon="120.26828323490917682647705078125">
        <ele>4.400000095367431640625</ele>
        <time>2024-12-27T13:18:49.000Z</time>
        <extensions>
          <ns3:TrackPointExtension>
            <ns3:hr>131</ns3:hr>
            <ns3:cad>61</ns3:cad>
          </ns3:TrackPointExtension>
        </extensions>
      </trkpt>
      <trkpt lat="30.44182718731462955474853515625" lon="120.2682856656610965728759765625">
        <ele>4.400000095367431640625</ele>
        <time>2024-12-27T13:18:50.000Z</time>
        <extensions>
          <ns3:TrackPointExtension>
            <ns3:hr>131</ns3:hr>
            <ns3:cad>61</ns3:cad>
          </ns3:TrackPointExtension>
        </extensions>
      </trkpt>
      <trkpt lat="30.4418108426034450531005859375" lon="120.2682875096797943115234375">
        <ele>4.400000095367431640625</ele>
        <time>2024-12-27T13:18:51.000Z</time>
        <extensions>
          <ns3:TrackPointExtension>
            <ns3:hr>130</ns3:hr>
            <ns3:cad>61</ns3:cad>
          </ns3:TrackPointExtension>
        </extensions>
      </trkpt>
      <trkpt lat="30.44179785065352916717529296875" lon="120.268295221030712127685546875">
        <ele>4.599999904632568359375</ele>
        <time>2024-12-27T13:18:52.000Z</time>
        <extensions>
          <ns3:TrackPointExtension>
            <ns3:hr>130</ns3:hr>
            <ns3:cad>62</ns3:cad>
          </ns3:TrackPointExtension>
        </extensions>
      </trkpt>
      <trkpt lat="30.44178150594234466552734375" lon="120.268306620419025421142578125">
        <ele>4.599999904632568359375</ele>
        <time>2024-12-27T13:18:53.000Z</time>
        <extensions>
          <ns3:TrackPointExtension>
            <ns3:hr>130</ns3:hr>
            <ns3:cad>62</ns3:cad>
          </ns3:TrackPointExtension>
        </extensions>
      </trkpt>
      <trkpt lat="30.4417642392218112945556640625" lon="120.26832397095859050750732421875">
        <ele>4.80000019073486328125</ele>
        <time>2024-12-27T13:18:54.000Z</time>
        <extensions>
          <ns3:TrackPointExtension>
            <ns3:hr>130</ns3:hr>
            <ns3:cad>62</ns3:cad>
          </ns3:TrackPointExtension>
        </extensions>
      </trkpt>
      <trkpt lat="30.44174755923449993133544921875" lon="120.268341489136219024658203125">
        <ele>4.80000019073486328125</ele>
        <time>2024-12-27T13:18:55.000Z</time>
        <extensions>
          <ns3:TrackPointExtension>
            <ns3:hr>129</ns3:hr>
            <ns3:cad>62</ns3:cad>
          </ns3:TrackPointExtension>
        </extensions>
      </trkpt>
      <trkpt lat="30.4417325556278228759765625" lon="120.2683577500283718109130859375">
        <ele>5</ele>
        <time>2024-12-27T13:18:56.000Z</time>
        <extensions>
          <ns3:TrackPointExtension>
            <ns3:hr>129</ns3:hr>
            <ns3:cad>88</ns3:cad>
          </ns3:TrackPointExtension>
        </extensions>
      </trkpt>
      <trkpt lat="30.44171738438308238983154296875" lon="120.2683761902153491973876953125">
        <ele>5</ele>
        <time>2024-12-27T13:18:57.000Z</time>
        <extensions>
          <ns3:TrackPointExtension>
            <ns3:hr>129</ns3:hr>
            <ns3:cad>88</ns3:cad>
          </ns3:TrackPointExtension>
        </extensions>
      </trkpt>
      <trkpt lat="30.441701374948024749755859375" lon="120.2683959715068340301513671875">
        <ele>5</ele>
        <time>2024-12-27T13:18:58.000Z</time>
        <extensions>
          <ns3:TrackPointExtension>
            <ns3:hr>128</ns3:hr>
            <ns3:cad>88</ns3:cad>
          </ns3:TrackPointExtension>
        </extensions>
      </trkpt>
      <trkpt lat="30.441687963902950286865234375" lon="120.2684180997312068939208984375">
        <ele>5</ele>
        <time>2024-12-27T13:18:59.000Z</time>
        <extensions>
          <ns3:TrackPointExtension>
            <ns3:hr>128</ns3:hr>
            <ns3:cad>88</ns3:cad>
          </ns3:TrackPointExtension>
        </extensions>
      </trkpt>
      <trkpt lat="30.44167245738208293914794921875" lon="120.2684405632317066192626953125">
        <ele>5</ele>
        <time>2024-12-27T13:19:00.000Z</time>
        <extensions>
          <ns3:TrackPointExtension>
            <ns3:hr>128</ns3:hr>
            <ns3:cad>88</ns3:cad>
          </ns3:TrackPointExtension>
        </extensions>
      </trkpt>
      <trkpt lat="30.4416532628238201141357421875" lon="120.2684579975903034210205078125">
        <ele>5</ele>
        <time>2024-12-27T13:19:01.000Z</time>
        <extensions>
          <ns3:TrackPointExtension>
            <ns3:hr>128</ns3:hr>
            <ns3:cad>88</ns3:cad>
          </ns3:TrackPointExtension>
        </extensions>
      </trkpt>
      <trkpt lat="30.44163532555103302001953125" lon="120.26847216300666332244873046875">
        <ele>5</ele>
        <time>2024-12-27T13:19:02.000Z</time>
        <extensions>
          <ns3:TrackPointExtension>
            <ns3:hr>128</ns3:hr>
            <ns3:cad>88</ns3:cad>
          </ns3:TrackPointExtension>
        </extensions>
      </trkpt>
      <trkpt lat="30.441623590886592864990234375" lon="120.26848255656659603118896484375">
        <ele>5</ele>
        <time>2024-12-27T13:19:03.000Z</time>
        <extensions>
          <ns3:TrackPointExtension>
            <ns3:hr>128</ns3:hr>
            <ns3:cad>88</ns3:cad>
          </ns3:TrackPointExtension>
        </extensions>
      </trkpt>
      <trkpt lat="30.4416133649647235870361328125" lon="120.2684921957552433013916015625">
        <ele>5</ele>
        <time>2024-12-27T13:19:04.000Z</time>
        <extensions>
          <ns3:TrackPointExtension>
            <ns3:hr>129</ns3:hr>
            <ns3:cad>88</ns3:cad>
          </ns3:TrackPointExtension>
        </extensions>
      </trkpt>
      <trkpt lat="30.44160422869026660919189453125" lon="120.268501080572605133056640625">
        <ele>5</ele>
        <time>2024-12-27T13:19:05.000Z</time>
        <extensions>
          <ns3:TrackPointExtension>
            <ns3:hr>129</ns3:hr>
            <ns3:cad>88</ns3:cad>
          </ns3:TrackPointExtension>
        </extensions>
      </trkpt>
      <trkpt lat="30.44159182347357273101806640625" lon="120.268510468304157257080078125">
        <ele>5</ele>
        <time>2024-12-27T13:19:06.000Z</time>
        <extensions>
          <ns3:TrackPointExtension>
            <ns3:hr>130</ns3:hr>
            <ns3:cad>88</ns3:cad>
          </ns3:TrackPointExtension>
        </extensions>
      </trkpt>
      <trkpt lat="30.44158168137073516845703125" lon="120.268522538244724273681640625">
        <ele>5</ele>
        <time>2024-12-27T13:19:07.000Z</time>
        <extensions>
          <ns3:TrackPointExtension>
            <ns3:hr>131</ns3:hr>
            <ns3:cad>68</ns3:cad>
          </ns3:TrackPointExtension>
        </extensions>
      </trkpt>
      <trkpt lat="30.44156952761113643646240234375" lon="120.26853435672819614410400390625">
        <ele>5</ele>
        <time>2024-12-27T13:19:08.000Z</time>
        <extensions>
          <ns3:TrackPointExtension>
            <ns3:hr>131</ns3:hr>
            <ns3:cad>65</ns3:cad>
          </ns3:TrackPointExtension>
        </extensions>
      </trkpt>
      <trkpt lat="30.44155376963317394256591796875" lon="120.26854441501200199127197265625">
        <ele>5</ele>
        <time>2024-12-27T13:19:09.000Z</time>
        <extensions>
          <ns3:TrackPointExtension>
            <ns3:hr>131</ns3:hr>
            <ns3:cad>65</ns3:cad>
          </ns3:TrackPointExtension>
        </extensions>
      </trkpt>
      <trkpt lat="30.4415375925600528717041015625" lon="120.26855313219130039215087890625">
        <ele>5</ele>
        <time>2024-12-27T13:19:10.000Z</time>
        <extensions>
          <ns3:TrackPointExtension>
            <ns3:hr>131</ns3:hr>
            <ns3:cad>65</ns3:cad>
          </ns3:TrackPointExtension>
        </extensions>
      </trkpt>
      <trkpt lat="30.4415238462388515472412109375" lon="120.2685629390180110931396484375">
        <ele>5.19999980926513671875</ele>
        <time>2024-12-27T13:19:11.000Z</time>
        <extensions>
          <ns3:TrackPointExtension>
            <ns3:hr>131</ns3:hr>
            <ns3:cad>65</ns3:cad>
          </ns3:TrackPointExtension>
        </extensions>
      </trkpt>
      <trkpt lat="30.44150917790830135345458984375" lon="120.268572829663753509521484375">
        <ele>5.19999980926513671875</ele>
        <time>2024-12-27T13:19:12.000Z</time>
        <extensions>
          <ns3:TrackPointExtension>
            <ns3:hr>130</ns3:hr>
            <ns3:cad>65</ns3:cad>
          </ns3:TrackPointExtension>
        </extensions>
      </trkpt>
      <trkpt lat="30.4414933361113071441650390625" lon="120.2685813792049884796142578125">
        <ele>5.19999980926513671875</ele>
        <time>2024-12-27T13:19:13.000Z</time>
        <extensions>
          <ns3:TrackPointExtension>
            <ns3:hr>129</ns3:hr>
            <ns3:cad>65</ns3:cad>
          </ns3:TrackPointExtension>
        </extensions>
      </trkpt>
      <trkpt lat="30.44147531501948833465576171875" lon="120.26859085075557231903076171875">
        <ele>5.19999980926513671875</ele>
        <time>2024-12-27T13:19:14.000Z</time>
        <extensions>
          <ns3:TrackPointExtension>
            <ns3:hr>128</ns3:hr>
            <ns3:cad>65</ns3:cad>
          </ns3:TrackPointExtension>
        </extensions>
      </trkpt>
      <trkpt lat="30.4414554499089717864990234375" lon="120.26860065758228302001953125">
        <ele>5.19999980926513671875</ele>
        <time>2024-12-27T13:19:15.000Z</time>
        <extensions>
          <ns3:TrackPointExtension>
            <ns3:hr>128</ns3:hr>
            <ns3:cad>65</ns3:cad>
          </ns3:TrackPointExtension>
        </extensions>
      </trkpt>
      <trkpt lat="30.4414336569607257843017578125" lon="120.2686115540564060211181640625">
        <ele>5.19999980926513671875</ele>
        <time>2024-12-27T13:19:16.000Z</time>
        <extensions>
          <ns3:TrackPointExtension>
            <ns3:hr>127</ns3:hr>
            <ns3:cad>0</ns3:cad>
          </ns3:TrackPointExtension>
        </extensions>
      </trkpt>
      <trkpt lat="30.4414091818034648895263671875" lon="120.26862479746341705322265625">
        <ele>5.19999980926513671875</ele>
        <time>2024-12-27T13:19:17.000Z</time>
        <extensions>
          <ns3:TrackPointExtension>
            <ns3:hr>126</ns3:hr>
            <ns3:cad>0</ns3:cad>
          </ns3:TrackPointExtension>
        </extensions>
      </trkpt>
      <trkpt lat="30.44138546101748943328857421875" lon="120.26863879524171352386474609375">
        <ele>4.80000019073486328125</ele>
        <time>2024-12-27T13:19:18.000Z</time>
        <extensions>
          <ns3:TrackPointExtension>
            <ns3:hr>127</ns3:hr>
            <ns3:cad>88</ns3:cad>
          </ns3:TrackPointExtension>
        </extensions>
      </trkpt>
      <trkpt lat="30.44136668555438518524169921875" lon="120.2686494402587413787841796875">
        <ele>4.80000019073486328125</ele>
        <time>2024-12-27T13:19:19.000Z</time>
        <extensions>
          <ns3:TrackPointExtension>
            <ns3:hr>128</ns3:hr>
            <ns3:cad>88</ns3:cad>
          </ns3:TrackPointExtension>
        </extensions>
      </trkpt>
      <trkpt lat="30.44134589843451976776123046875" lon="120.26866176165640354156494140625">
        <ele>4.599999904632568359375</ele>
        <time>2024-12-27T13:19:20.000Z</time>
        <extensions>
          <ns3:TrackPointExtension>
            <ns3:hr>128</ns3:hr>
            <ns3:cad>88</ns3:cad>
          </ns3:TrackPointExtension>
        </extensions>
      </trkpt>
      <trkpt lat="30.44132192619144916534423828125" lon="120.26867718435823917388916015625">
        <ele>4.400000095367431640625</ele>
        <time>2024-12-27T13:19:21.000Z</time>
        <extensions>
          <ns3:TrackPointExtension>
            <ns3:hr>129</ns3:hr>
            <ns3:cad>88</ns3:cad>
          </ns3:TrackPointExtension>
        </extensions>
      </trkpt>
      <trkpt lat="30.44130180962383747100830078125" lon="120.26869260706007480621337890625">
        <ele>4.400000095367431640625</ele>
        <time>2024-12-27T13:19:22.000Z</time>
        <extensions>
          <ns3:TrackPointExtension>
            <ns3:hr>130</ns3:hr>
            <ns3:cad>88</ns3:cad>
          </ns3:TrackPointExtension>
        </extensions>
      </trkpt>
      <trkpt lat="30.44128387235105037689208984375" lon="120.26870484463870525360107421875">
        <ele>4.400000095367431640625</ele>
        <time>2024-12-27T13:19:23.000Z</time>
        <extensions>
          <ns3:TrackPointExtension>
            <ns3:hr>130</ns3:hr>
            <ns3:cad>89</ns3:cad>
          </ns3:TrackPointExtension>
        </extensions>
      </trkpt>
      <trkpt lat="30.44126425869762897491455078125" lon="120.2687139809131622314453125">
        <ele>4.400000095367431640625</ele>
        <time>2024-12-27T13:19:24.000Z</time>
        <extensions>
          <ns3:TrackPointExtension>
            <ns3:hr>131</ns3:hr>
            <ns3:cad>89</ns3:cad>
          </ns3:TrackPointExtension>
        </extensions>
      </trkpt>
      <trkpt lat="30.4412435553967952728271484375" lon="120.26872395537793636322021484375">
        <ele>4.400000095367431640625</ele>
        <time>2024-12-27T13:19:25.000Z</time>
        <extensions>
          <ns3:TrackPointExtension>
            <ns3:hr>131</ns3:hr>
            <ns3:cad>89</ns3:cad>
          </ns3:TrackPointExtension>
        </extensions>
      </trkpt>
      <trkpt lat="30.44122360646724700927734375" lon="120.26873988099396228790283203125">
        <ele>4.19999980926513671875</ele>
        <time>2024-12-27T13:19:26.000Z</time>
        <extensions>
          <ns3:TrackPointExtension>
            <ns3:hr>131</ns3:hr>
            <ns3:cad>89</ns3:cad>
          </ns3:TrackPointExtension>
        </extensions>
      </trkpt>
      <trkpt lat="30.441203825175762176513671875" lon="120.2687530405819416046142578125">
        <ele>4.19999980926513671875</ele>
        <time>2024-12-27T13:19:27.000Z</time>
        <extensions>
          <ns3:TrackPointExtension>
            <ns3:hr>131</ns3:hr>
            <ns3:cad>89</ns3:cad>
          </ns3:TrackPointExtension>
        </extensions>
      </trkpt>
      <trkpt lat="30.44118546880781650543212890625" lon="120.26876318268477916717529296875">
        <ele>4.19999980926513671875</ele>
        <time>2024-12-27T13:19:28.000Z</time>
        <extensions>
          <ns3:TrackPointExtension>
            <ns3:hr>131</ns3:hr>
            <ns3:cad>89</ns3:cad>
          </ns3:TrackPointExtension>
        </extensions>
      </trkpt>
      <trkpt lat="30.44117121957242488861083984375" lon="120.2687728218734264373779296875">
        <ele>4.19999980926513671875</ele>
        <time>2024-12-27T13:19:29.000Z</time>
        <extensions>
          <ns3:TrackPointExtension>
            <ns3:hr>130</ns3:hr>
            <ns3:cad>89</ns3:cad>
          </ns3:TrackPointExtension>
        </extensions>
      </trkpt>
      <trkpt lat="30.44115881435573101043701171875" lon="120.2687835507094860076904296875">
        <ele>4</ele>
        <time>2024-12-27T13:19:30.000Z</time>
        <extensions>
          <ns3:TrackPointExtension>
            <ns3:hr>130</ns3:hr>
            <ns3:cad>86</ns3:cad>
          </ns3:TrackPointExtension>
        </extensions>
      </trkpt>
      <trkpt lat="30.44114557094871997833251953125" lon="120.26879386045038700103759765625">
        <ele>4</ele>
        <time>2024-12-27T13:19:31.000Z</time>
        <extensions>
          <ns3:TrackPointExtension>
            <ns3:hr>131</ns3:hr>
            <ns3:cad>0</ns3:cad>
          </ns3:TrackPointExtension>
        </extensions>
      </trkpt>
      <trkpt lat="30.4411349259316921234130859375" lon="120.26880173943936824798583984375">
        <ele>4</ele>
        <time>2024-12-27T13:19:32.000Z</time>
        <extensions>
          <ns3:TrackPointExtension>
            <ns3:hr>131</ns3:hr>
            <ns3:cad>0</ns3:cad>
          </ns3:TrackPointExtension>
        </extensions>
      </trkpt>
      <trkpt lat="30.4411255382001399993896484375" lon="120.26880391873419284820556640625">
        <ele>4</ele>
        <time>2024-12-27T13:19:33.000Z</time>
        <extensions>
          <ns3:TrackPointExtension>
            <ns3:hr>131</ns3:hr>
            <ns3:cad>66</ns3:cad>
          </ns3:TrackPointExtension>
        </extensions>
      </trkpt>
      <trkpt lat="30.44111506082117557525634765625" lon="120.2688080258667469024658203125">
        <ele>4</ele>
        <time>2024-12-27T13:19:34.000Z</time>
        <extensions>
          <ns3:TrackPointExtension>
            <ns3:hr>131</ns3:hr>
            <ns3:cad>66</ns3:cad>
          </ns3:TrackPointExtension>
        </extensions>
      </trkpt>
      <trkpt lat="30.44110357761383056640625" lon="120.2688164077699184417724609375">
        <ele>4</ele>
        <time>2024-12-27T13:19:35.000Z</time>
        <extensions>
          <ns3:TrackPointExtension>
            <ns3:hr>131</ns3:hr>
            <ns3:cad>65</ns3:cad>
          </ns3:TrackPointExtension>
        </extensions>
      </trkpt>
      <trkpt lat="30.44109075330197811126708984375" lon="120.26882596313953399658203125">
        <ele>4</ele>
        <time>2024-12-27T13:19:36.000Z</time>
        <extensions>
          <ns3:TrackPointExtension>
            <ns3:hr>131</ns3:hr>
            <ns3:cad>65</ns3:cad>
          </ns3:TrackPointExtension>
        </extensions>
      </trkpt>
      <trkpt lat="30.44107834808528423309326171875" lon="120.2688392065465450286865234375">
        <ele>4</ele>
        <time>2024-12-27T13:19:37.000Z</time>
        <extensions>
          <ns3:TrackPointExtension>
            <ns3:hr>129</ns3:hr>
            <ns3:cad>65</ns3:cad>
          </ns3:TrackPointExtension>
        </extensions>
      </trkpt>
      <trkpt lat="30.44106242246925830841064453125" lon="120.26885588653385639190673828125">
        <ele>4</ele>
        <time>2024-12-27T13:19:38.000Z</time>
        <extensions>
          <ns3:TrackPointExtension>
            <ns3:hr>128</ns3:hr>
            <ns3:cad>0</ns3:cad>
          </ns3:TrackPointExtension>
        </extensions>
      </trkpt>
      <trkpt lat="30.4410447366535663604736328125" lon="120.2688703872263431549072265625">
        <ele>4.19999980926513671875</ele>
        <time>2024-12-27T13:19:39.000Z</time>
        <extensions>
          <ns3:TrackPointExtension>
            <ns3:hr>128</ns3:hr>
            <ns3:cad>0</ns3:cad>
          </ns3:TrackPointExtension>
        </extensions>
      </trkpt>
      <trkpt lat="30.44102151878178119659423828125" lon="120.26888765394687652587890625">
        <ele>4.400000095367431640625</ele>
        <time>2024-12-27T13:19:40.000Z</time>
        <extensions>
          <ns3:TrackPointExtension>
            <ns3:hr>127</ns3:hr>
            <ns3:cad>0</ns3:cad>
          </ns3:TrackPointExtension>
        </extensions>
      </trkpt>
      <trkpt lat="30.440997295081615447998046875" lon="120.2688990533351898193359375">
        <ele>4.599999904632568359375</ele>
        <time>2024-12-27T13:19:41.000Z</time>
        <extensions>
          <ns3:TrackPointExtension>
            <ns3:hr>126</ns3:hr>
            <ns3:cad>0</ns3:cad>
          </ns3:TrackPointExtension>
        </extensions>
      </trkpt>
      <trkpt lat="30.44097256846725940704345703125" lon="120.26891120709478855133056640625">
        <ele>4.599999904632568359375</ele>
        <time>2024-12-27T13:19:42.000Z</time>
        <extensions>
          <ns3:TrackPointExtension>
            <ns3:hr>126</ns3:hr>
            <ns3:cad>86</ns3:cad>
          </ns3:TrackPointExtension>
        </extensions>
      </trkpt>
      <trkpt lat="30.440947003662586212158203125" lon="120.2689179964363574981689453125">
        <ele>4.80000019073486328125</ele>
        <time>2024-12-27T13:19:43.000Z</time>
        <extensions>
          <ns3:TrackPointExtension>
            <ns3:hr>127</ns3:hr>
            <ns3:cad>89</ns3:cad>
          </ns3:TrackPointExtension>
        </extensions>
      </trkpt>
      <trkpt lat="30.4409243725240230560302734375" lon="120.2689290605485439300537109375">
        <ele>5</ele>
        <time>2024-12-27T13:19:44.000Z</time>
        <extensions>
          <ns3:TrackPointExtension>
            <ns3:hr>128</ns3:hr>
            <ns3:cad>89</ns3:cad>
          </ns3:TrackPointExtension>
        </extensions>
      </trkpt>
      <trkpt lat="30.44088958762586116790771484375" lon="120.26895093731582164764404296875">
        <ele>5.19999980926513671875</ele>
        <time>2024-12-27T13:19:45.000Z</time>
        <extensions>
          <ns3:TrackPointExtension>
            <ns3:hr>129</ns3:hr>
            <ns3:cad>89</ns3:cad>
          </ns3:TrackPointExtension>
        </extensions>
      </trkpt>
      <trkpt lat="30.44087626039981842041015625" lon="120.26896099559962749481201171875">
        <ele>5.19999980926513671875</ele>
        <time>2024-12-27T13:19:46.000Z</time>
        <extensions>
          <ns3:TrackPointExtension>
            <ns3:hr>131</ns3:hr>
            <ns3:cad>89</ns3:cad>
          </ns3:TrackPointExtension>
        </extensions>
      </trkpt>
      <trkpt lat="30.44084809720516204833984375" lon="120.2689709700644016265869140625">
        <ele>5.19999980926513671875</ele>
        <time>2024-12-27T13:19:47.000Z</time>
        <extensions>
          <ns3:TrackPointExtension>
            <ns3:hr>132</ns3:hr>
            <ns3:cad>89</ns3:cad>
          </ns3:TrackPointExtension>
        </extensions>
      </trkpt>
      <trkpt lat="30.440818257629871368408203125" lon="120.26898396201431751251220703125">
        <ele>5.19999980926513671875</ele>
        <time>2024-12-27T13:19:48.000Z</time>
        <extensions>
          <ns3:TrackPointExtension>
            <ns3:hr>133</ns3:hr>
            <ns3:cad>89</ns3:cad>
          </ns3:TrackPointExtension>
        </extensions>
      </trkpt>
      <trkpt lat="30.440792106091976165771484375" lon="120.26899284683167934417724609375">
        <ele>5.400000095367431640625</ele>
        <time>2024-12-27T13:19:49.000Z</time>
        <extensions>
          <ns3:TrackPointExtension>
            <ns3:hr>134</ns3:hr>
            <ns3:cad>89</ns3:cad>
          </ns3:TrackPointExtension>
        </extensions>
      </trkpt>
      <trkpt lat="30.44076570309698581695556640625" lon="120.26900072582066059112548828125">
        <ele>5.400000095367431640625</ele>
        <time>2024-12-27T13:19:50.000Z</time>
        <extensions>
          <ns3:TrackPointExtension>
            <ns3:hr>134</ns3:hr>
            <ns3:cad>89</ns3:cad>
          </ns3:TrackPointExtension>
        </extensions>
      </trkpt>
      <trkpt lat="30.44074089266359806060791015625" lon="120.26901313103735446929931640625">
        <ele>5.19999980926513671875</ele>
        <time>2024-12-27T13:19:51.000Z</time>
        <extensions>
          <ns3:TrackPointExtension>
            <ns3:hr>135</ns3:hr>
            <ns3:cad>89</ns3:cad>
          </ns3:TrackPointExtension>
        </extensions>
      </trkpt>
      <trkpt lat="30.44071909971535205841064453125" lon="120.26902888901531696319580078125">
        <ele>5.19999980926513671875</ele>
        <time>2024-12-27T13:19:52.000Z</time>
        <extensions>
          <ns3:TrackPointExtension>
            <ns3:hr>135</ns3:hr>
            <ns3:cad>89</ns3:cad>
          </ns3:TrackPointExtension>
        </extensions>
      </trkpt>
      <trkpt lat="30.44070149771869182586669921875" lon="120.26904632337391376495361328125">
        <ele>5.19999980926513671875</ele>
        <time>2024-12-27T13:19:53.000Z</time>
        <extensions>
          <ns3:TrackPointExtension>
            <ns3:hr>135</ns3:hr>
            <ns3:cad>89</ns3:cad>
          </ns3:TrackPointExtension>
        </extensions>
      </trkpt>
      <trkpt lat="30.44067651964724063873291015625" lon="120.26905789040029048919677734375">
        <ele>5.19999980926513671875</ele>
        <time>2024-12-27T13:19:54.000Z</time>
        <extensions>
          <ns3:TrackPointExtension>
            <ns3:hr>135</ns3:hr>
            <ns3:cad>89</ns3:cad>
          </ns3:TrackPointExtension>
        </extensions>
      </trkpt>
      <trkpt lat="30.440656654536724090576171875" lon="120.2690665237605571746826171875">
        <ele>5</ele>
        <time>2024-12-27T13:19:55.000Z</time>
        <extensions>
          <ns3:TrackPointExtension>
            <ns3:hr>136</ns3:hr>
            <ns3:cad>89</ns3:cad>
          </ns3:TrackPointExtension>
        </extensions>
      </trkpt>
      <trkpt lat="30.44062740169465541839599609375" lon="120.269081108272075653076171875">
        <ele>5</ele>
        <time>2024-12-27T13:19:56.000Z</time>
        <extensions>
          <ns3:TrackPointExtension>
            <ns3:hr>136</ns3:hr>
            <ns3:cad>89</ns3:cad>
          </ns3:TrackPointExtension>
        </extensions>
      </trkpt>
      <trkpt lat="30.4406038485467433929443359375" lon="120.26909259147942066192626953125">
        <ele>5</ele>
        <time>2024-12-27T13:19:57.000Z</time>
        <extensions>
          <ns3:TrackPointExtension>
            <ns3:hr>137</ns3:hr>
            <ns3:cad>89</ns3:cad>
          </ns3:TrackPointExtension>
        </extensions>
      </trkpt>
      <trkpt lat="30.44057928957045078277587890625" lon="120.26910960674285888671875">
        <ele>5</ele>
        <time>2024-12-27T13:19:58.000Z</time>
        <extensions>
          <ns3:TrackPointExtension>
            <ns3:hr>137</ns3:hr>
            <ns3:cad>89</ns3:cad>
          </ns3:TrackPointExtension>
        </extensions>
      </trkpt>
      <trkpt lat="30.44055649079382419586181640625" lon="120.26912234723567962646484375">
        <ele>4.80000019073486328125</ele>
        <time>2024-12-27T13:19:59.000Z</time>
        <extensions>
          <ns3:TrackPointExtension>
            <ns3:hr>138</ns3:hr>
            <ns3:cad>90</ns3:cad>
          </ns3:TrackPointExtension>
        </extensions>
      </trkpt>
      <trkpt lat="30.440532267093658447265625" lon="120.26913735084235668182373046875">
        <ele>4.80000019073486328125</ele>
        <time>2024-12-27T13:20:00.000Z</time>
        <extensions>
          <ns3:TrackPointExtension>
            <ns3:hr>139</ns3:hr>
            <ns3:cad>90</ns3:cad>
          </ns3:TrackPointExtension>
        </extensions>
      </trkpt>
      <trkpt lat="30.44050821103155612945556640625" lon="120.26915277354419231414794921875">
        <ele>4.80000019073486328125</ele>
        <time>2024-12-27T13:20:01.000Z</time>
        <extensions>
          <ns3:TrackPointExtension>
            <ns3:hr>140</ns3:hr>
            <ns3:cad>90</ns3:cad>
          </ns3:TrackPointExtension>
        </extensions>
      </trkpt>
      <trkpt lat="30.44048331677913665771484375" lon="120.26916836388409137725830078125">
        <ele>4.80000019073486328125</ele>
        <time>2024-12-27T13:20:02.000Z</time>
        <extensions>
          <ns3:TrackPointExtension>
            <ns3:hr>141</ns3:hr>
            <ns3:cad>90</ns3:cad>
          </ns3:TrackPointExtension>
        </extensions>
      </trkpt>
      <trkpt lat="30.4404600150883197784423828125" lon="120.26917724870145320892333984375">
        <ele>4.599999904632568359375</ele>
        <time>2024-12-27T13:20:03.000Z</time>
        <extensions>
          <ns3:TrackPointExtension>
            <ns3:hr>142</ns3:hr>
            <ns3:cad>90</ns3:cad>
          </ns3:TrackPointExtension>
        </extensions>
      </trkpt>
      <trkpt lat="30.44043713249266147613525390625" lon="120.26918998919427394866943359375">
        <ele>4.599999904632568359375</ele>
        <time>2024-12-27T13:20:04.000Z</time>
        <extensions>
          <ns3:TrackPointExtension>
            <ns3:hr>142</ns3:hr>
            <ns3:cad>90</ns3:cad>
          </ns3:TrackPointExtension>
        </extensions>
      </trkpt>
      <trkpt lat="30.44041232205927371978759765625" lon="120.26919987984001636505126953125">
        <ele>4.599999904632568359375</ele>
        <time>2024-12-27T13:20:05.000Z</time>
        <extensions>
          <ns3:TrackPointExtension>
            <ns3:hr>143</ns3:hr>
            <ns3:cad>90</ns3:cad>
          </ns3:TrackPointExtension>
        </extensions>
      </trkpt>
      <trkpt lat="30.4403865896165370941162109375" lon="120.269215218722820281982421875">
        <ele>4.599999904632568359375</ele>
        <time>2024-12-27T13:20:06.000Z</time>
        <extensions>
          <ns3:TrackPointExtension>
            <ns3:hr>145</ns3:hr>
            <ns3:cad>90</ns3:cad>
          </ns3:TrackPointExtension>
        </extensions>
      </trkpt>
      <trkpt lat="30.44036270119249820709228515625" lon="120.269231311976909637451171875">
        <ele>4.400000095367431640625</ele>
        <time>2024-12-27T13:20:07.000Z</time>
        <extensions>
          <ns3:TrackPointExtension>
            <ns3:hr>145</ns3:hr>
            <ns3:cad>90</ns3:cad>
          </ns3:TrackPointExtension>
        </extensions>
      </trkpt>
      <trkpt lat="30.44034258462488651275634765625" lon="120.26924279518425464630126953125">
        <ele>4.400000095367431640625</ele>
        <time>2024-12-27T13:20:08.000Z</time>
        <extensions>
          <ns3:TrackPointExtension>
            <ns3:hr>146</ns3:hr>
            <ns3:cad>90</ns3:cad>
          </ns3:TrackPointExtension>
        </extensions>
      </trkpt>
      <trkpt lat="30.440319366753101348876953125" lon="120.26925553567707538604736328125">
        <ele>4.400000095367431640625</ele>
        <time>2024-12-27T13:20:09.000Z</time>
        <extensions>
          <ns3:TrackPointExtension>
            <ns3:hr>146</ns3:hr>
            <ns3:cad>90</ns3:cad>
          </ns3:TrackPointExtension>
        </extensions>
      </trkpt>
      <trkpt lat="30.44029614888131618499755859375" lon="120.26926718652248382568359375">
        <ele>4.400000095367431640625</ele>
        <time>2024-12-27T13:20:10.000Z</time>
        <extensions>
          <ns3:TrackPointExtension>
            <ns3:hr>146</ns3:hr>
            <ns3:cad>91</ns3:cad>
          </ns3:TrackPointExtension>
        </extensions>
      </trkpt>
      <trkpt lat="30.4402742721140384674072265625" lon="120.26928034611046314239501953125">
        <ele>4.400000095367431640625</ele>
        <time>2024-12-27T13:20:11.000Z</time>
        <extensions>
          <ns3:TrackPointExtension>
            <ns3:hr>145</ns3:hr>
            <ns3:cad>91</ns3:cad>
          </ns3:TrackPointExtension>
        </extensions>
      </trkpt>
      <trkpt lat="30.4402528144419193267822265625" lon="120.2692933380603790283203125">
        <ele>4.19999980926513671875</ele>
        <time>2024-12-27T13:20:12.000Z</time>
        <extensions>
          <ns3:TrackPointExtension>
            <ns3:hr>145</ns3:hr>
            <ns3:cad>91</ns3:cad>
          </ns3:TrackPointExtension>
        </extensions>
      </trkpt>
      <trkpt lat="30.44022850692272186279296875" lon="120.2693049050867557525634765625">
        <ele>4.19999980926513671875</ele>
        <time>2024-12-27T13:20:13.000Z</time>
        <extensions>
          <ns3:TrackPointExtension>
            <ns3:hr>146</ns3:hr>
            <ns3:cad>90</ns3:cad>
          </ns3:TrackPointExtension>
        </extensions>
      </trkpt>
      <trkpt lat="30.440212078392505645751953125" lon="120.2693147957324981689453125">
        <ele>4.19999980926513671875</ele>
        <time>2024-12-27T13:20:14.000Z</time>
        <extensions>
          <ns3:TrackPointExtension>
            <ns3:hr>146</ns3:hr>
            <ns3:cad>88</ns3:cad>
          </ns3:TrackPointExtension>
        </extensions>
      </trkpt>
      <trkpt lat="30.44019925408065319061279296875" lon="120.26932309381663799285888671875">
        <ele>4.19999980926513671875</ele>
        <time>2024-12-27T13:20:15.000Z</time>
        <extensions>
          <ns3:TrackPointExtension>
            <ns3:hr>146</ns3:hr>
            <ns3:cad>88</ns3:cad>
          </ns3:TrackPointExtension>
        </extensions>
      </trkpt>
      <trkpt lat="30.44019137509167194366455078125" lon="120.26933080516755580902099609375">
        <ele>4.19999980926513671875</ele>
        <time>2024-12-27T13:20:16.000Z</time>
        <extensions>
          <ns3:TrackPointExtension>
            <ns3:hr>145</ns3:hr>
            <ns3:cad>88</ns3:cad>
          </ns3:TrackPointExtension>
        </extensions>
      </trkpt>
      <trkpt lat="30.44018022716045379638671875" lon="120.2693377621471881866455078125">
        <ele>4.19999980926513671875</ele>
        <time>2024-12-27T13:20:17.000Z</time>
        <extensions>
          <ns3:TrackPointExtension>
            <ns3:hr>145</ns3:hr>
            <ns3:cad>88</ns3:cad>
          </ns3:TrackPointExtension>
        </extensions>
      </trkpt>
      <trkpt lat="30.44016681611537933349609375" lon="120.26934471912682056427001953125">
        <ele>4.19999980926513671875</ele>
        <time>2024-12-27T13:20:18.000Z</time>
        <extensions>
          <ns3:TrackPointExtension>
            <ns3:hr>145</ns3:hr>
            <ns3:cad>82</ns3:cad>
          </ns3:TrackPointExtension>
        </extensions>
      </trkpt>
      <trkpt lat="30.4401482082903385162353515625" lon="120.269352681934833526611328125">
        <ele>4.400000095367431640625</ele>
        <time>2024-12-27T13:20:19.000Z</time>
        <extensions>
          <ns3:TrackPointExtension>
            <ns3:hr>145</ns3:hr>
            <ns3:cad>82</ns3:cad>
          </ns3:TrackPointExtension>
        </extensions>
      </trkpt>
      <trkpt lat="30.44012918137013912200927734375" lon="120.26935838162899017333984375">
        <ele>4.400000095367431640625</ele>
        <time>2024-12-27T13:20:20.000Z</time>
        <extensions>
          <ns3:TrackPointExtension>
            <ns3:hr>145</ns3:hr>
            <ns3:cad>68</ns3:cad>
          </ns3:TrackPointExtension>
        </extensions>
      </trkpt>
      <trkpt lat="30.4401125013828277587890625" lon="120.26936399750411510467529296875">
        <ele>4.400000095367431640625</ele>
        <time>2024-12-27T13:20:21.000Z</time>
        <extensions>
          <ns3:TrackPointExtension>
            <ns3:hr>145</ns3:hr>
            <ns3:cad>65</ns3:cad>
          </ns3:TrackPointExtension>
        </extensions>
      </trkpt>
      <trkpt lat="30.44009305536746978759765625" lon="120.26937388814985752105712890625">
        <ele>4.599999904632568359375</ele>
        <time>2024-12-27T13:20:22.000Z</time>
        <extensions>
          <ns3:TrackPointExtension>
            <ns3:hr>145</ns3:hr>
            <ns3:cad>65</ns3:cad>
          </ns3:TrackPointExtension>
        </extensions>
      </trkpt>
      <trkpt lat="30.44007436372339725494384765625" lon="120.26938511990010738372802734375">
        <ele>4.599999904632568359375</ele>
        <time>2024-12-27T13:20:23.000Z</time>
        <extensions>
          <ns3:TrackPointExtension>
            <ns3:hr>145</ns3:hr>
            <ns3:cad>66</ns3:cad>
          </ns3:TrackPointExtension>
        </extensions>
      </trkpt>
      <trkpt lat="30.4400536604225635528564453125" lon="120.26939593255519866943359375">
        <ele>4.80000019073486328125</ele>
        <time>2024-12-27T13:20:24.000Z</time>
        <extensions>
          <ns3:TrackPointExtension>
            <ns3:hr>144</ns3:hr>
            <ns3:cad>66</ns3:cad>
          </ns3:TrackPointExtension>
        </extensions>
      </trkpt>
      <trkpt lat="30.44003061018884181976318359375" lon="120.2694081701338291168212890625">
        <ele>4.80000019073486328125</ele>
        <time>2024-12-27T13:20:25.000Z</time>
        <extensions>
          <ns3:TrackPointExtension>
            <ns3:hr>144</ns3:hr>
            <ns3:cad>66</ns3:cad>
          </ns3:TrackPointExtension>
        </extensions>
      </trkpt>
      <trkpt lat="30.44000982306897640228271484375" lon="120.269421078264713287353515625">
        <ele>5</ele>
        <time>2024-12-27T13:20:26.000Z</time>
        <extensions>
          <ns3:TrackPointExtension>
            <ns3:hr>144</ns3:hr>
            <ns3:cad>88</ns3:cad>
          </ns3:TrackPointExtension>
        </extensions>
      </trkpt>
      <trkpt lat="30.4399882815778255462646484375" lon="120.26943289674818515777587890625">
        <ele>5.19999980926513671875</ele>
        <time>2024-12-27T13:20:27.000Z</time>
        <extensions>
          <ns3:TrackPointExtension>
            <ns3:hr>144</ns3:hr>
            <ns3:cad>88</ns3:cad>
          </ns3:TrackPointExtension>
        </extensions>
      </trkpt>
      <trkpt lat="30.43996632099151611328125" lon="120.26944496668875217437744140625">
        <ele>5.19999980926513671875</ele>
        <time>2024-12-27T13:20:28.000Z</time>
        <extensions>
          <ns3:TrackPointExtension>
            <ns3:hr>144</ns3:hr>
            <ns3:cad>89</ns3:cad>
          </ns3:TrackPointExtension>
        </extensions>
      </trkpt>
      <trkpt lat="30.4399443604052066802978515625" lon="120.2694581262767314910888671875">
        <ele>5.400000095367431640625</ele>
        <time>2024-12-27T13:20:29.000Z</time>
        <extensions>
          <ns3:TrackPointExtension>
            <ns3:hr>144</ns3:hr>
            <ns3:cad>89</ns3:cad>
          </ns3:TrackPointExtension>
        </extensions>
      </trkpt>
      <trkpt lat="30.439920388162136077880859375" lon="120.26946860365569591522216796875">
        <ele>5.599999904632568359375</ele>
        <time>2024-12-27T13:20:30.000Z</time>
        <extensions>
          <ns3:TrackPointExtension>
            <ns3:hr>144</ns3:hr>
            <ns3:cad>89</ns3:cad>
          </ns3:TrackPointExtension>
        </extensions>
      </trkpt>
      <trkpt lat="30.4398967511951923370361328125" lon="120.269482098519802093505859375">
        <ele>5.599999904632568359375</ele>
        <time>2024-12-27T13:20:31.000Z</time>
        <extensions>
          <ns3:TrackPointExtension>
            <ns3:hr>144</ns3:hr>
            <ns3:cad>89</ns3:cad>
          </ns3:TrackPointExtension>
        </extensions>
      </trkpt>
      <trkpt lat="30.43987018056213855743408203125" lon="120.2694945037364959716796875">
        <ele>5.80000019073486328125</ele>
        <time>2024-12-27T13:20:32.000Z</time>
        <extensions>
          <ns3:TrackPointExtension>
            <ns3:hr>144</ns3:hr>
            <ns3:cad>89</ns3:cad>
          </ns3:TrackPointExtension>
        </extensions>
      </trkpt>
      <trkpt lat="30.4398421011865139007568359375" lon="120.2695079147815704345703125">
        <ele>6</ele>
        <time>2024-12-27T13:20:33.000Z</time>
        <extensions>
          <ns3:TrackPointExtension>
            <ns3:hr>144</ns3:hr>
            <ns3:cad>89</ns3:cad>
          </ns3:TrackPointExtension>
        </extensions>
      </trkpt>
      <trkpt lat="30.43981821276247501373291015625" lon="120.2695214934647083282470703125">
        <ele>6</ele>
        <time>2024-12-27T13:20:34.000Z</time>
        <extensions>
          <ns3:TrackPointExtension>
            <ns3:hr>144</ns3:hr>
            <ns3:cad>90</ns3:cad>
          </ns3:TrackPointExtension>
        </extensions>
      </trkpt>
      <trkpt lat="30.43979574926197528839111328125" lon="120.26952794753015041351318359375">
        <ele>6</ele>
        <time>2024-12-27T13:20:35.000Z</time>
        <extensions>
          <ns3:TrackPointExtension>
            <ns3:hr>145</ns3:hr>
            <ns3:cad>90</ns3:cad>
          </ns3:TrackPointExtension>
        </extensions>
      </trkpt>
      <trkpt lat="30.4397787339985370635986328125" lon="120.2695347368717193603515625">
        <ele>6</ele>
        <time>2024-12-27T13:20:36.000Z</time>
        <extensions>
          <ns3:TrackPointExtension>
            <ns3:hr>144</ns3:hr>
            <ns3:cad>90</ns3:cad>
          </ns3:TrackPointExtension>
        </extensions>
      </trkpt>
      <trkpt lat="30.43976540677249431610107421875" lon="120.26954085566103458404541015625">
        <ele>6</ele>
        <time>2024-12-27T13:20:37.000Z</time>
        <extensions>
          <ns3:TrackPointExtension>
            <ns3:hr>143</ns3:hr>
            <ns3:cad>90</ns3:cad>
          </ns3:TrackPointExtension>
        </extensions>
      </trkpt>
      <trkpt lat="30.4397535882890224456787109375" lon="120.269549824297428131103515625">
        <ele>6</ele>
        <time>2024-12-27T13:20:38.000Z</time>
        <extensions>
          <ns3:TrackPointExtension>
            <ns3:hr>143</ns3:hr>
            <ns3:cad>90</ns3:cad>
          </ns3:TrackPointExtension>
        </extensions>
      </trkpt>
      <trkpt lat="30.43974311091005802154541015625" lon="120.26955954730510711669921875">
        <ele>6</ele>
        <time>2024-12-27T13:20:39.000Z</time>
        <extensions>
          <ns3:TrackPointExtension>
            <ns3:hr>143</ns3:hr>
            <ns3:cad>90</ns3:cad>
          </ns3:TrackPointExtension>
        </extensions>
      </trkpt>
      <trkpt lat="30.4397344775497913360595703125" lon="120.2695667557418346405029296875">
        <ele>6</ele>
        <time>2024-12-27T13:20:40.000Z</time>
        <extensions>
          <ns3:TrackPointExtension>
            <ns3:hr>143</ns3:hr>
            <ns3:cad>65</ns3:cad>
          </ns3:TrackPointExtension>
        </extensions>
      </trkpt>
      <trkpt lat="30.4397235810756683349609375" lon="120.269575305283069610595703125">
        <ele>6</ele>
        <time>2024-12-27T13:20:41.000Z</time>
        <extensions>
          <ns3:TrackPointExtension>
            <ns3:hr>144</ns3:hr>
            <ns3:cad>65</ns3:cad>
          </ns3:TrackPointExtension>
        </extensions>
      </trkpt>
      <trkpt lat="30.43971218168735504150390625" lon="120.26958880014717578887939453125">
        <ele>6</ele>
        <time>2024-12-27T13:20:42.000Z</time>
        <extensions>
          <ns3:TrackPointExtension>
            <ns3:hr>143</ns3:hr>
            <ns3:cad>65</ns3:cad>
          </ns3:TrackPointExtension>
        </extensions>
      </trkpt>
      <trkpt lat="30.4397022910416126251220703125" lon="120.2696006186306476593017578125">
        <ele>6</ele>
        <time>2024-12-27T13:20:43.000Z</time>
        <extensions>
          <ns3:TrackPointExtension>
            <ns3:hr>143</ns3:hr>
            <ns3:cad>65</ns3:cad>
          </ns3:TrackPointExtension>
        </extensions>
      </trkpt>
      <trkpt lat="30.43968879617750644683837890625" lon="120.26960874907672405242919921875">
        <ele>6</ele>
        <time>2024-12-27T13:20:44.000Z</time>
        <extensions>
          <ns3:TrackPointExtension>
            <ns3:hr>142</ns3:hr>
            <ns3:cad>65</ns3:cad>
          </ns3:TrackPointExtension>
        </extensions>
      </trkpt>
      <trkpt lat="30.43967672623693943023681640625" lon="120.2696170471608638763427734375">
        <ele>6</ele>
        <time>2024-12-27T13:20:45.000Z</time>
        <extensions>
          <ns3:TrackPointExtension>
            <ns3:hr>142</ns3:hr>
            <ns3:cad>66</ns3:cad>
          </ns3:TrackPointExtension>
        </extensions>
      </trkpt>
      <trkpt lat="30.43966147117316722869873046875" lon="120.26962568052113056182861328125">
        <ele>6</ele>
        <time>2024-12-27T13:20:46.000Z</time>
        <extensions>
          <ns3:TrackPointExtension>
            <ns3:hr>142</ns3:hr>
            <ns3:cad>66</ns3:cad>
          </ns3:TrackPointExtension>
        </extensions>
      </trkpt>
      <trkpt lat="30.43964537791907787322998046875" lon="120.26963724754750728607177734375">
        <ele>6</ele>
        <time>2024-12-27T13:20:47.000Z</time>
        <extensions>
          <ns3:TrackPointExtension>
            <ns3:hr>142</ns3:hr>
            <ns3:cad>66</ns3:cad>
          </ns3:TrackPointExtension>
        </extensions>
      </trkpt>
      <trkpt lat="30.4396283626556396484375" lon="120.2696447074413299560546875">
        <ele>6</ele>
        <time>2024-12-27T13:20:48.000Z</time>
        <extensions>
          <ns3:TrackPointExtension>
            <ns3:hr>142</ns3:hr>
            <ns3:cad>66</ns3:cad>
          </ns3:TrackPointExtension>
        </extensions>
      </trkpt>
      <trkpt lat="30.43961218558251857757568359375" lon="120.2696562744677066802978515625">
        <ele>6</ele>
        <time>2024-12-27T13:20:49.000Z</time>
        <extensions>
          <ns3:TrackPointExtension>
            <ns3:hr>142</ns3:hr>
            <ns3:cad>66</ns3:cad>
          </ns3:TrackPointExtension>
        </extensions>
      </trkpt>
      <trkpt lat="30.4395973496139049530029296875" lon="120.26966490782797336578369140625">
        <ele>6</ele>
        <time>2024-12-27T13:20:50.000Z</time>
        <extensions>
          <ns3:TrackPointExtension>
            <ns3:hr>141</ns3:hr>
            <ns3:cad>67</ns3:cad>
          </ns3:TrackPointExtension>
        </extensions>
      </trkpt>
      <trkpt lat="30.43958653695881366729736328125" lon="120.269675888121128082275390625">
        <ele>6.19999980926513671875</ele>
        <time>2024-12-27T13:20:51.000Z</time>
        <extensions>
          <ns3:TrackPointExtension>
            <ns3:hr>142</ns3:hr>
            <ns3:cad>68</ns3:cad>
          </ns3:TrackPointExtension>
        </extensions>
      </trkpt>
      <trkpt lat="30.43957714922726154327392578125" lon="120.26968167163431644439697265625">
        <ele>6.19999980926513671875</ele>
        <time>2024-12-27T13:20:52.000Z</time>
        <extensions>
          <ns3:TrackPointExtension>
            <ns3:hr>141</ns3:hr>
            <ns3:cad>68</ns3:cad>
          </ns3:TrackPointExtension>
        </extensions>
      </trkpt>
      <trkpt lat="30.43956608511507511138916015625" lon="120.2696824260056018829345703125">
        <ele>6.19999980926513671875</ele>
        <time>2024-12-27T13:20:53.000Z</time>
        <extensions>
          <ns3:TrackPointExtension>
            <ns3:hr>141</ns3:hr>
            <ns3:cad>65</ns3:cad>
          </ns3:TrackPointExtension>
        </extensions>
      </trkpt>
      <trkpt lat="30.43955367989838123321533203125" lon="120.26968988589942455291748046875">
        <ele>6.19999980926513671875</ele>
        <time>2024-12-27T13:20:54.000Z</time>
        <extensions>
          <ns3:TrackPointExtension>
            <ns3:hr>141</ns3:hr>
            <ns3:cad>65</ns3:cad>
          </ns3:TrackPointExtension>
        </extensions>
      </trkpt>
      <trkpt lat="30.43954144231975078582763671875" lon="120.26969860307872295379638671875">
        <ele>6.19999980926513671875</ele>
        <time>2024-12-27T13:20:55.000Z</time>
        <extensions>
          <ns3:TrackPointExtension>
            <ns3:hr>141</ns3:hr>
            <ns3:cad>66</ns3:cad>
          </ns3:TrackPointExtension>
        </extensions>
      </trkpt>
      <trkpt lat="30.43952937237918376922607421875" lon="120.26970312930643558502197265625">
        <ele>6.19999980926513671875</ele>
        <time>2024-12-27T13:20:56.000Z</time>
        <extensions>
          <ns3:TrackPointExtension>
            <ns3:hr>142</ns3:hr>
            <ns3:cad>66</ns3:cad>
          </ns3:TrackPointExtension>
        </extensions>
      </trkpt>
      <trkpt lat="30.43951545841991901397705078125" lon="120.26970648206770420074462890625">
        <ele>6.19999980926513671875</ele>
        <time>2024-12-27T13:20:57.000Z</time>
        <extensions>
          <ns3:TrackPointExtension>
            <ns3:hr>141</ns3:hr>
            <ns3:cad>66</ns3:cad>
          </ns3:TrackPointExtension>
        </extensions>
      </trkpt>
      <trkpt lat="30.43950003571808338165283203125" lon="120.269713103771209716796875">
        <ele>6.19999980926513671875</ele>
        <time>2024-12-27T13:20:58.000Z</time>
        <extensions>
          <ns3:TrackPointExtension>
            <ns3:hr>141</ns3:hr>
            <ns3:cad>66</ns3:cad>
          </ns3:TrackPointExtension>
        </extensions>
      </trkpt>
      <trkpt lat="30.43948419392108917236328125" lon="120.2697226591408252716064453125">
        <ele>6.19999980926513671875</ele>
        <time>2024-12-27T13:20:59.000Z</time>
        <extensions>
          <ns3:TrackPointExtension>
            <ns3:hr>140</ns3:hr>
            <ns3:cad>66</ns3:cad>
          </ns3:TrackPointExtension>
        </extensions>
      </trkpt>
      <trkpt lat="30.43947187252342700958251953125" lon="120.26973213069140911102294921875">
        <ele>6.19999980926513671875</ele>
        <time>2024-12-27T13:21:00.000Z</time>
        <extensions>
          <ns3:TrackPointExtension>
            <ns3:hr>140</ns3:hr>
            <ns3:cad>66</ns3:cad>
          </ns3:TrackPointExtension>
        </extensions>
      </trkpt>
      <trkpt lat="30.439461059868335723876953125" lon="120.26973715983331203460693359375">
        <ele>6.19999980926513671875</ele>
        <time>2024-12-27T13:21:01.000Z</time>
        <extensions>
          <ns3:TrackPointExtension>
            <ns3:hr>139</ns3:hr>
            <ns3:cad>66</ns3:cad>
          </ns3:TrackPointExtension>
        </extensions>
      </trkpt>
      <trkpt lat="30.43945142067968845367431640625" lon="120.26974269188940525054931640625">
        <ele>6.19999980926513671875</ele>
        <time>2024-12-27T13:21:02.000Z</time>
        <extensions>
          <ns3:TrackPointExtension>
            <ns3:hr>139</ns3:hr>
            <ns3:cad>66</ns3:cad>
          </ns3:TrackPointExtension>
        </extensions>
      </trkpt>
      <trkpt lat="30.43943901546299457550048828125" lon="120.269750319421291351318359375">
        <ele>6.19999980926513671875</ele>
        <time>2024-12-27T13:21:03.000Z</time>
        <extensions>
          <ns3:TrackPointExtension>
            <ns3:hr>138</ns3:hr>
            <ns3:cad>66</ns3:cad>
          </ns3:TrackPointExtension>
        </extensions>
      </trkpt>
      <trkpt lat="30.439423508942127227783203125" lon="120.26975912041962146759033203125">
        <ele>6</ele>
        <time>2024-12-27T13:21:04.000Z</time>
        <extensions>
          <ns3:TrackPointExtension>
            <ns3:hr>138</ns3:hr>
            <ns3:cad>65</ns3:cad>
          </ns3:TrackPointExtension>
        </extensions>
      </trkpt>
      <trkpt lat="30.43940632604062557220458984375" lon="120.26976875960826873779296875">
        <ele>6</ele>
        <time>2024-12-27T13:21:05.000Z</time>
        <extensions>
          <ns3:TrackPointExtension>
            <ns3:hr>138</ns3:hr>
            <ns3:cad>65</ns3:cad>
          </ns3:TrackPointExtension>
        </extensions>
      </trkpt>
      <trkpt lat="30.4393878020346164703369140625" lon="120.26978007517755031585693359375">
        <ele>6</ele>
        <time>2024-12-27T13:21:06.000Z</time>
        <extensions>
          <ns3:TrackPointExtension>
            <ns3:hr>139</ns3:hr>
            <ns3:cad>65</ns3:cad>
          </ns3:TrackPointExtension>
        </extensions>
      </trkpt>
      <trkpt lat="30.4393666796386241912841796875" lon="120.26979424059391021728515625">
        <ele>5.80000019073486328125</ele>
        <time>2024-12-27T13:21:07.000Z</time>
        <extensions>
          <ns3:TrackPointExtension>
            <ns3:hr>137</ns3:hr>
            <ns3:cad>88</ns3:cad>
          </ns3:TrackPointExtension>
        </extensions>
      </trkpt>
      <trkpt lat="30.43934203684329986572265625" lon="120.2698111720383167266845703125">
        <ele>5.80000019073486328125</ele>
        <time>2024-12-27T13:21:08.000Z</time>
        <extensions>
          <ns3:TrackPointExtension>
            <ns3:hr>137</ns3:hr>
            <ns3:cad>88</ns3:cad>
          </ns3:TrackPointExtension>
        </extensions>
      </trkpt>
      <trkpt lat="30.43932267464697360992431640625" lon="120.26982030831277370452880859375">
        <ele>5.80000019073486328125</ele>
        <time>2024-12-27T13:21:09.000Z</time>
        <extensions>
          <ns3:TrackPointExtension>
            <ns3:hr>137</ns3:hr>
            <ns3:cad>89</ns3:cad>
          </ns3:TrackPointExtension>
        </extensions>
      </trkpt>
      <trkpt lat="30.43929912149906158447265625" lon="120.2698326297104358673095703125">
        <ele>5.599999904632568359375</ele>
        <time>2024-12-27T13:21:10.000Z</time>
        <extensions>
          <ns3:TrackPointExtension>
            <ns3:hr>137</ns3:hr>
            <ns3:cad>89</ns3:cad>
          </ns3:TrackPointExtension>
        </extensions>
      </trkpt>
      <trkpt lat="30.4392768256366252899169921875" lon="120.269846208393573760986328125">
        <ele>5.599999904632568359375</ele>
        <time>2024-12-27T13:21:11.000Z</time>
        <extensions>
          <ns3:TrackPointExtension>
            <ns3:hr>136</ns3:hr>
            <ns3:cad>89</ns3:cad>
          </ns3:TrackPointExtension>
        </extensions>
      </trkpt>
      <trkpt lat="30.43925360776484012603759765625" lon="120.26985618285834789276123046875">
        <ele>5.400000095367431640625</ele>
        <time>2024-12-27T13:21:12.000Z</time>
        <extensions>
          <ns3:TrackPointExtension>
            <ns3:hr>135</ns3:hr>
            <ns3:cad>90</ns3:cad>
          </ns3:TrackPointExtension>
        </extensions>
      </trkpt>
      <trkpt lat="30.4392275400459766387939453125" lon="120.26987043209373950958251953125">
        <ele>5.400000095367431640625</ele>
        <time>2024-12-27T13:21:13.000Z</time>
        <extensions>
          <ns3:TrackPointExtension>
            <ns3:hr>136</ns3:hr>
            <ns3:cad>90</ns3:cad>
          </ns3:TrackPointExtension>
        </extensions>
      </trkpt>
      <trkpt lat="30.43920524418354034423828125" lon="120.2698842622339725494384765625">
        <ele>5.19999980926513671875</ele>
        <time>2024-12-27T13:21:14.000Z</time>
        <extensions>
          <ns3:TrackPointExtension>
            <ns3:hr>136</ns3:hr>
            <ns3:cad>90</ns3:cad>
          </ns3:TrackPointExtension>
        </extensions>
      </trkpt>
      <trkpt lat="30.4391829483211040496826171875" lon="120.26989675126969814300537109375">
        <ele>5.19999980926513671875</ele>
        <time>2024-12-27T13:21:15.000Z</time>
        <extensions>
          <ns3:TrackPointExtension>
            <ns3:hr>136</ns3:hr>
            <ns3:cad>89</ns3:cad>
          </ns3:TrackPointExtension>
        </extensions>
      </trkpt>
      <trkpt lat="30.43916006572544574737548828125" lon="120.2699053846299648284912109375">
        <ele>5.19999980926513671875</ele>
        <time>2024-12-27T13:21:16.000Z</time>
        <extensions>
          <ns3:TrackPointExtension>
            <ns3:hr>135</ns3:hr>
            <ns3:cad>89</ns3:cad>
          </ns3:TrackPointExtension>
        </extensions>
      </trkpt>
      <trkpt lat="30.43913542293012142181396484375" lon="120.2699171192944049835205078125">
        <ele>5</ele>
        <time>2024-12-27T13:21:17.000Z</time>
        <extensions>
          <ns3:TrackPointExtension>
            <ns3:hr>135</ns3:hr>
            <ns3:cad>89</ns3:cad>
          </ns3:TrackPointExtension>
        </extensions>
      </trkpt>
      <trkpt lat="30.43910910375416278839111328125" lon="120.2699281834065914154052734375">
        <ele>5</ele>
        <time>2024-12-27T13:21:18.000Z</time>
        <extensions>
          <ns3:TrackPointExtension>
            <ns3:hr>136</ns3:hr>
            <ns3:cad>89</ns3:cad>
          </ns3:TrackPointExtension>
        </extensions>
      </trkpt>
      <trkpt lat="30.4390853829681873321533203125" lon="120.26993949897587299346923828125">
        <ele>5</ele>
        <time>2024-12-27T13:21:19.000Z</time>
        <extensions>
          <ns3:TrackPointExtension>
            <ns3:hr>137</ns3:hr>
            <ns3:cad>89</ns3:cad>
          </ns3:TrackPointExtension>
        </extensions>
      </trkpt>
      <trkpt lat="30.43906400911509990692138671875" lon="120.26995374821126461029052734375">
        <ele>4.80000019073486328125</ele>
        <time>2024-12-27T13:21:20.000Z</time>
        <extensions>
          <ns3:TrackPointExtension>
            <ns3:hr>138</ns3:hr>
            <ns3:cad>89</ns3:cad>
          </ns3:TrackPointExtension>
        </extensions>
      </trkpt>
      <trkpt lat="30.43904741294682025909423828125" lon="120.269970260560512542724609375">
        <ele>4.80000019073486328125</ele>
        <time>2024-12-27T13:21:21.000Z</time>
        <extensions>
          <ns3:TrackPointExtension>
            <ns3:hr>138</ns3:hr>
            <ns3:cad>89</ns3:cad>
          </ns3:TrackPointExtension>
        </extensions>
      </trkpt>
      <trkpt lat="30.4390213452279567718505859375" lon="120.26999146677553653717041015625">
        <ele>4.80000019073486328125</ele>
        <time>2024-12-27T13:21:22.000Z</time>
        <extensions>
          <ns3:TrackPointExtension>
            <ns3:hr>138</ns3:hr>
            <ns3:cad>89</ns3:cad>
          </ns3:TrackPointExtension>
        </extensions>
      </trkpt>
      <trkpt lat="30.43900013901293277740478515625" lon="120.270005799829959869384765625">
        <ele>4.599999904632568359375</ele>
        <time>2024-12-27T13:21:23.000Z</time>
        <extensions>
          <ns3:TrackPointExtension>
            <ns3:hr>139</ns3:hr>
            <ns3:cad>89</ns3:cad>
          </ns3:TrackPointExtension>
        </extensions>
      </trkpt>
      <trkpt lat="30.4389780946075916290283203125" lon="120.2700190432369709014892578125">
        <ele>4.599999904632568359375</ele>
        <time>2024-12-27T13:21:24.000Z</time>
        <extensions>
          <ns3:TrackPointExtension>
            <ns3:hr>139</ns3:hr>
            <ns3:cad>89</ns3:cad>
          </ns3:TrackPointExtension>
        </extensions>
      </trkpt>
      <trkpt lat="30.43895713984966278076171875" lon="120.27003203518688678741455078125">
        <ele>4.599999904632568359375</ele>
        <time>2024-12-27T13:21:25.000Z</time>
        <extensions>
          <ns3:TrackPointExtension>
            <ns3:hr>139</ns3:hr>
            <ns3:cad>89</ns3:cad>
          </ns3:TrackPointExtension>
        </extensions>
      </trkpt>
      <trkpt lat="30.43893895111978054046630859375" lon="120.2700478769838809967041015625">
        <ele>4.80000019073486328125</ele>
        <time>2024-12-27T13:21:26.000Z</time>
        <extensions>
          <ns3:TrackPointExtension>
            <ns3:hr>139</ns3:hr>
            <ns3:cad>89</ns3:cad>
          </ns3:TrackPointExtension>
        </extensions>
      </trkpt>
      <trkpt lat="30.4389197565615177154541015625" lon="120.27006120420992374420166015625">
        <ele>5</ele>
        <time>2024-12-27T13:21:27.000Z</time>
        <extensions>
          <ns3:TrackPointExtension>
            <ns3:hr>139</ns3:hr>
            <ns3:cad>89</ns3:cad>
          </ns3:TrackPointExtension>
        </extensions>
      </trkpt>
      <trkpt lat="30.43889754451811313629150390625" lon="120.27007059194147586822509765625">
        <ele>5.19999980926513671875</ele>
        <time>2024-12-27T13:21:28.000Z</time>
        <extensions>
          <ns3:TrackPointExtension>
            <ns3:hr>139</ns3:hr>
            <ns3:cad>89</ns3:cad>
          </ns3:TrackPointExtension>
        </extensions>
      </trkpt>
      <trkpt lat="30.43887508101761341094970703125" lon="120.2700787223875522613525390625">
        <ele>5.400000095367431640625</ele>
        <time>2024-12-27T13:21:29.000Z</time>
        <extensions>
          <ns3:TrackPointExtension>
            <ns3:hr>140</ns3:hr>
            <ns3:cad>89</ns3:cad>
          </ns3:TrackPointExtension>
        </extensions>
      </trkpt>
      <trkpt lat="30.43885747902095317840576171875" lon="120.2700819075107574462890625">
        <ele>5.599999904632568359375</ele>
        <time>2024-12-27T13:21:30.000Z</time>
        <extensions>
          <ns3:TrackPointExtension>
            <ns3:hr>140</ns3:hr>
            <ns3:cad>89</ns3:cad>
          </ns3:TrackPointExtension>
        </extensions>
      </trkpt>
      <trkpt lat="30.438842810690402984619140625" lon="120.2700819075107574462890625">
        <ele>5.599999904632568359375</ele>
        <time>2024-12-27T13:21:31.000Z</time>
        <extensions>
          <ns3:TrackPointExtension>
            <ns3:hr>140</ns3:hr>
            <ns3:cad>89</ns3:cad>
          </ns3:TrackPointExtension>
        </extensions>
      </trkpt>
      <trkpt lat="30.43882881291210651397705078125" lon="120.27008484117686748504638671875">
        <ele>5.599999904632568359375</ele>
        <time>2024-12-27T13:21:32.000Z</time>
        <extensions>
          <ns3:TrackPointExtension>
            <ns3:hr>140</ns3:hr>
            <ns3:cad>89</ns3:cad>
          </ns3:TrackPointExtension>
        </extensions>
      </trkpt>
      <trkpt lat="30.438813306391239166259765625" lon="120.27009238488972187042236328125">
        <ele>5.599999904632568359375</ele>
        <time>2024-12-27T13:21:33.000Z</time>
        <extensions>
          <ns3:TrackPointExtension>
            <ns3:hr>141</ns3:hr>
            <ns3:cad>89</ns3:cad>
          </ns3:TrackPointExtension>
        </extensions>
      </trkpt>
      <trkpt lat="30.43879377655684947967529296875" lon="120.2700978331267833709716796875">
        <ele>5.599999904632568359375</ele>
        <time>2024-12-27T13:21:34.000Z</time>
        <extensions>
          <ns3:TrackPointExtension>
            <ns3:hr>141</ns3:hr>
            <ns3:cad>67</ns3:cad>
          </ns3:TrackPointExtension>
        </extensions>
      </trkpt>
      <trkpt lat="30.43877340853214263916015625" lon="120.2701082266867160797119140625">
        <ele>5.599999904632568359375</ele>
        <time>2024-12-27T13:21:35.000Z</time>
        <extensions>
          <ns3:TrackPointExtension>
            <ns3:hr>141</ns3:hr>
            <ns3:cad>41</ns3:cad>
          </ns3:TrackPointExtension>
        </extensions>
      </trkpt>
      <trkpt lat="30.4387598298490047454833984375" lon="120.270125158131122589111328125">
        <ele>5.599999904632568359375</ele>
        <time>2024-12-27T13:21:36.000Z</time>
        <extensions>
          <ns3:TrackPointExtension>
            <ns3:hr>141</ns3:hr>
            <ns3:cad>41</ns3:cad>
          </ns3:TrackPointExtension>
        </extensions>
      </trkpt>
      <trkpt lat="30.43874348513782024383544921875" lon="120.27013446204364299774169921875">
        <ele>5.599999904632568359375</ele>
        <time>2024-12-27T13:21:37.000Z</time>
        <extensions>
          <ns3:TrackPointExtension>
            <ns3:hr>141</ns3:hr>
            <ns3:cad>41</ns3:cad>
          </ns3:TrackPointExtension>
        </extensions>
      </trkpt>
      <trkpt lat="30.4387273080646991729736328125" lon="120.2701435983180999755859375">
        <ele>5.599999904632568359375</ele>
        <time>2024-12-27T13:21:38.000Z</time>
        <extensions>
          <ns3:TrackPointExtension>
            <ns3:hr>141</ns3:hr>
            <ns3:cad>41</ns3:cad>
          </ns3:TrackPointExtension>
        </extensions>
      </trkpt>
      <trkpt lat="30.43870794586837291717529296875" lon="120.2701570093631744384765625">
        <ele>5.599999904632568359375</ele>
        <time>2024-12-27T13:21:39.000Z</time>
        <extensions>
          <ns3:TrackPointExtension>
            <ns3:hr>141</ns3:hr>
            <ns3:cad>0</ns3:cad>
          </ns3:TrackPointExtension>
        </extensions>
      </trkpt>
      <trkpt lat="30.4386874102056026458740234375" lon="120.27016731910407543182373046875">
        <ele>5.400000095367431640625</ele>
        <time>2024-12-27T13:21:40.000Z</time>
        <extensions>
          <ns3:TrackPointExtension>
            <ns3:hr>141</ns3:hr>
            <ns3:cad>0</ns3:cad>
          </ns3:TrackPointExtension>
        </extensions>
      </trkpt>
      <trkpt lat="30.43866637162864208221435546875" lon="120.2701772935688495635986328125">
        <ele>5.400000095367431640625</ele>
        <time>2024-12-27T13:21:41.000Z</time>
        <extensions>
          <ns3:TrackPointExtension>
            <ns3:hr>140</ns3:hr>
            <ns3:cad>0</ns3:cad>
          </ns3:TrackPointExtension>
        </extensions>
      </trkpt>
      <trkpt lat="30.43864072300493717193603515625" lon="120.27018726803362369537353515625">
        <ele>5.19999980926513671875</ele>
        <time>2024-12-27T13:21:42.000Z</time>
        <extensions>
          <ns3:TrackPointExtension>
            <ns3:hr>139</ns3:hr>
            <ns3:cad>88</ns3:cad>
          </ns3:TrackPointExtension>
        </extensions>
      </trkpt>
      <trkpt lat="30.43862127698957920074462890625" lon="120.27019866742193698883056640625">
        <ele>5.19999980926513671875</ele>
        <time>2024-12-27T13:21:43.000Z</time>
        <extensions>
          <ns3:TrackPointExtension>
            <ns3:hr>139</ns3:hr>
            <ns3:cad>88</ns3:cad>
          </ns3:TrackPointExtension>
        </extensions>
      </trkpt>
      <trkpt lat="30.4386025853455066680908203125" lon="120.270213000476360321044921875">
        <ele>5.19999980926513671875</ele>
        <time>2024-12-27T13:21:44.000Z</time>
        <extensions>
          <ns3:TrackPointExtension>
            <ns3:hr>139</ns3:hr>
            <ns3:cad>88</ns3:cad>
          </ns3:TrackPointExtension>
        </extensions>
      </trkpt>
      <trkpt lat="30.438581295311450958251953125" lon="120.2702267467975616455078125">
        <ele>5</ele>
        <time>2024-12-27T13:21:45.000Z</time>
        <extensions>
          <ns3:TrackPointExtension>
            <ns3:hr>140</ns3:hr>
            <ns3:cad>88</ns3:cad>
          </ns3:TrackPointExtension>
        </extensions>
      </trkpt>
      <trkpt lat="30.43856176547706127166748046875" lon="120.27023772709071636199951171875">
        <ele>5</ele>
        <time>2024-12-27T13:21:46.000Z</time>
        <extensions>
          <ns3:TrackPointExtension>
            <ns3:hr>140</ns3:hr>
            <ns3:cad>88</ns3:cad>
          </ns3:TrackPointExtension>
        </extensions>
      </trkpt>
      <trkpt lat="30.438542403280735015869140625" lon="120.270249880850315093994140625">
        <ele>4.80000019073486328125</ele>
        <time>2024-12-27T13:21:47.000Z</time>
        <extensions>
          <ns3:TrackPointExtension>
            <ns3:hr>140</ns3:hr>
            <ns3:cad>89</ns3:cad>
          </ns3:TrackPointExtension>
        </extensions>
      </trkpt>
      <trkpt lat="30.4385219514369964599609375" lon="120.27026304043829441070556640625">
        <ele>4.599999904632568359375</ele>
        <time>2024-12-27T13:21:48.000Z</time>
        <extensions>
          <ns3:TrackPointExtension>
            <ns3:hr>141</ns3:hr>
            <ns3:cad>89</ns3:cad>
          </ns3:TrackPointExtension>
        </extensions>
      </trkpt>
      <trkpt lat="30.43850242160260677337646484375" lon="120.270276032388210296630859375">
        <ele>4.599999904632568359375</ele>
        <time>2024-12-27T13:21:49.000Z</time>
        <extensions>
          <ns3:TrackPointExtension>
            <ns3:hr>141</ns3:hr>
            <ns3:cad>89</ns3:cad>
          </ns3:TrackPointExtension>
        </extensions>
      </trkpt>
      <trkpt lat="30.4384845681488513946533203125" lon="120.270290784537792205810546875">
        <ele>4.400000095367431640625</ele>
        <time>2024-12-27T13:21:50.000Z</time>
        <extensions>
          <ns3:TrackPointExtension>
            <ns3:hr>141</ns3:hr>
            <ns3:cad>88</ns3:cad>
          </ns3:TrackPointExtension>
        </extensions>
      </trkpt>
      <trkpt lat="30.43846637941896915435791015625" lon="120.27030578814446926116943359375">
        <ele>4.19999980926513671875</ele>
        <time>2024-12-27T13:21:51.000Z</time>
        <extensions>
          <ns3:TrackPointExtension>
            <ns3:hr>141</ns3:hr>
            <ns3:cad>89</ns3:cad>
          </ns3:TrackPointExtension>
        </extensions>
      </trkpt>
      <trkpt lat="30.4384473524987697601318359375" lon="120.27031936682760715484619140625">
        <ele>4.19999980926513671875</ele>
        <time>2024-12-27T13:21:52.000Z</time>
        <extensions>
          <ns3:TrackPointExtension>
            <ns3:hr>141</ns3:hr>
            <ns3:cad>89</ns3:cad>
          </ns3:TrackPointExtension>
        </extensions>
      </trkpt>
      <trkpt lat="30.43842849321663379669189453125" lon="120.27033227495849132537841796875">
        <ele>4</ele>
        <time>2024-12-27T13:21:53.000Z</time>
        <extensions>
          <ns3:TrackPointExtension>
            <ns3:hr>141</ns3:hr>
            <ns3:cad>89</ns3:cad>
          </ns3:TrackPointExtension>
        </extensions>
      </trkpt>
      <trkpt lat="30.43841265141963958740234375" lon="120.27033998630940914154052734375">
        <ele>3.7999999523162841796875</ele>
        <time>2024-12-27T13:21:54.000Z</time>
        <extensions>
          <ns3:TrackPointExtension>
            <ns3:hr>141</ns3:hr>
            <ns3:cad>89</ns3:cad>
          </ns3:TrackPointExtension>
        </extensions>
      </trkpt>
      <trkpt lat="30.43839546851813793182373046875" lon="120.27034903876483440399169921875">
        <ele>3.7999999523162841796875</ele>
        <time>2024-12-27T13:21:55.000Z</time>
        <extensions>
          <ns3:TrackPointExtension>
            <ns3:hr>141</ns3:hr>
            <ns3:cad>88</ns3:cad>
          </ns3:TrackPointExtension>
        </extensions>
      </trkpt>
      <trkpt lat="30.43838088400661945343017578125" lon="120.27035607956349849700927734375">
        <ele>3.599999904632568359375</ele>
        <time>2024-12-27T13:21:56.000Z</time>
        <extensions>
          <ns3:TrackPointExtension>
            <ns3:hr>140</ns3:hr>
            <ns3:cad>88</ns3:cad>
          </ns3:TrackPointExtension>
        </extensions>
      </trkpt>
      <trkpt lat="30.4383672215044498443603515625" lon="120.27036513201892375946044921875">
        <ele>3.599999904632568359375</ele>
        <time>2024-12-27T13:21:57.000Z</time>
        <extensions>
          <ns3:TrackPointExtension>
            <ns3:hr>141</ns3:hr>
            <ns3:cad>65</ns3:cad>
          </ns3:TrackPointExtension>
        </extensions>
      </trkpt>
      <trkpt lat="30.43835456483066082000732421875" lon="120.270372927188873291015625">
        <ele>3.400000095367431640625</ele>
        <time>2024-12-27T13:21:58.000Z</time>
        <extensions>
          <ns3:TrackPointExtension>
            <ns3:hr>141</ns3:hr>
            <ns3:cad>65</ns3:cad>
          </ns3:TrackPointExtension>
        </extensions>
      </trkpt>
      <trkpt lat="30.43834199197590351104736328125" lon="120.2703777886927127838134765625">
        <ele>3.400000095367431640625</ele>
        <time>2024-12-27T13:21:59.000Z</time>
        <extensions>
          <ns3:TrackPointExtension>
            <ns3:hr>141</ns3:hr>
            <ns3:cad>66</ns3:cad>
          </ns3:TrackPointExtension>
        </extensions>
      </trkpt>
      <trkpt lat="30.4383293353021144866943359375" lon="120.27038156054913997650146484375">
        <ele>3.2000000476837158203125</ele>
        <time>2024-12-27T13:22:00.000Z</time>
        <extensions>
          <ns3:TrackPointExtension>
            <ns3:hr>140</ns3:hr>
            <ns3:cad>66</ns3:cad>
          </ns3:TrackPointExtension>
        </extensions>
      </trkpt>
      <trkpt lat="30.43831785209476947784423828125" lon="120.2703828178346157073974609375">
        <ele>3.2000000476837158203125</ele>
        <time>2024-12-27T13:22:01.000Z</time>
        <extensions>
          <ns3:TrackPointExtension>
            <ns3:hr>140</ns3:hr>
            <ns3:cad>62</ns3:cad>
          </ns3:TrackPointExtension>
        </extensions>
      </trkpt>
      <trkpt lat="30.438306033611297607421875" lon="120.27038491331040859222412109375">
        <ele>3.2000000476837158203125</ele>
        <time>2024-12-27T13:22:02.000Z</time>
        <extensions>
          <ns3:TrackPointExtension>
            <ns3:hr>140</ns3:hr>
            <ns3:cad>62</ns3:cad>
          </ns3:TrackPointExtension>
        </extensions>
      </trkpt>
      <trkpt lat="30.438292957842350006103515625" lon="120.2703875117003917694091796875">
        <ele>3</ele>
        <time>2024-12-27T13:22:03.000Z</time>
        <extensions>
          <ns3:TrackPointExtension>
            <ns3:hr>140</ns3:hr>
            <ns3:cad>62</ns3:cad>
          </ns3:TrackPointExtension>
        </extensions>
      </trkpt>
      <trkpt lat="30.4382810555398464202880859375" lon="120.27038960717618465423583984375">
        <ele>3</ele>
        <time>2024-12-27T13:22:04.000Z</time>
        <extensions>
          <ns3:TrackPointExtension>
            <ns3:hr>139</ns3:hr>
            <ns3:cad>62</ns3:cad>
          </ns3:TrackPointExtension>
        </extensions>
      </trkpt>
      <trkpt lat="30.4382703267037868499755859375" lon="120.27038541622459888458251953125">
        <ele>3</ele>
        <time>2024-12-27T13:22:05.000Z</time>
        <extensions>
          <ns3:TrackPointExtension>
            <ns3:hr>139</ns3:hr>
            <ns3:cad>62</ns3:cad>
          </ns3:TrackPointExtension>
        </extensions>
      </trkpt>
      <trkpt lat="30.4382579214870929718017578125" lon="120.27038424275815486907958984375">
        <ele>2.7999999523162841796875</ele>
        <time>2024-12-27T13:22:06.000Z</time>
        <extensions>
          <ns3:TrackPointExtension>
            <ns3:hr>139</ns3:hr>
            <ns3:cad>62</ns3:cad>
          </ns3:TrackPointExtension>
        </extensions>
      </trkpt>
      <trkpt lat="30.43824501335620880126953125" lon="120.27038390748202800750732421875">
        <ele>2.7999999523162841796875</ele>
        <time>2024-12-27T13:22:07.000Z</time>
        <extensions>
          <ns3:TrackPointExtension>
            <ns3:hr>139</ns3:hr>
            <ns3:cad>0</ns3:cad>
          </ns3:TrackPointExtension>
        </extensions>
      </trkpt>
      <trkpt lat="30.4382336139678955078125" lon="120.27038156054913997650146484375">
        <ele>2.7999999523162841796875</ele>
        <time>2024-12-27T13:22:08.000Z</time>
        <extensions>
          <ns3:TrackPointExtension>
            <ns3:hr>139</ns3:hr>
            <ns3:cad>0</ns3:cad>
          </ns3:TrackPointExtension>
        </extensions>
      </trkpt>
      <trkpt lat="30.43822313658893108367919921875" lon="120.27037896215915679931640625">
        <ele>2.7999999523162841796875</ele>
        <time>2024-12-27T13:22:09.000Z</time>
        <extensions>
          <ns3:TrackPointExtension>
            <ns3:hr>139</ns3:hr>
            <ns3:cad>0</ns3:cad>
          </ns3:TrackPointExtension>
        </extensions>
      </trkpt>
      <trkpt lat="30.438213832676410675048828125" lon="120.270373933017253875732421875">
        <ele>2.7999999523162841796875</ele>
        <time>2024-12-27T13:22:10.000Z</time>
        <extensions>
          <ns3:TrackPointExtension>
            <ns3:hr>138</ns3:hr>
            <ns3:cad>0</ns3:cad>
          </ns3:TrackPointExtension>
        </extensions>
      </trkpt>
      <trkpt lat="30.43820452876389026641845703125" lon="120.27036714367568492889404296875">
        <ele>2.599999904632568359375</ele>
        <time>2024-12-27T13:22:11.000Z</time>
        <extensions>
          <ns3:TrackPointExtension>
            <ns3:hr>138</ns3:hr>
            <ns3:cad>60</ns3:cad>
          </ns3:TrackPointExtension>
        </extensions>
      </trkpt>
      <trkpt lat="30.43819463811814785003662109375" lon="120.27035959996283054351806640625">
        <ele>2.599999904632568359375</ele>
        <time>2024-12-27T13:22:12.000Z</time>
        <extensions>
          <ns3:TrackPointExtension>
            <ns3:hr>138</ns3:hr>
            <ns3:cad>60</ns3:cad>
          </ns3:TrackPointExtension>
        </extensions>
      </trkpt>
      <trkpt lat="30.4381821490824222564697265625" lon="120.2703509666025638580322265625">
        <ele>2.599999904632568359375</ele>
        <time>2024-12-27T13:22:13.000Z</time>
        <extensions>
          <ns3:TrackPointExtension>
            <ns3:hr>137</ns3:hr>
            <ns3:cad>59</ns3:cad>
          </ns3:TrackPointExtension>
        </extensions>
      </trkpt>
      <trkpt lat="30.43817033059895038604736328125" lon="120.27034635655581951141357421875">
        <ele>2.599999904632568359375</ele>
        <time>2024-12-27T13:22:14.000Z</time>
        <extensions>
          <ns3:TrackPointExtension>
            <ns3:hr>135</ns3:hr>
            <ns3:cad>58</ns3:cad>
          </ns3:TrackPointExtension>
        </extensions>
      </trkpt>
      <trkpt lat="30.43816211633384227752685546875" lon="120.27033747173845767974853515625">
        <ele>2.599999904632568359375</ele>
        <time>2024-12-27T13:22:15.000Z</time>
        <extensions>
          <ns3:TrackPointExtension>
            <ns3:hr>134</ns3:hr>
            <ns3:cad>58</ns3:cad>
          </ns3:TrackPointExtension>
        </extensions>
      </trkpt>
      <trkpt lat="30.43815708719193935394287109375" lon="120.27032623998820781707763671875">
        <ele>2.599999904632568359375</ele>
        <time>2024-12-27T13:22:16.000Z</time>
        <extensions>
          <ns3:TrackPointExtension>
            <ns3:hr>134</ns3:hr>
            <ns3:cad>58</ns3:cad>
          </ns3:TrackPointExtension>
        </extensions>
      </trkpt>
      <trkpt lat="30.438150465488433837890625" lon="120.27031819336116313934326171875">
        <ele>2.400000095367431640625</ele>
        <time>2024-12-27T13:22:17.000Z</time>
        <extensions>
          <ns3:TrackPointExtension>
            <ns3:hr>133</ns3:hr>
            <ns3:cad>58</ns3:cad>
          </ns3:TrackPointExtension>
        </extensions>
      </trkpt>
      <trkpt lat="30.43814367614686489105224609375" lon="120.27031215839087963104248046875">
        <ele>2.400000095367431640625</ele>
        <time>2024-12-27T13:22:18.000Z</time>
        <extensions>
          <ns3:TrackPointExtension>
            <ns3:hr>133</ns3:hr>
            <ns3:cad>57</ns3:cad>
          </ns3:TrackPointExtension>
        </extensions>
      </trkpt>
      <trkpt lat="30.43814082629978656768798828125" lon="120.2703057043254375457763671875">
        <ele>2.400000095367431640625</ele>
        <time>2024-12-27T13:22:19.000Z</time>
        <extensions>
          <ns3:TrackPointExtension>
            <ns3:hr>133</ns3:hr>
            <ns3:cad>56</ns3:cad>
          </ns3:TrackPointExtension>
        </extensions>
      </trkpt>
      <trkpt lat="30.438138060271739959716796875" lon="120.2703030221164226531982421875">
        <ele>2.400000095367431640625</ele>
        <time>2024-12-27T13:22:20.000Z</time>
        <extensions>
          <ns3:TrackPointExtension>
            <ns3:hr>133</ns3:hr>
            <ns3:cad>0</ns3:cad>
          </ns3:TrackPointExtension>
        </extensions>
      </trkpt>
      <trkpt lat="30.43813713826239109039306640625" lon="120.27030176483094692230224609375">
        <ele>2.400000095367431640625</ele>
        <time>2024-12-27T13:22:21.000Z</time>
        <extensions>
          <ns3:TrackPointExtension>
            <ns3:hr>133</ns3:hr>
            <ns3:cad>0</ns3:cad>
          </ns3:TrackPointExtension>
        </extensions>
      </trkpt>
      <trkpt lat="30.43813663534820079803466796875" lon="120.2703013457357883453369140625">
        <ele>2.400000095367431640625</ele>
        <time>2024-12-27T13:22:22.000Z</time>
        <extensions>
          <ns3:TrackPointExtension>
            <ns3:hr>133</ns3:hr>
            <ns3:cad>0</ns3:cad>
          </ns3:TrackPointExtension>
        </extensions>
      </trkpt>
      <trkpt lat="30.4381355457007884979248046875" lon="120.2703018486499786376953125">
        <ele>2.400000095367431640625</ele>
        <time>2024-12-27T13:22:23.000Z</time>
        <extensions>
          <ns3:TrackPointExtension>
            <ns3:hr>133</ns3:hr>
            <ns3:cad>0</ns3:cad>
          </ns3:TrackPointExtension>
        </extensions>
      </trkpt>
      <trkpt lat="30.43813479132950305938720703125" lon="120.27030226774513721466064453125">
        <ele>2.400000095367431640625</ele>
        <time>2024-12-27T13:22:24.000Z</time>
        <extensions>
          <ns3:TrackPointExtension>
            <ns3:hr>133</ns3:hr>
            <ns3:cad>0</ns3:cad>
          </ns3:TrackPointExtension>
        </extensions>
      </trkpt>
      <trkpt lat="30.4381358809769153594970703125" lon="120.2703013457357883453369140625">
        <ele>2.400000095367431640625</ele>
        <time>2024-12-27T13:22:25.000Z</time>
        <extensions>
          <ns3:TrackPointExtension>
            <ns3:hr>132</ns3:hr>
            <ns3:cad>0</ns3:cad>
          </ns3:TrackPointExtension>
        </extensions>
      </trkpt>
      <trkpt lat="30.4381342045962810516357421875" lon="120.2703018486499786376953125">
        <ele>2.400000095367431640625</ele>
        <time>2024-12-27T13:22:26.000Z</time>
        <extensions>
          <ns3:TrackPointExtension>
            <ns3:hr>132</ns3:hr>
            <ns3:cad>0</ns3:cad>
          </ns3:TrackPointExtension>
        </extensions>
      </trkpt>
      <trkpt lat="30.43813294731080532073974609375" lon="120.2703020162880420684814453125">
        <ele>2.400000095367431640625</ele>
        <time>2024-12-27T13:22:27.000Z</time>
        <extensions>
          <ns3:TrackPointExtension>
            <ns3:hr>132</ns3:hr>
            <ns3:cad>0</ns3:cad>
          </ns3:TrackPointExtension>
        </extensions>
      </trkpt>
      <trkpt lat="30.43813076801598072052001953125" lon="120.27030360884964466094970703125">
        <ele>2.400000095367431640625</ele>
        <time>2024-12-27T13:22:28.000Z</time>
        <extensions>
          <ns3:TrackPointExtension>
            <ns3:hr>132</ns3:hr>
            <ns3:cad>0</ns3:cad>
          </ns3:TrackPointExtension>
        </extensions>
      </trkpt>
      <trkpt lat="30.43806421570479869842529296875" lon="120.2704118192195892333984375">
        <ele>2.2000000476837158203125</ele>
        <time>2024-12-27T13:22:54.000Z</time>
        <extensions>
          <ns3:TrackPointExtension>
            <ns3:hr>123</ns3:hr>
            <ns3:cad>87</ns3:cad>
          </ns3:TrackPointExtension>
        </extensions>
      </trkpt>
      <trkpt lat="30.438023395836353302001953125" lon="120.2704284153878688812255859375">
        <ele>2</ele>
        <time>2024-12-27T13:22:55.000Z</time>
        <extensions>
          <ns3:TrackPointExtension>
            <ns3:hr>123</ns3:hr>
            <ns3:cad>87</ns3:cad>
          </ns3:TrackPointExtension>
        </extensions>
      </trkpt>
      <trkpt lat="30.4379853419959545135498046875" lon="120.2704478614032268524169921875">
        <ele>2</ele>
        <time>2024-12-27T13:22:56.000Z</time>
        <extensions>
          <ns3:TrackPointExtension>
            <ns3:hr>123</ns3:hr>
            <ns3:cad>88</ns3:cad>
          </ns3:TrackPointExtension>
        </extensions>
      </trkpt>
      <trkpt lat="30.437950305640697479248046875" lon="120.27046085335314273834228515625">
        <ele>2</ele>
        <time>2024-12-27T13:22:57.000Z</time>
        <extensions>
          <ns3:TrackPointExtension>
            <ns3:hr>124</ns3:hr>
            <ns3:cad>88</ns3:cad>
          </ns3:TrackPointExtension>
        </extensions>
      </trkpt>
      <trkpt lat="30.43791837058961391448974609375" lon="120.27047024108469486236572265625">
        <ele>2</ele>
        <time>2024-12-27T13:22:58.000Z</time>
        <extensions>
          <ns3:TrackPointExtension>
            <ns3:hr>125</ns3:hr>
            <ns3:cad>88</ns3:cad>
          </ns3:TrackPointExtension>
        </extensions>
      </trkpt>
      <trkpt lat="30.43789565563201904296875" lon="120.27047644369304180145263671875">
        <ele>2</ele>
        <time>2024-12-27T13:22:59.000Z</time>
        <extensions>
          <ns3:TrackPointExtension>
            <ns3:hr>125</ns3:hr>
            <ns3:cad>89</ns3:cad>
          </ns3:TrackPointExtension>
        </extensions>
      </trkpt>
      <trkpt lat="30.43787344358861446380615234375" lon="120.27047728188335895538330078125">
        <ele>2</ele>
        <time>2024-12-27T13:23:00.000Z</time>
        <extensions>
          <ns3:TrackPointExtension>
            <ns3:hr>126</ns3:hr>
            <ns3:cad>89</ns3:cad>
          </ns3:TrackPointExtension>
        </extensions>
      </trkpt>
      <trkpt lat="30.4378519020974636077880859375" lon="120.270473174750804901123046875">
        <ele>2</ele>
        <time>2024-12-27T13:23:01.000Z</time>
        <extensions>
          <ns3:TrackPointExtension>
            <ns3:hr>127</ns3:hr>
            <ns3:cad>89</ns3:cad>
          </ns3:TrackPointExtension>
        </extensions>
      </trkpt>
      <trkpt lat="30.43783036060631275177001953125" lon="120.2704699896275997161865234375">
        <ele>2</ele>
        <time>2024-12-27T13:23:02.000Z</time>
        <extensions>
          <ns3:TrackPointExtension>
            <ns3:hr>127</ns3:hr>
            <ns3:cad>89</ns3:cad>
          </ns3:TrackPointExtension>
        </extensions>
      </trkpt>
      <trkpt lat="30.43781158514320850372314453125" lon="120.27046621777117252349853515625">
        <ele>2</ele>
        <time>2024-12-27T13:23:03.000Z</time>
        <extensions>
          <ns3:TrackPointExtension>
            <ns3:hr>128</ns3:hr>
            <ns3:cad>89</ns3:cad>
          </ns3:TrackPointExtension>
        </extensions>
      </trkpt>
      <trkpt lat="30.4377959109842777252197265625" lon="120.27045733295381069183349609375">
        <ele>2</ele>
        <time>2024-12-27T13:23:04.000Z</time>
        <extensions>
          <ns3:TrackPointExtension>
            <ns3:hr>128</ns3:hr>
            <ns3:cad>90</ns3:cad>
          </ns3:TrackPointExtension>
        </extensions>
      </trkpt>
      <trkpt lat="30.43778023682534694671630859375" lon="120.27044509537518024444580078125">
        <ele>1.7999999523162841796875</ele>
        <time>2024-12-27T13:23:05.000Z</time>
        <extensions>
          <ns3:TrackPointExtension>
            <ns3:hr>128</ns3:hr>
            <ns3:cad>90</ns3:cad>
          </ns3:TrackPointExtension>
        </extensions>
      </trkpt>
      <trkpt lat="30.43776632286608219146728515625" lon="120.27043235488235950469970703125">
        <ele>1.7999999523162841796875</ele>
        <time>2024-12-27T13:23:06.000Z</time>
        <extensions>
          <ns3:TrackPointExtension>
            <ns3:hr>129</ns3:hr>
            <ns3:cad>90</ns3:cad>
          </ns3:TrackPointExtension>
        </extensions>
      </trkpt>
      <trkpt lat="30.437753498554229736328125" lon="120.270410478115081787109375">
        <ele>1.7999999523162841796875</ele>
        <time>2024-12-27T13:23:07.000Z</time>
        <extensions>
          <ns3:TrackPointExtension>
            <ns3:hr>129</ns3:hr>
            <ns3:cad>90</ns3:cad>
          </ns3:TrackPointExtension>
        </extensions>
      </trkpt>
      <trkpt lat="30.43774100951850414276123046875" lon="120.27038658969104290008544921875">
        <ele>1.60000002384185791015625</ele>
        <time>2024-12-27T13:23:08.000Z</time>
        <extensions>
          <ns3:TrackPointExtension>
            <ns3:hr>129</ns3:hr>
            <ns3:cad>88</ns3:cad>
          </ns3:TrackPointExtension>
        </extensions>
      </trkpt>
      <trkpt lat="30.43772743083536624908447265625" lon="120.27036010287702083587646484375">
        <ele>1.60000002384185791015625</ele>
        <time>2024-12-27T13:23:09.000Z</time>
        <extensions>
          <ns3:TrackPointExtension>
            <ns3:hr>130</ns3:hr>
            <ns3:cad>88</ns3:cad>
          </ns3:TrackPointExtension>
        </extensions>
      </trkpt>
      <trkpt lat="30.43771661818027496337890625" lon="120.27033529244363307952880859375">
        <ele>1.60000002384185791015625</ele>
        <time>2024-12-27T13:23:10.000Z</time>
        <extensions>
          <ns3:TrackPointExtension>
            <ns3:hr>130</ns3:hr>
            <ns3:cad>88</ns3:cad>
          </ns3:TrackPointExtension>
        </extensions>
      </trkpt>
      <trkpt lat="30.437706224620342254638671875" lon="120.27031123638153076171875">
        <ele>1.60000002384185791015625</ele>
        <time>2024-12-27T13:23:11.000Z</time>
        <extensions>
          <ns3:TrackPointExtension>
            <ns3:hr>130</ns3:hr>
            <ns3:cad>89</ns3:cad>
          </ns3:TrackPointExtension>
        </extensions>
      </trkpt>
      <trkpt lat="30.43769859708845615386962890625" lon="120.27028533630073070526123046875">
        <ele>1.60000002384185791015625</ele>
        <time>2024-12-27T13:23:12.000Z</time>
        <extensions>
          <ns3:TrackPointExtension>
            <ns3:hr>130</ns3:hr>
            <ns3:cad>90</ns3:cad>
          </ns3:TrackPointExtension>
        </extensions>
      </trkpt>
      <trkpt lat="30.43768954463303089141845703125" lon="120.27025960385799407958984375">
        <ele>1.60000002384185791015625</ele>
        <time>2024-12-27T13:23:13.000Z</time>
        <extensions>
          <ns3:TrackPointExtension>
            <ns3:hr>130</ns3:hr>
            <ns3:cad>91</ns3:cad>
          </ns3:TrackPointExtension>
        </extensions>
      </trkpt>
      <trkpt lat="30.4376799054443836212158203125" lon="120.27023605071008205413818359375">
        <ele>1.60000002384185791015625</ele>
        <time>2024-12-27T13:23:14.000Z</time>
        <extensions>
          <ns3:TrackPointExtension>
            <ns3:hr>130</ns3:hr>
            <ns3:cad>92</ns3:cad>
          </ns3:TrackPointExtension>
        </extensions>
      </trkpt>
      <trkpt lat="30.43766909278929233551025390625" lon="120.27020906098186969757080078125">
        <ele>1.60000002384185791015625</ele>
        <time>2024-12-27T13:23:15.000Z</time>
        <extensions>
          <ns3:TrackPointExtension>
            <ns3:hr>131</ns3:hr>
            <ns3:cad>92</ns3:cad>
          </ns3:TrackPointExtension>
        </extensions>
      </trkpt>
      <trkpt lat="30.43765760958194732666015625" lon="120.2701799757778644561767578125">
        <ele>1.60000002384185791015625</ele>
        <time>2024-12-27T13:23:16.000Z</time>
        <extensions>
          <ns3:TrackPointExtension>
            <ns3:hr>131</ns3:hr>
            <ns3:cad>91</ns3:cad>
          </ns3:TrackPointExtension>
        </extensions>
      </trkpt>
      <trkpt lat="30.43764076195657253265380859375" lon="120.2701558358967304229736328125">
        <ele>1.7999999523162841796875</ele>
        <time>2024-12-27T13:23:17.000Z</time>
        <extensions>
          <ns3:TrackPointExtension>
            <ns3:hr>131</ns3:hr>
            <ns3:cad>91</ns3:cad>
          </ns3:TrackPointExtension>
        </extensions>
      </trkpt>
      <trkpt lat="30.43762433342635631561279296875" lon="120.27013513259589672088623046875">
        <ele>2</ele>
        <time>2024-12-27T13:23:18.000Z</time>
        <extensions>
          <ns3:TrackPointExtension>
            <ns3:hr>131</ns3:hr>
            <ns3:cad>91</ns3:cad>
          </ns3:TrackPointExtension>
        </extensions>
      </trkpt>
      <trkpt lat="30.43760974891483783721923828125" lon="120.27010663412511348724365234375">
        <ele>2.2000000476837158203125</ele>
        <time>2024-12-27T13:23:19.000Z</time>
        <extensions>
          <ns3:TrackPointExtension>
            <ns3:hr>132</ns3:hr>
            <ns3:cad>90</ns3:cad>
          </ns3:TrackPointExtension>
        </extensions>
      </trkpt>
      <trkpt lat="30.43759851716458797454833984375" lon="120.27008350007236003875732421875">
        <ele>2.400000095367431640625</ele>
        <time>2024-12-27T13:23:20.000Z</time>
        <extensions>
          <ns3:TrackPointExtension>
            <ns3:hr>131</ns3:hr>
            <ns3:cad>90</ns3:cad>
          </ns3:TrackPointExtension>
        </extensions>
      </trkpt>
      <trkpt lat="30.43758518993854522705078125" lon="120.27006288059055805206298828125">
        <ele>2.599999904632568359375</ele>
        <time>2024-12-27T13:23:21.000Z</time>
        <extensions>
          <ns3:TrackPointExtension>
            <ns3:hr>131</ns3:hr>
            <ns3:cad>90</ns3:cad>
          </ns3:TrackPointExtension>
        </extensions>
      </trkpt>
      <trkpt lat="30.43757605366408824920654296875" lon="120.27004410512745380401611328125">
        <ele>2.599999904632568359375</ele>
        <time>2024-12-27T13:23:22.000Z</time>
        <extensions>
          <ns3:TrackPointExtension>
            <ns3:hr>131</ns3:hr>
            <ns3:cad>90</ns3:cad>
          </ns3:TrackPointExtension>
        </extensions>
      </trkpt>
      <trkpt lat="30.43756700120866298675537109375" lon="120.270028598606586456298828125">
        <ele>2.7999999523162841796875</ele>
        <time>2024-12-27T13:23:23.000Z</time>
        <extensions>
          <ns3:TrackPointExtension>
            <ns3:hr>132</ns3:hr>
            <ns3:cad>90</ns3:cad>
          </ns3:TrackPointExtension>
        </extensions>
      </trkpt>
      <trkpt lat="30.43756247498095035552978515625" lon="120.2700146846473217010498046875">
        <ele>3</ele>
        <time>2024-12-27T13:23:24.000Z</time>
        <extensions>
          <ns3:TrackPointExtension>
            <ns3:hr>133</ns3:hr>
            <ns3:cad>90</ns3:cad>
          </ns3:TrackPointExtension>
        </extensions>
      </trkpt>
      <trkpt lat="30.43755359016358852386474609375" lon="120.26999867521226406097412109375">
        <ele>3</ele>
        <time>2024-12-27T13:23:25.000Z</time>
        <extensions>
          <ns3:TrackPointExtension>
            <ns3:hr>133</ns3:hr>
            <ns3:cad>90</ns3:cad>
          </ns3:TrackPointExtension>
        </extensions>
      </trkpt>
      <trkpt lat="30.437544621527194976806640625" lon="120.26998761110007762908935546875">
        <ele>3.2000000476837158203125</ele>
        <time>2024-12-27T13:23:26.000Z</time>
        <extensions>
          <ns3:TrackPointExtension>
            <ns3:hr>134</ns3:hr>
            <ns3:cad>90</ns3:cad>
          </ns3:TrackPointExtension>
        </extensions>
      </trkpt>
      <trkpt lat="30.43753481470048427581787109375" lon="120.26997570879757404327392578125">
        <ele>3.400000095367431640625</ele>
        <time>2024-12-27T13:23:27.000Z</time>
        <extensions>
          <ns3:TrackPointExtension>
            <ns3:hr>135</ns3:hr>
            <ns3:cad>71</ns3:cad>
          </ns3:TrackPointExtension>
        </extensions>
      </trkpt>
      <trkpt lat="30.4375268518924713134765625" lon="120.26996129192411899566650390625">
        <ele>3.400000095367431640625</ele>
        <time>2024-12-27T13:23:28.000Z</time>
        <extensions>
          <ns3:TrackPointExtension>
            <ns3:hr>136</ns3:hr>
            <ns3:cad>71</ns3:cad>
          </ns3:TrackPointExtension>
        </extensions>
      </trkpt>
      <trkpt lat="30.43752006255090236663818359375" lon="120.26994469575583934783935546875">
        <ele>3.599999904632568359375</ele>
        <time>2024-12-27T13:23:29.000Z</time>
        <extensions>
          <ns3:TrackPointExtension>
            <ns3:hr>137</ns3:hr>
            <ns3:cad>68</ns3:cad>
          </ns3:TrackPointExtension>
        </extensions>
      </trkpt>
      <trkpt lat="30.4375129379332065582275390625" lon="120.26992776431143283843994140625">
        <ele>3.7999999523162841796875</ele>
        <time>2024-12-27T13:23:30.000Z</time>
        <extensions>
          <ns3:TrackPointExtension>
            <ns3:hr>139</ns3:hr>
            <ns3:cad>65</ns3:cad>
          </ns3:TrackPointExtension>
        </extensions>
      </trkpt>
      <trkpt lat="30.43750447221100330352783203125" lon="120.26991150341928005218505859375">
        <ele>3.7999999523162841796875</ele>
        <time>2024-12-27T13:23:31.000Z</time>
        <extensions>
          <ns3:TrackPointExtension>
            <ns3:hr>138</ns3:hr>
            <ns3:cad>65</ns3:cad>
          </ns3:TrackPointExtension>
        </extensions>
      </trkpt>
      <trkpt lat="30.43749609030783176422119140625" lon="120.2698946557939052581787109375">
        <ele>4</ele>
        <time>2024-12-27T13:23:32.000Z</time>
        <extensions>
          <ns3:TrackPointExtension>
            <ns3:hr>137</ns3:hr>
            <ns3:cad>65</ns3:cad>
          </ns3:TrackPointExtension>
        </extensions>
      </trkpt>
      <trkpt lat="30.4374837689101696014404296875" lon="120.2698832564055919647216796875">
        <ele>4.19999980926513671875</ele>
        <time>2024-12-27T13:23:33.000Z</time>
        <extensions>
          <ns3:TrackPointExtension>
            <ns3:hr>137</ns3:hr>
            <ns3:cad>65</ns3:cad>
          </ns3:TrackPointExtension>
        </extensions>
      </trkpt>
      <trkpt lat="30.43746792711317539215087890625" lon="120.269864983856678009033203125">
        <ele>4.400000095367431640625</ele>
        <time>2024-12-27T13:23:34.000Z</time>
        <extensions>
          <ns3:TrackPointExtension>
            <ns3:hr>136</ns3:hr>
            <ns3:cad>89</ns3:cad>
          </ns3:TrackPointExtension>
        </extensions>
      </trkpt>
      <trkpt lat="30.437453091144561767578125" lon="120.2698433585464954376220703125">
        <ele>4.599999904632568359375</ele>
        <time>2024-12-27T13:23:35.000Z</time>
        <extensions>
          <ns3:TrackPointExtension>
            <ns3:hr>136</ns3:hr>
            <ns3:cad>89</ns3:cad>
          </ns3:TrackPointExtension>
        </extensions>
      </trkpt>
      <trkpt lat="30.43743942864239215850830078125" lon="120.2698155306279659271240234375">
        <ele>4.80000019073486328125</ele>
        <time>2024-12-27T13:23:36.000Z</time>
        <extensions>
          <ns3:TrackPointExtension>
            <ns3:hr>136</ns3:hr>
            <ns3:cad>89</ns3:cad>
          </ns3:TrackPointExtension>
        </extensions>
      </trkpt>
      <trkpt lat="30.43742719106376171112060546875" lon="120.2697895467281341552734375">
        <ele>5</ele>
        <time>2024-12-27T13:23:37.000Z</time>
        <extensions>
          <ns3:TrackPointExtension>
            <ns3:hr>136</ns3:hr>
            <ns3:cad>89</ns3:cad>
          </ns3:TrackPointExtension>
        </extensions>
      </trkpt>
      <trkpt lat="30.4374182224273681640625" lon="120.269767753779888153076171875">
        <ele>5</ele>
        <time>2024-12-27T13:23:38.000Z</time>
        <extensions>
          <ns3:TrackPointExtension>
            <ns3:hr>136</ns3:hr>
            <ns3:cad>89</ns3:cad>
          </ns3:TrackPointExtension>
        </extensions>
      </trkpt>
      <trkpt lat="30.437410511076450347900390625" lon="120.2697454579174518585205078125">
        <ele>5.19999980926513671875</ele>
        <time>2024-12-27T13:23:39.000Z</time>
        <extensions>
          <ns3:TrackPointExtension>
            <ns3:hr>136</ns3:hr>
            <ns3:cad>89</ns3:cad>
          </ns3:TrackPointExtension>
        </extensions>
      </trkpt>
      <trkpt lat="30.4373989440500736236572265625" lon="120.26972115039825439453125">
        <ele>5.400000095367431640625</ele>
        <time>2024-12-27T13:23:40.000Z</time>
        <extensions>
          <ns3:TrackPointExtension>
            <ns3:hr>136</ns3:hr>
            <ns3:cad>89</ns3:cad>
          </ns3:TrackPointExtension>
        </extensions>
      </trkpt>
      <trkpt lat="30.437387712299823760986328125" lon="120.26969323866069316864013671875">
        <ele>5.599999904632568359375</ele>
        <time>2024-12-27T13:23:41.000Z</time>
        <extensions>
          <ns3:TrackPointExtension>
            <ns3:hr>136</ns3:hr>
            <ns3:cad>89</ns3:cad>
          </ns3:TrackPointExtension>
        </extensions>
      </trkpt>
      <trkpt lat="30.4373739659786224365234375" lon="120.2696646563708782196044921875">
        <ele>5.80000019073486328125</ele>
        <time>2024-12-27T13:23:42.000Z</time>
        <extensions>
          <ns3:TrackPointExtension>
            <ns3:hr>136</ns3:hr>
            <ns3:cad>89</ns3:cad>
          </ns3:TrackPointExtension>
        </extensions>
      </trkpt>
      <trkpt lat="30.4373605549335479736328125" lon="120.26964898221194744110107421875">
        <ele>6</ele>
        <time>2024-12-27T13:23:43.000Z</time>
        <extensions>
          <ns3:TrackPointExtension>
            <ns3:hr>136</ns3:hr>
            <ns3:cad>89</ns3:cad>
          </ns3:TrackPointExtension>
        </extensions>
      </trkpt>
      <trkpt lat="30.4373489879071712493896484375" lon="120.2696317993104457855224609375">
        <ele>6</ele>
        <time>2024-12-27T13:23:44.000Z</time>
        <extensions>
          <ns3:TrackPointExtension>
            <ns3:hr>135</ns3:hr>
            <ns3:cad>89</ns3:cad>
          </ns3:TrackPointExtension>
        </extensions>
      </trkpt>
      <trkpt lat="30.4373385943472385406494140625" lon="120.269611179828643798828125">
        <ele>6</ele>
        <time>2024-12-27T13:23:45.000Z</time>
        <extensions>
          <ns3:TrackPointExtension>
            <ns3:hr>135</ns3:hr>
            <ns3:cad>89</ns3:cad>
          </ns3:TrackPointExtension>
        </extensions>
      </trkpt>
      <trkpt lat="30.4373225010931491851806640625" lon="120.2696012891829013824462890625">
        <ele>6</ele>
        <time>2024-12-27T13:23:46.000Z</time>
        <extensions>
          <ns3:TrackPointExtension>
            <ns3:hr>135</ns3:hr>
            <ns3:cad>87</ns3:cad>
          </ns3:TrackPointExtension>
        </extensions>
      </trkpt>
      <trkpt lat="30.437315292656421661376953125" lon="120.2695925720036029815673828125">
        <ele>6</ele>
        <time>2024-12-27T13:23:47.000Z</time>
        <extensions>
          <ns3:TrackPointExtension>
            <ns3:hr>135</ns3:hr>
            <ns3:cad>87</ns3:cad>
          </ns3:TrackPointExtension>
        </extensions>
      </trkpt>
      <trkpt lat="30.43731294572353363037109375" lon="120.269578993320465087890625">
        <ele>6</ele>
        <time>2024-12-27T13:23:48.000Z</time>
        <extensions>
          <ns3:TrackPointExtension>
            <ns3:hr>136</ns3:hr>
            <ns3:cad>87</ns3:cad>
          </ns3:TrackPointExtension>
        </extensions>
      </trkpt>
      <trkpt lat="30.43730632402002811431884765625" lon="120.26956315152347087860107421875">
        <ele>6</ele>
        <time>2024-12-27T13:23:49.000Z</time>
        <extensions>
          <ns3:TrackPointExtension>
            <ns3:hr>136</ns3:hr>
            <ns3:cad>66</ns3:cad>
          </ns3:TrackPointExtension>
        </extensions>
      </trkpt>
      <trkpt lat="30.4373033903539180755615234375" lon="120.269543118774890899658203125">
        <ele>6</ele>
        <time>2024-12-27T13:23:50.000Z</time>
        <extensions>
          <ns3:TrackPointExtension>
            <ns3:hr>136</ns3:hr>
            <ns3:cad>65</ns3:cad>
          </ns3:TrackPointExtension>
        </extensions>
      </trkpt>
      <trkpt lat="30.43729928322136402130126953125" lon="120.26952467858791351318359375">
        <ele>6</ele>
        <time>2024-12-27T13:23:51.000Z</time>
        <extensions>
          <ns3:TrackPointExtension>
            <ns3:hr>137</ns3:hr>
            <ns3:cad>64</ns3:cad>
          </ns3:TrackPointExtension>
        </extensions>
      </trkpt>
      <trkpt lat="30.437292493879795074462890625" lon="120.26950833387672901153564453125">
        <ele>6</ele>
        <time>2024-12-27T13:23:52.000Z</time>
        <extensions>
          <ns3:TrackPointExtension>
            <ns3:hr>137</ns3:hr>
            <ns3:cad>64</ns3:cad>
          </ns3:TrackPointExtension>
        </extensions>
      </trkpt>
      <trkpt lat="30.43728570453822612762451171875" lon="120.26949190534651279449462890625">
        <ele>6</ele>
        <time>2024-12-27T13:23:53.000Z</time>
        <extensions>
          <ns3:TrackPointExtension>
            <ns3:hr>137</ns3:hr>
            <ns3:cad>64</ns3:cad>
          </ns3:TrackPointExtension>
        </extensions>
      </trkpt>
      <trkpt lat="30.43728302232921123504638671875" lon="120.2694802545011043548583984375">
        <ele>6</ele>
        <time>2024-12-27T13:23:54.000Z</time>
        <extensions>
          <ns3:TrackPointExtension>
            <ns3:hr>137</ns3:hr>
            <ns3:cad>64</ns3:cad>
          </ns3:TrackPointExtension>
        </extensions>
      </trkpt>
      <trkpt lat="30.43727648444473743438720703125" lon="120.269471704959869384765625">
        <ele>6</ele>
        <time>2024-12-27T13:23:55.000Z</time>
        <extensions>
          <ns3:TrackPointExtension>
            <ns3:hr>137</ns3:hr>
            <ns3:cad>64</ns3:cad>
          </ns3:TrackPointExtension>
        </extensions>
      </trkpt>
      <trkpt lat="30.4372680187225341796875" lon="120.26946441270411014556884765625">
        <ele>6</ele>
        <time>2024-12-27T13:23:56.000Z</time>
        <extensions>
          <ns3:TrackPointExtension>
            <ns3:hr>137</ns3:hr>
            <ns3:cad>64</ns3:cad>
          </ns3:TrackPointExtension>
        </extensions>
      </trkpt>
      <trkpt lat="30.43725888244807720184326171875" lon="120.26945619843900203704833984375">
        <ele>6</ele>
        <time>2024-12-27T13:23:57.000Z</time>
        <extensions>
          <ns3:TrackPointExtension>
            <ns3:hr>136</ns3:hr>
            <ns3:cad>65</ns3:cad>
          </ns3:TrackPointExtension>
        </extensions>
      </trkpt>
      <trkpt lat="30.43724630959331989288330078125" lon="120.269450247287750244140625">
        <ele>6</ele>
        <time>2024-12-27T13:23:58.000Z</time>
        <extensions>
          <ns3:TrackPointExtension>
            <ns3:hr>138</ns3:hr>
            <ns3:cad>65</ns3:cad>
          </ns3:TrackPointExtension>
        </extensions>
      </trkpt>
      <trkpt lat="30.43723474256694316864013671875" lon="120.26943742297589778900146484375">
        <ele>6</ele>
        <time>2024-12-27T13:23:59.000Z</time>
        <extensions>
          <ns3:TrackPointExtension>
            <ns3:hr>137</ns3:hr>
            <ns3:cad>66</ns3:cad>
          </ns3:TrackPointExtension>
        </extensions>
      </trkpt>
      <trkpt lat="30.437226109206676483154296875" lon="120.269421748816967010498046875">
        <ele>6</ele>
        <time>2024-12-27T13:24:00.000Z</time>
        <extensions>
          <ns3:TrackPointExtension>
            <ns3:hr>135</ns3:hr>
            <ns3:cad>67</ns3:cad>
          </ns3:TrackPointExtension>
        </extensions>
      </trkpt>
      <trkpt lat="30.43721680529415607452392578125" lon="120.2694064937531948089599609375">
        <ele>6</ele>
        <time>2024-12-27T13:24:01.000Z</time>
        <extensions>
          <ns3:TrackPointExtension>
            <ns3:hr>135</ns3:hr>
            <ns3:cad>66</ns3:cad>
          </ns3:TrackPointExtension>
        </extensions>
      </trkpt>
      <trkpt lat="30.4372075013816356658935546875" lon="120.2693930827081203460693359375">
        <ele>6</ele>
        <time>2024-12-27T13:24:02.000Z</time>
        <extensions>
          <ns3:TrackPointExtension>
            <ns3:hr>135</ns3:hr>
            <ns3:cad>65</ns3:cad>
          </ns3:TrackPointExtension>
        </extensions>
      </trkpt>
      <trkpt lat="30.437193922698497772216796875" lon="120.269382186233997344970703125">
        <ele>6</ele>
        <time>2024-12-27T13:24:03.000Z</time>
        <extensions>
          <ns3:TrackPointExtension>
            <ns3:hr>135</ns3:hr>
            <ns3:cad>62</ns3:cad>
          </ns3:TrackPointExtension>
        </extensions>
      </trkpt>
      <trkpt lat="30.43717355467379093170166015625" lon="120.269368104636669158935546875">
        <ele>6</ele>
        <time>2024-12-27T13:24:04.000Z</time>
        <extensions>
          <ns3:TrackPointExtension>
            <ns3:hr>135</ns3:hr>
            <ns3:cad>62</ns3:cad>
          </ns3:TrackPointExtension>
        </extensions>
      </trkpt>
      <trkpt lat="30.43715494684875011444091796875" lon="120.26935636997222900390625">
        <ele>6</ele>
        <time>2024-12-27T13:24:05.000Z</time>
        <extensions>
          <ns3:TrackPointExtension>
            <ns3:hr>136</ns3:hr>
            <ns3:cad>62</ns3:cad>
          </ns3:TrackPointExtension>
        </extensions>
      </trkpt>
      <trkpt lat="30.43713935650885105133056640625" lon="120.269339941442012786865234375">
        <ele>6.19999980926513671875</ele>
        <time>2024-12-27T13:24:06.000Z</time>
        <extensions>
          <ns3:TrackPointExtension>
            <ns3:hr>135</ns3:hr>
            <ns3:cad>88</ns3:cad>
          </ns3:TrackPointExtension>
        </extensions>
      </trkpt>
      <trkpt lat="30.43712711893022060394287109375" lon="120.26932678185403347015380859375">
        <ele>6.19999980926513671875</ele>
        <time>2024-12-27T13:24:07.000Z</time>
        <extensions>
          <ns3:TrackPointExtension>
            <ns3:hr>135</ns3:hr>
            <ns3:cad>90</ns3:cad>
          </ns3:TrackPointExtension>
        </extensions>
      </trkpt>
      <trkpt lat="30.43711739592254161834716796875" lon="120.26931286789476871490478515625">
        <ele>6.19999980926513671875</ele>
        <time>2024-12-27T13:24:08.000Z</time>
        <extensions>
          <ns3:TrackPointExtension>
            <ns3:hr>135</ns3:hr>
            <ns3:cad>90</ns3:cad>
          </ns3:TrackPointExtension>
        </extensions>
      </trkpt>
      <trkpt lat="30.437104068696498870849609375" lon="120.2693018876016139984130859375">
        <ele>6.19999980926513671875</ele>
        <time>2024-12-27T13:24:09.000Z</time>
        <extensions>
          <ns3:TrackPointExtension>
            <ns3:hr>134</ns3:hr>
            <ns3:cad>90</ns3:cad>
          </ns3:TrackPointExtension>
        </extensions>
      </trkpt>
      <trkpt lat="30.4370861314237117767333984375" lon="120.2692852914333343505859375">
        <ele>6.400000095367431640625</ele>
        <time>2024-12-27T13:24:10.000Z</time>
        <extensions>
          <ns3:TrackPointExtension>
            <ns3:hr>134</ns3:hr>
            <ns3:cad>90</ns3:cad>
          </ns3:TrackPointExtension>
        </extensions>
      </trkpt>
      <trkpt lat="30.43707096017897129058837890625" lon="120.2692747302353382110595703125">
        <ele>6.400000095367431640625</ele>
        <time>2024-12-27T13:24:11.000Z</time>
        <extensions>
          <ns3:TrackPointExtension>
            <ns3:hr>133</ns3:hr>
            <ns3:cad>90</ns3:cad>
          </ns3:TrackPointExtension>
        </extensions>
      </trkpt>
      <trkpt lat="30.4370576329529285430908203125" lon="120.2692626602947711944580078125">
        <ele>6.400000095367431640625</ele>
        <time>2024-12-27T13:24:12.000Z</time>
        <extensions>
          <ns3:TrackPointExtension>
            <ns3:hr>133</ns3:hr>
            <ns3:cad>90</ns3:cad>
          </ns3:TrackPointExtension>
        </extensions>
      </trkpt>
      <trkpt lat="30.4370448924601078033447265625" lon="120.26924547739326953887939453125">
        <ele>6.400000095367431640625</ele>
        <time>2024-12-27T13:24:13.000Z</time>
        <extensions>
          <ns3:TrackPointExtension>
            <ns3:hr>133</ns3:hr>
            <ns3:cad>91</ns3:cad>
          </ns3:TrackPointExtension>
        </extensions>
      </trkpt>
      <trkpt lat="30.43703340925276279449462890625" lon="120.26922619901597499847412109375">
        <ele>6.599999904632568359375</ele>
        <time>2024-12-27T13:24:14.000Z</time>
        <extensions>
          <ns3:TrackPointExtension>
            <ns3:hr>133</ns3:hr>
            <ns3:cad>92</ns3:cad>
          </ns3:TrackPointExtension>
        </extensions>
      </trkpt>
      <trkpt lat="30.43702050112187862396240234375" lon="120.26920683681964874267578125">
        <ele>6.599999904632568359375</ele>
        <time>2024-12-27T13:24:15.000Z</time>
        <extensions>
          <ns3:TrackPointExtension>
            <ns3:hr>132</ns3:hr>
            <ns3:cad>92</ns3:cad>
          </ns3:TrackPointExtension>
        </extensions>
      </trkpt>
      <trkpt lat="30.43700985610485076904296875" lon="120.2691862173378467559814453125">
        <ele>6.599999904632568359375</ele>
        <time>2024-12-27T13:24:16.000Z</time>
        <extensions>
          <ns3:TrackPointExtension>
            <ns3:hr>133</ns3:hr>
            <ns3:cad>92</ns3:cad>
          </ns3:TrackPointExtension>
        </extensions>
      </trkpt>
      <trkpt lat="30.437004826962947845458984375" lon="120.2691684477031230926513671875">
        <ele>6.80000019073486328125</ele>
        <time>2024-12-27T13:24:17.000Z</time>
        <extensions>
          <ns3:TrackPointExtension>
            <ns3:hr>131</ns3:hr>
            <ns3:cad>90</ns3:cad>
          </ns3:TrackPointExtension>
        </extensions>
      </trkpt>
      <trkpt lat="30.43699954636394977569580078125" lon="120.2691523544490337371826171875">
        <ele>6.80000019073486328125</ele>
        <time>2024-12-27T13:24:18.000Z</time>
        <extensions>
          <ns3:TrackPointExtension>
            <ns3:hr>133</ns3:hr>
            <ns3:cad>45</ns3:cad>
          </ns3:TrackPointExtension>
        </extensions>
      </trkpt>
      <trkpt lat="30.43699535541236400604248046875" lon="120.26913684792816638946533203125">
        <ele>6.80000019073486328125</ele>
        <time>2024-12-27T13:24:19.000Z</time>
        <extensions>
          <ns3:TrackPointExtension>
            <ns3:hr>134</ns3:hr>
            <ns3:cad>45</ns3:cad>
          </ns3:TrackPointExtension>
        </extensions>
      </trkpt>
      <trkpt lat="30.436991751194000244140625" lon="120.2691134624183177947998046875">
        <ele>7</ele>
        <time>2024-12-27T13:24:20.000Z</time>
        <extensions>
          <ns3:TrackPointExtension>
            <ns3:hr>134</ns3:hr>
            <ns3:cad>45</ns3:cad>
          </ns3:TrackPointExtension>
        </extensions>
      </trkpt>
      <trkpt lat="30.43698613531887531280517578125" lon="120.26909611187875270843505859375">
        <ele>7</ele>
        <time>2024-12-27T13:24:21.000Z</time>
        <extensions>
          <ns3:TrackPointExtension>
            <ns3:hr>135</ns3:hr>
            <ns3:cad>45</ns3:cad>
          </ns3:TrackPointExtension>
        </extensions>
      </trkpt>
      <trkpt lat="30.4369771666824817657470703125" lon="120.2690745703876018524169921875">
        <ele>7</ele>
        <time>2024-12-27T13:24:22.000Z</time>
        <extensions>
          <ns3:TrackPointExtension>
            <ns3:hr>135</ns3:hr>
            <ns3:cad>71</ns3:cad>
          </ns3:TrackPointExtension>
        </extensions>
      </trkpt>
      <trkpt lat="30.4369687847793102264404296875" lon="120.26905302889645099639892578125">
        <ele>7.19999980926513671875</ele>
        <time>2024-12-27T13:24:23.000Z</time>
        <extensions>
          <ns3:TrackPointExtension>
            <ns3:hr>135</ns3:hr>
            <ns3:cad>71</ns3:cad>
          </ns3:TrackPointExtension>
        </extensions>
      </trkpt>
      <trkpt lat="30.4369614087045192718505859375" lon="120.26902805082499980926513671875">
        <ele>7.19999980926513671875</ele>
        <time>2024-12-27T13:24:24.000Z</time>
        <extensions>
          <ns3:TrackPointExtension>
            <ns3:hr>133</ns3:hr>
            <ns3:cad>66</ns3:cad>
          </ns3:TrackPointExtension>
        </extensions>
      </trkpt>
      <trkpt lat="30.436952523887157440185546875" lon="120.268999300897121429443359375">
        <ele>7.400000095367431640625</ele>
        <time>2024-12-27T13:24:25.000Z</time>
        <extensions>
          <ns3:TrackPointExtension>
            <ns3:hr>134</ns3:hr>
            <ns3:cad>66</ns3:cad>
          </ns3:TrackPointExtension>
        </extensions>
      </trkpt>
      <trkpt lat="30.43694204650819301605224609375" lon="120.2689699642360210418701171875">
        <ele>7.400000095367431640625</ele>
        <time>2024-12-27T13:24:26.000Z</time>
        <extensions>
          <ns3:TrackPointExtension>
            <ns3:hr>134</ns3:hr>
            <ns3:cad>66</ns3:cad>
          </ns3:TrackPointExtension>
        </extensions>
      </trkpt>
      <trkpt lat="30.43693014420568943023681640625" lon="120.26894825510680675506591796875">
        <ele>7.400000095367431640625</ele>
        <time>2024-12-27T13:24:27.000Z</time>
        <extensions>
          <ns3:TrackPointExtension>
            <ns3:hr>134</ns3:hr>
            <ns3:cad>66</ns3:cad>
          </ns3:TrackPointExtension>
        </extensions>
      </trkpt>
      <trkpt lat="30.436919666826725006103515625" lon="120.26892512105405330657958984375">
        <ele>7.599999904632568359375</ele>
        <time>2024-12-27T13:24:28.000Z</time>
        <extensions>
          <ns3:TrackPointExtension>
            <ns3:hr>134</ns3:hr>
            <ns3:cad>66</ns3:cad>
          </ns3:TrackPointExtension>
        </extensions>
      </trkpt>
      <trkpt lat="30.43690868653357028961181640625" lon="120.26890601031482219696044921875">
        <ele>7.599999904632568359375</ele>
        <time>2024-12-27T13:24:29.000Z</time>
        <extensions>
          <ns3:TrackPointExtension>
            <ns3:hr>134</ns3:hr>
            <ns3:cad>66</ns3:cad>
          </ns3:TrackPointExtension>
        </extensions>
      </trkpt>
      <trkpt lat="30.43690684251487255096435546875" lon="120.26889410801231861114501953125">
        <ele>7.599999904632568359375</ele>
        <time>2024-12-27T13:24:30.000Z</time>
        <extensions>
          <ns3:TrackPointExtension>
            <ns3:hr>133</ns3:hr>
            <ns3:cad>66</ns3:cad>
          </ns3:TrackPointExtension>
        </extensions>
      </trkpt>
      <trkpt lat="30.43689996935427188873291015625" lon="120.26888094842433929443359375">
        <ele>7.80000019073486328125</ele>
        <time>2024-12-27T13:24:31.000Z</time>
        <extensions>
          <ns3:TrackPointExtension>
            <ns3:hr>132</ns3:hr>
            <ns3:cad>65</ns3:cad>
          </ns3:TrackPointExtension>
        </extensions>
      </trkpt>
      <trkpt lat="30.43689158745110034942626953125" lon="120.26886343024671077728271484375">
        <ele>7.80000019073486328125</ele>
        <time>2024-12-27T13:24:32.000Z</time>
        <extensions>
          <ns3:TrackPointExtension>
            <ns3:hr>131</ns3:hr>
            <ns3:cad>65</ns3:cad>
          </ns3:TrackPointExtension>
        </extensions>
      </trkpt>
      <trkpt lat="30.43688387610018253326416015625" lon="120.268849097192287445068359375">
        <ele>7.80000019073486328125</ele>
        <time>2024-12-27T13:24:33.000Z</time>
        <extensions>
          <ns3:TrackPointExtension>
            <ns3:hr>130</ns3:hr>
            <ns3:cad>65</ns3:cad>
          </ns3:TrackPointExtension>
        </extensions>
      </trkpt>
      <trkpt lat="30.43687767349183559417724609375" lon="120.26883426122367382049560546875">
        <ele>7.80000019073486328125</ele>
        <time>2024-12-27T13:24:34.000Z</time>
        <extensions>
          <ns3:TrackPointExtension>
            <ns3:hr>130</ns3:hr>
            <ns3:cad>65</ns3:cad>
          </ns3:TrackPointExtension>
        </extensions>
      </trkpt>
      <trkpt lat="30.436871051788330078125" lon="120.26881925761699676513671875">
        <ele>7.80000019073486328125</ele>
        <time>2024-12-27T13:24:35.000Z</time>
        <extensions>
          <ns3:TrackPointExtension>
            <ns3:hr>129</ns3:hr>
            <ns3:cad>65</ns3:cad>
          </ns3:TrackPointExtension>
        </extensions>
      </trkpt>
      <trkpt lat="30.4368655197322368621826171875" lon="120.26880450546741485595703125">
        <ele>7.80000019073486328125</ele>
        <time>2024-12-27T13:24:36.000Z</time>
        <extensions>
          <ns3:TrackPointExtension>
            <ns3:hr>130</ns3:hr>
            <ns3:cad>65</ns3:cad>
          </ns3:TrackPointExtension>
        </extensions>
      </trkpt>
      <trkpt lat="30.43686007149517536163330078125" lon="120.2687915973365306854248046875">
        <ele>7.80000019073486328125</ele>
        <time>2024-12-27T13:24:37.000Z</time>
        <extensions>
          <ns3:TrackPointExtension>
            <ns3:hr>129</ns3:hr>
            <ns3:cad>67</ns3:cad>
          </ns3:TrackPointExtension>
        </extensions>
      </trkpt>
      <trkpt lat="30.4368511028587818145751953125" lon="120.26878246106207370758056640625">
        <ele>7.80000019073486328125</ele>
        <time>2024-12-27T13:24:38.000Z</time>
        <extensions>
          <ns3:TrackPointExtension>
            <ns3:hr>129</ns3:hr>
            <ns3:cad>67</ns3:cad>
          </ns3:TrackPointExtension>
        </extensions>
      </trkpt>
      <trkpt lat="30.43684087693691253662109375" lon="120.26877575553953647613525390625">
        <ele>7.599999904632568359375</ele>
        <time>2024-12-27T13:24:39.000Z</time>
        <extensions>
          <ns3:TrackPointExtension>
            <ns3:hr>129</ns3:hr>
            <ns3:cad>67</ns3:cad>
          </ns3:TrackPointExtension>
        </extensions>
      </trkpt>
      <trkpt lat="30.43683140538632869720458984375" lon="120.26875999756157398223876953125">
        <ele>7.599999904632568359375</ele>
        <time>2024-12-27T13:24:40.000Z</time>
        <extensions>
          <ns3:TrackPointExtension>
            <ns3:hr>129</ns3:hr>
            <ns3:cad>67</ns3:cad>
          </ns3:TrackPointExtension>
        </extensions>
      </trkpt>
      <trkpt lat="30.43681782670319080352783203125" lon="120.2687473408877849578857421875">
        <ele>7.400000095367431640625</ele>
        <time>2024-12-27T13:24:41.000Z</time>
        <extensions>
          <ns3:TrackPointExtension>
            <ns3:hr>129</ns3:hr>
            <ns3:cad>124</ns3:cad>
          </ns3:TrackPointExtension>
        </extensions>
      </trkpt>
      <trkpt lat="30.43680734932422637939453125" lon="120.2687349356710910797119140625">
        <ele>7.400000095367431640625</ele>
        <time>2024-12-27T13:24:42.000Z</time>
        <extensions>
          <ns3:TrackPointExtension>
            <ns3:hr>129</ns3:hr>
            <ns3:cad>124</ns3:cad>
          </ns3:TrackPointExtension>
        </extensions>
      </trkpt>
      <trkpt lat="30.436789579689502716064453125" lon="120.26872043497860431671142578125">
        <ele>7.19999980926513671875</ele>
        <time>2024-12-27T13:24:43.000Z</time>
        <extensions>
          <ns3:TrackPointExtension>
            <ns3:hr>129</ns3:hr>
            <ns3:cad>93</ns3:cad>
          </ns3:TrackPointExtension>
        </extensions>
      </trkpt>
      <trkpt lat="30.43677491135895252227783203125" lon="120.268712304532527923583984375">
        <ele>7.19999980926513671875</ele>
        <time>2024-12-27T13:24:44.000Z</time>
        <extensions>
          <ns3:TrackPointExtension>
            <ns3:hr>129</ns3:hr>
            <ns3:cad>90</ns3:cad>
          </ns3:TrackPointExtension>
        </extensions>
      </trkpt>
      <trkpt lat="30.43675915338099002838134765625" lon="120.26870819739997386932373046875">
        <ele>7.19999980926513671875</ele>
        <time>2024-12-27T13:24:45.000Z</time>
        <extensions>
          <ns3:TrackPointExtension>
            <ns3:hr>130</ns3:hr>
            <ns3:cad>90</ns3:cad>
          </ns3:TrackPointExtension>
        </extensions>
      </trkpt>
      <trkpt lat="30.4367448203265666961669921875" lon="120.26869394816458225250244140625">
        <ele>7</ele>
        <time>2024-12-27T13:24:46.000Z</time>
        <extensions>
          <ns3:TrackPointExtension>
            <ns3:hr>130</ns3:hr>
            <ns3:cad>89</ns3:cad>
          </ns3:TrackPointExtension>
        </extensions>
      </trkpt>
      <trkpt lat="30.43673099018633365631103515625" lon="120.2686779387295246124267578125">
        <ele>7</ele>
        <time>2024-12-27T13:24:47.000Z</time>
        <extensions>
          <ns3:TrackPointExtension>
            <ns3:hr>130</ns3:hr>
            <ns3:cad>89</ns3:cad>
          </ns3:TrackPointExtension>
        </extensions>
      </trkpt>
      <trkpt lat="30.43671942315995693206787109375" lon="120.26866008527576923370361328125">
        <ele>6.80000019073486328125</ele>
        <time>2024-12-27T13:24:48.000Z</time>
        <extensions>
          <ns3:TrackPointExtension>
            <ns3:hr>130</ns3:hr>
            <ns3:cad>89</ns3:cad>
          </ns3:TrackPointExtension>
        </extensions>
      </trkpt>
      <trkpt lat="30.43671254999935626983642578125" lon="120.26863527484238147735595703125">
        <ele>6.599999904632568359375</ele>
        <time>2024-12-27T13:24:49.000Z</time>
        <extensions>
          <ns3:TrackPointExtension>
            <ns3:hr>130</ns3:hr>
            <ns3:cad>89</ns3:cad>
          </ns3:TrackPointExtension>
        </extensions>
      </trkpt>
      <trkpt lat="30.43669830076396465301513671875" lon="120.26860711164772510528564453125">
        <ele>6.599999904632568359375</ele>
        <time>2024-12-27T13:24:50.000Z</time>
        <extensions>
          <ns3:TrackPointExtension>
            <ns3:hr>130</ns3:hr>
            <ns3:cad>90</ns3:cad>
          </ns3:TrackPointExtension>
        </extensions>
      </trkpt>
      <trkpt lat="30.436679609119892120361328125" lon="120.26858322322368621826171875">
        <ele>6.400000095367431640625</ele>
        <time>2024-12-27T13:24:51.000Z</time>
        <extensions>
          <ns3:TrackPointExtension>
            <ns3:hr>130</ns3:hr>
            <ns3:cad>90</ns3:cad>
          </ns3:TrackPointExtension>
        </extensions>
      </trkpt>
      <trkpt lat="30.43667164631187915802001953125" lon="120.268564783036708831787109375">
        <ele>6.19999980926513671875</ele>
        <time>2024-12-27T13:24:52.000Z</time>
        <extensions>
          <ns3:TrackPointExtension>
            <ns3:hr>131</ns3:hr>
            <ns3:cad>90</ns3:cad>
          </ns3:TrackPointExtension>
        </extensions>
      </trkpt>
      <trkpt lat="30.43666242621839046478271484375" lon="120.26854609139263629913330078125">
        <ele>6.19999980926513671875</ele>
        <time>2024-12-27T13:24:53.000Z</time>
        <extensions>
          <ns3:TrackPointExtension>
            <ns3:hr>131</ns3:hr>
            <ns3:cad>90</ns3:cad>
          </ns3:TrackPointExtension>
        </extensions>
      </trkpt>
      <trkpt lat="30.436653457581996917724609375" lon="120.26853083632886409759521484375">
        <ele>6</ele>
        <time>2024-12-27T13:24:54.000Z</time>
        <extensions>
          <ns3:TrackPointExtension>
            <ns3:hr>132</ns3:hr>
            <ns3:cad>90</ns3:cad>
          </ns3:TrackPointExtension>
        </extensions>
      </trkpt>
      <trkpt lat="30.43664884753525257110595703125" lon="120.26851809583604335784912109375">
        <ele>6</ele>
        <time>2024-12-27T13:24:55.000Z</time>
        <extensions>
          <ns3:TrackPointExtension>
            <ns3:hr>132</ns3:hr>
            <ns3:cad>90</ns3:cad>
          </ns3:TrackPointExtension>
        </extensions>
      </trkpt>
      <trkpt lat="30.4366442374885082244873046875" lon="120.26850669644773006439208984375">
        <ele>5.80000019073486328125</ele>
        <time>2024-12-27T13:24:56.000Z</time>
        <extensions>
          <ns3:TrackPointExtension>
            <ns3:hr>132</ns3:hr>
            <ns3:cad>87</ns3:cad>
          </ns3:TrackPointExtension>
        </extensions>
      </trkpt>
      <trkpt lat="30.4366398788988590240478515625" lon="120.2684841491281986236572265625">
        <ele>5.599999904632568359375</ele>
        <time>2024-12-27T13:24:57.000Z</time>
        <extensions>
          <ns3:TrackPointExtension>
            <ns3:hr>133</ns3:hr>
            <ns3:cad>73</ns3:cad>
          </ns3:TrackPointExtension>
        </extensions>
      </trkpt>
      <trkpt lat="30.4366328381001949310302734375" lon="120.26846026070415973663330078125">
        <ele>5.400000095367431640625</ele>
        <time>2024-12-27T13:24:58.000Z</time>
        <extensions>
          <ns3:TrackPointExtension>
            <ns3:hr>133</ns3:hr>
            <ns3:cad>73</ns3:cad>
          </ns3:TrackPointExtension>
        </extensions>
      </trkpt>
      <trkpt lat="30.4366211034357547760009765625" lon="120.268434025347232818603515625">
        <ele>5.19999980926513671875</ele>
        <time>2024-12-27T13:24:59.000Z</time>
        <extensions>
          <ns3:TrackPointExtension>
            <ns3:hr>133</ns3:hr>
            <ns3:cad>73</ns3:cad>
          </ns3:TrackPointExtension>
        </extensions>
      </trkpt>
      <trkpt lat="30.43660358525812625885009765625" lon="120.26840510778129100799560546875">
        <ele>5</ele>
        <time>2024-12-27T13:25:00.000Z</time>
        <extensions>
          <ns3:TrackPointExtension>
            <ns3:hr>134</ns3:hr>
            <ns3:cad>65</ns3:cad>
          </ns3:TrackPointExtension>
        </extensions>
      </trkpt>
      <trkpt lat="30.4365932755172252655029296875" lon="120.26838264428079128265380859375">
        <ele>4.80000019073486328125</ele>
        <time>2024-12-27T13:25:01.000Z</time>
        <extensions>
          <ns3:TrackPointExtension>
            <ns3:hr>134</ns3:hr>
            <ns3:cad>64</ns3:cad>
          </ns3:TrackPointExtension>
        </extensions>
      </trkpt>
      <trkpt lat="30.436580367386341094970703125" lon="120.26836688630282878875732421875">
        <ele>4.599999904632568359375</ele>
        <time>2024-12-27T13:25:02.000Z</time>
        <extensions>
          <ns3:TrackPointExtension>
            <ns3:hr>135</ns3:hr>
            <ns3:cad>64</ns3:cad>
          </ns3:TrackPointExtension>
        </extensions>
      </trkpt>
      <trkpt lat="30.4365724883973598480224609375" lon="120.26835431344807147979736328125">
        <ele>4.599999904632568359375</ele>
        <time>2024-12-27T13:25:03.000Z</time>
        <extensions>
          <ns3:TrackPointExtension>
            <ns3:hr>135</ns3:hr>
            <ns3:cad>65</ns3:cad>
          </ns3:TrackPointExtension>
        </extensions>
      </trkpt>
      <trkpt lat="30.43657089583575725555419921875" lon="120.26833645999431610107421875">
        <ele>4.400000095367431640625</ele>
        <time>2024-12-27T13:25:04.000Z</time>
        <extensions>
          <ns3:TrackPointExtension>
            <ns3:hr>135</ns3:hr>
            <ns3:cad>65</ns3:cad>
          </ns3:TrackPointExtension>
        </extensions>
      </trkpt>
      <trkpt lat="30.4365631006658077239990234375" lon="120.268320702016353607177734375">
        <ele>4.19999980926513671875</ele>
        <time>2024-12-27T13:25:05.000Z</time>
        <extensions>
          <ns3:TrackPointExtension>
            <ns3:hr>135</ns3:hr>
            <ns3:cad>65</ns3:cad>
          </ns3:TrackPointExtension>
        </extensions>
      </trkpt>
      <trkpt lat="30.43655782006680965423583984375" lon="120.2683034352958202362060546875">
        <ele>4.19999980926513671875</ele>
        <time>2024-12-27T13:25:06.000Z</time>
        <extensions>
          <ns3:TrackPointExtension>
            <ns3:hr>134</ns3:hr>
            <ns3:cad>67</ns3:cad>
          </ns3:TrackPointExtension>
        </extensions>
      </trkpt>
      <trkpt lat="30.43655161745846271514892578125" lon="120.2682853303849697113037109375">
        <ele>4</ele>
        <time>2024-12-27T13:25:07.000Z</time>
        <extensions>
          <ns3:TrackPointExtension>
            <ns3:hr>134</ns3:hr>
            <ns3:cad>67</ns3:cad>
          </ns3:TrackPointExtension>
        </extensions>
      </trkpt>
      <trkpt lat="30.4365463368594646453857421875" lon="120.268267057836055755615234375">
        <ele>3.7999999523162841796875</ele>
        <time>2024-12-27T13:25:08.000Z</time>
        <extensions>
          <ns3:TrackPointExtension>
            <ns3:hr>133</ns3:hr>
            <ns3:cad>66</ns3:cad>
          </ns3:TrackPointExtension>
        </extensions>
      </trkpt>
      <trkpt lat="30.436542145907878875732421875" lon="120.2682447619736194610595703125">
        <ele>3.7999999523162841796875</ele>
        <time>2024-12-27T13:25:09.000Z</time>
        <extensions>
          <ns3:TrackPointExtension>
            <ns3:hr>133</ns3:hr>
            <ns3:cad>66</ns3:cad>
          </ns3:TrackPointExtension>
        </extensions>
      </trkpt>
      <trkpt lat="30.43653032742440700531005859375" lon="120.2682244777679443359375">
        <ele>3.7999999523162841796875</ele>
        <time>2024-12-27T13:25:10.000Z</time>
        <extensions>
          <ns3:TrackPointExtension>
            <ns3:hr>133</ns3:hr>
            <ns3:cad>66</ns3:cad>
          </ns3:TrackPointExtension>
        </extensions>
      </trkpt>
      <trkpt lat="30.43652077205479145050048828125" lon="120.268209390342235565185546875">
        <ele>3.7999999523162841796875</ele>
        <time>2024-12-27T13:25:11.000Z</time>
        <extensions>
          <ns3:TrackPointExtension>
            <ns3:hr>133</ns3:hr>
            <ns3:cad>66</ns3:cad>
          </ns3:TrackPointExtension>
        </extensions>
      </trkpt>
      <trkpt lat="30.43651037849485874176025390625" lon="120.26819287799298763275146484375">
        <ele>3.7999999523162841796875</ele>
        <time>2024-12-27T13:25:12.000Z</time>
        <extensions>
          <ns3:TrackPointExtension>
            <ns3:hr>133</ns3:hr>
            <ns3:cad>66</ns3:cad>
          </ns3:TrackPointExtension>
        </extensions>
      </trkpt>
      <trkpt lat="30.4364977218210697174072265625" lon="120.26817795820534229278564453125">
        <ele>3.7999999523162841796875</ele>
        <time>2024-12-27T13:25:13.000Z</time>
        <extensions>
          <ns3:TrackPointExtension>
            <ns3:hr>133</ns3:hr>
            <ns3:cad>66</ns3:cad>
          </ns3:TrackPointExtension>
        </extensions>
      </trkpt>
      <trkpt lat="30.43648925609886646270751953125" lon="120.268169157207012176513671875">
        <ele>3.7999999523162841796875</ele>
        <time>2024-12-27T13:25:14.000Z</time>
        <extensions>
          <ns3:TrackPointExtension>
            <ns3:hr>133</ns3:hr>
            <ns3:cad>65</ns3:cad>
          </ns3:TrackPointExtension>
        </extensions>
      </trkpt>
      <trkpt lat="30.4364786110818386077880859375" lon="120.2681455202400684356689453125">
        <ele>3.7999999523162841796875</ele>
        <time>2024-12-27T13:25:15.000Z</time>
        <extensions>
          <ns3:TrackPointExtension>
            <ns3:hr>133</ns3:hr>
            <ns3:cad>67</ns3:cad>
          </ns3:TrackPointExtension>
        </extensions>
      </trkpt>
      <trkpt lat="30.43646930716931819915771484375" lon="120.268135964870452880859375">
        <ele>3.7999999523162841796875</ele>
        <time>2024-12-27T13:25:16.000Z</time>
        <extensions>
          <ns3:TrackPointExtension>
            <ns3:hr>133</ns3:hr>
            <ns3:cad>67</ns3:cad>
          </ns3:TrackPointExtension>
        </extensions>
      </trkpt>
      <trkpt lat="30.43645539321005344390869140625" lon="120.2681274153292179107666015625">
        <ele>3.7999999523162841796875</ele>
        <time>2024-12-27T13:25:17.000Z</time>
        <extensions>
          <ns3:TrackPointExtension>
            <ns3:hr>132</ns3:hr>
            <ns3:cad>67</ns3:cad>
          </ns3:TrackPointExtension>
        </extensions>
      </trkpt>
      <trkpt lat="30.43643879704177379608154296875" lon="120.2681240625679492950439453125">
        <ele>3.7999999523162841796875</ele>
        <time>2024-12-27T13:25:18.000Z</time>
        <extensions>
          <ns3:TrackPointExtension>
            <ns3:hr>131</ns3:hr>
            <ns3:cad>65</ns3:cad>
          </ns3:TrackPointExtension>
        </extensions>
      </trkpt>
      <trkpt lat="30.4364219494163990020751953125" lon="120.26812498457729816436767578125">
        <ele>3.7999999523162841796875</ele>
        <time>2024-12-27T13:25:19.000Z</time>
        <extensions>
          <ns3:TrackPointExtension>
            <ns3:hr>131</ns3:hr>
            <ns3:cad>65</ns3:cad>
          </ns3:TrackPointExtension>
        </extensions>
      </trkpt>
      <trkpt lat="30.436403341591358184814453125" lon="120.2681327797472476959228515625">
        <ele>3.599999904632568359375</ele>
        <time>2024-12-27T13:25:20.000Z</time>
        <extensions>
          <ns3:TrackPointExtension>
            <ns3:hr>132</ns3:hr>
            <ns3:cad>65</ns3:cad>
          </ns3:TrackPointExtension>
        </extensions>
      </trkpt>
      <trkpt lat="30.43638448230922222137451171875" lon="120.268143005669116973876953125">
        <ele>3.599999904632568359375</ele>
        <time>2024-12-27T13:25:21.000Z</time>
        <extensions>
          <ns3:TrackPointExtension>
            <ns3:hr>132</ns3:hr>
            <ns3:cad>0</ns3:cad>
          </ns3:TrackPointExtension>
        </extensions>
      </trkpt>
      <trkpt lat="30.43636101298034191131591796875" lon="120.2681562490761280059814453125">
        <ele>3.400000095367431640625</ele>
        <time>2024-12-27T13:25:22.000Z</time>
        <extensions>
          <ns3:TrackPointExtension>
            <ns3:hr>131</ns3:hr>
            <ns3:cad>0</ns3:cad>
          </ns3:TrackPointExtension>
        </extensions>
      </trkpt>
      <trkpt lat="30.43634156696498394012451171875" lon="120.26817142032086849212646484375">
        <ele>3.2000000476837158203125</ele>
        <time>2024-12-27T13:25:23.000Z</time>
        <extensions>
          <ns3:TrackPointExtension>
            <ns3:hr>131</ns3:hr>
            <ns3:cad>85</ns3:cad>
          </ns3:TrackPointExtension>
        </extensions>
      </trkpt>
      <trkpt lat="30.43632731772959232330322265625" lon="120.2681824006140232086181640625">
        <ele>3.2000000476837158203125</ele>
        <time>2024-12-27T13:25:24.000Z</time>
        <extensions>
          <ns3:TrackPointExtension>
            <ns3:hr>130</ns3:hr>
            <ns3:cad>85</ns3:cad>
          </ns3:TrackPointExtension>
        </extensions>
      </trkpt>
      <trkpt lat="30.4363163374364376068115234375" lon="120.2681958116590976715087890625">
        <ele>3.2000000476837158203125</ele>
        <time>2024-12-27T13:25:25.000Z</time>
        <extensions>
          <ns3:TrackPointExtension>
            <ns3:hr>130</ns3:hr>
            <ns3:cad>85</ns3:cad>
          </ns3:TrackPointExtension>
        </extensions>
      </trkpt>
      <trkpt lat="30.4363035969436168670654296875" lon="120.2682005055248737335205078125">
        <ele>3.2000000476837158203125</ele>
        <time>2024-12-27T13:25:26.000Z</time>
        <extensions>
          <ns3:TrackPointExtension>
            <ns3:hr>130</ns3:hr>
            <ns3:cad>85</ns3:cad>
          </ns3:TrackPointExtension>
        </extensions>
      </trkpt>
      <trkpt lat="30.43628825806081295013427734375" lon="120.26820645667612552642822265625">
        <ele>3.2000000476837158203125</ele>
        <time>2024-12-27T13:25:27.000Z</time>
        <extensions>
          <ns3:TrackPointExtension>
            <ns3:hr>129</ns3:hr>
            <ns3:cad>85</ns3:cad>
          </ns3:TrackPointExtension>
        </extensions>
      </trkpt>
      <trkpt lat="30.4362734220921993255615234375" lon="120.26821500621736049652099609375">
        <ele>3.2000000476837158203125</ele>
        <time>2024-12-27T13:25:28.000Z</time>
        <extensions>
          <ns3:TrackPointExtension>
            <ns3:hr>128</ns3:hr>
            <ns3:cad>85</ns3:cad>
          </ns3:TrackPointExtension>
        </extensions>
      </trkpt>
      <trkpt lat="30.4362559877336025238037109375" lon="120.2682259865105152130126953125">
        <ele>3</ele>
        <time>2024-12-27T13:25:29.000Z</time>
        <extensions>
          <ns3:TrackPointExtension>
            <ns3:hr>128</ns3:hr>
            <ns3:cad>70</ns3:cad>
          </ns3:TrackPointExtension>
        </extensions>
      </trkpt>
      <trkpt lat="30.43624131940305233001708984375" lon="120.26823646388947963714599609375">
        <ele>3</ele>
        <time>2024-12-27T13:25:30.000Z</time>
        <extensions>
          <ns3:TrackPointExtension>
            <ns3:hr>127</ns3:hr>
            <ns3:cad>66</ns3:cad>
          </ns3:TrackPointExtension>
        </extensions>
      </trkpt>
      <trkpt lat="30.43622422032058238983154296875" lon="120.2682434208691120147705078125">
        <ele>3</ele>
        <time>2024-12-27T13:25:31.000Z</time>
        <extensions>
          <ns3:TrackPointExtension>
            <ns3:hr>128</ns3:hr>
            <ns3:cad>66</ns3:cad>
          </ns3:TrackPointExtension>
        </extensions>
      </trkpt>
      <trkpt lat="30.43620896525681018829345703125" lon="120.26825188659131526947021484375">
        <ele>3</ele>
        <time>2024-12-27T13:25:32.000Z</time>
        <extensions>
          <ns3:TrackPointExtension>
            <ns3:hr>129</ns3:hr>
            <ns3:cad>66</ns3:cad>
          </ns3:TrackPointExtension>
        </extensions>
      </trkpt>
      <trkpt lat="30.436196811497211456298828125" lon="120.26825691573321819305419921875">
        <ele>3</ele>
        <time>2024-12-27T13:25:33.000Z</time>
        <extensions>
          <ns3:TrackPointExtension>
            <ns3:hr>129</ns3:hr>
            <ns3:cad>67</ns3:cad>
          </ns3:TrackPointExtension>
        </extensions>
      </trkpt>
      <trkpt lat="30.436184071004390716552734375" lon="120.2682658843696117401123046875">
        <ele>3</ele>
        <time>2024-12-27T13:25:34.000Z</time>
        <extensions>
          <ns3:TrackPointExtension>
            <ns3:hr>129</ns3:hr>
            <ns3:cad>67</ns3:cad>
          </ns3:TrackPointExtension>
        </extensions>
      </trkpt>
      <trkpt lat="30.43616873212158679962158203125" lon="120.2682725898921489715576171875">
        <ele>3</ele>
        <time>2024-12-27T13:25:35.000Z</time>
        <extensions>
          <ns3:TrackPointExtension>
            <ns3:hr>129</ns3:hr>
            <ns3:cad>67</ns3:cad>
          </ns3:TrackPointExtension>
        </extensions>
      </trkpt>
      <trkpt lat="30.43615297414362430572509765625" lon="120.26827988214790821075439453125">
        <ele>3</ele>
        <time>2024-12-27T13:25:36.000Z</time>
        <extensions>
          <ns3:TrackPointExtension>
            <ns3:hr>129</ns3:hr>
            <ns3:cad>67</ns3:cad>
          </ns3:TrackPointExtension>
        </extensions>
      </trkpt>
      <trkpt lat="30.43613453395664691925048828125" lon="120.26828658767044544219970703125">
        <ele>3.2000000476837158203125</ele>
        <time>2024-12-27T13:25:37.000Z</time>
        <extensions>
          <ns3:TrackPointExtension>
            <ns3:hr>129</ns3:hr>
            <ns3:cad>67</ns3:cad>
          </ns3:TrackPointExtension>
        </extensions>
      </trkpt>
      <trkpt lat="30.43611961416900157928466796875" lon="120.2682950533926486968994140625">
        <ele>3.2000000476837158203125</ele>
        <time>2024-12-27T13:25:38.000Z</time>
        <extensions>
          <ns3:TrackPointExtension>
            <ns3:hr>130</ns3:hr>
            <ns3:cad>67</ns3:cad>
          </ns3:TrackPointExtension>
        </extensions>
      </trkpt>
      <trkpt lat="30.43610134162008762359619140625" lon="120.26830100454390048980712890625">
        <ele>3.2000000476837158203125</ele>
        <time>2024-12-27T13:25:39.000Z</time>
        <extensions>
          <ns3:TrackPointExtension>
            <ns3:hr>130</ns3:hr>
            <ns3:cad>67</ns3:cad>
          </ns3:TrackPointExtension>
        </extensions>
      </trkpt>
      <trkpt lat="30.43608759529888629913330078125" lon="120.2683091349899768829345703125">
        <ele>3.2000000476837158203125</ele>
        <time>2024-12-27T13:25:40.000Z</time>
        <extensions>
          <ns3:TrackPointExtension>
            <ns3:hr>130</ns3:hr>
            <ns3:cad>66</ns3:cad>
          </ns3:TrackPointExtension>
        </extensions>
      </trkpt>
      <trkpt lat="30.43607636354863643646240234375" lon="120.26831357739865779876708984375">
        <ele>3.2000000476837158203125</ele>
        <time>2024-12-27T13:25:41.000Z</time>
        <extensions>
          <ns3:TrackPointExtension>
            <ns3:hr>129</ns3:hr>
            <ns3:cad>66</ns3:cad>
          </ns3:TrackPointExtension>
        </extensions>
      </trkpt>
      <trkpt lat="30.43606278486549854278564453125" lon="120.2683171816170215606689453125">
        <ele>3.2000000476837158203125</ele>
        <time>2024-12-27T13:25:42.000Z</time>
        <extensions>
          <ns3:TrackPointExtension>
            <ns3:hr>128</ns3:hr>
            <ns3:cad>67</ns3:cad>
          </ns3:TrackPointExtension>
        </extensions>
      </trkpt>
      <trkpt lat="30.43604669161140918731689453125" lon="120.26831843890249729156494140625">
        <ele>3.400000095367431640625</ele>
        <time>2024-12-27T13:25:43.000Z</time>
        <extensions>
          <ns3:TrackPointExtension>
            <ns3:hr>126</ns3:hr>
            <ns3:cad>67</ns3:cad>
          </ns3:TrackPointExtension>
        </extensions>
      </trkpt>
      <trkpt lat="30.436027161777019500732421875" lon="120.26832162402570247650146484375">
        <ele>3.400000095367431640625</ele>
        <time>2024-12-27T13:25:44.000Z</time>
        <extensions>
          <ns3:TrackPointExtension>
            <ns3:hr>127</ns3:hr>
            <ns3:cad>67</ns3:cad>
          </ns3:TrackPointExtension>
        </extensions>
      </trkpt>
      <trkpt lat="30.436003692448139190673828125" lon="120.2683228813111782073974609375">
        <ele>3.400000095367431640625</ele>
        <time>2024-12-27T13:25:45.000Z</time>
        <extensions>
          <ns3:TrackPointExtension>
            <ns3:hr>127</ns3:hr>
            <ns3:cad>67</ns3:cad>
          </ns3:TrackPointExtension>
        </extensions>
      </trkpt>
      <trkpt lat="30.43598114512860774993896484375" lon="120.26832866482436656951904296875">
        <ele>3.599999904632568359375</ele>
        <time>2024-12-27T13:25:46.000Z</time>
        <extensions>
          <ns3:TrackPointExtension>
            <ns3:hr>127</ns3:hr>
            <ns3:cad>67</ns3:cad>
          </ns3:TrackPointExtension>
        </extensions>
      </trkpt>
      <trkpt lat="30.4359622858464717864990234375" lon="120.2683309279382228851318359375">
        <ele>3.599999904632568359375</ele>
        <time>2024-12-27T13:25:47.000Z</time>
        <extensions>
          <ns3:TrackPointExtension>
            <ns3:hr>130</ns3:hr>
            <ns3:cad>84</ns3:cad>
          </ns3:TrackPointExtension>
        </extensions>
      </trkpt>
      <trkpt lat="30.43594812043011188507080078125" lon="120.26833352632820606231689453125">
        <ele>3.7999999523162841796875</ele>
        <time>2024-12-27T13:25:48.000Z</time>
        <extensions>
          <ns3:TrackPointExtension>
            <ns3:hr>127</ns3:hr>
            <ns3:cad>86</ns3:cad>
          </ns3:TrackPointExtension>
        </extensions>
      </trkpt>
      <trkpt lat="30.43593160808086395263671875" lon="120.26833788491785526275634765625">
        <ele>3.7999999523162841796875</ele>
        <time>2024-12-27T13:25:49.000Z</time>
        <extensions>
          <ns3:TrackPointExtension>
            <ns3:hr>127</ns3:hr>
            <ns3:cad>87</ns3:cad>
          </ns3:TrackPointExtension>
        </extensions>
      </trkpt>
      <trkpt lat="30.4359143413603305816650390625" lon="120.268345177173614501953125">
        <ele>3.7999999523162841796875</ele>
        <time>2024-12-27T13:25:50.000Z</time>
        <extensions>
          <ns3:TrackPointExtension>
            <ns3:hr>128</ns3:hr>
            <ns3:cad>87</ns3:cad>
          </ns3:TrackPointExtension>
        </extensions>
      </trkpt>
      <trkpt lat="30.4358979128301143646240234375" lon="120.26835280470550060272216796875">
        <ele>4</ele>
        <time>2024-12-27T13:25:51.000Z</time>
        <extensions>
          <ns3:TrackPointExtension>
            <ns3:hr>128</ns3:hr>
            <ns3:cad>87</ns3:cad>
          </ns3:TrackPointExtension>
        </extensions>
      </trkpt>
      <trkpt lat="30.43588056229054927825927734375" lon="120.26835951022803783416748046875">
        <ele>4</ele>
        <time>2024-12-27T13:25:52.000Z</time>
        <extensions>
          <ns3:TrackPointExtension>
            <ns3:hr>128</ns3:hr>
            <ns3:cad>87</ns3:cad>
          </ns3:TrackPointExtension>
        </extensions>
      </trkpt>
      <trkpt lat="30.435865223407745361328125" lon="120.268366970121860504150390625">
        <ele>4</ele>
        <time>2024-12-27T13:25:53.000Z</time>
        <extensions>
          <ns3:TrackPointExtension>
            <ns3:hr>129</ns3:hr>
            <ns3:cad>87</ns3:cad>
          </ns3:TrackPointExtension>
        </extensions>
      </trkpt>
      <trkpt lat="30.43585248291492462158203125" lon="120.26837543584406375885009765625">
        <ele>4</ele>
        <time>2024-12-27T13:25:54.000Z</time>
        <extensions>
          <ns3:TrackPointExtension>
            <ns3:hr>129</ns3:hr>
            <ns3:cad>68</ns3:cad>
          </ns3:TrackPointExtension>
        </extensions>
      </trkpt>
      <trkpt lat="30.4358409158885478973388671875" lon="120.268383063375949859619140625">
        <ele>4</ele>
        <time>2024-12-27T13:25:55.000Z</time>
        <extensions>
          <ns3:TrackPointExtension>
            <ns3:hr>129</ns3:hr>
            <ns3:cad>66</ns3:cad>
          </ns3:TrackPointExtension>
        </extensions>
      </trkpt>
      <trkpt lat="30.43582909740507602691650390625" lon="120.268389098346233367919921875">
        <ele>4</ele>
        <time>2024-12-27T13:25:56.000Z</time>
        <extensions>
          <ns3:TrackPointExtension>
            <ns3:hr>129</ns3:hr>
            <ns3:cad>66</ns3:cad>
          </ns3:TrackPointExtension>
        </extensions>
      </trkpt>
      <trkpt lat="30.4358164407312870025634765625" lon="120.26839622296392917633056640625">
        <ele>4</ele>
        <time>2024-12-27T13:25:57.000Z</time>
        <extensions>
          <ns3:TrackPointExtension>
            <ns3:hr>128</ns3:hr>
            <ns3:cad>67</ns3:cad>
          </ns3:TrackPointExtension>
        </extensions>
      </trkpt>
      <trkpt lat="30.4358013533055782318115234375" lon="120.268404521048069000244140625">
        <ele>4</ele>
        <time>2024-12-27T13:25:58.000Z</time>
        <extensions>
          <ns3:TrackPointExtension>
            <ns3:hr>128</ns3:hr>
            <ns3:cad>67</ns3:cad>
          </ns3:TrackPointExtension>
        </extensions>
      </trkpt>
      <trkpt lat="30.435788445174694061279296875" lon="120.26841424405574798583984375">
        <ele>4</ele>
        <time>2024-12-27T13:25:59.000Z</time>
        <extensions>
          <ns3:TrackPointExtension>
            <ns3:hr>126</ns3:hr>
            <ns3:cad>67</ns3:cad>
          </ns3:TrackPointExtension>
        </extensions>
      </trkpt>
      <trkpt lat="30.43577696196734905242919921875" lon="120.26842053048312664031982421875">
        <ele>4</ele>
        <time>2024-12-27T13:26:00.000Z</time>
        <extensions>
          <ns3:TrackPointExtension>
            <ns3:hr>126</ns3:hr>
            <ns3:cad>67</ns3:cad>
          </ns3:TrackPointExtension>
        </extensions>
      </trkpt>
      <trkpt lat="30.4357651434838771820068359375" lon="120.26843042112886905670166015625">
        <ele>4</ele>
        <time>2024-12-27T13:26:01.000Z</time>
        <extensions>
          <ns3:TrackPointExtension>
            <ns3:hr>125</ns3:hr>
            <ns3:cad>67</ns3:cad>
          </ns3:TrackPointExtension>
        </extensions>
      </trkpt>
      <trkpt lat="30.4357517324388027191162109375" lon="120.2684403955936431884765625">
        <ele>4.19999980926513671875</ele>
        <time>2024-12-27T13:26:02.000Z</time>
        <extensions>
          <ns3:TrackPointExtension>
            <ns3:hr>125</ns3:hr>
            <ns3:cad>66</ns3:cad>
          </ns3:TrackPointExtension>
        </extensions>
      </trkpt>
      <trkpt lat="30.43573915958404541015625" lon="120.26845313608646392822265625">
        <ele>4.19999980926513671875</ele>
        <time>2024-12-27T13:26:03.000Z</time>
        <extensions>
          <ns3:TrackPointExtension>
            <ns3:hr>125</ns3:hr>
            <ns3:cad>66</ns3:cad>
          </ns3:TrackPointExtension>
        </extensions>
      </trkpt>
      <trkpt lat="30.43572776019573211669921875" lon="120.26846545748412609100341796875">
        <ele>4.19999980926513671875</ele>
        <time>2024-12-27T13:26:04.000Z</time>
        <extensions>
          <ns3:TrackPointExtension>
            <ns3:hr>125</ns3:hr>
            <ns3:cad>66</ns3:cad>
          </ns3:TrackPointExtension>
        </extensions>
      </trkpt>
      <trkpt lat="30.43571770191192626953125" lon="120.2684771083295345306396484375">
        <ele>4.19999980926513671875</ele>
        <time>2024-12-27T13:26:05.000Z</time>
        <extensions>
          <ns3:TrackPointExtension>
            <ns3:hr>124</ns3:hr>
            <ns3:cad>66</ns3:cad>
          </ns3:TrackPointExtension>
        </extensions>
      </trkpt>
      <trkpt lat="30.43570496141910552978515625" lon="120.268489681184291839599609375">
        <ele>4.400000095367431640625</ele>
        <time>2024-12-27T13:26:06.000Z</time>
        <extensions>
          <ns3:TrackPointExtension>
            <ns3:hr>124</ns3:hr>
            <ns3:cad>66</ns3:cad>
          </ns3:TrackPointExtension>
        </extensions>
      </trkpt>
      <trkpt lat="30.43569180183112621307373046875" lon="120.2684965543448925018310546875">
        <ele>4.400000095367431640625</ele>
        <time>2024-12-27T13:26:07.000Z</time>
        <extensions>
          <ns3:TrackPointExtension>
            <ns3:hr>124</ns3:hr>
            <ns3:cad>66</ns3:cad>
          </ns3:TrackPointExtension>
        </extensions>
      </trkpt>
      <trkpt lat="30.43568040244281291961669921875" lon="120.26850686408579349517822265625">
        <ele>4.400000095367431640625</ele>
        <time>2024-12-27T13:26:08.000Z</time>
        <extensions>
          <ns3:TrackPointExtension>
            <ns3:hr>123</ns3:hr>
            <ns3:cad>66</ns3:cad>
          </ns3:TrackPointExtension>
        </extensions>
      </trkpt>
      <trkpt lat="30.435667745769023895263671875" lon="120.26851843111217021942138671875">
        <ele>4.400000095367431640625</ele>
        <time>2024-12-27T13:26:09.000Z</time>
        <extensions>
          <ns3:TrackPointExtension>
            <ns3:hr>123</ns3:hr>
            <ns3:cad>66</ns3:cad>
          </ns3:TrackPointExtension>
        </extensions>
      </trkpt>
      <trkpt lat="30.435654334723949432373046875" lon="120.26852832175791263580322265625">
        <ele>4.400000095367431640625</ele>
        <time>2024-12-27T13:26:10.000Z</time>
        <extensions>
          <ns3:TrackPointExtension>
            <ns3:hr>122</ns3:hr>
            <ns3:cad>66</ns3:cad>
          </ns3:TrackPointExtension>
        </extensions>
      </trkpt>
      <trkpt lat="30.4356350563466548919677734375" lon="120.2685364522039890289306640625">
        <ele>4.599999904632568359375</ele>
        <time>2024-12-27T13:26:11.000Z</time>
        <extensions>
          <ns3:TrackPointExtension>
            <ns3:hr>121</ns3:hr>
            <ns3:cad>66</ns3:cad>
          </ns3:TrackPointExtension>
        </extensions>
      </trkpt>
      <trkpt lat="30.43561376631259918212890625" lon="120.2685471810400485992431640625">
        <ele>4.599999904632568359375</ele>
        <time>2024-12-27T13:26:12.000Z</time>
        <extensions>
          <ns3:TrackPointExtension>
            <ns3:hr>121</ns3:hr>
            <ns3:cad>66</ns3:cad>
          </ns3:TrackPointExtension>
        </extensions>
      </trkpt>
      <trkpt lat="30.43559054844081401824951171875" lon="120.26855447329580783843994140625">
        <ele>4.80000019073486328125</ele>
        <time>2024-12-27T13:26:13.000Z</time>
        <extensions>
          <ns3:TrackPointExtension>
            <ns3:hr>120</ns3:hr>
            <ns3:cad>88</ns3:cad>
          </ns3:TrackPointExtension>
        </extensions>
      </trkpt>
      <trkpt lat="30.43556808494031429290771484375" lon="120.2685622684657573699951171875">
        <ele>4.80000019073486328125</ele>
        <time>2024-12-27T13:26:14.000Z</time>
        <extensions>
          <ns3:TrackPointExtension>
            <ns3:hr>120</ns3:hr>
            <ns3:cad>89</ns3:cad>
          </ns3:TrackPointExtension>
        </extensions>
      </trkpt>
      <trkpt lat="30.435549058020114898681640625" lon="120.2685756795108318328857421875">
        <ele>4.80000019073486328125</ele>
        <time>2024-12-27T13:26:15.000Z</time>
        <extensions>
          <ns3:TrackPointExtension>
            <ns3:hr>119</ns3:hr>
            <ns3:cad>89</ns3:cad>
          </ns3:TrackPointExtension>
        </extensions>
      </trkpt>
      <trkpt lat="30.435527600347995758056640625" lon="120.2685867436230182647705078125">
        <ele>5</ele>
        <time>2024-12-27T13:26:16.000Z</time>
        <extensions>
          <ns3:TrackPointExtension>
            <ns3:hr>118</ns3:hr>
            <ns3:cad>89</ns3:cad>
          </ns3:TrackPointExtension>
        </extensions>
      </trkpt>
      <trkpt lat="30.43550354428589344024658203125" lon="120.2685994841158390045166015625">
        <ele>5</ele>
        <time>2024-12-27T13:26:17.000Z</time>
        <extensions>
          <ns3:TrackPointExtension>
            <ns3:hr>117</ns3:hr>
            <ns3:cad>89</ns3:cad>
          </ns3:TrackPointExtension>
        </extensions>
      </trkpt>
      <trkpt lat="30.4354804940521717071533203125" lon="120.26861147023737430572509765625">
        <ele>5</ele>
        <time>2024-12-27T13:26:18.000Z</time>
        <extensions>
          <ns3:TrackPointExtension>
            <ns3:hr>117</ns3:hr>
            <ns3:cad>90</ns3:cad>
          </ns3:TrackPointExtension>
        </extensions>
      </trkpt>
      <trkpt lat="30.4354576952755451202392578125" lon="120.2686226181685924530029296875">
        <ele>5</ele>
        <time>2024-12-27T13:26:19.000Z</time>
        <extensions>
          <ns3:TrackPointExtension>
            <ns3:hr>117</ns3:hr>
            <ns3:cad>90</ns3:cad>
          </ns3:TrackPointExtension>
        </extensions>
      </trkpt>
      <trkpt lat="30.43543581850826740264892578125" lon="120.26863393373787403106689453125">
        <ele>5</ele>
        <time>2024-12-27T13:26:20.000Z</time>
        <extensions>
          <ns3:TrackPointExtension>
            <ns3:hr>117</ns3:hr>
            <ns3:cad>90</ns3:cad>
          </ns3:TrackPointExtension>
        </extensions>
      </trkpt>
      <trkpt lat="30.435414947569370269775390625" lon="120.2686474286019802093505859375">
        <ele>5</ele>
        <time>2024-12-27T13:26:21.000Z</time>
        <extensions>
          <ns3:TrackPointExtension>
            <ns3:hr>117</ns3:hr>
            <ns3:cad>90</ns3:cad>
          </ns3:TrackPointExtension>
        </extensions>
      </trkpt>
      <trkpt lat="30.435395501554012298583984375" lon="120.26866410858929157257080078125">
        <ele>5</ele>
        <time>2024-12-27T13:26:22.000Z</time>
        <extensions>
          <ns3:TrackPointExtension>
            <ns3:hr>117</ns3:hr>
            <ns3:cad>90</ns3:cad>
          </ns3:TrackPointExtension>
        </extensions>
      </trkpt>
      <trkpt lat="30.435384102165699005126953125" lon="120.26868104003369808197021484375">
        <ele>5</ele>
        <time>2024-12-27T13:26:23.000Z</time>
        <extensions>
          <ns3:TrackPointExtension>
            <ns3:hr>118</ns3:hr>
            <ns3:cad>89</ns3:cad>
          </ns3:TrackPointExtension>
        </extensions>
      </trkpt>
      <trkpt lat="30.4353772290050983428955078125" lon="120.26869562454521656036376953125">
        <ele>5</ele>
        <time>2024-12-27T13:26:24.000Z</time>
        <extensions>
          <ns3:TrackPointExtension>
            <ns3:hr>119</ns3:hr>
            <ns3:cad>89</ns3:cad>
          </ns3:TrackPointExtension>
        </extensions>
      </trkpt>
      <trkpt lat="30.43536826036870479583740234375" lon="120.26870953850448131561279296875">
        <ele>5</ele>
        <time>2024-12-27T13:26:25.000Z</time>
        <extensions>
          <ns3:TrackPointExtension>
            <ns3:hr>120</ns3:hr>
            <ns3:cad>89</ns3:cad>
          </ns3:TrackPointExtension>
        </extensions>
      </trkpt>
      <trkpt lat="30.43535551987588405609130859375" lon="120.2687201835215091705322265625">
        <ele>5</ele>
        <time>2024-12-27T13:26:26.000Z</time>
        <extensions>
          <ns3:TrackPointExtension>
            <ns3:hr>121</ns3:hr>
            <ns3:cad>89</ns3:cad>
          </ns3:TrackPointExtension>
        </extensions>
      </trkpt>
      <trkpt lat="30.4353437013924121856689453125" lon="120.2687285654246807098388671875">
        <ele>5</ele>
        <time>2024-12-27T13:26:27.000Z</time>
        <extensions>
          <ns3:TrackPointExtension>
            <ns3:hr>122</ns3:hr>
            <ns3:cad>89</ns3:cad>
          </ns3:TrackPointExtension>
        </extensions>
      </trkpt>
      <trkpt lat="30.4353316314518451690673828125" lon="120.2687416411936283111572265625">
        <ele>5</ele>
        <time>2024-12-27T13:26:28.000Z</time>
        <extensions>
          <ns3:TrackPointExtension>
            <ns3:hr>123</ns3:hr>
            <ns3:cad>89</ns3:cad>
          </ns3:TrackPointExtension>
        </extensions>
      </trkpt>
      <trkpt lat="30.435312353074550628662109375" lon="120.268761254847049713134765625">
        <ele>5</ele>
        <time>2024-12-27T13:26:29.000Z</time>
        <extensions>
          <ns3:TrackPointExtension>
            <ns3:hr>125</ns3:hr>
            <ns3:cad>79</ns3:cad>
          </ns3:TrackPointExtension>
        </extensions>
      </trkpt>
      <trkpt lat="30.4352850280702114105224609375" lon="120.268771648406982421875">
        <ele>5</ele>
        <time>2024-12-27T13:26:30.000Z</time>
        <extensions>
          <ns3:TrackPointExtension>
            <ns3:hr>126</ns3:hr>
            <ns3:cad>79</ns3:cad>
          </ns3:TrackPointExtension>
        </extensions>
      </trkpt>
      <trkpt lat="30.435266084969043731689453125" lon="120.2687808685004711151123046875">
        <ele>5</ele>
        <time>2024-12-27T13:26:31.000Z</time>
        <extensions>
          <ns3:TrackPointExtension>
            <ns3:hr>127</ns3:hr>
            <ns3:cad>86</ns3:cad>
          </ns3:TrackPointExtension>
        </extensions>
      </trkpt>
      <trkpt lat="30.43524605222046375274658203125" lon="120.26879034005105495452880859375">
        <ele>5</ele>
        <time>2024-12-27T13:26:32.000Z</time>
        <extensions>
          <ns3:TrackPointExtension>
            <ns3:hr>128</ns3:hr>
            <ns3:cad>88</ns3:cad>
          </ns3:TrackPointExtension>
        </extensions>
      </trkpt>
      <trkpt lat="30.43522643856704235076904296875" lon="120.26881380937993526458740234375">
        <ele>5</ele>
        <time>2024-12-27T13:26:33.000Z</time>
        <extensions>
          <ns3:TrackPointExtension>
            <ns3:hr>129</ns3:hr>
            <ns3:cad>88</ns3:cad>
          </ns3:TrackPointExtension>
        </extensions>
      </trkpt>
      <trkpt lat="30.43520431034266948699951171875" lon="120.26883241720497608184814453125">
        <ele>5</ele>
        <time>2024-12-27T13:26:34.000Z</time>
        <extensions>
          <ns3:TrackPointExtension>
            <ns3:hr>129</ns3:hr>
            <ns3:cad>88</ns3:cad>
          </ns3:TrackPointExtension>
        </extensions>
      </trkpt>
      <trkpt lat="30.43518670834600925445556640625" lon="120.2688459120690822601318359375">
        <ele>5</ele>
        <time>2024-12-27T13:26:35.000Z</time>
        <extensions>
          <ns3:TrackPointExtension>
            <ns3:hr>130</ns3:hr>
            <ns3:cad>88</ns3:cad>
          </ns3:TrackPointExtension>
        </extensions>
      </trkpt>
      <trkpt lat="30.4351683519780635833740234375" lon="120.26885655708611011505126953125">
        <ele>5</ele>
        <time>2024-12-27T13:26:36.000Z</time>
        <extensions>
          <ns3:TrackPointExtension>
            <ns3:hr>131</ns3:hr>
            <ns3:cad>88</ns3:cad>
          </ns3:TrackPointExtension>
        </extensions>
      </trkpt>
      <trkpt lat="30.43515510857105255126953125" lon="120.26886795647442340850830078125">
        <ele>5</ele>
        <time>2024-12-27T13:26:37.000Z</time>
        <extensions>
          <ns3:TrackPointExtension>
            <ns3:hr>132</ns3:hr>
            <ns3:cad>89</ns3:cad>
          </ns3:TrackPointExtension>
        </extensions>
      </trkpt>
      <trkpt lat="30.4351423680782318115234375" lon="120.26887583546340465545654296875">
        <ele>5</ele>
        <time>2024-12-27T13:26:38.000Z</time>
        <extensions>
          <ns3:TrackPointExtension>
            <ns3:hr>133</ns3:hr>
            <ns3:cad>89</ns3:cad>
          </ns3:TrackPointExtension>
        </extensions>
      </trkpt>
      <trkpt lat="30.435131303966045379638671875" lon="120.26888404972851276397705078125">
        <ele>5.19999980926513671875</ele>
        <time>2024-12-27T13:26:39.000Z</time>
        <extensions>
          <ns3:TrackPointExtension>
            <ns3:hr>135</ns3:hr>
            <ns3:cad>89</ns3:cad>
          </ns3:TrackPointExtension>
        </extensions>
      </trkpt>
      <trkpt lat="30.43511931784451007843017578125" lon="120.26889293454587459564208984375">
        <ele>5.19999980926513671875</ele>
        <time>2024-12-27T13:26:40.000Z</time>
        <extensions>
          <ns3:TrackPointExtension>
            <ns3:hr>136</ns3:hr>
            <ns3:cad>89</ns3:cad>
          </ns3:TrackPointExtension>
        </extensions>
      </trkpt>
      <trkpt lat="30.43510548770427703857421875" lon="120.2688998915255069732666015625">
        <ele>5.19999980926513671875</ele>
        <time>2024-12-27T13:26:41.000Z</time>
        <extensions>
          <ns3:TrackPointExtension>
            <ns3:hr>137</ns3:hr>
            <ns3:cad>89</ns3:cad>
          </ns3:TrackPointExtension>
        </extensions>
      </trkpt>
      <trkpt lat="30.43508931063115596771240234375" lon="120.26890768669545650482177734375">
        <ele>5.19999980926513671875</ele>
        <time>2024-12-27T13:26:42.000Z</time>
        <extensions>
          <ns3:TrackPointExtension>
            <ns3:hr>137</ns3:hr>
            <ns3:cad>66</ns3:cad>
          </ns3:TrackPointExtension>
        </extensions>
      </trkpt>
      <trkpt lat="30.43507036752998828887939453125" lon="120.2689151465892791748046875">
        <ele>5.19999980926513671875</ele>
        <time>2024-12-27T13:26:43.000Z</time>
        <extensions>
          <ns3:TrackPointExtension>
            <ns3:hr>138</ns3:hr>
            <ns3:cad>66</ns3:cad>
          </ns3:TrackPointExtension>
        </extensions>
      </trkpt>
      <trkpt lat="30.43505460955202579498291015625" lon="120.26892059482634067535400390625">
        <ele>5.19999980926513671875</ele>
        <time>2024-12-27T13:26:44.000Z</time>
        <extensions>
          <ns3:TrackPointExtension>
            <ns3:hr>138</ns3:hr>
            <ns3:cad>66</ns3:cad>
          </ns3:TrackPointExtension>
        </extensions>
      </trkpt>
      <trkpt lat="30.43504019267857074737548828125" lon="120.26892763562500476837158203125">
        <ele>5.19999980926513671875</ele>
        <time>2024-12-27T13:26:45.000Z</time>
        <extensions>
          <ns3:TrackPointExtension>
            <ns3:hr>137</ns3:hr>
            <ns3:cad>67</ns3:cad>
          </ns3:TrackPointExtension>
        </extensions>
      </trkpt>
      <trkpt lat="30.4350295476615428924560546875" lon="120.26893786154687404632568359375">
        <ele>5</ele>
        <time>2024-12-27T13:26:46.000Z</time>
        <extensions>
          <ns3:TrackPointExtension>
            <ns3:hr>136</ns3:hr>
            <ns3:cad>67</ns3:cad>
          </ns3:TrackPointExtension>
        </extensions>
      </trkpt>
      <trkpt lat="30.43501974083483219146728515625" lon="120.26894724927842617034912109375">
        <ele>5</ele>
        <time>2024-12-27T13:26:47.000Z</time>
        <extensions>
          <ns3:TrackPointExtension>
            <ns3:hr>136</ns3:hr>
            <ns3:cad>67</ns3:cad>
          </ns3:TrackPointExtension>
        </extensions>
      </trkpt>
      <trkpt lat="30.43501001782715320587158203125" lon="120.2689555473625659942626953125">
        <ele>5</ele>
        <time>2024-12-27T13:26:48.000Z</time>
        <extensions>
          <ns3:TrackPointExtension>
            <ns3:hr>135</ns3:hr>
            <ns3:cad>67</ns3:cad>
          </ns3:TrackPointExtension>
        </extensions>
      </trkpt>
      <trkpt lat="30.43499811552464962005615234375" lon="120.2689629234373569488525390625">
        <ele>4.80000019073486328125</ele>
        <time>2024-12-27T13:26:49.000Z</time>
        <extensions>
          <ns3:TrackPointExtension>
            <ns3:hr>135</ns3:hr>
            <ns3:cad>67</ns3:cad>
          </ns3:TrackPointExtension>
        </extensions>
      </trkpt>
      <trkpt lat="30.43498369865119457244873046875" lon="120.26897172443568706512451171875">
        <ele>4.80000019073486328125</ele>
        <time>2024-12-27T13:26:50.000Z</time>
        <extensions>
          <ns3:TrackPointExtension>
            <ns3:hr>135</ns3:hr>
            <ns3:cad>67</ns3:cad>
          </ns3:TrackPointExtension>
        </extensions>
      </trkpt>
      <trkpt lat="30.43497011996805667877197265625" lon="120.26898127980530261993408203125">
        <ele>4.80000019073486328125</ele>
        <time>2024-12-27T13:26:51.000Z</time>
        <extensions>
          <ns3:TrackPointExtension>
            <ns3:hr>134</ns3:hr>
            <ns3:cad>67</ns3:cad>
          </ns3:TrackPointExtension>
        </extensions>
      </trkpt>
      <trkpt lat="30.43495570309460163116455078125" lon="120.26898982934653759002685546875">
        <ele>4.599999904632568359375</ele>
        <time>2024-12-27T13:26:52.000Z</time>
        <extensions>
          <ns3:TrackPointExtension>
            <ns3:hr>134</ns3:hr>
            <ns3:cad>67</ns3:cad>
          </ns3:TrackPointExtension>
        </extensions>
      </trkpt>
      <trkpt lat="30.43494178913533687591552734375" lon="120.26899754069745540618896484375">
        <ele>4.599999904632568359375</ele>
        <time>2024-12-27T13:26:53.000Z</time>
        <extensions>
          <ns3:TrackPointExtension>
            <ns3:hr>134</ns3:hr>
            <ns3:cad>67</ns3:cad>
          </ns3:TrackPointExtension>
        </extensions>
      </trkpt>
      <trkpt lat="30.43492670170962810516357421875" lon="120.26900541968643665313720703125">
        <ele>4.599999904632568359375</ele>
        <time>2024-12-27T13:26:54.000Z</time>
        <extensions>
          <ns3:TrackPointExtension>
            <ns3:hr>133</ns3:hr>
            <ns3:cad>67</ns3:cad>
          </ns3:TrackPointExtension>
        </extensions>
      </trkpt>
      <trkpt lat="30.43491178192198276519775390625" lon="120.269021093845367431640625">
        <ele>4.400000095367431640625</ele>
        <time>2024-12-27T13:26:55.000Z</time>
        <extensions>
          <ns3:TrackPointExtension>
            <ns3:hr>133</ns3:hr>
            <ns3:cad>68</ns3:cad>
          </ns3:TrackPointExtension>
        </extensions>
      </trkpt>
      <trkpt lat="30.434893928468227386474609375" lon="120.26903249323368072509765625">
        <ele>4.400000095367431640625</ele>
        <time>2024-12-27T13:26:56.000Z</time>
        <extensions>
          <ns3:TrackPointExtension>
            <ns3:hr>133</ns3:hr>
            <ns3:cad>68</ns3:cad>
          </ns3:TrackPointExtension>
        </extensions>
      </trkpt>
      <trkpt lat="30.43487573973834514617919921875" lon="120.26904498226940631866455078125">
        <ele>4.400000095367431640625</ele>
        <time>2024-12-27T13:26:57.000Z</time>
        <extensions>
          <ns3:TrackPointExtension>
            <ns3:hr>132</ns3:hr>
            <ns3:cad>86</ns3:cad>
          </ns3:TrackPointExtension>
        </extensions>
      </trkpt>
      <trkpt lat="30.4348562099039554595947265625" lon="120.26905789040029048919677734375">
        <ele>4.400000095367431640625</ele>
        <time>2024-12-27T13:26:58.000Z</time>
        <extensions>
          <ns3:TrackPointExtension>
            <ns3:hr>133</ns3:hr>
            <ns3:cad>87</ns3:cad>
          </ns3:TrackPointExtension>
        </extensions>
      </trkpt>
      <trkpt lat="30.43483869172632694244384765625" lon="120.26907264254987239837646484375">
        <ele>4.400000095367431640625</ele>
        <time>2024-12-27T13:26:59.000Z</time>
        <extensions>
          <ns3:TrackPointExtension>
            <ns3:hr>132</ns3:hr>
            <ns3:cad>87</ns3:cad>
          </ns3:TrackPointExtension>
        </extensions>
      </trkpt>
      <trkpt lat="30.434820838272571563720703125" lon="120.26908840052783489227294921875">
        <ele>4.400000095367431640625</ele>
        <time>2024-12-27T13:27:00.000Z</time>
        <extensions>
          <ns3:TrackPointExtension>
            <ns3:hr>132</ns3:hr>
            <ns3:cad>89</ns3:cad>
          </ns3:TrackPointExtension>
        </extensions>
      </trkpt>
      <trkpt lat="30.4348049126565456390380859375" lon="120.26910088956356048583984375">
        <ele>4.400000095367431640625</ele>
        <time>2024-12-27T13:27:01.000Z</time>
        <extensions>
          <ns3:TrackPointExtension>
            <ns3:hr>133</ns3:hr>
            <ns3:cad>89</ns3:cad>
          </ns3:TrackPointExtension>
        </extensions>
      </trkpt>
      <trkpt lat="30.4347904957830905914306640625" lon="120.2691161446273326873779296875">
        <ele>4.400000095367431640625</ele>
        <time>2024-12-27T13:27:02.000Z</time>
        <extensions>
          <ns3:TrackPointExtension>
            <ns3:hr>133</ns3:hr>
            <ns3:cad>89</ns3:cad>
          </ns3:TrackPointExtension>
        </extensions>
      </trkpt>
      <trkpt lat="30.43477649800479412078857421875" lon="120.26912771165370941162109375">
        <ele>4.599999904632568359375</ele>
        <time>2024-12-27T13:27:03.000Z</time>
        <extensions>
          <ns3:TrackPointExtension>
            <ns3:hr>134</ns3:hr>
            <ns3:cad>88</ns3:cad>
          </ns3:TrackPointExtension>
        </extensions>
      </trkpt>
      <trkpt lat="30.43476442806422710418701171875" lon="120.26913709938526153564453125">
        <ele>4.599999904632568359375</ele>
        <time>2024-12-27T13:27:04.000Z</time>
        <extensions>
          <ns3:TrackPointExtension>
            <ns3:hr>133</ns3:hr>
            <ns3:cad>88</ns3:cad>
          </ns3:TrackPointExtension>
        </extensions>
      </trkpt>
      <trkpt lat="30.43475436978042125701904296875" lon="120.26915025897324085235595703125">
        <ele>4.599999904632568359375</ele>
        <time>2024-12-27T13:27:05.000Z</time>
        <extensions>
          <ns3:TrackPointExtension>
            <ns3:hr>135</ns3:hr>
            <ns3:cad>88</ns3:cad>
          </ns3:TrackPointExtension>
        </extensions>
      </trkpt>
      <trkpt lat="30.43474498204886913299560546875" lon="120.269160233438014984130859375">
        <ele>4.599999904632568359375</ele>
        <time>2024-12-27T13:27:06.000Z</time>
        <extensions>
          <ns3:TrackPointExtension>
            <ns3:hr>133</ns3:hr>
            <ns3:cad>71</ns3:cad>
          </ns3:TrackPointExtension>
        </extensions>
      </trkpt>
      <trkpt lat="30.43473576195538043975830078125" lon="120.269166268408298492431640625">
        <ele>4.599999904632568359375</ele>
        <time>2024-12-27T13:27:07.000Z</time>
        <extensions>
          <ns3:TrackPointExtension>
            <ns3:hr>135</ns3:hr>
            <ns3:cad>65</ns3:cad>
          </ns3:TrackPointExtension>
        </extensions>
      </trkpt>
      <trkpt lat="30.434722267091274261474609375" lon="120.26917490176856517791748046875">
        <ele>4.599999904632568359375</ele>
        <time>2024-12-27T13:27:08.000Z</time>
        <extensions>
          <ns3:TrackPointExtension>
            <ns3:hr>132</ns3:hr>
            <ns3:cad>66</ns3:cad>
          </ns3:TrackPointExtension>
        </extensions>
      </trkpt>
      <trkpt lat="30.43470793403685092926025390625" lon="120.2691833674907684326171875">
        <ele>4.599999904632568359375</ele>
        <time>2024-12-27T13:27:09.000Z</time>
        <extensions>
          <ns3:TrackPointExtension>
            <ns3:hr>133</ns3:hr>
            <ns3:cad>66</ns3:cad>
          </ns3:TrackPointExtension>
        </extensions>
      </trkpt>
      <trkpt lat="30.4346944391727447509765625" lon="120.2691915817558765411376953125">
        <ele>4.599999904632568359375</ele>
        <time>2024-12-27T13:27:10.000Z</time>
        <extensions>
          <ns3:TrackPointExtension>
            <ns3:hr>133</ns3:hr>
            <ns3:cad>66</ns3:cad>
          </ns3:TrackPointExtension>
        </extensions>
      </trkpt>
      <trkpt lat="30.43468027375638484954833984375" lon="120.26920088566839694976806640625">
        <ele>4.599999904632568359375</ele>
        <time>2024-12-27T13:27:11.000Z</time>
        <extensions>
          <ns3:TrackPointExtension>
            <ns3:hr>131</ns3:hr>
            <ns3:cad>67</ns3:cad>
          </ns3:TrackPointExtension>
        </extensions>
      </trkpt>
      <trkpt lat="30.434664599597454071044921875" lon="120.2692120335996150970458984375">
        <ele>4.400000095367431640625</ele>
        <time>2024-12-27T13:27:12.000Z</time>
        <extensions>
          <ns3:TrackPointExtension>
            <ns3:hr>130</ns3:hr>
            <ns3:cad>67</ns3:cad>
          </ns3:TrackPointExtension>
        </extensions>
      </trkpt>
      <trkpt lat="30.43464892543852329254150390625" lon="120.269219912588596343994140625">
        <ele>4.400000095367431640625</ele>
        <time>2024-12-27T13:27:13.000Z</time>
        <extensions>
          <ns3:TrackPointExtension>
            <ns3:hr>129</ns3:hr>
            <ns3:cad>68</ns3:cad>
          </ns3:TrackPointExtension>
        </extensions>
      </trkpt>
      <trkpt lat="30.4346349276602268218994140625" lon="120.26922184042632579803466796875">
        <ele>4.400000095367431640625</ele>
        <time>2024-12-27T13:27:14.000Z</time>
        <extensions>
          <ns3:TrackPointExtension>
            <ns3:hr>128</ns3:hr>
            <ns3:cad>68</ns3:cad>
          </ns3:TrackPointExtension>
        </extensions>
      </trkpt>
    </trkseg>
  </trk>
</gpx>
