<gpx xmlns:ns3="http://www.garmin.com/xmlschemas/TrackPointExtension/v1" xmlns="http://www.topografix.com/GPX/1/1" xmlns:xsi="http://www.w3.org/2001/XMLSchema-instance" xmlns:ns2="http://www.garmin.com/xmlschemas/GpxExtensions/v3" creator="Garmin Connect" version="1.1" xsi:schemaLocation="http://www.topografix.com/GPX/1/1 http://www.topografix.com/GPX/11.xsd">
  <extensions>
<distance>4300.04</distance>
<average_hr>151.0</average_hr>
<average_speed>2.490999937057495</average_speed>
<start_time>2025-03-21T13:32:06+00:00</start_time>
<end_time>2025-03-21T14:00:52.418000+00:00</end_time>
<moving_time>1716.0</moving_time>
<elapsed_time>1868.412</elapsed_time>
</extensions>
<metadata>
    <link href="connect.garmin.com">
      <text>Garmin Connect</text>
    </link>
    <time>2025-03-21T13:32:06.000Z</time>
  </metadata>
  <trk>
    <name>杭州市 跑步</name>
    <type>running</type>
    <trkseg>
      <trkpt lat="30.4325729794800281524658203125" lon="120.2679763734340667724609375">
        <ele>6.599999904632568359375</ele>
        <time>2025-03-21T13:32:06.000Z</time>
        <extensions>
          <ns3:TrackPointExtension>
            <ns3:hr>107</ns3:hr>
            <ns3:cad>0</ns3:cad>
          </ns3:TrackPointExtension>
        </extensions>
      </trkpt>
      <trkpt lat="30.4325582273304462432861328125" lon="120.26798131875693798065185546875">
        <ele>6.599999904632568359375</ele>
        <time>2025-03-21T13:32:07.000Z</time>
        <extensions>
          <ns3:TrackPointExtension>
            <ns3:hr>106</ns3:hr>
            <ns3:cad>0</ns3:cad>
          </ns3:TrackPointExtension>
        </extensions>
      </trkpt>
      <trkpt lat="30.432471223175525665283203125" lon="120.26796824298799037933349609375">
        <ele>7</ele>
        <time>2025-03-21T13:32:13.000Z</time>
        <extensions>
          <ns3:TrackPointExtension>
            <ns3:hr>101</ns3:hr>
            <ns3:cad>0</ns3:cad>
          </ns3:TrackPointExtension>
        </extensions>
      </trkpt>
      <trkpt lat="30.43245018459856510162353515625" lon="120.26796388439834117889404296875">
        <ele>7</ele>
        <time>2025-03-21T13:32:14.000Z</time>
        <extensions>
          <ns3:TrackPointExtension>
            <ns3:hr>101</ns3:hr>
            <ns3:cad>0</ns3:cad>
          </ns3:TrackPointExtension>
        </extensions>
      </trkpt>
      <trkpt lat="30.43242805637419223785400390625" lon="120.26795617304742336273193359375">
        <ele>7</ele>
        <time>2025-03-21T13:32:15.000Z</time>
        <extensions>
          <ns3:TrackPointExtension>
            <ns3:hr>101</ns3:hr>
            <ns3:cad>85</ns3:cad>
          </ns3:TrackPointExtension>
        </extensions>
      </trkpt>
      <trkpt lat="30.43240777216851711273193359375" lon="120.26795097626745700836181640625">
        <ele>7</ele>
        <time>2025-03-21T13:32:16.000Z</time>
        <extensions>
          <ns3:TrackPointExtension>
            <ns3:hr>101</ns3:hr>
            <ns3:cad>85</ns3:cad>
          </ns3:TrackPointExtension>
        </extensions>
      </trkpt>
      <trkpt lat="30.43237910605967044830322265625" lon="120.26793655939400196075439453125">
        <ele>7</ele>
        <time>2025-03-21T13:32:17.000Z</time>
        <extensions>
          <ns3:TrackPointExtension>
            <ns3:hr>101</ns3:hr>
            <ns3:cad>85</ns3:cad>
          </ns3:TrackPointExtension>
        </extensions>
      </trkpt>
      <trkpt lat="30.43236468918621540069580078125" lon="120.2679205499589443206787109375">
        <ele>7</ele>
        <time>2025-03-21T13:32:18.000Z</time>
        <extensions>
          <ns3:TrackPointExtension>
            <ns3:hr>102</ns3:hr>
            <ns3:cad>85</ns3:cad>
          </ns3:TrackPointExtension>
        </extensions>
      </trkpt>
      <trkpt lat="30.43234574608504772186279296875" lon="120.2678932249546051025390625">
        <ele>7</ele>
        <time>2025-03-21T13:32:19.000Z</time>
        <extensions>
          <ns3:TrackPointExtension>
            <ns3:hr>103</ns3:hr>
            <ns3:cad>85</ns3:cad>
          </ns3:TrackPointExtension>
        </extensions>
      </trkpt>
      <trkpt lat="30.4323379509150981903076171875" lon="120.267870426177978515625">
        <ele>7</ele>
        <time>2025-03-21T13:32:20.000Z</time>
        <extensions>
          <ns3:TrackPointExtension>
            <ns3:hr>104</ns3:hr>
            <ns3:cad>85</ns3:cad>
          </ns3:TrackPointExtension>
        </extensions>
      </trkpt>
      <trkpt lat="30.43232269585132598876953125" lon="120.26784787885844707489013671875">
        <ele>7</ele>
        <time>2025-03-21T13:32:21.000Z</time>
        <extensions>
          <ns3:TrackPointExtension>
            <ns3:hr>105</ns3:hr>
            <ns3:cad>85</ns3:cad>
          </ns3:TrackPointExtension>
        </extensions>
      </trkpt>
      <trkpt lat="30.4323019087314605712890625" lon="120.2678270079195499420166015625">
        <ele>7</ele>
        <time>2025-03-21T13:32:22.000Z</time>
        <extensions>
          <ns3:TrackPointExtension>
            <ns3:hr>106</ns3:hr>
            <ns3:cad>85</ns3:cad>
          </ns3:TrackPointExtension>
        </extensions>
      </trkpt>
      <trkpt lat="30.43229226954281330108642578125" lon="120.267808400094509124755859375">
        <ele>7</ele>
        <time>2025-03-21T13:32:23.000Z</time>
        <extensions>
          <ns3:TrackPointExtension>
            <ns3:hr>107</ns3:hr>
            <ns3:cad>87</ns3:cad>
          </ns3:TrackPointExtension>
        </extensions>
      </trkpt>
      <trkpt lat="30.4322792775928974151611328125" lon="120.267784930765628814697265625">
        <ele>7</ele>
        <time>2025-03-21T13:32:24.000Z</time>
        <extensions>
          <ns3:TrackPointExtension>
            <ns3:hr>107</ns3:hr>
            <ns3:cad>89</ns3:cad>
          </ns3:TrackPointExtension>
        </extensions>
      </trkpt>
      <trkpt lat="30.4322742484509944915771484375" lon="120.26775978505611419677734375">
        <ele>6.80000019073486328125</ele>
        <time>2025-03-21T13:32:25.000Z</time>
        <extensions>
          <ns3:TrackPointExtension>
            <ns3:hr>109</ns3:hr>
            <ns3:cad>89</ns3:cad>
          </ns3:TrackPointExtension>
        </extensions>
      </trkpt>
      <trkpt lat="30.432265363633632659912109375" lon="120.2677331306040287017822265625">
        <ele>6.80000019073486328125</ele>
        <time>2025-03-21T13:32:26.000Z</time>
        <extensions>
          <ns3:TrackPointExtension>
            <ns3:hr>110</ns3:hr>
            <ns3:cad>89</ns3:cad>
          </ns3:TrackPointExtension>
        </extensions>
      </trkpt>
      <trkpt lat="30.4322531260550022125244140625" lon="120.26770823635160923004150390625">
        <ele>6.80000019073486328125</ele>
        <time>2025-03-21T13:32:27.000Z</time>
        <extensions>
          <ns3:TrackPointExtension>
            <ns3:hr>112</ns3:hr>
            <ns3:cad>89</ns3:cad>
          </ns3:TrackPointExtension>
        </extensions>
      </trkpt>
      <trkpt lat="30.432249605655670166015625" lon="120.26767889969050884246826171875">
        <ele>6.599999904632568359375</ele>
        <time>2025-03-21T13:32:28.000Z</time>
        <extensions>
          <ns3:TrackPointExtension>
            <ns3:hr>113</ns3:hr>
            <ns3:cad>90</ns3:cad>
          </ns3:TrackPointExtension>
        </extensions>
      </trkpt>
      <trkpt lat="30.4322440735995769500732421875" lon="120.26765241287648677825927734375">
        <ele>6.19999980926513671875</ele>
        <time>2025-03-21T13:32:29.000Z</time>
        <extensions>
          <ns3:TrackPointExtension>
            <ns3:hr>113</ns3:hr>
            <ns3:cad>90</ns3:cad>
          </ns3:TrackPointExtension>
        </extensions>
      </trkpt>
      <trkpt lat="30.432241894304752349853515625" lon="120.267621986567974090576171875">
        <ele>6</ele>
        <time>2025-03-21T13:32:30.000Z</time>
        <extensions>
          <ns3:TrackPointExtension>
            <ns3:hr>114</ns3:hr>
            <ns3:cad>90</ns3:cad>
          </ns3:TrackPointExtension>
        </extensions>
      </trkpt>
      <trkpt lat="30.43223644606769084930419921875" lon="120.26759491302073001861572265625">
        <ele>5.599999904632568359375</ele>
        <time>2025-03-21T13:32:31.000Z</time>
        <extensions>
          <ns3:TrackPointExtension>
            <ns3:hr>115</ns3:hr>
            <ns3:cad>90</ns3:cad>
          </ns3:TrackPointExtension>
        </extensions>
      </trkpt>
      <trkpt lat="30.43223175220191478729248046875" lon="120.26756440289318561553955078125">
        <ele>5.400000095367431640625</ele>
        <time>2025-03-21T13:32:32.000Z</time>
        <extensions>
          <ns3:TrackPointExtension>
            <ns3:hr>115</ns3:hr>
            <ns3:cad>92</ns3:cad>
          </ns3:TrackPointExtension>
        </extensions>
      </trkpt>
      <trkpt lat="30.432225801050662994384765625" lon="120.26753590442240238189697265625">
        <ele>5</ele>
        <time>2025-03-21T13:32:33.000Z</time>
        <extensions>
          <ns3:TrackPointExtension>
            <ns3:hr>116</ns3:hr>
            <ns3:cad>93</ns3:cad>
          </ns3:TrackPointExtension>
        </extensions>
      </trkpt>
      <trkpt lat="30.43221808969974517822265625" lon="120.2675098367035388946533203125">
        <ele>4.80000019073486328125</ele>
        <time>2025-03-21T13:32:34.000Z</time>
        <extensions>
          <ns3:TrackPointExtension>
            <ns3:hr>117</ns3:hr>
            <ns3:cad>93</ns3:cad>
          </ns3:TrackPointExtension>
        </extensions>
      </trkpt>
      <trkpt lat="30.43221062980592250823974609375" lon="120.26748376898467540740966796875">
        <ele>4.599999904632568359375</ele>
        <time>2025-03-21T13:32:35.000Z</time>
        <extensions>
          <ns3:TrackPointExtension>
            <ns3:hr>118</ns3:hr>
            <ns3:cad>92</ns3:cad>
          </ns3:TrackPointExtension>
        </extensions>
      </trkpt>
      <trkpt lat="30.4322038404643535614013671875" lon="120.26745803654193878173828125">
        <ele>4.400000095367431640625</ele>
        <time>2025-03-21T13:32:36.000Z</time>
        <extensions>
          <ns3:TrackPointExtension>
            <ns3:hr>118</ns3:hr>
            <ns3:cad>92</ns3:cad>
          </ns3:TrackPointExtension>
        </extensions>
      </trkpt>
      <trkpt lat="30.43219051323831081390380859375" lon="120.267433561384677886962890625">
        <ele>4.19999980926513671875</ele>
        <time>2025-03-21T13:32:37.000Z</time>
        <extensions>
          <ns3:TrackPointExtension>
            <ns3:hr>118</ns3:hr>
            <ns3:cad>92</ns3:cad>
          </ns3:TrackPointExtension>
        </extensions>
      </trkpt>
      <trkpt lat="30.4321790300309658050537109375" lon="120.2674075774848461151123046875">
        <ele>4</ele>
        <time>2025-03-21T13:32:38.000Z</time>
        <extensions>
          <ns3:TrackPointExtension>
            <ns3:hr>119</ns3:hr>
            <ns3:cad>92</ns3:cad>
          </ns3:TrackPointExtension>
        </extensions>
      </trkpt>
      <trkpt lat="30.432168133556842803955078125" lon="120.26738050393760204315185546875">
        <ele>4</ele>
        <time>2025-03-21T13:32:39.000Z</time>
        <extensions>
          <ns3:TrackPointExtension>
            <ns3:hr>120</ns3:hr>
            <ns3:cad>92</ns3:cad>
          </ns3:TrackPointExtension>
        </extensions>
      </trkpt>
      <trkpt lat="30.432156063616275787353515625" lon="120.26735569350421428680419921875">
        <ele>4</ele>
        <time>2025-03-21T13:32:40.000Z</time>
        <extensions>
          <ns3:TrackPointExtension>
            <ns3:hr>121</ns3:hr>
            <ns3:cad>91</ns3:cad>
          </ns3:TrackPointExtension>
        </extensions>
      </trkpt>
      <trkpt lat="30.4321401380002498626708984375" lon="120.26733540929853916168212890625">
        <ele>4</ele>
        <time>2025-03-21T13:32:41.000Z</time>
        <extensions>
          <ns3:TrackPointExtension>
            <ns3:hr>121</ns3:hr>
            <ns3:cad>90</ns3:cad>
          </ns3:TrackPointExtension>
        </extensions>
      </trkpt>
      <trkpt lat="30.4321139864623546600341796875" lon="120.26732099242508411407470703125">
        <ele>4</ele>
        <time>2025-03-21T13:32:42.000Z</time>
        <extensions>
          <ns3:TrackPointExtension>
            <ns3:hr>122</ns3:hr>
            <ns3:cad>90</ns3:cad>
          </ns3:TrackPointExtension>
        </extensions>
      </trkpt>
      <trkpt lat="30.43208858929574489593505859375" lon="120.26730380952358245849609375">
        <ele>4</ele>
        <time>2025-03-21T13:32:43.000Z</time>
        <extensions>
          <ns3:TrackPointExtension>
            <ns3:hr>123</ns3:hr>
            <ns3:cad>90</ns3:cad>
          </ns3:TrackPointExtension>
        </extensions>
      </trkpt>
      <trkpt lat="30.43207459151744842529296875" lon="120.2672828547656536102294921875">
        <ele>4</ele>
        <time>2025-03-21T13:32:44.000Z</time>
        <extensions>
          <ns3:TrackPointExtension>
            <ns3:hr>123</ns3:hr>
            <ns3:cad>90</ns3:cad>
          </ns3:TrackPointExtension>
        </extensions>
      </trkpt>
      <trkpt lat="30.43206528760492801666259765625" lon="120.2672600559890270233154296875">
        <ele>4</ele>
        <time>2025-03-21T13:32:45.000Z</time>
        <extensions>
          <ns3:TrackPointExtension>
            <ns3:hr>124</ns3:hr>
            <ns3:cad>91</ns3:cad>
          </ns3:TrackPointExtension>
        </extensions>
      </trkpt>
      <trkpt lat="30.432056151330471038818359375" lon="120.2672359161078929901123046875">
        <ele>4</ele>
        <time>2025-03-21T13:32:46.000Z</time>
        <extensions>
          <ns3:TrackPointExtension>
            <ns3:hr>124</ns3:hr>
            <ns3:cad>92</ns3:cad>
          </ns3:TrackPointExtension>
        </extensions>
      </trkpt>
      <trkpt lat="30.432050116360187530517578125" lon="120.26720582507550716400146484375">
        <ele>4</ele>
        <time>2025-03-21T13:32:47.000Z</time>
        <extensions>
          <ns3:TrackPointExtension>
            <ns3:hr>125</ns3:hr>
            <ns3:cad>93</ns3:cad>
          </ns3:TrackPointExtension>
        </extensions>
      </trkpt>
      <trkpt lat="30.43204483576118946075439453125" lon="120.26717883534729480743408203125">
        <ele>4</ele>
        <time>2025-03-21T13:32:48.000Z</time>
        <extensions>
          <ns3:TrackPointExtension>
            <ns3:hr>125</ns3:hr>
            <ns3:cad>93</ns3:cad>
          </ns3:TrackPointExtension>
        </extensions>
      </trkpt>
      <trkpt lat="30.43204030953347682952880859375" lon="120.267149247229099273681640625">
        <ele>4</ele>
        <time>2025-03-21T13:32:49.000Z</time>
        <extensions>
          <ns3:TrackPointExtension>
            <ns3:hr>125</ns3:hr>
            <ns3:cad>93</ns3:cad>
          </ns3:TrackPointExtension>
        </extensions>
      </trkpt>
      <trkpt lat="30.432035364210605621337890625" lon="120.2671195752918720245361328125">
        <ele>4</ele>
        <time>2025-03-21T13:32:50.000Z</time>
        <extensions>
          <ns3:TrackPointExtension>
            <ns3:hr>126</ns3:hr>
            <ns3:cad>93</ns3:cad>
          </ns3:TrackPointExtension>
        </extensions>
      </trkpt>
      <trkpt lat="30.432027988135814666748046875" lon="120.26708520948886871337890625">
        <ele>4</ele>
        <time>2025-03-21T13:32:51.000Z</time>
        <extensions>
          <ns3:TrackPointExtension>
            <ns3:hr>126</ns3:hr>
            <ns3:cad>93</ns3:cad>
          </ns3:TrackPointExtension>
        </extensions>
      </trkpt>
      <trkpt lat="30.43201901949942111968994140625" lon="120.26706500910222530364990234375">
        <ele>4</ele>
        <time>2025-03-21T13:32:52.000Z</time>
        <extensions>
          <ns3:TrackPointExtension>
            <ns3:hr>127</ns3:hr>
            <ns3:cad>94</ns3:cad>
          </ns3:TrackPointExtension>
        </extensions>
      </trkpt>
      <trkpt lat="30.4320107214152812957763671875" lon="120.2670402824878692626953125">
        <ele>4</ele>
        <time>2025-03-21T13:32:53.000Z</time>
        <extensions>
          <ns3:TrackPointExtension>
            <ns3:hr>127</ns3:hr>
            <ns3:cad>94</ns3:cad>
          </ns3:TrackPointExtension>
        </extensions>
      </trkpt>
      <trkpt lat="30.4320107214152812957763671875" lon="120.26701136492192745208740234375">
        <ele>4</ele>
        <time>2025-03-21T13:32:54.000Z</time>
        <extensions>
          <ns3:TrackPointExtension>
            <ns3:hr>127</ns3:hr>
            <ns3:cad>93</ns3:cad>
          </ns3:TrackPointExtension>
        </extensions>
      </trkpt>
      <trkpt lat="30.43200409971177577972412109375" lon="120.2669787593185901641845703125">
        <ele>4</ele>
        <time>2025-03-21T13:32:55.000Z</time>
        <extensions>
          <ns3:TrackPointExtension>
            <ns3:hr>128</ns3:hr>
            <ns3:cad>93</ns3:cad>
          </ns3:TrackPointExtension>
        </extensions>
      </trkpt>
      <trkpt lat="30.43199102394282817840576171875" lon="120.266961157321929931640625">
        <ele>4</ele>
        <time>2025-03-21T13:32:56.000Z</time>
        <extensions>
          <ns3:TrackPointExtension>
            <ns3:hr>128</ns3:hr>
            <ns3:cad>93</ns3:cad>
          </ns3:TrackPointExtension>
        </extensions>
      </trkpt>
      <trkpt lat="30.43197342194616794586181640625" lon="120.26694179512560367584228515625">
        <ele>4</ele>
        <time>2025-03-21T13:32:57.000Z</time>
        <extensions>
          <ns3:TrackPointExtension>
            <ns3:hr>128</ns3:hr>
            <ns3:cad>93</ns3:cad>
          </ns3:TrackPointExtension>
        </extensions>
      </trkpt>
      <trkpt lat="30.43195447884500026702880859375" lon="120.26691480539739131927490234375">
        <ele>4</ele>
        <time>2025-03-21T13:32:58.000Z</time>
        <extensions>
          <ns3:TrackPointExtension>
            <ns3:hr>128</ns3:hr>
            <ns3:cad>92</ns3:cad>
          </ns3:TrackPointExtension>
        </extensions>
      </trkpt>
      <trkpt lat="30.43194609694182872772216796875" lon="120.266893766820430755615234375">
        <ele>4</ele>
        <time>2025-03-21T13:32:59.000Z</time>
        <extensions>
          <ns3:TrackPointExtension>
            <ns3:hr>127</ns3:hr>
            <ns3:cad>91</ns3:cad>
          </ns3:TrackPointExtension>
        </extensions>
      </trkpt>
      <trkpt lat="30.43193989433348178863525390625" lon="120.26686434634029865264892578125">
        <ele>3.7999999523162841796875</ele>
        <time>2025-03-21T13:33:00.000Z</time>
        <extensions>
          <ns3:TrackPointExtension>
            <ns3:hr>127</ns3:hr>
            <ns3:cad>91</ns3:cad>
          </ns3:TrackPointExtension>
        </extensions>
      </trkpt>
      <trkpt lat="30.4319312609732151031494140625" lon="120.2668379433453083038330078125">
        <ele>4</ele>
        <time>2025-03-21T13:33:01.000Z</time>
        <extensions>
          <ns3:TrackPointExtension>
            <ns3:hr>127</ns3:hr>
            <ns3:cad>92</ns3:cad>
          </ns3:TrackPointExtension>
        </extensions>
      </trkpt>
      <trkpt lat="30.43191726319491863250732421875" lon="120.26681430637836456298828125">
        <ele>4</ele>
        <time>2025-03-21T13:33:02.000Z</time>
        <extensions>
          <ns3:TrackPointExtension>
            <ns3:hr>127</ns3:hr>
            <ns3:cad>93</ns3:cad>
          </ns3:TrackPointExtension>
        </extensions>
      </trkpt>
      <trkpt lat="30.4319071210920810699462890625" lon="120.26679041795432567596435546875">
        <ele>4</ele>
        <time>2025-03-21T13:33:03.000Z</time>
        <extensions>
          <ns3:TrackPointExtension>
            <ns3:hr>127</ns3:hr>
            <ns3:cad>94</ns3:cad>
          </ns3:TrackPointExtension>
        </extensions>
      </trkpt>
      <trkpt lat="30.431899242103099822998046875" lon="120.2667588181793689727783203125">
        <ele>4</ele>
        <time>2025-03-21T13:33:04.000Z</time>
        <extensions>
          <ns3:TrackPointExtension>
            <ns3:hr>128</ns3:hr>
            <ns3:cad>94</ns3:cad>
          </ns3:TrackPointExtension>
        </extensions>
      </trkpt>
      <trkpt lat="30.4318953864276409149169921875" lon="120.26673627085983753204345703125">
        <ele>4</ele>
        <time>2025-03-21T13:33:05.000Z</time>
        <extensions>
          <ns3:TrackPointExtension>
            <ns3:hr>128</ns3:hr>
            <ns3:cad>93</ns3:cad>
          </ns3:TrackPointExtension>
        </extensions>
      </trkpt>
      <trkpt lat="30.43188725598156452178955078125" lon="120.266710035502910614013671875">
        <ele>4.19999980926513671875</ele>
        <time>2025-03-21T13:33:06.000Z</time>
        <extensions>
          <ns3:TrackPointExtension>
            <ns3:hr>129</ns3:hr>
            <ns3:cad>92</ns3:cad>
          </ns3:TrackPointExtension>
        </extensions>
      </trkpt>
      <trkpt lat="30.4318782873451709747314453125" lon="120.266679860651493072509765625">
        <ele>4.19999980926513671875</ele>
        <time>2025-03-21T13:33:07.000Z</time>
        <extensions>
          <ns3:TrackPointExtension>
            <ns3:hr>129</ns3:hr>
            <ns3:cad>92</ns3:cad>
          </ns3:TrackPointExtension>
        </extensions>
      </trkpt>
      <trkpt lat="30.4318745993077754974365234375" lon="120.26666167192161083221435546875">
        <ele>4.19999980926513671875</ele>
        <time>2025-03-21T13:33:08.000Z</time>
        <extensions>
          <ns3:TrackPointExtension>
            <ns3:hr>129</ns3:hr>
            <ns3:cad>93</ns3:cad>
          </ns3:TrackPointExtension>
        </extensions>
      </trkpt>
      <trkpt lat="30.4318705759942531585693359375" lon="120.26664038188755512237548828125">
        <ele>4.19999980926513671875</ele>
        <time>2025-03-21T13:33:09.000Z</time>
        <extensions>
          <ns3:TrackPointExtension>
            <ns3:hr>128</ns3:hr>
            <ns3:cad>94</ns3:cad>
          </ns3:TrackPointExtension>
        </extensions>
      </trkpt>
      <trkpt lat="30.4318621940910816192626953125" lon="120.266619510948657989501953125">
        <ele>4.400000095367431640625</ele>
        <time>2025-03-21T13:33:10.000Z</time>
        <extensions>
          <ns3:TrackPointExtension>
            <ns3:hr>128</ns3:hr>
            <ns3:cad>94</ns3:cad>
          </ns3:TrackPointExtension>
        </extensions>
      </trkpt>
      <trkpt lat="30.43184936977922916412353515625" lon="120.26659428142011165618896484375">
        <ele>4.400000095367431640625</ele>
        <time>2025-03-21T13:33:11.000Z</time>
        <extensions>
          <ns3:TrackPointExtension>
            <ns3:hr>128</ns3:hr>
            <ns3:cad>94</ns3:cad>
          </ns3:TrackPointExtension>
        </extensions>
      </trkpt>
      <trkpt lat="30.43183662928640842437744140625" lon="120.26656913571059703826904296875">
        <ele>4.400000095367431640625</ele>
        <time>2025-03-21T13:33:12.000Z</time>
        <extensions>
          <ns3:TrackPointExtension>
            <ns3:hr>128</ns3:hr>
            <ns3:cad>92</ns3:cad>
          </ns3:TrackPointExtension>
        </extensions>
      </trkpt>
      <trkpt lat="30.43182321824133396148681640625" lon="120.2665439061820507049560546875">
        <ele>4.400000095367431640625</ele>
        <time>2025-03-21T13:33:13.000Z</time>
        <extensions>
          <ns3:TrackPointExtension>
            <ns3:hr>128</ns3:hr>
            <ns3:cad>92</ns3:cad>
          </ns3:TrackPointExtension>
        </extensions>
      </trkpt>
      <trkpt lat="30.4318115673959255218505859375" lon="120.2665190957486629486083984375">
        <ele>4.400000095367431640625</ele>
        <time>2025-03-21T13:33:14.000Z</time>
        <extensions>
          <ns3:TrackPointExtension>
            <ns3:hr>129</ns3:hr>
            <ns3:cad>94</ns3:cad>
          </ns3:TrackPointExtension>
        </extensions>
      </trkpt>
      <trkpt lat="30.43180125765502452850341796875" lon="120.26649269275367259979248046875">
        <ele>4.400000095367431640625</ele>
        <time>2025-03-21T13:33:15.000Z</time>
        <extensions>
          <ns3:TrackPointExtension>
            <ns3:hr>129</ns3:hr>
            <ns3:cad>94</ns3:cad>
          </ns3:TrackPointExtension>
        </extensions>
      </trkpt>
      <trkpt lat="30.43179572559893131256103515625" lon="120.2664637751877307891845703125">
        <ele>4.400000095367431640625</ele>
        <time>2025-03-21T13:33:16.000Z</time>
        <extensions>
          <ns3:TrackPointExtension>
            <ns3:hr>129</ns3:hr>
            <ns3:cad>93</ns3:cad>
          </ns3:TrackPointExtension>
        </extensions>
      </trkpt>
      <trkpt lat="30.43178868480026721954345703125" lon="120.266437791287899017333984375">
        <ele>4.599999904632568359375</ele>
        <time>2025-03-21T13:33:17.000Z</time>
        <extensions>
          <ns3:TrackPointExtension>
            <ns3:hr>129</ns3:hr>
            <ns3:cad>92</ns3:cad>
          </ns3:TrackPointExtension>
        </extensions>
      </trkpt>
      <trkpt lat="30.43178030289709568023681640625" lon="120.26641222648322582244873046875">
        <ele>4.599999904632568359375</ele>
        <time>2025-03-21T13:33:18.000Z</time>
        <extensions>
          <ns3:TrackPointExtension>
            <ns3:hr>129</ns3:hr>
            <ns3:cad>90</ns3:cad>
          </ns3:TrackPointExtension>
        </extensions>
      </trkpt>
      <trkpt lat="30.4317706637084484100341796875" lon="120.26638758368790149688720703125">
        <ele>4.80000019073486328125</ele>
        <time>2025-03-21T13:33:19.000Z</time>
        <extensions>
          <ns3:TrackPointExtension>
            <ns3:hr>129</ns3:hr>
            <ns3:cad>90</ns3:cad>
          </ns3:TrackPointExtension>
        </extensions>
      </trkpt>
      <trkpt lat="30.43176538310945034027099609375" lon="120.2663648687303066253662109375">
        <ele>4.80000019073486328125</ele>
        <time>2025-03-21T13:33:20.000Z</time>
        <extensions>
          <ns3:TrackPointExtension>
            <ns3:hr>129</ns3:hr>
            <ns3:cad>90</ns3:cad>
          </ns3:TrackPointExtension>
        </extensions>
      </trkpt>
      <trkpt lat="30.4317575879395008087158203125" lon="120.26634081266820430755615234375">
        <ele>4.80000019073486328125</ele>
        <time>2025-03-21T13:33:21.000Z</time>
        <extensions>
          <ns3:TrackPointExtension>
            <ns3:hr>129</ns3:hr>
            <ns3:cad>89</ns3:cad>
          </ns3:TrackPointExtension>
        </extensions>
      </trkpt>
      <trkpt lat="30.43174928985536098480224609375" lon="120.26631667278707027435302734375">
        <ele>5</ele>
        <time>2025-03-21T13:33:22.000Z</time>
        <extensions>
          <ns3:TrackPointExtension>
            <ns3:hr>129</ns3:hr>
            <ns3:cad>89</ns3:cad>
          </ns3:TrackPointExtension>
        </extensions>
      </trkpt>
      <trkpt lat="30.43173990212380886077880859375" lon="120.26629219762980937957763671875">
        <ele>5</ele>
        <time>2025-03-21T13:33:23.000Z</time>
        <extensions>
          <ns3:TrackPointExtension>
            <ns3:hr>130</ns3:hr>
            <ns3:cad>89</ns3:cad>
          </ns3:TrackPointExtension>
        </extensions>
      </trkpt>
      <trkpt lat="30.43173571117222309112548828125" lon="120.26627073995769023895263671875">
        <ele>5</ele>
        <time>2025-03-21T13:33:24.000Z</time>
        <extensions>
          <ns3:TrackPointExtension>
            <ns3:hr>130</ns3:hr>
            <ns3:cad>89</ns3:cad>
          </ns3:TrackPointExtension>
        </extensions>
      </trkpt>
      <trkpt lat="30.4317488707602024078369140625" lon="120.26624458841979503631591796875">
        <ele>5</ele>
        <time>2025-03-21T13:33:25.000Z</time>
        <extensions>
          <ns3:TrackPointExtension>
            <ns3:hr>130</ns3:hr>
            <ns3:cad>89</ns3:cad>
          </ns3:TrackPointExtension>
        </extensions>
      </trkpt>
      <trkpt lat="30.43175934813916683197021484375" lon="120.2662237174808979034423828125">
        <ele>5</ele>
        <time>2025-03-21T13:33:26.000Z</time>
        <extensions>
          <ns3:TrackPointExtension>
            <ns3:hr>130</ns3:hr>
            <ns3:cad>88</ns3:cad>
          </ns3:TrackPointExtension>
        </extensions>
      </trkpt>
      <trkpt lat="30.43177544139325618743896484375" lon="120.266203097999095916748046875">
        <ele>5</ele>
        <time>2025-03-21T13:33:27.000Z</time>
        <extensions>
          <ns3:TrackPointExtension>
            <ns3:hr>131</ns3:hr>
            <ns3:cad>88</ns3:cad>
          </ns3:TrackPointExtension>
        </extensions>
      </trkpt>
      <trkpt lat="30.43179295957088470458984375" lon="120.26619010604918003082275390625">
        <ele>5</ele>
        <time>2025-03-21T13:33:28.000Z</time>
        <extensions>
          <ns3:TrackPointExtension>
            <ns3:hr>132</ns3:hr>
            <ns3:cad>88</ns3:cad>
          </ns3:TrackPointExtension>
        </extensions>
      </trkpt>
      <trkpt lat="30.43181701563298702239990234375" lon="120.26617770083248615264892578125">
        <ele>5</ele>
        <time>2025-03-21T13:33:29.000Z</time>
        <extensions>
          <ns3:TrackPointExtension>
            <ns3:hr>132</ns3:hr>
            <ns3:cad>89</ns3:cad>
          </ns3:TrackPointExtension>
        </extensions>
      </trkpt>
      <trkpt lat="30.43183394707739353179931640625" lon="120.26616462506353855133056640625">
        <ele>5</ele>
        <time>2025-03-21T13:33:30.000Z</time>
        <extensions>
          <ns3:TrackPointExtension>
            <ns3:hr>133</ns3:hr>
            <ns3:cad>90</ns3:cad>
          </ns3:TrackPointExtension>
        </extensions>
      </trkpt>
      <trkpt lat="30.43185439892113208770751953125" lon="120.26615104638040065765380859375">
        <ele>5</ele>
        <time>2025-03-21T13:33:31.000Z</time>
        <extensions>
          <ns3:TrackPointExtension>
            <ns3:hr>133</ns3:hr>
            <ns3:cad>90</ns3:cad>
          </ns3:TrackPointExtension>
        </extensions>
      </trkpt>
      <trkpt lat="30.43187518604099750518798828125" lon="120.2661395631730556488037109375">
        <ele>5</ele>
        <time>2025-03-21T13:33:32.000Z</time>
        <extensions>
          <ns3:TrackPointExtension>
            <ns3:hr>133</ns3:hr>
            <ns3:cad>89</ns3:cad>
          </ns3:TrackPointExtension>
        </extensions>
      </trkpt>
      <trkpt lat="30.43189396150410175323486328125" lon="120.26613092981278896331787109375">
        <ele>5</ele>
        <time>2025-03-21T13:33:33.000Z</time>
        <extensions>
          <ns3:TrackPointExtension>
            <ns3:hr>133</ns3:hr>
            <ns3:cad>89</ns3:cad>
          </ns3:TrackPointExtension>
        </extensions>
      </trkpt>
      <trkpt lat="30.43191273696720600128173828125" lon="120.2661207877099514007568359375">
        <ele>5</ele>
        <time>2025-03-21T13:33:34.000Z</time>
        <extensions>
          <ns3:TrackPointExtension>
            <ns3:hr>133</ns3:hr>
            <ns3:cad>88</ns3:cad>
          </ns3:TrackPointExtension>
        </extensions>
      </trkpt>
      <trkpt lat="30.43193151243031024932861328125" lon="120.26611014269292354583740234375">
        <ele>5</ele>
        <time>2025-03-21T13:33:35.000Z</time>
        <extensions>
          <ns3:TrackPointExtension>
            <ns3:hr>134</ns3:hr>
            <ns3:cad>87</ns3:cad>
          </ns3:TrackPointExtension>
        </extensions>
      </trkpt>
      <trkpt lat="30.43194827623665332794189453125" lon="120.26609974913299083709716796875">
        <ele>4.80000019073486328125</ele>
        <time>2025-03-21T13:33:36.000Z</time>
        <extensions>
          <ns3:TrackPointExtension>
            <ns3:hr>135</ns3:hr>
            <ns3:cad>87</ns3:cad>
          </ns3:TrackPointExtension>
        </extensions>
      </trkpt>
      <trkpt lat="30.43196923099458217620849609375" lon="120.266088433563709259033203125">
        <ele>4.80000019073486328125</ele>
        <time>2025-03-21T13:33:37.000Z</time>
        <extensions>
          <ns3:TrackPointExtension>
            <ns3:hr>135</ns3:hr>
            <ns3:cad>87</ns3:cad>
          </ns3:TrackPointExtension>
        </extensions>
      </trkpt>
      <trkpt lat="30.4319895990192890167236328125" lon="120.2660751901566982269287109375">
        <ele>4.80000019073486328125</ele>
        <time>2025-03-21T13:33:38.000Z</time>
        <extensions>
          <ns3:TrackPointExtension>
            <ns3:hr>136</ns3:hr>
            <ns3:cad>88</ns3:cad>
          </ns3:TrackPointExtension>
        </extensions>
      </trkpt>
      <trkpt lat="30.4320108890533447265625" lon="120.266062952578067779541015625">
        <ele>4.80000019073486328125</ele>
        <time>2025-03-21T13:33:39.000Z</time>
        <extensions>
          <ns3:TrackPointExtension>
            <ns3:hr>136</ns3:hr>
            <ns3:cad>88</ns3:cad>
          </ns3:TrackPointExtension>
        </extensions>
      </trkpt>
      <trkpt lat="30.43203628621995449066162109375" lon="120.266051553189754486083984375">
        <ele>5</ele>
        <time>2025-03-21T13:33:40.000Z</time>
        <extensions>
          <ns3:TrackPointExtension>
            <ns3:hr>136</ns3:hr>
            <ns3:cad>89</ns3:cad>
          </ns3:TrackPointExtension>
        </extensions>
      </trkpt>
      <trkpt lat="30.43206126429140567779541015625" lon="120.26603537611663341522216796875">
        <ele>5</ele>
        <time>2025-03-21T13:33:41.000Z</time>
        <extensions>
          <ns3:TrackPointExtension>
            <ns3:hr>136</ns3:hr>
            <ns3:cad>89</ns3:cad>
          </ns3:TrackPointExtension>
        </extensions>
      </trkpt>
      <trkpt lat="30.4320881702005863189697265625" lon="120.26601903140544891357421875">
        <ele>5</ele>
        <time>2025-03-21T13:33:42.000Z</time>
        <extensions>
          <ns3:TrackPointExtension>
            <ns3:hr>137</ns3:hr>
            <ns3:cad>88</ns3:cad>
          </ns3:TrackPointExtension>
        </extensions>
      </trkpt>
      <trkpt lat="30.43210937641561031341552734375" lon="120.26600503362715244293212890625">
        <ele>5</ele>
        <time>2025-03-21T13:33:43.000Z</time>
        <extensions>
          <ns3:TrackPointExtension>
            <ns3:hr>136</ns3:hr>
            <ns3:cad>88</ns3:cad>
          </ns3:TrackPointExtension>
        </extensions>
      </trkpt>
      <trkpt lat="30.43212580494582653045654296875" lon="120.26599279604852199554443359375">
        <ele>5.19999980926513671875</ele>
        <time>2025-03-21T13:33:44.000Z</time>
        <extensions>
          <ns3:TrackPointExtension>
            <ns3:hr>136</ns3:hr>
            <ns3:cad>89</ns3:cad>
          </ns3:TrackPointExtension>
        </extensions>
      </trkpt>
      <trkpt lat="30.4321421496570110321044921875" lon="120.26598022319376468658447265625">
        <ele>5.19999980926513671875</ele>
        <time>2025-03-21T13:33:45.000Z</time>
        <extensions>
          <ns3:TrackPointExtension>
            <ns3:hr>136</ns3:hr>
            <ns3:cad>90</ns3:cad>
          </ns3:TrackPointExtension>
        </extensions>
      </trkpt>
      <trkpt lat="30.43215832673013210296630859375" lon="120.2659662254154682159423828125">
        <ele>5.19999980926513671875</ele>
        <time>2025-03-21T13:33:46.000Z</time>
        <extensions>
          <ns3:TrackPointExtension>
            <ns3:hr>136</ns3:hr>
            <ns3:cad>90</ns3:cad>
          </ns3:TrackPointExtension>
        </extensions>
      </trkpt>
      <trkpt lat="30.43218028731644153594970703125" lon="120.26595507748425006866455078125">
        <ele>5.19999980926513671875</ele>
        <time>2025-03-21T13:33:47.000Z</time>
        <extensions>
          <ns3:TrackPointExtension>
            <ns3:hr>136</ns3:hr>
            <ns3:cad>90</ns3:cad>
          </ns3:TrackPointExtension>
        </extensions>
      </trkpt>
      <trkpt lat="30.43219671584665775299072265625" lon="120.26594418101012706756591796875">
        <ele>5.400000095367431640625</ele>
        <time>2025-03-21T13:33:48.000Z</time>
        <extensions>
          <ns3:TrackPointExtension>
            <ns3:hr>136</ns3:hr>
            <ns3:cad>91</ns3:cad>
          </ns3:TrackPointExtension>
        </extensions>
      </trkpt>
      <trkpt lat="30.4322182573378086090087890625" lon="120.26593294925987720489501953125">
        <ele>5.400000095367431640625</ele>
        <time>2025-03-21T13:33:49.000Z</time>
        <extensions>
          <ns3:TrackPointExtension>
            <ns3:hr>136</ns3:hr>
            <ns3:cad>91</ns3:cad>
          </ns3:TrackPointExtension>
        </extensions>
      </trkpt>
      <trkpt lat="30.43224080465734004974365234375" lon="120.26592372916638851165771484375">
        <ele>5.400000095367431640625</ele>
        <time>2025-03-21T13:33:50.000Z</time>
        <extensions>
          <ns3:TrackPointExtension>
            <ns3:hr>136</ns3:hr>
            <ns3:cad>91</ns3:cad>
          </ns3:TrackPointExtension>
        </extensions>
      </trkpt>
      <trkpt lat="30.4322605021297931671142578125" lon="120.26591501198709011077880859375">
        <ele>5.400000095367431640625</ele>
        <time>2025-03-21T13:33:51.000Z</time>
        <extensions>
          <ns3:TrackPointExtension>
            <ns3:hr>136</ns3:hr>
            <ns3:cad>91</ns3:cad>
          </ns3:TrackPointExtension>
        </extensions>
      </trkpt>
      <trkpt lat="30.432280786335468292236328125" lon="120.26590478606522083282470703125">
        <ele>5.400000095367431640625</ele>
        <time>2025-03-21T13:33:52.000Z</time>
        <extensions>
          <ns3:TrackPointExtension>
            <ns3:hr>136</ns3:hr>
            <ns3:cad>91</ns3:cad>
          </ns3:TrackPointExtension>
        </extensions>
      </trkpt>
      <trkpt lat="30.43230115436017513275146484375" lon="120.26589355431497097015380859375">
        <ele>5.400000095367431640625</ele>
        <time>2025-03-21T13:33:53.000Z</time>
        <extensions>
          <ns3:TrackPointExtension>
            <ns3:hr>136</ns3:hr>
            <ns3:cad>91</ns3:cad>
          </ns3:TrackPointExtension>
        </extensions>
      </trkpt>
      <trkpt lat="30.432322025299072265625" lon="120.26588148437440395355224609375">
        <ele>5.599999904632568359375</ele>
        <time>2025-03-21T13:33:54.000Z</time>
        <extensions>
          <ns3:TrackPointExtension>
            <ns3:hr>136</ns3:hr>
            <ns3:cad>91</ns3:cad>
          </ns3:TrackPointExtension>
        </extensions>
      </trkpt>
      <trkpt lat="30.4323426447808742523193359375" lon="120.26587025262415409088134765625">
        <ele>5.599999904632568359375</ele>
        <time>2025-03-21T13:33:55.000Z</time>
        <extensions>
          <ns3:TrackPointExtension>
            <ns3:hr>136</ns3:hr>
            <ns3:cad>91</ns3:cad>
          </ns3:TrackPointExtension>
        </extensions>
      </trkpt>
      <trkpt lat="30.4323654435575008392333984375" lon="120.26585818268358707427978515625">
        <ele>5.599999904632568359375</ele>
        <time>2025-03-21T13:33:56.000Z</time>
        <extensions>
          <ns3:TrackPointExtension>
            <ns3:hr>136</ns3:hr>
            <ns3:cad>91</ns3:cad>
          </ns3:TrackPointExtension>
        </extensions>
      </trkpt>
      <trkpt lat="30.43238664977252483367919921875" lon="120.2658455260097980499267578125">
        <ele>5.599999904632568359375</ele>
        <time>2025-03-21T13:33:57.000Z</time>
        <extensions>
          <ns3:TrackPointExtension>
            <ns3:hr>136</ns3:hr>
            <ns3:cad>90</ns3:cad>
          </ns3:TrackPointExtension>
        </extensions>
      </trkpt>
      <trkpt lat="30.43240408413112163543701171875" lon="120.26582591235637664794921875">
        <ele>5.80000019073486328125</ele>
        <time>2025-03-21T13:33:58.000Z</time>
        <extensions>
          <ns3:TrackPointExtension>
            <ns3:hr>135</ns3:hr>
            <ns3:cad>89</ns3:cad>
          </ns3:TrackPointExtension>
        </extensions>
      </trkpt>
      <trkpt lat="30.43242101557552814483642578125" lon="120.26580755598843097686767578125">
        <ele>5.80000019073486328125</ele>
        <time>2025-03-21T13:33:59.000Z</time>
        <extensions>
          <ns3:TrackPointExtension>
            <ns3:hr>135</ns3:hr>
            <ns3:cad>89</ns3:cad>
          </ns3:TrackPointExtension>
        </extensions>
      </trkpt>
      <trkpt lat="30.4324355162680149078369140625" lon="120.2657962404191493988037109375">
        <ele>5.80000019073486328125</ele>
        <time>2025-03-21T13:34:00.000Z</time>
        <extensions>
          <ns3:TrackPointExtension>
            <ns3:hr>135</ns3:hr>
            <ns3:cad>89</ns3:cad>
          </ns3:TrackPointExtension>
        </extensions>
      </trkpt>
      <trkpt lat="30.43244129978120326995849609375" lon="120.265786014497280120849609375">
        <ele>5.80000019073486328125</ele>
        <time>2025-03-21T13:34:01.000Z</time>
        <extensions>
          <ns3:TrackPointExtension>
            <ns3:hr>135</ns3:hr>
            <ns3:cad>89</ns3:cad>
          </ns3:TrackPointExtension>
        </extensions>
      </trkpt>
      <trkpt lat="30.43246024288237094879150390625" lon="120.26578073389828205108642578125">
        <ele>5.80000019073486328125</ele>
        <time>2025-03-21T13:34:02.000Z</time>
        <extensions>
          <ns3:TrackPointExtension>
            <ns3:hr>134</ns3:hr>
            <ns3:cad>89</ns3:cad>
          </ns3:TrackPointExtension>
        </extensions>
      </trkpt>
      <trkpt lat="30.43247935362160205841064453125" lon="120.26577151380479335784912109375">
        <ele>6</ele>
        <time>2025-03-21T13:34:03.000Z</time>
        <extensions>
          <ns3:TrackPointExtension>
            <ns3:hr>134</ns3:hr>
            <ns3:cad>89</ns3:cad>
          </ns3:TrackPointExtension>
        </extensions>
      </trkpt>
      <trkpt lat="30.43250148184597492218017578125" lon="120.26576011441648006439208984375">
        <ele>6</ele>
        <time>2025-03-21T13:34:04.000Z</time>
        <extensions>
          <ns3:TrackPointExtension>
            <ns3:hr>134</ns3:hr>
            <ns3:cad>89</ns3:cad>
          </ns3:TrackPointExtension>
        </extensions>
      </trkpt>
      <trkpt lat="30.43252059258520603179931640625" lon="120.265750475227832794189453125">
        <ele>6</ele>
        <time>2025-03-21T13:34:05.000Z</time>
        <extensions>
          <ns3:TrackPointExtension>
            <ns3:hr>134</ns3:hr>
            <ns3:cad>88</ns3:cad>
          </ns3:TrackPointExtension>
        </extensions>
      </trkpt>
      <trkpt lat="30.4325448162853717803955078125" lon="120.2657466195523738861083984375">
        <ele>6</ele>
        <time>2025-03-21T13:34:06.000Z</time>
        <extensions>
          <ns3:TrackPointExtension>
            <ns3:hr>134</ns3:hr>
            <ns3:cad>88</ns3:cad>
          </ns3:TrackPointExtension>
        </extensions>
      </trkpt>
      <trkpt lat="30.432563088834285736083984375" lon="120.265738405287265777587890625">
        <ele>6</ele>
        <time>2025-03-21T13:34:07.000Z</time>
        <extensions>
          <ns3:TrackPointExtension>
            <ns3:hr>134</ns3:hr>
            <ns3:cad>89</ns3:cad>
          </ns3:TrackPointExtension>
        </extensions>
      </trkpt>
      <trkpt lat="30.432583875954151153564453125" lon="120.26572692207992076873779296875">
        <ele>6</ele>
        <time>2025-03-21T13:34:08.000Z</time>
        <extensions>
          <ns3:TrackPointExtension>
            <ns3:hr>134</ns3:hr>
            <ns3:cad>89</ns3:cad>
          </ns3:TrackPointExtension>
        </extensions>
      </trkpt>
      <trkpt lat="30.43260097503662109375" lon="120.265718959271907806396484375">
        <ele>6</ele>
        <time>2025-03-21T13:34:09.000Z</time>
        <extensions>
          <ns3:TrackPointExtension>
            <ns3:hr>134</ns3:hr>
            <ns3:cad>89</ns3:cad>
          </ns3:TrackPointExtension>
        </extensions>
      </trkpt>
      <trkpt lat="30.43261907994747161865234375" lon="120.26571066118776798248291015625">
        <ele>6</ele>
        <time>2025-03-21T13:34:10.000Z</time>
        <extensions>
          <ns3:TrackPointExtension>
            <ns3:hr>134</ns3:hr>
            <ns3:cad>89</ns3:cad>
          </ns3:TrackPointExtension>
        </extensions>
      </trkpt>
      <trkpt lat="30.432635508477687835693359375" lon="120.26570093818008899688720703125">
        <ele>6</ele>
        <time>2025-03-21T13:34:11.000Z</time>
        <extensions>
          <ns3:TrackPointExtension>
            <ns3:hr>134</ns3:hr>
            <ns3:cad>89</ns3:cad>
          </ns3:TrackPointExtension>
        </extensions>
      </trkpt>
      <trkpt lat="30.4326551221311092376708984375" lon="120.26568970642983913421630859375">
        <ele>6</ele>
        <time>2025-03-21T13:34:12.000Z</time>
        <extensions>
          <ns3:TrackPointExtension>
            <ns3:hr>134</ns3:hr>
            <ns3:cad>89</ns3:cad>
          </ns3:TrackPointExtension>
        </extensions>
      </trkpt>
      <trkpt lat="30.43267448432743549346923828125" lon="120.265676714479923248291015625">
        <ele>6</ele>
        <time>2025-03-21T13:34:13.000Z</time>
        <extensions>
          <ns3:TrackPointExtension>
            <ns3:hr>134</ns3:hr>
            <ns3:cad>89</ns3:cad>
          </ns3:TrackPointExtension>
        </extensions>
      </trkpt>
      <trkpt lat="30.4326943494379520416259765625" lon="120.2656644769012928009033203125">
        <ele>6</ele>
        <time>2025-03-21T13:34:14.000Z</time>
        <extensions>
          <ns3:TrackPointExtension>
            <ns3:hr>134</ns3:hr>
            <ns3:cad>89</ns3:cad>
          </ns3:TrackPointExtension>
        </extensions>
      </trkpt>
      <trkpt lat="30.43271220289170742034912109375" lon="120.2656557597219944000244140625">
        <ele>6</ele>
        <time>2025-03-21T13:34:15.000Z</time>
        <extensions>
          <ns3:TrackPointExtension>
            <ns3:hr>134</ns3:hr>
            <ns3:cad>90</ns3:cad>
          </ns3:TrackPointExtension>
        </extensions>
      </trkpt>
      <trkpt lat="30.4327325709164142608642578125" lon="120.26564427651464939117431640625">
        <ele>6</ele>
        <time>2025-03-21T13:34:16.000Z</time>
        <extensions>
          <ns3:TrackPointExtension>
            <ns3:hr>135</ns3:hr>
            <ns3:cad>90</ns3:cad>
          </ns3:TrackPointExtension>
        </extensions>
      </trkpt>
      <trkpt lat="30.4327540285885334014892578125" lon="120.26563388295471668243408203125">
        <ele>6</ele>
        <time>2025-03-21T13:34:17.000Z</time>
        <extensions>
          <ns3:TrackPointExtension>
            <ns3:hr>136</ns3:hr>
            <ns3:cad>90</ns3:cad>
          </ns3:TrackPointExtension>
        </extensions>
      </trkpt>
      <trkpt lat="30.43277640827000141143798828125" lon="120.2656213939189910888671875">
        <ele>6</ele>
        <time>2025-03-21T13:34:18.000Z</time>
        <extensions>
          <ns3:TrackPointExtension>
            <ns3:hr>137</ns3:hr>
            <ns3:cad>90</ns3:cad>
          </ns3:TrackPointExtension>
        </extensions>
      </trkpt>
      <trkpt lat="30.432794094085693359375" lon="120.26560823433101177215576171875">
        <ele>6</ele>
        <time>2025-03-21T13:34:19.000Z</time>
        <extensions>
          <ns3:TrackPointExtension>
            <ns3:hr>137</ns3:hr>
            <ns3:cad>90</ns3:cad>
          </ns3:TrackPointExtension>
        </extensions>
      </trkpt>
      <trkpt lat="30.4328130371868610382080078125" lon="120.26559331454336643218994140625">
        <ele>6</ele>
        <time>2025-03-21T13:34:20.000Z</time>
        <extensions>
          <ns3:TrackPointExtension>
            <ns3:hr>137</ns3:hr>
            <ns3:cad>89</ns3:cad>
          </ns3:TrackPointExtension>
        </extensions>
      </trkpt>
      <trkpt lat="30.43282636441290378570556640625" lon="120.26558325625956058502197265625">
        <ele>6</ele>
        <time>2025-03-21T13:34:21.000Z</time>
        <extensions>
          <ns3:TrackPointExtension>
            <ns3:hr>137</ns3:hr>
            <ns3:cad>89</ns3:cad>
          </ns3:TrackPointExtension>
        </extensions>
      </trkpt>
      <trkpt lat="30.43284446932375431060791015625" lon="120.26557152159512042999267578125">
        <ele>6</ele>
        <time>2025-03-21T13:34:22.000Z</time>
        <extensions>
          <ns3:TrackPointExtension>
            <ns3:hr>137</ns3:hr>
            <ns3:cad>89</ns3:cad>
          </ns3:TrackPointExtension>
        </extensions>
      </trkpt>
      <trkpt lat="30.4328613169491291046142578125" lon="120.26555894874036312103271484375">
        <ele>6</ele>
        <time>2025-03-21T13:34:23.000Z</time>
        <extensions>
          <ns3:TrackPointExtension>
            <ns3:hr>137</ns3:hr>
            <ns3:cad>89</ns3:cad>
          </ns3:TrackPointExtension>
        </extensions>
      </trkpt>
      <trkpt lat="30.4328790865838527679443359375" lon="120.26554486714303493499755859375">
        <ele>6</ele>
        <time>2025-03-21T13:34:24.000Z</time>
        <extensions>
          <ns3:TrackPointExtension>
            <ns3:hr>137</ns3:hr>
            <ns3:cad>90</ns3:cad>
          </ns3:TrackPointExtension>
        </extensions>
      </trkpt>
      <trkpt lat="30.43288998305797576904296875" lon="120.26553648523986339569091796875">
        <ele>6</ele>
        <time>2025-03-21T13:34:25.000Z</time>
        <extensions>
          <ns3:TrackPointExtension>
            <ns3:hr>137</ns3:hr>
            <ns3:cad>90</ns3:cad>
          </ns3:TrackPointExtension>
        </extensions>
      </trkpt>
      <trkpt lat="30.43290113098919391632080078125" lon="120.26552818715572357177734375">
        <ele>6</ele>
        <time>2025-03-21T13:34:26.000Z</time>
        <extensions>
          <ns3:TrackPointExtension>
            <ns3:hr>137</ns3:hr>
            <ns3:cad>88</ns3:cad>
          </ns3:TrackPointExtension>
        </extensions>
      </trkpt>
      <trkpt lat="30.4329196549952030181884765625" lon="120.26552055962383747100830078125">
        <ele>6</ele>
        <time>2025-03-21T13:34:27.000Z</time>
        <extensions>
          <ns3:TrackPointExtension>
            <ns3:hr>136</ns3:hr>
            <ns3:cad>88</ns3:cad>
          </ns3:TrackPointExtension>
        </extensions>
      </trkpt>
      <trkpt lat="30.43294169940054416656494140625" lon="120.2655119262635707855224609375">
        <ele>6</ele>
        <time>2025-03-21T13:34:28.000Z</time>
        <extensions>
          <ns3:TrackPointExtension>
            <ns3:hr>136</ns3:hr>
            <ns3:cad>88</ns3:cad>
          </ns3:TrackPointExtension>
        </extensions>
      </trkpt>
      <trkpt lat="30.43296047486364841461181640625" lon="120.2655035443603992462158203125">
        <ele>6</ele>
        <time>2025-03-21T13:34:29.000Z</time>
        <extensions>
          <ns3:TrackPointExtension>
            <ns3:hr>136</ns3:hr>
            <ns3:cad>88</ns3:cad>
          </ns3:TrackPointExtension>
        </extensions>
      </trkpt>
      <trkpt lat="30.43298210017383098602294921875" lon="120.26549306698143482208251953125">
        <ele>6</ele>
        <time>2025-03-21T13:34:30.000Z</time>
        <extensions>
          <ns3:TrackPointExtension>
            <ns3:hr>136</ns3:hr>
            <ns3:cad>89</ns3:cad>
          </ns3:TrackPointExtension>
        </extensions>
      </trkpt>
      <trkpt lat="30.4329992830753326416015625" lon="120.26547445915639400482177734375">
        <ele>6</ele>
        <time>2025-03-21T13:34:31.000Z</time>
        <extensions>
          <ns3:TrackPointExtension>
            <ns3:hr>136</ns3:hr>
            <ns3:cad>89</ns3:cad>
          </ns3:TrackPointExtension>
        </extensions>
      </trkpt>
      <trkpt lat="30.43301847763359546661376953125" lon="120.26545383967459201812744140625">
        <ele>6</ele>
        <time>2025-03-21T13:34:32.000Z</time>
        <extensions>
          <ns3:TrackPointExtension>
            <ns3:hr>136</ns3:hr>
            <ns3:cad>90</ns3:cad>
          </ns3:TrackPointExtension>
        </extensions>
      </trkpt>
      <trkpt lat="30.43303524143993854522705078125" lon="120.2654405124485492706298828125">
        <ele>5.80000019073486328125</ele>
        <time>2025-03-21T13:34:33.000Z</time>
        <extensions>
          <ns3:TrackPointExtension>
            <ns3:hr>135</ns3:hr>
            <ns3:cad>90</ns3:cad>
          </ns3:TrackPointExtension>
        </extensions>
      </trkpt>
      <trkpt lat="30.43305435217916965484619140625" lon="120.26542634703218936920166015625">
        <ele>5.80000019073486328125</ele>
        <time>2025-03-21T13:34:34.000Z</time>
        <extensions>
          <ns3:TrackPointExtension>
            <ns3:hr>135</ns3:hr>
            <ns3:cad>90</ns3:cad>
          </ns3:TrackPointExtension>
        </extensions>
      </trkpt>
      <trkpt lat="30.43307111598551273345947265625" lon="120.265406481921672821044921875">
        <ele>5.80000019073486328125</ele>
        <time>2025-03-21T13:34:35.000Z</time>
        <extensions>
          <ns3:TrackPointExtension>
            <ns3:hr>135</ns3:hr>
            <ns3:cad>90</ns3:cad>
          </ns3:TrackPointExtension>
        </extensions>
      </trkpt>
      <trkpt lat="30.43309140019118785858154296875" lon="120.26538879610598087310791015625">
        <ele>5.599999904632568359375</ele>
        <time>2025-03-21T13:34:36.000Z</time>
        <extensions>
          <ns3:TrackPointExtension>
            <ns3:hr>135</ns3:hr>
            <ns3:cad>90</ns3:cad>
          </ns3:TrackPointExtension>
        </extensions>
      </trkpt>
      <trkpt lat="30.4331147857010364532470703125" lon="120.265376977622509002685546875">
        <ele>5.599999904632568359375</ele>
        <time>2025-03-21T13:34:37.000Z</time>
        <extensions>
          <ns3:TrackPointExtension>
            <ns3:hr>135</ns3:hr>
            <ns3:cad>88</ns3:cad>
          </ns3:TrackPointExtension>
        </extensions>
      </trkpt>
      <trkpt lat="30.4331379197537899017333984375" lon="120.2653665840625762939453125">
        <ele>5.599999904632568359375</ele>
        <time>2025-03-21T13:34:38.000Z</time>
        <extensions>
          <ns3:TrackPointExtension>
            <ns3:hr>135</ns3:hr>
            <ns3:cad>88</ns3:cad>
          </ns3:TrackPointExtension>
        </extensions>
      </trkpt>
      <trkpt lat="30.43315845541656017303466796875" lon="120.26535510085523128509521484375">
        <ele>5.599999904632568359375</ele>
        <time>2025-03-21T13:34:39.000Z</time>
        <extensions>
          <ns3:TrackPointExtension>
            <ns3:hr>135</ns3:hr>
            <ns3:cad>88</ns3:cad>
          </ns3:TrackPointExtension>
        </extensions>
      </trkpt>
      <trkpt lat="30.43317421339452266693115234375" lon="120.2653506584465503692626953125">
        <ele>5.599999904632568359375</ele>
        <time>2025-03-21T13:34:40.000Z</time>
        <extensions>
          <ns3:TrackPointExtension>
            <ns3:hr>135</ns3:hr>
            <ns3:cad>88</ns3:cad>
          </ns3:TrackPointExtension>
        </extensions>
      </trkpt>
      <trkpt lat="30.43319709599018096923828125" lon="120.26534889824688434600830078125">
        <ele>5.599999904632568359375</ele>
        <time>2025-03-21T13:34:41.000Z</time>
        <extensions>
          <ns3:TrackPointExtension>
            <ns3:hr>135</ns3:hr>
            <ns3:cad>88</ns3:cad>
          </ns3:TrackPointExtension>
        </extensions>
      </trkpt>
      <trkpt lat="30.4332130216062068939208984375" lon="120.2653473056852817535400390625">
        <ele>5.599999904632568359375</ele>
        <time>2025-03-21T13:34:42.000Z</time>
        <extensions>
          <ns3:TrackPointExtension>
            <ns3:hr>135</ns3:hr>
            <ns3:cad>88</ns3:cad>
          </ns3:TrackPointExtension>
        </extensions>
      </trkpt>
      <trkpt lat="30.43323070742189884185791015625" lon="120.2653365768492221832275390625">
        <ele>5.599999904632568359375</ele>
        <time>2025-03-21T13:34:43.000Z</time>
        <extensions>
          <ns3:TrackPointExtension>
            <ns3:hr>135</ns3:hr>
            <ns3:cad>88</ns3:cad>
          </ns3:TrackPointExtension>
        </extensions>
      </trkpt>
      <trkpt lat="30.433245711028575897216796875" lon="120.265327356755733489990234375">
        <ele>5.400000095367431640625</ele>
        <time>2025-03-21T13:34:44.000Z</time>
        <extensions>
          <ns3:TrackPointExtension>
            <ns3:hr>135</ns3:hr>
            <ns3:cad>88</ns3:cad>
          </ns3:TrackPointExtension>
        </extensions>
      </trkpt>
      <trkpt lat="30.433261804282665252685546875" lon="120.2653164602816104888916015625">
        <ele>5.400000095367431640625</ele>
        <time>2025-03-21T13:34:45.000Z</time>
        <extensions>
          <ns3:TrackPointExtension>
            <ns3:hr>135</ns3:hr>
            <ns3:cad>88</ns3:cad>
          </ns3:TrackPointExtension>
        </extensions>
      </trkpt>
      <trkpt lat="30.43327496387064456939697265625" lon="120.26530715636909008026123046875">
        <ele>5.400000095367431640625</ele>
        <time>2025-03-21T13:34:46.000Z</time>
        <extensions>
          <ns3:TrackPointExtension>
            <ns3:hr>135</ns3:hr>
            <ns3:cad>88</ns3:cad>
          </ns3:TrackPointExtension>
        </extensions>
      </trkpt>
      <trkpt lat="30.43328301049768924713134765625" lon="120.265298187732696533203125">
        <ele>5.400000095367431640625</ele>
        <time>2025-03-21T13:34:47.000Z</time>
        <extensions>
          <ns3:TrackPointExtension>
            <ns3:hr>134</ns3:hr>
            <ns3:cad>88</ns3:cad>
          </ns3:TrackPointExtension>
        </extensions>
      </trkpt>
      <trkpt lat="30.43329558335244655609130859375" lon="120.26528553105890750885009765625">
        <ele>5.400000095367431640625</ele>
        <time>2025-03-21T13:34:48.000Z</time>
        <extensions>
          <ns3:TrackPointExtension>
            <ns3:hr>134</ns3:hr>
            <ns3:cad>88</ns3:cad>
          </ns3:TrackPointExtension>
        </extensions>
      </trkpt>
      <trkpt lat="30.43331134133040904998779296875" lon="120.265276394784450531005859375">
        <ele>5.19999980926513671875</ele>
        <time>2025-03-21T13:34:49.000Z</time>
        <extensions>
          <ns3:TrackPointExtension>
            <ns3:hr>134</ns3:hr>
            <ns3:cad>88</ns3:cad>
          </ns3:TrackPointExtension>
        </extensions>
      </trkpt>
      <trkpt lat="30.433324836194515228271484375" lon="120.26526960544288158416748046875">
        <ele>5.19999980926513671875</ele>
        <time>2025-03-21T13:34:50.000Z</time>
        <extensions>
          <ns3:TrackPointExtension>
            <ns3:hr>135</ns3:hr>
            <ns3:cad>88</ns3:cad>
          </ns3:TrackPointExtension>
        </extensions>
      </trkpt>
      <trkpt lat="30.4333360679447650909423828125" lon="120.265261642634868621826171875">
        <ele>5.19999980926513671875</ele>
        <time>2025-03-21T13:34:51.000Z</time>
        <extensions>
          <ns3:TrackPointExtension>
            <ns3:hr>135</ns3:hr>
            <ns3:cad>88</ns3:cad>
          </ns3:TrackPointExtension>
        </extensions>
      </trkpt>
      <trkpt lat="30.4333494789898395538330078125" lon="120.2652534283697605133056640625">
        <ele>5.19999980926513671875</ele>
        <time>2025-03-21T13:34:52.000Z</time>
        <extensions>
          <ns3:TrackPointExtension>
            <ns3:hr>135</ns3:hr>
            <ns3:cad>88</ns3:cad>
          </ns3:TrackPointExtension>
        </extensions>
      </trkpt>
      <trkpt lat="30.43336280621588230133056640625" lon="120.26524647139012813568115234375">
        <ele>5.19999980926513671875</ele>
        <time>2025-03-21T13:34:53.000Z</time>
        <extensions>
          <ns3:TrackPointExtension>
            <ns3:hr>135</ns3:hr>
            <ns3:cad>88</ns3:cad>
          </ns3:TrackPointExtension>
        </extensions>
      </trkpt>
      <trkpt lat="30.43337143957614898681640625" lon="120.26524043641984462738037109375">
        <ele>5.19999980926513671875</ele>
        <time>2025-03-21T13:34:54.000Z</time>
        <extensions>
          <ns3:TrackPointExtension>
            <ns3:hr>135</ns3:hr>
            <ns3:cad>88</ns3:cad>
          </ns3:TrackPointExtension>
        </extensions>
      </trkpt>
      <trkpt lat="30.43338409624993801116943359375" lon="120.26523138396441936492919921875">
        <ele>5.19999980926513671875</ele>
        <time>2025-03-21T13:34:55.000Z</time>
        <extensions>
          <ns3:TrackPointExtension>
            <ns3:hr>134</ns3:hr>
            <ns3:cad>68</ns3:cad>
          </ns3:TrackPointExtension>
        </extensions>
      </trkpt>
      <trkpt lat="30.43339750729501247406005859375" lon="120.26522316969931125640869140625">
        <ele>5</ele>
        <time>2025-03-21T13:34:56.000Z</time>
        <extensions>
          <ns3:TrackPointExtension>
            <ns3:hr>134</ns3:hr>
            <ns3:cad>66</ns3:cad>
          </ns3:TrackPointExtension>
        </extensions>
      </trkpt>
      <trkpt lat="30.43341225944459438323974609375" lon="120.26521076448261737823486328125">
        <ele>5</ele>
        <time>2025-03-21T13:34:57.000Z</time>
        <extensions>
          <ns3:TrackPointExtension>
            <ns3:hr>134</ns3:hr>
            <ns3:cad>66</ns3:cad>
          </ns3:TrackPointExtension>
        </extensions>
      </trkpt>
      <trkpt lat="30.43342717923223972320556640625" lon="120.265199281275272369384765625">
        <ele>5</ele>
        <time>2025-03-21T13:34:58.000Z</time>
        <extensions>
          <ns3:TrackPointExtension>
            <ns3:hr>134</ns3:hr>
            <ns3:cad>62</ns3:cad>
          </ns3:TrackPointExtension>
        </extensions>
      </trkpt>
      <trkpt lat="30.43344712816178798675537109375" lon="120.26518754661083221435546875">
        <ele>5</ele>
        <time>2025-03-21T13:34:59.000Z</time>
        <extensions>
          <ns3:TrackPointExtension>
            <ns3:hr>133</ns3:hr>
            <ns3:cad>62</ns3:cad>
          </ns3:TrackPointExtension>
        </extensions>
      </trkpt>
      <trkpt lat="30.43346934020519256591796875" lon="120.265174470841884613037109375">
        <ele>5</ele>
        <time>2025-03-21T13:35:00.000Z</time>
        <extensions>
          <ns3:TrackPointExtension>
            <ns3:hr>133</ns3:hr>
            <ns3:cad>62</ns3:cad>
          </ns3:TrackPointExtension>
        </extensions>
      </trkpt>
      <trkpt lat="30.43349557556211948394775390625" lon="120.26515829376876354217529296875">
        <ele>4.80000019073486328125</ele>
        <time>2025-03-21T13:35:01.000Z</time>
        <extensions>
          <ns3:TrackPointExtension>
            <ns3:hr>133</ns3:hr>
            <ns3:cad>88</ns3:cad>
          </ns3:TrackPointExtension>
        </extensions>
      </trkpt>
      <trkpt lat="30.433519966900348663330078125" lon="120.26514203287661075592041015625">
        <ele>4.80000019073486328125</ele>
        <time>2025-03-21T13:35:02.000Z</time>
        <extensions>
          <ns3:TrackPointExtension>
            <ns3:hr>131</ns3:hr>
            <ns3:cad>89</ns3:cad>
          </ns3:TrackPointExtension>
        </extensions>
      </trkpt>
      <trkpt lat="30.43354511260986328125" lon="120.26512761600315570831298828125">
        <ele>5</ele>
        <time>2025-03-21T13:35:03.000Z</time>
        <extensions>
          <ns3:TrackPointExtension>
            <ns3:hr>131</ns3:hr>
            <ns3:cad>89</ns3:cad>
          </ns3:TrackPointExtension>
        </extensions>
      </trkpt>
      <trkpt lat="30.4335600323975086212158203125" lon="120.26512158103287220001220703125">
        <ele>5.19999980926513671875</ele>
        <time>2025-03-21T13:35:04.000Z</time>
        <extensions>
          <ns3:TrackPointExtension>
            <ns3:hr>131</ns3:hr>
            <ns3:cad>89</ns3:cad>
          </ns3:TrackPointExtension>
        </extensions>
      </trkpt>
      <trkpt lat="30.433580316603183746337890625" lon="120.26510967873036861419677734375">
        <ele>5.19999980926513671875</ele>
        <time>2025-03-21T13:35:05.000Z</time>
        <extensions>
          <ns3:TrackPointExtension>
            <ns3:hr>130</ns3:hr>
            <ns3:cad>89</ns3:cad>
          </ns3:TrackPointExtension>
        </extensions>
      </trkpt>
      <trkpt lat="30.43360068462789058685302734375" lon="120.26509509421885013580322265625">
        <ele>5.19999980926513671875</ele>
        <time>2025-03-21T13:35:06.000Z</time>
        <extensions>
          <ns3:TrackPointExtension>
            <ns3:hr>130</ns3:hr>
            <ns3:cad>89</ns3:cad>
          </ns3:TrackPointExtension>
        </extensions>
      </trkpt>
      <trkpt lat="30.43362448923289775848388671875" lon="120.265083946287631988525390625">
        <ele>5.19999980926513671875</ele>
        <time>2025-03-21T13:35:07.000Z</time>
        <extensions>
          <ns3:TrackPointExtension>
            <ns3:hr>129</ns3:hr>
            <ns3:cad>89</ns3:cad>
          </ns3:TrackPointExtension>
        </extensions>
      </trkpt>
      <trkpt lat="30.433641336858272552490234375" lon="120.265071205794811248779296875">
        <ele>5.19999980926513671875</ele>
        <time>2025-03-21T13:35:08.000Z</time>
        <extensions>
          <ns3:TrackPointExtension>
            <ns3:hr>129</ns3:hr>
            <ns3:cad>90</ns3:cad>
          </ns3:TrackPointExtension>
        </extensions>
      </trkpt>
      <trkpt lat="30.4336626268923282623291015625" lon="120.26505821384489536285400390625">
        <ele>5.19999980926513671875</ele>
        <time>2025-03-21T13:35:09.000Z</time>
        <extensions>
          <ns3:TrackPointExtension>
            <ns3:hr>129</ns3:hr>
            <ns3:cad>90</ns3:cad>
          </ns3:TrackPointExtension>
        </extensions>
      </trkpt>
      <trkpt lat="30.433688275516033172607421875" lon="120.2650388516485691070556640625">
        <ele>5.19999980926513671875</ele>
        <time>2025-03-21T13:35:10.000Z</time>
        <extensions>
          <ns3:TrackPointExtension>
            <ns3:hr>129</ns3:hr>
            <ns3:cad>90</ns3:cad>
          </ns3:TrackPointExtension>
        </extensions>
      </trkpt>
      <trkpt lat="30.43370629660785198211669921875" lon="120.2650284580886363983154296875">
        <ele>5.19999980926513671875</ele>
        <time>2025-03-21T13:35:11.000Z</time>
        <extensions>
          <ns3:TrackPointExtension>
            <ns3:hr>129</ns3:hr>
            <ns3:cad>90</ns3:cad>
          </ns3:TrackPointExtension>
        </extensions>
      </trkpt>
      <trkpt lat="30.43373278342187404632568359375" lon="120.2650116942822933197021484375">
        <ele>5.400000095367431640625</ele>
        <time>2025-03-21T13:35:12.000Z</time>
        <extensions>
          <ns3:TrackPointExtension>
            <ns3:hr>129</ns3:hr>
            <ns3:cad>91</ns3:cad>
          </ns3:TrackPointExtension>
        </extensions>
      </trkpt>
      <trkpt lat="30.43375432491302490234375" lon="120.264995098114013671875">
        <ele>5.400000095367431640625</ele>
        <time>2025-03-21T13:35:13.000Z</time>
        <extensions>
          <ns3:TrackPointExtension>
            <ns3:hr>129</ns3:hr>
            <ns3:cad>91</ns3:cad>
          </ns3:TrackPointExtension>
        </extensions>
      </trkpt>
      <trkpt lat="30.43378190137445926666259765625" lon="120.2649825252592563629150390625">
        <ele>5.599999904632568359375</ele>
        <time>2025-03-21T13:35:14.000Z</time>
        <extensions>
          <ns3:TrackPointExtension>
            <ns3:hr>130</ns3:hr>
            <ns3:cad>91</ns3:cad>
          </ns3:TrackPointExtension>
        </extensions>
      </trkpt>
      <trkpt lat="30.4338004253804683685302734375" lon="120.2649624086916446685791015625">
        <ele>5.599999904632568359375</ele>
        <time>2025-03-21T13:35:15.000Z</time>
        <extensions>
          <ns3:TrackPointExtension>
            <ns3:hr>130</ns3:hr>
            <ns3:cad>90</ns3:cad>
          </ns3:TrackPointExtension>
        </extensions>
      </trkpt>
      <trkpt lat="30.433817692101001739501953125" lon="120.26494958437979221343994140625">
        <ele>5.80000019073486328125</ele>
        <time>2025-03-21T13:35:16.000Z</time>
        <extensions>
          <ns3:TrackPointExtension>
            <ns3:hr>130</ns3:hr>
            <ns3:cad>90</ns3:cad>
          </ns3:TrackPointExtension>
        </extensions>
      </trkpt>
      <trkpt lat="30.4338440112769603729248046875" lon="120.2649374306201934814453125">
        <ele>5.80000019073486328125</ele>
        <time>2025-03-21T13:35:17.000Z</time>
        <extensions>
          <ns3:TrackPointExtension>
            <ns3:hr>131</ns3:hr>
            <ns3:cad>90</ns3:cad>
          </ns3:TrackPointExtension>
        </extensions>
      </trkpt>
      <trkpt lat="30.43386655859649181365966796875" lon="120.2649221755564212799072265625">
        <ele>5.80000019073486328125</ele>
        <time>2025-03-21T13:35:18.000Z</time>
        <extensions>
          <ns3:TrackPointExtension>
            <ns3:hr>133</ns3:hr>
            <ns3:cad>91</ns3:cad>
          </ns3:TrackPointExtension>
        </extensions>
      </trkpt>
      <trkpt lat="30.43388684280216693878173828125" lon="120.26490985415875911712646484375">
        <ele>5.599999904632568359375</ele>
        <time>2025-03-21T13:35:19.000Z</time>
        <extensions>
          <ns3:TrackPointExtension>
            <ns3:hr>134</ns3:hr>
            <ns3:cad>91</ns3:cad>
          </ns3:TrackPointExtension>
        </extensions>
      </trkpt>
      <trkpt lat="30.4339073784649372100830078125" lon="120.264895521104335784912109375">
        <ele>5.599999904632568359375</ele>
        <time>2025-03-21T13:35:20.000Z</time>
        <extensions>
          <ns3:TrackPointExtension>
            <ns3:hr>134</ns3:hr>
            <ns3:cad>91</ns3:cad>
          </ns3:TrackPointExtension>
        </extensions>
      </trkpt>
      <trkpt lat="30.43392640538513660430908203125" lon="120.26488445699214935302734375">
        <ele>5.400000095367431640625</ele>
        <time>2025-03-21T13:35:21.000Z</time>
        <extensions>
          <ns3:TrackPointExtension>
            <ns3:hr>134</ns3:hr>
            <ns3:cad>91</ns3:cad>
          </ns3:TrackPointExtension>
        </extensions>
      </trkpt>
      <trkpt lat="30.43394409120082855224609375" lon="120.2648745663464069366455078125">
        <ele>5.19999980926513671875</ele>
        <time>2025-03-21T13:35:22.000Z</time>
        <extensions>
          <ns3:TrackPointExtension>
            <ns3:hr>134</ns3:hr>
            <ns3:cad>91</ns3:cad>
          </ns3:TrackPointExtension>
        </extensions>
      </trkpt>
      <trkpt lat="30.4339633695781230926513671875" lon="120.26486258022487163543701171875">
        <ele>5.19999980926513671875</ele>
        <time>2025-03-21T13:35:23.000Z</time>
        <extensions>
          <ns3:TrackPointExtension>
            <ns3:hr>134</ns3:hr>
            <ns3:cad>91</ns3:cad>
          </ns3:TrackPointExtension>
        </extensions>
      </trkpt>
      <trkpt lat="30.43398725800216197967529296875" lon="120.2648490853607654571533203125">
        <ele>5</ele>
        <time>2025-03-21T13:35:24.000Z</time>
        <extensions>
          <ns3:TrackPointExtension>
            <ns3:hr>134</ns3:hr>
            <ns3:cad>91</ns3:cad>
          </ns3:TrackPointExtension>
        </extensions>
      </trkpt>
      <trkpt lat="30.434010140597820281982421875" lon="120.26483709923923015594482421875">
        <ele>4.80000019073486328125</ele>
        <time>2025-03-21T13:35:25.000Z</time>
        <extensions>
          <ns3:TrackPointExtension>
            <ns3:hr>134</ns3:hr>
            <ns3:cad>91</ns3:cad>
          </ns3:TrackPointExtension>
        </extensions>
      </trkpt>
      <trkpt lat="30.4340337775647640228271484375" lon="120.2648252807557582855224609375">
        <ele>4.599999904632568359375</ele>
        <time>2025-03-21T13:35:26.000Z</time>
        <extensions>
          <ns3:TrackPointExtension>
            <ns3:hr>135</ns3:hr>
            <ns3:cad>91</ns3:cad>
          </ns3:TrackPointExtension>
        </extensions>
      </trkpt>
      <trkpt lat="30.4340552352368831634521484375" lon="120.264812372624874114990234375">
        <ele>4.599999904632568359375</ele>
        <time>2025-03-21T13:35:27.000Z</time>
        <extensions>
          <ns3:TrackPointExtension>
            <ns3:hr>135</ns3:hr>
            <ns3:cad>91</ns3:cad>
          </ns3:TrackPointExtension>
        </extensions>
      </trkpt>
      <trkpt lat="30.43408012948930263519287109375" lon="120.2647941000759601593017578125">
        <ele>4.400000095367431640625</ele>
        <time>2025-03-21T13:35:28.000Z</time>
        <extensions>
          <ns3:TrackPointExtension>
            <ns3:hr>135</ns3:hr>
            <ns3:cad>91</ns3:cad>
          </ns3:TrackPointExtension>
        </extensions>
      </trkpt>
      <trkpt lat="30.43410292826592922210693359375" lon="120.26477515697479248046875">
        <ele>4.19999980926513671875</ele>
        <time>2025-03-21T13:35:29.000Z</time>
        <extensions>
          <ns3:TrackPointExtension>
            <ns3:hr>135</ns3:hr>
            <ns3:cad>90</ns3:cad>
          </ns3:TrackPointExtension>
        </extensions>
      </trkpt>
      <trkpt lat="30.434120781719684600830078125" lon="120.2647535316646099090576171875">
        <ele>4.19999980926513671875</ele>
        <time>2025-03-21T13:35:30.000Z</time>
        <extensions>
          <ns3:TrackPointExtension>
            <ns3:hr>135</ns3:hr>
            <ns3:cad>90</ns3:cad>
          </ns3:TrackPointExtension>
        </extensions>
      </trkpt>
      <trkpt lat="30.4341383837163448333740234375" lon="120.26473559439182281494140625">
        <ele>4.400000095367431640625</ele>
        <time>2025-03-21T13:35:31.000Z</time>
        <extensions>
          <ns3:TrackPointExtension>
            <ns3:hr>136</ns3:hr>
            <ns3:cad>90</ns3:cad>
          </ns3:TrackPointExtension>
        </extensions>
      </trkpt>
      <trkpt lat="30.4341554827988147735595703125" lon="120.26472411118447780609130859375">
        <ele>4.400000095367431640625</ele>
        <time>2025-03-21T13:35:32.000Z</time>
        <extensions>
          <ns3:TrackPointExtension>
            <ns3:hr>136</ns3:hr>
            <ns3:cad>90</ns3:cad>
          </ns3:TrackPointExtension>
        </extensions>
      </trkpt>
      <trkpt lat="30.4341794550418853759765625" lon="120.26471153832972049713134765625">
        <ele>4.400000095367431640625</ele>
        <time>2025-03-21T13:35:33.000Z</time>
        <extensions>
          <ns3:TrackPointExtension>
            <ns3:hr>136</ns3:hr>
            <ns3:cad>90</ns3:cad>
          </ns3:TrackPointExtension>
        </extensions>
      </trkpt>
      <trkpt lat="30.43420250527560710906982421875" lon="120.2646985463798046112060546875">
        <ele>4.400000095367431640625</ele>
        <time>2025-03-21T13:35:34.000Z</time>
        <extensions>
          <ns3:TrackPointExtension>
            <ns3:hr>137</ns3:hr>
            <ns3:cad>90</ns3:cad>
          </ns3:TrackPointExtension>
        </extensions>
      </trkpt>
      <trkpt lat="30.43421993963420391082763671875" lon="120.26468622498214244842529296875">
        <ele>4.400000095367431640625</ele>
        <time>2025-03-21T13:35:35.000Z</time>
        <extensions>
          <ns3:TrackPointExtension>
            <ns3:hr>137</ns3:hr>
            <ns3:cad>90</ns3:cad>
          </ns3:TrackPointExtension>
        </extensions>
      </trkpt>
      <trkpt lat="30.434245504438877105712890625" lon="120.264669544994831085205078125">
        <ele>4.19999980926513671875</ele>
        <time>2025-03-21T13:35:36.000Z</time>
        <extensions>
          <ns3:TrackPointExtension>
            <ns3:hr>137</ns3:hr>
            <ns3:cad>92</ns3:cad>
          </ns3:TrackPointExtension>
        </extensions>
      </trkpt>
      <trkpt lat="30.4342674650251865386962890625" lon="120.26465236209332942962646484375">
        <ele>4</ele>
        <time>2025-03-21T13:35:37.000Z</time>
        <extensions>
          <ns3:TrackPointExtension>
            <ns3:hr>138</ns3:hr>
            <ns3:cad>92</ns3:cad>
          </ns3:TrackPointExtension>
        </extensions>
      </trkpt>
      <trkpt lat="30.4342828877270221710205078125" lon="120.26464171707630157470703125">
        <ele>3.7999999523162841796875</ele>
        <time>2025-03-21T13:35:38.000Z</time>
        <extensions>
          <ns3:TrackPointExtension>
            <ns3:hr>138</ns3:hr>
            <ns3:cad>92</ns3:cad>
          </ns3:TrackPointExtension>
        </extensions>
      </trkpt>
      <trkpt lat="30.434295795857906341552734375" lon="120.26463626883924007415771484375">
        <ele>3.7999999523162841796875</ele>
        <time>2025-03-21T13:35:39.000Z</time>
        <extensions>
          <ns3:TrackPointExtension>
            <ns3:hr>138</ns3:hr>
            <ns3:cad>92</ns3:cad>
          </ns3:TrackPointExtension>
        </extensions>
      </trkpt>
      <trkpt lat="30.43431566096842288970947265625" lon="120.2646231092512607574462890625">
        <ele>3.7999999523162841796875</ele>
        <time>2025-03-21T13:35:40.000Z</time>
        <extensions>
          <ns3:TrackPointExtension>
            <ns3:hr>137</ns3:hr>
            <ns3:cad>92</ns3:cad>
          </ns3:TrackPointExtension>
        </extensions>
      </trkpt>
      <trkpt lat="30.43432898819446563720703125" lon="120.264621265232563018798828125">
        <ele>3.599999904632568359375</ele>
        <time>2025-03-21T13:35:41.000Z</time>
        <extensions>
          <ns3:TrackPointExtension>
            <ns3:hr>137</ns3:hr>
            <ns3:cad>92</ns3:cad>
          </ns3:TrackPointExtension>
        </extensions>
      </trkpt>
      <trkpt lat="30.4343341849744319915771484375" lon="120.26461648754775524139404296875">
        <ele>3.599999904632568359375</ele>
        <time>2025-03-21T13:35:42.000Z</time>
        <extensions>
          <ns3:TrackPointExtension>
            <ns3:hr>137</ns3:hr>
            <ns3:cad>92</ns3:cad>
          </ns3:TrackPointExtension>
        </extensions>
      </trkpt>
      <trkpt lat="30.43434583581984043121337890625" lon="120.264606177806854248046875">
        <ele>3.599999904632568359375</ele>
        <time>2025-03-21T13:35:43.000Z</time>
        <extensions>
          <ns3:TrackPointExtension>
            <ns3:hr>137</ns3:hr>
            <ns3:cad>92</ns3:cad>
          </ns3:TrackPointExtension>
        </extensions>
      </trkpt>
      <trkpt lat="30.43436528183519840240478515625" lon="120.26459502987563610076904296875">
        <ele>3.599999904632568359375</ele>
        <time>2025-03-21T13:35:44.000Z</time>
        <extensions>
          <ns3:TrackPointExtension>
            <ns3:hr>137</ns3:hr>
            <ns3:cad>92</ns3:cad>
          </ns3:TrackPointExtension>
        </extensions>
      </trkpt>
      <trkpt lat="30.43438556604087352752685546875" lon="120.26457876898348331451416015625">
        <ele>3.7999999523162841796875</ele>
        <time>2025-03-21T13:35:45.000Z</time>
        <extensions>
          <ns3:TrackPointExtension>
            <ns3:hr>137</ns3:hr>
            <ns3:cad>92</ns3:cad>
          </ns3:TrackPointExtension>
        </extensions>
      </trkpt>
      <trkpt lat="30.43440501205623149871826171875" lon="120.26456267572939395904541015625">
        <ele>4.19999980926513671875</ele>
        <time>2025-03-21T13:35:46.000Z</time>
        <extensions>
          <ns3:TrackPointExtension>
            <ns3:hr>137</ns3:hr>
            <ns3:cad>92</ns3:cad>
          </ns3:TrackPointExtension>
        </extensions>
      </trkpt>
      <trkpt lat="30.43441020883619785308837890625" lon="120.26455412618815898895263671875">
        <ele>4.19999980926513671875</ele>
        <time>2025-03-21T13:35:47.000Z</time>
        <extensions>
          <ns3:TrackPointExtension>
            <ns3:hr>137</ns3:hr>
            <ns3:cad>92</ns3:cad>
          </ns3:TrackPointExtension>
        </extensions>
      </trkpt>
      <trkpt lat="30.43442177586257457733154296875" lon="120.26454205624759197235107421875">
        <ele>4.599999904632568359375</ele>
        <time>2025-03-21T13:35:48.000Z</time>
        <extensions>
          <ns3:TrackPointExtension>
            <ns3:hr>137</ns3:hr>
            <ns3:cad>92</ns3:cad>
          </ns3:TrackPointExtension>
        </extensions>
      </trkpt>
      <trkpt lat="30.43443367816507816314697265625" lon="120.26453350670635700225830078125">
        <ele>4.80000019073486328125</ele>
        <time>2025-03-21T13:35:49.000Z</time>
        <extensions>
          <ns3:TrackPointExtension>
            <ns3:hr>137</ns3:hr>
            <ns3:cad>66</ns3:cad>
          </ns3:TrackPointExtension>
        </extensions>
      </trkpt>
      <trkpt lat="30.4344495199620723724365234375" lon="120.26452646590769290924072265625">
        <ele>5</ele>
        <time>2025-03-21T13:35:50.000Z</time>
        <extensions>
          <ns3:TrackPointExtension>
            <ns3:hr>137</ns3:hr>
            <ns3:cad>65</ns3:cad>
          </ns3:TrackPointExtension>
        </extensions>
      </trkpt>
      <trkpt lat="30.43446452356874942779541015625" lon="120.26451967656612396240234375">
        <ele>5.19999980926513671875</ele>
        <time>2025-03-21T13:35:51.000Z</time>
        <extensions>
          <ns3:TrackPointExtension>
            <ns3:hr>136</ns3:hr>
            <ns3:cad>65</ns3:cad>
          </ns3:TrackPointExtension>
        </extensions>
      </trkpt>
      <trkpt lat="30.434482209384441375732421875" lon="120.264509283006191253662109375">
        <ele>5.400000095367431640625</ele>
        <time>2025-03-21T13:35:52.000Z</time>
        <extensions>
          <ns3:TrackPointExtension>
            <ns3:hr>136</ns3:hr>
            <ns3:cad>0</ns3:cad>
          </ns3:TrackPointExtension>
        </extensions>
      </trkpt>
      <trkpt lat="30.43449955992400646209716796875" lon="120.2644963748753070831298828125">
        <ele>5.80000019073486328125</ele>
        <time>2025-03-21T13:35:53.000Z</time>
        <extensions>
          <ns3:TrackPointExtension>
            <ns3:hr>135</ns3:hr>
            <ns3:cad>0</ns3:cad>
          </ns3:TrackPointExtension>
        </extensions>
      </trkpt>
      <trkpt lat="30.43451934121549129486083984375" lon="120.26448271237313747406005859375">
        <ele>6</ele>
        <time>2025-03-21T13:35:54.000Z</time>
        <extensions>
          <ns3:TrackPointExtension>
            <ns3:hr>135</ns3:hr>
            <ns3:cad>90</ns3:cad>
          </ns3:TrackPointExtension>
        </extensions>
      </trkpt>
      <trkpt lat="30.4345428943634033203125" lon="120.26446645148098468780517578125">
        <ele>6.19999980926513671875</ele>
        <time>2025-03-21T13:35:55.000Z</time>
        <extensions>
          <ns3:TrackPointExtension>
            <ns3:hr>136</ns3:hr>
            <ns3:cad>90</ns3:cad>
          </ns3:TrackPointExtension>
        </extensions>
      </trkpt>
      <trkpt lat="30.4345648549497127532958984375" lon="120.26445270515978336334228515625">
        <ele>6.19999980926513671875</ele>
        <time>2025-03-21T13:35:56.000Z</time>
        <extensions>
          <ns3:TrackPointExtension>
            <ns3:hr>136</ns3:hr>
            <ns3:cad>90</ns3:cad>
          </ns3:TrackPointExtension>
        </extensions>
      </trkpt>
      <trkpt lat="30.43458237312734127044677734375" lon="120.2644427306950092315673828125">
        <ele>6</ele>
        <time>2025-03-21T13:35:57.000Z</time>
        <extensions>
          <ns3:TrackPointExtension>
            <ns3:hr>137</ns3:hr>
            <ns3:cad>90</ns3:cad>
          </ns3:TrackPointExtension>
        </extensions>
      </trkpt>
      <trkpt lat="30.434596203267574310302734375" lon="120.264430828392505645751953125">
        <ele>6</ele>
        <time>2025-03-21T13:35:58.000Z</time>
        <extensions>
          <ns3:TrackPointExtension>
            <ns3:hr>137</ns3:hr>
            <ns3:cad>90</ns3:cad>
          </ns3:TrackPointExtension>
        </extensions>
      </trkpt>
      <trkpt lat="30.43461288325488567352294921875" lon="120.264418758451938629150390625">
        <ele>6</ele>
        <time>2025-03-21T13:35:59.000Z</time>
        <extensions>
          <ns3:TrackPointExtension>
            <ns3:hr>137</ns3:hr>
            <ns3:cad>89</ns3:cad>
          </ns3:TrackPointExtension>
        </extensions>
      </trkpt>
      <trkpt lat="30.43463014997541904449462890625" lon="120.26440610177814960479736328125">
        <ele>6</ele>
        <time>2025-03-21T13:36:00.000Z</time>
        <extensions>
          <ns3:TrackPointExtension>
            <ns3:hr>136</ns3:hr>
            <ns3:cad>89</ns3:cad>
          </ns3:TrackPointExtension>
        </extensions>
      </trkpt>
      <trkpt lat="30.434647500514984130859375" lon="120.26439218781888484954833984375">
        <ele>6</ele>
        <time>2025-03-21T13:36:01.000Z</time>
        <extensions>
          <ns3:TrackPointExtension>
            <ns3:hr>136</ns3:hr>
            <ns3:cad>88</ns3:cad>
          </ns3:TrackPointExtension>
        </extensions>
      </trkpt>
      <trkpt lat="30.43466158211231231689453125" lon="120.2643807046115398406982421875">
        <ele>6</ele>
        <time>2025-03-21T13:36:02.000Z</time>
        <extensions>
          <ns3:TrackPointExtension>
            <ns3:hr>136</ns3:hr>
            <ns3:cad>87</ns3:cad>
          </ns3:TrackPointExtension>
        </extensions>
      </trkpt>
      <trkpt lat="30.43467826209962368011474609375" lon="120.26436804793775081634521484375">
        <ele>6</ele>
        <time>2025-03-21T13:36:03.000Z</time>
        <extensions>
          <ns3:TrackPointExtension>
            <ns3:hr>136</ns3:hr>
            <ns3:cad>86</ns3:cad>
          </ns3:TrackPointExtension>
        </extensions>
      </trkpt>
      <trkpt lat="30.43469603173434734344482421875" lon="120.2643580734729766845703125">
        <ele>6</ele>
        <time>2025-03-21T13:36:04.000Z</time>
        <extensions>
          <ns3:TrackPointExtension>
            <ns3:hr>135</ns3:hr>
            <ns3:cad>86</ns3:cad>
          </ns3:TrackPointExtension>
        </extensions>
      </trkpt>
      <trkpt lat="30.4347137175500392913818359375" lon="120.26435111649334430694580078125">
        <ele>6</ele>
        <time>2025-03-21T13:36:05.000Z</time>
        <extensions>
          <ns3:TrackPointExtension>
            <ns3:hr>135</ns3:hr>
            <ns3:cad>86</ns3:cad>
          </ns3:TrackPointExtension>
        </extensions>
      </trkpt>
      <trkpt lat="30.434727966785430908203125" lon="120.2643468417227268218994140625">
        <ele>6.19999980926513671875</ele>
        <time>2025-03-21T13:36:06.000Z</time>
        <extensions>
          <ns3:TrackPointExtension>
            <ns3:hr>135</ns3:hr>
            <ns3:cad>43</ns3:cad>
          </ns3:TrackPointExtension>
        </extensions>
      </trkpt>
      <trkpt lat="30.434744060039520263671875" lon="120.264344997704029083251953125">
        <ele>6.19999980926513671875</ele>
        <time>2025-03-21T13:36:07.000Z</time>
        <extensions>
          <ns3:TrackPointExtension>
            <ns3:hr>136</ns3:hr>
            <ns3:cad>0</ns3:cad>
          </ns3:TrackPointExtension>
        </extensions>
      </trkpt>
      <trkpt lat="30.4347586445510387420654296875" lon="120.2643448300659656524658203125">
        <ele>6.19999980926513671875</ele>
        <time>2025-03-21T13:36:08.000Z</time>
        <extensions>
          <ns3:TrackPointExtension>
            <ns3:hr>136</ns3:hr>
            <ns3:cad>0</ns3:cad>
          </ns3:TrackPointExtension>
        </extensions>
      </trkpt>
      <trkpt lat="30.4347703792154788970947265625" lon="120.26434625498950481414794921875">
        <ele>6.19999980926513671875</ele>
        <time>2025-03-21T13:36:09.000Z</time>
        <extensions>
          <ns3:TrackPointExtension>
            <ns3:hr>136</ns3:hr>
            <ns3:cad>60</ns3:cad>
          </ns3:TrackPointExtension>
        </extensions>
      </trkpt>
      <trkpt lat="30.4347827844321727752685546875" lon="120.26434801518917083740234375">
        <ele>6.19999980926513671875</ele>
        <time>2025-03-21T13:36:10.000Z</time>
        <extensions>
          <ns3:TrackPointExtension>
            <ns3:hr>136</ns3:hr>
            <ns3:cad>60</ns3:cad>
          </ns3:TrackPointExtension>
        </extensions>
      </trkpt>
      <trkpt lat="30.43479493819177150726318359375" lon="120.26435069739818572998046875">
        <ele>6</ele>
        <time>2025-03-21T13:36:11.000Z</time>
        <extensions>
          <ns3:TrackPointExtension>
            <ns3:hr>136</ns3:hr>
            <ns3:cad>58</ns3:cad>
          </ns3:TrackPointExtension>
        </extensions>
      </trkpt>
      <trkpt lat="30.43480834923684597015380859375" lon="120.26435279287397861480712890625">
        <ele>6</ele>
        <time>2025-03-21T13:36:12.000Z</time>
        <extensions>
          <ns3:TrackPointExtension>
            <ns3:hr>135</ns3:hr>
            <ns3:cad>56</ns3:cad>
          </ns3:TrackPointExtension>
        </extensions>
      </trkpt>
      <trkpt lat="30.43481790460646152496337890625" lon="120.26435472071170806884765625">
        <ele>6</ele>
        <time>2025-03-21T13:36:13.000Z</time>
        <extensions>
          <ns3:TrackPointExtension>
            <ns3:hr>135</ns3:hr>
            <ns3:cad>56</ns3:cad>
          </ns3:TrackPointExtension>
        </extensions>
      </trkpt>
      <trkpt lat="30.43482427485287189483642578125" lon="120.2643558941781520843505859375">
        <ele>6</ele>
        <time>2025-03-21T13:36:14.000Z</time>
        <extensions>
          <ns3:TrackPointExtension>
            <ns3:hr>135</ns3:hr>
            <ns3:cad>56</ns3:cad>
          </ns3:TrackPointExtension>
        </extensions>
      </trkpt>
      <trkpt lat="30.43483014218509197235107421875" lon="120.2643579058349132537841796875">
        <ele>6</ele>
        <time>2025-03-21T13:36:15.000Z</time>
        <extensions>
          <ns3:TrackPointExtension>
            <ns3:hr>135</ns3:hr>
            <ns3:cad>0</ns3:cad>
          </ns3:TrackPointExtension>
        </extensions>
      </trkpt>
      <trkpt lat="30.43483517132699489593505859375" lon="120.26436276733875274658203125">
        <ele>6</ele>
        <time>2025-03-21T13:36:16.000Z</time>
        <extensions>
          <ns3:TrackPointExtension>
            <ns3:hr>136</ns3:hr>
            <ns3:cad>0</ns3:cad>
          </ns3:TrackPointExtension>
        </extensions>
      </trkpt>
      <trkpt lat="30.4348417930305004119873046875" lon="120.26436947286128997802734375">
        <ele>6</ele>
        <time>2025-03-21T13:36:17.000Z</time>
        <extensions>
          <ns3:TrackPointExtension>
            <ns3:hr>135</ns3:hr>
            <ns3:cad>0</ns3:cad>
          </ns3:TrackPointExtension>
        </extensions>
      </trkpt>
      <trkpt lat="30.434851348400115966796875" lon="120.2643776871263980865478515625">
        <ele>6</ele>
        <time>2025-03-21T13:36:18.000Z</time>
        <extensions>
          <ns3:TrackPointExtension>
            <ns3:hr>134</ns3:hr>
            <ns3:cad>55</ns3:cad>
          </ns3:TrackPointExtension>
        </extensions>
      </trkpt>
      <trkpt lat="30.43486149050295352935791015625" lon="120.264383889734745025634765625">
        <ele>6</ele>
        <time>2025-03-21T13:36:19.000Z</time>
        <extensions>
          <ns3:TrackPointExtension>
            <ns3:hr>135</ns3:hr>
            <ns3:cad>55</ns3:cad>
          </ns3:TrackPointExtension>
        </extensions>
      </trkpt>
      <trkpt lat="30.434867776930332183837890625" lon="120.2643887512385845184326171875">
        <ele>6</ele>
        <time>2025-03-21T13:36:20.000Z</time>
        <extensions>
          <ns3:TrackPointExtension>
            <ns3:hr>137</ns3:hr>
            <ns3:cad>55</ns3:cad>
          </ns3:TrackPointExtension>
        </extensions>
      </trkpt>
      <trkpt lat="30.43487423099577426910400390625" lon="120.26438824832439422607421875">
        <ele>6</ele>
        <time>2025-03-21T13:36:21.000Z</time>
        <extensions>
          <ns3:TrackPointExtension>
            <ns3:hr>137</ns3:hr>
            <ns3:cad>53</ns3:cad>
          </ns3:TrackPointExtension>
        </extensions>
      </trkpt>
      <trkpt lat="30.4348776675760746002197265625" lon="120.26438824832439422607421875">
        <ele>6</ele>
        <time>2025-03-21T13:36:22.000Z</time>
        <extensions>
          <ns3:TrackPointExtension>
            <ns3:hr>137</ns3:hr>
            <ns3:cad>0</ns3:cad>
          </ns3:TrackPointExtension>
        </extensions>
      </trkpt>
      <trkpt lat="30.43487875722348690032958984375" lon="120.26438866741955280303955078125">
        <ele>6</ele>
        <time>2025-03-21T13:36:23.000Z</time>
        <extensions>
          <ns3:TrackPointExtension>
            <ns3:hr>137</ns3:hr>
            <ns3:cad>0</ns3:cad>
          </ns3:TrackPointExtension>
        </extensions>
      </trkpt>
      <trkpt lat="30.434879176318645477294921875" lon="120.26438866741955280303955078125">
        <ele>6</ele>
        <time>2025-03-21T13:36:24.000Z</time>
        <extensions>
          <ns3:TrackPointExtension>
            <ns3:hr>136</ns3:hr>
            <ns3:cad>0</ns3:cad>
          </ns3:TrackPointExtension>
        </extensions>
      </trkpt>
      <trkpt lat="30.43488018214702606201171875" lon="120.26438849978148937225341796875">
        <ele>6</ele>
        <time>2025-03-21T13:36:25.000Z</time>
        <extensions>
          <ns3:TrackPointExtension>
            <ns3:hr>136</ns3:hr>
            <ns3:cad>0</ns3:cad>
          </ns3:TrackPointExtension>
        </extensions>
      </trkpt>
      <trkpt lat="30.43488160707056522369384765625" lon="120.26438816450536251068115234375">
        <ele>6</ele>
        <time>2025-03-21T13:36:26.000Z</time>
        <extensions>
          <ns3:TrackPointExtension>
            <ns3:hr>137</ns3:hr>
            <ns3:cad>0</ns3:cad>
          </ns3:TrackPointExtension>
        </extensions>
      </trkpt>
      <trkpt lat="30.43493139557540416717529296875" lon="120.2643716521561145782470703125">
        <ele>6</ele>
        <time>2025-03-21T13:36:41.000Z</time>
        <extensions>
          <ns3:TrackPointExtension>
            <ns3:hr>129</ns3:hr>
            <ns3:cad>0</ns3:cad>
          </ns3:TrackPointExtension>
        </extensions>
      </trkpt>
      <trkpt lat="30.43495888821780681610107421875" lon="120.26436586864292621612548828125">
        <ele>6</ele>
        <time>2025-03-21T13:36:42.000Z</time>
        <extensions>
          <ns3:TrackPointExtension>
            <ns3:hr>130</ns3:hr>
            <ns3:cad>87</ns3:cad>
          </ns3:TrackPointExtension>
        </extensions>
      </trkpt>
      <trkpt lat="30.434985458850860595703125" lon="120.26435933075845241546630859375">
        <ele>5.80000019073486328125</ele>
        <time>2025-03-21T13:36:43.000Z</time>
        <extensions>
          <ns3:TrackPointExtension>
            <ns3:hr>130</ns3:hr>
            <ns3:cad>88</ns3:cad>
          </ns3:TrackPointExtension>
        </extensions>
      </trkpt>
      <trkpt lat="30.43501102365553379058837890625" lon="120.26435203850269317626953125">
        <ele>5.80000019073486328125</ele>
        <time>2025-03-21T13:36:44.000Z</time>
        <extensions>
          <ns3:TrackPointExtension>
            <ns3:hr>130</ns3:hr>
            <ns3:cad>89</ns3:cad>
          </ns3:TrackPointExtension>
        </extensions>
      </trkpt>
      <trkpt lat="30.43504086323082447052001953125" lon="120.2643441595137119293212890625">
        <ele>5.599999904632568359375</ele>
        <time>2025-03-21T13:36:45.000Z</time>
        <extensions>
          <ns3:TrackPointExtension>
            <ns3:hr>129</ns3:hr>
            <ns3:cad>90</ns3:cad>
          </ns3:TrackPointExtension>
        </extensions>
      </trkpt>
      <trkpt lat="30.43506684713065624237060546875" lon="120.26433435268700122833251953125">
        <ele>5.400000095367431640625</ele>
        <time>2025-03-21T13:36:46.000Z</time>
        <extensions>
          <ns3:TrackPointExtension>
            <ns3:hr>129</ns3:hr>
            <ns3:cad>90</ns3:cad>
          </ns3:TrackPointExtension>
        </extensions>
      </trkpt>
      <trkpt lat="30.43510205112397670745849609375" lon="120.2643250487744808197021484375">
        <ele>5.19999980926513671875</ele>
        <time>2025-03-21T13:36:47.000Z</time>
        <extensions>
          <ns3:TrackPointExtension>
            <ns3:hr>129</ns3:hr>
            <ns3:cad>91</ns3:cad>
          </ns3:TrackPointExtension>
        </extensions>
      </trkpt>
      <trkpt lat="30.43514303863048553466796875" lon="120.26431423611938953399658203125">
        <ele>5</ele>
        <time>2025-03-21T13:36:48.000Z</time>
        <extensions>
          <ns3:TrackPointExtension>
            <ns3:hr>128</ns3:hr>
            <ns3:cad>91</ns3:cad>
          </ns3:TrackPointExtension>
        </extensions>
      </trkpt>
      <trkpt lat="30.4351810924708843231201171875" lon="120.26429411955177783966064453125">
        <ele>4.80000019073486328125</ele>
        <time>2025-03-21T13:36:49.000Z</time>
        <extensions>
          <ns3:TrackPointExtension>
            <ns3:hr>127</ns3:hr>
            <ns3:cad>92</ns3:cad>
          </ns3:TrackPointExtension>
        </extensions>
      </trkpt>
      <trkpt lat="30.43521956540644168853759765625" lon="120.26427215896546840667724609375">
        <ele>4.599999904632568359375</ele>
        <time>2025-03-21T13:36:50.000Z</time>
        <extensions>
          <ns3:TrackPointExtension>
            <ns3:hr>127</ns3:hr>
            <ns3:cad>93</ns3:cad>
          </ns3:TrackPointExtension>
        </extensions>
      </trkpt>
      <trkpt lat="30.435237586498260498046875" lon="120.2642579935491085052490234375">
        <ele>4.599999904632568359375</ele>
        <time>2025-03-21T13:36:51.000Z</time>
        <extensions>
          <ns3:TrackPointExtension>
            <ns3:hr>126</ns3:hr>
            <ns3:cad>93</ns3:cad>
          </ns3:TrackPointExtension>
        </extensions>
      </trkpt>
      <trkpt lat="30.43525636196136474609375" lon="120.26424475014209747314453125">
        <ele>4.599999904632568359375</ele>
        <time>2025-03-21T13:36:52.000Z</time>
        <extensions>
          <ns3:TrackPointExtension>
            <ns3:hr>127</ns3:hr>
            <ns3:cad>93</ns3:cad>
          </ns3:TrackPointExtension>
        </extensions>
      </trkpt>
      <trkpt lat="30.4352766461670398712158203125" lon="120.26423175819218158721923828125">
        <ele>4.599999904632568359375</ele>
        <time>2025-03-21T13:36:53.000Z</time>
        <extensions>
          <ns3:TrackPointExtension>
            <ns3:hr>127</ns3:hr>
            <ns3:cad>92</ns3:cad>
          </ns3:TrackPointExtension>
        </extensions>
      </trkpt>
      <trkpt lat="30.4352979362010955810546875" lon="120.26422002352774143218994140625">
        <ele>4.400000095367431640625</ele>
        <time>2025-03-21T13:36:54.000Z</time>
        <extensions>
          <ns3:TrackPointExtension>
            <ns3:hr>127</ns3:hr>
            <ns3:cad>90</ns3:cad>
          </ns3:TrackPointExtension>
        </extensions>
      </trkpt>
      <trkpt lat="30.43531863950192928314208984375" lon="120.2642070315778255462646484375">
        <ele>4.400000095367431640625</ele>
        <time>2025-03-21T13:36:55.000Z</time>
        <extensions>
          <ns3:TrackPointExtension>
            <ns3:hr>128</ns3:hr>
            <ns3:cad>89</ns3:cad>
          </ns3:TrackPointExtension>
        </extensions>
      </trkpt>
      <trkpt lat="30.43533473275601863861083984375" lon="120.26419102214276790618896484375">
        <ele>4.400000095367431640625</ele>
        <time>2025-03-21T13:36:56.000Z</time>
        <extensions>
          <ns3:TrackPointExtension>
            <ns3:hr>129</ns3:hr>
            <ns3:cad>89</ns3:cad>
          </ns3:TrackPointExtension>
        </extensions>
      </trkpt>
      <trkpt lat="30.43534294702112674713134765625" lon="120.264166630804538726806640625">
        <ele>4.400000095367431640625</ele>
        <time>2025-03-21T13:36:57.000Z</time>
        <extensions>
          <ns3:TrackPointExtension>
            <ns3:hr>129</ns3:hr>
            <ns3:cad>89</ns3:cad>
          </ns3:TrackPointExtension>
        </extensions>
      </trkpt>
      <trkpt lat="30.435353927314281463623046875" lon="120.26414274238049983978271484375">
        <ele>4.400000095367431640625</ele>
        <time>2025-03-21T13:36:58.000Z</time>
        <extensions>
          <ns3:TrackPointExtension>
            <ns3:hr>130</ns3:hr>
            <ns3:cad>89</ns3:cad>
          </ns3:TrackPointExtension>
        </extensions>
      </trkpt>
      <trkpt lat="30.4353658296167850494384765625" lon="120.264114327728748321533203125">
        <ele>4.400000095367431640625</ele>
        <time>2025-03-21T13:36:59.000Z</time>
        <extensions>
          <ns3:TrackPointExtension>
            <ns3:hr>131</ns3:hr>
            <ns3:cad>88</ns3:cad>
          </ns3:TrackPointExtension>
        </extensions>
      </trkpt>
      <trkpt lat="30.43537546880543231964111328125" lon="120.2640898525714874267578125">
        <ele>4.400000095367431640625</ele>
        <time>2025-03-21T13:37:00.000Z</time>
        <extensions>
          <ns3:TrackPointExtension>
            <ns3:hr>131</ns3:hr>
            <ns3:cad>87</ns3:cad>
          </ns3:TrackPointExtension>
        </extensions>
      </trkpt>
      <trkpt lat="30.4353899694979190826416015625" lon="120.2640638686716556549072265625">
        <ele>4.599999904632568359375</ele>
        <time>2025-03-21T13:37:01.000Z</time>
        <extensions>
          <ns3:TrackPointExtension>
            <ns3:hr>131</ns3:hr>
            <ns3:cad>88</ns3:cad>
          </ns3:TrackPointExtension>
        </extensions>
      </trkpt>
      <trkpt lat="30.43540229089558124542236328125" lon="120.26404383592307567596435546875">
        <ele>4.80000019073486328125</ele>
        <time>2025-03-21T13:37:02.000Z</time>
        <extensions>
          <ns3:TrackPointExtension>
            <ns3:hr>131</ns3:hr>
            <ns3:cad>89</ns3:cad>
          </ns3:TrackPointExtension>
        </extensions>
      </trkpt>
      <trkpt lat="30.4354191385209560394287109375" lon="120.26402455754578113555908203125">
        <ele>4.80000019073486328125</ele>
        <time>2025-03-21T13:37:03.000Z</time>
        <extensions>
          <ns3:TrackPointExtension>
            <ns3:hr>131</ns3:hr>
            <ns3:cad>89</ns3:cad>
          </ns3:TrackPointExtension>
        </extensions>
      </trkpt>
      <trkpt lat="30.4354382492601871490478515625" lon="120.264008380472660064697265625">
        <ele>5</ele>
        <time>2025-03-21T13:37:04.000Z</time>
        <extensions>
          <ns3:TrackPointExtension>
            <ns3:hr>132</ns3:hr>
            <ns3:cad>90</ns3:cad>
          </ns3:TrackPointExtension>
        </extensions>
      </trkpt>
      <trkpt lat="30.4354597069323062896728515625" lon="120.2639921195805072784423828125">
        <ele>5</ele>
        <time>2025-03-21T13:37:05.000Z</time>
        <extensions>
          <ns3:TrackPointExtension>
            <ns3:hr>132</ns3:hr>
            <ns3:cad>90</ns3:cad>
          </ns3:TrackPointExtension>
        </extensions>
      </trkpt>
      <trkpt lat="30.435482673346996307373046875" lon="120.263976193964481353759765625">
        <ele>5</ele>
        <time>2025-03-21T13:37:06.000Z</time>
        <extensions>
          <ns3:TrackPointExtension>
            <ns3:hr>133</ns3:hr>
            <ns3:cad>91</ns3:cad>
          </ns3:TrackPointExtension>
        </extensions>
      </trkpt>
      <trkpt lat="30.43550656177103519439697265625" lon="120.26396177709102630615234375">
        <ele>5</ele>
        <time>2025-03-21T13:37:07.000Z</time>
        <extensions>
          <ns3:TrackPointExtension>
            <ns3:hr>133</ns3:hr>
            <ns3:cad>91</ns3:cad>
          </ns3:TrackPointExtension>
        </extensions>
      </trkpt>
      <trkpt lat="30.4355284385383129119873046875" lon="120.26394643820822238922119140625">
        <ele>5</ele>
        <time>2025-03-21T13:37:08.000Z</time>
        <extensions>
          <ns3:TrackPointExtension>
            <ns3:hr>133</ns3:hr>
            <ns3:cad>91</ns3:cad>
          </ns3:TrackPointExtension>
        </extensions>
      </trkpt>
      <trkpt lat="30.43555065058171749114990234375" lon="120.2639294229447841644287109375">
        <ele>5.19999980926513671875</ele>
        <time>2025-03-21T13:37:09.000Z</time>
        <extensions>
          <ns3:TrackPointExtension>
            <ns3:hr>133</ns3:hr>
            <ns3:cad>91</ns3:cad>
          </ns3:TrackPointExtension>
        </extensions>
      </trkpt>
      <trkpt lat="30.43557219207286834716796875" lon="120.26391441933810710906982421875">
        <ele>5.19999980926513671875</ele>
        <time>2025-03-21T13:37:10.000Z</time>
        <extensions>
          <ns3:TrackPointExtension>
            <ns3:hr>133</ns3:hr>
            <ns3:cad>91</ns3:cad>
          </ns3:TrackPointExtension>
        </extensions>
      </trkpt>
      <trkpt lat="30.43559222482144832611083984375" lon="120.2638982422649860382080078125">
        <ele>5.19999980926513671875</ele>
        <time>2025-03-21T13:37:11.000Z</time>
        <extensions>
          <ns3:TrackPointExtension>
            <ns3:hr>133</ns3:hr>
            <ns3:cad>92</ns3:cad>
          </ns3:TrackPointExtension>
        </extensions>
      </trkpt>
      <trkpt lat="30.43561753816902637481689453125" lon="120.26388089172542095184326171875">
        <ele>5.19999980926513671875</ele>
        <time>2025-03-21T13:37:12.000Z</time>
        <extensions>
          <ns3:TrackPointExtension>
            <ns3:hr>134</ns3:hr>
            <ns3:cad>92</ns3:cad>
          </ns3:TrackPointExtension>
        </extensions>
      </trkpt>
      <trkpt lat="30.4356417618691921234130859375" lon="120.26386530138552188873291015625">
        <ele>5.19999980926513671875</ele>
        <time>2025-03-21T13:37:13.000Z</time>
        <extensions>
          <ns3:TrackPointExtension>
            <ns3:hr>134</ns3:hr>
            <ns3:cad>92</ns3:cad>
          </ns3:TrackPointExtension>
        </extensions>
      </trkpt>
      <trkpt lat="30.435664393007755279541015625" lon="120.26385038159787654876708984375">
        <ele>5.19999980926513671875</ele>
        <time>2025-03-21T13:37:14.000Z</time>
        <extensions>
          <ns3:TrackPointExtension>
            <ns3:hr>134</ns3:hr>
            <ns3:cad>91</ns3:cad>
          </ns3:TrackPointExtension>
        </extensions>
      </trkpt>
      <trkpt lat="30.4356870241463184356689453125" lon="120.2638352103531360626220703125">
        <ele>5.19999980926513671875</ele>
        <time>2025-03-21T13:37:15.000Z</time>
        <extensions>
          <ns3:TrackPointExtension>
            <ns3:hr>135</ns3:hr>
            <ns3:cad>91</ns3:cad>
          </ns3:TrackPointExtension>
        </extensions>
      </trkpt>
      <trkpt lat="30.43570957146584987640380859375" lon="120.2638189494609832763671875">
        <ele>5</ele>
        <time>2025-03-21T13:37:16.000Z</time>
        <extensions>
          <ns3:TrackPointExtension>
            <ns3:hr>135</ns3:hr>
            <ns3:cad>92</ns3:cad>
          </ns3:TrackPointExtension>
        </extensions>
      </trkpt>
      <trkpt lat="30.435731448233127593994140625" lon="120.26380243711173534393310546875">
        <ele>5</ele>
        <time>2025-03-21T13:37:17.000Z</time>
        <extensions>
          <ns3:TrackPointExtension>
            <ns3:hr>136</ns3:hr>
            <ns3:cad>94</ns3:cad>
          </ns3:TrackPointExtension>
        </extensions>
      </trkpt>
      <trkpt lat="30.43575885705649852752685546875" lon="120.2637862600386142730712890625">
        <ele>5</ele>
        <time>2025-03-21T13:37:18.000Z</time>
        <extensions>
          <ns3:TrackPointExtension>
            <ns3:hr>136</ns3:hr>
            <ns3:cad>94</ns3:cad>
          </ns3:TrackPointExtension>
        </extensions>
      </trkpt>
      <trkpt lat="30.4357849247753620147705078125" lon="120.26377326808869838714599609375">
        <ele>5</ele>
        <time>2025-03-21T13:37:19.000Z</time>
        <extensions>
          <ns3:TrackPointExtension>
            <ns3:hr>137</ns3:hr>
            <ns3:cad>94</ns3:cad>
          </ns3:TrackPointExtension>
        </extensions>
      </trkpt>
      <trkpt lat="30.43580965138971805572509765625" lon="120.26375751011073589324951171875">
        <ele>5.19999980926513671875</ele>
        <time>2025-03-21T13:37:20.000Z</time>
        <extensions>
          <ns3:TrackPointExtension>
            <ns3:hr>137</ns3:hr>
            <ns3:cad>93</ns3:cad>
          </ns3:TrackPointExtension>
        </extensions>
      </trkpt>
      <trkpt lat="30.43583831749856472015380859375" lon="120.26374183595180511474609375">
        <ele>5.400000095367431640625</ele>
        <time>2025-03-21T13:37:21.000Z</time>
        <extensions>
          <ns3:TrackPointExtension>
            <ns3:hr>137</ns3:hr>
            <ns3:cad>93</ns3:cad>
          </ns3:TrackPointExtension>
        </extensions>
      </trkpt>
      <trkpt lat="30.43586052954196929931640625" lon="120.26372649706900119781494140625">
        <ele>5.400000095367431640625</ele>
        <time>2025-03-21T13:37:22.000Z</time>
        <extensions>
          <ns3:TrackPointExtension>
            <ns3:hr>138</ns3:hr>
            <ns3:cad>91</ns3:cad>
          </ns3:TrackPointExtension>
        </extensions>
      </trkpt>
      <trkpt lat="30.4358855076134204864501953125" lon="120.2637101523578166961669921875">
        <ele>5.599999904632568359375</ele>
        <time>2025-03-21T13:37:23.000Z</time>
        <extensions>
          <ns3:TrackPointExtension>
            <ns3:hr>138</ns3:hr>
            <ns3:cad>91</ns3:cad>
          </ns3:TrackPointExtension>
        </extensions>
      </trkpt>
      <trkpt lat="30.43590805493295192718505859375" lon="120.263693220913410186767578125">
        <ele>5.80000019073486328125</ele>
        <time>2025-03-21T13:37:24.000Z</time>
        <extensions>
          <ns3:TrackPointExtension>
            <ns3:hr>138</ns3:hr>
            <ns3:cad>93</ns3:cad>
          </ns3:TrackPointExtension>
        </extensions>
      </trkpt>
      <trkpt lat="30.43593135662376880645751953125" lon="120.26367955841124057769775390625">
        <ele>6</ele>
        <time>2025-03-21T13:37:25.000Z</time>
        <extensions>
          <ns3:TrackPointExtension>
            <ns3:hr>138</ns3:hr>
            <ns3:cad>93</ns3:cad>
          </ns3:TrackPointExtension>
        </extensions>
      </trkpt>
      <trkpt lat="30.43595650233328342437744140625" lon="120.2636660635471343994140625">
        <ele>6</ele>
        <time>2025-03-21T13:37:26.000Z</time>
        <extensions>
          <ns3:TrackPointExtension>
            <ns3:hr>139</ns3:hr>
            <ns3:cad>93</ns3:cad>
          </ns3:TrackPointExtension>
        </extensions>
      </trkpt>
      <trkpt lat="30.4359810613095760345458984375" lon="120.26365064084529876708984375">
        <ele>6.19999980926513671875</ele>
        <time>2025-03-21T13:37:27.000Z</time>
        <extensions>
          <ns3:TrackPointExtension>
            <ns3:hr>139</ns3:hr>
            <ns3:cad>93</ns3:cad>
          </ns3:TrackPointExtension>
        </extensions>
      </trkpt>
      <trkpt lat="30.4360082186758518218994140625" lon="120.26363454759120941162109375">
        <ele>6.19999980926513671875</ele>
        <time>2025-03-21T13:37:28.000Z</time>
        <extensions>
          <ns3:TrackPointExtension>
            <ns3:hr>139</ns3:hr>
            <ns3:cad>93</ns3:cad>
          </ns3:TrackPointExtension>
        </extensions>
      </trkpt>
      <trkpt lat="30.4360328614711761474609375" lon="120.26362172327935695648193359375">
        <ele>6.19999980926513671875</ele>
        <time>2025-03-21T13:37:29.000Z</time>
        <extensions>
          <ns3:TrackPointExtension>
            <ns3:hr>139</ns3:hr>
            <ns3:cad>93</ns3:cad>
          </ns3:TrackPointExtension>
        </extensions>
      </trkpt>
      <trkpt lat="30.4360548220574855804443359375" lon="120.26360764168202877044677734375">
        <ele>6.19999980926513671875</ele>
        <time>2025-03-21T13:37:30.000Z</time>
        <extensions>
          <ns3:TrackPointExtension>
            <ns3:hr>139</ns3:hr>
            <ns3:cad>93</ns3:cad>
          </ns3:TrackPointExtension>
        </extensions>
      </trkpt>
      <trkpt lat="30.43608256615698337554931640625" lon="120.263592638075351715087890625">
        <ele>6.19999980926513671875</ele>
        <time>2025-03-21T13:37:31.000Z</time>
        <extensions>
          <ns3:TrackPointExtension>
            <ns3:hr>139</ns3:hr>
            <ns3:cad>93</ns3:cad>
          </ns3:TrackPointExtension>
        </extensions>
      </trkpt>
      <trkpt lat="30.436105616390705108642578125" lon="120.263580568134784698486328125">
        <ele>6.19999980926513671875</ele>
        <time>2025-03-21T13:37:32.000Z</time>
        <extensions>
          <ns3:TrackPointExtension>
            <ns3:hr>140</ns3:hr>
            <ns3:cad>93</ns3:cad>
          </ns3:TrackPointExtension>
        </extensions>
      </trkpt>
      <trkpt lat="30.43612715788185596466064453125" lon="120.26356673799455165863037109375">
        <ele>6</ele>
        <time>2025-03-21T13:37:33.000Z</time>
        <extensions>
          <ns3:TrackPointExtension>
            <ns3:hr>140</ns3:hr>
            <ns3:cad>93</ns3:cad>
          </ns3:TrackPointExtension>
        </extensions>
      </trkpt>
      <trkpt lat="30.43615113012492656707763671875" lon="120.2635488845407962799072265625">
        <ele>5.80000019073486328125</ele>
        <time>2025-03-21T13:37:34.000Z</time>
        <extensions>
          <ns3:TrackPointExtension>
            <ns3:hr>140</ns3:hr>
            <ns3:cad>93</ns3:cad>
          </ns3:TrackPointExtension>
        </extensions>
      </trkpt>
      <trkpt lat="30.43616630136966705322265625" lon="120.26353438384830951690673828125">
        <ele>5.80000019073486328125</ele>
        <time>2025-03-21T13:37:35.000Z</time>
        <extensions>
          <ns3:TrackPointExtension>
            <ns3:hr>140</ns3:hr>
            <ns3:cad>92</ns3:cad>
          </ns3:TrackPointExtension>
        </extensions>
      </trkpt>
      <trkpt lat="30.4361857473850250244140625" lon="120.26351963169872760772705078125">
        <ele>5.599999904632568359375</ele>
        <time>2025-03-21T13:37:36.000Z</time>
        <extensions>
          <ns3:TrackPointExtension>
            <ns3:hr>140</ns3:hr>
            <ns3:cad>91</ns3:cad>
          </ns3:TrackPointExtension>
        </extensions>
      </trkpt>
      <trkpt lat="30.436208546161651611328125" lon="120.26350990869104862213134765625">
        <ele>5.400000095367431640625</ele>
        <time>2025-03-21T13:37:37.000Z</time>
        <extensions>
          <ns3:TrackPointExtension>
            <ns3:hr>140</ns3:hr>
            <ns3:cad>90</ns3:cad>
          </ns3:TrackPointExtension>
        </extensions>
      </trkpt>
      <trkpt lat="30.43622891418635845184326171875" lon="120.26350202970206737518310546875">
        <ele>5.19999980926513671875</ele>
        <time>2025-03-21T13:37:38.000Z</time>
        <extensions>
          <ns3:TrackPointExtension>
            <ns3:hr>140</ns3:hr>
            <ns3:cad>89</ns3:cad>
          </ns3:TrackPointExtension>
        </extensions>
      </trkpt>
      <trkpt lat="30.4362590052187442779541015625" lon="120.26349130086600780487060546875">
        <ele>5</ele>
        <time>2025-03-21T13:37:39.000Z</time>
        <extensions>
          <ns3:TrackPointExtension>
            <ns3:hr>140</ns3:hr>
            <ns3:cad>89</ns3:cad>
          </ns3:TrackPointExtension>
        </extensions>
      </trkpt>
      <trkpt lat="30.43628322891891002655029296875" lon="120.2634845115244388580322265625">
        <ele>5</ele>
        <time>2025-03-21T13:37:40.000Z</time>
        <extensions>
          <ns3:TrackPointExtension>
            <ns3:hr>140</ns3:hr>
            <ns3:cad>89</ns3:cad>
          </ns3:TrackPointExtension>
        </extensions>
      </trkpt>
      <trkpt lat="30.4363086260855197906494140625" lon="120.26347353123128414154052734375">
        <ele>4.80000019073486328125</ele>
        <time>2025-03-21T13:37:41.000Z</time>
        <extensions>
          <ns3:TrackPointExtension>
            <ns3:hr>140</ns3:hr>
            <ns3:cad>90</ns3:cad>
          </ns3:TrackPointExtension>
        </extensions>
      </trkpt>
      <trkpt lat="30.436336286365985870361328125" lon="120.2634595334529876708984375">
        <ele>4.80000019073486328125</ele>
        <time>2025-03-21T13:37:42.000Z</time>
        <extensions>
          <ns3:TrackPointExtension>
            <ns3:hr>141</ns3:hr>
            <ns3:cad>92</ns3:cad>
          </ns3:TrackPointExtension>
        </extensions>
      </trkpt>
      <trkpt lat="30.436361096799373626708984375" lon="120.26344100944697856903076171875">
        <ele>4.599999904632568359375</ele>
        <time>2025-03-21T13:37:43.000Z</time>
        <extensions>
          <ns3:TrackPointExtension>
            <ns3:hr>141</ns3:hr>
            <ns3:cad>92</ns3:cad>
          </ns3:TrackPointExtension>
        </extensions>
      </trkpt>
      <trkpt lat="30.436381883919239044189453125" lon="120.26342726312577724456787109375">
        <ele>4.599999904632568359375</ele>
        <time>2025-03-21T13:37:44.000Z</time>
        <extensions>
          <ns3:TrackPointExtension>
            <ns3:hr>141</ns3:hr>
            <ns3:cad>92</ns3:cad>
          </ns3:TrackPointExtension>
        </extensions>
      </trkpt>
      <trkpt lat="30.43640543706715106964111328125" lon="120.26340924203395843505859375">
        <ele>4.599999904632568359375</ele>
        <time>2025-03-21T13:37:45.000Z</time>
        <extensions>
          <ns3:TrackPointExtension>
            <ns3:hr>142</ns3:hr>
            <ns3:cad>92</ns3:cad>
          </ns3:TrackPointExtension>
        </extensions>
      </trkpt>
      <trkpt lat="30.4364209435880184173583984375" lon="120.26337261311709880828857421875">
        <ele>4.400000095367431640625</ele>
        <time>2025-03-21T13:37:46.000Z</time>
        <extensions>
          <ns3:TrackPointExtension>
            <ns3:hr>142</ns3:hr>
            <ns3:cad>91</ns3:cad>
          </ns3:TrackPointExtension>
        </extensions>
      </trkpt>
      <trkpt lat="30.436436869204044342041015625" lon="120.26335014961659908294677734375">
        <ele>4.400000095367431640625</ele>
        <time>2025-03-21T13:37:47.000Z</time>
        <extensions>
          <ns3:TrackPointExtension>
            <ns3:hr>143</ns3:hr>
            <ns3:cad>91</ns3:cad>
          </ns3:TrackPointExtension>
        </extensions>
      </trkpt>
      <trkpt lat="30.43646402657032012939453125" lon="120.26333204470574855804443359375">
        <ele>4.19999980926513671875</ele>
        <time>2025-03-21T13:37:48.000Z</time>
        <extensions>
          <ns3:TrackPointExtension>
            <ns3:hr>143</ns3:hr>
            <ns3:cad>93</ns3:cad>
          </ns3:TrackPointExtension>
        </extensions>
      </trkpt>
      <trkpt lat="30.4364890046417713165283203125" lon="120.263316370546817779541015625">
        <ele>4.19999980926513671875</ele>
        <time>2025-03-21T13:37:49.000Z</time>
        <extensions>
          <ns3:TrackPointExtension>
            <ns3:hr>144</ns3:hr>
            <ns3:cad>94</ns3:cad>
          </ns3:TrackPointExtension>
        </extensions>
      </trkpt>
      <trkpt lat="30.436518676578998565673828125" lon="120.2633007802069187164306640625">
        <ele>4.19999980926513671875</ele>
        <time>2025-03-21T13:37:50.000Z</time>
        <extensions>
          <ns3:TrackPointExtension>
            <ns3:hr>144</ns3:hr>
            <ns3:cad>94</ns3:cad>
          </ns3:TrackPointExtension>
        </extensions>
      </trkpt>
      <trkpt lat="30.43654206208884716033935546875" lon="120.2632843516767024993896484375">
        <ele>4.19999980926513671875</ele>
        <time>2025-03-21T13:37:51.000Z</time>
        <extensions>
          <ns3:TrackPointExtension>
            <ns3:hr>145</ns3:hr>
            <ns3:cad>92</ns3:cad>
          </ns3:TrackPointExtension>
        </extensions>
      </trkpt>
      <trkpt lat="30.43657072819769382476806640625" lon="120.26326867751777172088623046875">
        <ele>4</ele>
        <time>2025-03-21T13:37:52.000Z</time>
        <extensions>
          <ns3:TrackPointExtension>
            <ns3:hr>145</ns3:hr>
            <ns3:cad>92</ns3:cad>
          </ns3:TrackPointExtension>
        </extensions>
      </trkpt>
      <trkpt lat="30.43659285642206668853759765625" lon="120.26325811631977558135986328125">
        <ele>4</ele>
        <time>2025-03-21T13:37:53.000Z</time>
        <extensions>
          <ns3:TrackPointExtension>
            <ns3:hr>145</ns3:hr>
            <ns3:cad>93</ns3:cad>
          </ns3:TrackPointExtension>
        </extensions>
      </trkpt>
      <trkpt lat="30.43660626746714115142822265625" lon="120.2632474713027477264404296875">
        <ele>4</ele>
        <time>2025-03-21T13:37:54.000Z</time>
        <extensions>
          <ns3:TrackPointExtension>
            <ns3:hr>145</ns3:hr>
            <ns3:cad>94</ns3:cad>
          </ns3:TrackPointExtension>
        </extensions>
      </trkpt>
      <trkpt lat="30.43661448173224925994873046875" lon="120.263241939246654510498046875">
        <ele>4</ele>
        <time>2025-03-21T13:37:55.000Z</time>
        <extensions>
          <ns3:TrackPointExtension>
            <ns3:hr>145</ns3:hr>
            <ns3:cad>94</ns3:cad>
          </ns3:TrackPointExtension>
        </extensions>
      </trkpt>
      <trkpt lat="30.43663166463375091552734375" lon="120.26323263533413410186767578125">
        <ele>4</ele>
        <time>2025-03-21T13:37:56.000Z</time>
        <extensions>
          <ns3:TrackPointExtension>
            <ns3:hr>145</ns3:hr>
            <ns3:cad>94</ns3:cad>
          </ns3:TrackPointExtension>
        </extensions>
      </trkpt>
      <trkpt lat="30.43666175566613674163818359375" lon="120.26322123594582080841064453125">
        <ele>4.19999980926513671875</ele>
        <time>2025-03-21T13:37:57.000Z</time>
        <extensions>
          <ns3:TrackPointExtension>
            <ns3:hr>145</ns3:hr>
            <ns3:cad>91</ns3:cad>
          </ns3:TrackPointExtension>
        </extensions>
      </trkpt>
      <trkpt lat="30.43668505735695362091064453125" lon="120.26320966891944408416748046875">
        <ele>4.19999980926513671875</ele>
        <time>2025-03-21T13:37:58.000Z</time>
        <extensions>
          <ns3:TrackPointExtension>
            <ns3:hr>145</ns3:hr>
            <ns3:cad>91</ns3:cad>
          </ns3:TrackPointExtension>
        </extensions>
      </trkpt>
      <trkpt lat="30.436709113419055938720703125" lon="120.2631971798837184906005859375">
        <ele>4.19999980926513671875</ele>
        <time>2025-03-21T13:37:59.000Z</time>
        <extensions>
          <ns3:TrackPointExtension>
            <ns3:hr>145</ns3:hr>
            <ns3:cad>93</ns3:cad>
          </ns3:TrackPointExtension>
        </extensions>
      </trkpt>
      <trkpt lat="30.436729900538921356201171875" lon="120.263180918991565704345703125">
        <ele>4.400000095367431640625</ele>
        <time>2025-03-21T13:38:00.000Z</time>
        <extensions>
          <ns3:TrackPointExtension>
            <ns3:hr>145</ns3:hr>
            <ns3:cad>94</ns3:cad>
          </ns3:TrackPointExtension>
        </extensions>
      </trkpt>
      <trkpt lat="30.43675613589584827423095703125" lon="120.26315988041460514068603515625">
        <ele>4.400000095367431640625</ele>
        <time>2025-03-21T13:38:01.000Z</time>
        <extensions>
          <ns3:TrackPointExtension>
            <ns3:hr>144</ns3:hr>
            <ns3:cad>94</ns3:cad>
          </ns3:TrackPointExtension>
        </extensions>
      </trkpt>
      <trkpt lat="30.43677650392055511474609375" lon="120.2631465531885623931884765625">
        <ele>4.599999904632568359375</ele>
        <time>2025-03-21T13:38:02.000Z</time>
        <extensions>
          <ns3:TrackPointExtension>
            <ns3:hr>144</ns3:hr>
            <ns3:cad>93</ns3:cad>
          </ns3:TrackPointExtension>
        </extensions>
      </trkpt>
      <trkpt lat="30.43680123053491115570068359375" lon="120.263136662542819976806640625">
        <ele>4.599999904632568359375</ele>
        <time>2025-03-21T13:38:03.000Z</time>
        <extensions>
          <ns3:TrackPointExtension>
            <ns3:hr>144</ns3:hr>
            <ns3:cad>93</ns3:cad>
          </ns3:TrackPointExtension>
        </extensions>
      </trkpt>
      <trkpt lat="30.436815731227397918701171875" lon="120.2631282806396484375">
        <ele>4.599999904632568359375</ele>
        <time>2025-03-21T13:38:04.000Z</time>
        <extensions>
          <ns3:TrackPointExtension>
            <ns3:hr>144</ns3:hr>
            <ns3:cad>91</ns3:cad>
          </ns3:TrackPointExtension>
        </extensions>
      </trkpt>
      <trkpt lat="30.436831153929233551025390625" lon="120.26311797089874744415283203125">
        <ele>4.599999904632568359375</ele>
        <time>2025-03-21T13:38:05.000Z</time>
        <extensions>
          <ns3:TrackPointExtension>
            <ns3:hr>144</ns3:hr>
            <ns3:cad>91</ns3:cad>
          </ns3:TrackPointExtension>
        </extensions>
      </trkpt>
      <trkpt lat="30.4368480853736400604248046875" lon="120.26310606859624385833740234375">
        <ele>4.400000095367431640625</ele>
        <time>2025-03-21T13:38:06.000Z</time>
        <extensions>
          <ns3:TrackPointExtension>
            <ns3:hr>144</ns3:hr>
            <ns3:cad>91</ns3:cad>
          </ns3:TrackPointExtension>
        </extensions>
      </trkpt>
      <trkpt lat="30.4368668608367443084716796875" lon="120.26309542357921600341796875">
        <ele>4.400000095367431640625</ele>
        <time>2025-03-21T13:38:07.000Z</time>
        <extensions>
          <ns3:TrackPointExtension>
            <ns3:hr>144</ns3:hr>
            <ns3:cad>92</ns3:cad>
          </ns3:TrackPointExtension>
        </extensions>
      </trkpt>
      <trkpt lat="30.4368792660534381866455078125" lon="120.26308276690542697906494140625">
        <ele>4.400000095367431640625</ele>
        <time>2025-03-21T13:38:08.000Z</time>
        <extensions>
          <ns3:TrackPointExtension>
            <ns3:hr>144</ns3:hr>
            <ns3:cad>92</ns3:cad>
          </ns3:TrackPointExtension>
        </extensions>
      </trkpt>
      <trkpt lat="30.4368899948894977569580078125" lon="120.2630644105374813079833984375">
        <ele>4.400000095367431640625</ele>
        <time>2025-03-21T13:38:09.000Z</time>
        <extensions>
          <ns3:TrackPointExtension>
            <ns3:hr>145</ns3:hr>
            <ns3:cad>93</ns3:cad>
          </ns3:TrackPointExtension>
        </extensions>
      </trkpt>
      <trkpt lat="30.4369372688233852386474609375" lon="120.263042785227298736572265625">
        <ele>4.400000095367431640625</ele>
        <time>2025-03-21T13:38:10.000Z</time>
        <extensions>
          <ns3:TrackPointExtension>
            <ns3:hr>145</ns3:hr>
            <ns3:cad>93</ns3:cad>
          </ns3:TrackPointExtension>
        </extensions>
      </trkpt>
      <trkpt lat="30.436978675425052642822265625" lon="120.26302794925868511199951171875">
        <ele>4.400000095367431640625</ele>
        <time>2025-03-21T13:38:11.000Z</time>
        <extensions>
          <ns3:TrackPointExtension>
            <ns3:hr>145</ns3:hr>
            <ns3:cad>93</ns3:cad>
          </ns3:TrackPointExtension>
        </extensions>
      </trkpt>
      <trkpt lat="30.43701681308448314666748046875" lon="120.2630111016333103179931640625">
        <ele>4.599999904632568359375</ele>
        <time>2025-03-21T13:38:12.000Z</time>
        <extensions>
          <ns3:TrackPointExtension>
            <ns3:hr>145</ns3:hr>
            <ns3:cad>93</ns3:cad>
          </ns3:TrackPointExtension>
        </extensions>
      </trkpt>
      <trkpt lat="30.43704472482204437255859375" lon="120.2629981935024261474609375">
        <ele>4.599999904632568359375</ele>
        <time>2025-03-21T13:38:13.000Z</time>
        <extensions>
          <ns3:TrackPointExtension>
            <ns3:hr>145</ns3:hr>
            <ns3:cad>93</ns3:cad>
          </ns3:TrackPointExtension>
        </extensions>
      </trkpt>
      <trkpt lat="30.43706827796995639801025390625" lon="120.26298503391444683074951171875">
        <ele>4.599999904632568359375</ele>
        <time>2025-03-21T13:38:14.000Z</time>
        <extensions>
          <ns3:TrackPointExtension>
            <ns3:hr>145</ns3:hr>
            <ns3:cad>92</ns3:cad>
          </ns3:TrackPointExtension>
        </extensions>
      </trkpt>
      <trkpt lat="30.4370894841849803924560546875" lon="120.26297145523130893707275390625">
        <ele>4.599999904632568359375</ele>
        <time>2025-03-21T13:38:15.000Z</time>
        <extensions>
          <ns3:TrackPointExtension>
            <ns3:hr>145</ns3:hr>
            <ns3:cad>92</ns3:cad>
          </ns3:TrackPointExtension>
        </extensions>
      </trkpt>
      <trkpt lat="30.4371132887899875640869140625" lon="120.2629591338336467742919921875">
        <ele>4.599999904632568359375</ele>
        <time>2025-03-21T13:38:16.000Z</time>
        <extensions>
          <ns3:TrackPointExtension>
            <ns3:hr>145</ns3:hr>
            <ns3:cad>93</ns3:cad>
          </ns3:TrackPointExtension>
        </extensions>
      </trkpt>
      <trkpt lat="30.43713583610951900482177734375" lon="120.26295150630176067352294921875">
        <ele>4.80000019073486328125</ele>
        <time>2025-03-21T13:38:17.000Z</time>
        <extensions>
          <ns3:TrackPointExtension>
            <ns3:hr>145</ns3:hr>
            <ns3:cad>93</ns3:cad>
          </ns3:TrackPointExtension>
        </extensions>
      </trkpt>
      <trkpt lat="30.43715997599065303802490234375" lon="120.2629386819899082183837890625">
        <ele>4.80000019073486328125</ele>
        <time>2025-03-21T13:38:18.000Z</time>
        <extensions>
          <ns3:TrackPointExtension>
            <ns3:hr>145</ns3:hr>
            <ns3:cad>92</ns3:cad>
          </ns3:TrackPointExtension>
        </extensions>
      </trkpt>
      <trkpt lat="30.43718327768146991729736328125" lon="120.2629289589822292327880859375">
        <ele>4.80000019073486328125</ele>
        <time>2025-03-21T13:38:19.000Z</time>
        <extensions>
          <ns3:TrackPointExtension>
            <ns3:hr>145</ns3:hr>
            <ns3:cad>92</ns3:cad>
          </ns3:TrackPointExtension>
        </extensions>
      </trkpt>
      <trkpt lat="30.43720289133489131927490234375" lon="120.262918733060359954833984375">
        <ele>4.80000019073486328125</ele>
        <time>2025-03-21T13:38:20.000Z</time>
        <extensions>
          <ns3:TrackPointExtension>
            <ns3:hr>145</ns3:hr>
            <ns3:cad>92</ns3:cad>
          </ns3:TrackPointExtension>
        </extensions>
      </trkpt>
      <trkpt lat="30.4372237622737884521484375" lon="120.262910015881061553955078125">
        <ele>5</ele>
        <time>2025-03-21T13:38:21.000Z</time>
        <extensions>
          <ns3:TrackPointExtension>
            <ns3:hr>145</ns3:hr>
            <ns3:cad>93</ns3:cad>
          </ns3:TrackPointExtension>
        </extensions>
      </trkpt>
      <trkpt lat="30.43724848888814449310302734375" lon="120.2628989517688751220703125">
        <ele>5</ele>
        <time>2025-03-21T13:38:22.000Z</time>
        <extensions>
          <ns3:TrackPointExtension>
            <ns3:hr>145</ns3:hr>
            <ns3:cad>93</ns3:cad>
          </ns3:TrackPointExtension>
        </extensions>
      </trkpt>
      <trkpt lat="30.4372748918831348419189453125" lon="120.2628816850483417510986328125">
        <ele>5</ele>
        <time>2025-03-21T13:38:23.000Z</time>
        <extensions>
          <ns3:TrackPointExtension>
            <ns3:hr>145</ns3:hr>
            <ns3:cad>93</ns3:cad>
          </ns3:TrackPointExtension>
        </extensions>
      </trkpt>
      <trkpt lat="30.437303893268108367919921875" lon="120.26285762898623943328857421875">
        <ele>5</ele>
        <time>2025-03-21T13:38:24.000Z</time>
        <extensions>
          <ns3:TrackPointExtension>
            <ns3:hr>145</ns3:hr>
            <ns3:cad>92</ns3:cad>
          </ns3:TrackPointExtension>
        </extensions>
      </trkpt>
      <trkpt lat="30.43732560239732265472412109375" lon="120.262833572924137115478515625">
        <ele>5</ele>
        <time>2025-03-21T13:38:25.000Z</time>
        <extensions>
          <ns3:TrackPointExtension>
            <ns3:hr>145</ns3:hr>
            <ns3:cad>92</ns3:cad>
          </ns3:TrackPointExtension>
        </extensions>
      </trkpt>
      <trkpt lat="30.4373406060039997100830078125" lon="120.26281488128006458282470703125">
        <ele>5.19999980926513671875</ele>
        <time>2025-03-21T13:38:26.000Z</time>
        <extensions>
          <ns3:TrackPointExtension>
            <ns3:hr>145</ns3:hr>
            <ns3:cad>93</ns3:cad>
          </ns3:TrackPointExtension>
        </extensions>
      </trkpt>
      <trkpt lat="30.4373546876013278961181640625" lon="120.26279392652213573455810546875">
        <ele>5.19999980926513671875</ele>
        <time>2025-03-21T13:38:27.000Z</time>
        <extensions>
          <ns3:TrackPointExtension>
            <ns3:hr>145</ns3:hr>
            <ns3:cad>93</ns3:cad>
          </ns3:TrackPointExtension>
        </extensions>
      </trkpt>
      <trkpt lat="30.4373712837696075439453125" lon="120.26278336532413959503173828125">
        <ele>5.400000095367431640625</ele>
        <time>2025-03-21T13:38:28.000Z</time>
        <extensions>
          <ns3:TrackPointExtension>
            <ns3:hr>145</ns3:hr>
            <ns3:cad>93</ns3:cad>
          </ns3:TrackPointExtension>
        </extensions>
      </trkpt>
      <trkpt lat="30.43738402426242828369140625" lon="120.2627690322697162628173828125">
        <ele>5.400000095367431640625</ele>
        <time>2025-03-21T13:38:29.000Z</time>
        <extensions>
          <ns3:TrackPointExtension>
            <ns3:hr>145</ns3:hr>
            <ns3:cad>94</ns3:cad>
          </ns3:TrackPointExtension>
        </extensions>
      </trkpt>
      <trkpt lat="30.43739852495491504669189453125" lon="120.26275855489075183868408203125">
        <ele>5.599999904632568359375</ele>
        <time>2025-03-21T13:38:30.000Z</time>
        <extensions>
          <ns3:TrackPointExtension>
            <ns3:hr>146</ns3:hr>
            <ns3:cad>94</ns3:cad>
          </ns3:TrackPointExtension>
        </extensions>
      </trkpt>
      <trkpt lat="30.4374133609235286712646484375" lon="120.26275335811078548431396484375">
        <ele>5.599999904632568359375</ele>
        <time>2025-03-21T13:38:31.000Z</time>
        <extensions>
          <ns3:TrackPointExtension>
            <ns3:hr>146</ns3:hr>
            <ns3:cad>94</ns3:cad>
          </ns3:TrackPointExtension>
        </extensions>
      </trkpt>
      <trkpt lat="30.4374307952821254730224609375" lon="120.2627522684633731842041015625">
        <ele>5.80000019073486328125</ele>
        <time>2025-03-21T13:38:32.000Z</time>
        <extensions>
          <ns3:TrackPointExtension>
            <ns3:hr>146</ns3:hr>
            <ns3:cad>93</ns3:cad>
          </ns3:TrackPointExtension>
        </extensions>
      </trkpt>
      <trkpt lat="30.43743892572820186614990234375" lon="120.2627475745975971221923828125">
        <ele>5.80000019073486328125</ele>
        <time>2025-03-21T13:38:33.000Z</time>
        <extensions>
          <ns3:TrackPointExtension>
            <ns3:hr>146</ns3:hr>
            <ns3:cad>93</ns3:cad>
          </ns3:TrackPointExtension>
        </extensions>
      </trkpt>
      <trkpt lat="30.43743900954723358154296875" lon="120.26274028234183788299560546875">
        <ele>5.80000019073486328125</ele>
        <time>2025-03-21T13:38:34.000Z</time>
        <extensions>
          <ns3:TrackPointExtension>
            <ns3:hr>146</ns3:hr>
            <ns3:cad>93</ns3:cad>
          </ns3:TrackPointExtension>
        </extensions>
      </trkpt>
      <trkpt lat="30.4374472238123416900634765625" lon="120.262733995914459228515625">
        <ele>5.80000019073486328125</ele>
        <time>2025-03-21T13:38:35.000Z</time>
        <extensions>
          <ns3:TrackPointExtension>
            <ns3:hr>147</ns3:hr>
            <ns3:cad>92</ns3:cad>
          </ns3:TrackPointExtension>
        </extensions>
      </trkpt>
      <trkpt lat="30.43745778501033782958984375" lon="120.26272301562130451202392578125">
        <ele>6</ele>
        <time>2025-03-21T13:38:36.000Z</time>
        <extensions>
          <ns3:TrackPointExtension>
            <ns3:hr>147</ns3:hr>
            <ns3:cad>92</ns3:cad>
          </ns3:TrackPointExtension>
        </extensions>
      </trkpt>
      <trkpt lat="30.43747044168412685394287109375" lon="120.2627117000520229339599609375">
        <ele>6</ele>
        <time>2025-03-21T13:38:37.000Z</time>
        <extensions>
          <ns3:TrackPointExtension>
            <ns3:hr>147</ns3:hr>
            <ns3:cad>91</ns3:cad>
          </ns3:TrackPointExtension>
        </extensions>
      </trkpt>
      <trkpt lat="30.43749776668846607208251953125" lon="120.26269753463566303253173828125">
        <ele>6.19999980926513671875</ele>
        <time>2025-03-21T13:38:38.000Z</time>
        <extensions>
          <ns3:TrackPointExtension>
            <ns3:hr>147</ns3:hr>
            <ns3:cad>90</ns3:cad>
          </ns3:TrackPointExtension>
        </extensions>
      </trkpt>
      <trkpt lat="30.43754001148045063018798828125" lon="120.26268303394317626953125">
        <ele>6.19999980926513671875</ele>
        <time>2025-03-21T13:38:39.000Z</time>
        <extensions>
          <ns3:TrackPointExtension>
            <ns3:hr>148</ns3:hr>
            <ns3:cad>90</ns3:cad>
          </ns3:TrackPointExtension>
        </extensions>
      </trkpt>
      <trkpt lat="30.43757387436926364898681640625" lon="120.26266702450811862945556640625">
        <ele>6.400000095367431640625</ele>
        <time>2025-03-21T13:38:40.000Z</time>
        <extensions>
          <ns3:TrackPointExtension>
            <ns3:hr>148</ns3:hr>
            <ns3:cad>89</ns3:cad>
          </ns3:TrackPointExtension>
        </extensions>
      </trkpt>
      <trkpt lat="30.43760505504906177520751953125" lon="120.26265621185302734375">
        <ele>6.599999904632568359375</ele>
        <time>2025-03-21T13:38:41.000Z</time>
        <extensions>
          <ns3:TrackPointExtension>
            <ns3:hr>148</ns3:hr>
            <ns3:cad>89</ns3:cad>
          </ns3:TrackPointExtension>
        </extensions>
      </trkpt>
      <trkpt lat="30.43763120658695697784423828125" lon="120.26264321990311145782470703125">
        <ele>6.599999904632568359375</ele>
        <time>2025-03-21T13:38:42.000Z</time>
        <extensions>
          <ns3:TrackPointExtension>
            <ns3:hr>148</ns3:hr>
            <ns3:cad>89</ns3:cad>
          </ns3:TrackPointExtension>
        </extensions>
      </trkpt>
      <trkpt lat="30.43765534646809101104736328125" lon="120.26263081468641757965087890625">
        <ele>6.599999904632568359375</ele>
        <time>2025-03-21T13:38:43.000Z</time>
        <extensions>
          <ns3:TrackPointExtension>
            <ns3:hr>148</ns3:hr>
            <ns3:cad>90</ns3:cad>
          </ns3:TrackPointExtension>
        </extensions>
      </trkpt>
      <trkpt lat="30.43768107891082763671875" lon="120.26261866092681884765625">
        <ele>6.80000019073486328125</ele>
        <time>2025-03-21T13:38:44.000Z</time>
        <extensions>
          <ns3:TrackPointExtension>
            <ns3:hr>148</ns3:hr>
            <ns3:cad>90</ns3:cad>
          </ns3:TrackPointExtension>
        </extensions>
      </trkpt>
      <trkpt lat="30.437708236277103424072265625" lon="120.26260483078658580780029296875">
        <ele>7</ele>
        <time>2025-03-21T13:38:45.000Z</time>
        <extensions>
          <ns3:TrackPointExtension>
            <ns3:hr>148</ns3:hr>
            <ns3:cad>90</ns3:cad>
          </ns3:TrackPointExtension>
        </extensions>
      </trkpt>
      <trkpt lat="30.4377358965575695037841796875" lon="120.2625896595418453216552734375">
        <ele>7.400000095367431640625</ele>
        <time>2025-03-21T13:38:46.000Z</time>
        <extensions>
          <ns3:TrackPointExtension>
            <ns3:hr>148</ns3:hr>
            <ns3:cad>90</ns3:cad>
          </ns3:TrackPointExtension>
        </extensions>
      </trkpt>
      <trkpt lat="30.4377623833715915679931640625" lon="120.2625749073922634124755859375">
        <ele>7.400000095367431640625</ele>
        <time>2025-03-21T13:38:47.000Z</time>
        <extensions>
          <ns3:TrackPointExtension>
            <ns3:hr>149</ns3:hr>
            <ns3:cad>90</ns3:cad>
          </ns3:TrackPointExtension>
        </extensions>
      </trkpt>
      <trkpt lat="30.4377868585288524627685546875" lon="120.26256158016622066497802734375">
        <ele>7.400000095367431640625</ele>
        <time>2025-03-21T13:38:48.000Z</time>
        <extensions>
          <ns3:TrackPointExtension>
            <ns3:hr>149</ns3:hr>
            <ns3:cad>91</ns3:cad>
          </ns3:TrackPointExtension>
        </extensions>
      </trkpt>
      <trkpt lat="30.43780990876257419586181640625" lon="120.26254749856889247894287109375">
        <ele>7.599999904632568359375</ele>
        <time>2025-03-21T13:38:49.000Z</time>
        <extensions>
          <ns3:TrackPointExtension>
            <ns3:hr>150</ns3:hr>
            <ns3:cad>92</ns3:cad>
          </ns3:TrackPointExtension>
        </extensions>
      </trkpt>
      <trkpt lat="30.4378337971866130828857421875" lon="120.2625346742570400238037109375">
        <ele>7.599999904632568359375</ele>
        <time>2025-03-21T13:38:50.000Z</time>
        <extensions>
          <ns3:TrackPointExtension>
            <ns3:hr>150</ns3:hr>
            <ns3:cad>92</ns3:cad>
          </ns3:TrackPointExtension>
        </extensions>
      </trkpt>
      <trkpt lat="30.43785416521131992340087890625" lon="120.26252545416355133056640625">
        <ele>7.599999904632568359375</ele>
        <time>2025-03-21T13:38:51.000Z</time>
        <extensions>
          <ns3:TrackPointExtension>
            <ns3:hr>151</ns3:hr>
            <ns3:cad>92</ns3:cad>
          </ns3:TrackPointExtension>
        </extensions>
      </trkpt>
      <trkpt lat="30.437870509922504425048828125" lon="120.26251313276588916778564453125">
        <ele>7.599999904632568359375</ele>
        <time>2025-03-21T13:38:52.000Z</time>
        <extensions>
          <ns3:TrackPointExtension>
            <ns3:hr>151</ns3:hr>
            <ns3:cad>92</ns3:cad>
          </ns3:TrackPointExtension>
        </extensions>
      </trkpt>
      <trkpt lat="30.43789096176624298095703125" lon="120.26249720714986324310302734375">
        <ele>7.80000019073486328125</ele>
        <time>2025-03-21T13:38:53.000Z</time>
        <extensions>
          <ns3:TrackPointExtension>
            <ns3:hr>151</ns3:hr>
            <ns3:cad>92</ns3:cad>
          </ns3:TrackPointExtension>
        </extensions>
      </trkpt>
      <trkpt lat="30.43791283853352069854736328125" lon="120.2624847181141376495361328125">
        <ele>7.80000019073486328125</ele>
        <time>2025-03-21T13:38:54.000Z</time>
        <extensions>
          <ns3:TrackPointExtension>
            <ns3:hr>151</ns3:hr>
            <ns3:cad>92</ns3:cad>
          </ns3:TrackPointExtension>
        </extensions>
      </trkpt>
      <trkpt lat="30.4379337094724178314208984375" lon="120.26247072033584117889404296875">
        <ele>7.80000019073486328125</ele>
        <time>2025-03-21T13:38:55.000Z</time>
        <extensions>
          <ns3:TrackPointExtension>
            <ns3:hr>152</ns3:hr>
            <ns3:cad>91</ns3:cad>
          </ns3:TrackPointExtension>
        </extensions>
      </trkpt>
      <trkpt lat="30.437957346439361572265625" lon="120.26245445944368839263916015625">
        <ele>7.80000019073486328125</ele>
        <time>2025-03-21T13:38:56.000Z</time>
        <extensions>
          <ns3:TrackPointExtension>
            <ns3:hr>152</ns3:hr>
            <ns3:cad>91</ns3:cad>
          </ns3:TrackPointExtension>
        </extensions>
      </trkpt>
      <trkpt lat="30.437979139387607574462890625" lon="120.26243828237056732177734375">
        <ele>8</ele>
        <time>2025-03-21T13:38:57.000Z</time>
        <extensions>
          <ns3:TrackPointExtension>
            <ns3:hr>152</ns3:hr>
            <ns3:cad>92</ns3:cad>
          </ns3:TrackPointExtension>
        </extensions>
      </trkpt>
      <trkpt lat="30.43799959123134613037109375" lon="120.26242445223033428192138671875">
        <ele>8</ele>
        <time>2025-03-21T13:38:58.000Z</time>
        <extensions>
          <ns3:TrackPointExtension>
            <ns3:hr>152</ns3:hr>
            <ns3:cad>93</ns3:cad>
          </ns3:TrackPointExtension>
        </extensions>
      </trkpt>
      <trkpt lat="30.4380176961421966552734375" lon="120.26241070590913295745849609375">
        <ele>8</ele>
        <time>2025-03-21T13:38:59.000Z</time>
        <extensions>
          <ns3:TrackPointExtension>
            <ns3:hr>152</ns3:hr>
            <ns3:cad>93</ns3:cad>
          </ns3:TrackPointExtension>
        </extensions>
      </trkpt>
      <trkpt lat="30.43803018517792224884033203125" lon="120.262394361197948455810546875">
        <ele>8</ele>
        <time>2025-03-21T13:39:00.000Z</time>
        <extensions>
          <ns3:TrackPointExtension>
            <ns3:hr>152</ns3:hr>
            <ns3:cad>93</ns3:cad>
          </ns3:TrackPointExtension>
        </extensions>
      </trkpt>
      <trkpt lat="30.438035465776920318603515625" lon="120.26238522492349147796630859375">
        <ele>8</ele>
        <time>2025-03-21T13:39:01.000Z</time>
        <extensions>
          <ns3:TrackPointExtension>
            <ns3:hr>152</ns3:hr>
            <ns3:cad>91</ns3:cad>
          </ns3:TrackPointExtension>
        </extensions>
      </trkpt>
      <trkpt lat="30.43802683241665363311767578125" lon="120.262366868555545806884765625">
        <ele>8</ele>
        <time>2025-03-21T13:39:02.000Z</time>
        <extensions>
          <ns3:TrackPointExtension>
            <ns3:hr>152</ns3:hr>
            <ns3:cad>91</ns3:cad>
          </ns3:TrackPointExtension>
        </extensions>
      </trkpt>
      <trkpt lat="30.438026078045368194580078125" lon="120.2623418904840946197509765625">
        <ele>8</ele>
        <time>2025-03-21T13:39:03.000Z</time>
        <extensions>
          <ns3:TrackPointExtension>
            <ns3:hr>152</ns3:hr>
            <ns3:cad>91</ns3:cad>
          </ns3:TrackPointExtension>
        </extensions>
      </trkpt>
      <trkpt lat="30.4380329512059688568115234375" lon="120.26232269592583179473876953125">
        <ele>8</ele>
        <time>2025-03-21T13:39:04.000Z</time>
        <extensions>
          <ns3:TrackPointExtension>
            <ns3:hr>151</ns3:hr>
            <ns3:cad>91</ns3:cad>
          </ns3:TrackPointExtension>
        </extensions>
      </trkpt>
      <trkpt lat="30.43804242275655269622802734375" lon="120.26230492629110813140869140625">
        <ele>8</ele>
        <time>2025-03-21T13:39:05.000Z</time>
        <extensions>
          <ns3:TrackPointExtension>
            <ns3:hr>150</ns3:hr>
            <ns3:cad>83</ns3:cad>
          </ns3:TrackPointExtension>
        </extensions>
      </trkpt>
      <trkpt lat="30.43805751018226146697998046875" lon="120.26228967122733592987060546875">
        <ele>8</ele>
        <time>2025-03-21T13:39:06.000Z</time>
        <extensions>
          <ns3:TrackPointExtension>
            <ns3:hr>150</ns3:hr>
            <ns3:cad>83</ns3:cad>
          </ns3:TrackPointExtension>
        </extensions>
      </trkpt>
      <trkpt lat="30.43809221126139163970947265625" lon="120.26228011585772037506103515625">
        <ele>8</ele>
        <time>2025-03-21T13:39:07.000Z</time>
        <extensions>
          <ns3:TrackPointExtension>
            <ns3:hr>149</ns3:hr>
            <ns3:cad>93</ns3:cad>
          </ns3:TrackPointExtension>
        </extensions>
      </trkpt>
      <trkpt lat="30.43812473304569721221923828125" lon="120.2622714824974536895751953125">
        <ele>8</ele>
        <time>2025-03-21T13:39:08.000Z</time>
        <extensions>
          <ns3:TrackPointExtension>
            <ns3:hr>149</ns3:hr>
            <ns3:cad>93</ns3:cad>
          </ns3:TrackPointExtension>
        </extensions>
      </trkpt>
      <trkpt lat="30.438161194324493408203125" lon="120.262262932956218719482421875">
        <ele>8</ele>
        <time>2025-03-21T13:39:09.000Z</time>
        <extensions>
          <ns3:TrackPointExtension>
            <ns3:hr>148</ns3:hr>
            <ns3:cad>92</ns3:cad>
          </ns3:TrackPointExtension>
        </extensions>
      </trkpt>
      <trkpt lat="30.438188351690769195556640625" lon="120.26225480251014232635498046875">
        <ele>8</ele>
        <time>2025-03-21T13:39:10.000Z</time>
        <extensions>
          <ns3:TrackPointExtension>
            <ns3:hr>148</ns3:hr>
            <ns3:cad>92</ns3:cad>
          </ns3:TrackPointExtension>
        </extensions>
      </trkpt>
      <trkpt lat="30.43821542523801326751708984375" lon="120.262242816388607025146484375">
        <ele>8</ele>
        <time>2025-03-21T13:39:11.000Z</time>
        <extensions>
          <ns3:TrackPointExtension>
            <ns3:hr>148</ns3:hr>
            <ns3:cad>93</ns3:cad>
          </ns3:TrackPointExtension>
        </extensions>
      </trkpt>
      <trkpt lat="30.4382388107478618621826171875" lon="120.26223518885672092437744140625">
        <ele>8</ele>
        <time>2025-03-21T13:39:12.000Z</time>
        <extensions>
          <ns3:TrackPointExtension>
            <ns3:hr>147</ns3:hr>
            <ns3:cad>93</ns3:cad>
          </ns3:TrackPointExtension>
        </extensions>
      </trkpt>
      <trkpt lat="30.43826303444802761077880859375" lon="120.26222529821097850799560546875">
        <ele>8</ele>
        <time>2025-03-21T13:39:13.000Z</time>
        <extensions>
          <ns3:TrackPointExtension>
            <ns3:hr>147</ns3:hr>
            <ns3:cad>93</ns3:cad>
          </ns3:TrackPointExtension>
        </extensions>
      </trkpt>
      <trkpt lat="30.438288934528827667236328125" lon="120.26221322827041149139404296875">
        <ele>8</ele>
        <time>2025-03-21T13:39:14.000Z</time>
        <extensions>
          <ns3:TrackPointExtension>
            <ns3:hr>147</ns3:hr>
            <ns3:cad>93</ns3:cad>
          </ns3:TrackPointExtension>
        </extensions>
      </trkpt>
      <trkpt lat="30.438313074409961700439453125" lon="120.2622007392346858978271484375">
        <ele>8</ele>
        <time>2025-03-21T13:39:15.000Z</time>
        <extensions>
          <ns3:TrackPointExtension>
            <ns3:hr>146</ns3:hr>
            <ns3:cad>93</ns3:cad>
          </ns3:TrackPointExtension>
        </extensions>
      </trkpt>
      <trkpt lat="30.43834048323333263397216796875" lon="120.26218674145638942718505859375">
        <ele>7.80000019073486328125</ele>
        <time>2025-03-21T13:39:16.000Z</time>
        <extensions>
          <ns3:TrackPointExtension>
            <ns3:hr>146</ns3:hr>
            <ns3:cad>93</ns3:cad>
          </ns3:TrackPointExtension>
        </extensions>
      </trkpt>
      <trkpt lat="30.4383655451238155364990234375" lon="120.2621720731258392333984375">
        <ele>7.80000019073486328125</ele>
        <time>2025-03-21T13:39:17.000Z</time>
        <extensions>
          <ns3:TrackPointExtension>
            <ns3:hr>146</ns3:hr>
            <ns3:cad>93</ns3:cad>
          </ns3:TrackPointExtension>
        </extensions>
      </trkpt>
      <trkpt lat="30.4383880086243152618408203125" lon="120.26216209866106510162353515625">
        <ele>7.599999904632568359375</ele>
        <time>2025-03-21T13:39:18.000Z</time>
        <extensions>
          <ns3:TrackPointExtension>
            <ns3:hr>145</ns3:hr>
            <ns3:cad>92</ns3:cad>
          </ns3:TrackPointExtension>
        </extensions>
      </trkpt>
      <trkpt lat="30.43840770609676837921142578125" lon="120.26215321384370326995849609375">
        <ele>7.599999904632568359375</ele>
        <time>2025-03-21T13:39:19.000Z</time>
        <extensions>
          <ns3:TrackPointExtension>
            <ns3:hr>145</ns3:hr>
            <ns3:cad>92</ns3:cad>
          </ns3:TrackPointExtension>
        </extensions>
      </trkpt>
      <trkpt lat="30.4384165070950984954833984375" lon="120.26214483194053173065185546875">
        <ele>7.599999904632568359375</ele>
        <time>2025-03-21T13:39:20.000Z</time>
        <extensions>
          <ns3:TrackPointExtension>
            <ns3:hr>145</ns3:hr>
            <ns3:cad>90</ns3:cad>
          </ns3:TrackPointExtension>
        </extensions>
      </trkpt>
      <trkpt lat="30.43842648155987262725830078125" lon="120.26213846169412136077880859375">
        <ele>7.599999904632568359375</ele>
        <time>2025-03-21T13:39:21.000Z</time>
        <extensions>
          <ns3:TrackPointExtension>
            <ns3:hr>146</ns3:hr>
            <ns3:cad>90</ns3:cad>
          </ns3:TrackPointExtension>
        </extensions>
      </trkpt>
      <trkpt lat="30.4384376294910907745361328125" lon="120.26213427074253559112548828125">
        <ele>7.400000095367431640625</ele>
        <time>2025-03-21T13:39:22.000Z</time>
        <extensions>
          <ns3:TrackPointExtension>
            <ns3:hr>146</ns3:hr>
            <ns3:cad>90</ns3:cad>
          </ns3:TrackPointExtension>
        </extensions>
      </trkpt>
      <trkpt lat="30.43844844214618206024169921875" lon="120.26212924160063266754150390625">
        <ele>7.400000095367431640625</ele>
        <time>2025-03-21T13:39:23.000Z</time>
        <extensions>
          <ns3:TrackPointExtension>
            <ns3:hr>146</ns3:hr>
            <ns3:cad>0</ns3:cad>
          </ns3:TrackPointExtension>
        </extensions>
      </trkpt>
      <trkpt lat="30.438462607562541961669921875" lon="120.26211767457425594329833984375">
        <ele>7.400000095367431640625</ele>
        <time>2025-03-21T13:39:24.000Z</time>
        <extensions>
          <ns3:TrackPointExtension>
            <ns3:hr>147</ns3:hr>
            <ns3:cad>0</ns3:cad>
          </ns3:TrackPointExtension>
        </extensions>
      </trkpt>
      <trkpt lat="30.4384781979024410247802734375" lon="120.262106023728847503662109375">
        <ele>7.19999980926513671875</ele>
        <time>2025-03-21T13:39:25.000Z</time>
        <extensions>
          <ns3:TrackPointExtension>
            <ns3:hr>146</ns3:hr>
            <ns3:cad>0</ns3:cad>
          </ns3:TrackPointExtension>
        </extensions>
      </trkpt>
      <trkpt lat="30.43849001638591289520263671875" lon="120.26209722273051738739013671875">
        <ele>7.19999980926513671875</ele>
        <time>2025-03-21T13:39:26.000Z</time>
        <extensions>
          <ns3:TrackPointExtension>
            <ns3:hr>147</ns3:hr>
            <ns3:cad>0</ns3:cad>
          </ns3:TrackPointExtension>
        </extensions>
      </trkpt>
      <trkpt lat="30.4384963028132915496826171875" lon="120.2620921097695827484130859375">
        <ele>7.19999980926513671875</ele>
        <time>2025-03-21T13:39:27.000Z</time>
        <extensions>
          <ns3:TrackPointExtension>
            <ns3:hr>147</ns3:hr>
            <ns3:cad>0</ns3:cad>
          </ns3:TrackPointExtension>
        </extensions>
      </trkpt>
      <trkpt lat="30.43850828893482685089111328125" lon="120.26208347640931606292724609375">
        <ele>7</ele>
        <time>2025-03-21T13:39:28.000Z</time>
        <extensions>
          <ns3:TrackPointExtension>
            <ns3:hr>148</ns3:hr>
            <ns3:cad>0</ns3:cad>
          </ns3:TrackPointExtension>
        </extensions>
      </trkpt>
      <trkpt lat="30.43851817958056926727294921875" lon="120.262076854705810546875">
        <ele>7</ele>
        <time>2025-03-21T13:39:29.000Z</time>
        <extensions>
          <ns3:TrackPointExtension>
            <ns3:hr>149</ns3:hr>
            <ns3:cad>63</ns3:cad>
          </ns3:TrackPointExtension>
        </extensions>
      </trkpt>
      <trkpt lat="30.43853200972080230712890625" lon="120.262067131698131561279296875">
        <ele>6.80000019073486328125</ele>
        <time>2025-03-21T13:39:30.000Z</time>
        <extensions>
          <ns3:TrackPointExtension>
            <ns3:hr>149</ns3:hr>
            <ns3:cad>63</ns3:cad>
          </ns3:TrackPointExtension>
        </extensions>
      </trkpt>
      <trkpt lat="30.43854810297489166259765625" lon="120.26205732487142086029052734375">
        <ele>6.80000019073486328125</ele>
        <time>2025-03-21T13:39:31.000Z</time>
        <extensions>
          <ns3:TrackPointExtension>
            <ns3:hr>149</ns3:hr>
            <ns3:cad>63</ns3:cad>
          </ns3:TrackPointExtension>
        </extensions>
      </trkpt>
      <trkpt lat="30.43856327421963214874267578125" lon="120.2620424889028072357177734375">
        <ele>6.599999904632568359375</ele>
        <time>2025-03-21T13:39:32.000Z</time>
        <extensions>
          <ns3:TrackPointExtension>
            <ns3:hr>148</ns3:hr>
            <ns3:cad>86</ns3:cad>
          </ns3:TrackPointExtension>
        </extensions>
      </trkpt>
      <trkpt lat="30.43857584707438945770263671875" lon="120.2620304189622402191162109375">
        <ele>6.599999904632568359375</ele>
        <time>2025-03-21T13:39:33.000Z</time>
        <extensions>
          <ns3:TrackPointExtension>
            <ns3:hr>148</ns3:hr>
            <ns3:cad>88</ns3:cad>
          </ns3:TrackPointExtension>
        </extensions>
      </trkpt>
      <trkpt lat="30.43858959339559078216552734375" lon="120.2620136551558971405029296875">
        <ele>6.400000095367431640625</ele>
        <time>2025-03-21T13:39:34.000Z</time>
        <extensions>
          <ns3:TrackPointExtension>
            <ns3:hr>147</ns3:hr>
            <ns3:cad>87</ns3:cad>
          </ns3:TrackPointExtension>
        </extensions>
      </trkpt>
      <trkpt lat="30.4386069439351558685302734375" lon="120.2619999088346958160400390625">
        <ele>6.19999980926513671875</ele>
        <time>2025-03-21T13:39:35.000Z</time>
        <extensions>
          <ns3:TrackPointExtension>
            <ns3:hr>147</ns3:hr>
            <ns3:cad>87</ns3:cad>
          </ns3:TrackPointExtension>
        </extensions>
      </trkpt>
      <trkpt lat="30.43862563557922840118408203125" lon="120.261991024017333984375">
        <ele>6</ele>
        <time>2025-03-21T13:39:36.000Z</time>
        <extensions>
          <ns3:TrackPointExtension>
            <ns3:hr>147</ns3:hr>
            <ns3:cad>87</ns3:cad>
          </ns3:TrackPointExtension>
        </extensions>
      </trkpt>
      <trkpt lat="30.4386438243091106414794921875" lon="120.26198289357125759124755859375">
        <ele>6</ele>
        <time>2025-03-21T13:39:37.000Z</time>
        <extensions>
          <ns3:TrackPointExtension>
            <ns3:hr>148</ns3:hr>
            <ns3:cad>88</ns3:cad>
          </ns3:TrackPointExtension>
        </extensions>
      </trkpt>
      <trkpt lat="30.4386639408767223358154296875" lon="120.2619734220206737518310546875">
        <ele>5.80000019073486328125</ele>
        <time>2025-03-21T13:39:38.000Z</time>
        <extensions>
          <ns3:TrackPointExtension>
            <ns3:hr>147</ns3:hr>
            <ns3:cad>89</ns3:cad>
          </ns3:TrackPointExtension>
        </extensions>
      </trkpt>
      <trkpt lat="30.43868699111044406890869140625" lon="120.2619655430316925048828125">
        <ele>5.599999904632568359375</ele>
        <time>2025-03-21T13:39:39.000Z</time>
        <extensions>
          <ns3:TrackPointExtension>
            <ns3:hr>147</ns3:hr>
            <ns3:cad>89</ns3:cad>
          </ns3:TrackPointExtension>
        </extensions>
      </trkpt>
      <trkpt lat="30.43871213681995868682861328125" lon="120.26195540092885494232177734375">
        <ele>5.599999904632568359375</ele>
        <time>2025-03-21T13:39:40.000Z</time>
        <extensions>
          <ns3:TrackPointExtension>
            <ns3:hr>147</ns3:hr>
            <ns3:cad>90</ns3:cad>
          </ns3:TrackPointExtension>
        </extensions>
      </trkpt>
      <trkpt lat="30.43873409740626811981201171875" lon="120.261944420635700225830078125">
        <ele>5.400000095367431640625</ele>
        <time>2025-03-21T13:39:41.000Z</time>
        <extensions>
          <ns3:TrackPointExtension>
            <ns3:hr>146</ns3:hr>
            <ns3:cad>90</ns3:cad>
          </ns3:TrackPointExtension>
        </extensions>
      </trkpt>
      <trkpt lat="30.43875823728740215301513671875" lon="120.26193670928478240966796875">
        <ele>5.400000095367431640625</ele>
        <time>2025-03-21T13:39:42.000Z</time>
        <extensions>
          <ns3:TrackPointExtension>
            <ns3:hr>146</ns3:hr>
            <ns3:cad>90</ns3:cad>
          </ns3:TrackPointExtension>
        </extensions>
      </trkpt>
      <trkpt lat="30.43878640048205852508544921875" lon="120.26192472316324710845947265625">
        <ele>5.19999980926513671875</ele>
        <time>2025-03-21T13:39:43.000Z</time>
        <extensions>
          <ns3:TrackPointExtension>
            <ns3:hr>146</ns3:hr>
            <ns3:cad>90</ns3:cad>
          </ns3:TrackPointExtension>
        </extensions>
      </trkpt>
      <trkpt lat="30.4388054274022579193115234375" lon="120.26191215030848979949951171875">
        <ele>5.19999980926513671875</ele>
        <time>2025-03-21T13:39:44.000Z</time>
        <extensions>
          <ns3:TrackPointExtension>
            <ns3:hr>146</ns3:hr>
            <ns3:cad>90</ns3:cad>
          </ns3:TrackPointExtension>
        </extensions>
      </trkpt>
      <trkpt lat="30.43882034718990325927734375" lon="120.2619036845862865447998046875">
        <ele>5.19999980926513671875</ele>
        <time>2025-03-21T13:39:45.000Z</time>
        <extensions>
          <ns3:TrackPointExtension>
            <ns3:hr>145</ns3:hr>
            <ns3:cad>65</ns3:cad>
          </ns3:TrackPointExtension>
        </extensions>
      </trkpt>
      <trkpt lat="30.4388345964252948760986328125" lon="120.26189513504505157470703125">
        <ele>5</ele>
        <time>2025-03-21T13:39:46.000Z</time>
        <extensions>
          <ns3:TrackPointExtension>
            <ns3:hr>146</ns3:hr>
            <ns3:cad>65</ns3:cad>
          </ns3:TrackPointExtension>
        </extensions>
      </trkpt>
      <trkpt lat="30.4388449899852275848388671875" lon="120.2618885971605777740478515625">
        <ele>5</ele>
        <time>2025-03-21T13:39:47.000Z</time>
        <extensions>
          <ns3:TrackPointExtension>
            <ns3:hr>145</ns3:hr>
            <ns3:cad>65</ns3:cad>
          </ns3:TrackPointExtension>
        </extensions>
      </trkpt>
      <trkpt lat="30.438853539526462554931640625" lon="120.26188449002802371978759765625">
        <ele>5</ele>
        <time>2025-03-21T13:39:48.000Z</time>
        <extensions>
          <ns3:TrackPointExtension>
            <ns3:hr>144</ns3:hr>
            <ns3:cad>65</ns3:cad>
          </ns3:TrackPointExtension>
        </extensions>
      </trkpt>
      <trkpt lat="30.43886267580091953277587890625" lon="120.26187728159129619598388671875">
        <ele>5</ele>
        <time>2025-03-21T13:39:49.000Z</time>
        <extensions>
          <ns3:TrackPointExtension>
            <ns3:hr>144</ns3:hr>
            <ns3:cad>64</ns3:cad>
          </ns3:TrackPointExtension>
        </extensions>
      </trkpt>
      <trkpt lat="30.4388714767992496490478515625" lon="120.26186889968812465667724609375">
        <ele>5</ele>
        <time>2025-03-21T13:39:50.000Z</time>
        <extensions>
          <ns3:TrackPointExtension>
            <ns3:hr>143</ns3:hr>
            <ns3:cad>64</ns3:cad>
          </ns3:TrackPointExtension>
        </extensions>
      </trkpt>
      <trkpt lat="30.43887776322662830352783203125" lon="120.26186118833720684051513671875">
        <ele>5</ele>
        <time>2025-03-21T13:39:51.000Z</time>
        <extensions>
          <ns3:TrackPointExtension>
            <ns3:hr>143</ns3:hr>
            <ns3:cad>64</ns3:cad>
          </ns3:TrackPointExtension>
        </extensions>
      </trkpt>
      <trkpt lat="30.43888731859624385833740234375" lon="120.2618537284433841705322265625">
        <ele>4.80000019073486328125</ele>
        <time>2025-03-21T13:39:52.000Z</time>
        <extensions>
          <ns3:TrackPointExtension>
            <ns3:hr>142</ns3:hr>
            <ns3:cad>64</ns3:cad>
          </ns3:TrackPointExtension>
        </extensions>
      </trkpt>
      <trkpt lat="30.43889754451811313629150390625" lon="120.26184543035924434661865234375">
        <ele>4.80000019073486328125</ele>
        <time>2025-03-21T13:39:53.000Z</time>
        <extensions>
          <ns3:TrackPointExtension>
            <ns3:hr>143</ns3:hr>
            <ns3:cad>64</ns3:cad>
          </ns3:TrackPointExtension>
        </extensions>
      </trkpt>
      <trkpt lat="30.43891212902963161468505859375" lon="120.26183344423770904541015625">
        <ele>4.80000019073486328125</ele>
        <time>2025-03-21T13:39:54.000Z</time>
        <extensions>
          <ns3:TrackPointExtension>
            <ns3:hr>143</ns3:hr>
            <ns3:cad>63</ns3:cad>
          </ns3:TrackPointExtension>
        </extensions>
      </trkpt>
      <trkpt lat="30.4389335028827190399169921875" lon="120.26182061992585659027099609375">
        <ele>4.80000019073486328125</ele>
        <time>2025-03-21T13:39:55.000Z</time>
        <extensions>
          <ns3:TrackPointExtension>
            <ns3:hr>143</ns3:hr>
            <ns3:cad>62</ns3:cad>
          </ns3:TrackPointExtension>
        </extensions>
      </trkpt>
      <trkpt lat="30.438944734632968902587890625" lon="120.2618165127933025360107421875">
        <ele>4.599999904632568359375</ele>
        <time>2025-03-21T13:39:56.000Z</time>
        <extensions>
          <ns3:TrackPointExtension>
            <ns3:hr>144</ns3:hr>
            <ns3:cad>62</ns3:cad>
          </ns3:TrackPointExtension>
        </extensions>
      </trkpt>
      <trkpt lat="30.43895537964999675750732421875" lon="120.26181290857493877410888671875">
        <ele>4.599999904632568359375</ele>
        <time>2025-03-21T13:39:57.000Z</time>
        <extensions>
          <ns3:TrackPointExtension>
            <ns3:hr>144</ns3:hr>
            <ns3:cad>62</ns3:cad>
          </ns3:TrackPointExtension>
        </extensions>
      </trkpt>
      <trkpt lat="30.4389680363237857818603515625" lon="120.26180771179497241973876953125">
        <ele>4.599999904632568359375</ele>
        <time>2025-03-21T13:39:58.000Z</time>
        <extensions>
          <ns3:TrackPointExtension>
            <ns3:hr>144</ns3:hr>
            <ns3:cad>62</ns3:cad>
          </ns3:TrackPointExtension>
        </extensions>
      </trkpt>
      <trkpt lat="30.43898119591176509857177734375" lon="120.26180469430983066558837890625">
        <ele>4.599999904632568359375</ele>
        <time>2025-03-21T13:39:59.000Z</time>
        <extensions>
          <ns3:TrackPointExtension>
            <ns3:hr>144</ns3:hr>
            <ns3:cad>61</ns3:cad>
          </ns3:TrackPointExtension>
        </extensions>
      </trkpt>
      <trkpt lat="30.438995696604251861572265625" lon="120.26180125772953033447265625">
        <ele>4.400000095367431640625</ele>
        <time>2025-03-21T13:40:00.000Z</time>
        <extensions>
          <ns3:TrackPointExtension>
            <ns3:hr>144</ns3:hr>
            <ns3:cad>61</ns3:cad>
          </ns3:TrackPointExtension>
        </extensions>
      </trkpt>
      <trkpt lat="30.43900432996451854705810546875" lon="120.261805951595306396484375">
        <ele>4.400000095367431640625</ele>
        <time>2025-03-21T13:40:01.000Z</time>
        <extensions>
          <ns3:TrackPointExtension>
            <ns3:hr>143</ns3:hr>
            <ns3:cad>61</ns3:cad>
          </ns3:TrackPointExtension>
        </extensions>
      </trkpt>
      <trkpt lat="30.43901614844799041748046875" lon="120.2618091367185115814208984375">
        <ele>4.400000095367431640625</ele>
        <time>2025-03-21T13:40:02.000Z</time>
        <extensions>
          <ns3:TrackPointExtension>
            <ns3:hr>143</ns3:hr>
            <ns3:cad>60</ns3:cad>
          </ns3:TrackPointExtension>
        </extensions>
      </trkpt>
      <trkpt lat="30.43902712874114513397216796875" lon="120.2618153393268585205078125">
        <ele>4.400000095367431640625</ele>
        <time>2025-03-21T13:40:03.000Z</time>
        <extensions>
          <ns3:TrackPointExtension>
            <ns3:hr>142</ns3:hr>
            <ns3:cad>60</ns3:cad>
          </ns3:TrackPointExtension>
        </extensions>
      </trkpt>
      <trkpt lat="30.43904875405132770538330078125" lon="120.26181793771684169769287109375">
        <ele>4.19999980926513671875</ele>
        <time>2025-03-21T13:40:04.000Z</time>
        <extensions>
          <ns3:TrackPointExtension>
            <ns3:hr>141</ns3:hr>
            <ns3:cad>59</ns3:cad>
          </ns3:TrackPointExtension>
        </extensions>
      </trkpt>
      <trkpt lat="30.43905311264097690582275390625" lon="120.26181709952652454376220703125">
        <ele>4.19999980926513671875</ele>
        <time>2025-03-21T13:40:05.000Z</time>
        <extensions>
          <ns3:TrackPointExtension>
            <ns3:hr>140</ns3:hr>
            <ns3:cad>59</ns3:cad>
          </ns3:TrackPointExtension>
        </extensions>
      </trkpt>
      <trkpt lat="30.43905696831643581390380859375" lon="120.26182162575423717498779296875">
        <ele>4.19999980926513671875</ele>
        <time>2025-03-21T13:40:06.000Z</time>
        <extensions>
          <ns3:TrackPointExtension>
            <ns3:hr>139</ns3:hr>
            <ns3:cad>59</ns3:cad>
          </ns3:TrackPointExtension>
        </extensions>
      </trkpt>
      <trkpt lat="30.43906333856284618377685546875" lon="120.26182330213487148284912109375">
        <ele>4.19999980926513671875</ele>
        <time>2025-03-21T13:40:07.000Z</time>
        <extensions>
          <ns3:TrackPointExtension>
            <ns3:hr>139</ns3:hr>
            <ns3:cad>59</ns3:cad>
          </ns3:TrackPointExtension>
        </extensions>
      </trkpt>
      <trkpt lat="30.43907607905566692352294921875" lon="120.2618208713829517364501953125">
        <ele>4.19999980926513671875</ele>
        <time>2025-03-21T13:40:08.000Z</time>
        <extensions>
          <ns3:TrackPointExtension>
            <ns3:hr>138</ns3:hr>
            <ns3:cad>58</ns3:cad>
          </ns3:TrackPointExtension>
        </extensions>
      </trkpt>
      <trkpt lat="30.43909016065299510955810546875" lon="120.26181894354522228240966796875">
        <ele>4.19999980926513671875</ele>
        <time>2025-03-21T13:40:09.000Z</time>
        <extensions>
          <ns3:TrackPointExtension>
            <ns3:hr>137</ns3:hr>
            <ns3:cad>58</ns3:cad>
          </ns3:TrackPointExtension>
        </extensions>
      </trkpt>
      <trkpt lat="30.43909301050007343292236328125" lon="120.261819027364253997802734375">
        <ele>4.19999980926513671875</ele>
        <time>2025-03-21T13:40:10.000Z</time>
        <extensions>
          <ns3:TrackPointExtension>
            <ns3:hr>137</ns3:hr>
            <ns3:cad>0</ns3:cad>
          </ns3:TrackPointExtension>
        </extensions>
      </trkpt>
      <trkpt lat="30.439094603061676025390625" lon="120.26181877590715885162353515625">
        <ele>4.19999980926513671875</ele>
        <time>2025-03-21T13:40:11.000Z</time>
        <extensions>
          <ns3:TrackPointExtension>
            <ns3:hr>136</ns3:hr>
            <ns3:cad>0</ns3:cad>
          </ns3:TrackPointExtension>
        </extensions>
      </trkpt>
      <trkpt lat="30.4390959441661834716796875" lon="120.2618178538978099822998046875">
        <ele>4.19999980926513671875</ele>
        <time>2025-03-21T13:40:12.000Z</time>
        <extensions>
          <ns3:TrackPointExtension>
            <ns3:hr>136</ns3:hr>
            <ns3:cad>0</ns3:cad>
          </ns3:TrackPointExtension>
        </extensions>
      </trkpt>
      <trkpt lat="30.43909736908972263336181640625" lon="120.26181777007877826690673828125">
        <ele>4.19999980926513671875</ele>
        <time>2025-03-21T13:40:13.000Z</time>
        <extensions>
          <ns3:TrackPointExtension>
            <ns3:hr>134</ns3:hr>
            <ns3:cad>0</ns3:cad>
          </ns3:TrackPointExtension>
        </extensions>
      </trkpt>
      <trkpt lat="30.4390977881848812103271484375" lon="120.26181709952652454376220703125">
        <ele>4.19999980926513671875</ele>
        <time>2025-03-21T13:40:14.000Z</time>
        <extensions>
          <ns3:TrackPointExtension>
            <ns3:hr>135</ns3:hr>
            <ns3:cad>0</ns3:cad>
          </ns3:TrackPointExtension>
        </extensions>
      </trkpt>
      <trkpt lat="30.4391936771571636199951171875" lon="120.261745266616344451904296875">
        <ele>4</ele>
        <time>2025-03-21T13:40:31.000Z</time>
        <extensions>
          <ns3:TrackPointExtension>
            <ns3:hr>133</ns3:hr>
            <ns3:cad>86</ns3:cad>
          </ns3:TrackPointExtension>
        </extensions>
      </trkpt>
      <trkpt lat="30.43921521864831447601318359375" lon="120.261728502810001373291015625">
        <ele>4</ele>
        <time>2025-03-21T13:40:32.000Z</time>
        <extensions>
          <ns3:TrackPointExtension>
            <ns3:hr>133</ns3:hr>
            <ns3:cad>88</ns3:cad>
          </ns3:TrackPointExtension>
        </extensions>
      </trkpt>
      <trkpt lat="30.43923617340624332427978515625" lon="120.26171115227043628692626953125">
        <ele>4</ele>
        <time>2025-03-21T13:40:33.000Z</time>
        <extensions>
          <ns3:TrackPointExtension>
            <ns3:hr>133</ns3:hr>
            <ns3:cad>89</ns3:cad>
          </ns3:TrackPointExtension>
        </extensions>
      </trkpt>
      <trkpt lat="30.43925679288804531097412109375" lon="120.26168969459831714630126953125">
        <ele>4</ele>
        <time>2025-03-21T13:40:34.000Z</time>
        <extensions>
          <ns3:TrackPointExtension>
            <ns3:hr>134</ns3:hr>
            <ns3:cad>89</ns3:cad>
          </ns3:TrackPointExtension>
        </extensions>
      </trkpt>
      <trkpt lat="30.43927540071308612823486328125" lon="120.2616619504988193511962890625">
        <ele>4</ele>
        <time>2025-03-21T13:40:35.000Z</time>
        <extensions>
          <ns3:TrackPointExtension>
            <ns3:hr>135</ns3:hr>
            <ns3:cad>89</ns3:cad>
          </ns3:TrackPointExtension>
        </extensions>
      </trkpt>
      <trkpt lat="30.43929484672844409942626953125" lon="120.2616398222744464874267578125">
        <ele>4</ele>
        <time>2025-03-21T13:40:36.000Z</time>
        <extensions>
          <ns3:TrackPointExtension>
            <ns3:hr>136</ns3:hr>
            <ns3:cad>90</ns3:cad>
          </ns3:TrackPointExtension>
        </extensions>
      </trkpt>
      <trkpt lat="30.439314879477024078369140625" lon="120.2616217173635959625244140625">
        <ele>4</ele>
        <time>2025-03-21T13:40:37.000Z</time>
        <extensions>
          <ns3:TrackPointExtension>
            <ns3:hr>136</ns3:hr>
            <ns3:cad>90</ns3:cad>
          </ns3:TrackPointExtension>
        </extensions>
      </trkpt>
      <trkpt lat="30.4393385164439678192138671875" lon="120.26160369627177715301513671875">
        <ele>4</ele>
        <time>2025-03-21T13:40:38.000Z</time>
        <extensions>
          <ns3:TrackPointExtension>
            <ns3:hr>136</ns3:hr>
            <ns3:cad>90</ns3:cad>
          </ns3:TrackPointExtension>
        </extensions>
      </trkpt>
      <trkpt lat="30.4393686912953853607177734375" lon="120.261585675179958343505859375">
        <ele>4</ele>
        <time>2025-03-21T13:40:39.000Z</time>
        <extensions>
          <ns3:TrackPointExtension>
            <ns3:hr>137</ns3:hr>
            <ns3:cad>90</ns3:cad>
          </ns3:TrackPointExtension>
        </extensions>
      </trkpt>
      <trkpt lat="30.439397357404232025146484375" lon="120.2615725994110107421875">
        <ele>4</ele>
        <time>2025-03-21T13:40:40.000Z</time>
        <extensions>
          <ns3:TrackPointExtension>
            <ns3:hr>138</ns3:hr>
            <ns3:cad>89</ns3:cad>
          </ns3:TrackPointExtension>
        </extensions>
      </trkpt>
      <trkpt lat="30.4394258558750152587890625" lon="120.26156698353588581085205078125">
        <ele>4</ele>
        <time>2025-03-21T13:40:41.000Z</time>
        <extensions>
          <ns3:TrackPointExtension>
            <ns3:hr>139</ns3:hr>
            <ns3:cad>89</ns3:cad>
          </ns3:TrackPointExtension>
        </extensions>
      </trkpt>
      <trkpt lat="30.4394501633942127227783203125" lon="120.26155424304306507110595703125">
        <ele>4</ele>
        <time>2025-03-21T13:40:42.000Z</time>
        <extensions>
          <ns3:TrackPointExtension>
            <ns3:hr>139</ns3:hr>
            <ns3:cad>89</ns3:cad>
          </ns3:TrackPointExtension>
        </extensions>
      </trkpt>
      <trkpt lat="30.439469777047634124755859375" lon="120.26153999380767345428466796875">
        <ele>4</ele>
        <time>2025-03-21T13:40:43.000Z</time>
        <extensions>
          <ns3:TrackPointExtension>
            <ns3:hr>140</ns3:hr>
            <ns3:cad>90</ns3:cad>
          </ns3:TrackPointExtension>
        </extensions>
      </trkpt>
      <trkpt lat="30.4394863732159137725830078125" lon="120.2615268342196941375732421875">
        <ele>4</ele>
        <time>2025-03-21T13:40:44.000Z</time>
        <extensions>
          <ns3:TrackPointExtension>
            <ns3:hr>141</ns3:hr>
            <ns3:cad>90</ns3:cad>
          </ns3:TrackPointExtension>
        </extensions>
      </trkpt>
      <trkpt lat="30.43951277621090412139892578125" lon="120.2615100704133510589599609375">
        <ele>4</ele>
        <time>2025-03-21T13:40:45.000Z</time>
        <extensions>
          <ns3:TrackPointExtension>
            <ns3:hr>142</ns3:hr>
            <ns3:cad>90</ns3:cad>
          </ns3:TrackPointExtension>
        </extensions>
      </trkpt>
      <trkpt lat="30.43953624553978443145751953125" lon="120.2614926360547542572021484375">
        <ele>4</ele>
        <time>2025-03-21T13:40:46.000Z</time>
        <extensions>
          <ns3:TrackPointExtension>
            <ns3:hr>143</ns3:hr>
            <ns3:cad>91</ns3:cad>
          </ns3:TrackPointExtension>
        </extensions>
      </trkpt>
      <trkpt lat="30.4395639896392822265625" lon="120.2614746987819671630859375">
        <ele>4</ele>
        <time>2025-03-21T13:40:47.000Z</time>
        <extensions>
          <ns3:TrackPointExtension>
            <ns3:hr>143</ns3:hr>
            <ns3:cad>91</ns3:cad>
          </ns3:TrackPointExtension>
        </extensions>
      </trkpt>
      <trkpt lat="30.439589135348796844482421875" lon="120.261460952460765838623046875">
        <ele>4</ele>
        <time>2025-03-21T13:40:48.000Z</time>
        <extensions>
          <ns3:TrackPointExtension>
            <ns3:hr>143</ns3:hr>
            <ns3:cad>91</ns3:cad>
          </ns3:TrackPointExtension>
        </extensions>
      </trkpt>
      <trkpt lat="30.43960983864963054656982421875" lon="120.26145030744373798370361328125">
        <ele>4</ele>
        <time>2025-03-21T13:40:49.000Z</time>
        <extensions>
          <ns3:TrackPointExtension>
            <ns3:hr>143</ns3:hr>
            <ns3:cad>91</ns3:cad>
          </ns3:TrackPointExtension>
        </extensions>
      </trkpt>
      <trkpt lat="30.43963129632174968719482421875" lon="120.26144041679799556732177734375">
        <ele>4</ele>
        <time>2025-03-21T13:40:50.000Z</time>
        <extensions>
          <ns3:TrackPointExtension>
            <ns3:hr>143</ns3:hr>
            <ns3:cad>92</ns3:cad>
          </ns3:TrackPointExtension>
        </extensions>
      </trkpt>
      <trkpt lat="30.43965660966932773590087890625" lon="120.2614292688667774200439453125">
        <ele>4</ele>
        <time>2025-03-21T13:40:51.000Z</time>
        <extensions>
          <ns3:TrackPointExtension>
            <ns3:hr>143</ns3:hr>
            <ns3:cad>92</ns3:cad>
          </ns3:TrackPointExtension>
        </extensions>
      </trkpt>
      <trkpt lat="30.4396841861307621002197265625" lon="120.26142038404941558837890625">
        <ele>4</ele>
        <time>2025-03-21T13:40:52.000Z</time>
        <extensions>
          <ns3:TrackPointExtension>
            <ns3:hr>143</ns3:hr>
            <ns3:cad>91</ns3:cad>
          </ns3:TrackPointExtension>
        </extensions>
      </trkpt>
      <trkpt lat="30.4397089965641498565673828125" lon="120.261411331593990325927734375">
        <ele>4</ele>
        <time>2025-03-21T13:40:53.000Z</time>
        <extensions>
          <ns3:TrackPointExtension>
            <ns3:hr>142</ns3:hr>
            <ns3:cad>91</ns3:cad>
          </ns3:TrackPointExtension>
        </extensions>
      </trkpt>
      <trkpt lat="30.43973372317850589752197265625" lon="120.2614027820527553558349609375">
        <ele>4</ele>
        <time>2025-03-21T13:40:54.000Z</time>
        <extensions>
          <ns3:TrackPointExtension>
            <ns3:hr>142</ns3:hr>
            <ns3:cad>91</ns3:cad>
          </ns3:TrackPointExtension>
        </extensions>
      </trkpt>
      <trkpt lat="30.43976138345897197723388671875" lon="120.26139113120734691619873046875">
        <ele>4</ele>
        <time>2025-03-21T13:40:55.000Z</time>
        <extensions>
          <ns3:TrackPointExtension>
            <ns3:hr>142</ns3:hr>
            <ns3:cad>91</ns3:cad>
          </ns3:TrackPointExtension>
        </extensions>
      </trkpt>
      <trkpt lat="30.439784936606884002685546875" lon="120.2613766305148601531982421875">
        <ele>4.19999980926513671875</ele>
        <time>2025-03-21T13:40:56.000Z</time>
        <extensions>
          <ns3:TrackPointExtension>
            <ns3:hr>141</ns3:hr>
            <ns3:cad>92</ns3:cad>
          </ns3:TrackPointExtension>
        </extensions>
      </trkpt>
      <trkpt lat="30.4398052208125591278076171875" lon="120.261361040174961090087890625">
        <ele>4.19999980926513671875</ele>
        <time>2025-03-21T13:40:57.000Z</time>
        <extensions>
          <ns3:TrackPointExtension>
            <ns3:hr>141</ns3:hr>
            <ns3:cad>92</ns3:cad>
          </ns3:TrackPointExtension>
        </extensions>
      </trkpt>
      <trkpt lat="30.4398303665220737457275390625" lon="120.2613457851111888885498046875">
        <ele>4.400000095367431640625</ele>
        <time>2025-03-21T13:40:58.000Z</time>
        <extensions>
          <ns3:TrackPointExtension>
            <ns3:hr>141</ns3:hr>
            <ns3:cad>92</ns3:cad>
          </ns3:TrackPointExtension>
        </extensions>
      </trkpt>
      <trkpt lat="30.439853332936763763427734375" lon="120.26133053004741668701171875">
        <ele>4.599999904632568359375</ele>
        <time>2025-03-21T13:40:59.000Z</time>
        <extensions>
          <ns3:TrackPointExtension>
            <ns3:hr>141</ns3:hr>
            <ns3:cad>92</ns3:cad>
          </ns3:TrackPointExtension>
        </extensions>
      </trkpt>
      <trkpt lat="30.43988057412207126617431640625" lon="120.261312760412693023681640625">
        <ele>4.599999904632568359375</ele>
        <time>2025-03-21T13:41:00.000Z</time>
        <extensions>
          <ns3:TrackPointExtension>
            <ns3:hr>141</ns3:hr>
            <ns3:cad>92</ns3:cad>
          </ns3:TrackPointExtension>
        </extensions>
      </trkpt>
      <trkpt lat="30.439911000430583953857421875" lon="120.26129323057830333709716796875">
        <ele>4.80000019073486328125</ele>
        <time>2025-03-21T13:41:01.000Z</time>
        <extensions>
          <ns3:TrackPointExtension>
            <ns3:hr>141</ns3:hr>
            <ns3:cad>92</ns3:cad>
          </ns3:TrackPointExtension>
        </extensions>
      </trkpt>
      <trkpt lat="30.43994151055812835693359375" lon="120.26127479039132595062255859375">
        <ele>5</ele>
        <time>2025-03-21T13:41:02.000Z</time>
        <extensions>
          <ns3:TrackPointExtension>
            <ns3:hr>141</ns3:hr>
            <ns3:cad>92</ns3:cad>
          </ns3:TrackPointExtension>
        </extensions>
      </trkpt>
      <trkpt lat="30.43996439315378665924072265625" lon="120.26126079261302947998046875">
        <ele>5</ele>
        <time>2025-03-21T13:41:03.000Z</time>
        <extensions>
          <ns3:TrackPointExtension>
            <ns3:hr>141</ns3:hr>
            <ns3:cad>92</ns3:cad>
          </ns3:TrackPointExtension>
        </extensions>
      </trkpt>
      <trkpt lat="30.43998115696012973785400390625" lon="120.26124713011085987091064453125">
        <ele>5</ele>
        <time>2025-03-21T13:41:04.000Z</time>
        <extensions>
          <ns3:TrackPointExtension>
            <ns3:hr>141</ns3:hr>
            <ns3:cad>92</ns3:cad>
          </ns3:TrackPointExtension>
        </extensions>
      </trkpt>
      <trkpt lat="30.44000445865094661712646484375" lon="120.26123237796127796173095703125">
        <ele>5</ele>
        <time>2025-03-21T13:41:05.000Z</time>
        <extensions>
          <ns3:TrackPointExtension>
            <ns3:hr>141</ns3:hr>
            <ns3:cad>93</ns3:cad>
          </ns3:TrackPointExtension>
        </extensions>
      </trkpt>
      <trkpt lat="30.4400261677801609039306640625" lon="120.261218212544918060302734375">
        <ele>5</ele>
        <time>2025-03-21T13:41:06.000Z</time>
        <extensions>
          <ns3:TrackPointExtension>
            <ns3:hr>141</ns3:hr>
            <ns3:cad>92</ns3:cad>
          </ns3:TrackPointExtension>
        </extensions>
      </trkpt>
      <trkpt lat="30.440047122538089752197265625" lon="120.26120714843273162841796875">
        <ele>5</ele>
        <time>2025-03-21T13:41:07.000Z</time>
        <extensions>
          <ns3:TrackPointExtension>
            <ns3:hr>141</ns3:hr>
            <ns3:cad>90</ns3:cad>
          </ns3:TrackPointExtension>
        </extensions>
      </trkpt>
      <trkpt lat="30.4400721006095409393310546875" lon="120.26119616813957691192626953125">
        <ele>5</ele>
        <time>2025-03-21T13:41:08.000Z</time>
        <extensions>
          <ns3:TrackPointExtension>
            <ns3:hr>140</ns3:hr>
            <ns3:cad>89</ns3:cad>
          </ns3:TrackPointExtension>
        </extensions>
      </trkpt>
      <trkpt lat="30.44009062461555004119873046875" lon="120.26118476875126361846923828125">
        <ele>5</ele>
        <time>2025-03-21T13:41:09.000Z</time>
        <extensions>
          <ns3:TrackPointExtension>
            <ns3:hr>140</ns3:hr>
            <ns3:cad>89</ns3:cad>
          </ns3:TrackPointExtension>
        </extensions>
      </trkpt>
      <trkpt lat="30.44010872952640056610107421875" lon="120.26117370463907718658447265625">
        <ele>5</ele>
        <time>2025-03-21T13:41:10.000Z</time>
        <extensions>
          <ns3:TrackPointExtension>
            <ns3:hr>139</ns3:hr>
            <ns3:cad>90</ns3:cad>
          </ns3:TrackPointExtension>
        </extensions>
      </trkpt>
      <trkpt lat="30.4401351325213909149169921875" lon="120.26116113178431987762451171875">
        <ele>4.80000019073486328125</ele>
        <time>2025-03-21T13:41:11.000Z</time>
        <extensions>
          <ns3:TrackPointExtension>
            <ns3:hr>139</ns3:hr>
            <ns3:cad>90</ns3:cad>
          </ns3:TrackPointExtension>
        </extensions>
      </trkpt>
      <trkpt lat="30.44016388244926929473876953125" lon="120.261146128177642822265625">
        <ele>4.80000019073486328125</ele>
        <time>2025-03-21T13:41:12.000Z</time>
        <extensions>
          <ns3:TrackPointExtension>
            <ns3:hr>139</ns3:hr>
            <ns3:cad>90</ns3:cad>
          </ns3:TrackPointExtension>
        </extensions>
      </trkpt>
      <trkpt lat="30.44019221328198909759521484375" lon="120.2611315436661243438720703125">
        <ele>4.599999904632568359375</ele>
        <time>2025-03-21T13:41:13.000Z</time>
        <extensions>
          <ns3:TrackPointExtension>
            <ns3:hr>139</ns3:hr>
            <ns3:cad>91</ns3:cad>
          </ns3:TrackPointExtension>
        </extensions>
      </trkpt>
      <trkpt lat="30.440221130847930908203125" lon="120.26111855171620845794677734375">
        <ele>4.400000095367431640625</ele>
        <time>2025-03-21T13:41:14.000Z</time>
        <extensions>
          <ns3:TrackPointExtension>
            <ns3:hr>139</ns3:hr>
            <ns3:cad>92</ns3:cad>
          </ns3:TrackPointExtension>
        </extensions>
      </trkpt>
      <trkpt lat="30.44024837203323841094970703125" lon="120.26110388338565826416015625">
        <ele>4.19999980926513671875</ele>
        <time>2025-03-21T13:41:15.000Z</time>
        <extensions>
          <ns3:TrackPointExtension>
            <ns3:hr>139</ns3:hr>
            <ns3:cad>92</ns3:cad>
          </ns3:TrackPointExtension>
        </extensions>
      </trkpt>
      <trkpt lat="30.44026932679116725921630859375" lon="120.26109273545444011688232421875">
        <ele>4.19999980926513671875</ele>
        <time>2025-03-21T13:41:16.000Z</time>
        <extensions>
          <ns3:TrackPointExtension>
            <ns3:hr>140</ns3:hr>
            <ns3:cad>92</ns3:cad>
          </ns3:TrackPointExtension>
        </extensions>
      </trkpt>
      <trkpt lat="30.44028810225427150726318359375" lon="120.2610789053142070770263671875">
        <ele>4.19999980926513671875</ele>
        <time>2025-03-21T13:41:17.000Z</time>
        <extensions>
          <ns3:TrackPointExtension>
            <ns3:hr>140</ns3:hr>
            <ns3:cad>92</ns3:cad>
          </ns3:TrackPointExtension>
        </extensions>
      </trkpt>
      <trkpt lat="30.44032431207597255706787109375" lon="120.2610547654330730438232421875">
        <ele>4</ele>
        <time>2025-03-21T13:41:18.000Z</time>
        <extensions>
          <ns3:TrackPointExtension>
            <ns3:hr>140</ns3:hr>
            <ns3:cad>92</ns3:cad>
          </ns3:TrackPointExtension>
        </extensions>
      </trkpt>
      <trkpt lat="30.44035800732672214508056640625" lon="120.26103540323674678802490234375">
        <ele>4</ele>
        <time>2025-03-21T13:41:19.000Z</time>
        <extensions>
          <ns3:TrackPointExtension>
            <ns3:hr>141</ns3:hr>
            <ns3:cad>92</ns3:cad>
          </ns3:TrackPointExtension>
        </extensions>
      </trkpt>
      <trkpt lat="30.44038985855877399444580078125" lon="120.26101310737431049346923828125">
        <ele>4</ele>
        <time>2025-03-21T13:41:20.000Z</time>
        <extensions>
          <ns3:TrackPointExtension>
            <ns3:hr>141</ns3:hr>
            <ns3:cad>92</ns3:cad>
          </ns3:TrackPointExtension>
        </extensions>
      </trkpt>
      <trkpt lat="30.4404150880873203277587890625" lon="120.260992236435413360595703125">
        <ele>4</ele>
        <time>2025-03-21T13:41:21.000Z</time>
        <extensions>
          <ns3:TrackPointExtension>
            <ns3:hr>141</ns3:hr>
            <ns3:cad>92</ns3:cad>
          </ns3:TrackPointExtension>
        </extensions>
      </trkpt>
      <trkpt lat="30.4404398985207080841064453125" lon="120.260971449315547943115234375">
        <ele>4</ele>
        <time>2025-03-21T13:41:22.000Z</time>
        <extensions>
          <ns3:TrackPointExtension>
            <ns3:hr>141</ns3:hr>
            <ns3:cad>91</ns3:cad>
          </ns3:TrackPointExtension>
        </extensions>
      </trkpt>
      <trkpt lat="30.44047216884791851043701171875" lon="120.26094940491020679473876953125">
        <ele>3.7999999523162841796875</ele>
        <time>2025-03-21T13:41:23.000Z</time>
        <extensions>
          <ns3:TrackPointExtension>
            <ns3:hr>142</ns3:hr>
            <ns3:cad>91</ns3:cad>
          </ns3:TrackPointExtension>
        </extensions>
      </trkpt>
      <trkpt lat="30.44049832038581371307373046875" lon="120.26093414984643459320068359375">
        <ele>3.7999999523162841796875</ele>
        <time>2025-03-21T13:41:24.000Z</time>
        <extensions>
          <ns3:TrackPointExtension>
            <ns3:hr>142</ns3:hr>
            <ns3:cad>93</ns3:cad>
          </ns3:TrackPointExtension>
        </extensions>
      </trkpt>
      <trkpt lat="30.4405257292091846466064453125" lon="120.26092157699167728424072265625">
        <ele>3.599999904632568359375</ele>
        <time>2025-03-21T13:41:25.000Z</time>
        <extensions>
          <ns3:TrackPointExtension>
            <ns3:hr>143</ns3:hr>
            <ns3:cad>93</ns3:cad>
          </ns3:TrackPointExtension>
        </extensions>
      </trkpt>
      <trkpt lat="30.4405542276799678802490234375" lon="120.26090615428984165191650390625">
        <ele>3.599999904632568359375</ele>
        <time>2025-03-21T13:41:26.000Z</time>
        <extensions>
          <ns3:TrackPointExtension>
            <ns3:hr>144</ns3:hr>
            <ns3:cad>94</ns3:cad>
          </ns3:TrackPointExtension>
        </extensions>
      </trkpt>
      <trkpt lat="30.44058146886527538299560546875" lon="120.2608894743025302886962890625">
        <ele>3.599999904632568359375</ele>
        <time>2025-03-21T13:41:27.000Z</time>
        <extensions>
          <ns3:TrackPointExtension>
            <ns3:hr>145</ns3:hr>
            <ns3:cad>94</ns3:cad>
          </ns3:TrackPointExtension>
        </extensions>
      </trkpt>
      <trkpt lat="30.4406112246215343475341796875" lon="120.26087187230587005615234375">
        <ele>3.400000095367431640625</ele>
        <time>2025-03-21T13:41:28.000Z</time>
        <extensions>
          <ns3:TrackPointExtension>
            <ns3:hr>146</ns3:hr>
            <ns3:cad>93</ns3:cad>
          </ns3:TrackPointExtension>
        </extensions>
      </trkpt>
      <trkpt lat="30.44063779525458812713623046875" lon="120.2608576230704784393310546875">
        <ele>3.400000095367431640625</ele>
        <time>2025-03-21T13:41:29.000Z</time>
        <extensions>
          <ns3:TrackPointExtension>
            <ns3:hr>147</ns3:hr>
            <ns3:cad>93</ns3:cad>
          </ns3:TrackPointExtension>
        </extensions>
      </trkpt>
      <trkpt lat="30.44066411443054676055908203125" lon="120.26084496639668941497802734375">
        <ele>3.400000095367431640625</ele>
        <time>2025-03-21T13:41:30.000Z</time>
        <extensions>
          <ns3:TrackPointExtension>
            <ns3:hr>148</ns3:hr>
            <ns3:cad>94</ns3:cad>
          </ns3:TrackPointExtension>
        </extensions>
      </trkpt>
      <trkpt lat="30.44069311581552028656005859375" lon="120.2608294598758220672607421875">
        <ele>3.2000000476837158203125</ele>
        <time>2025-03-21T13:41:31.000Z</time>
        <extensions>
          <ns3:TrackPointExtension>
            <ns3:hr>150</ns3:hr>
            <ns3:cad>94</ns3:cad>
          </ns3:TrackPointExtension>
        </extensions>
      </trkpt>
      <trkpt lat="30.44072044081985950469970703125" lon="120.26081663556396961212158203125">
        <ele>3.2000000476837158203125</ele>
        <time>2025-03-21T13:41:32.000Z</time>
        <extensions>
          <ns3:TrackPointExtension>
            <ns3:hr>150</ns3:hr>
            <ns3:cad>93</ns3:cad>
          </ns3:TrackPointExtension>
        </extensions>
      </trkpt>
      <trkpt lat="30.44074080884456634521484375" lon="120.2608066610991954803466796875">
        <ele>3.2000000476837158203125</ele>
        <time>2025-03-21T13:41:33.000Z</time>
        <extensions>
          <ns3:TrackPointExtension>
            <ns3:hr>151</ns3:hr>
            <ns3:cad>92</ns3:cad>
          </ns3:TrackPointExtension>
        </extensions>
      </trkpt>
      <trkpt lat="30.440763942897319793701171875" lon="120.26079274713993072509765625">
        <ele>3.2000000476837158203125</ele>
        <time>2025-03-21T13:41:34.000Z</time>
        <extensions>
          <ns3:TrackPointExtension>
            <ns3:hr>152</ns3:hr>
            <ns3:cad>92</ns3:cad>
          </ns3:TrackPointExtension>
        </extensions>
      </trkpt>
      <trkpt lat="30.44078565202653408050537109375" lon="120.2607788331806659698486328125">
        <ele>3.2000000476837158203125</ele>
        <time>2025-03-21T13:41:35.000Z</time>
        <extensions>
          <ns3:TrackPointExtension>
            <ns3:hr>152</ns3:hr>
            <ns3:cad>92</ns3:cad>
          </ns3:TrackPointExtension>
        </extensions>
      </trkpt>
      <trkpt lat="30.4408137314021587371826171875" lon="120.260753519833087921142578125">
        <ele>3</ele>
        <time>2025-03-21T13:41:36.000Z</time>
        <extensions>
          <ns3:TrackPointExtension>
            <ns3:hr>153</ns3:hr>
            <ns3:cad>92</ns3:cad>
          </ns3:TrackPointExtension>
        </extensions>
      </trkpt>
      <trkpt lat="30.440841726958751678466796875" lon="120.26073801331222057342529296875">
        <ele>2.7999999523162841796875</ele>
        <time>2025-03-21T13:41:37.000Z</time>
        <extensions>
          <ns3:TrackPointExtension>
            <ns3:hr>153</ns3:hr>
            <ns3:cad>91</ns3:cad>
          </ns3:TrackPointExtension>
        </extensions>
      </trkpt>
      <trkpt lat="30.44087014161050319671630859375" lon="120.26072493754327297210693359375">
        <ele>2.599999904632568359375</ele>
        <time>2025-03-21T13:41:38.000Z</time>
        <extensions>
          <ns3:TrackPointExtension>
            <ns3:hr>154</ns3:hr>
            <ns3:cad>90</ns3:cad>
          </ns3:TrackPointExtension>
        </extensions>
      </trkpt>
      <trkpt lat="30.44089511968195438385009765625" lon="120.26070834137499332427978515625">
        <ele>2.400000095367431640625</ele>
        <time>2025-03-21T13:41:39.000Z</time>
        <extensions>
          <ns3:TrackPointExtension>
            <ns3:hr>154</ns3:hr>
            <ns3:cad>89</ns3:cad>
          </ns3:TrackPointExtension>
        </extensions>
      </trkpt>
      <trkpt lat="30.44092060066759586334228515625" lon="120.2606883086264133453369140625">
        <ele>2.400000095367431640625</ele>
        <time>2025-03-21T13:41:40.000Z</time>
        <extensions>
          <ns3:TrackPointExtension>
            <ns3:hr>154</ns3:hr>
            <ns3:cad>89</ns3:cad>
          </ns3:TrackPointExtension>
        </extensions>
      </trkpt>
      <trkpt lat="30.44094599783420562744140625" lon="120.26066542603075504302978515625">
        <ele>2.2000000476837158203125</ele>
        <time>2025-03-21T13:41:41.000Z</time>
        <extensions>
          <ns3:TrackPointExtension>
            <ns3:hr>154</ns3:hr>
            <ns3:cad>89</ns3:cad>
          </ns3:TrackPointExtension>
        </extensions>
      </trkpt>
      <trkpt lat="30.4409734904766082763671875" lon="120.26064665056765079498291015625">
        <ele>2</ele>
        <time>2025-03-21T13:41:42.000Z</time>
        <extensions>
          <ns3:TrackPointExtension>
            <ns3:hr>154</ns3:hr>
            <ns3:cad>89</ns3:cad>
          </ns3:TrackPointExtension>
        </extensions>
      </trkpt>
      <trkpt lat="30.44100291095674037933349609375" lon="120.26063038967549800872802734375">
        <ele>2</ele>
        <time>2025-03-21T13:41:43.000Z</time>
        <extensions>
          <ns3:TrackPointExtension>
            <ns3:hr>154</ns3:hr>
            <ns3:cad>89</ns3:cad>
          </ns3:TrackPointExtension>
        </extensions>
      </trkpt>
      <trkpt lat="30.4410336725413799285888671875" lon="120.26061496697366237640380859375">
        <ele>2</ele>
        <time>2025-03-21T13:41:44.000Z</time>
        <extensions>
          <ns3:TrackPointExtension>
            <ns3:hr>154</ns3:hr>
            <ns3:cad>89</ns3:cad>
          </ns3:TrackPointExtension>
        </extensions>
      </trkpt>
      <trkpt lat="30.44105990789830684661865234375" lon="120.2606001310050487518310546875">
        <ele>2</ele>
        <time>2025-03-21T13:41:45.000Z</time>
        <extensions>
          <ns3:TrackPointExtension>
            <ns3:hr>155</ns3:hr>
            <ns3:cad>89</ns3:cad>
          </ns3:TrackPointExtension>
        </extensions>
      </trkpt>
      <trkpt lat="30.44108538888394832611083984375" lon="120.2605853788554668426513671875">
        <ele>2</ele>
        <time>2025-03-21T13:41:46.000Z</time>
        <extensions>
          <ns3:TrackPointExtension>
            <ns3:hr>155</ns3:hr>
            <ns3:cad>89</ns3:cad>
          </ns3:TrackPointExtension>
        </extensions>
      </trkpt>
      <trkpt lat="30.44110634364187717437744140625" lon="120.2605719678103923797607421875">
        <ele>2.2000000476837158203125</ele>
        <time>2025-03-21T13:41:47.000Z</time>
        <extensions>
          <ns3:TrackPointExtension>
            <ns3:hr>155</ns3:hr>
            <ns3:cad>89</ns3:cad>
          </ns3:TrackPointExtension>
        </extensions>
      </trkpt>
      <trkpt lat="30.4411248676478862762451171875" lon="120.26055813767015933990478515625">
        <ele>2.400000095367431640625</ele>
        <time>2025-03-21T13:41:48.000Z</time>
        <extensions>
          <ns3:TrackPointExtension>
            <ns3:hr>155</ns3:hr>
            <ns3:cad>89</ns3:cad>
          </ns3:TrackPointExtension>
        </extensions>
      </trkpt>
      <trkpt lat="30.4411456547677516937255859375" lon="120.26054799556732177734375">
        <ele>2.599999904632568359375</ele>
        <time>2025-03-21T13:41:49.000Z</time>
        <extensions>
          <ns3:TrackPointExtension>
            <ns3:hr>155</ns3:hr>
            <ns3:cad>89</ns3:cad>
          </ns3:TrackPointExtension>
        </extensions>
      </trkpt>
      <trkpt lat="30.44117490760982036590576171875" lon="120.260544307529926300048828125">
        <ele>2.7999999523162841796875</ele>
        <time>2025-03-21T13:41:50.000Z</time>
        <extensions>
          <ns3:TrackPointExtension>
            <ns3:hr>155</ns3:hr>
            <ns3:cad>89</ns3:cad>
          </ns3:TrackPointExtension>
        </extensions>
      </trkpt>
      <trkpt lat="30.44120642356574535369873046875" lon="120.260527543723583221435546875">
        <ele>3.2000000476837158203125</ele>
        <time>2025-03-21T13:41:51.000Z</time>
        <extensions>
          <ns3:TrackPointExtension>
            <ns3:hr>156</ns3:hr>
            <ns3:cad>89</ns3:cad>
          </ns3:TrackPointExtension>
        </extensions>
      </trkpt>
      <trkpt lat="30.44123693369328975677490234375" lon="120.26051379740238189697265625">
        <ele>3.599999904632568359375</ele>
        <time>2025-03-21T13:41:52.000Z</time>
        <extensions>
          <ns3:TrackPointExtension>
            <ns3:hr>156</ns3:hr>
            <ns3:cad>89</ns3:cad>
          </ns3:TrackPointExtension>
        </extensions>
      </trkpt>
      <trkpt lat="30.4412658512592315673828125" lon="120.26049057953059673309326171875">
        <ele>4</ele>
        <time>2025-03-21T13:41:53.000Z</time>
        <extensions>
          <ns3:TrackPointExtension>
            <ns3:hr>158</ns3:hr>
            <ns3:cad>89</ns3:cad>
          </ns3:TrackPointExtension>
        </extensions>
      </trkpt>
      <trkpt lat="30.44129242189228534698486328125" lon="120.2604723908007144927978515625">
        <ele>4.400000095367431640625</ele>
        <time>2025-03-21T13:41:54.000Z</time>
        <extensions>
          <ns3:TrackPointExtension>
            <ns3:hr>159</ns3:hr>
            <ns3:cad>90</ns3:cad>
          </ns3:TrackPointExtension>
        </extensions>
      </trkpt>
      <trkpt lat="30.4413230158388614654541015625" lon="120.26045881211757659912109375">
        <ele>4.80000019073486328125</ele>
        <time>2025-03-21T13:41:55.000Z</time>
        <extensions>
          <ns3:TrackPointExtension>
            <ns3:hr>160</ns3:hr>
            <ns3:cad>90</ns3:cad>
          </ns3:TrackPointExtension>
        </extensions>
      </trkpt>
      <trkpt lat="30.4413531906902790069580078125" lon="120.26043626479804515838623046875">
        <ele>5.19999980926513671875</ele>
        <time>2025-03-21T13:41:56.000Z</time>
        <extensions>
          <ns3:TrackPointExtension>
            <ns3:hr>160</ns3:hr>
            <ns3:cad>91</ns3:cad>
          </ns3:TrackPointExtension>
        </extensions>
      </trkpt>
      <trkpt lat="30.44138453900814056396484375" lon="120.2604138851165771484375">
        <ele>5.80000019073486328125</ele>
        <time>2025-03-21T13:41:57.000Z</time>
        <extensions>
          <ns3:TrackPointExtension>
            <ns3:hr>160</ns3:hr>
            <ns3:cad>91</ns3:cad>
          </ns3:TrackPointExtension>
        </extensions>
      </trkpt>
      <trkpt lat="30.44140557758510112762451171875" lon="120.2603989653289318084716796875">
        <ele>6.19999980926513671875</ele>
        <time>2025-03-21T13:41:58.000Z</time>
        <extensions>
          <ns3:TrackPointExtension>
            <ns3:hr>161</ns3:hr>
            <ns3:cad>91</ns3:cad>
          </ns3:TrackPointExtension>
        </extensions>
      </trkpt>
      <trkpt lat="30.4414375126361846923828125" lon="120.26038111187517642974853515625">
        <ele>6.599999904632568359375</ele>
        <time>2025-03-21T13:41:59.000Z</time>
        <extensions>
          <ns3:TrackPointExtension>
            <ns3:hr>161</ns3:hr>
            <ns3:cad>92</ns3:cad>
          </ns3:TrackPointExtension>
        </extensions>
      </trkpt>
      <trkpt lat="30.44146676547825336456298828125" lon="120.26036686263978481292724609375">
        <ele>7</ele>
        <time>2025-03-21T13:42:00.000Z</time>
        <extensions>
          <ns3:TrackPointExtension>
            <ns3:hr>161</ns3:hr>
            <ns3:cad>92</ns3:cad>
          </ns3:TrackPointExtension>
        </extensions>
      </trkpt>
      <trkpt lat="30.44149207882583141326904296875" lon="120.26035026647150516510009765625">
        <ele>7.400000095367431640625</ele>
        <time>2025-03-21T13:42:01.000Z</time>
        <extensions>
          <ns3:TrackPointExtension>
            <ns3:hr>161</ns3:hr>
            <ns3:cad>92</ns3:cad>
          </ns3:TrackPointExtension>
        </extensions>
      </trkpt>
      <trkpt lat="30.4415104351937770843505859375" lon="120.26033283211290836334228515625">
        <ele>7.599999904632568359375</ele>
        <time>2025-03-21T13:42:02.000Z</time>
        <extensions>
          <ns3:TrackPointExtension>
            <ns3:hr>161</ns3:hr>
            <ns3:cad>92</ns3:cad>
          </ns3:TrackPointExtension>
        </extensions>
      </trkpt>
      <trkpt lat="30.4415285401046276092529296875" lon="120.26031992398202419281005859375">
        <ele>7.400000095367431640625</ele>
        <time>2025-03-21T13:42:03.000Z</time>
        <extensions>
          <ns3:TrackPointExtension>
            <ns3:hr>161</ns3:hr>
            <ns3:cad>93</ns3:cad>
          </ns3:TrackPointExtension>
        </extensions>
      </trkpt>
      <trkpt lat="30.44155360199511051177978515625" lon="120.260309278964996337890625">
        <ele>7.400000095367431640625</ele>
        <time>2025-03-21T13:42:04.000Z</time>
        <extensions>
          <ns3:TrackPointExtension>
            <ns3:hr>161</ns3:hr>
            <ns3:cad>93</ns3:cad>
          </ns3:TrackPointExtension>
        </extensions>
      </trkpt>
      <trkpt lat="30.441583693027496337890625" lon="120.26029653847217559814453125">
        <ele>7.400000095367431640625</ele>
        <time>2025-03-21T13:42:05.000Z</time>
        <extensions>
          <ns3:TrackPointExtension>
            <ns3:hr>161</ns3:hr>
            <ns3:cad>92</ns3:cad>
          </ns3:TrackPointExtension>
        </extensions>
      </trkpt>
      <trkpt lat="30.441611520946025848388671875" lon="120.26028622873127460479736328125">
        <ele>7.400000095367431640625</ele>
        <time>2025-03-21T13:42:06.000Z</time>
        <extensions>
          <ns3:TrackPointExtension>
            <ns3:hr>161</ns3:hr>
            <ns3:cad>92</ns3:cad>
          </ns3:TrackPointExtension>
        </extensions>
      </trkpt>
      <trkpt lat="30.44163666665554046630859375" lon="120.26027432642877101898193359375">
        <ele>7.19999980926513671875</ele>
        <time>2025-03-21T13:42:07.000Z</time>
        <extensions>
          <ns3:TrackPointExtension>
            <ns3:hr>161</ns3:hr>
            <ns3:cad>92</ns3:cad>
          </ns3:TrackPointExtension>
        </extensions>
      </trkpt>
      <trkpt lat="30.441659130156040191650390625" lon="120.26026225648820400238037109375">
        <ele>7</ele>
        <time>2025-03-21T13:42:08.000Z</time>
        <extensions>
          <ns3:TrackPointExtension>
            <ns3:hr>162</ns3:hr>
            <ns3:cad>92</ns3:cad>
          </ns3:TrackPointExtension>
        </extensions>
      </trkpt>
      <trkpt lat="30.44167899526655673980712890625" lon="120.26024515740573406219482421875">
        <ele>6.80000019073486328125</ele>
        <time>2025-03-21T13:42:09.000Z</time>
        <extensions>
          <ns3:TrackPointExtension>
            <ns3:hr>162</ns3:hr>
            <ns3:cad>90</ns3:cad>
          </ns3:TrackPointExtension>
        </extensions>
      </trkpt>
      <trkpt lat="30.441693328320980072021484375" lon="120.26022956706583499908447265625">
        <ele>6.80000019073486328125</ele>
        <time>2025-03-21T13:42:10.000Z</time>
        <extensions>
          <ns3:TrackPointExtension>
            <ns3:hr>163</ns3:hr>
            <ns3:cad>90</ns3:cad>
          </ns3:TrackPointExtension>
        </extensions>
      </trkpt>
      <trkpt lat="30.441707409918308258056640625" lon="120.26021364144980907440185546875">
        <ele>6.80000019073486328125</ele>
        <time>2025-03-21T13:42:11.000Z</time>
        <extensions>
          <ns3:TrackPointExtension>
            <ns3:hr>164</ns3:hr>
            <ns3:cad>90</ns3:cad>
          </ns3:TrackPointExtension>
        </extensions>
      </trkpt>
      <trkpt lat="30.44172425754368305206298828125" lon="120.26020207442343235015869140625">
        <ele>6.599999904632568359375</ele>
        <time>2025-03-21T13:42:12.000Z</time>
        <extensions>
          <ns3:TrackPointExtension>
            <ns3:hr>164</ns3:hr>
            <ns3:cad>90</ns3:cad>
          </ns3:TrackPointExtension>
        </extensions>
      </trkpt>
      <trkpt lat="30.44173666276037693023681640625" lon="120.26019453071057796478271484375">
        <ele>6.599999904632568359375</ele>
        <time>2025-03-21T13:42:13.000Z</time>
        <extensions>
          <ns3:TrackPointExtension>
            <ns3:hr>165</ns3:hr>
            <ns3:cad>90</ns3:cad>
          </ns3:TrackPointExtension>
        </extensions>
      </trkpt>
      <trkpt lat="30.44175468385219573974609375" lon="120.26018531061708927154541015625">
        <ele>6.599999904632568359375</ele>
        <time>2025-03-21T13:42:14.000Z</time>
        <extensions>
          <ns3:TrackPointExtension>
            <ns3:hr>165</ns3:hr>
            <ns3:cad>90</ns3:cad>
          </ns3:TrackPointExtension>
        </extensions>
      </trkpt>
      <trkpt lat="30.4417727887630462646484375" lon="120.2601773478090763092041015625">
        <ele>6.400000095367431640625</ele>
        <time>2025-03-21T13:42:15.000Z</time>
        <extensions>
          <ns3:TrackPointExtension>
            <ns3:hr>166</ns3:hr>
            <ns3:cad>90</ns3:cad>
          </ns3:TrackPointExtension>
        </extensions>
      </trkpt>
      <trkpt lat="30.44179516844451427459716796875" lon="120.26016754098236560821533203125">
        <ele>6.400000095367431640625</ele>
        <time>2025-03-21T13:42:16.000Z</time>
        <extensions>
          <ns3:TrackPointExtension>
            <ns3:hr>166</ns3:hr>
            <ns3:cad>0</ns3:cad>
          </ns3:TrackPointExtension>
        </extensions>
      </trkpt>
      <trkpt lat="30.441814027726650238037109375" lon="120.26015932671725749969482421875">
        <ele>6.19999980926513671875</ele>
        <time>2025-03-21T13:42:17.000Z</time>
        <extensions>
          <ns3:TrackPointExtension>
            <ns3:hr>165</ns3:hr>
            <ns3:cad>0</ns3:cad>
          </ns3:TrackPointExtension>
        </extensions>
      </trkpt>
      <trkpt lat="30.44183657504618167877197265625" lon="120.2601424790918827056884765625">
        <ele>6</ele>
        <time>2025-03-21T13:42:18.000Z</time>
        <extensions>
          <ns3:TrackPointExtension>
            <ns3:hr>166</ns3:hr>
            <ns3:cad>83</ns3:cad>
          </ns3:TrackPointExtension>
        </extensions>
      </trkpt>
      <trkpt lat="30.44185836799442768096923828125" lon="120.2601290680468082427978515625">
        <ele>6</ele>
        <time>2025-03-21T13:42:19.000Z</time>
        <extensions>
          <ns3:TrackPointExtension>
            <ns3:hr>165</ns3:hr>
            <ns3:cad>85</ns3:cad>
          </ns3:TrackPointExtension>
        </extensions>
      </trkpt>
      <trkpt lat="30.44188435189425945281982421875" lon="120.2601143158972263336181640625">
        <ele>5.80000019073486328125</ele>
        <time>2025-03-21T13:42:20.000Z</time>
        <extensions>
          <ns3:TrackPointExtension>
            <ns3:hr>165</ns3:hr>
            <ns3:cad>86</ns3:cad>
          </ns3:TrackPointExtension>
        </extensions>
      </trkpt>
      <trkpt lat="30.44190832413733005523681640625" lon="120.26010165922343730926513671875">
        <ele>5.599999904632568359375</ele>
        <time>2025-03-21T13:42:21.000Z</time>
        <extensions>
          <ns3:TrackPointExtension>
            <ns3:hr>165</ns3:hr>
            <ns3:cad>87</ns3:cad>
          </ns3:TrackPointExtension>
        </extensions>
      </trkpt>
      <trkpt lat="30.44193346984684467315673828125" lon="120.2600879967212677001953125">
        <ele>5.599999904632568359375</ele>
        <time>2025-03-21T13:42:22.000Z</time>
        <extensions>
          <ns3:TrackPointExtension>
            <ns3:hr>165</ns3:hr>
            <ns3:cad>88</ns3:cad>
          </ns3:TrackPointExtension>
        </extensions>
      </trkpt>
      <trkpt lat="30.44195777736604213714599609375" lon="120.26007525622844696044921875">
        <ele>5.400000095367431640625</ele>
        <time>2025-03-21T13:42:23.000Z</time>
        <extensions>
          <ns3:TrackPointExtension>
            <ns3:hr>165</ns3:hr>
            <ns3:cad>88</ns3:cad>
          </ns3:TrackPointExtension>
        </extensions>
      </trkpt>
      <trkpt lat="30.44198426418006420135498046875" lon="120.26005916297435760498046875">
        <ele>5.19999980926513671875</ele>
        <time>2025-03-21T13:42:24.000Z</time>
        <extensions>
          <ns3:TrackPointExtension>
            <ns3:hr>165</ns3:hr>
            <ns3:cad>89</ns3:cad>
          </ns3:TrackPointExtension>
        </extensions>
      </trkpt>
      <trkpt lat="30.442002117633819580078125" lon="120.26004952378571033477783203125">
        <ele>5.19999980926513671875</ele>
        <time>2025-03-21T13:42:25.000Z</time>
        <extensions>
          <ns3:TrackPointExtension>
            <ns3:hr>165</ns3:hr>
            <ns3:cad>89</ns3:cad>
          </ns3:TrackPointExtension>
        </extensions>
      </trkpt>
      <trkpt lat="30.4420254193246364593505859375" lon="120.260035693645477294921875">
        <ele>5</ele>
        <time>2025-03-21T13:42:26.000Z</time>
        <extensions>
          <ns3:TrackPointExtension>
            <ns3:hr>164</ns3:hr>
            <ns3:cad>89</ns3:cad>
          </ns3:TrackPointExtension>
        </extensions>
      </trkpt>
      <trkpt lat="30.44204964302480220794677734375" lon="120.2600237913429737091064453125">
        <ele>4.80000019073486328125</ele>
        <time>2025-03-21T13:42:27.000Z</time>
        <extensions>
          <ns3:TrackPointExtension>
            <ns3:hr>164</ns3:hr>
            <ns3:cad>90</ns3:cad>
          </ns3:TrackPointExtension>
        </extensions>
      </trkpt>
      <trkpt lat="30.44206808321177959442138671875" lon="120.2600097097456455230712890625">
        <ele>4.80000019073486328125</ele>
        <time>2025-03-21T13:42:28.000Z</time>
        <extensions>
          <ns3:TrackPointExtension>
            <ns3:hr>164</ns3:hr>
            <ns3:cad>90</ns3:cad>
          </ns3:TrackPointExtension>
        </extensions>
      </trkpt>
      <trkpt lat="30.44209691695868968963623046875" lon="120.25999085046350955963134765625">
        <ele>4.599999904632568359375</ele>
        <time>2025-03-21T13:42:29.000Z</time>
        <extensions>
          <ns3:TrackPointExtension>
            <ns3:hr>164</ns3:hr>
            <ns3:cad>90</ns3:cad>
          </ns3:TrackPointExtension>
        </extensions>
      </trkpt>
      <trkpt lat="30.44212793000042438507080078125" lon="120.2599718235433101654052734375">
        <ele>4.400000095367431640625</ele>
        <time>2025-03-21T13:42:30.000Z</time>
        <extensions>
          <ns3:TrackPointExtension>
            <ns3:hr>164</ns3:hr>
            <ns3:cad>90</ns3:cad>
          </ns3:TrackPointExtension>
        </extensions>
      </trkpt>
      <trkpt lat="30.4421538300812244415283203125" lon="120.259955227375030517578125">
        <ele>4.19999980926513671875</ele>
        <time>2025-03-21T13:42:31.000Z</time>
        <extensions>
          <ns3:TrackPointExtension>
            <ns3:hr>164</ns3:hr>
            <ns3:cad>91</ns3:cad>
          </ns3:TrackPointExtension>
        </extensions>
      </trkpt>
      <trkpt lat="30.44217587448656558990478515625" lon="120.25994039140641689300537109375">
        <ele>4.19999980926513671875</ele>
        <time>2025-03-21T13:42:32.000Z</time>
        <extensions>
          <ns3:TrackPointExtension>
            <ns3:hr>164</ns3:hr>
            <ns3:cad>91</ns3:cad>
          </ns3:TrackPointExtension>
        </extensions>
      </trkpt>
      <trkpt lat="30.4422046244144439697265625" lon="120.25992228649556636810302734375">
        <ele>4.19999980926513671875</ele>
        <time>2025-03-21T13:42:33.000Z</time>
        <extensions>
          <ns3:TrackPointExtension>
            <ns3:hr>164</ns3:hr>
            <ns3:cad>90</ns3:cad>
          </ns3:TrackPointExtension>
        </extensions>
      </trkpt>
      <trkpt lat="30.4422316141426563262939453125" lon="120.2599057741463184356689453125">
        <ele>4.19999980926513671875</ele>
        <time>2025-03-21T13:42:34.000Z</time>
        <extensions>
          <ns3:TrackPointExtension>
            <ns3:hr>165</ns3:hr>
            <ns3:cad>90</ns3:cad>
          </ns3:TrackPointExtension>
        </extensions>
      </trkpt>
      <trkpt lat="30.44225634075701236724853515625" lon="120.259886495769023895263671875">
        <ele>4.19999980926513671875</ele>
        <time>2025-03-21T13:42:35.000Z</time>
        <extensions>
          <ns3:TrackPointExtension>
            <ns3:hr>165</ns3:hr>
            <ns3:cad>90</ns3:cad>
          </ns3:TrackPointExtension>
        </extensions>
      </trkpt>
      <trkpt lat="30.44227729551494121551513671875" lon="120.2598692290484905242919921875">
        <ele>4.400000095367431640625</ele>
        <time>2025-03-21T13:42:36.000Z</time>
        <extensions>
          <ns3:TrackPointExtension>
            <ns3:hr>165</ns3:hr>
            <ns3:cad>90</ns3:cad>
          </ns3:TrackPointExtension>
        </extensions>
      </trkpt>
      <trkpt lat="30.4422979988157749176025390625" lon="120.25985389016568660736083984375">
        <ele>4.400000095367431640625</ele>
        <time>2025-03-21T13:42:37.000Z</time>
        <extensions>
          <ns3:TrackPointExtension>
            <ns3:hr>165</ns3:hr>
            <ns3:cad>90</ns3:cad>
          </ns3:TrackPointExtension>
        </extensions>
      </trkpt>
      <trkpt lat="30.442318953573703765869140625" lon="120.2598403953015804290771484375">
        <ele>4.400000095367431640625</ele>
        <time>2025-03-21T13:42:38.000Z</time>
        <extensions>
          <ns3:TrackPointExtension>
            <ns3:hr>166</ns3:hr>
            <ns3:cad>90</ns3:cad>
          </ns3:TrackPointExtension>
        </extensions>
      </trkpt>
      <trkpt lat="30.44233898632228374481201171875" lon="120.2598246373236179351806640625">
        <ele>4.599999904632568359375</ele>
        <time>2025-03-21T13:42:39.000Z</time>
        <extensions>
          <ns3:TrackPointExtension>
            <ns3:hr>166</ns3:hr>
            <ns3:cad>91</ns3:cad>
          </ns3:TrackPointExtension>
        </extensions>
      </trkpt>
      <trkpt lat="30.44235591776669025421142578125" lon="120.25981047190725803375244140625">
        <ele>4.599999904632568359375</ele>
        <time>2025-03-21T13:42:40.000Z</time>
        <extensions>
          <ns3:TrackPointExtension>
            <ns3:hr>166</ns3:hr>
            <ns3:cad>92</ns3:cad>
          </ns3:TrackPointExtension>
        </extensions>
      </trkpt>
      <trkpt lat="30.44238290749490261077880859375" lon="120.259791277348995208740234375">
        <ele>4.400000095367431640625</ele>
        <time>2025-03-21T13:42:41.000Z</time>
        <extensions>
          <ns3:TrackPointExtension>
            <ns3:hr>167</ns3:hr>
            <ns3:cad>92</ns3:cad>
          </ns3:TrackPointExtension>
        </extensions>
      </trkpt>
      <trkpt lat="30.44240553863346576690673828125" lon="120.25977484881877899169921875">
        <ele>4.19999980926513671875</ele>
        <time>2025-03-21T13:42:42.000Z</time>
        <extensions>
          <ns3:TrackPointExtension>
            <ns3:hr>167</ns3:hr>
            <ns3:cad>92</ns3:cad>
          </ns3:TrackPointExtension>
        </extensions>
      </trkpt>
      <trkpt lat="30.44242599047720432281494140625" lon="120.25975699536502361297607421875">
        <ele>4</ele>
        <time>2025-03-21T13:42:43.000Z</time>
        <extensions>
          <ns3:TrackPointExtension>
            <ns3:hr>167</ns3:hr>
            <ns3:cad>92</ns3:cad>
          </ns3:TrackPointExtension>
        </extensions>
      </trkpt>
      <trkpt lat="30.44244778342545032501220703125" lon="120.259740650653839111328125">
        <ele>3.7999999523162841796875</ele>
        <time>2025-03-21T13:42:44.000Z</time>
        <extensions>
          <ns3:TrackPointExtension>
            <ns3:hr>167</ns3:hr>
            <ns3:cad>92</ns3:cad>
          </ns3:TrackPointExtension>
        </extensions>
      </trkpt>
      <trkpt lat="30.44247108511626720428466796875" lon="120.25972363539040088653564453125">
        <ele>3.599999904632568359375</ele>
        <time>2025-03-21T13:42:45.000Z</time>
        <extensions>
          <ns3:TrackPointExtension>
            <ns3:hr>167</ns3:hr>
            <ns3:cad>90</ns3:cad>
          </ns3:TrackPointExtension>
        </extensions>
      </trkpt>
      <trkpt lat="30.4424968175590038299560546875" lon="120.25970838032662868499755859375">
        <ele>3.599999904632568359375</ele>
        <time>2025-03-21T13:42:46.000Z</time>
        <extensions>
          <ns3:TrackPointExtension>
            <ns3:hr>167</ns3:hr>
            <ns3:cad>90</ns3:cad>
          </ns3:TrackPointExtension>
        </extensions>
      </trkpt>
      <trkpt lat="30.44252716004848480224609375" lon="120.25969211943447589874267578125">
        <ele>3.599999904632568359375</ele>
        <time>2025-03-21T13:42:47.000Z</time>
        <extensions>
          <ns3:TrackPointExtension>
            <ns3:hr>168</ns3:hr>
            <ns3:cad>90</ns3:cad>
          </ns3:TrackPointExtension>
        </extensions>
      </trkpt>
      <trkpt lat="30.44254853390157222747802734375" lon="120.25967703200876712799072265625">
        <ele>3.7999999523162841796875</ele>
        <time>2025-03-21T13:42:48.000Z</time>
        <extensions>
          <ns3:TrackPointExtension>
            <ns3:hr>168</ns3:hr>
            <ns3:cad>91</ns3:cad>
          </ns3:TrackPointExtension>
        </extensions>
      </trkpt>
      <trkpt lat="30.44257502071559429168701171875" lon="120.2596620284020900726318359375">
        <ele>3.7999999523162841796875</ele>
        <time>2025-03-21T13:42:49.000Z</time>
        <extensions>
          <ns3:TrackPointExtension>
            <ns3:hr>168</ns3:hr>
            <ns3:cad>91</ns3:cad>
          </ns3:TrackPointExtension>
        </extensions>
      </trkpt>
      <trkpt lat="30.44259983114898204803466796875" lon="120.259650461375713348388671875">
        <ele>4</ele>
        <time>2025-03-21T13:42:50.000Z</time>
        <extensions>
          <ns3:TrackPointExtension>
            <ns3:hr>168</ns3:hr>
            <ns3:cad>91</ns3:cad>
          </ns3:TrackPointExtension>
        </extensions>
      </trkpt>
      <trkpt lat="30.4426275752484798431396484375" lon="120.259635038673877716064453125">
        <ele>4.19999980926513671875</ele>
        <time>2025-03-21T13:42:51.000Z</time>
        <extensions>
          <ns3:TrackPointExtension>
            <ns3:hr>168</ns3:hr>
            <ns3:cad>92</ns3:cad>
          </ns3:TrackPointExtension>
        </extensions>
      </trkpt>
      <trkpt lat="30.44265297241508960723876953125" lon="120.25961936451494693756103515625">
        <ele>4.400000095367431640625</ele>
        <time>2025-03-21T13:42:52.000Z</time>
        <extensions>
          <ns3:TrackPointExtension>
            <ns3:hr>168</ns3:hr>
            <ns3:cad>92</ns3:cad>
          </ns3:TrackPointExtension>
        </extensions>
      </trkpt>
      <trkpt lat="30.44268230907618999481201171875" lon="120.25960545055568218231201171875">
        <ele>4.599999904632568359375</ele>
        <time>2025-03-21T13:42:53.000Z</time>
        <extensions>
          <ns3:TrackPointExtension>
            <ns3:hr>168</ns3:hr>
            <ns3:cad>92</ns3:cad>
          </ns3:TrackPointExtension>
        </extensions>
      </trkpt>
      <trkpt lat="30.44271063990890979766845703125" lon="120.2595919556915760040283203125">
        <ele>5</ele>
        <time>2025-03-21T13:42:54.000Z</time>
        <extensions>
          <ns3:TrackPointExtension>
            <ns3:hr>167</ns3:hr>
            <ns3:cad>92</ns3:cad>
          </ns3:TrackPointExtension>
        </extensions>
      </trkpt>
      <trkpt lat="30.44274148531258106231689453125" lon="120.25957678444683551788330078125">
        <ele>5.19999980926513671875</ele>
        <time>2025-03-21T13:42:55.000Z</time>
        <extensions>
          <ns3:TrackPointExtension>
            <ns3:hr>168</ns3:hr>
            <ns3:cad>92</ns3:cad>
          </ns3:TrackPointExtension>
        </extensions>
      </trkpt>
      <trkpt lat="30.4427657090127468109130859375" lon="120.259558260440826416015625">
        <ele>5.400000095367431640625</ele>
        <time>2025-03-21T13:42:56.000Z</time>
        <extensions>
          <ns3:TrackPointExtension>
            <ns3:hr>167</ns3:hr>
            <ns3:cad>92</ns3:cad>
          </ns3:TrackPointExtension>
        </extensions>
      </trkpt>
      <trkpt lat="30.4427982307970523834228515625" lon="120.25954015552997589111328125">
        <ele>5.599999904632568359375</ele>
        <time>2025-03-21T13:42:57.000Z</time>
        <extensions>
          <ns3:TrackPointExtension>
            <ns3:hr>167</ns3:hr>
            <ns3:cad>92</ns3:cad>
          </ns3:TrackPointExtension>
        </extensions>
      </trkpt>
      <trkpt lat="30.4428300820291042327880859375" lon="120.25952213443815708160400390625">
        <ele>5.80000019073486328125</ele>
        <time>2025-03-21T13:42:58.000Z</time>
        <extensions>
          <ns3:TrackPointExtension>
            <ns3:hr>167</ns3:hr>
            <ns3:cad>92</ns3:cad>
          </ns3:TrackPointExtension>
        </extensions>
      </trkpt>
      <trkpt lat="30.44285430572926998138427734375" lon="120.25950721465051174163818359375">
        <ele>5.80000019073486328125</ele>
        <time>2025-03-21T13:42:59.000Z</time>
        <extensions>
          <ns3:TrackPointExtension>
            <ns3:hr>167</ns3:hr>
            <ns3:cad>92</ns3:cad>
          </ns3:TrackPointExtension>
        </extensions>
      </trkpt>
      <trkpt lat="30.4428830556571483612060546875" lon="120.25949162431061267852783203125">
        <ele>6</ele>
        <time>2025-03-21T13:43:00.000Z</time>
        <extensions>
          <ns3:TrackPointExtension>
            <ns3:hr>167</ns3:hr>
            <ns3:cad>92</ns3:cad>
          </ns3:TrackPointExtension>
        </extensions>
      </trkpt>
      <trkpt lat="30.44291046448051929473876953125" lon="120.2594766207039356231689453125">
        <ele>6.19999980926513671875</ele>
        <time>2025-03-21T13:43:01.000Z</time>
        <extensions>
          <ns3:TrackPointExtension>
            <ns3:hr>167</ns3:hr>
            <ns3:cad>92</ns3:cad>
          </ns3:TrackPointExtension>
        </extensions>
      </trkpt>
      <trkpt lat="30.442928485572338104248046875" lon="120.25946111418306827545166015625">
        <ele>6.400000095367431640625</ele>
        <time>2025-03-21T13:43:02.000Z</time>
        <extensions>
          <ns3:TrackPointExtension>
            <ns3:hr>167</ns3:hr>
            <ns3:cad>92</ns3:cad>
          </ns3:TrackPointExtension>
        </extensions>
      </trkpt>
      <trkpt lat="30.4429507814347743988037109375" lon="120.25944359600543975830078125">
        <ele>6.400000095367431640625</ele>
        <time>2025-03-21T13:43:03.000Z</time>
        <extensions>
          <ns3:TrackPointExtension>
            <ns3:hr>168</ns3:hr>
            <ns3:cad>94</ns3:cad>
          </ns3:TrackPointExtension>
        </extensions>
      </trkpt>
      <trkpt lat="30.4429771006107330322265625" lon="120.2594249881803989410400390625">
        <ele>6.599999904632568359375</ele>
        <time>2025-03-21T13:43:04.000Z</time>
        <extensions>
          <ns3:TrackPointExtension>
            <ns3:hr>168</ns3:hr>
            <ns3:cad>94</ns3:cad>
          </ns3:TrackPointExtension>
        </extensions>
      </trkpt>
      <trkpt lat="30.44300149194896221160888671875" lon="120.25940872728824615478515625">
        <ele>6.80000019073486328125</ele>
        <time>2025-03-21T13:43:05.000Z</time>
        <extensions>
          <ns3:TrackPointExtension>
            <ns3:hr>168</ns3:hr>
            <ns3:cad>92</ns3:cad>
          </ns3:TrackPointExtension>
        </extensions>
      </trkpt>
      <trkpt lat="30.4430289007723331451416015625" lon="120.259391963481903076171875">
        <ele>6.80000019073486328125</ele>
        <time>2025-03-21T13:43:06.000Z</time>
        <extensions>
          <ns3:TrackPointExtension>
            <ns3:hr>168</ns3:hr>
            <ns3:cad>92</ns3:cad>
          </ns3:TrackPointExtension>
        </extensions>
      </trkpt>
      <trkpt lat="30.44305614195764064788818359375" lon="120.25937461294233798980712890625">
        <ele>6.80000019073486328125</ele>
        <time>2025-03-21T13:43:07.000Z</time>
        <extensions>
          <ns3:TrackPointExtension>
            <ns3:hr>168</ns3:hr>
            <ns3:cad>92</ns3:cad>
          </ns3:TrackPointExtension>
        </extensions>
      </trkpt>
      <trkpt lat="30.44308262877166271209716796875" lon="120.2593602798879146575927734375">
        <ele>6.80000019073486328125</ele>
        <time>2025-03-21T13:43:08.000Z</time>
        <extensions>
          <ns3:TrackPointExtension>
            <ns3:hr>168</ns3:hr>
            <ns3:cad>94</ns3:cad>
          </ns3:TrackPointExtension>
        </extensions>
      </trkpt>
      <trkpt lat="30.4431100375950336456298828125" lon="120.25934527628123760223388671875">
        <ele>6.80000019073486328125</ele>
        <time>2025-03-21T13:43:09.000Z</time>
        <extensions>
          <ns3:TrackPointExtension>
            <ns3:hr>168</ns3:hr>
            <ns3:cad>94</ns3:cad>
          </ns3:TrackPointExtension>
        </extensions>
      </trkpt>
      <trkpt lat="30.44313694350421428680419921875" lon="120.25932691991329193115234375">
        <ele>6.599999904632568359375</ele>
        <time>2025-03-21T13:43:10.000Z</time>
        <extensions>
          <ns3:TrackPointExtension>
            <ns3:hr>169</ns3:hr>
            <ns3:cad>94</ns3:cad>
          </ns3:TrackPointExtension>
        </extensions>
      </trkpt>
      <trkpt lat="30.44316309504210948944091796875" lon="120.2593130059540271759033203125">
        <ele>6.599999904632568359375</ele>
        <time>2025-03-21T13:43:11.000Z</time>
        <extensions>
          <ns3:TrackPointExtension>
            <ns3:hr>169</ns3:hr>
            <ns3:cad>94</ns3:cad>
          </ns3:TrackPointExtension>
        </extensions>
      </trkpt>
      <trkpt lat="30.4431884922087192535400390625" lon="120.2592952363193035125732421875">
        <ele>6.599999904632568359375</ele>
        <time>2025-03-21T13:43:12.000Z</time>
        <extensions>
          <ns3:TrackPointExtension>
            <ns3:hr>169</ns3:hr>
            <ns3:cad>94</ns3:cad>
          </ns3:TrackPointExtension>
        </extensions>
      </trkpt>
      <trkpt lat="30.4432117938995361328125" lon="120.2592779695987701416015625">
        <ele>6.599999904632568359375</ele>
        <time>2025-03-21T13:43:13.000Z</time>
        <extensions>
          <ns3:TrackPointExtension>
            <ns3:hr>169</ns3:hr>
            <ns3:cad>94</ns3:cad>
          </ns3:TrackPointExtension>
        </extensions>
      </trkpt>
      <trkpt lat="30.44323937036097049713134765625" lon="120.25926112197339534759521484375">
        <ele>6.400000095367431640625</ele>
        <time>2025-03-21T13:43:14.000Z</time>
        <extensions>
          <ns3:TrackPointExtension>
            <ns3:hr>170</ns3:hr>
            <ns3:cad>94</ns3:cad>
          </ns3:TrackPointExtension>
        </extensions>
      </trkpt>
      <trkpt lat="30.44326116330921649932861328125" lon="120.25924787856638431549072265625">
        <ele>6.19999980926513671875</ele>
        <time>2025-03-21T13:43:15.000Z</time>
        <extensions>
          <ns3:TrackPointExtension>
            <ns3:hr>170</ns3:hr>
            <ns3:cad>95</ns3:cad>
          </ns3:TrackPointExtension>
        </extensions>
      </trkpt>
      <trkpt lat="30.44328488409519195556640625" lon="120.25923463515937328338623046875">
        <ele>6</ele>
        <time>2025-03-21T13:43:16.000Z</time>
        <extensions>
          <ns3:TrackPointExtension>
            <ns3:hr>171</ns3:hr>
            <ns3:cad>95</ns3:cad>
          </ns3:TrackPointExtension>
        </extensions>
      </trkpt>
      <trkpt lat="30.44330977834761142730712890625" lon="120.2592216432094573974609375">
        <ele>6</ele>
        <time>2025-03-21T13:43:17.000Z</time>
        <extensions>
          <ns3:TrackPointExtension>
            <ns3:hr>171</ns3:hr>
            <ns3:cad>95</ns3:cad>
          </ns3:TrackPointExtension>
        </extensions>
      </trkpt>
      <trkpt lat="30.44333492405712604522705078125" lon="120.25920764543116092681884765625">
        <ele>5.80000019073486328125</ele>
        <time>2025-03-21T13:43:18.000Z</time>
        <extensions>
          <ns3:TrackPointExtension>
            <ns3:hr>171</ns3:hr>
            <ns3:cad>95</ns3:cad>
          </ns3:TrackPointExtension>
        </extensions>
      </trkpt>
      <trkpt lat="30.44336157850921154022216796875" lon="120.25919104926288127899169921875">
        <ele>5.599999904632568359375</ele>
        <time>2025-03-21T13:43:19.000Z</time>
        <extensions>
          <ns3:TrackPointExtension>
            <ns3:hr>171</ns3:hr>
            <ns3:cad>94</ns3:cad>
          </ns3:TrackPointExtension>
        </extensions>
      </trkpt>
      <trkpt lat="30.44338387437164783477783203125" lon="120.25917797349393367767333984375">
        <ele>5.400000095367431640625</ele>
        <time>2025-03-21T13:43:20.000Z</time>
        <extensions>
          <ns3:TrackPointExtension>
            <ns3:hr>171</ns3:hr>
            <ns3:cad>94</ns3:cad>
          </ns3:TrackPointExtension>
        </extensions>
      </trkpt>
      <trkpt lat="30.44340985827147960662841796875" lon="120.2591644786298274993896484375">
        <ele>5.19999980926513671875</ele>
        <time>2025-03-21T13:43:21.000Z</time>
        <extensions>
          <ns3:TrackPointExtension>
            <ns3:hr>171</ns3:hr>
            <ns3:cad>94</ns3:cad>
          </ns3:TrackPointExtension>
        </extensions>
      </trkpt>
      <trkpt lat="30.44343500398099422454833984375" lon="120.25914997793734073638916015625">
        <ele>5.19999980926513671875</ele>
        <time>2025-03-21T13:43:22.000Z</time>
        <extensions>
          <ns3:TrackPointExtension>
            <ns3:hr>171</ns3:hr>
            <ns3:cad>94</ns3:cad>
          </ns3:TrackPointExtension>
        </extensions>
      </trkpt>
      <trkpt lat="30.44346014969050884246826171875" lon="120.25913556106388568878173828125">
        <ele>5.19999980926513671875</ele>
        <time>2025-03-21T13:43:23.000Z</time>
        <extensions>
          <ns3:TrackPointExtension>
            <ns3:hr>171</ns3:hr>
            <ns3:cad>94</ns3:cad>
          </ns3:TrackPointExtension>
        </extensions>
      </trkpt>
      <trkpt lat="30.44348780997097492218017578125" lon="120.2591188810765743255615234375">
        <ele>5.19999980926513671875</ele>
        <time>2025-03-21T13:43:24.000Z</time>
        <extensions>
          <ns3:TrackPointExtension>
            <ns3:hr>171</ns3:hr>
            <ns3:cad>95</ns3:cad>
          </ns3:TrackPointExtension>
        </extensions>
      </trkpt>
      <trkpt lat="30.4435214214026927947998046875" lon="120.2591001056134700775146484375">
        <ele>5.19999980926513671875</ele>
        <time>2025-03-21T13:43:25.000Z</time>
        <extensions>
          <ns3:TrackPointExtension>
            <ns3:hr>171</ns3:hr>
            <ns3:cad>95</ns3:cad>
          </ns3:TrackPointExtension>
        </extensions>
      </trkpt>
      <trkpt lat="30.44355184771120548248291015625" lon="120.259080827236175537109375">
        <ele>5</ele>
        <time>2025-03-21T13:43:26.000Z</time>
        <extensions>
          <ns3:TrackPointExtension>
            <ns3:hr>171</ns3:hr>
            <ns3:cad>95</ns3:cad>
          </ns3:TrackPointExtension>
        </extensions>
      </trkpt>
      <trkpt lat="30.443578250706195831298828125" lon="120.2590622194111347198486328125">
        <ele>5</ele>
        <time>2025-03-21T13:43:27.000Z</time>
        <extensions>
          <ns3:TrackPointExtension>
            <ns3:hr>171</ns3:hr>
            <ns3:cad>95</ns3:cad>
          </ns3:TrackPointExtension>
        </extensions>
      </trkpt>
      <trkpt lat="30.443603061139583587646484375" lon="120.2590461261570453643798828125">
        <ele>5.19999980926513671875</ele>
        <time>2025-03-21T13:43:28.000Z</time>
        <extensions>
          <ns3:TrackPointExtension>
            <ns3:hr>171</ns3:hr>
            <ns3:cad>95</ns3:cad>
          </ns3:TrackPointExtension>
        </extensions>
      </trkpt>
      <trkpt lat="30.44363558292388916015625" lon="120.25902709923684597015380859375">
        <ele>5.400000095367431640625</ele>
        <time>2025-03-21T13:43:29.000Z</time>
        <extensions>
          <ns3:TrackPointExtension>
            <ns3:hr>171</ns3:hr>
            <ns3:cad>97</ns3:cad>
          </ns3:TrackPointExtension>
        </extensions>
      </trkpt>
      <trkpt lat="30.44366776943206787109375" lon="120.2590092457830905914306640625">
        <ele>5.599999904632568359375</ele>
        <time>2025-03-21T13:43:30.000Z</time>
        <extensions>
          <ns3:TrackPointExtension>
            <ns3:hr>171</ns3:hr>
            <ns3:cad>97</ns3:cad>
          </ns3:TrackPointExtension>
        </extensions>
      </trkpt>
      <trkpt lat="30.4436937533318996429443359375" lon="120.258992649614810943603515625">
        <ele>5.80000019073486328125</ele>
        <time>2025-03-21T13:43:31.000Z</time>
        <extensions>
          <ns3:TrackPointExtension>
            <ns3:hr>172</ns3:hr>
            <ns3:cad>97</ns3:cad>
          </ns3:TrackPointExtension>
        </extensions>
      </trkpt>
      <trkpt lat="30.4437245987355709075927734375" lon="120.2589733712375164031982421875">
        <ele>6</ele>
        <time>2025-03-21T13:43:32.000Z</time>
        <extensions>
          <ns3:TrackPointExtension>
            <ns3:hr>173</ns3:hr>
            <ns3:cad>97</ns3:cad>
          </ns3:TrackPointExtension>
        </extensions>
      </trkpt>
      <trkpt lat="30.44376072473824024200439453125" lon="120.2589515782892704010009765625">
        <ele>6.19999980926513671875</ele>
        <time>2025-03-21T13:43:33.000Z</time>
        <extensions>
          <ns3:TrackPointExtension>
            <ns3:hr>173</ns3:hr>
            <ns3:cad>97</ns3:cad>
          </ns3:TrackPointExtension>
        </extensions>
      </trkpt>
      <trkpt lat="30.44379274360835552215576171875" lon="120.25893263518810272216796875">
        <ele>6.400000095367431640625</ele>
        <time>2025-03-21T13:43:34.000Z</time>
        <extensions>
          <ns3:TrackPointExtension>
            <ns3:hr>173</ns3:hr>
            <ns3:cad>97</ns3:cad>
          </ns3:TrackPointExtension>
        </extensions>
      </trkpt>
      <trkpt lat="30.4438271932303905487060546875" lon="120.25891360826790332794189453125">
        <ele>6.599999904632568359375</ele>
        <time>2025-03-21T13:43:35.000Z</time>
        <extensions>
          <ns3:TrackPointExtension>
            <ns3:hr>173</ns3:hr>
            <ns3:cad>97</ns3:cad>
          </ns3:TrackPointExtension>
        </extensions>
      </trkpt>
      <trkpt lat="30.44386398978531360626220703125" lon="120.25889634154736995697021484375">
        <ele>6.80000019073486328125</ele>
        <time>2025-03-21T13:43:36.000Z</time>
        <extensions>
          <ns3:TrackPointExtension>
            <ns3:hr>173</ns3:hr>
            <ns3:cad>100</ns3:cad>
          </ns3:TrackPointExtension>
        </extensions>
      </trkpt>
      <trkpt lat="30.44390355236828327178955078125" lon="120.25887538678944110870361328125">
        <ele>7</ele>
        <time>2025-03-21T13:43:37.000Z</time>
        <extensions>
          <ns3:TrackPointExtension>
            <ns3:hr>173</ns3:hr>
            <ns3:cad>100</ns3:cad>
          </ns3:TrackPointExtension>
        </extensions>
      </trkpt>
      <trkpt lat="30.4439321346580982208251953125" lon="120.25885929353535175323486328125">
        <ele>7</ele>
        <time>2025-03-21T13:43:38.000Z</time>
        <extensions>
          <ns3:TrackPointExtension>
            <ns3:hr>173</ns3:hr>
            <ns3:cad>100</ns3:cad>
          </ns3:TrackPointExtension>
        </extensions>
      </trkpt>
      <trkpt lat="30.44396021403372287750244140625" lon="120.2588446252048015594482421875">
        <ele>7.19999980926513671875</ele>
        <time>2025-03-21T13:43:39.000Z</time>
        <extensions>
          <ns3:TrackPointExtension>
            <ns3:hr>173</ns3:hr>
            <ns3:cad>100</ns3:cad>
          </ns3:TrackPointExtension>
        </extensions>
      </trkpt>
      <trkpt lat="30.44398770667612552642822265625" lon="120.258827023208141326904296875">
        <ele>7.400000095367431640625</ele>
        <time>2025-03-21T13:43:40.000Z</time>
        <extensions>
          <ns3:TrackPointExtension>
            <ns3:hr>173</ns3:hr>
            <ns3:cad>93</ns3:cad>
          </ns3:TrackPointExtension>
        </extensions>
      </trkpt>
      <trkpt lat="30.444016121327877044677734375" lon="120.25881352834403514862060546875">
        <ele>7.599999904632568359375</ele>
        <time>2025-03-21T13:43:41.000Z</time>
        <extensions>
          <ns3:TrackPointExtension>
            <ns3:hr>172</ns3:hr>
            <ns3:cad>93</ns3:cad>
          </ns3:TrackPointExtension>
        </extensions>
      </trkpt>
      <trkpt lat="30.4440474696457386016845703125" lon="120.2587978541851043701171875">
        <ele>7.80000019073486328125</ele>
        <time>2025-03-21T13:43:42.000Z</time>
        <extensions>
          <ns3:TrackPointExtension>
            <ns3:hr>173</ns3:hr>
            <ns3:cad>93</ns3:cad>
          </ns3:TrackPointExtension>
        </extensions>
      </trkpt>
      <trkpt lat="30.44408057816326618194580078125" lon="120.25878377258777618408203125">
        <ele>7.80000019073486328125</ele>
        <time>2025-03-21T13:43:43.000Z</time>
        <extensions>
          <ns3:TrackPointExtension>
            <ns3:hr>173</ns3:hr>
            <ns3:cad>93</ns3:cad>
          </ns3:TrackPointExtension>
        </extensions>
      </trkpt>
      <trkpt lat="30.4441094957292079925537109375" lon="120.25876893661916255950927734375">
        <ele>8</ele>
        <time>2025-03-21T13:43:44.000Z</time>
        <extensions>
          <ns3:TrackPointExtension>
            <ns3:hr>174</ns3:hr>
            <ns3:cad>93</ns3:cad>
          </ns3:TrackPointExtension>
        </extensions>
      </trkpt>
      <trkpt lat="30.444138161838054656982421875" lon="120.25875418446958065032958984375">
        <ele>8</ele>
        <time>2025-03-21T13:43:45.000Z</time>
        <extensions>
          <ns3:TrackPointExtension>
            <ns3:hr>174</ns3:hr>
            <ns3:cad>95</ns3:cad>
          </ns3:TrackPointExtension>
        </extensions>
      </trkpt>
      <trkpt lat="30.44416733086109161376953125" lon="120.258735828101634979248046875">
        <ele>7.80000019073486328125</ele>
        <time>2025-03-21T13:43:46.000Z</time>
        <extensions>
          <ns3:TrackPointExtension>
            <ns3:hr>174</ns3:hr>
            <ns3:cad>95</ns3:cad>
          </ns3:TrackPointExtension>
        </extensions>
      </trkpt>
      <trkpt lat="30.44419859535992145538330078125" lon="120.25871537625789642333984375">
        <ele>7.80000019073486328125</ele>
        <time>2025-03-21T13:43:47.000Z</time>
        <extensions>
          <ns3:TrackPointExtension>
            <ns3:hr>174</ns3:hr>
            <ns3:cad>95</ns3:cad>
          </ns3:TrackPointExtension>
        </extensions>
      </trkpt>
      <trkpt lat="30.444228686392307281494140625" lon="120.25869525969028472900390625">
        <ele>7.599999904632568359375</ele>
        <time>2025-03-21T13:43:48.000Z</time>
        <extensions>
          <ns3:TrackPointExtension>
            <ns3:hr>173</ns3:hr>
            <ns3:cad>94</ns3:cad>
          </ns3:TrackPointExtension>
        </extensions>
      </trkpt>
      <trkpt lat="30.4442576877772808074951171875" lon="120.2586776576936244964599609375">
        <ele>7.599999904632568359375</ele>
        <time>2025-03-21T13:43:49.000Z</time>
        <extensions>
          <ns3:TrackPointExtension>
            <ns3:hr>174</ns3:hr>
            <ns3:cad>94</ns3:cad>
          </ns3:TrackPointExtension>
        </extensions>
      </trkpt>
      <trkpt lat="30.444287359714508056640625" lon="120.25866181589663028717041015625">
        <ele>7.400000095367431640625</ele>
        <time>2025-03-21T13:43:50.000Z</time>
        <extensions>
          <ns3:TrackPointExtension>
            <ns3:hr>173</ns3:hr>
            <ns3:cad>95</ns3:cad>
          </ns3:TrackPointExtension>
        </extensions>
      </trkpt>
      <trkpt lat="30.44431577436625957489013671875" lon="120.258646644651889801025390625">
        <ele>7.400000095367431640625</ele>
        <time>2025-03-21T13:43:51.000Z</time>
        <extensions>
          <ns3:TrackPointExtension>
            <ns3:hr>173</ns3:hr>
            <ns3:cad>96</ns3:cad>
          </ns3:TrackPointExtension>
        </extensions>
      </trkpt>
      <trkpt lat="30.4443438537418842315673828125" lon="120.2586303837597370147705078125">
        <ele>7.19999980926513671875</ele>
        <time>2025-03-21T13:43:52.000Z</time>
        <extensions>
          <ns3:TrackPointExtension>
            <ns3:hr>173</ns3:hr>
            <ns3:cad>96</ns3:cad>
          </ns3:TrackPointExtension>
        </extensions>
      </trkpt>
      <trkpt lat="30.44437025673687458038330078125" lon="120.2586127817630767822265625">
        <ele>7.19999980926513671875</ele>
        <time>2025-03-21T13:43:53.000Z</time>
        <extensions>
          <ns3:TrackPointExtension>
            <ns3:hr>173</ns3:hr>
            <ns3:cad>96</ns3:cad>
          </ns3:TrackPointExtension>
        </extensions>
      </trkpt>
      <trkpt lat="30.44439288787543773651123046875" lon="120.25859593413770198822021484375">
        <ele>7</ele>
        <time>2025-03-21T13:43:54.000Z</time>
        <extensions>
          <ns3:TrackPointExtension>
            <ns3:hr>173</ns3:hr>
            <ns3:cad>96</ns3:cad>
          </ns3:TrackPointExtension>
        </extensions>
      </trkpt>
      <trkpt lat="30.4444229789078235626220703125" lon="120.2585810981690883636474609375">
        <ele>6.80000019073486328125</ele>
        <time>2025-03-21T13:43:55.000Z</time>
        <extensions>
          <ns3:TrackPointExtension>
            <ns3:hr>174</ns3:hr>
            <ns3:cad>96</ns3:cad>
          </ns3:TrackPointExtension>
        </extensions>
      </trkpt>
      <trkpt lat="30.4444561712443828582763671875" lon="120.258565507829189300537109375">
        <ele>6.599999904632568359375</ele>
        <time>2025-03-21T13:43:56.000Z</time>
        <extensions>
          <ns3:TrackPointExtension>
            <ns3:hr>174</ns3:hr>
            <ns3:cad>96</ns3:cad>
          </ns3:TrackPointExtension>
        </extensions>
      </trkpt>
      <trkpt lat="30.444488525390625" lon="120.25854866020381450653076171875">
        <ele>6.400000095367431640625</ele>
        <time>2025-03-21T13:43:57.000Z</time>
        <extensions>
          <ns3:TrackPointExtension>
            <ns3:hr>174</ns3:hr>
            <ns3:cad>96</ns3:cad>
          </ns3:TrackPointExtension>
        </extensions>
      </trkpt>
      <trkpt lat="30.44451995752751827239990234375" lon="120.25852954946458339691162109375">
        <ele>6.19999980926513671875</ele>
        <time>2025-03-21T13:43:58.000Z</time>
        <extensions>
          <ns3:TrackPointExtension>
            <ns3:hr>174</ns3:hr>
            <ns3:cad>96</ns3:cad>
          </ns3:TrackPointExtension>
        </extensions>
      </trkpt>
      <trkpt lat="30.44455046765506267547607421875" lon="120.25851110927760601043701171875">
        <ele>5.80000019073486328125</ele>
        <time>2025-03-21T13:43:59.000Z</time>
        <extensions>
          <ns3:TrackPointExtension>
            <ns3:hr>174</ns3:hr>
            <ns3:cad>96</ns3:cad>
          </ns3:TrackPointExtension>
        </extensions>
      </trkpt>
      <trkpt lat="30.44457997195422649383544921875" lon="120.25849501602351665496826171875">
        <ele>5.599999904632568359375</ele>
        <time>2025-03-21T13:44:00.000Z</time>
        <extensions>
          <ns3:TrackPointExtension>
            <ns3:hr>174</ns3:hr>
            <ns3:cad>96</ns3:cad>
          </ns3:TrackPointExtension>
        </extensions>
      </trkpt>
      <trkpt lat="30.4446093924343585968017578125" lon="120.25848177261650562286376953125">
        <ele>5.19999980926513671875</ele>
        <time>2025-03-21T13:44:01.000Z</time>
        <extensions>
          <ns3:TrackPointExtension>
            <ns3:hr>174</ns3:hr>
            <ns3:cad>96</ns3:cad>
          </ns3:TrackPointExtension>
        </extensions>
      </trkpt>
      <trkpt lat="30.44463814236223697662353515625" lon="120.25846987031400203704833984375">
        <ele>5</ele>
        <time>2025-03-21T13:44:02.000Z</time>
        <extensions>
          <ns3:TrackPointExtension>
            <ns3:hr>174</ns3:hr>
            <ns3:cad>96</ns3:cad>
          </ns3:TrackPointExtension>
        </extensions>
      </trkpt>
      <trkpt lat="30.44466353952884674072265625" lon="120.258458554744720458984375">
        <ele>5</ele>
        <time>2025-03-21T13:44:03.000Z</time>
        <extensions>
          <ns3:TrackPointExtension>
            <ns3:hr>174</ns3:hr>
            <ns3:cad>96</ns3:cad>
          </ns3:TrackPointExtension>
        </extensions>
      </trkpt>
      <trkpt lat="30.4446865059435367584228515625" lon="120.25844841264188289642333984375">
        <ele>5</ele>
        <time>2025-03-21T13:44:04.000Z</time>
        <extensions>
          <ns3:TrackPointExtension>
            <ns3:hr>175</ns3:hr>
            <ns3:cad>96</ns3:cad>
          </ns3:TrackPointExtension>
        </extensions>
      </trkpt>
      <trkpt lat="30.4447044432163238525390625" lon="120.25844070129096508026123046875">
        <ele>5</ele>
        <time>2025-03-21T13:44:05.000Z</time>
        <extensions>
          <ns3:TrackPointExtension>
            <ns3:hr>175</ns3:hr>
            <ns3:cad>91</ns3:cad>
          </ns3:TrackPointExtension>
        </extensions>
      </trkpt>
      <trkpt lat="30.444721877574920654296875" lon="120.25843231938779354095458984375">
        <ele>5</ele>
        <time>2025-03-21T13:44:06.000Z</time>
        <extensions>
          <ns3:TrackPointExtension>
            <ns3:hr>174</ns3:hr>
            <ns3:cad>91</ns3:cad>
          </ns3:TrackPointExtension>
        </extensions>
      </trkpt>
      <trkpt lat="30.44473419897258281707763671875" lon="120.258423350751399993896484375">
        <ele>5</ele>
        <time>2025-03-21T13:44:07.000Z</time>
        <extensions>
          <ns3:TrackPointExtension>
            <ns3:hr>175</ns3:hr>
            <ns3:cad>91</ns3:cad>
          </ns3:TrackPointExtension>
        </extensions>
      </trkpt>
      <trkpt lat="30.44474392198026180267333984375" lon="120.25841639377176761627197265625">
        <ele>5</ele>
        <time>2025-03-21T13:44:08.000Z</time>
        <extensions>
          <ns3:TrackPointExtension>
            <ns3:hr>173</ns3:hr>
            <ns3:cad>91</ns3:cad>
          </ns3:TrackPointExtension>
        </extensions>
      </trkpt>
      <trkpt lat="30.4447528906166553497314453125" lon="120.258409269154071807861328125">
        <ele>5</ele>
        <time>2025-03-21T13:44:09.000Z</time>
        <extensions>
          <ns3:TrackPointExtension>
            <ns3:hr>175</ns3:hr>
            <ns3:cad>91</ns3:cad>
          </ns3:TrackPointExtension>
        </extensions>
      </trkpt>
      <trkpt lat="30.4447652958333492279052734375" lon="120.25839946232736110687255859375">
        <ele>5</ele>
        <time>2025-03-21T13:44:10.000Z</time>
        <extensions>
          <ns3:TrackPointExtension>
            <ns3:hr>175</ns3:hr>
            <ns3:cad>91</ns3:cad>
          </ns3:TrackPointExtension>
        </extensions>
      </trkpt>
      <trkpt lat="30.44477577321231365203857421875" lon="120.258387811481952667236328125">
        <ele>5</ele>
        <time>2025-03-21T13:44:11.000Z</time>
        <extensions>
          <ns3:TrackPointExtension>
            <ns3:hr>173</ns3:hr>
            <ns3:cad>91</ns3:cad>
          </ns3:TrackPointExtension>
        </extensions>
      </trkpt>
      <trkpt lat="30.444787926971912384033203125" lon="120.2583765797317028045654296875">
        <ele>5</ele>
        <time>2025-03-21T13:44:12.000Z</time>
        <extensions>
          <ns3:TrackPointExtension>
            <ns3:hr>174</ns3:hr>
            <ns3:cad>69</ns3:cad>
          </ns3:TrackPointExtension>
        </extensions>
      </trkpt>
      <trkpt lat="30.4448011703789234161376953125" lon="120.25836811400949954986572265625">
        <ele>5</ele>
        <time>2025-03-21T13:44:13.000Z</time>
        <extensions>
          <ns3:TrackPointExtension>
            <ns3:hr>174</ns3:hr>
            <ns3:cad>69</ns3:cad>
          </ns3:TrackPointExtension>
        </extensions>
      </trkpt>
      <trkpt lat="30.44481567107141017913818359375" lon="120.25836543180048465728759765625">
        <ele>5</ele>
        <time>2025-03-21T13:44:14.000Z</time>
        <extensions>
          <ns3:TrackPointExtension>
            <ns3:hr>174</ns3:hr>
            <ns3:cad>66</ns3:cad>
          </ns3:TrackPointExtension>
        </extensions>
      </trkpt>
      <trkpt lat="30.4448410682380199432373046875" lon="120.2583648450672626495361328125">
        <ele>5.19999980926513671875</ele>
        <time>2025-03-21T13:44:15.000Z</time>
        <extensions>
          <ns3:TrackPointExtension>
            <ns3:hr>173</ns3:hr>
            <ns3:cad>66</ns3:cad>
          </ns3:TrackPointExtension>
        </extensions>
      </trkpt>
      <trkpt lat="30.44486696831881999969482421875" lon="120.25836400687694549560546875">
        <ele>5.19999980926513671875</ele>
        <time>2025-03-21T13:44:16.000Z</time>
        <extensions>
          <ns3:TrackPointExtension>
            <ns3:hr>172</ns3:hr>
            <ns3:cad>66</ns3:cad>
          </ns3:TrackPointExtension>
        </extensions>
      </trkpt>
      <trkpt lat="30.444891862571239471435546875" lon="120.25836861692368984222412109375">
        <ele>5.400000095367431640625</ele>
        <time>2025-03-21T13:44:17.000Z</time>
        <extensions>
          <ns3:TrackPointExtension>
            <ns3:hr>171</ns3:hr>
            <ns3:cad>88</ns3:cad>
          </ns3:TrackPointExtension>
        </extensions>
      </trkpt>
      <trkpt lat="30.44491030275821685791015625" lon="120.2583738975226879119873046875">
        <ele>5.400000095367431640625</ele>
        <time>2025-03-21T13:44:18.000Z</time>
        <extensions>
          <ns3:TrackPointExtension>
            <ns3:hr>171</ns3:hr>
            <ns3:cad>88</ns3:cad>
          </ns3:TrackPointExtension>
        </extensions>
      </trkpt>
      <trkpt lat="30.4449297487735748291015625" lon="120.2583826147019863128662109375">
        <ele>5.400000095367431640625</ele>
        <time>2025-03-21T13:44:19.000Z</time>
        <extensions>
          <ns3:TrackPointExtension>
            <ns3:hr>170</ns3:hr>
            <ns3:cad>88</ns3:cad>
          </ns3:TrackPointExtension>
        </extensions>
      </trkpt>
      <trkpt lat="30.444947518408298492431640625" lon="120.25839275680482387542724609375">
        <ele>5.400000095367431640625</ele>
        <time>2025-03-21T13:44:20.000Z</time>
        <extensions>
          <ns3:TrackPointExtension>
            <ns3:hr>169</ns3:hr>
            <ns3:cad>88</ns3:cad>
          </ns3:TrackPointExtension>
        </extensions>
      </trkpt>
      <trkpt lat="30.44495665468275547027587890625" lon="120.25840289890766143798828125">
        <ele>5.400000095367431640625</ele>
        <time>2025-03-21T13:44:21.000Z</time>
        <extensions>
          <ns3:TrackPointExtension>
            <ns3:hr>169</ns3:hr>
            <ns3:cad>88</ns3:cad>
          </ns3:TrackPointExtension>
        </extensions>
      </trkpt>
      <trkpt lat="30.4449619352817535400390625" lon="120.258413292467594146728515625">
        <ele>5.400000095367431640625</ele>
        <time>2025-03-21T13:44:22.000Z</time>
        <extensions>
          <ns3:TrackPointExtension>
            <ns3:hr>168</ns3:hr>
            <ns3:cad>88</ns3:cad>
          </ns3:TrackPointExtension>
        </extensions>
      </trkpt>
      <trkpt lat="30.4449674673378467559814453125" lon="120.258419997990131378173828125">
        <ele>5.400000095367431640625</ele>
        <time>2025-03-21T13:44:23.000Z</time>
        <extensions>
          <ns3:TrackPointExtension>
            <ns3:hr>168</ns3:hr>
            <ns3:cad>88</ns3:cad>
          </ns3:TrackPointExtension>
        </extensions>
      </trkpt>
      <trkpt lat="30.44497643597424030303955078125" lon="120.2584268711507320404052734375">
        <ele>5.400000095367431640625</ele>
        <time>2025-03-21T13:44:24.000Z</time>
        <extensions>
          <ns3:TrackPointExtension>
            <ns3:hr>167</ns3:hr>
            <ns3:cad>88</ns3:cad>
          </ns3:TrackPointExtension>
        </extensions>
      </trkpt>
      <trkpt lat="30.44498884119093418121337890625" lon="120.25843508541584014892578125">
        <ele>5.400000095367431640625</ele>
        <time>2025-03-21T13:44:25.000Z</time>
        <extensions>
          <ns3:TrackPointExtension>
            <ns3:hr>167</ns3:hr>
            <ns3:cad>88</ns3:cad>
          </ns3:TrackPointExtension>
        </extensions>
      </trkpt>
      <trkpt lat="30.4449983127415180206298828125" lon="120.25844573043286800384521484375">
        <ele>5.400000095367431640625</ele>
        <time>2025-03-21T13:44:26.000Z</time>
        <extensions>
          <ns3:TrackPointExtension>
            <ns3:hr>166</ns3:hr>
            <ns3:cad>88</ns3:cad>
          </ns3:TrackPointExtension>
        </extensions>
      </trkpt>
      <trkpt lat="30.44500309042632579803466796875" lon="120.25846190750598907470703125">
        <ele>5.400000095367431640625</ele>
        <time>2025-03-21T13:44:27.000Z</time>
        <extensions>
          <ns3:TrackPointExtension>
            <ns3:hr>166</ns3:hr>
            <ns3:cad>88</ns3:cad>
          </ns3:TrackPointExtension>
        </extensions>
      </trkpt>
      <trkpt lat="30.44500241987407207489013671875" lon="120.25847640819847583770751953125">
        <ele>5.400000095367431640625</ele>
        <time>2025-03-21T13:44:28.000Z</time>
        <extensions>
          <ns3:TrackPointExtension>
            <ns3:hr>165</ns3:hr>
            <ns3:cad>0</ns3:cad>
          </ns3:TrackPointExtension>
        </extensions>
      </trkpt>
      <trkpt lat="30.4450056888163089752197265625" lon="120.25849266909062862396240234375">
        <ele>5.19999980926513671875</ele>
        <time>2025-03-21T13:44:29.000Z</time>
        <extensions>
          <ns3:TrackPointExtension>
            <ns3:hr>164</ns3:hr>
            <ns3:cad>0</ns3:cad>
          </ns3:TrackPointExtension>
        </extensions>
      </trkpt>
      <trkpt lat="30.4450150765478610992431640625" lon="120.2585066668689250946044921875">
        <ele>5.19999980926513671875</ele>
        <time>2025-03-21T13:44:30.000Z</time>
        <extensions>
          <ns3:TrackPointExtension>
            <ns3:hr>164</ns3:hr>
            <ns3:cad>0</ns3:cad>
          </ns3:TrackPointExtension>
        </extensions>
      </trkpt>
      <trkpt lat="30.44502018950879573822021484375" lon="120.2585254423320293426513671875">
        <ele>5.19999980926513671875</ele>
        <time>2025-03-21T13:44:31.000Z</time>
        <extensions>
          <ns3:TrackPointExtension>
            <ns3:hr>164</ns3:hr>
            <ns3:cad>0</ns3:cad>
          </ns3:TrackPointExtension>
        </extensions>
      </trkpt>
      <trkpt lat="30.44502538628876209259033203125" lon="120.2585472352802753448486328125">
        <ele>5.19999980926513671875</ele>
        <time>2025-03-21T13:44:32.000Z</time>
        <extensions>
          <ns3:TrackPointExtension>
            <ns3:hr>163</ns3:hr>
            <ns3:cad>61</ns3:cad>
          </ns3:TrackPointExtension>
        </extensions>
      </trkpt>
      <trkpt lat="30.44503502547740936279296875" lon="120.25856123305857181549072265625">
        <ele>5.400000095367431640625</ele>
        <time>2025-03-21T13:44:33.000Z</time>
        <extensions>
          <ns3:TrackPointExtension>
            <ns3:hr>163</ns3:hr>
            <ns3:cad>62</ns3:cad>
          </ns3:TrackPointExtension>
        </extensions>
      </trkpt>
      <trkpt lat="30.4450370371341705322265625" lon="120.2585737220942974090576171875">
        <ele>5.400000095367431640625</ele>
        <time>2025-03-21T13:44:34.000Z</time>
        <extensions>
          <ns3:TrackPointExtension>
            <ns3:hr>162</ns3:hr>
            <ns3:cad>63</ns3:cad>
          </ns3:TrackPointExtension>
        </extensions>
      </trkpt>
      <trkpt lat="30.445043407380580902099609375" lon="120.2585871331393718719482421875">
        <ele>5.599999904632568359375</ele>
        <time>2025-03-21T13:44:35.000Z</time>
        <extensions>
          <ns3:TrackPointExtension>
            <ns3:hr>162</ns3:hr>
            <ns3:cad>63</ns3:cad>
          </ns3:TrackPointExtension>
        </extensions>
      </trkpt>
      <trkpt lat="30.44505220837891101837158203125" lon="120.25859727524220943450927734375">
        <ele>5.599999904632568359375</ele>
        <time>2025-03-21T13:44:36.000Z</time>
        <extensions>
          <ns3:TrackPointExtension>
            <ns3:hr>162</ns3:hr>
            <ns3:cad>63</ns3:cad>
          </ns3:TrackPointExtension>
        </extensions>
      </trkpt>
      <trkpt lat="30.4450693912804126739501953125" lon="120.25860867463052272796630859375">
        <ele>5.599999904632568359375</ele>
        <time>2025-03-21T13:44:37.000Z</time>
        <extensions>
          <ns3:TrackPointExtension>
            <ns3:hr>161</ns3:hr>
            <ns3:cad>63</ns3:cad>
          </ns3:TrackPointExtension>
        </extensions>
      </trkpt>
      <trkpt lat="30.4450799524784088134765625" lon="120.2586266957223415374755859375">
        <ele>5.80000019073486328125</ele>
        <time>2025-03-21T13:44:38.000Z</time>
        <extensions>
          <ns3:TrackPointExtension>
            <ns3:hr>161</ns3:hr>
            <ns3:cad>86</ns3:cad>
          </ns3:TrackPointExtension>
        </extensions>
      </trkpt>
      <trkpt lat="30.44508959166705608367919921875" lon="120.2586464770138263702392578125">
        <ele>5.80000019073486328125</ele>
        <time>2025-03-21T13:44:39.000Z</time>
        <extensions>
          <ns3:TrackPointExtension>
            <ns3:hr>161</ns3:hr>
            <ns3:cad>86</ns3:cad>
          </ns3:TrackPointExtension>
        </extensions>
      </trkpt>
      <trkpt lat="30.4450906813144683837890625" lon="120.2586706168949604034423828125">
        <ele>6</ele>
        <time>2025-03-21T13:44:40.000Z</time>
        <extensions>
          <ns3:TrackPointExtension>
            <ns3:hr>161</ns3:hr>
            <ns3:cad>86</ns3:cad>
          </ns3:TrackPointExtension>
        </extensions>
      </trkpt>
      <trkpt lat="30.44510417617857456207275390625" lon="120.25869232602417469024658203125">
        <ele>6</ele>
        <time>2025-03-21T13:44:41.000Z</time>
        <extensions>
          <ns3:TrackPointExtension>
            <ns3:hr>161</ns3:hr>
            <ns3:cad>86</ns3:cad>
          </ns3:TrackPointExtension>
        </extensions>
      </trkpt>
      <trkpt lat="30.44511037878692150115966796875" lon="120.25871411897242069244384765625">
        <ele>6</ele>
        <time>2025-03-21T13:44:42.000Z</time>
        <extensions>
          <ns3:TrackPointExtension>
            <ns3:hr>161</ns3:hr>
            <ns3:cad>88</ns3:cad>
          </ns3:TrackPointExtension>
        </extensions>
      </trkpt>
      <trkpt lat="30.44511356391012668609619140625" lon="120.2587440423667430877685546875">
        <ele>6</ele>
        <time>2025-03-21T13:44:43.000Z</time>
        <extensions>
          <ns3:TrackPointExtension>
            <ns3:hr>161</ns3:hr>
            <ns3:cad>88</ns3:cad>
          </ns3:TrackPointExtension>
        </extensions>
      </trkpt>
      <trkpt lat="30.44512085616588592529296875" lon="120.25876893661916255950927734375">
        <ele>6.19999980926513671875</ele>
        <time>2025-03-21T13:44:44.000Z</time>
        <extensions>
          <ns3:TrackPointExtension>
            <ns3:hr>161</ns3:hr>
            <ns3:cad>89</ns3:cad>
          </ns3:TrackPointExtension>
        </extensions>
      </trkpt>
      <trkpt lat="30.44512814842164516448974609375" lon="120.258797518908977508544921875">
        <ele>6.19999980926513671875</ele>
        <time>2025-03-21T13:44:45.000Z</time>
        <extensions>
          <ns3:TrackPointExtension>
            <ns3:hr>161</ns3:hr>
            <ns3:cad>90</ns3:cad>
          </ns3:TrackPointExtension>
        </extensions>
      </trkpt>
      <trkpt lat="30.4451361112296581268310546875" lon="120.25882693938910961151123046875">
        <ele>6.400000095367431640625</ele>
        <time>2025-03-21T13:44:46.000Z</time>
        <extensions>
          <ns3:TrackPointExtension>
            <ns3:hr>162</ns3:hr>
            <ns3:cad>91</ns3:cad>
          </ns3:TrackPointExtension>
        </extensions>
      </trkpt>
      <trkpt lat="30.44514373876154422760009765625" lon="120.258855521678924560546875">
        <ele>6.599999904632568359375</ele>
        <time>2025-03-21T13:44:47.000Z</time>
        <extensions>
          <ns3:TrackPointExtension>
            <ns3:hr>162</ns3:hr>
            <ns3:cad>91</ns3:cad>
          </ns3:TrackPointExtension>
        </extensions>
      </trkpt>
      <trkpt lat="30.44514927081763744354248046875" lon="120.25888846255838871002197265625">
        <ele>7</ele>
        <time>2025-03-21T13:44:48.000Z</time>
        <extensions>
          <ns3:TrackPointExtension>
            <ns3:hr>163</ns3:hr>
            <ns3:cad>91</ns3:cad>
          </ns3:TrackPointExtension>
        </extensions>
      </trkpt>
      <trkpt lat="30.4451657831668853759765625" lon="120.2589210681617259979248046875">
        <ele>7.19999980926513671875</ele>
        <time>2025-03-21T13:44:49.000Z</time>
        <extensions>
          <ns3:TrackPointExtension>
            <ns3:hr>163</ns3:hr>
            <ns3:cad>91</ns3:cad>
          </ns3:TrackPointExtension>
        </extensions>
      </trkpt>
      <trkpt lat="30.4451736621558666229248046875" lon="120.25894881226122379302978515625">
        <ele>7.599999904632568359375</ele>
        <time>2025-03-21T13:44:50.000Z</time>
        <extensions>
          <ns3:TrackPointExtension>
            <ns3:hr>164</ns3:hr>
            <ns3:cad>91</ns3:cad>
          </ns3:TrackPointExtension>
        </extensions>
      </trkpt>
      <trkpt lat="30.44518749229609966278076171875" lon="120.25897211395204067230224609375">
        <ele>7.80000019073486328125</ele>
        <time>2025-03-21T13:44:51.000Z</time>
        <extensions>
          <ns3:TrackPointExtension>
            <ns3:hr>165</ns3:hr>
            <ns3:cad>90</ns3:cad>
          </ns3:TrackPointExtension>
        </extensions>
      </trkpt>
      <trkpt lat="30.4451914317905902862548828125" lon="120.2589867822825908660888671875">
        <ele>8</ele>
        <time>2025-03-21T13:44:52.000Z</time>
        <extensions>
          <ns3:TrackPointExtension>
            <ns3:hr>165</ns3:hr>
            <ns3:cad>90</ns3:cad>
          </ns3:TrackPointExtension>
        </extensions>
      </trkpt>
      <trkpt lat="30.44520693831145763397216796875" lon="120.2590015344321727752685546875">
        <ele>8.19999980926513671875</ele>
        <time>2025-03-21T13:44:53.000Z</time>
        <extensions>
          <ns3:TrackPointExtension>
            <ns3:hr>165</ns3:hr>
            <ns3:cad>90</ns3:cad>
          </ns3:TrackPointExtension>
        </extensions>
      </trkpt>
      <trkpt lat="30.44521498493850231170654296875" lon="120.25902056135237216949462890625">
        <ele>8.3999996185302734375</ele>
        <time>2025-03-21T13:44:54.000Z</time>
        <extensions>
          <ns3:TrackPointExtension>
            <ns3:hr>165</ns3:hr>
            <ns3:cad>90</ns3:cad>
          </ns3:TrackPointExtension>
        </extensions>
      </trkpt>
      <trkpt lat="30.4452252946794033050537109375" lon="120.25903380475938320159912109375">
        <ele>8.6000003814697265625</ele>
        <time>2025-03-21T13:44:55.000Z</time>
        <extensions>
          <ns3:TrackPointExtension>
            <ns3:hr>165</ns3:hr>
            <ns3:cad>90</ns3:cad>
          </ns3:TrackPointExtension>
        </extensions>
      </trkpt>
      <trkpt lat="30.4452236182987689971923828125" lon="120.25905626825988292694091796875">
        <ele>8.6000003814697265625</ele>
        <time>2025-03-21T13:44:56.000Z</time>
        <extensions>
          <ns3:TrackPointExtension>
            <ns3:hr>164</ns3:hr>
            <ns3:cad>90</ns3:cad>
          </ns3:TrackPointExtension>
        </extensions>
      </trkpt>
      <trkpt lat="30.4452283121645450592041015625" lon="120.25907688774168491363525390625">
        <ele>8.80000019073486328125</ele>
        <time>2025-03-21T13:44:57.000Z</time>
        <extensions>
          <ns3:TrackPointExtension>
            <ns3:hr>164</ns3:hr>
            <ns3:cad>66</ns3:cad>
          </ns3:TrackPointExtension>
        </extensions>
      </trkpt>
      <trkpt lat="30.4452340118587017059326171875" lon="120.259091556072235107421875">
        <ele>9</ele>
        <time>2025-03-21T13:44:58.000Z</time>
        <extensions>
          <ns3:TrackPointExtension>
            <ns3:hr>164</ns3:hr>
            <ns3:cad>66</ns3:cad>
          </ns3:TrackPointExtension>
        </extensions>
      </trkpt>
      <trkpt lat="30.4452437348663806915283203125" lon="120.2591021172702312469482421875">
        <ele>9</ele>
        <time>2025-03-21T13:44:59.000Z</time>
        <extensions>
          <ns3:TrackPointExtension>
            <ns3:hr>163</ns3:hr>
            <ns3:cad>66</ns3:cad>
          </ns3:TrackPointExtension>
        </extensions>
      </trkpt>
      <trkpt lat="30.4452531225979328155517578125" lon="120.259114690124988555908203125">
        <ele>9</ele>
        <time>2025-03-21T13:45:00.000Z</time>
        <extensions>
          <ns3:TrackPointExtension>
            <ns3:hr>163</ns3:hr>
            <ns3:cad>66</ns3:cad>
          </ns3:TrackPointExtension>
        </extensions>
      </trkpt>
      <trkpt lat="30.44523510150611400604248046875" lon="120.25913086719810962677001953125">
        <ele>9</ele>
        <time>2025-03-21T13:45:01.000Z</time>
        <extensions>
          <ns3:TrackPointExtension>
            <ns3:hr>162</ns3:hr>
            <ns3:cad>65</ns3:cad>
          </ns3:TrackPointExtension>
        </extensions>
      </trkpt>
      <trkpt lat="30.44524616561830043792724609375" lon="120.2591366507112979888916015625">
        <ele>9</ele>
        <time>2025-03-21T13:45:02.000Z</time>
        <extensions>
          <ns3:TrackPointExtension>
            <ns3:hr>161</ns3:hr>
            <ns3:cad>64</ns3:cad>
          </ns3:TrackPointExtension>
        </extensions>
      </trkpt>
      <trkpt lat="30.44525362551212310791015625" lon="120.25914494879543781280517578125">
        <ele>9</ele>
        <time>2025-03-21T13:45:03.000Z</time>
        <extensions>
          <ns3:TrackPointExtension>
            <ns3:hr>160</ns3:hr>
            <ns3:cad>64</ns3:cad>
          </ns3:TrackPointExtension>
        </extensions>
      </trkpt>
      <trkpt lat="30.44526896439492702484130859375" lon="120.259150564670562744140625">
        <ele>9</ele>
        <time>2025-03-21T13:45:04.000Z</time>
        <extensions>
          <ns3:TrackPointExtension>
            <ns3:hr>159</ns3:hr>
            <ns3:cad>65</ns3:cad>
          </ns3:TrackPointExtension>
        </extensions>
      </trkpt>
      <trkpt lat="30.4452816210687160491943359375" lon="120.2591607905924320220947265625">
        <ele>9</ele>
        <time>2025-03-21T13:45:05.000Z</time>
        <extensions>
          <ns3:TrackPointExtension>
            <ns3:hr>159</ns3:hr>
            <ns3:cad>65</ns3:cad>
          </ns3:TrackPointExtension>
        </extensions>
      </trkpt>
      <trkpt lat="30.44528723694384098052978515625" lon="120.2591745369136333465576171875">
        <ele>9</ele>
        <time>2025-03-21T13:45:06.000Z</time>
        <extensions>
          <ns3:TrackPointExtension>
            <ns3:hr>159</ns3:hr>
            <ns3:cad>65</ns3:cad>
          </ns3:TrackPointExtension>
        </extensions>
      </trkpt>
      <trkpt lat="30.44529595412313938140869140625" lon="120.25918970815837383270263671875">
        <ele>9</ele>
        <time>2025-03-21T13:45:07.000Z</time>
        <extensions>
          <ns3:TrackPointExtension>
            <ns3:hr>159</ns3:hr>
            <ns3:cad>65</ns3:cad>
          </ns3:TrackPointExtension>
        </extensions>
      </trkpt>
      <trkpt lat="30.4453074373304843902587890625" lon="120.2592241577804088592529296875">
        <ele>9</ele>
        <time>2025-03-21T13:45:08.000Z</time>
        <extensions>
          <ns3:TrackPointExtension>
            <ns3:hr>159</ns3:hr>
            <ns3:cad>65</ns3:cad>
          </ns3:TrackPointExtension>
        </extensions>
      </trkpt>
      <trkpt lat="30.4453128017485141754150390625" lon="120.25925047695636749267578125">
        <ele>9</ele>
        <time>2025-03-21T13:45:09.000Z</time>
        <extensions>
          <ns3:TrackPointExtension>
            <ns3:hr>159</ns3:hr>
            <ns3:cad>65</ns3:cad>
          </ns3:TrackPointExtension>
        </extensions>
      </trkpt>
      <trkpt lat="30.44532260857522487640380859375" lon="120.2592798136174678802490234375">
        <ele>9</ele>
        <time>2025-03-21T13:45:10.000Z</time>
        <extensions>
          <ns3:TrackPointExtension>
            <ns3:hr>160</ns3:hr>
            <ns3:cad>65</ns3:cad>
          </ns3:TrackPointExtension>
        </extensions>
      </trkpt>
      <trkpt lat="30.445335768163204193115234375" lon="120.259307138621807098388671875">
        <ele>9</ele>
        <time>2025-03-21T13:45:11.000Z</time>
        <extensions>
          <ns3:TrackPointExtension>
            <ns3:hr>160</ns3:hr>
            <ns3:cad>88</ns3:cad>
          </ns3:TrackPointExtension>
        </extensions>
      </trkpt>
      <trkpt lat="30.44536854140460491180419921875" lon="120.25934661738574504852294921875">
        <ele>9</ele>
        <time>2025-03-21T13:45:12.000Z</time>
        <extensions>
          <ns3:TrackPointExtension>
            <ns3:hr>160</ns3:hr>
            <ns3:cad>89</ns3:cad>
          </ns3:TrackPointExtension>
        </extensions>
      </trkpt>
      <trkpt lat="30.44538505375385284423828125" lon="120.2593740262091159820556640625">
        <ele>9</ele>
        <time>2025-03-21T13:45:13.000Z</time>
        <extensions>
          <ns3:TrackPointExtension>
            <ns3:hr>161</ns3:hr>
            <ns3:cad>89</ns3:cad>
          </ns3:TrackPointExtension>
        </extensions>
      </trkpt>
      <trkpt lat="30.44539670459926128387451171875" lon="120.259392969310283660888671875">
        <ele>9.19999980926513671875</ele>
        <time>2025-03-21T13:45:14.000Z</time>
        <extensions>
          <ns3:TrackPointExtension>
            <ns3:hr>161</ns3:hr>
            <ns3:cad>89</ns3:cad>
          </ns3:TrackPointExtension>
        </extensions>
      </trkpt>
      <trkpt lat="30.44540785253047943115234375" lon="120.2594233117997646331787109375">
        <ele>9.19999980926513671875</ele>
        <time>2025-03-21T13:45:15.000Z</time>
        <extensions>
          <ns3:TrackPointExtension>
            <ns3:hr>161</ns3:hr>
            <ns3:cad>89</ns3:cad>
          </ns3:TrackPointExtension>
        </extensions>
      </trkpt>
      <trkpt lat="30.44541480951011180877685546875" lon="120.25946237146854400634765625">
        <ele>9.3999996185302734375</ele>
        <time>2025-03-21T13:45:16.000Z</time>
        <extensions>
          <ns3:TrackPointExtension>
            <ns3:hr>160</ns3:hr>
            <ns3:cad>89</ns3:cad>
          </ns3:TrackPointExtension>
        </extensions>
      </trkpt>
      <trkpt lat="30.445429645478725433349609375" lon="120.25950017385184764862060546875">
        <ele>9.6000003814697265625</ele>
        <time>2025-03-21T13:45:17.000Z</time>
        <extensions>
          <ns3:TrackPointExtension>
            <ns3:hr>160</ns3:hr>
            <ns3:cad>89</ns3:cad>
          </ns3:TrackPointExtension>
        </extensions>
      </trkpt>
      <trkpt lat="30.44543995521962642669677734375" lon="120.25953537784516811370849609375">
        <ele>9.6000003814697265625</ele>
        <time>2025-03-21T13:45:18.000Z</time>
        <extensions>
          <ns3:TrackPointExtension>
            <ns3:hr>159</ns3:hr>
            <ns3:cad>90</ns3:cad>
          </ns3:TrackPointExtension>
        </extensions>
      </trkpt>
      <trkpt lat="30.4454529471695423126220703125" lon="120.2595557458698749542236328125">
        <ele>9.80000019073486328125</ele>
        <time>2025-03-21T13:45:19.000Z</time>
        <extensions>
          <ns3:TrackPointExtension>
            <ns3:hr>158</ns3:hr>
            <ns3:cad>90</ns3:cad>
          </ns3:TrackPointExtension>
        </extensions>
      </trkpt>
      <trkpt lat="30.4454640112817287445068359375" lon="120.2595761977136135101318359375">
        <ele>9.80000019073486328125</ele>
        <time>2025-03-21T13:45:20.000Z</time>
        <extensions>
          <ns3:TrackPointExtension>
            <ns3:hr>158</ns3:hr>
            <ns3:cad>90</ns3:cad>
          </ns3:TrackPointExtension>
        </extensions>
      </trkpt>
      <trkpt lat="30.44547985307872295379638671875" lon="120.2595971524715423583984375">
        <ele>9.80000019073486328125</ele>
        <time>2025-03-21T13:45:21.000Z</time>
        <extensions>
          <ns3:TrackPointExtension>
            <ns3:hr>157</ns3:hr>
            <ns3:cad>90</ns3:cad>
          </ns3:TrackPointExtension>
        </extensions>
      </trkpt>
      <trkpt lat="30.4454881511628627777099609375" lon="120.2596187777817249298095703125">
        <ele>9.80000019073486328125</ele>
        <time>2025-03-21T13:45:22.000Z</time>
        <extensions>
          <ns3:TrackPointExtension>
            <ns3:hr>156</ns3:hr>
            <ns3:cad>90</ns3:cad>
          </ns3:TrackPointExtension>
        </extensions>
      </trkpt>
      <trkpt lat="30.44549770653247833251953125" lon="120.259643755853176116943359375">
        <ele>9.80000019073486328125</ele>
        <time>2025-03-21T13:45:23.000Z</time>
        <extensions>
          <ns3:TrackPointExtension>
            <ns3:hr>156</ns3:hr>
            <ns3:cad>89</ns3:cad>
          </ns3:TrackPointExtension>
        </extensions>
      </trkpt>
      <trkpt lat="30.44551019556820392608642578125" lon="120.25966730900108814239501953125">
        <ele>10</ele>
        <time>2025-03-21T13:45:24.000Z</time>
        <extensions>
          <ns3:TrackPointExtension>
            <ns3:hr>156</ns3:hr>
            <ns3:cad>89</ns3:cad>
          </ns3:TrackPointExtension>
        </extensions>
      </trkpt>
      <trkpt lat="30.44552226550877094268798828125" lon="120.2596871741116046905517578125">
        <ele>10.19999980926513671875</ele>
        <time>2025-03-21T13:45:25.000Z</time>
        <extensions>
          <ns3:TrackPointExtension>
            <ns3:hr>155</ns3:hr>
            <ns3:cad>89</ns3:cad>
          </ns3:TrackPointExtension>
        </extensions>
      </trkpt>
      <trkpt lat="30.44553282670676708221435546875" lon="120.259703435003757476806640625">
        <ele>10.19999980926513671875</ele>
        <time>2025-03-21T13:45:26.000Z</time>
        <extensions>
          <ns3:TrackPointExtension>
            <ns3:hr>155</ns3:hr>
            <ns3:cad>89</ns3:cad>
          </ns3:TrackPointExtension>
        </extensions>
      </trkpt>
      <trkpt lat="30.44553768821060657501220703125" lon="120.2597166784107685089111328125">
        <ele>10.19999980926513671875</ele>
        <time>2025-03-21T13:45:27.000Z</time>
        <extensions>
          <ns3:TrackPointExtension>
            <ns3:hr>155</ns3:hr>
            <ns3:cad>89</ns3:cad>
          </ns3:TrackPointExtension>
        </extensions>
      </trkpt>
      <trkpt lat="30.44554724358022212982177734375" lon="120.25972849689424037933349609375">
        <ele>10.19999980926513671875</ele>
        <time>2025-03-21T13:45:28.000Z</time>
        <extensions>
          <ns3:TrackPointExtension>
            <ns3:hr>155</ns3:hr>
            <ns3:cad>89</ns3:cad>
          </ns3:TrackPointExtension>
        </extensions>
      </trkpt>
      <trkpt lat="30.4455511830747127532958984375" lon="120.25973771698772907257080078125">
        <ele>10.19999980926513671875</ele>
        <time>2025-03-21T13:45:29.000Z</time>
        <extensions>
          <ns3:TrackPointExtension>
            <ns3:hr>156</ns3:hr>
            <ns3:cad>89</ns3:cad>
          </ns3:TrackPointExtension>
        </extensions>
      </trkpt>
      <trkpt lat="30.44555830769240856170654296875" lon="120.259756743907928466796875">
        <ele>10.19999980926513671875</ele>
        <time>2025-03-21T13:45:30.000Z</time>
        <extensions>
          <ns3:TrackPointExtension>
            <ns3:hr>156</ns3:hr>
            <ns3:cad>89</ns3:cad>
          </ns3:TrackPointExtension>
        </extensions>
      </trkpt>
      <trkpt lat="30.44556736014783382415771484375" lon="120.25977878831326961517333984375">
        <ele>10.3999996185302734375</ele>
        <time>2025-03-21T13:45:31.000Z</time>
        <extensions>
          <ns3:TrackPointExtension>
            <ns3:hr>156</ns3:hr>
            <ns3:cad>89</ns3:cad>
          </ns3:TrackPointExtension>
        </extensions>
      </trkpt>
      <trkpt lat="30.4455756582319736480712890625" lon="120.259802006185054779052734375">
        <ele>10.3999996185302734375</ele>
        <time>2025-03-21T13:45:32.000Z</time>
        <extensions>
          <ns3:TrackPointExtension>
            <ns3:hr>156</ns3:hr>
            <ns3:cad>88</ns3:cad>
          </ns3:TrackPointExtension>
        </extensions>
      </trkpt>
      <trkpt lat="30.445589236915111541748046875" lon="120.25982622988522052764892578125">
        <ele>10.3999996185302734375</ele>
        <time>2025-03-21T13:45:33.000Z</time>
        <extensions>
          <ns3:TrackPointExtension>
            <ns3:hr>156</ns3:hr>
            <ns3:cad>88</ns3:cad>
          </ns3:TrackPointExtension>
        </extensions>
      </trkpt>
      <trkpt lat="30.44560021720826625823974609375" lon="120.25984726846218109130859375">
        <ele>10.3999996185302734375</ele>
        <time>2025-03-21T13:45:34.000Z</time>
        <extensions>
          <ns3:TrackPointExtension>
            <ns3:hr>156</ns3:hr>
            <ns3:cad>88</ns3:cad>
          </ns3:TrackPointExtension>
        </extensions>
      </trkpt>
      <trkpt lat="30.44561228714883327484130859375" lon="120.2598695643246173858642578125">
        <ele>10.3999996185302734375</ele>
        <time>2025-03-21T13:45:35.000Z</time>
        <extensions>
          <ns3:TrackPointExtension>
            <ns3:hr>156</ns3:hr>
            <ns3:cad>90</ns3:cad>
          </ns3:TrackPointExtension>
        </extensions>
      </trkpt>
      <trkpt lat="30.445623435080051422119140625" lon="120.25989026762545108795166015625">
        <ele>10.6000003814697265625</ele>
        <time>2025-03-21T13:45:36.000Z</time>
        <extensions>
          <ns3:TrackPointExtension>
            <ns3:hr>155</ns3:hr>
            <ns3:cad>90</ns3:cad>
          </ns3:TrackPointExtension>
        </extensions>
      </trkpt>
      <trkpt lat="30.445634834468364715576171875" lon="120.2599111385643482208251953125">
        <ele>10.6000003814697265625</ele>
        <time>2025-03-21T13:45:37.000Z</time>
        <extensions>
          <ns3:TrackPointExtension>
            <ns3:hr>155</ns3:hr>
            <ns3:cad>90</ns3:cad>
          </ns3:TrackPointExtension>
        </extensions>
      </trkpt>
      <trkpt lat="30.4456437192857265472412109375" lon="120.2599336020648479461669921875">
        <ele>10.6000003814697265625</ele>
        <time>2025-03-21T13:45:38.000Z</time>
        <extensions>
          <ns3:TrackPointExtension>
            <ns3:hr>155</ns3:hr>
            <ns3:cad>91</ns3:cad>
          </ns3:TrackPointExtension>
        </extensions>
      </trkpt>
      <trkpt lat="30.44565235264599323272705078125" lon="120.25995581410825252532958984375">
        <ele>10.6000003814697265625</ele>
        <time>2025-03-21T13:45:39.000Z</time>
        <extensions>
          <ns3:TrackPointExtension>
            <ns3:hr>155</ns3:hr>
            <ns3:cad>91</ns3:cad>
          </ns3:TrackPointExtension>
        </extensions>
      </trkpt>
      <trkpt lat="30.44566358439624309539794921875" lon="120.2599753439426422119140625">
        <ele>10.3999996185302734375</ele>
        <time>2025-03-21T13:45:40.000Z</time>
        <extensions>
          <ns3:TrackPointExtension>
            <ns3:hr>155</ns3:hr>
            <ns3:cad>92</ns3:cad>
          </ns3:TrackPointExtension>
        </extensions>
      </trkpt>
      <trkpt lat="30.44567179866135120391845703125" lon="120.25999252684414386749267578125">
        <ele>10.3999996185302734375</ele>
        <time>2025-03-21T13:45:41.000Z</time>
        <extensions>
          <ns3:TrackPointExtension>
            <ns3:hr>155</ns3:hr>
            <ns3:cad>92</ns3:cad>
          </ns3:TrackPointExtension>
        </extensions>
      </trkpt>
      <trkpt lat="30.4456782527267932891845703125" lon="120.26000862009823322296142578125">
        <ele>10.3999996185302734375</ele>
        <time>2025-03-21T13:45:42.000Z</time>
        <extensions>
          <ns3:TrackPointExtension>
            <ns3:hr>155</ns3:hr>
            <ns3:cad>92</ns3:cad>
          </ns3:TrackPointExtension>
        </extensions>
      </trkpt>
      <trkpt lat="30.44568319804966449737548828125" lon="120.26002563536167144775390625">
        <ele>10.3999996185302734375</ele>
        <time>2025-03-21T13:45:43.000Z</time>
        <extensions>
          <ns3:TrackPointExtension>
            <ns3:hr>155</ns3:hr>
            <ns3:cad>46</ns3:cad>
          </ns3:TrackPointExtension>
        </extensions>
      </trkpt>
      <trkpt lat="30.445683784782886505126953125" lon="120.26003904640674591064453125">
        <ele>10.3999996185302734375</ele>
        <time>2025-03-21T13:45:44.000Z</time>
        <extensions>
          <ns3:TrackPointExtension>
            <ns3:hr>155</ns3:hr>
            <ns3:cad>46</ns3:cad>
          </ns3:TrackPointExtension>
        </extensions>
      </trkpt>
      <trkpt lat="30.44568923301994800567626953125" lon="120.26005405001342296600341796875">
        <ele>10.3999996185302734375</ele>
        <time>2025-03-21T13:45:45.000Z</time>
        <extensions>
          <ns3:TrackPointExtension>
            <ns3:hr>155</ns3:hr>
            <ns3:cad>46</ns3:cad>
          </ns3:TrackPointExtension>
        </extensions>
      </trkpt>
      <trkpt lat="30.44569761492311954498291015625" lon="120.26006980799138545989990234375">
        <ele>10.3999996185302734375</ele>
        <time>2025-03-21T13:45:46.000Z</time>
        <extensions>
          <ns3:TrackPointExtension>
            <ns3:hr>155</ns3:hr>
            <ns3:cad>46</ns3:cad>
          </ns3:TrackPointExtension>
        </extensions>
      </trkpt>
      <trkpt lat="30.44570515863597393035888671875" lon="120.260082967579364776611328125">
        <ele>10.3999996185302734375</ele>
        <time>2025-03-21T13:45:47.000Z</time>
        <extensions>
          <ns3:TrackPointExtension>
            <ns3:hr>155</ns3:hr>
            <ns3:cad>63</ns3:cad>
          </ns3:TrackPointExtension>
        </extensions>
      </trkpt>
      <trkpt lat="30.445717312395572662353515625" lon="120.2600938640534877777099609375">
        <ele>10.19999980926513671875</ele>
        <time>2025-03-21T13:45:48.000Z</time>
        <extensions>
          <ns3:TrackPointExtension>
            <ns3:hr>155</ns3:hr>
            <ns3:cad>63</ns3:cad>
          </ns3:TrackPointExtension>
        </extensions>
      </trkpt>
      <trkpt lat="30.445724688470363616943359375" lon="120.2601072750985622406005859375">
        <ele>10.19999980926513671875</ele>
        <time>2025-03-21T13:45:49.000Z</time>
        <extensions>
          <ns3:TrackPointExtension>
            <ns3:hr>155</ns3:hr>
            <ns3:cad>63</ns3:cad>
          </ns3:TrackPointExtension>
        </extensions>
      </trkpt>
      <trkpt lat="30.4457258619368076324462890625" lon="120.260128565132617950439453125">
        <ele>10.19999980926513671875</ele>
        <time>2025-03-21T13:45:50.000Z</time>
        <extensions>
          <ns3:TrackPointExtension>
            <ns3:hr>154</ns3:hr>
            <ns3:cad>63</ns3:cad>
          </ns3:TrackPointExtension>
        </extensions>
      </trkpt>
      <trkpt lat="30.44573449529707431793212890625" lon="120.26013753376901149749755859375">
        <ele>10.19999980926513671875</ele>
        <time>2025-03-21T13:45:51.000Z</time>
        <extensions>
          <ns3:TrackPointExtension>
            <ns3:hr>154</ns3:hr>
            <ns3:cad>63</ns3:cad>
          </ns3:TrackPointExtension>
        </extensions>
      </trkpt>
      <trkpt lat="30.4457382671535015106201171875" lon="120.260144658386707305908203125">
        <ele>10.19999980926513671875</ele>
        <time>2025-03-21T13:45:52.000Z</time>
        <extensions>
          <ns3:TrackPointExtension>
            <ns3:hr>154</ns3:hr>
            <ns3:cad>63</ns3:cad>
          </ns3:TrackPointExtension>
        </extensions>
      </trkpt>
      <trkpt lat="30.44574371539056301116943359375" lon="120.260154716670513153076171875">
        <ele>10.19999980926513671875</ele>
        <time>2025-03-21T13:45:53.000Z</time>
        <extensions>
          <ns3:TrackPointExtension>
            <ns3:hr>154</ns3:hr>
            <ns3:cad>63</ns3:cad>
          </ns3:TrackPointExtension>
        </extensions>
      </trkpt>
      <trkpt lat="30.4457419551908969879150390625" lon="120.26016720570623874664306640625">
        <ele>10.19999980926513671875</ele>
        <time>2025-03-21T13:45:54.000Z</time>
        <extensions>
          <ns3:TrackPointExtension>
            <ns3:hr>153</ns3:hr>
            <ns3:cad>63</ns3:cad>
          </ns3:TrackPointExtension>
        </extensions>
      </trkpt>
      <trkpt lat="30.44574321247637271881103515625" lon="120.26018564589321613311767578125">
        <ele>10.19999980926513671875</ele>
        <time>2025-03-21T13:45:55.000Z</time>
        <extensions>
          <ns3:TrackPointExtension>
            <ns3:hr>154</ns3:hr>
            <ns3:cad>63</ns3:cad>
          </ns3:TrackPointExtension>
        </extensions>
      </trkpt>
      <trkpt lat="30.445749498903751373291015625" lon="120.26020626537501811981201171875">
        <ele>10</ele>
        <time>2025-03-21T13:45:56.000Z</time>
        <extensions>
          <ns3:TrackPointExtension>
            <ns3:hr>154</ns3:hr>
            <ns3:cad>62</ns3:cad>
          </ns3:TrackPointExtension>
        </extensions>
      </trkpt>
      <trkpt lat="30.44575695879757404327392578125" lon="120.26022755540907382965087890625">
        <ele>9.80000019073486328125</ele>
        <time>2025-03-21T13:45:57.000Z</time>
        <extensions>
          <ns3:TrackPointExtension>
            <ns3:hr>154</ns3:hr>
            <ns3:cad>62</ns3:cad>
          </ns3:TrackPointExtension>
        </extensions>
      </trkpt>
      <trkpt lat="30.44576969929039478302001953125" lon="120.26024959981441497802734375">
        <ele>9.6000003814697265625</ele>
        <time>2025-03-21T13:45:58.000Z</time>
        <extensions>
          <ns3:TrackPointExtension>
            <ns3:hr>153</ns3:hr>
            <ns3:cad>62</ns3:cad>
          </ns3:TrackPointExtension>
        </extensions>
      </trkpt>
      <trkpt lat="30.44578210450708866119384765625" lon="120.26027298532426357269287109375">
        <ele>9.3999996185302734375</ele>
        <time>2025-03-21T13:45:59.000Z</time>
        <extensions>
          <ns3:TrackPointExtension>
            <ns3:hr>153</ns3:hr>
            <ns3:cad>89</ns3:cad>
          </ns3:TrackPointExtension>
        </extensions>
      </trkpt>
      <trkpt lat="30.44579585082828998565673828125" lon="120.260297544300556182861328125">
        <ele>9.19999980926513671875</ele>
        <time>2025-03-21T13:46:00.000Z</time>
        <extensions>
          <ns3:TrackPointExtension>
            <ns3:hr>153</ns3:hr>
            <ns3:cad>89</ns3:cad>
          </ns3:TrackPointExtension>
        </extensions>
      </trkpt>
      <trkpt lat="30.4458093456923961639404296875" lon="120.26032126508653163909912109375">
        <ele>9</ele>
        <time>2025-03-21T13:46:01.000Z</time>
        <extensions>
          <ns3:TrackPointExtension>
            <ns3:hr>153</ns3:hr>
            <ns3:cad>89</ns3:cad>
          </ns3:TrackPointExtension>
        </extensions>
      </trkpt>
      <trkpt lat="30.445826947689056396484375" lon="120.26034624315798282623291015625">
        <ele>8.80000019073486328125</ele>
        <time>2025-03-21T13:46:02.000Z</time>
        <extensions>
          <ns3:TrackPointExtension>
            <ns3:hr>152</ns3:hr>
            <ns3:cad>90</ns3:cad>
          </ns3:TrackPointExtension>
        </extensions>
      </trkpt>
      <trkpt lat="30.445839352905750274658203125" lon="120.26037239469587802886962890625">
        <ele>8.6000003814697265625</ele>
        <time>2025-03-21T13:46:03.000Z</time>
        <extensions>
          <ns3:TrackPointExtension>
            <ns3:hr>152</ns3:hr>
            <ns3:cad>90</ns3:cad>
          </ns3:TrackPointExtension>
        </extensions>
      </trkpt>
      <trkpt lat="30.4458542726933956146240234375" lon="120.26039603166282176971435546875">
        <ele>8.3999996185302734375</ele>
        <time>2025-03-21T13:46:04.000Z</time>
        <extensions>
          <ns3:TrackPointExtension>
            <ns3:hr>151</ns3:hr>
            <ns3:cad>91</ns3:cad>
          </ns3:TrackPointExtension>
        </extensions>
      </trkpt>
      <trkpt lat="30.44586910866200923919677734375" lon="120.26042084209620952606201171875">
        <ele>8.19999980926513671875</ele>
        <time>2025-03-21T13:46:05.000Z</time>
        <extensions>
          <ns3:TrackPointExtension>
            <ns3:hr>150</ns3:hr>
            <ns3:cad>92</ns3:cad>
          </ns3:TrackPointExtension>
        </extensions>
      </trkpt>
      <trkpt lat="30.4458817653357982635498046875" lon="120.260444395244121551513671875">
        <ele>7.80000019073486328125</ele>
        <time>2025-03-21T13:46:06.000Z</time>
        <extensions>
          <ns3:TrackPointExtension>
            <ns3:hr>149</ns3:hr>
            <ns3:cad>92</ns3:cad>
          </ns3:TrackPointExtension>
        </extensions>
      </trkpt>
      <trkpt lat="30.44589425437152385711669921875" lon="120.26047063060104846954345703125">
        <ele>7.599999904632568359375</ele>
        <time>2025-03-21T13:46:07.000Z</time>
        <extensions>
          <ns3:TrackPointExtension>
            <ns3:hr>150</ns3:hr>
            <ns3:cad>92</ns3:cad>
          </ns3:TrackPointExtension>
        </extensions>
      </trkpt>
      <trkpt lat="30.445903725922107696533203125" lon="120.2604961954057216644287109375">
        <ele>7.80000019073486328125</ele>
        <time>2025-03-21T13:46:08.000Z</time>
        <extensions>
          <ns3:TrackPointExtension>
            <ns3:hr>150</ns3:hr>
            <ns3:cad>93</ns3:cad>
          </ns3:TrackPointExtension>
        </extensions>
      </trkpt>
      <trkpt lat="30.44591856189072132110595703125" lon="120.2605220116674900054931640625">
        <ele>7.80000019073486328125</ele>
        <time>2025-03-21T13:46:09.000Z</time>
        <extensions>
          <ns3:TrackPointExtension>
            <ns3:hr>149</ns3:hr>
            <ns3:cad>94</ns3:cad>
          </ns3:TrackPointExtension>
        </extensions>
      </trkpt>
      <trkpt lat="30.4459303803741931915283203125" lon="120.26055025868117809295654296875">
        <ele>7.80000019073486328125</ele>
        <time>2025-03-21T13:46:10.000Z</time>
        <extensions>
          <ns3:TrackPointExtension>
            <ns3:hr>150</ns3:hr>
            <ns3:cad>94</ns3:cad>
          </ns3:TrackPointExtension>
        </extensions>
      </trkpt>
      <trkpt lat="30.44594571925699710845947265625" lon="120.2605743147432804107666015625">
        <ele>7.80000019073486328125</ele>
        <time>2025-03-21T13:46:11.000Z</time>
        <extensions>
          <ns3:TrackPointExtension>
            <ns3:hr>150</ns3:hr>
            <ns3:cad>93</ns3:cad>
          </ns3:TrackPointExtension>
        </extensions>
      </trkpt>
      <trkpt lat="30.44595762155950069427490234375" lon="120.26059837080538272857666015625">
        <ele>7.80000019073486328125</ele>
        <time>2025-03-21T13:46:12.000Z</time>
        <extensions>
          <ns3:TrackPointExtension>
            <ns3:hr>151</ns3:hr>
            <ns3:cad>93</ns3:cad>
          </ns3:TrackPointExtension>
        </extensions>
      </trkpt>
      <trkpt lat="30.44597036205232143402099609375" lon="120.26062452234327793121337890625">
        <ele>8</ele>
        <time>2025-03-21T13:46:13.000Z</time>
        <extensions>
          <ns3:TrackPointExtension>
            <ns3:hr>151</ns3:hr>
            <ns3:cad>93</ns3:cad>
          </ns3:TrackPointExtension>
        </extensions>
      </trkpt>
      <trkpt lat="30.4459846951067447662353515625" lon="120.2606458961963653564453125">
        <ele>8</ele>
        <time>2025-03-21T13:46:14.000Z</time>
        <extensions>
          <ns3:TrackPointExtension>
            <ns3:hr>152</ns3:hr>
            <ns3:cad>93</ns3:cad>
          </ns3:TrackPointExtension>
        </extensions>
      </trkpt>
      <trkpt lat="30.44599818997085094451904296875" lon="120.26067062281072139739990234375">
        <ele>8</ele>
        <time>2025-03-21T13:46:15.000Z</time>
        <extensions>
          <ns3:TrackPointExtension>
            <ns3:hr>152</ns3:hr>
            <ns3:cad>93</ns3:cad>
          </ns3:TrackPointExtension>
        </extensions>
      </trkpt>
      <trkpt lat="30.44600732624530792236328125" lon="120.26069895364344120025634765625">
        <ele>8</ele>
        <time>2025-03-21T13:46:16.000Z</time>
        <extensions>
          <ns3:TrackPointExtension>
            <ns3:hr>153</ns3:hr>
            <ns3:cad>93</ns3:cad>
          </ns3:TrackPointExtension>
        </extensions>
      </trkpt>
      <trkpt lat="30.4460152052342891693115234375" lon="120.26072761975228786468505859375">
        <ele>8</ele>
        <time>2025-03-21T13:46:17.000Z</time>
        <extensions>
          <ns3:TrackPointExtension>
            <ns3:hr>153</ns3:hr>
            <ns3:cad>93</ns3:cad>
          </ns3:TrackPointExtension>
        </extensions>
      </trkpt>
      <trkpt lat="30.4460266046226024627685546875" lon="120.26075863279402256011962890625">
        <ele>8</ele>
        <time>2025-03-21T13:46:18.000Z</time>
        <extensions>
          <ns3:TrackPointExtension>
            <ns3:hr>153</ns3:hr>
            <ns3:cad>93</ns3:cad>
          </ns3:TrackPointExtension>
        </extensions>
      </trkpt>
      <trkpt lat="30.44603842310607433319091796875" lon="120.260787047445774078369140625">
        <ele>8.19999980926513671875</ele>
        <time>2025-03-21T13:46:19.000Z</time>
        <extensions>
          <ns3:TrackPointExtension>
            <ns3:hr>153</ns3:hr>
            <ns3:cad>93</ns3:cad>
          </ns3:TrackPointExtension>
        </extensions>
      </trkpt>
      <trkpt lat="30.4460477270185947418212890625" lon="120.2608137018978595733642578125">
        <ele>8.3999996185302734375</ele>
        <time>2025-03-21T13:46:20.000Z</time>
        <extensions>
          <ns3:TrackPointExtension>
            <ns3:hr>153</ns3:hr>
            <ns3:cad>92</ns3:cad>
          </ns3:TrackPointExtension>
        </extensions>
      </trkpt>
      <trkpt lat="30.44605686329305171966552734375" lon="120.26083943434059619903564453125">
        <ele>8.6000003814697265625</ele>
        <time>2025-03-21T13:46:21.000Z</time>
        <extensions>
          <ns3:TrackPointExtension>
            <ns3:hr>153</ns3:hr>
            <ns3:cad>92</ns3:cad>
          </ns3:TrackPointExtension>
        </extensions>
      </trkpt>
      <trkpt lat="30.446063987910747528076171875" lon="120.2608626522123813629150390625">
        <ele>8.80000019073486328125</ele>
        <time>2025-03-21T13:46:22.000Z</time>
        <extensions>
          <ns3:TrackPointExtension>
            <ns3:hr>153</ns3:hr>
            <ns3:cad>92</ns3:cad>
          </ns3:TrackPointExtension>
        </extensions>
      </trkpt>
      <trkpt lat="30.44607345946133136749267578125" lon="120.260876901447772979736328125">
        <ele>9</ele>
        <time>2025-03-21T13:46:23.000Z</time>
        <extensions>
          <ns3:TrackPointExtension>
            <ns3:hr>153</ns3:hr>
            <ns3:cad>92</ns3:cad>
          </ns3:TrackPointExtension>
        </extensions>
      </trkpt>
      <trkpt lat="30.446076728403568267822265625" lon="120.26089123450219631195068359375">
        <ele>9</ele>
        <time>2025-03-21T13:46:24.000Z</time>
        <extensions>
          <ns3:TrackPointExtension>
            <ns3:hr>153</ns3:hr>
            <ns3:cad>92</ns3:cad>
          </ns3:TrackPointExtension>
        </extensions>
      </trkpt>
      <trkpt lat="30.44608175754547119140625" lon="120.26090632192790508270263671875">
        <ele>9</ele>
        <time>2025-03-21T13:46:25.000Z</time>
        <extensions>
          <ns3:TrackPointExtension>
            <ns3:hr>154</ns3:hr>
            <ns3:cad>92</ns3:cad>
          </ns3:TrackPointExtension>
        </extensions>
      </trkpt>
      <trkpt lat="30.44608552940189838409423828125" lon="120.26092308573424816131591796875">
        <ele>9.19999980926513671875</ele>
        <time>2025-03-21T13:46:26.000Z</time>
        <extensions>
          <ns3:TrackPointExtension>
            <ns3:hr>154</ns3:hr>
            <ns3:cad>0</ns3:cad>
          </ns3:TrackPointExtension>
        </extensions>
      </trkpt>
      <trkpt lat="30.44609248638153076171875" lon="120.26093850843608379364013671875">
        <ele>9.19999980926513671875</ele>
        <time>2025-03-21T13:46:27.000Z</time>
        <extensions>
          <ns3:TrackPointExtension>
            <ns3:hr>154</ns3:hr>
            <ns3:cad>0</ns3:cad>
          </ns3:TrackPointExtension>
        </extensions>
      </trkpt>
      <trkpt lat="30.44610061682760715484619140625" lon="120.26095476932823657989501953125">
        <ele>9.19999980926513671875</ele>
        <time>2025-03-21T13:46:28.000Z</time>
        <extensions>
          <ns3:TrackPointExtension>
            <ns3:hr>153</ns3:hr>
            <ns3:cad>0</ns3:cad>
          </ns3:TrackPointExtension>
        </extensions>
      </trkpt>
      <trkpt lat="30.4461099207401275634765625" lon="120.260974466800689697265625">
        <ele>9.3999996185302734375</ele>
        <time>2025-03-21T13:46:29.000Z</time>
        <extensions>
          <ns3:TrackPointExtension>
            <ns3:hr>152</ns3:hr>
            <ns3:cad>65</ns3:cad>
          </ns3:TrackPointExtension>
        </extensions>
      </trkpt>
      <trkpt lat="30.44612224213778972625732421875" lon="120.26099751703441143035888671875">
        <ele>9.3999996185302734375</ele>
        <time>2025-03-21T13:46:30.000Z</time>
        <extensions>
          <ns3:TrackPointExtension>
            <ns3:hr>152</ns3:hr>
            <ns3:cad>0</ns3:cad>
          </ns3:TrackPointExtension>
        </extensions>
      </trkpt>
      <trkpt lat="30.44613414444029331207275390625" lon="120.2610215730965137481689453125">
        <ele>9.6000003814697265625</ele>
        <time>2025-03-21T13:46:31.000Z</time>
        <extensions>
          <ns3:TrackPointExtension>
            <ns3:hr>152</ns3:hr>
            <ns3:cad>65</ns3:cad>
          </ns3:TrackPointExtension>
        </extensions>
      </trkpt>
      <trkpt lat="30.44614437036216259002685546875" lon="120.26104713790118694305419921875">
        <ele>9.3999996185302734375</ele>
        <time>2025-03-21T13:46:32.000Z</time>
        <extensions>
          <ns3:TrackPointExtension>
            <ns3:hr>152</ns3:hr>
            <ns3:cad>86</ns3:cad>
          </ns3:TrackPointExtension>
        </extensions>
      </trkpt>
      <trkpt lat="30.44615291990339756011962890625" lon="120.261072702705860137939453125">
        <ele>9.19999980926513671875</ele>
        <time>2025-03-21T13:46:33.000Z</time>
        <extensions>
          <ns3:TrackPointExtension>
            <ns3:hr>152</ns3:hr>
            <ns3:cad>89</ns3:cad>
          </ns3:TrackPointExtension>
        </extensions>
      </trkpt>
      <trkpt lat="30.4461580328643321990966796875" lon="120.26110162027180194854736328125">
        <ele>8.80000019073486328125</ele>
        <time>2025-03-21T13:46:34.000Z</time>
        <extensions>
          <ns3:TrackPointExtension>
            <ns3:hr>152</ns3:hr>
            <ns3:cad>89</ns3:cad>
          </ns3:TrackPointExtension>
        </extensions>
      </trkpt>
      <trkpt lat="30.4461690969765186309814453125" lon="120.2611305378377437591552734375">
        <ele>8.6000003814697265625</ele>
        <time>2025-03-21T13:46:35.000Z</time>
        <extensions>
          <ns3:TrackPointExtension>
            <ns3:hr>152</ns3:hr>
            <ns3:cad>88</ns3:cad>
          </ns3:TrackPointExtension>
        </extensions>
      </trkpt>
      <trkpt lat="30.44618141837418079376220703125" lon="120.26116481982171535491943359375">
        <ele>8.19999980926513671875</ele>
        <time>2025-03-21T13:46:36.000Z</time>
        <extensions>
          <ns3:TrackPointExtension>
            <ns3:hr>152</ns3:hr>
            <ns3:cad>88</ns3:cad>
          </ns3:TrackPointExtension>
        </extensions>
      </trkpt>
      <trkpt lat="30.44618879444897174835205078125" lon="120.26118971407413482666015625">
        <ele>8</ele>
        <time>2025-03-21T13:46:37.000Z</time>
        <extensions>
          <ns3:TrackPointExtension>
            <ns3:hr>152</ns3:hr>
            <ns3:cad>88</ns3:cad>
          </ns3:TrackPointExtension>
        </extensions>
      </trkpt>
      <trkpt lat="30.44620388187468051910400390625" lon="120.261220894753932952880859375">
        <ele>7.599999904632568359375</ele>
        <time>2025-03-21T13:46:38.000Z</time>
        <extensions>
          <ns3:TrackPointExtension>
            <ns3:hr>152</ns3:hr>
            <ns3:cad>87</ns3:cad>
          </ns3:TrackPointExtension>
        </extensions>
      </trkpt>
      <trkpt lat="30.44621461071074008941650390625" lon="120.2612448669970035552978515625">
        <ele>7.400000095367431640625</ele>
        <time>2025-03-21T13:46:39.000Z</time>
        <extensions>
          <ns3:TrackPointExtension>
            <ns3:hr>152</ns3:hr>
            <ns3:cad>87</ns3:cad>
          </ns3:TrackPointExtension>
        </extensions>
      </trkpt>
      <trkpt lat="30.446226932108402252197265625" lon="120.2612703479826450347900390625">
        <ele>7.19999980926513671875</ele>
        <time>2025-03-21T13:46:40.000Z</time>
        <extensions>
          <ns3:TrackPointExtension>
            <ns3:hr>152</ns3:hr>
            <ns3:cad>88</ns3:cad>
          </ns3:TrackPointExtension>
        </extensions>
      </trkpt>
      <trkpt lat="30.44623933732509613037109375" lon="120.26129440404474735260009765625">
        <ele>6.80000019073486328125</ele>
        <time>2025-03-21T13:46:41.000Z</time>
        <extensions>
          <ns3:TrackPointExtension>
            <ns3:hr>151</ns3:hr>
            <ns3:cad>88</ns3:cad>
          </ns3:TrackPointExtension>
        </extensions>
      </trkpt>
      <trkpt lat="30.44624964706599712371826171875" lon="120.26131669990718364715576171875">
        <ele>6.80000019073486328125</ele>
        <time>2025-03-21T13:46:42.000Z</time>
        <extensions>
          <ns3:TrackPointExtension>
            <ns3:hr>151</ns3:hr>
            <ns3:cad>88</ns3:cad>
          </ns3:TrackPointExtension>
        </extensions>
      </trkpt>
      <trkpt lat="30.4462545923888683319091796875" lon="120.26133430190384387969970703125">
        <ele>6.80000019073486328125</ele>
        <time>2025-03-21T13:46:43.000Z</time>
        <extensions>
          <ns3:TrackPointExtension>
            <ns3:hr>152</ns3:hr>
            <ns3:cad>88</ns3:cad>
          </ns3:TrackPointExtension>
        </extensions>
      </trkpt>
      <trkpt lat="30.4462612979114055633544921875" lon="120.2613474614918231964111328125">
        <ele>6.599999904632568359375</ele>
        <time>2025-03-21T13:46:44.000Z</time>
        <extensions>
          <ns3:TrackPointExtension>
            <ns3:hr>152</ns3:hr>
            <ns3:cad>88</ns3:cad>
          </ns3:TrackPointExtension>
        </extensions>
      </trkpt>
      <trkpt lat="30.446268506348133087158203125" lon="120.261360704898834228515625">
        <ele>6.599999904632568359375</ele>
        <time>2025-03-21T13:46:45.000Z</time>
        <extensions>
          <ns3:TrackPointExtension>
            <ns3:hr>152</ns3:hr>
            <ns3:cad>88</ns3:cad>
          </ns3:TrackPointExtension>
        </extensions>
      </trkpt>
      <trkpt lat="30.44627395458519458770751953125" lon="120.26137403212487697601318359375">
        <ele>6.599999904632568359375</ele>
        <time>2025-03-21T13:46:46.000Z</time>
        <extensions>
          <ns3:TrackPointExtension>
            <ns3:hr>152</ns3:hr>
            <ns3:cad>88</ns3:cad>
          </ns3:TrackPointExtension>
        </extensions>
      </trkpt>
      <trkpt lat="30.4462780617177486419677734375" lon="120.26138911955058574676513671875">
        <ele>6.599999904632568359375</ele>
        <time>2025-03-21T13:46:47.000Z</time>
        <extensions>
          <ns3:TrackPointExtension>
            <ns3:hr>152</ns3:hr>
            <ns3:cad>0</ns3:cad>
          </ns3:TrackPointExtension>
        </extensions>
      </trkpt>
      <trkpt lat="30.44628954492509365081787109375" lon="120.26140487752854824066162109375">
        <ele>6.400000095367431640625</ele>
        <time>2025-03-21T13:46:48.000Z</time>
        <extensions>
          <ns3:TrackPointExtension>
            <ns3:hr>152</ns3:hr>
            <ns3:cad>0</ns3:cad>
          </ns3:TrackPointExtension>
        </extensions>
      </trkpt>
      <trkpt lat="30.44629507698118686676025390625" lon="120.26141962967813014984130859375">
        <ele>6.400000095367431640625</ele>
        <time>2025-03-21T13:46:49.000Z</time>
        <extensions>
          <ns3:TrackPointExtension>
            <ns3:hr>152</ns3:hr>
            <ns3:cad>64</ns3:cad>
          </ns3:TrackPointExtension>
        </extensions>
      </trkpt>
      <trkpt lat="30.4463035427033901214599609375" lon="120.26143639348447322845458984375">
        <ele>6.400000095367431640625</ele>
        <time>2025-03-21T13:46:50.000Z</time>
        <extensions>
          <ns3:TrackPointExtension>
            <ns3:hr>152</ns3:hr>
            <ns3:cad>64</ns3:cad>
          </ns3:TrackPointExtension>
        </extensions>
      </trkpt>
      <trkpt lat="30.44630882330238819122314453125" lon="120.2614559233188629150390625">
        <ele>6.400000095367431640625</ele>
        <time>2025-03-21T13:46:51.000Z</time>
        <extensions>
          <ns3:TrackPointExtension>
            <ns3:hr>151</ns3:hr>
            <ns3:cad>63</ns3:cad>
          </ns3:TrackPointExtension>
        </extensions>
      </trkpt>
      <trkpt lat="30.44631971977651119232177734375" lon="120.261482410132884979248046875">
        <ele>6.19999980926513671875</ele>
        <time>2025-03-21T13:46:52.000Z</time>
        <extensions>
          <ns3:TrackPointExtension>
            <ns3:hr>151</ns3:hr>
            <ns3:cad>62</ns3:cad>
          </ns3:TrackPointExtension>
        </extensions>
      </trkpt>
      <trkpt lat="30.4463325440883636474609375" lon="120.26150579564273357391357421875">
        <ele>6.19999980926513671875</ele>
        <time>2025-03-21T13:46:53.000Z</time>
        <extensions>
          <ns3:TrackPointExtension>
            <ns3:hr>151</ns3:hr>
            <ns3:cad>0</ns3:cad>
          </ns3:TrackPointExtension>
        </extensions>
      </trkpt>
      <trkpt lat="30.4463454522192478179931640625" lon="120.261533372104167938232421875">
        <ele>6</ele>
        <time>2025-03-21T13:46:54.000Z</time>
        <extensions>
          <ns3:TrackPointExtension>
            <ns3:hr>151</ns3:hr>
            <ns3:cad>0</ns3:cad>
          </ns3:TrackPointExtension>
        </extensions>
      </trkpt>
      <trkpt lat="30.44635727070271968841552734375" lon="120.261558853089809417724609375">
        <ele>6</ele>
        <time>2025-03-21T13:46:55.000Z</time>
        <extensions>
          <ns3:TrackPointExtension>
            <ns3:hr>152</ns3:hr>
            <ns3:cad>88</ns3:cad>
          </ns3:TrackPointExtension>
        </extensions>
      </trkpt>
      <trkpt lat="30.44636766426265239715576171875" lon="120.26158743537962436676025390625">
        <ele>6</ele>
        <time>2025-03-21T13:46:56.000Z</time>
        <extensions>
          <ns3:TrackPointExtension>
            <ns3:hr>153</ns3:hr>
            <ns3:cad>89</ns3:cad>
          </ns3:TrackPointExtension>
        </extensions>
      </trkpt>
      <trkpt lat="30.44637772254645824432373046875" lon="120.26161484420299530029296875">
        <ele>6.19999980926513671875</ele>
        <time>2025-03-21T13:46:57.000Z</time>
        <extensions>
          <ns3:TrackPointExtension>
            <ns3:hr>153</ns3:hr>
            <ns3:cad>89</ns3:cad>
          </ns3:TrackPointExtension>
        </extensions>
      </trkpt>
      <trkpt lat="30.44639063067734241485595703125" lon="120.26164175011217594146728515625">
        <ele>6.400000095367431640625</ele>
        <time>2025-03-21T13:46:58.000Z</time>
        <extensions>
          <ns3:TrackPointExtension>
            <ns3:hr>154</ns3:hr>
            <ns3:cad>90</ns3:cad>
          </ns3:TrackPointExtension>
        </extensions>
      </trkpt>
      <trkpt lat="30.44640119187533855438232421875" lon="120.26166538707911968231201171875">
        <ele>6.400000095367431640625</ele>
        <time>2025-03-21T13:46:59.000Z</time>
        <extensions>
          <ns3:TrackPointExtension>
            <ns3:hr>154</ns3:hr>
            <ns3:cad>90</ns3:cad>
          </ns3:TrackPointExtension>
        </extensions>
      </trkpt>
      <trkpt lat="30.446412675082683563232421875" lon="120.26169086806476116180419921875">
        <ele>6.599999904632568359375</ele>
        <time>2025-03-21T13:47:00.000Z</time>
        <extensions>
          <ns3:TrackPointExtension>
            <ns3:hr>154</ns3:hr>
            <ns3:cad>90</ns3:cad>
          </ns3:TrackPointExtension>
        </extensions>
      </trkpt>
      <trkpt lat="30.446422398090362548828125" lon="120.26171953417360782623291015625">
        <ele>6.80000019073486328125</ele>
        <time>2025-03-21T13:47:01.000Z</time>
        <extensions>
          <ns3:TrackPointExtension>
            <ns3:hr>154</ns3:hr>
            <ns3:cad>90</ns3:cad>
          </ns3:TrackPointExtension>
        </extensions>
      </trkpt>
      <trkpt lat="30.44642977416515350341796875" lon="120.261750631034374237060546875">
        <ele>6.80000019073486328125</ele>
        <time>2025-03-21T13:47:02.000Z</time>
        <extensions>
          <ns3:TrackPointExtension>
            <ns3:hr>153</ns3:hr>
            <ns3:cad>90</ns3:cad>
          </ns3:TrackPointExtension>
        </extensions>
      </trkpt>
      <trkpt lat="30.4464433528482913970947265625" lon="120.261778123676776885986328125">
        <ele>7</ele>
        <time>2025-03-21T13:47:03.000Z</time>
        <extensions>
          <ns3:TrackPointExtension>
            <ns3:hr>153</ns3:hr>
            <ns3:cad>90</ns3:cad>
          </ns3:TrackPointExtension>
        </extensions>
      </trkpt>
      <trkpt lat="30.4464557580649852752685546875" lon="120.2618019282817840576171875">
        <ele>7.19999980926513671875</ele>
        <time>2025-03-21T13:47:04.000Z</time>
        <extensions>
          <ns3:TrackPointExtension>
            <ns3:hr>153</ns3:hr>
            <ns3:cad>90</ns3:cad>
          </ns3:TrackPointExtension>
        </extensions>
      </trkpt>
      <trkpt lat="30.44647042639553546905517578125" lon="120.261827073991298675537109375">
        <ele>7.400000095367431640625</ele>
        <time>2025-03-21T13:47:05.000Z</time>
        <extensions>
          <ns3:TrackPointExtension>
            <ns3:hr>153</ns3:hr>
            <ns3:cad>90</ns3:cad>
          </ns3:TrackPointExtension>
        </extensions>
      </trkpt>
      <trkpt lat="30.44648517854511737823486328125" lon="120.26185356080532073974609375">
        <ele>7.400000095367431640625</ele>
        <time>2025-03-21T13:47:06.000Z</time>
        <extensions>
          <ns3:TrackPointExtension>
            <ns3:hr>153</ns3:hr>
            <ns3:cad>91</ns3:cad>
          </ns3:TrackPointExtension>
        </extensions>
      </trkpt>
      <trkpt lat="30.44649741612374782562255859375" lon="120.261880718171596527099609375">
        <ele>7.599999904632568359375</ele>
        <time>2025-03-21T13:47:07.000Z</time>
        <extensions>
          <ns3:TrackPointExtension>
            <ns3:hr>153</ns3:hr>
            <ns3:cad>91</ns3:cad>
          </ns3:TrackPointExtension>
        </extensions>
      </trkpt>
      <trkpt lat="30.446507893502712249755859375" lon="120.261907540261745452880859375">
        <ele>7.80000019073486328125</ele>
        <time>2025-03-21T13:47:08.000Z</time>
        <extensions>
          <ns3:TrackPointExtension>
            <ns3:hr>153</ns3:hr>
            <ns3:cad>92</ns3:cad>
          </ns3:TrackPointExtension>
        </extensions>
      </trkpt>
      <trkpt lat="30.44652457349002361297607421875" lon="120.2619318477809429168701171875">
        <ele>7.80000019073486328125</ele>
        <time>2025-03-21T13:47:09.000Z</time>
        <extensions>
          <ns3:TrackPointExtension>
            <ns3:hr>153</ns3:hr>
            <ns3:cad>92</ns3:cad>
          </ns3:TrackPointExtension>
        </extensions>
      </trkpt>
      <trkpt lat="30.44653714634478092193603515625" lon="120.261959843337535858154296875">
        <ele>8</ele>
        <time>2025-03-21T13:47:10.000Z</time>
        <extensions>
          <ns3:TrackPointExtension>
            <ns3:hr>153</ns3:hr>
            <ns3:cad>92</ns3:cad>
          </ns3:TrackPointExtension>
        </extensions>
      </trkpt>
      <trkpt lat="30.4465509764850139617919921875" lon="120.26198624633252620697021484375">
        <ele>8.19999980926513671875</ele>
        <time>2025-03-21T13:47:11.000Z</time>
        <extensions>
          <ns3:TrackPointExtension>
            <ns3:hr>153</ns3:hr>
            <ns3:cad>91</ns3:cad>
          </ns3:TrackPointExtension>
        </extensions>
      </trkpt>
      <trkpt lat="30.446566902101039886474609375" lon="120.262012816965579986572265625">
        <ele>8.3999996185302734375</ele>
        <time>2025-03-21T13:47:12.000Z</time>
        <extensions>
          <ns3:TrackPointExtension>
            <ns3:hr>154</ns3:hr>
            <ns3:cad>91</ns3:cad>
          </ns3:TrackPointExtension>
        </extensions>
      </trkpt>
      <trkpt lat="30.44657687656581401824951171875" lon="120.26203930377960205078125">
        <ele>8.3999996185302734375</ele>
        <time>2025-03-21T13:47:13.000Z</time>
        <extensions>
          <ns3:TrackPointExtension>
            <ns3:hr>154</ns3:hr>
            <ns3:cad>91</ns3:cad>
          </ns3:TrackPointExtension>
        </extensions>
      </trkpt>
      <trkpt lat="30.4465873539447784423828125" lon="120.26206411421298980712890625">
        <ele>8.6000003814697265625</ele>
        <time>2025-03-21T13:47:14.000Z</time>
        <extensions>
          <ns3:TrackPointExtension>
            <ns3:hr>154</ns3:hr>
            <ns3:cad>91</ns3:cad>
          </ns3:TrackPointExtension>
        </extensions>
      </trkpt>
      <trkpt lat="30.44660520739853382110595703125" lon="120.262086577713489532470703125">
        <ele>8.80000019073486328125</ele>
        <time>2025-03-21T13:47:15.000Z</time>
        <extensions>
          <ns3:TrackPointExtension>
            <ns3:hr>155</ns3:hr>
            <ns3:cad>92</ns3:cad>
          </ns3:TrackPointExtension>
        </extensions>
      </trkpt>
      <trkpt lat="30.44662398286163806915283203125" lon="120.26210577227175235748291015625">
        <ele>8.80000019073486328125</ele>
        <time>2025-03-21T13:47:16.000Z</time>
        <extensions>
          <ns3:TrackPointExtension>
            <ns3:hr>155</ns3:hr>
            <ns3:cad>92</ns3:cad>
          </ns3:TrackPointExtension>
        </extensions>
      </trkpt>
      <trkpt lat="30.44663856737315654754638671875" lon="120.26212823577225208282470703125">
        <ele>9</ele>
        <time>2025-03-21T13:47:17.000Z</time>
        <extensions>
          <ns3:TrackPointExtension>
            <ns3:hr>155</ns3:hr>
            <ns3:cad>92</ns3:cad>
          </ns3:TrackPointExtension>
        </extensions>
      </trkpt>
      <trkpt lat="30.44664812274277210235595703125" lon="120.26215354911983013153076171875">
        <ele>9</ele>
        <time>2025-03-21T13:47:18.000Z</time>
        <extensions>
          <ns3:TrackPointExtension>
            <ns3:hr>156</ns3:hr>
            <ns3:cad>92</ns3:cad>
          </ns3:TrackPointExtension>
        </extensions>
      </trkpt>
      <trkpt lat="30.4466592706739902496337890625" lon="120.26218137703835964202880859375">
        <ele>9.19999980926513671875</ele>
        <time>2025-03-21T13:47:19.000Z</time>
        <extensions>
          <ns3:TrackPointExtension>
            <ns3:hr>156</ns3:hr>
            <ns3:cad>92</ns3:cad>
          </ns3:TrackPointExtension>
        </extensions>
      </trkpt>
      <trkpt lat="30.4466763697564601898193359375" lon="120.2622074447572231292724609375">
        <ele>9.19999980926513671875</ele>
        <time>2025-03-21T13:47:20.000Z</time>
        <extensions>
          <ns3:TrackPointExtension>
            <ns3:hr>157</ns3:hr>
            <ns3:cad>92</ns3:cad>
          </ns3:TrackPointExtension>
        </extensions>
      </trkpt>
      <trkpt lat="30.44669070281088352203369140625" lon="120.26223502121865749359130859375">
        <ele>9.19999980926513671875</ele>
        <time>2025-03-21T13:47:21.000Z</time>
        <extensions>
          <ns3:TrackPointExtension>
            <ns3:hr>157</ns3:hr>
            <ns3:cad>92</ns3:cad>
          </ns3:TrackPointExtension>
        </extensions>
      </trkpt>
      <trkpt lat="30.4467011801898479461669921875" lon="120.2622610889375209808349609375">
        <ele>9.19999980926513671875</ele>
        <time>2025-03-21T13:47:22.000Z</time>
        <extensions>
          <ns3:TrackPointExtension>
            <ns3:hr>157</ns3:hr>
            <ns3:cad>93</ns3:cad>
          </ns3:TrackPointExtension>
        </extensions>
      </trkpt>
      <trkpt lat="30.44671182520687580108642578125" lon="120.26228732429444789886474609375">
        <ele>9.19999980926513671875</ele>
        <time>2025-03-21T13:47:23.000Z</time>
        <extensions>
          <ns3:TrackPointExtension>
            <ns3:hr>158</ns3:hr>
            <ns3:cad>93</ns3:cad>
          </ns3:TrackPointExtension>
        </extensions>
      </trkpt>
      <trkpt lat="30.44672372750937938690185546875" lon="120.2623123861849308013916015625">
        <ele>9.3999996185302734375</ele>
        <time>2025-03-21T13:47:24.000Z</time>
        <extensions>
          <ns3:TrackPointExtension>
            <ns3:hr>158</ns3:hr>
            <ns3:cad>93</ns3:cad>
          </ns3:TrackPointExtension>
        </extensions>
      </trkpt>
      <trkpt lat="30.4467350430786609649658203125" lon="120.26234230957925319671630859375">
        <ele>9.3999996185302734375</ele>
        <time>2025-03-21T13:47:25.000Z</time>
        <extensions>
          <ns3:TrackPointExtension>
            <ns3:hr>158</ns3:hr>
            <ns3:cad>93</ns3:cad>
          </ns3:TrackPointExtension>
        </extensions>
      </trkpt>
      <trkpt lat="30.44674468226730823516845703125" lon="120.26237449608743190765380859375">
        <ele>9.3999996185302734375</ele>
        <time>2025-03-21T13:47:26.000Z</time>
        <extensions>
          <ns3:TrackPointExtension>
            <ns3:hr>158</ns3:hr>
            <ns3:cad>93</ns3:cad>
          </ns3:TrackPointExtension>
        </extensions>
      </trkpt>
      <trkpt lat="30.44675725512206554412841796875" lon="120.2624032460153102874755859375">
        <ele>9.3999996185302734375</ele>
        <time>2025-03-21T13:47:27.000Z</time>
        <extensions>
          <ns3:TrackPointExtension>
            <ns3:hr>159</ns3:hr>
            <ns3:cad>94</ns3:cad>
          </ns3:TrackPointExtension>
        </extensions>
      </trkpt>
      <trkpt lat="30.44676999561488628387451171875" lon="120.262433253228664398193359375">
        <ele>9.6000003814697265625</ele>
        <time>2025-03-21T13:47:28.000Z</time>
        <extensions>
          <ns3:TrackPointExtension>
            <ns3:hr>159</ns3:hr>
            <ns3:cad>94</ns3:cad>
          </ns3:TrackPointExtension>
        </extensions>
      </trkpt>
      <trkpt lat="30.44677988626062870025634765625" lon="120.26246200315654277801513671875">
        <ele>9.6000003814697265625</ele>
        <time>2025-03-21T13:47:29.000Z</time>
        <extensions>
          <ns3:TrackPointExtension>
            <ns3:hr>160</ns3:hr>
            <ns3:cad>94</ns3:cad>
          </ns3:TrackPointExtension>
        </extensions>
      </trkpt>
      <trkpt lat="30.4467950575053691864013671875" lon="120.26248698122799396514892578125">
        <ele>9.6000003814697265625</ele>
        <time>2025-03-21T13:47:30.000Z</time>
        <extensions>
          <ns3:TrackPointExtension>
            <ns3:hr>161</ns3:hr>
            <ns3:cad>93</ns3:cad>
          </ns3:TrackPointExtension>
        </extensions>
      </trkpt>
      <trkpt lat="30.44681039638817310333251953125" lon="120.26251564733684062957763671875">
        <ele>9.6000003814697265625</ele>
        <time>2025-03-21T13:47:31.000Z</time>
        <extensions>
          <ns3:TrackPointExtension>
            <ns3:hr>161</ns3:hr>
            <ns3:cad>93</ns3:cad>
          </ns3:TrackPointExtension>
        </extensions>
      </trkpt>
      <trkpt lat="30.44682464562356472015380859375" lon="120.2625423856079578399658203125">
        <ele>9.80000019073486328125</ele>
        <time>2025-03-21T13:47:32.000Z</time>
        <extensions>
          <ns3:TrackPointExtension>
            <ns3:hr>161</ns3:hr>
            <ns3:cad>92</ns3:cad>
          </ns3:TrackPointExtension>
        </extensions>
      </trkpt>
      <trkpt lat="30.44683688320219516754150390625" lon="120.2625685371458530426025390625">
        <ele>9.80000019073486328125</ele>
        <time>2025-03-21T13:47:33.000Z</time>
        <extensions>
          <ns3:TrackPointExtension>
            <ns3:hr>161</ns3:hr>
            <ns3:cad>92</ns3:cad>
          </ns3:TrackPointExtension>
        </extensions>
      </trkpt>
      <trkpt lat="30.44684953987598419189453125" lon="120.262599550187587738037109375">
        <ele>9.80000019073486328125</ele>
        <time>2025-03-21T13:47:34.000Z</time>
        <extensions>
          <ns3:TrackPointExtension>
            <ns3:hr>161</ns3:hr>
            <ns3:cad>92</ns3:cad>
          </ns3:TrackPointExtension>
        </extensions>
      </trkpt>
      <trkpt lat="30.44686035253107547760009765625" lon="120.2626282162964344024658203125">
        <ele>9.80000019073486328125</ele>
        <time>2025-03-21T13:47:35.000Z</time>
        <extensions>
          <ns3:TrackPointExtension>
            <ns3:hr>161</ns3:hr>
            <ns3:cad>92</ns3:cad>
          </ns3:TrackPointExtension>
        </extensions>
      </trkpt>
      <trkpt lat="30.44687569141387939453125" lon="120.26265445165336132049560546875">
        <ele>9.80000019073486328125</ele>
        <time>2025-03-21T13:47:36.000Z</time>
        <extensions>
          <ns3:TrackPointExtension>
            <ns3:hr>162</ns3:hr>
            <ns3:cad>92</ns3:cad>
          </ns3:TrackPointExtension>
        </extensions>
      </trkpt>
      <trkpt lat="30.44688851572573184967041015625" lon="120.26267959736287593841552734375">
        <ele>10</ele>
        <time>2025-03-21T13:47:37.000Z</time>
        <extensions>
          <ns3:TrackPointExtension>
            <ns3:hr>162</ns3:hr>
            <ns3:cad>92</ns3:cad>
          </ns3:TrackPointExtension>
        </extensions>
      </trkpt>
      <trkpt lat="30.446896143257617950439453125" lon="120.262706167995929718017578125">
        <ele>10</ele>
        <time>2025-03-21T13:47:38.000Z</time>
        <extensions>
          <ns3:TrackPointExtension>
            <ns3:hr>163</ns3:hr>
            <ns3:cad>93</ns3:cad>
          </ns3:TrackPointExtension>
        </extensions>
      </trkpt>
      <trkpt lat="30.4469117335975170135498046875" lon="120.26273055933415889739990234375">
        <ele>10</ele>
        <time>2025-03-21T13:47:39.000Z</time>
        <extensions>
          <ns3:TrackPointExtension>
            <ns3:hr>163</ns3:hr>
            <ns3:cad>93</ns3:cad>
          </ns3:TrackPointExtension>
        </extensions>
      </trkpt>
      <trkpt lat="30.44692656956613063812255859375" lon="120.26276014745235443115234375">
        <ele>10</ele>
        <time>2025-03-21T13:47:40.000Z</time>
        <extensions>
          <ns3:TrackPointExtension>
            <ns3:hr>163</ns3:hr>
            <ns3:cad>93</ns3:cad>
          </ns3:TrackPointExtension>
        </extensions>
      </trkpt>
      <trkpt lat="30.4469378851354122161865234375" lon="120.26278956793248653411865234375">
        <ele>9.80000019073486328125</ele>
        <time>2025-03-21T13:47:41.000Z</time>
        <extensions>
          <ns3:TrackPointExtension>
            <ns3:hr>163</ns3:hr>
            <ns3:cad>91</ns3:cad>
          </ns3:TrackPointExtension>
        </extensions>
      </trkpt>
      <trkpt lat="30.44694953598082065582275390625" lon="120.2628216706216335296630859375">
        <ele>9.80000019073486328125</ele>
        <time>2025-03-21T13:47:42.000Z</time>
        <extensions>
          <ns3:TrackPointExtension>
            <ns3:hr>164</ns3:hr>
            <ns3:cad>91</ns3:cad>
          </ns3:TrackPointExtension>
        </extensions>
      </trkpt>
      <trkpt lat="30.44696244411170482635498046875" lon="120.2628508396446704864501953125">
        <ele>9.80000019073486328125</ele>
        <time>2025-03-21T13:47:43.000Z</time>
        <extensions>
          <ns3:TrackPointExtension>
            <ns3:hr>163</ns3:hr>
            <ns3:cad>91</ns3:cad>
          </ns3:TrackPointExtension>
        </extensions>
      </trkpt>
      <trkpt lat="30.4469727538526058197021484375" lon="120.26288076303899288177490234375">
        <ele>9.80000019073486328125</ele>
        <time>2025-03-21T13:47:44.000Z</time>
        <extensions>
          <ns3:TrackPointExtension>
            <ns3:hr>164</ns3:hr>
            <ns3:cad>94</ns3:cad>
          </ns3:TrackPointExtension>
        </extensions>
      </trkpt>
      <trkpt lat="30.44698256067931652069091796875" lon="120.26290976442396640777587890625">
        <ele>9.80000019073486328125</ele>
        <time>2025-03-21T13:47:45.000Z</time>
        <extensions>
          <ns3:TrackPointExtension>
            <ns3:hr>165</ns3:hr>
            <ns3:cad>94</ns3:cad>
          </ns3:TrackPointExtension>
        </extensions>
      </trkpt>
      <trkpt lat="30.44698658399283885955810546875" lon="120.2629413641989231109619140625">
        <ele>9.80000019073486328125</ele>
        <time>2025-03-21T13:47:46.000Z</time>
        <extensions>
          <ns3:TrackPointExtension>
            <ns3:hr>165</ns3:hr>
            <ns3:cad>93</ns3:cad>
          </ns3:TrackPointExtension>
        </extensions>
      </trkpt>
      <trkpt lat="30.44699731282889842987060546875" lon="120.262971706688404083251953125">
        <ele>9.6000003814697265625</ele>
        <time>2025-03-21T13:47:47.000Z</time>
        <extensions>
          <ns3:TrackPointExtension>
            <ns3:hr>166</ns3:hr>
            <ns3:cad>93</ns3:cad>
          </ns3:TrackPointExtension>
        </extensions>
      </trkpt>
      <trkpt lat="30.44700167141854763031005859375" lon="120.2630027197301387786865234375">
        <ele>9.6000003814697265625</ele>
        <time>2025-03-21T13:47:48.000Z</time>
        <extensions>
          <ns3:TrackPointExtension>
            <ns3:hr>166</ns3:hr>
            <ns3:cad>93</ns3:cad>
          </ns3:TrackPointExtension>
        </extensions>
      </trkpt>
      <trkpt lat="30.44700586237013339996337890625" lon="120.26302996091544628143310546875">
        <ele>9.6000003814697265625</ele>
        <time>2025-03-21T13:47:49.000Z</time>
        <extensions>
          <ns3:TrackPointExtension>
            <ns3:hr>166</ns3:hr>
            <ns3:cad>93</ns3:cad>
          </ns3:TrackPointExtension>
        </extensions>
      </trkpt>
      <trkpt lat="30.447018854320049285888671875" lon="120.26305845938622951507568359375">
        <ele>9.6000003814697265625</ele>
        <time>2025-03-21T13:47:50.000Z</time>
        <extensions>
          <ns3:TrackPointExtension>
            <ns3:hr>166</ns3:hr>
            <ns3:cad>92</ns3:cad>
          </ns3:TrackPointExtension>
        </extensions>
      </trkpt>
      <trkpt lat="30.447032935917377471923828125" lon="120.2630908973515033721923828125">
        <ele>9.6000003814697265625</ele>
        <time>2025-03-21T13:47:51.000Z</time>
        <extensions>
          <ns3:TrackPointExtension>
            <ns3:hr>167</ns3:hr>
            <ns3:cad>91</ns3:cad>
          </ns3:TrackPointExtension>
        </extensions>
      </trkpt>
      <trkpt lat="30.44704156927764415740966796875" lon="120.263121239840984344482421875">
        <ele>9.3999996185302734375</ele>
        <time>2025-03-21T13:47:52.000Z</time>
        <extensions>
          <ns3:TrackPointExtension>
            <ns3:hr>167</ns3:hr>
            <ns3:cad>91</ns3:cad>
          </ns3:TrackPointExtension>
        </extensions>
      </trkpt>
      <trkpt lat="30.447050370275974273681640625" lon="120.26315602473914623260498046875">
        <ele>9.3999996185302734375</ele>
        <time>2025-03-21T13:47:53.000Z</time>
        <extensions>
          <ns3:TrackPointExtension>
            <ns3:hr>167</ns3:hr>
            <ns3:cad>92</ns3:cad>
          </ns3:TrackPointExtension>
        </extensions>
      </trkpt>
      <trkpt lat="30.44706051237881183624267578125" lon="120.26318661868572235107421875">
        <ele>9.19999980926513671875</ele>
        <time>2025-03-21T13:47:54.000Z</time>
        <extensions>
          <ns3:TrackPointExtension>
            <ns3:hr>167</ns3:hr>
            <ns3:cad>92</ns3:cad>
          </ns3:TrackPointExtension>
        </extensions>
      </trkpt>
      <trkpt lat="30.4470800422132015228271484375" lon="120.26320916600525379180908203125">
        <ele>9.19999980926513671875</ele>
        <time>2025-03-21T13:47:55.000Z</time>
        <extensions>
          <ns3:TrackPointExtension>
            <ns3:hr>167</ns3:hr>
            <ns3:cad>92</ns3:cad>
          </ns3:TrackPointExtension>
        </extensions>
      </trkpt>
      <trkpt lat="30.44709420762956142425537109375" lon="120.26323347352445125579833984375">
        <ele>9</ele>
        <time>2025-03-21T13:47:56.000Z</time>
        <extensions>
          <ns3:TrackPointExtension>
            <ns3:hr>167</ns3:hr>
            <ns3:cad>92</ns3:cad>
          </ns3:TrackPointExtension>
        </extensions>
      </trkpt>
      <trkpt lat="30.4471025057137012481689453125" lon="120.26326381601393222808837890625">
        <ele>9</ele>
        <time>2025-03-21T13:47:57.000Z</time>
        <extensions>
          <ns3:TrackPointExtension>
            <ns3:hr>167</ns3:hr>
            <ns3:cad>92</ns3:cad>
          </ns3:TrackPointExtension>
        </extensions>
      </trkpt>
      <trkpt lat="30.447114743292331695556640625" lon="120.26329617016017436981201171875">
        <ele>8.80000019073486328125</ele>
        <time>2025-03-21T13:47:58.000Z</time>
        <extensions>
          <ns3:TrackPointExtension>
            <ns3:hr>167</ns3:hr>
            <ns3:cad>94</ns3:cad>
          </ns3:TrackPointExtension>
        </extensions>
      </trkpt>
      <trkpt lat="30.44713276438415050506591796875" lon="120.26332165114581584930419921875">
        <ele>8.80000019073486328125</ele>
        <time>2025-03-21T13:47:59.000Z</time>
        <extensions>
          <ns3:TrackPointExtension>
            <ns3:hr>167</ns3:hr>
            <ns3:cad>94</ns3:cad>
          </ns3:TrackPointExtension>
        </extensions>
      </trkpt>
      <trkpt lat="30.447145588696002960205078125" lon="120.263351239264011383056640625">
        <ele>8.6000003814697265625</ele>
        <time>2025-03-21T13:48:00.000Z</time>
        <extensions>
          <ns3:TrackPointExtension>
            <ns3:hr>167</ns3:hr>
            <ns3:cad>94</ns3:cad>
          </ns3:TrackPointExtension>
        </extensions>
      </trkpt>
      <trkpt lat="30.4471551440656185150146484375" lon="120.26338367722928524017333984375">
        <ele>8.6000003814697265625</ele>
        <time>2025-03-21T13:48:01.000Z</time>
        <extensions>
          <ns3:TrackPointExtension>
            <ns3:hr>167</ns3:hr>
            <ns3:cad>94</ns3:cad>
          </ns3:TrackPointExtension>
        </extensions>
      </trkpt>
      <trkpt lat="30.4471648670732975006103515625" lon="120.26341418735682964324951171875">
        <ele>8.3999996185302734375</ele>
        <time>2025-03-21T13:48:02.000Z</time>
        <extensions>
          <ns3:TrackPointExtension>
            <ns3:hr>168</ns3:hr>
            <ns3:cad>94</ns3:cad>
          </ns3:TrackPointExtension>
        </extensions>
      </trkpt>
      <trkpt lat="30.44717920012772083282470703125" lon="120.26344008743762969970703125">
        <ele>8.3999996185302734375</ele>
        <time>2025-03-21T13:48:03.000Z</time>
        <extensions>
          <ns3:TrackPointExtension>
            <ns3:hr>168</ns3:hr>
            <ns3:cad>94</ns3:cad>
          </ns3:TrackPointExtension>
        </extensions>
      </trkpt>
      <trkpt lat="30.44719244353473186492919921875" lon="120.2634600363671779632568359375">
        <ele>8.19999980926513671875</ele>
        <time>2025-03-21T13:48:04.000Z</time>
        <extensions>
          <ns3:TrackPointExtension>
            <ns3:hr>168</ns3:hr>
            <ns3:cad>93</ns3:cad>
          </ns3:TrackPointExtension>
        </extensions>
      </trkpt>
      <trkpt lat="30.44720828533172607421875" lon="120.26348710991442203521728515625">
        <ele>8</ele>
        <time>2025-03-21T13:48:05.000Z</time>
        <extensions>
          <ns3:TrackPointExtension>
            <ns3:hr>168</ns3:hr>
            <ns3:cad>93</ns3:cad>
          </ns3:TrackPointExtension>
        </extensions>
      </trkpt>
      <trkpt lat="30.4472272284328937530517578125" lon="120.263506807386875152587890625">
        <ele>8</ele>
        <time>2025-03-21T13:48:06.000Z</time>
        <extensions>
          <ns3:TrackPointExtension>
            <ns3:hr>167</ns3:hr>
            <ns3:cad>90</ns3:cad>
          </ns3:TrackPointExtension>
        </extensions>
      </trkpt>
      <trkpt lat="30.44724441133439540863037109375" lon="120.2635267563164234161376953125">
        <ele>7.80000019073486328125</ele>
        <time>2025-03-21T13:48:07.000Z</time>
        <extensions>
          <ns3:TrackPointExtension>
            <ns3:hr>168</ns3:hr>
            <ns3:cad>90</ns3:cad>
          </ns3:TrackPointExtension>
        </extensions>
      </trkpt>
      <trkpt lat="30.4472584091126918792724609375" lon="120.2635552547872066497802734375">
        <ele>7.80000019073486328125</ele>
        <time>2025-03-21T13:48:08.000Z</time>
        <extensions>
          <ns3:TrackPointExtension>
            <ns3:hr>167</ns3:hr>
            <ns3:cad>90</ns3:cad>
          </ns3:TrackPointExtension>
        </extensions>
      </trkpt>
      <trkpt lat="30.44726855121552944183349609375" lon="120.26358065195381641387939453125">
        <ele>7.599999904632568359375</ele>
        <time>2025-03-21T13:48:09.000Z</time>
        <extensions>
          <ns3:TrackPointExtension>
            <ns3:hr>167</ns3:hr>
            <ns3:cad>90</ns3:cad>
          </ns3:TrackPointExtension>
        </extensions>
      </trkpt>
      <trkpt lat="30.4472845606505870819091796875" lon="120.26360780932009220123291015625">
        <ele>7.599999904632568359375</ele>
        <time>2025-03-21T13:48:10.000Z</time>
        <extensions>
          <ns3:TrackPointExtension>
            <ns3:hr>167</ns3:hr>
            <ns3:cad>90</ns3:cad>
          </ns3:TrackPointExtension>
        </extensions>
      </trkpt>
      <trkpt lat="30.44729235582053661346435546875" lon="120.26363194920122623443603515625">
        <ele>7.599999904632568359375</ele>
        <time>2025-03-21T13:48:11.000Z</time>
        <extensions>
          <ns3:TrackPointExtension>
            <ns3:hr>166</ns3:hr>
            <ns3:cad>90</ns3:cad>
          </ns3:TrackPointExtension>
        </extensions>
      </trkpt>
      <trkpt lat="30.4472956247627735137939453125" lon="120.2636612020432949066162109375">
        <ele>7.599999904632568359375</ele>
        <time>2025-03-21T13:48:12.000Z</time>
        <extensions>
          <ns3:TrackPointExtension>
            <ns3:hr>165</ns3:hr>
            <ns3:cad>90</ns3:cad>
          </ns3:TrackPointExtension>
        </extensions>
      </trkpt>
      <trkpt lat="30.44729772023856639862060546875" lon="120.26369062252342700958251953125">
        <ele>7.599999904632568359375</ele>
        <time>2025-03-21T13:48:13.000Z</time>
        <extensions>
          <ns3:TrackPointExtension>
            <ns3:hr>165</ns3:hr>
            <ns3:cad>90</ns3:cad>
          </ns3:TrackPointExtension>
        </extensions>
      </trkpt>
      <trkpt lat="30.44731230475008487701416015625" lon="120.2637188695371150970458984375">
        <ele>7.599999904632568359375</ele>
        <time>2025-03-21T13:48:14.000Z</time>
        <extensions>
          <ns3:TrackPointExtension>
            <ns3:hr>166</ns3:hr>
            <ns3:cad>90</ns3:cad>
          </ns3:TrackPointExtension>
        </extensions>
      </trkpt>
      <trkpt lat="30.447325296700000762939453125" lon="120.2637473680078983306884765625">
        <ele>7.400000095367431640625</ele>
        <time>2025-03-21T13:48:15.000Z</time>
        <extensions>
          <ns3:TrackPointExtension>
            <ns3:hr>166</ns3:hr>
            <ns3:cad>90</ns3:cad>
          </ns3:TrackPointExtension>
        </extensions>
      </trkpt>
      <trkpt lat="30.44734247960150241851806640625" lon="120.26377544738352298736572265625">
        <ele>7.400000095367431640625</ele>
        <time>2025-03-21T13:48:16.000Z</time>
        <extensions>
          <ns3:TrackPointExtension>
            <ns3:hr>167</ns3:hr>
            <ns3:cad>90</ns3:cad>
          </ns3:TrackPointExtension>
        </extensions>
      </trkpt>
      <trkpt lat="30.44737215153872966766357421875" lon="120.263799168169498443603515625">
        <ele>7.400000095367431640625</ele>
        <time>2025-03-21T13:48:17.000Z</time>
        <extensions>
          <ns3:TrackPointExtension>
            <ns3:hr>168</ns3:hr>
            <ns3:cad>90</ns3:cad>
          </ns3:TrackPointExtension>
        </extensions>
      </trkpt>
      <trkpt lat="30.44739863835275173187255859375" lon="120.2638271637260913848876953125">
        <ele>7.19999980926513671875</ele>
        <time>2025-03-21T13:48:18.000Z</time>
        <extensions>
          <ns3:TrackPointExtension>
            <ns3:hr>169</ns3:hr>
            <ns3:cad>91</ns3:cad>
          </ns3:TrackPointExtension>
        </extensions>
      </trkpt>
      <trkpt lat="30.447409115731716156005859375" lon="120.2638559974730014801025390625">
        <ele>7.19999980926513671875</ele>
        <time>2025-03-21T13:48:19.000Z</time>
        <extensions>
          <ns3:TrackPointExtension>
            <ns3:hr>170</ns3:hr>
            <ns3:cad>91</ns3:cad>
          </ns3:TrackPointExtension>
        </extensions>
      </trkpt>
      <trkpt lat="30.44742085039615631103515625" lon="120.2638821490108966827392578125">
        <ele>7.19999980926513671875</ele>
        <time>2025-03-21T13:48:20.000Z</time>
        <extensions>
          <ns3:TrackPointExtension>
            <ns3:hr>170</ns3:hr>
            <ns3:cad>91</ns3:cad>
          </ns3:TrackPointExtension>
        </extensions>
      </trkpt>
      <trkpt lat="30.44743400998413562774658203125" lon="120.263910479843616485595703125">
        <ele>7</ele>
        <time>2025-03-21T13:48:21.000Z</time>
        <extensions>
          <ns3:TrackPointExtension>
            <ns3:hr>170</ns3:hr>
            <ns3:cad>91</ns3:cad>
          </ns3:TrackPointExtension>
        </extensions>
      </trkpt>
      <trkpt lat="30.44744993560016155242919921875" lon="120.26393621228635311126708984375">
        <ele>7</ele>
        <time>2025-03-21T13:48:22.000Z</time>
        <extensions>
          <ns3:TrackPointExtension>
            <ns3:hr>170</ns3:hr>
            <ns3:cad>92</ns3:cad>
          </ns3:TrackPointExtension>
        </extensions>
      </trkpt>
      <trkpt lat="30.44746552594006061553955078125" lon="120.263966806232929229736328125">
        <ele>7</ele>
        <time>2025-03-21T13:48:23.000Z</time>
        <extensions>
          <ns3:TrackPointExtension>
            <ns3:hr>170</ns3:hr>
            <ns3:cad>92</ns3:cad>
          </ns3:TrackPointExtension>
        </extensions>
      </trkpt>
      <trkpt lat="30.44747927226126194000244140625" lon="120.26399337686598300933837890625">
        <ele>7</ele>
        <time>2025-03-21T13:48:24.000Z</time>
        <extensions>
          <ns3:TrackPointExtension>
            <ns3:hr>170</ns3:hr>
            <ns3:cad>92</ns3:cad>
          </ns3:TrackPointExtension>
        </extensions>
      </trkpt>
      <trkpt lat="30.44749285094439983367919921875" lon="120.2640202827751636505126953125">
        <ele>7</ele>
        <time>2025-03-21T13:48:25.000Z</time>
        <extensions>
          <ns3:TrackPointExtension>
            <ns3:hr>170</ns3:hr>
            <ns3:cad>92</ns3:cad>
          </ns3:TrackPointExtension>
        </extensions>
      </trkpt>
      <trkpt lat="30.4475045017898082733154296875" lon="120.26404567994177341461181640625">
        <ele>7</ele>
        <time>2025-03-21T13:48:26.000Z</time>
        <extensions>
          <ns3:TrackPointExtension>
            <ns3:hr>170</ns3:hr>
            <ns3:cad>91</ns3:cad>
          </ns3:TrackPointExtension>
        </extensions>
      </trkpt>
      <trkpt lat="30.44751338660717010498046875" lon="120.26407711207866668701171875">
        <ele>7</ele>
        <time>2025-03-21T13:48:27.000Z</time>
        <extensions>
          <ns3:TrackPointExtension>
            <ns3:hr>171</ns3:hr>
            <ns3:cad>91</ns3:cad>
          </ns3:TrackPointExtension>
        </extensions>
      </trkpt>
      <trkpt lat="30.44752218760550022125244140625" lon="120.26410527527332305908203125">
        <ele>7</ele>
        <time>2025-03-21T13:48:28.000Z</time>
        <extensions>
          <ns3:TrackPointExtension>
            <ns3:hr>171</ns3:hr>
            <ns3:cad>92</ns3:cad>
          </ns3:TrackPointExtension>
        </extensions>
      </trkpt>
      <trkpt lat="30.447533838450908660888671875" lon="120.26413368992507457733154296875">
        <ele>6.80000019073486328125</ele>
        <time>2025-03-21T13:48:29.000Z</time>
        <extensions>
          <ns3:TrackPointExtension>
            <ns3:hr>170</ns3:hr>
            <ns3:cad>93</ns3:cad>
          </ns3:TrackPointExtension>
        </extensions>
      </trkpt>
      <trkpt lat="30.447542555630207061767578125" lon="120.26415917091071605682373046875">
        <ele>6.80000019073486328125</ele>
        <time>2025-03-21T13:48:30.000Z</time>
        <extensions>
          <ns3:TrackPointExtension>
            <ns3:hr>170</ns3:hr>
            <ns3:cad>93</ns3:cad>
          </ns3:TrackPointExtension>
        </extensions>
      </trkpt>
      <trkpt lat="30.447548925876617431640625" lon="120.2641899324953556060791015625">
        <ele>6.599999904632568359375</ele>
        <time>2025-03-21T13:48:31.000Z</time>
        <extensions>
          <ns3:TrackPointExtension>
            <ns3:hr>170</ns3:hr>
            <ns3:cad>93</ns3:cad>
          </ns3:TrackPointExtension>
        </extensions>
      </trkpt>
      <trkpt lat="30.44755739159882068634033203125" lon="120.26420895941555500030517578125">
        <ele>6.599999904632568359375</ele>
        <time>2025-03-21T13:48:32.000Z</time>
        <extensions>
          <ns3:TrackPointExtension>
            <ns3:hr>171</ns3:hr>
            <ns3:cad>92</ns3:cad>
          </ns3:TrackPointExtension>
        </extensions>
      </trkpt>
      <trkpt lat="30.4475651867687702178955078125" lon="120.26422371156513690948486328125">
        <ele>6.400000095367431640625</ele>
        <time>2025-03-21T13:48:33.000Z</time>
        <extensions>
          <ns3:TrackPointExtension>
            <ns3:hr>171</ns3:hr>
            <ns3:cad>90</ns3:cad>
          </ns3:TrackPointExtension>
        </extensions>
      </trkpt>
      <trkpt lat="30.4475718922913074493408203125" lon="120.26423444040119647979736328125">
        <ele>6.400000095367431640625</ele>
        <time>2025-03-21T13:48:34.000Z</time>
        <extensions>
          <ns3:TrackPointExtension>
            <ns3:hr>171</ns3:hr>
            <ns3:cad>90</ns3:cad>
          </ns3:TrackPointExtension>
        </extensions>
      </trkpt>
      <trkpt lat="30.44757918454706668853759765625" lon="120.2642462588846683502197265625">
        <ele>6.400000095367431640625</ele>
        <time>2025-03-21T13:48:35.000Z</time>
        <extensions>
          <ns3:TrackPointExtension>
            <ns3:hr>172</ns3:hr>
            <ns3:cad>90</ns3:cad>
          </ns3:TrackPointExtension>
        </extensions>
      </trkpt>
      <trkpt lat="30.44758387841284275054931640625" lon="120.264255814254283905029296875">
        <ele>6.400000095367431640625</ele>
        <time>2025-03-21T13:48:36.000Z</time>
        <extensions>
          <ns3:TrackPointExtension>
            <ns3:hr>172</ns3:hr>
            <ns3:cad>90</ns3:cad>
          </ns3:TrackPointExtension>
        </extensions>
      </trkpt>
      <trkpt lat="30.44759158976376056671142578125" lon="120.2642640285193920135498046875">
        <ele>6.400000095367431640625</ele>
        <time>2025-03-21T13:48:37.000Z</time>
        <extensions>
          <ns3:TrackPointExtension>
            <ns3:hr>172</ns3:hr>
            <ns3:cad>90</ns3:cad>
          </ns3:TrackPointExtension>
        </extensions>
      </trkpt>
      <trkpt lat="30.44759611599147319793701171875" lon="120.26427333243191242218017578125">
        <ele>6.400000095367431640625</ele>
        <time>2025-03-21T13:48:38.000Z</time>
        <extensions>
          <ns3:TrackPointExtension>
            <ns3:hr>172</ns3:hr>
            <ns3:cad>65</ns3:cad>
          </ns3:TrackPointExtension>
        </extensions>
      </trkpt>
      <trkpt lat="30.44759762473404407501220703125" lon="120.264283977448940277099609375">
        <ele>6.19999980926513671875</ele>
        <time>2025-03-21T13:48:39.000Z</time>
        <extensions>
          <ns3:TrackPointExtension>
            <ns3:hr>171</ns3:hr>
            <ns3:cad>63</ns3:cad>
          </ns3:TrackPointExtension>
        </extensions>
      </trkpt>
      <trkpt lat="30.44760064221918582916259765625" lon="120.2642963826656341552734375">
        <ele>6.19999980926513671875</ele>
        <time>2025-03-21T13:48:40.000Z</time>
        <extensions>
          <ns3:TrackPointExtension>
            <ns3:hr>171</ns3:hr>
            <ns3:cad>63</ns3:cad>
          </ns3:TrackPointExtension>
        </extensions>
      </trkpt>
      <trkpt lat="30.44760567136108875274658203125" lon="120.26431071572005748748779296875">
        <ele>6.19999980926513671875</ele>
        <time>2025-03-21T13:48:41.000Z</time>
        <extensions>
          <ns3:TrackPointExtension>
            <ns3:hr>171</ns3:hr>
            <ns3:cad>63</ns3:cad>
          </ns3:TrackPointExtension>
        </extensions>
      </trkpt>
      <trkpt lat="30.44761002995073795318603515625" lon="120.26432915590703487396240234375">
        <ele>6.19999980926513671875</ele>
        <time>2025-03-21T13:48:42.000Z</time>
        <extensions>
          <ns3:TrackPointExtension>
            <ns3:hr>171</ns3:hr>
            <ns3:cad>64</ns3:cad>
          </ns3:TrackPointExtension>
        </extensions>
      </trkpt>
      <trkpt lat="30.44761489145457744598388671875" lon="120.26434508152306079864501953125">
        <ele>6</ele>
        <time>2025-03-21T13:48:43.000Z</time>
        <extensions>
          <ns3:TrackPointExtension>
            <ns3:hr>170</ns3:hr>
            <ns3:cad>64</ns3:cad>
          </ns3:TrackPointExtension>
        </extensions>
      </trkpt>
      <trkpt lat="30.44762444682419300079345703125" lon="120.26436000131070613861083984375">
        <ele>6</ele>
        <time>2025-03-21T13:48:44.000Z</time>
        <extensions>
          <ns3:TrackPointExtension>
            <ns3:hr>170</ns3:hr>
            <ns3:cad>65</ns3:cad>
          </ns3:TrackPointExtension>
        </extensions>
      </trkpt>
      <trkpt lat="30.4476355947554111480712890625" lon="120.26437005959451198577880859375">
        <ele>6</ele>
        <time>2025-03-21T13:48:45.000Z</time>
        <extensions>
          <ns3:TrackPointExtension>
            <ns3:hr>170</ns3:hr>
            <ns3:cad>65</ns3:cad>
          </ns3:TrackPointExtension>
        </extensions>
      </trkpt>
      <trkpt lat="30.44764657504856586456298828125" lon="120.2643840573728084564208984375">
        <ele>6</ele>
        <time>2025-03-21T13:48:46.000Z</time>
        <extensions>
          <ns3:TrackPointExtension>
            <ns3:hr>170</ns3:hr>
            <ns3:cad>65</ns3:cad>
          </ns3:TrackPointExtension>
        </extensions>
      </trkpt>
      <trkpt lat="30.447659231722354888916015625" lon="120.26440157555043697357177734375">
        <ele>5.80000019073486328125</ele>
        <time>2025-03-21T13:48:47.000Z</time>
        <extensions>
          <ns3:TrackPointExtension>
            <ns3:hr>170</ns3:hr>
            <ns3:cad>65</ns3:cad>
          </ns3:TrackPointExtension>
        </extensions>
      </trkpt>
      <trkpt lat="30.44767004437744617462158203125" lon="120.2644175849854946136474609375">
        <ele>5.80000019073486328125</ele>
        <time>2025-03-21T13:48:48.000Z</time>
        <extensions>
          <ns3:TrackPointExtension>
            <ns3:hr>169</ns3:hr>
            <ns3:cad>65</ns3:cad>
          </ns3:TrackPointExtension>
        </extensions>
      </trkpt>
      <trkpt lat="30.44768261723220348358154296875" lon="120.26444180868566036224365234375">
        <ele>5.80000019073486328125</ele>
        <time>2025-03-21T13:48:49.000Z</time>
        <extensions>
          <ns3:TrackPointExtension>
            <ns3:hr>168</ns3:hr>
            <ns3:cad>65</ns3:cad>
          </ns3:TrackPointExtension>
        </extensions>
      </trkpt>
      <trkpt lat="30.44769653119146823883056640625" lon="120.26446293108165264129638671875">
        <ele>5.599999904632568359375</ele>
        <time>2025-03-21T13:48:50.000Z</time>
        <extensions>
          <ns3:TrackPointExtension>
            <ns3:hr>167</ns3:hr>
            <ns3:cad>88</ns3:cad>
          </ns3:TrackPointExtension>
        </extensions>
      </trkpt>
      <trkpt lat="30.44771061278879642486572265625" lon="120.26448405347764492034912109375">
        <ele>5.599999904632568359375</ele>
        <time>2025-03-21T13:48:51.000Z</time>
        <extensions>
          <ns3:TrackPointExtension>
            <ns3:hr>167</ns3:hr>
            <ns3:cad>88</ns3:cad>
          </ns3:TrackPointExtension>
        </extensions>
      </trkpt>
      <trkpt lat="30.44772125780582427978515625" lon="120.26450634934008121490478515625">
        <ele>5.400000095367431640625</ele>
        <time>2025-03-21T13:48:52.000Z</time>
        <extensions>
          <ns3:TrackPointExtension>
            <ns3:hr>167</ns3:hr>
            <ns3:cad>89</ns3:cad>
          </ns3:TrackPointExtension>
        </extensions>
      </trkpt>
      <trkpt lat="30.4477261193096637725830078125" lon="120.26453099213540554046630859375">
        <ele>5.400000095367431640625</ele>
        <time>2025-03-21T13:48:53.000Z</time>
        <extensions>
          <ns3:TrackPointExtension>
            <ns3:hr>166</ns3:hr>
            <ns3:cad>90</ns3:cad>
          </ns3:TrackPointExtension>
        </extensions>
      </trkpt>
      <trkpt lat="30.4477326571941375732421875" lon="120.26455328799784183502197265625">
        <ele>5.400000095367431640625</ele>
        <time>2025-03-21T13:48:54.000Z</time>
        <extensions>
          <ns3:TrackPointExtension>
            <ns3:hr>165</ns3:hr>
            <ns3:cad>90</ns3:cad>
          </ns3:TrackPointExtension>
        </extensions>
      </trkpt>
      <trkpt lat="30.44773810543119907379150390625" lon="120.264572985470294952392578125">
        <ele>5.19999980926513671875</ele>
        <time>2025-03-21T13:48:55.000Z</time>
        <extensions>
          <ns3:TrackPointExtension>
            <ns3:hr>165</ns3:hr>
            <ns3:cad>90</ns3:cad>
          </ns3:TrackPointExtension>
        </extensions>
      </trkpt>
      <trkpt lat="30.44774380512535572052001953125" lon="120.2645912580192089080810546875">
        <ele>5.19999980926513671875</ele>
        <time>2025-03-21T13:48:56.000Z</time>
        <extensions>
          <ns3:TrackPointExtension>
            <ns3:hr>165</ns3:hr>
            <ns3:cad>90</ns3:cad>
          </ns3:TrackPointExtension>
        </extensions>
      </trkpt>
      <trkpt lat="30.447752773761749267578125" lon="120.26460642926394939422607421875">
        <ele>5.19999980926513671875</ele>
        <time>2025-03-21T13:48:57.000Z</time>
        <extensions>
          <ns3:TrackPointExtension>
            <ns3:hr>165</ns3:hr>
            <ns3:cad>90</ns3:cad>
          </ns3:TrackPointExtension>
        </extensions>
      </trkpt>
      <trkpt lat="30.4477596469223499298095703125" lon="120.2646217681467533111572265625">
        <ele>5.19999980926513671875</ele>
        <time>2025-03-21T13:48:58.000Z</time>
        <extensions>
          <ns3:TrackPointExtension>
            <ns3:hr>165</ns3:hr>
            <ns3:cad>90</ns3:cad>
          </ns3:TrackPointExtension>
        </extensions>
      </trkpt>
      <trkpt lat="30.44776341877877712249755859375" lon="120.26463811285793781280517578125">
        <ele>5</ele>
        <time>2025-03-21T13:48:59.000Z</time>
        <extensions>
          <ns3:TrackPointExtension>
            <ns3:hr>164</ns3:hr>
            <ns3:cad>90</ns3:cad>
          </ns3:TrackPointExtension>
        </extensions>
      </trkpt>
      <trkpt lat="30.44776509515941143035888671875" lon="120.26465688832104206085205078125">
        <ele>5</ele>
        <time>2025-03-21T13:49:00.000Z</time>
        <extensions>
          <ns3:TrackPointExtension>
            <ns3:hr>163</ns3:hr>
            <ns3:cad>90</ns3:cad>
          </ns3:TrackPointExtension>
        </extensions>
      </trkpt>
      <trkpt lat="30.44777045957744121551513671875" lon="120.2646727301180362701416015625">
        <ele>5</ele>
        <time>2025-03-21T13:49:01.000Z</time>
        <extensions>
          <ns3:TrackPointExtension>
            <ns3:hr>162</ns3:hr>
            <ns3:cad>65</ns3:cad>
          </ns3:TrackPointExtension>
        </extensions>
      </trkpt>
      <trkpt lat="30.44777699746191501617431640625" lon="120.26468689553439617156982421875">
        <ele>5</ele>
        <time>2025-03-21T13:49:02.000Z</time>
        <extensions>
          <ns3:TrackPointExtension>
            <ns3:hr>161</ns3:hr>
            <ns3:cad>65</ns3:cad>
          </ns3:TrackPointExtension>
        </extensions>
      </trkpt>
      <trkpt lat="30.447781272232532501220703125" lon="120.2647018991410732269287109375">
        <ele>5</ele>
        <time>2025-03-21T13:49:03.000Z</time>
        <extensions>
          <ns3:TrackPointExtension>
            <ns3:hr>160</ns3:hr>
            <ns3:cad>65</ns3:cad>
          </ns3:TrackPointExtension>
        </extensions>
      </trkpt>
      <trkpt lat="30.4477854631841182708740234375" lon="120.26471438817679882049560546875">
        <ele>5.19999980926513671875</ele>
        <time>2025-03-21T13:49:04.000Z</time>
        <extensions>
          <ns3:TrackPointExtension>
            <ns3:hr>160</ns3:hr>
            <ns3:cad>65</ns3:cad>
          </ns3:TrackPointExtension>
        </extensions>
      </trkpt>
      <trkpt lat="30.447789318859577178955078125" lon="120.26472595520317554473876953125">
        <ele>5.19999980926513671875</ele>
        <time>2025-03-21T13:49:05.000Z</time>
        <extensions>
          <ns3:TrackPointExtension>
            <ns3:hr>160</ns3:hr>
            <ns3:cad>65</ns3:cad>
          </ns3:TrackPointExtension>
        </extensions>
      </trkpt>
      <trkpt lat="30.44779392890632152557373046875" lon="120.26473718695342540740966796875">
        <ele>5.19999980926513671875</ele>
        <time>2025-03-21T13:49:06.000Z</time>
        <extensions>
          <ns3:TrackPointExtension>
            <ns3:hr>160</ns3:hr>
            <ns3:cad>63</ns3:cad>
          </ns3:TrackPointExtension>
        </extensions>
      </trkpt>
      <trkpt lat="30.44779795221984386444091796875" lon="120.26475034654140472412109375">
        <ele>5.19999980926513671875</ele>
        <time>2025-03-21T13:49:07.000Z</time>
        <extensions>
          <ns3:TrackPointExtension>
            <ns3:hr>160</ns3:hr>
            <ns3:cad>63</ns3:cad>
          </ns3:TrackPointExtension>
        </extensions>
      </trkpt>
      <trkpt lat="30.44780197553336620330810546875" lon="120.2647657692432403564453125">
        <ele>5.19999980926513671875</ele>
        <time>2025-03-21T13:49:08.000Z</time>
        <extensions>
          <ns3:TrackPointExtension>
            <ns3:hr>160</ns3:hr>
            <ns3:cad>63</ns3:cad>
          </ns3:TrackPointExtension>
        </extensions>
      </trkpt>
      <trkpt lat="30.44780683703720569610595703125" lon="120.2647756598889827728271484375">
        <ele>5.19999980926513671875</ele>
        <time>2025-03-21T13:49:09.000Z</time>
        <extensions>
          <ns3:TrackPointExtension>
            <ns3:hr>160</ns3:hr>
            <ns3:cad>63</ns3:cad>
          </ns3:TrackPointExtension>
        </extensions>
      </trkpt>
      <trkpt lat="30.447806082665920257568359375" lon="120.26478831656277179718017578125">
        <ele>5.19999980926513671875</ele>
        <time>2025-03-21T13:49:10.000Z</time>
        <extensions>
          <ns3:TrackPointExtension>
            <ns3:hr>160</ns3:hr>
            <ns3:cad>63</ns3:cad>
          </ns3:TrackPointExtension>
        </extensions>
      </trkpt>
      <trkpt lat="30.44780516065657138824462890625" lon="120.264803655445575714111328125">
        <ele>5.400000095367431640625</ele>
        <time>2025-03-21T13:49:11.000Z</time>
        <extensions>
          <ns3:TrackPointExtension>
            <ns3:hr>160</ns3:hr>
            <ns3:cad>63</ns3:cad>
          </ns3:TrackPointExtension>
        </extensions>
      </trkpt>
      <trkpt lat="30.44780482538044452667236328125" lon="120.2648215927183628082275390625">
        <ele>5.400000095367431640625</ele>
        <time>2025-03-21T13:49:12.000Z</time>
        <extensions>
          <ns3:TrackPointExtension>
            <ns3:hr>160</ns3:hr>
            <ns3:cad>63</ns3:cad>
          </ns3:TrackPointExtension>
        </extensions>
      </trkpt>
      <trkpt lat="30.4478025622665882110595703125" lon="120.264839194715023040771484375">
        <ele>5.400000095367431640625</ele>
        <time>2025-03-21T13:49:13.000Z</time>
        <extensions>
          <ns3:TrackPointExtension>
            <ns3:hr>160</ns3:hr>
            <ns3:cad>65</ns3:cad>
          </ns3:TrackPointExtension>
        </extensions>
      </trkpt>
      <trkpt lat="30.44779300689697265625" lon="120.2648621611297130584716796875">
        <ele>5.599999904632568359375</ele>
        <time>2025-03-21T13:49:14.000Z</time>
        <extensions>
          <ns3:TrackPointExtension>
            <ns3:hr>160</ns3:hr>
            <ns3:cad>65</ns3:cad>
          </ns3:TrackPointExtension>
        </extensions>
      </trkpt>
      <trkpt lat="30.447783954441547393798828125" lon="120.264881439507007598876953125">
        <ele>5.80000019073486328125</ele>
        <time>2025-03-21T13:49:15.000Z</time>
        <extensions>
          <ns3:TrackPointExtension>
            <ns3:hr>160</ns3:hr>
            <ns3:cad>65</ns3:cad>
          </ns3:TrackPointExtension>
        </extensions>
      </trkpt>
      <trkpt lat="30.44777750037610530853271484375" lon="120.26490063406527042388916015625">
        <ele>5.80000019073486328125</ele>
        <time>2025-03-21T13:49:16.000Z</time>
        <extensions>
          <ns3:TrackPointExtension>
            <ns3:hr>159</ns3:hr>
            <ns3:cad>64</ns3:cad>
          </ns3:TrackPointExtension>
        </extensions>
      </trkpt>
      <trkpt lat="30.4477728903293609619140625" lon="120.2649158053100109100341796875">
        <ele>5.80000019073486328125</ele>
        <time>2025-03-21T13:49:17.000Z</time>
        <extensions>
          <ns3:TrackPointExtension>
            <ns3:hr>159</ns3:hr>
            <ns3:cad>64</ns3:cad>
          </ns3:TrackPointExtension>
        </extensions>
      </trkpt>
      <trkpt lat="30.44776878319680690765380859375" lon="120.2649288810789585113525390625">
        <ele>5.80000019073486328125</ele>
        <time>2025-03-21T13:49:18.000Z</time>
        <extensions>
          <ns3:TrackPointExtension>
            <ns3:hr>158</ns3:hr>
            <ns3:cad>65</ns3:cad>
          </ns3:TrackPointExtension>
        </extensions>
      </trkpt>
      <trkpt lat="30.4477640055119991302490234375" lon="120.26493952609598636627197265625">
        <ele>6</ele>
        <time>2025-03-21T13:49:19.000Z</time>
        <extensions>
          <ns3:TrackPointExtension>
            <ns3:hr>157</ns3:hr>
            <ns3:cad>65</ns3:cad>
          </ns3:TrackPointExtension>
        </extensions>
      </trkpt>
      <trkpt lat="30.44775889255106449127197265625" lon="120.26495528407394886016845703125">
        <ele>5.80000019073486328125</ele>
        <time>2025-03-21T13:49:20.000Z</time>
        <extensions>
          <ns3:TrackPointExtension>
            <ns3:hr>156</ns3:hr>
            <ns3:cad>65</ns3:cad>
          </ns3:TrackPointExtension>
        </extensions>
      </trkpt>
      <trkpt lat="30.44774942100048065185546875" lon="120.2649714611470699310302734375">
        <ele>5.80000019073486328125</ele>
        <time>2025-03-21T13:49:21.000Z</time>
        <extensions>
          <ns3:TrackPointExtension>
            <ns3:hr>155</ns3:hr>
            <ns3:cad>65</ns3:cad>
          </ns3:TrackPointExtension>
        </extensions>
      </trkpt>
      <trkpt lat="30.44773693196475505828857421875" lon="120.2649888955056667327880859375">
        <ele>5.80000019073486328125</ele>
        <time>2025-03-21T13:49:22.000Z</time>
        <extensions>
          <ns3:TrackPointExtension>
            <ns3:hr>154</ns3:hr>
            <ns3:cad>65</ns3:cad>
          </ns3:TrackPointExtension>
        </extensions>
      </trkpt>
      <trkpt lat="30.447723604738712310791015625" lon="120.2650080062448978424072265625">
        <ele>5.599999904632568359375</ele>
        <time>2025-03-21T13:49:23.000Z</time>
        <extensions>
          <ns3:TrackPointExtension>
            <ns3:hr>154</ns3:hr>
            <ns3:cad>65</ns3:cad>
          </ns3:TrackPointExtension>
        </extensions>
      </trkpt>
      <trkpt lat="30.44770390726625919342041015625" lon="120.2650287933647632598876953125">
        <ele>5.599999904632568359375</ele>
        <time>2025-03-21T13:49:24.000Z</time>
        <extensions>
          <ns3:TrackPointExtension>
            <ns3:hr>154</ns3:hr>
            <ns3:cad>88</ns3:cad>
          </ns3:TrackPointExtension>
        </extensions>
      </trkpt>
      <trkpt lat="30.4476845450699329376220703125" lon="120.26504631154239177703857421875">
        <ele>5.599999904632568359375</ele>
        <time>2025-03-21T13:49:25.000Z</time>
        <extensions>
          <ns3:TrackPointExtension>
            <ns3:hr>154</ns3:hr>
            <ns3:cad>89</ns3:cad>
          </ns3:TrackPointExtension>
        </extensions>
      </trkpt>
      <trkpt lat="30.44766317121684551239013671875" lon="120.2650619857013225555419921875">
        <ele>5.400000095367431640625</ele>
        <time>2025-03-21T13:49:26.000Z</time>
        <extensions>
          <ns3:TrackPointExtension>
            <ns3:hr>152</ns3:hr>
            <ns3:cad>89</ns3:cad>
          </ns3:TrackPointExtension>
        </extensions>
      </trkpt>
      <trkpt lat="30.44764054007828235626220703125" lon="120.2650757320225238800048828125">
        <ele>5.400000095367431640625</ele>
        <time>2025-03-21T13:49:27.000Z</time>
        <extensions>
          <ns3:TrackPointExtension>
            <ns3:hr>151</ns3:hr>
            <ns3:cad>89</ns3:cad>
          </ns3:TrackPointExtension>
        </extensions>
      </trkpt>
      <trkpt lat="30.44761723838746547698974609375" lon="120.26508704759180545806884765625">
        <ele>5.400000095367431640625</ele>
        <time>2025-03-21T13:49:28.000Z</time>
        <extensions>
          <ns3:TrackPointExtension>
            <ns3:hr>151</ns3:hr>
            <ns3:cad>90</ns3:cad>
          </ns3:TrackPointExtension>
        </extensions>
      </trkpt>
      <trkpt lat="30.44759251177310943603515625" lon="120.26509962044656276702880859375">
        <ele>5.599999904632568359375</ele>
        <time>2025-03-21T13:49:29.000Z</time>
        <extensions>
          <ns3:TrackPointExtension>
            <ns3:hr>150</ns3:hr>
            <ns3:cad>90</ns3:cad>
          </ns3:TrackPointExtension>
        </extensions>
      </trkpt>
      <trkpt lat="30.4475705511868000030517578125" lon="120.2651095949113368988037109375">
        <ele>5.599999904632568359375</ele>
        <time>2025-03-21T13:49:30.000Z</time>
        <extensions>
          <ns3:TrackPointExtension>
            <ns3:hr>150</ns3:hr>
            <ns3:cad>90</ns3:cad>
          </ns3:TrackPointExtension>
        </extensions>
      </trkpt>
      <trkpt lat="30.4475470818579196929931640625" lon="120.26512107811868190765380859375">
        <ele>5.599999904632568359375</ele>
        <time>2025-03-21T13:49:31.000Z</time>
        <extensions>
          <ns3:TrackPointExtension>
            <ns3:hr>150</ns3:hr>
            <ns3:cad>90</ns3:cad>
          </ns3:TrackPointExtension>
        </extensions>
      </trkpt>
      <trkpt lat="30.44752285815775394439697265625" lon="120.26513415388762950897216796875">
        <ele>5.80000019073486328125</ele>
        <time>2025-03-21T13:49:32.000Z</time>
        <extensions>
          <ns3:TrackPointExtension>
            <ns3:hr>150</ns3:hr>
            <ns3:cad>90</ns3:cad>
          </ns3:TrackPointExtension>
        </extensions>
      </trkpt>
      <trkpt lat="30.44749804772436618804931640625" lon="120.26514505036175251007080078125">
        <ele>5.80000019073486328125</ele>
        <time>2025-03-21T13:49:33.000Z</time>
        <extensions>
          <ns3:TrackPointExtension>
            <ns3:hr>151</ns3:hr>
            <ns3:cad>90</ns3:cad>
          </ns3:TrackPointExtension>
        </extensions>
      </trkpt>
      <trkpt lat="30.44747374020516872406005859375" lon="120.265156365931034088134765625">
        <ele>6</ele>
        <time>2025-03-21T13:49:34.000Z</time>
        <extensions>
          <ns3:TrackPointExtension>
            <ns3:hr>151</ns3:hr>
            <ns3:cad>92</ns3:cad>
          </ns3:TrackPointExtension>
        </extensions>
      </trkpt>
      <trkpt lat="30.44744767248630523681640625" lon="120.2651681005954742431640625">
        <ele>6</ele>
        <time>2025-03-21T13:49:35.000Z</time>
        <extensions>
          <ns3:TrackPointExtension>
            <ns3:hr>151</ns3:hr>
            <ns3:cad>93</ns3:cad>
          </ns3:TrackPointExtension>
        </extensions>
      </trkpt>
      <trkpt lat="30.4474203474819660186767578125" lon="120.26518058963119983673095703125">
        <ele>6.19999980926513671875</ele>
        <time>2025-03-21T13:49:36.000Z</time>
        <extensions>
          <ns3:TrackPointExtension>
            <ns3:hr>151</ns3:hr>
            <ns3:cad>93</ns3:cad>
          </ns3:TrackPointExtension>
        </extensions>
      </trkpt>
      <trkpt lat="30.44739478267729282379150390625" lon="120.2651922404766082763671875">
        <ele>6.400000095367431640625</ele>
        <time>2025-03-21T13:49:37.000Z</time>
        <extensions>
          <ns3:TrackPointExtension>
            <ns3:hr>151</ns3:hr>
            <ns3:cad>93</ns3:cad>
          </ns3:TrackPointExtension>
        </extensions>
      </trkpt>
      <trkpt lat="30.44737013988196849822998046875" lon="120.26520632207393646240234375">
        <ele>6.599999904632568359375</ele>
        <time>2025-03-21T13:49:38.000Z</time>
        <extensions>
          <ns3:TrackPointExtension>
            <ns3:hr>150</ns3:hr>
            <ns3:cad>93</ns3:cad>
          </ns3:TrackPointExtension>
        </extensions>
      </trkpt>
      <trkpt lat="30.447348766028881072998046875" lon="120.2652199007570743560791015625">
        <ele>6.80000019073486328125</ele>
        <time>2025-03-21T13:49:39.000Z</time>
        <extensions>
          <ns3:TrackPointExtension>
            <ns3:hr>150</ns3:hr>
            <ns3:cad>91</ns3:cad>
          </ns3:TrackPointExtension>
        </extensions>
      </trkpt>
      <trkpt lat="30.4473271407186985015869140625" lon="120.26523322798311710357666015625">
        <ele>7</ele>
        <time>2025-03-21T13:49:40.000Z</time>
        <extensions>
          <ns3:TrackPointExtension>
            <ns3:hr>150</ns3:hr>
            <ns3:cad>91</ns3:cad>
          </ns3:TrackPointExtension>
        </extensions>
      </trkpt>
      <trkpt lat="30.4473063535988330841064453125" lon="120.26524462737143039703369140625">
        <ele>7.19999980926513671875</ele>
        <time>2025-03-21T13:49:41.000Z</time>
        <extensions>
          <ns3:TrackPointExtension>
            <ns3:hr>150</ns3:hr>
            <ns3:cad>91</ns3:cad>
          </ns3:TrackPointExtension>
        </extensions>
      </trkpt>
      <trkpt lat="30.4472805373370647430419921875" lon="120.2652571164071559906005859375">
        <ele>7.19999980926513671875</ele>
        <time>2025-03-21T13:49:42.000Z</time>
        <extensions>
          <ns3:TrackPointExtension>
            <ns3:hr>150</ns3:hr>
            <ns3:cad>91</ns3:cad>
          </ns3:TrackPointExtension>
        </extensions>
      </trkpt>
      <trkpt lat="30.44725446961820125579833984375" lon="120.2652695216238498687744140625">
        <ele>7.400000095367431640625</ele>
        <time>2025-03-21T13:49:43.000Z</time>
        <extensions>
          <ns3:TrackPointExtension>
            <ns3:hr>150</ns3:hr>
            <ns3:cad>94</ns3:cad>
          </ns3:TrackPointExtension>
        </extensions>
      </trkpt>
      <trkpt lat="30.44723150320351123809814453125" lon="120.26528268121182918548583984375">
        <ele>7.599999904632568359375</ele>
        <time>2025-03-21T13:49:44.000Z</time>
        <extensions>
          <ns3:TrackPointExtension>
            <ns3:hr>151</ns3:hr>
            <ns3:cad>94</ns3:cad>
          </ns3:TrackPointExtension>
        </extensions>
      </trkpt>
      <trkpt lat="30.44720652513206005096435546875" lon="120.2652983553707599639892578125">
        <ele>7.599999904632568359375</ele>
        <time>2025-03-21T13:49:45.000Z</time>
        <extensions>
          <ns3:TrackPointExtension>
            <ns3:hr>152</ns3:hr>
            <ns3:cad>92</ns3:cad>
          </ns3:TrackPointExtension>
        </extensions>
      </trkpt>
      <trkpt lat="30.44718925841152667999267578125" lon="120.2653171308338642120361328125">
        <ele>7.599999904632568359375</ele>
        <time>2025-03-21T13:49:46.000Z</time>
        <extensions>
          <ns3:TrackPointExtension>
            <ns3:hr>153</ns3:hr>
            <ns3:cad>92</ns3:cad>
          </ns3:TrackPointExtension>
        </extensions>
      </trkpt>
      <trkpt lat="30.44717014767229557037353515625" lon="120.2653369121253490447998046875">
        <ele>7.599999904632568359375</ele>
        <time>2025-03-21T13:49:47.000Z</time>
        <extensions>
          <ns3:TrackPointExtension>
            <ns3:hr>154</ns3:hr>
            <ns3:cad>92</ns3:cad>
          </ns3:TrackPointExtension>
        </extensions>
      </trkpt>
      <trkpt lat="30.44714751653373241424560546875" lon="120.2653536759316921234130859375">
        <ele>7.599999904632568359375</ele>
        <time>2025-03-21T13:49:48.000Z</time>
        <extensions>
          <ns3:TrackPointExtension>
            <ns3:hr>155</ns3:hr>
            <ns3:cad>92</ns3:cad>
          </ns3:TrackPointExtension>
        </extensions>
      </trkpt>
      <trkpt lat="30.4471249692142009735107421875" lon="120.2653721161186695098876953125">
        <ele>7.599999904632568359375</ele>
        <time>2025-03-21T13:49:49.000Z</time>
        <extensions>
          <ns3:TrackPointExtension>
            <ns3:hr>155</ns3:hr>
            <ns3:cad>92</ns3:cad>
          </ns3:TrackPointExtension>
        </extensions>
      </trkpt>
      <trkpt lat="30.44710326008498668670654296875" lon="120.2653855271637439727783203125">
        <ele>7.599999904632568359375</ele>
        <time>2025-03-21T13:49:50.000Z</time>
        <extensions>
          <ns3:TrackPointExtension>
            <ns3:hr>156</ns3:hr>
            <ns3:cad>92</ns3:cad>
          </ns3:TrackPointExtension>
        </extensions>
      </trkpt>
      <trkpt lat="30.44707953929901123046875" lon="120.26539902202785015106201171875">
        <ele>7.80000019073486328125</ele>
        <time>2025-03-21T13:49:51.000Z</time>
        <extensions>
          <ns3:TrackPointExtension>
            <ns3:hr>157</ns3:hr>
            <ns3:cad>92</ns3:cad>
          </ns3:TrackPointExtension>
        </extensions>
      </trkpt>
      <trkpt lat="30.4470535553991794586181640625" lon="120.26541310362517833709716796875">
        <ele>8</ele>
        <time>2025-03-21T13:49:52.000Z</time>
        <extensions>
          <ns3:TrackPointExtension>
            <ns3:hr>158</ns3:hr>
            <ns3:cad>92</ns3:cad>
          </ns3:TrackPointExtension>
        </extensions>
      </trkpt>
      <trkpt lat="30.44703000225126743316650390625" lon="120.2654274366796016693115234375">
        <ele>8.19999980926513671875</ele>
        <time>2025-03-21T13:49:53.000Z</time>
        <extensions>
          <ns3:TrackPointExtension>
            <ns3:hr>158</ns3:hr>
            <ns3:cad>92</ns3:cad>
          </ns3:TrackPointExtension>
        </extensions>
      </trkpt>
      <trkpt lat="30.44700250960886478424072265625" lon="120.2654415182769298553466796875">
        <ele>8.3999996185302734375</ele>
        <time>2025-03-21T13:49:54.000Z</time>
        <extensions>
          <ns3:TrackPointExtension>
            <ns3:hr>159</ns3:hr>
            <ns3:cad>92</ns3:cad>
          </ns3:TrackPointExtension>
        </extensions>
      </trkpt>
      <trkpt lat="30.446977950632572174072265625" lon="120.26545417495071887969970703125">
        <ele>8.3999996185302734375</ele>
        <time>2025-03-21T13:49:55.000Z</time>
        <extensions>
          <ns3:TrackPointExtension>
            <ns3:hr>159</ns3:hr>
            <ns3:cad>93</ns3:cad>
          </ns3:TrackPointExtension>
        </extensions>
      </trkpt>
      <trkpt lat="30.44695406220853328704833984375" lon="120.2654680050909519195556640625">
        <ele>8.6000003814697265625</ele>
        <time>2025-03-21T13:49:56.000Z</time>
        <extensions>
          <ns3:TrackPointExtension>
            <ns3:hr>159</ns3:hr>
            <ns3:cad>93</ns3:cad>
          </ns3:TrackPointExtension>
        </extensions>
      </trkpt>
      <trkpt lat="30.44693008996546268463134765625" lon="120.26548326015472412109375">
        <ele>8.80000019073486328125</ele>
        <time>2025-03-21T13:49:57.000Z</time>
        <extensions>
          <ns3:TrackPointExtension>
            <ns3:hr>160</ns3:hr>
            <ns3:cad>93</ns3:cad>
          </ns3:TrackPointExtension>
        </extensions>
      </trkpt>
      <trkpt lat="30.4469053633511066436767578125" lon="120.26549709029495716094970703125">
        <ele>8.80000019073486328125</ele>
        <time>2025-03-21T13:49:58.000Z</time>
        <extensions>
          <ns3:TrackPointExtension>
            <ns3:hr>160</ns3:hr>
            <ns3:cad>93</ns3:cad>
          </ns3:TrackPointExtension>
        </extensions>
      </trkpt>
      <trkpt lat="30.44687828980386257171630859375" lon="120.26551016606390476226806640625">
        <ele>8.6000003814697265625</ele>
        <time>2025-03-21T13:49:59.000Z</time>
        <extensions>
          <ns3:TrackPointExtension>
            <ns3:hr>160</ns3:hr>
            <ns3:cad>94</ns3:cad>
          </ns3:TrackPointExtension>
        </extensions>
      </trkpt>
      <trkpt lat="30.446851216256618499755859375" lon="120.26552148163318634033203125">
        <ele>8.3999996185302734375</ele>
        <time>2025-03-21T13:50:00.000Z</time>
        <extensions>
          <ns3:TrackPointExtension>
            <ns3:hr>160</ns3:hr>
            <ns3:cad>94</ns3:cad>
          </ns3:TrackPointExtension>
        </extensions>
      </trkpt>
      <trkpt lat="30.44682548381388187408447265625" lon="120.2655333839356899261474609375">
        <ele>8.19999980926513671875</ele>
        <time>2025-03-21T13:50:01.000Z</time>
        <extensions>
          <ns3:TrackPointExtension>
            <ns3:hr>161</ns3:hr>
            <ns3:cad>94</ns3:cad>
          </ns3:TrackPointExtension>
        </extensions>
      </trkpt>
      <trkpt lat="30.44679698534309864044189453125" lon="120.2655454538762569427490234375">
        <ele>8</ele>
        <time>2025-03-21T13:50:02.000Z</time>
        <extensions>
          <ns3:TrackPointExtension>
            <ns3:hr>162</ns3:hr>
            <ns3:cad>94</ns3:cad>
          </ns3:TrackPointExtension>
        </extensions>
      </trkpt>
      <trkpt lat="30.4467699117958545684814453125" lon="120.26555660180747509002685546875">
        <ele>8</ele>
        <time>2025-03-21T13:50:03.000Z</time>
        <extensions>
          <ns3:TrackPointExtension>
            <ns3:hr>162</ns3:hr>
            <ns3:cad>94</ns3:cad>
          </ns3:TrackPointExtension>
        </extensions>
      </trkpt>
      <trkpt lat="30.44674216769635677337646484375" lon="120.2655679173767566680908203125">
        <ele>7.80000019073486328125</ele>
        <time>2025-03-21T13:50:04.000Z</time>
        <extensions>
          <ns3:TrackPointExtension>
            <ns3:hr>163</ns3:hr>
            <ns3:cad>92</ns3:cad>
          </ns3:TrackPointExtension>
        </extensions>
      </trkpt>
      <trkpt lat="30.446713753044605255126953125" lon="120.26558049023151397705078125">
        <ele>7.599999904632568359375</ele>
        <time>2025-03-21T13:50:05.000Z</time>
        <extensions>
          <ns3:TrackPointExtension>
            <ns3:hr>163</ns3:hr>
            <ns3:cad>92</ns3:cad>
          </ns3:TrackPointExtension>
        </extensions>
      </trkpt>
      <trkpt lat="30.44668517075479030609130859375" lon="120.26559465564787387847900390625">
        <ele>7.599999904632568359375</ele>
        <time>2025-03-21T13:50:06.000Z</time>
        <extensions>
          <ns3:TrackPointExtension>
            <ns3:hr>163</ns3:hr>
            <ns3:cad>93</ns3:cad>
          </ns3:TrackPointExtension>
        </extensions>
      </trkpt>
      <trkpt lat="30.44665767811238765716552734375" lon="120.26561074890196323394775390625">
        <ele>7.599999904632568359375</ele>
        <time>2025-03-21T13:50:07.000Z</time>
        <extensions>
          <ns3:TrackPointExtension>
            <ns3:hr>164</ns3:hr>
            <ns3:cad>93</ns3:cad>
          </ns3:TrackPointExtension>
        </extensions>
      </trkpt>
      <trkpt lat="30.44663228094577789306640625" lon="120.2656240761280059814453125">
        <ele>7.400000095367431640625</ele>
        <time>2025-03-21T13:50:08.000Z</time>
        <extensions>
          <ns3:TrackPointExtension>
            <ns3:hr>164</ns3:hr>
            <ns3:cad>93</ns3:cad>
          </ns3:TrackPointExtension>
        </extensions>
      </trkpt>
      <trkpt lat="30.44660269282758235931396484375" lon="120.26563857682049274444580078125">
        <ele>7.400000095367431640625</ele>
        <time>2025-03-21T13:50:09.000Z</time>
        <extensions>
          <ns3:TrackPointExtension>
            <ns3:hr>165</ns3:hr>
            <ns3:cad>94</ns3:cad>
          </ns3:TrackPointExtension>
        </extensions>
      </trkpt>
      <trkpt lat="30.44657729566097259521484375" lon="120.26565290987491607666015625">
        <ele>7.400000095367431640625</ele>
        <time>2025-03-21T13:50:10.000Z</time>
        <extensions>
          <ns3:TrackPointExtension>
            <ns3:hr>165</ns3:hr>
            <ns3:cad>94</ns3:cad>
          </ns3:TrackPointExtension>
        </extensions>
      </trkpt>
      <trkpt lat="30.44655240140855312347412109375" lon="120.2656685002148151397705078125">
        <ele>7.19999980926513671875</ele>
        <time>2025-03-21T13:50:11.000Z</time>
        <extensions>
          <ns3:TrackPointExtension>
            <ns3:hr>165</ns3:hr>
            <ns3:cad>93</ns3:cad>
          </ns3:TrackPointExtension>
        </extensions>
      </trkpt>
      <trkpt lat="30.44652909971773624420166015625" lon="120.265686772763729095458984375">
        <ele>7.19999980926513671875</ele>
        <time>2025-03-21T13:50:12.000Z</time>
        <extensions>
          <ns3:TrackPointExtension>
            <ns3:hr>166</ns3:hr>
            <ns3:cad>93</ns3:cad>
          </ns3:TrackPointExtension>
        </extensions>
      </trkpt>
      <trkpt lat="30.446511246263980865478515625" lon="120.26570110581815242767333984375">
        <ele>7.19999980926513671875</ele>
        <time>2025-03-21T13:50:13.000Z</time>
        <extensions>
          <ns3:TrackPointExtension>
            <ns3:hr>167</ns3:hr>
            <ns3:cad>93</ns3:cad>
          </ns3:TrackPointExtension>
        </extensions>
      </trkpt>
      <trkpt lat="30.4464802332222461700439453125" lon="120.26572021655738353729248046875">
        <ele>7.19999980926513671875</ele>
        <time>2025-03-21T13:50:14.000Z</time>
        <extensions>
          <ns3:TrackPointExtension>
            <ns3:hr>167</ns3:hr>
            <ns3:cad>94</ns3:cad>
          </ns3:TrackPointExtension>
        </extensions>
      </trkpt>
      <trkpt lat="30.44645433314144611358642578125" lon="120.2657353878021240234375">
        <ele>7</ele>
        <time>2025-03-21T13:50:15.000Z</time>
        <extensions>
          <ns3:TrackPointExtension>
            <ns3:hr>167</ns3:hr>
            <ns3:cad>94</ns3:cad>
          </ns3:TrackPointExtension>
        </extensions>
      </trkpt>
      <trkpt lat="30.446428097784519195556640625" lon="120.2657516486942768096923828125">
        <ele>7</ele>
        <time>2025-03-21T13:50:16.000Z</time>
        <extensions>
          <ns3:TrackPointExtension>
            <ns3:hr>168</ns3:hr>
            <ns3:cad>94</ns3:cad>
          </ns3:TrackPointExtension>
        </extensions>
      </trkpt>
      <trkpt lat="30.44640404172241687774658203125" lon="120.2657667361199855804443359375">
        <ele>6.80000019073486328125</ele>
        <time>2025-03-21T13:50:17.000Z</time>
        <extensions>
          <ns3:TrackPointExtension>
            <ns3:hr>168</ns3:hr>
            <ns3:cad>93</ns3:cad>
          </ns3:TrackPointExtension>
        </extensions>
      </trkpt>
      <trkpt lat="30.446375124156475067138671875" lon="120.26578291319310665130615234375">
        <ele>6.80000019073486328125</ele>
        <time>2025-03-21T13:50:18.000Z</time>
        <extensions>
          <ns3:TrackPointExtension>
            <ns3:hr>168</ns3:hr>
            <ns3:cad>93</ns3:cad>
          </ns3:TrackPointExtension>
        </extensions>
      </trkpt>
      <trkpt lat="30.44634821824729442596435546875" lon="120.26579867117106914520263671875">
        <ele>6.599999904632568359375</ele>
        <time>2025-03-21T13:50:19.000Z</time>
        <extensions>
          <ns3:TrackPointExtension>
            <ns3:hr>169</ns3:hr>
            <ns3:cad>93</ns3:cad>
          </ns3:TrackPointExtension>
        </extensions>
      </trkpt>
      <trkpt lat="30.44631980359554290771484375" lon="120.26581250131130218505859375">
        <ele>6.599999904632568359375</ele>
        <time>2025-03-21T13:50:20.000Z</time>
        <extensions>
          <ns3:TrackPointExtension>
            <ns3:hr>169</ns3:hr>
            <ns3:cad>93</ns3:cad>
          </ns3:TrackPointExtension>
        </extensions>
      </trkpt>
      <trkpt lat="30.44629566371440887451171875" lon="120.2658284269273281097412109375">
        <ele>6.599999904632568359375</ele>
        <time>2025-03-21T13:50:21.000Z</time>
        <extensions>
          <ns3:TrackPointExtension>
            <ns3:hr>170</ns3:hr>
            <ns3:cad>93</ns3:cad>
          </ns3:TrackPointExtension>
        </extensions>
      </trkpt>
      <trkpt lat="30.44627211056649684906005859375" lon="120.26583823375403881072998046875">
        <ele>6.599999904632568359375</ele>
        <time>2025-03-21T13:50:22.000Z</time>
        <extensions>
          <ns3:TrackPointExtension>
            <ns3:hr>171</ns3:hr>
            <ns3:cad>95</ns3:cad>
          </ns3:TrackPointExtension>
        </extensions>
      </trkpt>
      <trkpt lat="30.44624377973377704620361328125" lon="120.26584829203784465789794921875">
        <ele>6.599999904632568359375</ele>
        <time>2025-03-21T13:50:23.000Z</time>
        <extensions>
          <ns3:TrackPointExtension>
            <ns3:hr>171</ns3:hr>
            <ns3:cad>95</ns3:cad>
          </ns3:TrackPointExtension>
        </extensions>
      </trkpt>
      <trkpt lat="30.4462200589478015899658203125" lon="120.265858434140682220458984375">
        <ele>6.599999904632568359375</ele>
        <time>2025-03-21T13:50:24.000Z</time>
        <extensions>
          <ns3:TrackPointExtension>
            <ns3:hr>172</ns3:hr>
            <ns3:cad>95</ns3:cad>
          </ns3:TrackPointExtension>
        </extensions>
      </trkpt>
      <trkpt lat="30.446194075047969818115234375" lon="120.26587016880512237548828125">
        <ele>6.80000019073486328125</ele>
        <time>2025-03-21T13:50:25.000Z</time>
        <extensions>
          <ns3:TrackPointExtension>
            <ns3:hr>172</ns3:hr>
            <ns3:cad>93</ns3:cad>
          </ns3:TrackPointExtension>
        </extensions>
      </trkpt>
      <trkpt lat="30.4461662471294403076171875" lon="120.26588416658341884613037109375">
        <ele>6.80000019073486328125</ele>
        <time>2025-03-21T13:50:26.000Z</time>
        <extensions>
          <ns3:TrackPointExtension>
            <ns3:hr>172</ns3:hr>
            <ns3:cad>93</ns3:cad>
          </ns3:TrackPointExtension>
        </extensions>
      </trkpt>
      <trkpt lat="30.446139089763164520263671875" lon="120.26589690707623958587646484375">
        <ele>6.80000019073486328125</ele>
        <time>2025-03-21T13:50:27.000Z</time>
        <extensions>
          <ns3:TrackPointExtension>
            <ns3:hr>172</ns3:hr>
            <ns3:cad>93</ns3:cad>
          </ns3:TrackPointExtension>
        </extensions>
      </trkpt>
      <trkpt lat="30.44611268676817417144775390625" lon="120.26590964756906032562255859375">
        <ele>6.80000019073486328125</ele>
        <time>2025-03-21T13:50:28.000Z</time>
        <extensions>
          <ns3:TrackPointExtension>
            <ns3:hr>172</ns3:hr>
            <ns3:cad>94</ns3:cad>
          </ns3:TrackPointExtension>
        </extensions>
      </trkpt>
      <trkpt lat="30.44608787633478641510009765625" lon="120.26592205278575420379638671875">
        <ele>6.80000019073486328125</ele>
        <time>2025-03-21T13:50:29.000Z</time>
        <extensions>
          <ns3:TrackPointExtension>
            <ns3:hr>172</ns3:hr>
            <ns3:cad>94</ns3:cad>
          </ns3:TrackPointExtension>
        </extensions>
      </trkpt>
      <trkpt lat="30.4460634849965572357177734375" lon="120.265934877097606658935546875">
        <ele>6.599999904632568359375</ele>
        <time>2025-03-21T13:50:30.000Z</time>
        <extensions>
          <ns3:TrackPointExtension>
            <ns3:hr>172</ns3:hr>
            <ns3:cad>94</ns3:cad>
          </ns3:TrackPointExtension>
        </extensions>
      </trkpt>
      <trkpt lat="30.44603859074413776397705078125" lon="120.26594887487590312957763671875">
        <ele>6.599999904632568359375</ele>
        <time>2025-03-21T13:50:31.000Z</time>
        <extensions>
          <ns3:TrackPointExtension>
            <ns3:hr>173</ns3:hr>
            <ns3:cad>95</ns3:cad>
          </ns3:TrackPointExtension>
        </extensions>
      </trkpt>
      <trkpt lat="30.446013025939464569091796875" lon="120.265963375568389892578125">
        <ele>6.400000095367431640625</ele>
        <time>2025-03-21T13:50:32.000Z</time>
        <extensions>
          <ns3:TrackPointExtension>
            <ns3:hr>173</ns3:hr>
            <ns3:cad>95</ns3:cad>
          </ns3:TrackPointExtension>
        </extensions>
      </trkpt>
      <trkpt lat="30.4459867067635059356689453125" lon="120.26597854681313037872314453125">
        <ele>6.400000095367431640625</ele>
        <time>2025-03-21T13:50:33.000Z</time>
        <extensions>
          <ns3:TrackPointExtension>
            <ns3:hr>173</ns3:hr>
            <ns3:cad>95</ns3:cad>
          </ns3:TrackPointExtension>
        </extensions>
      </trkpt>
      <trkpt lat="30.4459659196436405181884765625" lon="120.26598994620144367218017578125">
        <ele>6.19999980926513671875</ele>
        <time>2025-03-21T13:50:34.000Z</time>
        <extensions>
          <ns3:TrackPointExtension>
            <ns3:hr>173</ns3:hr>
            <ns3:cad>95</ns3:cad>
          </ns3:TrackPointExtension>
        </extensions>
      </trkpt>
      <trkpt lat="30.445942617952823638916015625" lon="120.26599866338074207305908203125">
        <ele>6.19999980926513671875</ele>
        <time>2025-03-21T13:50:35.000Z</time>
        <extensions>
          <ns3:TrackPointExtension>
            <ns3:hr>173</ns3:hr>
            <ns3:cad>94</ns3:cad>
          </ns3:TrackPointExtension>
        </extensions>
      </trkpt>
      <trkpt lat="30.44592040590941905975341796875" lon="120.26600671000778675079345703125">
        <ele>6.19999980926513671875</ele>
        <time>2025-03-21T13:50:36.000Z</time>
        <extensions>
          <ns3:TrackPointExtension>
            <ns3:hr>173</ns3:hr>
            <ns3:cad>94</ns3:cad>
          </ns3:TrackPointExtension>
        </extensions>
      </trkpt>
      <trkpt lat="30.44589777477085590362548828125" lon="120.2660156786441802978515625">
        <ele>6</ele>
        <time>2025-03-21T13:50:37.000Z</time>
        <extensions>
          <ns3:TrackPointExtension>
            <ns3:hr>173</ns3:hr>
            <ns3:cad>94</ns3:cad>
          </ns3:TrackPointExtension>
        </extensions>
      </trkpt>
      <trkpt lat="30.44587363488972187042236328125" lon="120.26602481491863727569580078125">
        <ele>6</ele>
        <time>2025-03-21T13:50:38.000Z</time>
        <extensions>
          <ns3:TrackPointExtension>
            <ns3:hr>173</ns3:hr>
            <ns3:cad>90</ns3:cad>
          </ns3:TrackPointExtension>
        </extensions>
      </trkpt>
      <trkpt lat="30.44585200957953929901123046875" lon="120.266033448278903961181640625">
        <ele>6</ele>
        <time>2025-03-21T13:50:39.000Z</time>
        <extensions>
          <ns3:TrackPointExtension>
            <ns3:hr>173</ns3:hr>
            <ns3:cad>90</ns3:cad>
          </ns3:TrackPointExtension>
        </extensions>
      </trkpt>
      <trkpt lat="30.4458271153271198272705078125" lon="120.2660440094769001007080078125">
        <ele>5.80000019073486328125</ele>
        <time>2025-03-21T13:50:40.000Z</time>
        <extensions>
          <ns3:TrackPointExtension>
            <ns3:hr>172</ns3:hr>
            <ns3:cad>89</ns3:cad>
          </ns3:TrackPointExtension>
        </extensions>
      </trkpt>
      <trkpt lat="30.44580322690308094024658203125" lon="120.26605297811329364776611328125">
        <ele>6</ele>
        <time>2025-03-21T13:50:41.000Z</time>
        <extensions>
          <ns3:TrackPointExtension>
            <ns3:hr>173</ns3:hr>
            <ns3:cad>89</ns3:cad>
          </ns3:TrackPointExtension>
        </extensions>
      </trkpt>
      <trkpt lat="30.44578160159289836883544921875" lon="120.266062282025814056396484375">
        <ele>6</ele>
        <time>2025-03-21T13:50:42.000Z</time>
        <extensions>
          <ns3:TrackPointExtension>
            <ns3:hr>173</ns3:hr>
            <ns3:cad>90</ns3:cad>
          </ns3:TrackPointExtension>
        </extensions>
      </trkpt>
      <trkpt lat="30.4457600601017475128173828125" lon="120.2660720050334930419921875">
        <ele>6.19999980926513671875</ele>
        <time>2025-03-21T13:50:43.000Z</time>
        <extensions>
          <ns3:TrackPointExtension>
            <ns3:hr>173</ns3:hr>
            <ns3:cad>90</ns3:cad>
          </ns3:TrackPointExtension>
        </extensions>
      </trkpt>
      <trkpt lat="30.4457406140863895416259765625" lon="120.26608281768858432769775390625">
        <ele>6.19999980926513671875</ele>
        <time>2025-03-21T13:50:44.000Z</time>
        <extensions>
          <ns3:TrackPointExtension>
            <ns3:hr>173</ns3:hr>
            <ns3:cad>90</ns3:cad>
          </ns3:TrackPointExtension>
        </extensions>
      </trkpt>
      <trkpt lat="30.44571924023330211639404296875" lon="120.26609413325786590576171875">
        <ele>6.19999980926513671875</ele>
        <time>2025-03-21T13:50:45.000Z</time>
        <extensions>
          <ns3:TrackPointExtension>
            <ns3:hr>173</ns3:hr>
            <ns3:cad>90</ns3:cad>
          </ns3:TrackPointExtension>
        </extensions>
      </trkpt>
      <trkpt lat="30.44569484889507293701171875" lon="120.26610394008457660675048828125">
        <ele>6.400000095367431640625</ele>
        <time>2025-03-21T13:50:46.000Z</time>
        <extensions>
          <ns3:TrackPointExtension>
            <ns3:hr>172</ns3:hr>
            <ns3:cad>90</ns3:cad>
          </ns3:TrackPointExtension>
        </extensions>
      </trkpt>
      <trkpt lat="30.44566844590008258819580078125" lon="120.26611399836838245391845703125">
        <ele>6.400000095367431640625</ele>
        <time>2025-03-21T13:50:47.000Z</time>
        <extensions>
          <ns3:TrackPointExtension>
            <ns3:hr>172</ns3:hr>
            <ns3:cad>90</ns3:cad>
          </ns3:TrackPointExtension>
        </extensions>
      </trkpt>
      <trkpt lat="30.44564648531377315521240234375" lon="120.26612472720444202423095703125">
        <ele>6.599999904632568359375</ele>
        <time>2025-03-21T13:50:48.000Z</time>
        <extensions>
          <ns3:TrackPointExtension>
            <ns3:hr>172</ns3:hr>
            <ns3:cad>90</ns3:cad>
          </ns3:TrackPointExtension>
        </extensions>
      </trkpt>
      <trkpt lat="30.4456239379942417144775390625" lon="120.26613696478307247161865234375">
        <ele>6.599999904632568359375</ele>
        <time>2025-03-21T13:50:49.000Z</time>
        <extensions>
          <ns3:TrackPointExtension>
            <ns3:hr>172</ns3:hr>
            <ns3:cad>90</ns3:cad>
          </ns3:TrackPointExtension>
        </extensions>
      </trkpt>
      <trkpt lat="30.4456038214266300201416015625" lon="120.2661496214568614959716796875">
        <ele>6.599999904632568359375</ele>
        <time>2025-03-21T13:50:50.000Z</time>
        <extensions>
          <ns3:TrackPointExtension>
            <ns3:hr>171</ns3:hr>
            <ns3:cad>90</ns3:cad>
          </ns3:TrackPointExtension>
        </extensions>
      </trkpt>
      <trkpt lat="30.4455883987247943878173828125" lon="120.2661616913974285125732421875">
        <ele>6.599999904632568359375</ele>
        <time>2025-03-21T13:50:51.000Z</time>
        <extensions>
          <ns3:TrackPointExtension>
            <ns3:hr>171</ns3:hr>
            <ns3:cad>90</ns3:cad>
          </ns3:TrackPointExtension>
        </extensions>
      </trkpt>
      <trkpt lat="30.44557121582329273223876953125" lon="120.2661747671663761138916015625">
        <ele>6.400000095367431640625</ele>
        <time>2025-03-21T13:50:52.000Z</time>
        <extensions>
          <ns3:TrackPointExtension>
            <ns3:hr>171</ns3:hr>
            <ns3:cad>90</ns3:cad>
          </ns3:TrackPointExtension>
        </extensions>
      </trkpt>
      <trkpt lat="30.445553027093410491943359375" lon="120.26618373580276966094970703125">
        <ele>6.400000095367431640625</ele>
        <time>2025-03-21T13:50:53.000Z</time>
        <extensions>
          <ns3:TrackPointExtension>
            <ns3:hr>171</ns3:hr>
            <ns3:cad>90</ns3:cad>
          </ns3:TrackPointExtension>
        </extensions>
      </trkpt>
      <trkpt lat="30.44553802348673343658447265625" lon="120.26619329117238521575927734375">
        <ele>6.400000095367431640625</ele>
        <time>2025-03-21T13:50:54.000Z</time>
        <extensions>
          <ns3:TrackPointExtension>
            <ns3:hr>172</ns3:hr>
            <ns3:cad>87</ns3:cad>
          </ns3:TrackPointExtension>
        </extensions>
      </trkpt>
      <trkpt lat="30.44552260078489780426025390625" lon="120.2662019245326519012451171875">
        <ele>6.400000095367431640625</ele>
        <time>2025-03-21T13:50:55.000Z</time>
        <extensions>
          <ns3:TrackPointExtension>
            <ns3:hr>172</ns3:hr>
            <ns3:cad>87</ns3:cad>
          </ns3:TrackPointExtension>
        </extensions>
      </trkpt>
      <trkpt lat="30.4455112852156162261962890625" lon="120.26620854623615741729736328125">
        <ele>6.400000095367431640625</ele>
        <time>2025-03-21T13:50:56.000Z</time>
        <extensions>
          <ns3:TrackPointExtension>
            <ns3:hr>172</ns3:hr>
            <ns3:cad>87</ns3:cad>
          </ns3:TrackPointExtension>
        </extensions>
      </trkpt>
      <trkpt lat="30.445496700704097747802734375" lon="120.266217850148677825927734375">
        <ele>6.19999980926513671875</ele>
        <time>2025-03-21T13:50:57.000Z</time>
        <extensions>
          <ns3:TrackPointExtension>
            <ns3:hr>172</ns3:hr>
            <ns3:cad>87</ns3:cad>
          </ns3:TrackPointExtension>
        </extensions>
      </trkpt>
      <trkpt lat="30.4454876482486724853515625" lon="120.26622480712831020355224609375">
        <ele>6.19999980926513671875</ele>
        <time>2025-03-21T13:50:58.000Z</time>
        <extensions>
          <ns3:TrackPointExtension>
            <ns3:hr>172</ns3:hr>
            <ns3:cad>87</ns3:cad>
          </ns3:TrackPointExtension>
        </extensions>
      </trkpt>
      <trkpt lat="30.44547968544065952301025390625" lon="120.2662317641079425811767578125">
        <ele>6.19999980926513671875</ele>
        <time>2025-03-21T13:50:59.000Z</time>
        <extensions>
          <ns3:TrackPointExtension>
            <ns3:hr>172</ns3:hr>
            <ns3:cad>87</ns3:cad>
          </ns3:TrackPointExtension>
        </extensions>
      </trkpt>
      <trkpt lat="30.445468537509441375732421875" lon="120.2662383019924163818359375">
        <ele>6</ele>
        <time>2025-03-21T13:51:00.000Z</time>
        <extensions>
          <ns3:TrackPointExtension>
            <ns3:hr>171</ns3:hr>
            <ns3:cad>87</ns3:cad>
          </ns3:TrackPointExtension>
        </extensions>
      </trkpt>
      <trkpt lat="30.44546074233949184417724609375" lon="120.266243331134319305419921875">
        <ele>6</ele>
        <time>2025-03-21T13:51:01.000Z</time>
        <extensions>
          <ns3:TrackPointExtension>
            <ns3:hr>170</ns3:hr>
            <ns3:cad>87</ns3:cad>
          </ns3:TrackPointExtension>
        </extensions>
      </trkpt>
      <trkpt lat="30.44544984586536884307861328125" lon="120.26624911464750766754150390625">
        <ele>6</ele>
        <time>2025-03-21T13:51:02.000Z</time>
        <extensions>
          <ns3:TrackPointExtension>
            <ns3:hr>169</ns3:hr>
            <ns3:cad>87</ns3:cad>
          </ns3:TrackPointExtension>
        </extensions>
      </trkpt>
      <trkpt lat="30.44543827883899211883544921875" lon="120.26625481434166431427001953125">
        <ele>6</ele>
        <time>2025-03-21T13:51:03.000Z</time>
        <extensions>
          <ns3:TrackPointExtension>
            <ns3:hr>169</ns3:hr>
            <ns3:cad>87</ns3:cad>
          </ns3:TrackPointExtension>
        </extensions>
      </trkpt>
      <trkpt lat="30.4454231075942516326904296875" lon="120.2662616036832332611083984375">
        <ele>5.80000019073486328125</ele>
        <time>2025-03-21T13:51:04.000Z</time>
        <extensions>
          <ns3:TrackPointExtension>
            <ns3:hr>169</ns3:hr>
            <ns3:cad>63</ns3:cad>
          </ns3:TrackPointExtension>
        </extensions>
      </trkpt>
      <trkpt lat="30.44540927745401859283447265625" lon="120.26626889593899250030517578125">
        <ele>5.80000019073486328125</ele>
        <time>2025-03-21T13:51:05.000Z</time>
        <extensions>
          <ns3:TrackPointExtension>
            <ns3:hr>168</ns3:hr>
            <ns3:cad>63</ns3:cad>
          </ns3:TrackPointExtension>
        </extensions>
      </trkpt>
      <trkpt lat="30.445398129522800445556640625" lon="120.26627694256603717803955078125">
        <ele>5.599999904632568359375</ele>
        <time>2025-03-21T13:51:06.000Z</time>
        <extensions>
          <ns3:TrackPointExtension>
            <ns3:hr>168</ns3:hr>
            <ns3:cad>64</ns3:cad>
          </ns3:TrackPointExtension>
        </extensions>
      </trkpt>
      <trkpt lat="30.445386730134487152099609375" lon="120.26628750376403331756591796875">
        <ele>5.599999904632568359375</ele>
        <time>2025-03-21T13:51:07.000Z</time>
        <extensions>
          <ns3:TrackPointExtension>
            <ns3:hr>168</ns3:hr>
            <ns3:cad>65</ns3:cad>
          </ns3:TrackPointExtension>
        </extensions>
      </trkpt>
      <trkpt lat="30.44537507928907871246337890625" lon="120.26629907079041004180908203125">
        <ele>5.599999904632568359375</ele>
        <time>2025-03-21T13:51:08.000Z</time>
        <extensions>
          <ns3:TrackPointExtension>
            <ns3:hr>167</ns3:hr>
            <ns3:cad>65</ns3:cad>
          </ns3:TrackPointExtension>
        </extensions>
      </trkpt>
      <trkpt lat="30.4453640989959239959716796875" lon="120.26630694977939128875732421875">
        <ele>5.400000095367431640625</ele>
        <time>2025-03-21T13:51:09.000Z</time>
        <extensions>
          <ns3:TrackPointExtension>
            <ns3:hr>167</ns3:hr>
            <ns3:cad>65</ns3:cad>
          </ns3:TrackPointExtension>
        </extensions>
      </trkpt>
      <trkpt lat="30.44535278342664241790771484375" lon="120.2663125656545162200927734375">
        <ele>5.400000095367431640625</ele>
        <time>2025-03-21T13:51:10.000Z</time>
        <extensions>
          <ns3:TrackPointExtension>
            <ns3:hr>167</ns3:hr>
            <ns3:cad>0</ns3:cad>
          </ns3:TrackPointExtension>
        </extensions>
      </trkpt>
      <trkpt lat="30.445343814790248870849609375" lon="120.266316421329975128173828125">
        <ele>5.400000095367431640625</ele>
        <time>2025-03-21T13:51:11.000Z</time>
        <extensions>
          <ns3:TrackPointExtension>
            <ns3:hr>167</ns3:hr>
            <ns3:cad>0</ns3:cad>
          </ns3:TrackPointExtension>
        </extensions>
      </trkpt>
      <trkpt lat="30.44533451087772846221923828125" lon="120.2663219533860683441162109375">
        <ele>5.19999980926513671875</ele>
        <time>2025-03-21T13:51:12.000Z</time>
        <extensions>
          <ns3:TrackPointExtension>
            <ns3:hr>167</ns3:hr>
            <ns3:cad>0</ns3:cad>
          </ns3:TrackPointExtension>
        </extensions>
      </trkpt>
      <trkpt lat="30.4453205130994319915771484375" lon="120.26633125729858875274658203125">
        <ele>5.19999980926513671875</ele>
        <time>2025-03-21T13:51:13.000Z</time>
        <extensions>
          <ns3:TrackPointExtension>
            <ns3:hr>167</ns3:hr>
            <ns3:cad>0</ns3:cad>
          </ns3:TrackPointExtension>
        </extensions>
      </trkpt>
      <trkpt lat="30.4453106224536895751953125" lon="120.26633687317371368408203125">
        <ele>5.19999980926513671875</ele>
        <time>2025-03-21T13:51:14.000Z</time>
        <extensions>
          <ns3:TrackPointExtension>
            <ns3:hr>166</ns3:hr>
            <ns3:cad>0</ns3:cad>
          </ns3:TrackPointExtension>
        </extensions>
      </trkpt>
      <trkpt lat="30.4452990554273128509521484375" lon="120.2663437463343143463134765625">
        <ele>5</ele>
        <time>2025-03-21T13:51:15.000Z</time>
        <extensions>
          <ns3:TrackPointExtension>
            <ns3:hr>166</ns3:hr>
            <ns3:cad>65</ns3:cad>
          </ns3:TrackPointExtension>
        </extensions>
      </trkpt>
      <trkpt lat="30.44528338126838207244873046875" lon="120.26635254733264446258544921875">
        <ele>5</ele>
        <time>2025-03-21T13:51:16.000Z</time>
        <extensions>
          <ns3:TrackPointExtension>
            <ns3:hr>166</ns3:hr>
            <ns3:cad>66</ns3:cad>
          </ns3:TrackPointExtension>
        </extensions>
      </trkpt>
      <trkpt lat="30.4452638514339923858642578125" lon="120.2663616836071014404296875">
        <ele>5</ele>
        <time>2025-03-21T13:51:17.000Z</time>
        <extensions>
          <ns3:TrackPointExtension>
            <ns3:hr>166</ns3:hr>
            <ns3:cad>66</ns3:cad>
          </ns3:TrackPointExtension>
        </extensions>
      </trkpt>
      <trkpt lat="30.4452507756650447845458984375" lon="120.2663692273199558258056640625">
        <ele>5</ele>
        <time>2025-03-21T13:51:18.000Z</time>
        <extensions>
          <ns3:TrackPointExtension>
            <ns3:hr>165</ns3:hr>
            <ns3:cad>65</ns3:cad>
          </ns3:TrackPointExtension>
        </extensions>
      </trkpt>
      <trkpt lat="30.44524130411446094512939453125" lon="120.26637635193765163421630859375">
        <ele>5</ele>
        <time>2025-03-21T13:51:19.000Z</time>
        <extensions>
          <ns3:TrackPointExtension>
            <ns3:hr>165</ns3:hr>
            <ns3:cad>65</ns3:cad>
          </ns3:TrackPointExtension>
        </extensions>
      </trkpt>
      <trkpt lat="30.4452299885451793670654296875" lon="120.26638406328856945037841796875">
        <ele>5</ele>
        <time>2025-03-21T13:51:20.000Z</time>
        <extensions>
          <ns3:TrackPointExtension>
            <ns3:hr>165</ns3:hr>
            <ns3:cad>60</ns3:cad>
          </ns3:TrackPointExtension>
        </extensions>
      </trkpt>
      <trkpt lat="30.4452195949852466583251953125" lon="120.2663940377533435821533203125">
        <ele>5</ele>
        <time>2025-03-21T13:51:21.000Z</time>
        <extensions>
          <ns3:TrackPointExtension>
            <ns3:hr>165</ns3:hr>
            <ns3:cad>60</ns3:cad>
          </ns3:TrackPointExtension>
        </extensions>
      </trkpt>
      <trkpt lat="30.44520962052047252655029296875" lon="120.26640183292329311370849609375">
        <ele>5.19999980926513671875</ele>
        <time>2025-03-21T13:51:22.000Z</time>
        <extensions>
          <ns3:TrackPointExtension>
            <ns3:hr>163</ns3:hr>
            <ns3:cad>60</ns3:cad>
          </ns3:TrackPointExtension>
        </extensions>
      </trkpt>
      <trkpt lat="30.44519755057990550994873046875" lon="120.2664097957313060760498046875">
        <ele>5.19999980926513671875</ele>
        <time>2025-03-21T13:51:23.000Z</time>
        <extensions>
          <ns3:TrackPointExtension>
            <ns3:hr>162</ns3:hr>
            <ns3:cad>60</ns3:cad>
          </ns3:TrackPointExtension>
        </extensions>
      </trkpt>
      <trkpt lat="30.44518916867673397064208984375" lon="120.26641725562512874603271484375">
        <ele>5.19999980926513671875</ele>
        <time>2025-03-21T13:51:24.000Z</time>
        <extensions>
          <ns3:TrackPointExtension>
            <ns3:hr>161</ns3:hr>
            <ns3:cad>60</ns3:cad>
          </ns3:TrackPointExtension>
        </extensions>
      </trkpt>
      <trkpt lat="30.44517994858324527740478515625" lon="120.26642228476703166961669921875">
        <ele>5.19999980926513671875</ele>
        <time>2025-03-21T13:51:25.000Z</time>
        <extensions>
          <ns3:TrackPointExtension>
            <ns3:hr>160</ns3:hr>
            <ns3:cad>63</ns3:cad>
          </ns3:TrackPointExtension>
        </extensions>
      </trkpt>
      <trkpt lat="30.44516955502331256866455078125" lon="120.266430079936981201171875">
        <ele>5.19999980926513671875</ele>
        <time>2025-03-21T13:51:26.000Z</time>
        <extensions>
          <ns3:TrackPointExtension>
            <ns3:hr>160</ns3:hr>
            <ns3:cad>64</ns3:cad>
          </ns3:TrackPointExtension>
        </extensions>
      </trkpt>
      <trkpt lat="30.4451605863869190216064453125" lon="120.266437120735645294189453125">
        <ele>5.19999980926513671875</ele>
        <time>2025-03-21T13:51:27.000Z</time>
        <extensions>
          <ns3:TrackPointExtension>
            <ns3:hr>159</ns3:hr>
            <ns3:cad>64</ns3:cad>
          </ns3:TrackPointExtension>
        </extensions>
      </trkpt>
      <trkpt lat="30.44515245594084262847900390625" lon="120.2664416469633579254150390625">
        <ele>5.400000095367431640625</ele>
        <time>2025-03-21T13:51:28.000Z</time>
        <extensions>
          <ns3:TrackPointExtension>
            <ns3:hr>158</ns3:hr>
            <ns3:cad>64</ns3:cad>
          </ns3:TrackPointExtension>
        </extensions>
      </trkpt>
      <trkpt lat="30.44514365494251251220703125" lon="120.26644592173397541046142578125">
        <ele>5.400000095367431640625</ele>
        <time>2025-03-21T13:51:29.000Z</time>
        <extensions>
          <ns3:TrackPointExtension>
            <ns3:hr>157</ns3:hr>
            <ns3:cad>62</ns3:cad>
          </ns3:TrackPointExtension>
        </extensions>
      </trkpt>
      <trkpt lat="30.44513418339192867279052734375" lon="120.26645380072295665740966796875">
        <ele>5.400000095367431640625</ele>
        <time>2025-03-21T13:51:30.000Z</time>
        <extensions>
          <ns3:TrackPointExtension>
            <ns3:hr>155</ns3:hr>
            <ns3:cad>62</ns3:cad>
          </ns3:TrackPointExtension>
        </extensions>
      </trkpt>
      <trkpt lat="30.44512228108942508697509765625" lon="120.26645916514098644256591796875">
        <ele>5.400000095367431640625</ele>
        <time>2025-03-21T13:51:31.000Z</time>
        <extensions>
          <ns3:TrackPointExtension>
            <ns3:hr>153</ns3:hr>
            <ns3:cad>61</ns3:cad>
          </ns3:TrackPointExtension>
        </extensions>
      </trkpt>
      <trkpt lat="30.44511054642498493194580078125" lon="120.26646603830158710479736328125">
        <ele>5.400000095367431640625</ele>
        <time>2025-03-21T13:51:32.000Z</time>
        <extensions>
          <ns3:TrackPointExtension>
            <ns3:hr>152</ns3:hr>
            <ns3:cad>61</ns3:cad>
          </ns3:TrackPointExtension>
        </extensions>
      </trkpt>
      <trkpt lat="30.445100404322147369384765625" lon="120.26647207327187061309814453125">
        <ele>5.400000095367431640625</ele>
        <time>2025-03-21T13:51:33.000Z</time>
        <extensions>
          <ns3:TrackPointExtension>
            <ns3:hr>152</ns3:hr>
            <ns3:cad>61</ns3:cad>
          </ns3:TrackPointExtension>
        </extensions>
      </trkpt>
      <trkpt lat="30.44508858583867549896240234375" lon="120.26647727005183696746826171875">
        <ele>5.400000095367431640625</ele>
        <time>2025-03-21T13:51:34.000Z</time>
        <extensions>
          <ns3:TrackPointExtension>
            <ns3:hr>152</ns3:hr>
            <ns3:cad>61</ns3:cad>
          </ns3:TrackPointExtension>
        </extensions>
      </trkpt>
      <trkpt lat="30.44507450424134731292724609375" lon="120.26648364029824733734130859375">
        <ele>5.400000095367431640625</ele>
        <time>2025-03-21T13:51:35.000Z</time>
        <extensions>
          <ns3:TrackPointExtension>
            <ns3:hr>152</ns3:hr>
            <ns3:cad>61</ns3:cad>
          </ns3:TrackPointExtension>
        </extensions>
      </trkpt>
      <trkpt lat="30.4450660385191440582275390625" lon="120.2664895914494991302490234375">
        <ele>5.400000095367431640625</ele>
        <time>2025-03-21T13:51:36.000Z</time>
        <extensions>
          <ns3:TrackPointExtension>
            <ns3:hr>153</ns3:hr>
            <ns3:cad>61</ns3:cad>
          </ns3:TrackPointExtension>
        </extensions>
      </trkpt>
      <trkpt lat="30.44505857862532138824462890625" lon="120.26649369858205318450927734375">
        <ele>5.400000095367431640625</ele>
        <time>2025-03-21T13:51:37.000Z</time>
        <extensions>
          <ns3:TrackPointExtension>
            <ns3:hr>153</ns3:hr>
            <ns3:cad>55</ns3:cad>
          </ns3:TrackPointExtension>
        </extensions>
      </trkpt>
      <trkpt lat="30.4450504481792449951171875" lon="120.2664966322481632232666015625">
        <ele>5.400000095367431640625</ele>
        <time>2025-03-21T13:51:38.000Z</time>
        <extensions>
          <ns3:TrackPointExtension>
            <ns3:hr>154</ns3:hr>
            <ns3:cad>55</ns3:cad>
          </ns3:TrackPointExtension>
        </extensions>
      </trkpt>
      <trkpt lat="30.44504441320896148681640625" lon="120.26650224812328815460205078125">
        <ele>5.19999980926513671875</ele>
        <time>2025-03-21T13:51:39.000Z</time>
        <extensions>
          <ns3:TrackPointExtension>
            <ns3:hr>154</ns3:hr>
            <ns3:cad>55</ns3:cad>
          </ns3:TrackPointExtension>
        </extensions>
      </trkpt>
      <trkpt lat="30.44503980316221714019775390625" lon="120.266508869826793670654296875">
        <ele>5.19999980926513671875</ele>
        <time>2025-03-21T13:51:40.000Z</time>
        <extensions>
          <ns3:TrackPointExtension>
            <ns3:hr>155</ns3:hr>
            <ns3:cad>0</ns3:cad>
          </ns3:TrackPointExtension>
        </extensions>
      </trkpt>
      <trkpt lat="30.44503427110612392425537109375" lon="120.2665154077112674713134765625">
        <ele>5.19999980926513671875</ele>
        <time>2025-03-21T13:51:41.000Z</time>
        <extensions>
          <ns3:TrackPointExtension>
            <ns3:hr>155</ns3:hr>
            <ns3:cad>0</ns3:cad>
          </ns3:TrackPointExtension>
        </extensions>
      </trkpt>
      <trkpt lat="30.4450328461825847625732421875" lon="120.26651800610125064849853515625">
        <ele>5.19999980926513671875</ele>
        <time>2025-03-21T13:51:42.000Z</time>
        <extensions>
          <ns3:TrackPointExtension>
            <ns3:hr>155</ns3:hr>
            <ns3:cad>0</ns3:cad>
          </ns3:TrackPointExtension>
        </extensions>
      </trkpt>
      <trkpt lat="30.44503410346806049346923828125" lon="120.266517587006092071533203125">
        <ele>5.19999980926513671875</ele>
        <time>2025-03-21T13:51:43.000Z</time>
        <extensions>
          <ns3:TrackPointExtension>
            <ns3:hr>156</ns3:hr>
            <ns3:cad>0</ns3:cad>
          </ns3:TrackPointExtension>
        </extensions>
      </trkpt>
      <trkpt lat="30.44503234326839447021484375" lon="120.26651850901544094085693359375">
        <ele>5.19999980926513671875</ele>
        <time>2025-03-21T13:51:44.000Z</time>
        <extensions>
          <ns3:TrackPointExtension>
            <ns3:hr>156</ns3:hr>
            <ns3:cad>0</ns3:cad>
          </ns3:TrackPointExtension>
        </extensions>
      </trkpt>
      <trkpt lat="30.44502790085971355438232421875" lon="120.266518257558345794677734375">
        <ele>5.19999980926513671875</ele>
        <time>2025-03-21T13:51:45.000Z</time>
        <extensions>
          <ns3:TrackPointExtension>
            <ns3:hr>157</ns3:hr>
            <ns3:cad>0</ns3:cad>
          </ns3:TrackPointExtension>
        </extensions>
      </trkpt>
      <trkpt lat="30.4450236260890960693359375" lon="120.26651859283447265625">
        <ele>5.19999980926513671875</ele>
        <time>2025-03-21T13:51:46.000Z</time>
        <extensions>
          <ns3:TrackPointExtension>
            <ns3:hr>156</ns3:hr>
            <ns3:cad>0</ns3:cad>
          </ns3:TrackPointExtension>
        </extensions>
      </trkpt>
      <trkpt lat="30.44502018950879573822021484375" lon="120.2665197663009166717529296875">
        <ele>5.19999980926513671875</ele>
        <time>2025-03-21T13:51:47.000Z</time>
        <extensions>
          <ns3:TrackPointExtension>
            <ns3:hr>156</ns3:hr>
            <ns3:cad>0</ns3:cad>
          </ns3:TrackPointExtension>
        </extensions>
      </trkpt>
      <trkpt lat="30.44501868076622486114501953125" lon="120.26652001775801181793212890625">
        <ele>5.19999980926513671875</ele>
        <time>2025-03-21T13:51:48.000Z</time>
        <extensions>
          <ns3:TrackPointExtension>
            <ns3:hr>156</ns3:hr>
            <ns3:cad>0</ns3:cad>
          </ns3:TrackPointExtension>
        </extensions>
      </trkpt>
      <trkpt lat="30.4450167529284954071044921875" lon="120.26651985011994838714599609375">
        <ele>5.19999980926513671875</ele>
        <time>2025-03-21T13:51:49.000Z</time>
        <extensions>
          <ns3:TrackPointExtension>
            <ns3:hr>155</ns3:hr>
            <ns3:cad>0</ns3:cad>
          </ns3:TrackPointExtension>
        </extensions>
      </trkpt>
      <trkpt lat="30.445014573633670806884765625" lon="120.2665201015770435333251953125">
        <ele>5.19999980926513671875</ele>
        <time>2025-03-21T13:51:50.000Z</time>
        <extensions>
          <ns3:TrackPointExtension>
            <ns3:hr>155</ns3:hr>
            <ns3:cad>0</ns3:cad>
          </ns3:TrackPointExtension>
        </extensions>
      </trkpt>
      <trkpt lat="30.44480997137725353240966796875" lon="120.26661523617804050445556640625">
        <ele>5.400000095367431640625</ele>
        <time>2025-03-21T13:52:39.000Z</time>
        <extensions>
          <ns3:TrackPointExtension>
            <ns3:hr>134</ns3:hr>
            <ns3:cad>63</ns3:cad>
          </ns3:TrackPointExtension>
        </extensions>
      </trkpt>
      <trkpt lat="30.444783903658390045166015625" lon="120.2666351012885570526123046875">
        <ele>5.400000095367431640625</ele>
        <time>2025-03-21T13:52:40.000Z</time>
        <extensions>
          <ns3:TrackPointExtension>
            <ns3:hr>133</ns3:hr>
            <ns3:cad>88</ns3:cad>
          </ns3:TrackPointExtension>
        </extensions>
      </trkpt>
      <trkpt lat="30.444752387702465057373046875" lon="120.2666580677032470703125">
        <ele>5.400000095367431640625</ele>
        <time>2025-03-21T13:52:41.000Z</time>
        <extensions>
          <ns3:TrackPointExtension>
            <ns3:hr>133</ns3:hr>
            <ns3:cad>90</ns3:cad>
          </ns3:TrackPointExtension>
        </extensions>
      </trkpt>
      <trkpt lat="30.44473352842032909393310546875" lon="120.26667055673897266387939453125">
        <ele>5.400000095367431640625</ele>
        <time>2025-03-21T13:52:42.000Z</time>
        <extensions>
          <ns3:TrackPointExtension>
            <ns3:hr>133</ns3:hr>
            <ns3:cad>90</ns3:cad>
          </ns3:TrackPointExtension>
        </extensions>
      </trkpt>
      <trkpt lat="30.44470846652984619140625" lon="120.2666833810508251190185546875">
        <ele>5.19999980926513671875</ele>
        <time>2025-03-21T13:52:43.000Z</time>
        <extensions>
          <ns3:TrackPointExtension>
            <ns3:hr>133</ns3:hr>
            <ns3:cad>91</ns3:cad>
          </ns3:TrackPointExtension>
        </extensions>
      </trkpt>
      <trkpt lat="30.44469027779996395111083984375" lon="120.26669050566852092742919921875">
        <ele>5.19999980926513671875</ele>
        <time>2025-03-21T13:52:44.000Z</time>
        <extensions>
          <ns3:TrackPointExtension>
            <ns3:hr>133</ns3:hr>
            <ns3:cad>91</ns3:cad>
          </ns3:TrackPointExtension>
        </extensions>
      </trkpt>
      <trkpt lat="30.4446695744991302490234375" lon="120.26670106686651706695556640625">
        <ele>5.19999980926513671875</ele>
        <time>2025-03-21T13:52:45.000Z</time>
        <extensions>
          <ns3:TrackPointExtension>
            <ns3:hr>133</ns3:hr>
            <ns3:cad>92</ns3:cad>
          </ns3:TrackPointExtension>
        </extensions>
      </trkpt>
      <trkpt lat="30.44463965110480785369873046875" lon="120.266716070473194122314453125">
        <ele>5</ele>
        <time>2025-03-21T13:52:46.000Z</time>
        <extensions>
          <ns3:TrackPointExtension>
            <ns3:hr>133</ns3:hr>
            <ns3:cad>92</ns3:cad>
          </ns3:TrackPointExtension>
        </extensions>
      </trkpt>
      <trkpt lat="30.44461316429078578948974609375" lon="120.266728810966014862060546875">
        <ele>4.80000019073486328125</ele>
        <time>2025-03-21T13:52:47.000Z</time>
        <extensions>
          <ns3:TrackPointExtension>
            <ns3:hr>133</ns3:hr>
            <ns3:cad>92</ns3:cad>
          </ns3:TrackPointExtension>
        </extensions>
      </trkpt>
      <trkpt lat="30.444591455161571502685546875" lon="120.26674079708755016326904296875">
        <ele>4.599999904632568359375</ele>
        <time>2025-03-21T13:52:48.000Z</time>
        <extensions>
          <ns3:TrackPointExtension>
            <ns3:hr>133</ns3:hr>
            <ns3:cad>90</ns3:cad>
          </ns3:TrackPointExtension>
        </extensions>
      </trkpt>
      <trkpt lat="30.4445631243288516998291015625" lon="120.26675823144614696502685546875">
        <ele>4.400000095367431640625</ele>
        <time>2025-03-21T13:52:49.000Z</time>
        <extensions>
          <ns3:TrackPointExtension>
            <ns3:hr>133</ns3:hr>
            <ns3:cad>90</ns3:cad>
          </ns3:TrackPointExtension>
        </extensions>
      </trkpt>
      <trkpt lat="30.444540493190288543701171875" lon="120.26677164249122142791748046875">
        <ele>4.599999904632568359375</ele>
        <time>2025-03-21T13:52:50.000Z</time>
        <extensions>
          <ns3:TrackPointExtension>
            <ns3:hr>133</ns3:hr>
            <ns3:cad>90</ns3:cad>
          </ns3:TrackPointExtension>
        </extensions>
      </trkpt>
      <trkpt lat="30.4445165209472179412841796875" lon="120.26678388006985187530517578125">
        <ele>4.599999904632568359375</ele>
        <time>2025-03-21T13:52:51.000Z</time>
        <extensions>
          <ns3:TrackPointExtension>
            <ns3:hr>133</ns3:hr>
            <ns3:cad>90</ns3:cad>
          </ns3:TrackPointExtension>
        </extensions>
      </trkpt>
      <trkpt lat="30.4444923810660839080810546875" lon="120.26679729111492633819580078125">
        <ele>4.599999904632568359375</ele>
        <time>2025-03-21T13:52:52.000Z</time>
        <extensions>
          <ns3:TrackPointExtension>
            <ns3:hr>133</ns3:hr>
            <ns3:cad>90</ns3:cad>
          </ns3:TrackPointExtension>
        </extensions>
      </trkpt>
      <trkpt lat="30.44446363113820552825927734375" lon="120.26681120507419109344482421875">
        <ele>4.80000019073486328125</ele>
        <time>2025-03-21T13:52:53.000Z</time>
        <extensions>
          <ns3:TrackPointExtension>
            <ns3:hr>133</ns3:hr>
            <ns3:cad>90</ns3:cad>
          </ns3:TrackPointExtension>
        </extensions>
      </trkpt>
      <trkpt lat="30.444433875381946563720703125" lon="120.266825370490550994873046875">
        <ele>4.80000019073486328125</ele>
        <time>2025-03-21T13:52:54.000Z</time>
        <extensions>
          <ns3:TrackPointExtension>
            <ns3:hr>134</ns3:hr>
            <ns3:cad>90</ns3:cad>
          </ns3:TrackPointExtension>
        </extensions>
      </trkpt>
      <trkpt lat="30.4444058798253536224365234375" lon="120.26683853007853031158447265625">
        <ele>5</ele>
        <time>2025-03-21T13:52:55.000Z</time>
        <extensions>
          <ns3:TrackPointExtension>
            <ns3:hr>135</ns3:hr>
            <ns3:cad>90</ns3:cad>
          </ns3:TrackPointExtension>
        </extensions>
      </trkpt>
      <trkpt lat="30.4443860985338687896728515625" lon="120.266848504543304443359375">
        <ele>5</ele>
        <time>2025-03-21T13:52:56.000Z</time>
        <extensions>
          <ns3:TrackPointExtension>
            <ns3:hr>136</ns3:hr>
            <ns3:cad>90</ns3:cad>
          </ns3:TrackPointExtension>
        </extensions>
      </trkpt>
      <trkpt lat="30.444361455738544464111328125" lon="120.26685998775064945220947265625">
        <ele>4.80000019073486328125</ele>
        <time>2025-03-21T13:52:57.000Z</time>
        <extensions>
          <ns3:TrackPointExtension>
            <ns3:hr>136</ns3:hr>
            <ns3:cad>90</ns3:cad>
          </ns3:TrackPointExtension>
        </extensions>
      </trkpt>
      <trkpt lat="30.44433605857193470001220703125" lon="120.2668768353760242462158203125">
        <ele>4.80000019073486328125</ele>
        <time>2025-03-21T13:52:58.000Z</time>
        <extensions>
          <ns3:TrackPointExtension>
            <ns3:hr>138</ns3:hr>
            <ns3:cad>90</ns3:cad>
          </ns3:TrackPointExtension>
        </extensions>
      </trkpt>
      <trkpt lat="30.44431393034756183624267578125" lon="120.266891084611415863037109375">
        <ele>4.599999904632568359375</ele>
        <time>2025-03-21T13:52:59.000Z</time>
        <extensions>
          <ns3:TrackPointExtension>
            <ns3:hr>140</ns3:hr>
            <ns3:cad>92</ns3:cad>
          </ns3:TrackPointExtension>
        </extensions>
      </trkpt>
      <trkpt lat="30.44428668916225433349609375" lon="120.266904495656490325927734375">
        <ele>4.400000095367431640625</ele>
        <time>2025-03-21T13:53:00.000Z</time>
        <extensions>
          <ns3:TrackPointExtension>
            <ns3:hr>141</ns3:hr>
            <ns3:cad>92</ns3:cad>
          </ns3:TrackPointExtension>
        </extensions>
      </trkpt>
      <trkpt lat="30.44425844214856624603271484375" lon="120.26691815815865993499755859375">
        <ele>4.19999980926513671875</ele>
        <time>2025-03-21T13:53:01.000Z</time>
        <extensions>
          <ns3:TrackPointExtension>
            <ns3:hr>142</ns3:hr>
            <ns3:cad>92</ns3:cad>
          </ns3:TrackPointExtension>
        </extensions>
      </trkpt>
      <trkpt lat="30.444232039153575897216796875" lon="120.266931317746639251708984375">
        <ele>4.19999980926513671875</ele>
        <time>2025-03-21T13:53:02.000Z</time>
        <extensions>
          <ns3:TrackPointExtension>
            <ns3:hr>143</ns3:hr>
            <ns3:cad>92</ns3:cad>
          </ns3:TrackPointExtension>
        </extensions>
      </trkpt>
      <trkpt lat="30.44420597143471240997314453125" lon="120.2669472433626651763916015625">
        <ele>4</ele>
        <time>2025-03-21T13:53:03.000Z</time>
        <extensions>
          <ns3:TrackPointExtension>
            <ns3:hr>143</ns3:hr>
            <ns3:cad>92</ns3:cad>
          </ns3:TrackPointExtension>
        </extensions>
      </trkpt>
      <trkpt lat="30.44418166391551494598388671875" lon="120.2669630013406276702880859375">
        <ele>4</ele>
        <time>2025-03-21T13:53:04.000Z</time>
        <extensions>
          <ns3:TrackPointExtension>
            <ns3:hr>143</ns3:hr>
            <ns3:cad>92</ns3:cad>
          </ns3:TrackPointExtension>
        </extensions>
      </trkpt>
      <trkpt lat="30.44415450654923915863037109375" lon="120.26697817258536815643310546875">
        <ele>4</ele>
        <time>2025-03-21T13:53:05.000Z</time>
        <extensions>
          <ns3:TrackPointExtension>
            <ns3:hr>143</ns3:hr>
            <ns3:cad>91</ns3:cad>
          </ns3:TrackPointExtension>
        </extensions>
      </trkpt>
      <trkpt lat="30.44413405470550060272216796875" lon="120.26699091307818889617919921875">
        <ele>4</ele>
        <time>2025-03-21T13:53:06.000Z</time>
        <extensions>
          <ns3:TrackPointExtension>
            <ns3:hr>143</ns3:hr>
            <ns3:cad>91</ns3:cad>
          </ns3:TrackPointExtension>
        </extensions>
      </trkpt>
      <trkpt lat="30.4441001079976558685302734375" lon="120.26700683869421482086181640625">
        <ele>4</ele>
        <time>2025-03-21T13:53:07.000Z</time>
        <extensions>
          <ns3:TrackPointExtension>
            <ns3:hr>143</ns3:hr>
            <ns3:cad>91</ns3:cad>
          </ns3:TrackPointExtension>
        </extensions>
      </trkpt>
      <trkpt lat="30.44407672248780727386474609375" lon="120.267019160091876983642578125">
        <ele>4</ele>
        <time>2025-03-21T13:53:08.000Z</time>
        <extensions>
          <ns3:TrackPointExtension>
            <ns3:hr>143</ns3:hr>
            <ns3:cad>91</ns3:cad>
          </ns3:TrackPointExtension>
        </extensions>
      </trkpt>
      <trkpt lat="30.44405224733054637908935546875" lon="120.26703231967985630035400390625">
        <ele>4</ele>
        <time>2025-03-21T13:53:09.000Z</time>
        <extensions>
          <ns3:TrackPointExtension>
            <ns3:hr>144</ns3:hr>
            <ns3:cad>91</ns3:cad>
          </ns3:TrackPointExtension>
        </extensions>
      </trkpt>
      <trkpt lat="30.4440263472497463226318359375" lon="120.2670478262007236480712890625">
        <ele>4</ele>
        <time>2025-03-21T13:53:10.000Z</time>
        <extensions>
          <ns3:TrackPointExtension>
            <ns3:hr>144</ns3:hr>
            <ns3:cad>92</ns3:cad>
          </ns3:TrackPointExtension>
        </extensions>
      </trkpt>
      <trkpt lat="30.44400044716894626617431640625" lon="120.2670652605593204498291015625">
        <ele>4</ele>
        <time>2025-03-21T13:53:11.000Z</time>
        <extensions>
          <ns3:TrackPointExtension>
            <ns3:hr>144</ns3:hr>
            <ns3:cad>92</ns3:cad>
          </ns3:TrackPointExtension>
        </extensions>
      </trkpt>
      <trkpt lat="30.44397966004908084869384765625" lon="120.26708185672760009765625">
        <ele>4</ele>
        <time>2025-03-21T13:53:12.000Z</time>
        <extensions>
          <ns3:TrackPointExtension>
            <ns3:hr>144</ns3:hr>
            <ns3:cad>92</ns3:cad>
          </ns3:TrackPointExtension>
        </extensions>
      </trkpt>
      <trkpt lat="30.44395635835826396942138671875" lon="120.2670967765152454376220703125">
        <ele>4</ele>
        <time>2025-03-21T13:53:13.000Z</time>
        <extensions>
          <ns3:TrackPointExtension>
            <ns3:hr>145</ns3:hr>
            <ns3:cad>92</ns3:cad>
          </ns3:TrackPointExtension>
        </extensions>
      </trkpt>
      <trkpt lat="30.4439328052103519439697265625" lon="120.267109014093875885009765625">
        <ele>4</ele>
        <time>2025-03-21T13:53:14.000Z</time>
        <extensions>
          <ns3:TrackPointExtension>
            <ns3:hr>145</ns3:hr>
            <ns3:cad>92</ns3:cad>
          </ns3:TrackPointExtension>
        </extensions>
      </trkpt>
      <trkpt lat="30.44390925206243991851806640625" lon="120.267124436795711517333984375">
        <ele>4</ele>
        <time>2025-03-21T13:53:15.000Z</time>
        <extensions>
          <ns3:TrackPointExtension>
            <ns3:hr>146</ns3:hr>
            <ns3:cad>92</ns3:cad>
          </ns3:TrackPointExtension>
        </extensions>
      </trkpt>
      <trkpt lat="30.443886034190654754638671875" lon="120.26713826693594455718994140625">
        <ele>4</ele>
        <time>2025-03-21T13:53:16.000Z</time>
        <extensions>
          <ns3:TrackPointExtension>
            <ns3:hr>147</ns3:hr>
            <ns3:cad>92</ns3:cad>
          </ns3:TrackPointExtension>
        </extensions>
      </trkpt>
      <trkpt lat="30.44386214576661586761474609375" lon="120.26715452782809734344482421875">
        <ele>4</ele>
        <time>2025-03-21T13:53:17.000Z</time>
        <extensions>
          <ns3:TrackPointExtension>
            <ns3:hr>147</ns3:hr>
            <ns3:cad>90</ns3:cad>
          </ns3:TrackPointExtension>
        </extensions>
      </trkpt>
      <trkpt lat="30.4438422806560993194580078125" lon="120.26717104017734527587890625">
        <ele>3.7999999523162841796875</ele>
        <time>2025-03-21T13:53:18.000Z</time>
        <extensions>
          <ns3:TrackPointExtension>
            <ns3:hr>148</ns3:hr>
            <ns3:cad>90</ns3:cad>
          </ns3:TrackPointExtension>
        </extensions>
      </trkpt>
      <trkpt lat="30.44382291845977306365966796875" lon="120.267183780670166015625">
        <ele>3.7999999523162841796875</ele>
        <time>2025-03-21T13:53:19.000Z</time>
        <extensions>
          <ns3:TrackPointExtension>
            <ns3:hr>149</ns3:hr>
            <ns3:cad>89</ns3:cad>
          </ns3:TrackPointExtension>
        </extensions>
      </trkpt>
      <trkpt lat="30.44380481354892253875732421875" lon="120.2671987004578113555908203125">
        <ele>3.599999904632568359375</ele>
        <time>2025-03-21T13:53:20.000Z</time>
        <extensions>
          <ns3:TrackPointExtension>
            <ns3:hr>149</ns3:hr>
            <ns3:cad>89</ns3:cad>
          </ns3:TrackPointExtension>
        </extensions>
      </trkpt>
      <trkpt lat="30.44378469698131084442138671875" lon="120.26721303351223468780517578125">
        <ele>3.599999904632568359375</ele>
        <time>2025-03-21T13:53:21.000Z</time>
        <extensions>
          <ns3:TrackPointExtension>
            <ns3:hr>150</ns3:hr>
            <ns3:cad>89</ns3:cad>
          </ns3:TrackPointExtension>
        </extensions>
      </trkpt>
      <trkpt lat="30.4437688551843166351318359375" lon="120.2672271989285945892333984375">
        <ele>3.400000095367431640625</ele>
        <time>2025-03-21T13:53:22.000Z</time>
        <extensions>
          <ns3:TrackPointExtension>
            <ns3:hr>150</ns3:hr>
            <ns3:cad>89</ns3:cad>
          </ns3:TrackPointExtension>
        </extensions>
      </trkpt>
      <trkpt lat="30.44375737197697162628173828125" lon="120.2672416158020496368408203125">
        <ele>3.400000095367431640625</ele>
        <time>2025-03-21T13:53:23.000Z</time>
        <extensions>
          <ns3:TrackPointExtension>
            <ns3:hr>150</ns3:hr>
            <ns3:cad>89</ns3:cad>
          </ns3:TrackPointExtension>
        </extensions>
      </trkpt>
      <trkpt lat="30.443749241530895233154296875" lon="120.26725846342742443084716796875">
        <ele>3.2000000476837158203125</ele>
        <time>2025-03-21T13:53:24.000Z</time>
        <extensions>
          <ns3:TrackPointExtension>
            <ns3:hr>150</ns3:hr>
            <ns3:cad>89</ns3:cad>
          </ns3:TrackPointExtension>
        </extensions>
      </trkpt>
      <trkpt lat="30.44373943470418453216552734375" lon="120.26726919226348400115966796875">
        <ele>3.2000000476837158203125</ele>
        <time>2025-03-21T13:53:25.000Z</time>
        <extensions>
          <ns3:TrackPointExtension>
            <ns3:hr>151</ns3:hr>
            <ns3:cad>0</ns3:cad>
          </ns3:TrackPointExtension>
        </extensions>
      </trkpt>
      <trkpt lat="30.44372971169650554656982421875" lon="120.267277657985687255859375">
        <ele>3</ele>
        <time>2025-03-21T13:53:26.000Z</time>
        <extensions>
          <ns3:TrackPointExtension>
            <ns3:hr>150</ns3:hr>
            <ns3:cad>0</ns3:cad>
          </ns3:TrackPointExtension>
        </extensions>
      </trkpt>
      <trkpt lat="30.44371428899466991424560546875" lon="120.26729215867817401885986328125">
        <ele>3</ele>
        <time>2025-03-21T13:53:27.000Z</time>
        <extensions>
          <ns3:TrackPointExtension>
            <ns3:hr>150</ns3:hr>
            <ns3:cad>0</ns3:cad>
          </ns3:TrackPointExtension>
        </extensions>
      </trkpt>
      <trkpt lat="30.4436937533318996429443359375" lon="120.2673033066093921661376953125">
        <ele>3</ele>
        <time>2025-03-21T13:53:28.000Z</time>
        <extensions>
          <ns3:TrackPointExtension>
            <ns3:hr>150</ns3:hr>
            <ns3:cad>0</ns3:cad>
          </ns3:TrackPointExtension>
        </extensions>
      </trkpt>
      <trkpt lat="30.44367372058331966400146484375" lon="120.26731361635029315948486328125">
        <ele>3</ele>
        <time>2025-03-21T13:53:29.000Z</time>
        <extensions>
          <ns3:TrackPointExtension>
            <ns3:hr>150</ns3:hr>
            <ns3:cad>0</ns3:cad>
          </ns3:TrackPointExtension>
        </extensions>
      </trkpt>
      <trkpt lat="30.44365502893924713134765625" lon="120.26732794940471649169921875">
        <ele>3</ele>
        <time>2025-03-21T13:53:30.000Z</time>
        <extensions>
          <ns3:TrackPointExtension>
            <ns3:hr>150</ns3:hr>
            <ns3:cad>88</ns3:cad>
          </ns3:TrackPointExtension>
        </extensions>
      </trkpt>
      <trkpt lat="30.44363264925777912139892578125" lon="120.26734278537333011627197265625">
        <ele>3</ele>
        <time>2025-03-21T13:53:31.000Z</time>
        <extensions>
          <ns3:TrackPointExtension>
            <ns3:hr>150</ns3:hr>
            <ns3:cad>89</ns3:cad>
          </ns3:TrackPointExtension>
        </extensions>
      </trkpt>
      <trkpt lat="30.44361219741404056549072265625" lon="120.26734060607850551605224609375">
        <ele>3</ele>
        <time>2025-03-21T13:53:32.000Z</time>
        <extensions>
          <ns3:TrackPointExtension>
            <ns3:hr>150</ns3:hr>
            <ns3:cad>90</ns3:cad>
          </ns3:TrackPointExtension>
        </extensions>
      </trkpt>
      <trkpt lat="30.443589985370635986328125" lon="120.26735368184745311737060546875">
        <ele>3</ele>
        <time>2025-03-21T13:53:33.000Z</time>
        <extensions>
          <ns3:TrackPointExtension>
            <ns3:hr>150</ns3:hr>
            <ns3:cad>90</ns3:cad>
          </ns3:TrackPointExtension>
        </extensions>
      </trkpt>
      <trkpt lat="30.443576239049434661865234375" lon="120.2673636563122272491455078125">
        <ele>3</ele>
        <time>2025-03-21T13:53:34.000Z</time>
        <extensions>
          <ns3:TrackPointExtension>
            <ns3:hr>150</ns3:hr>
            <ns3:cad>90</ns3:cad>
          </ns3:TrackPointExtension>
        </extensions>
      </trkpt>
      <trkpt lat="30.44355637393891811370849609375" lon="120.267373882234096527099609375">
        <ele>3</ele>
        <time>2025-03-21T13:53:35.000Z</time>
        <extensions>
          <ns3:TrackPointExtension>
            <ns3:hr>150</ns3:hr>
            <ns3:cad>91</ns3:cad>
          </ns3:TrackPointExtension>
        </extensions>
      </trkpt>
      <trkpt lat="30.44353969395160675048828125" lon="120.26738268323242664337158203125">
        <ele>3</ele>
        <time>2025-03-21T13:53:36.000Z</time>
        <extensions>
          <ns3:TrackPointExtension>
            <ns3:hr>149</ns3:hr>
            <ns3:cad>91</ns3:cad>
          </ns3:TrackPointExtension>
        </extensions>
      </trkpt>
      <trkpt lat="30.4435215890407562255859375" lon="120.2673955075442790985107421875">
        <ele>3</ele>
        <time>2025-03-21T13:53:37.000Z</time>
        <extensions>
          <ns3:TrackPointExtension>
            <ns3:hr>149</ns3:hr>
            <ns3:cad>91</ns3:cad>
          </ns3:TrackPointExtension>
        </extensions>
      </trkpt>
      <trkpt lat="30.44351144693791866302490234375" lon="120.26740615256130695343017578125">
        <ele>3</ele>
        <time>2025-03-21T13:53:38.000Z</time>
        <extensions>
          <ns3:TrackPointExtension>
            <ns3:hr>149</ns3:hr>
            <ns3:cad>91</ns3:cad>
          </ns3:TrackPointExtension>
        </extensions>
      </trkpt>
      <trkpt lat="30.443498454988002777099609375" lon="120.2674089185893535614013671875">
        <ele>3</ele>
        <time>2025-03-21T13:53:39.000Z</time>
        <extensions>
          <ns3:TrackPointExtension>
            <ns3:hr>149</ns3:hr>
            <ns3:cad>87</ns3:cad>
          </ns3:TrackPointExtension>
        </extensions>
      </trkpt>
      <trkpt lat="30.44348537921905517578125" lon="120.26741646230220794677734375">
        <ele>3</ele>
        <time>2025-03-21T13:53:40.000Z</time>
        <extensions>
          <ns3:TrackPointExtension>
            <ns3:hr>148</ns3:hr>
            <ns3:cad>87</ns3:cad>
          </ns3:TrackPointExtension>
        </extensions>
      </trkpt>
      <trkpt lat="30.44346869923174381256103515625" lon="120.2674240060150623321533203125">
        <ele>3</ele>
        <time>2025-03-21T13:53:41.000Z</time>
        <extensions>
          <ns3:TrackPointExtension>
            <ns3:hr>148</ns3:hr>
            <ns3:cad>87</ns3:cad>
          </ns3:TrackPointExtension>
        </extensions>
      </trkpt>
      <trkpt lat="30.4434518516063690185546875" lon="120.2674330584704875946044921875">
        <ele>3</ele>
        <time>2025-03-21T13:53:42.000Z</time>
        <extensions>
          <ns3:TrackPointExtension>
            <ns3:hr>148</ns3:hr>
            <ns3:cad>87</ns3:cad>
          </ns3:TrackPointExtension>
        </extensions>
      </trkpt>
      <trkpt lat="30.443429052829742431640625" lon="120.2674441225826740264892578125">
        <ele>3</ele>
        <time>2025-03-21T13:53:43.000Z</time>
        <extensions>
          <ns3:TrackPointExtension>
            <ns3:hr>148</ns3:hr>
            <ns3:cad>66</ns3:cad>
          </ns3:TrackPointExtension>
        </extensions>
      </trkpt>
      <trkpt lat="30.44340264983475208282470703125" lon="120.26745669543743133544921875">
        <ele>3</ele>
        <time>2025-03-21T13:53:44.000Z</time>
        <extensions>
          <ns3:TrackPointExtension>
            <ns3:hr>147</ns3:hr>
            <ns3:cad>66</ns3:cad>
          </ns3:TrackPointExtension>
        </extensions>
      </trkpt>
      <trkpt lat="30.44337566010653972625732421875" lon="120.2674692682921886444091796875">
        <ele>3</ele>
        <time>2025-03-21T13:53:45.000Z</time>
        <extensions>
          <ns3:TrackPointExtension>
            <ns3:hr>147</ns3:hr>
            <ns3:cad>0</ns3:cad>
          </ns3:TrackPointExtension>
        </extensions>
      </trkpt>
      <trkpt lat="30.443346239626407623291015625" lon="120.267483852803707122802734375">
        <ele>3</ele>
        <time>2025-03-21T13:53:46.000Z</time>
        <extensions>
          <ns3:TrackPointExtension>
            <ns3:hr>147</ns3:hr>
            <ns3:cad>0</ns3:cad>
          </ns3:TrackPointExtension>
        </extensions>
      </trkpt>
      <trkpt lat="30.44331598095595836639404296875" lon="120.2674962580204010009765625">
        <ele>3</ele>
        <time>2025-03-21T13:53:47.000Z</time>
        <extensions>
          <ns3:TrackPointExtension>
            <ns3:hr>148</ns3:hr>
            <ns3:cad>90</ns3:cad>
          </ns3:TrackPointExtension>
        </extensions>
      </trkpt>
      <trkpt lat="30.4432904161512851715087890625" lon="120.2675069868564605712890625">
        <ele>3</ele>
        <time>2025-03-21T13:53:48.000Z</time>
        <extensions>
          <ns3:TrackPointExtension>
            <ns3:hr>149</ns3:hr>
            <ns3:cad>90</ns3:cad>
          </ns3:TrackPointExtension>
        </extensions>
      </trkpt>
      <trkpt lat="30.4432676173746585845947265625" lon="120.26751645840704441070556640625">
        <ele>3</ele>
        <time>2025-03-21T13:53:49.000Z</time>
        <extensions>
          <ns3:TrackPointExtension>
            <ns3:hr>149</ns3:hr>
            <ns3:cad>90</ns3:cad>
          </ns3:TrackPointExtension>
        </extensions>
      </trkpt>
      <trkpt lat="30.44324439950287342071533203125" lon="120.2675259299576282501220703125">
        <ele>3.2000000476837158203125</ele>
        <time>2025-03-21T13:53:50.000Z</time>
        <extensions>
          <ns3:TrackPointExtension>
            <ns3:hr>151</ns3:hr>
            <ns3:cad>89</ns3:cad>
          </ns3:TrackPointExtension>
        </extensions>
      </trkpt>
      <trkpt lat="30.44321992434561252593994140625" lon="120.2675373293459415435791015625">
        <ele>3.2000000476837158203125</ele>
        <time>2025-03-21T13:53:51.000Z</time>
        <extensions>
          <ns3:TrackPointExtension>
            <ns3:hr>152</ns3:hr>
            <ns3:cad>89</ns3:cad>
          </ns3:TrackPointExtension>
        </extensions>
      </trkpt>
      <trkpt lat="30.443198382854461669921875" lon="120.2675490640103816986083984375">
        <ele>3.400000095367431640625</ele>
        <time>2025-03-21T13:53:52.000Z</time>
        <extensions>
          <ns3:TrackPointExtension>
            <ns3:hr>153</ns3:hr>
            <ns3:cad>89</ns3:cad>
          </ns3:TrackPointExtension>
        </extensions>
      </trkpt>
      <trkpt lat="30.4431794397532939910888671875" lon="120.26756306178867816925048828125">
        <ele>3.400000095367431640625</ele>
        <time>2025-03-21T13:53:53.000Z</time>
        <extensions>
          <ns3:TrackPointExtension>
            <ns3:hr>154</ns3:hr>
            <ns3:cad>89</ns3:cad>
          </ns3:TrackPointExtension>
        </extensions>
      </trkpt>
      <trkpt lat="30.443161167204380035400390625" lon="120.26757848449051380157470703125">
        <ele>3.400000095367431640625</ele>
        <time>2025-03-21T13:53:54.000Z</time>
        <extensions>
          <ns3:TrackPointExtension>
            <ns3:hr>155</ns3:hr>
            <ns3:cad>89</ns3:cad>
          </ns3:TrackPointExtension>
        </extensions>
      </trkpt>
      <trkpt lat="30.443141721189022064208984375" lon="120.267595835030078887939453125">
        <ele>3.400000095367431640625</ele>
        <time>2025-03-21T13:53:55.000Z</time>
        <extensions>
          <ns3:TrackPointExtension>
            <ns3:hr>155</ns3:hr>
            <ns3:cad>89</ns3:cad>
          </ns3:TrackPointExtension>
        </extensions>
      </trkpt>
      <trkpt lat="30.44311992824077606201171875" lon="120.26761217974126338958740234375">
        <ele>3.400000095367431640625</ele>
        <time>2025-03-21T13:53:56.000Z</time>
        <extensions>
          <ns3:TrackPointExtension>
            <ns3:hr>154</ns3:hr>
            <ns3:cad>89</ns3:cad>
          </ns3:TrackPointExtension>
        </extensions>
      </trkpt>
      <trkpt lat="30.44309570454061031341552734375" lon="120.26762911118566989898681640625">
        <ele>3.2000000476837158203125</ele>
        <time>2025-03-21T13:53:57.000Z</time>
        <extensions>
          <ns3:TrackPointExtension>
            <ns3:hr>153</ns3:hr>
            <ns3:cad>89</ns3:cad>
          </ns3:TrackPointExtension>
        </extensions>
      </trkpt>
      <trkpt lat="30.44307340867817401885986328125" lon="120.26764604263007640838623046875">
        <ele>3.2000000476837158203125</ele>
        <time>2025-03-21T13:53:58.000Z</time>
        <extensions>
          <ns3:TrackPointExtension>
            <ns3:hr>153</ns3:hr>
            <ns3:cad>89</ns3:cad>
          </ns3:TrackPointExtension>
        </extensions>
      </trkpt>
      <trkpt lat="30.44304926879703998565673828125" lon="120.26766129769384860992431640625">
        <ele>3.2000000476837158203125</ele>
        <time>2025-03-21T13:53:59.000Z</time>
        <extensions>
          <ns3:TrackPointExtension>
            <ns3:hr>152</ns3:hr>
            <ns3:cad>89</ns3:cad>
          </ns3:TrackPointExtension>
        </extensions>
      </trkpt>
      <trkpt lat="30.443022362887859344482421875" lon="120.26766247116029262542724609375">
        <ele>3.2000000476837158203125</ele>
        <time>2025-03-21T13:54:00.000Z</time>
        <extensions>
          <ns3:TrackPointExtension>
            <ns3:hr>152</ns3:hr>
            <ns3:cad>89</ns3:cad>
          </ns3:TrackPointExtension>
        </extensions>
      </trkpt>
      <trkpt lat="30.44300333596765995025634765625" lon="120.26767085306346416473388671875">
        <ele>3.2000000476837158203125</ele>
        <time>2025-03-21T13:54:01.000Z</time>
        <extensions>
          <ns3:TrackPointExtension>
            <ns3:hr>152</ns3:hr>
            <ns3:cad>90</ns3:cad>
          </ns3:TrackPointExtension>
        </extensions>
      </trkpt>
      <trkpt lat="30.4429769329726696014404296875" lon="120.26768191717565059661865234375">
        <ele>3.2000000476837158203125</ele>
        <time>2025-03-21T13:54:02.000Z</time>
        <extensions>
          <ns3:TrackPointExtension>
            <ns3:hr>152</ns3:hr>
            <ns3:cad>90</ns3:cad>
          </ns3:TrackPointExtension>
        </extensions>
      </trkpt>
      <trkpt lat="30.44294818304479122161865234375" lon="120.26769784279167652130126953125">
        <ele>3.2000000476837158203125</ele>
        <time>2025-03-21T13:54:03.000Z</time>
        <extensions>
          <ns3:TrackPointExtension>
            <ns3:hr>152</ns3:hr>
            <ns3:cad>91</ns3:cad>
          </ns3:TrackPointExtension>
        </extensions>
      </trkpt>
      <trkpt lat="30.44292152859270572662353515625" lon="120.26770991273224353790283203125">
        <ele>3.400000095367431640625</ele>
        <time>2025-03-21T13:54:04.000Z</time>
        <extensions>
          <ns3:TrackPointExtension>
            <ns3:hr>152</ns3:hr>
            <ns3:cad>92</ns3:cad>
          </ns3:TrackPointExtension>
        </extensions>
      </trkpt>
      <trkpt lat="30.44289671815931797027587890625" lon="120.2677193842828273773193359375">
        <ele>3.400000095367431640625</ele>
        <time>2025-03-21T13:54:05.000Z</time>
        <extensions>
          <ns3:TrackPointExtension>
            <ns3:hr>152</ns3:hr>
            <ns3:cad>92</ns3:cad>
          </ns3:TrackPointExtension>
        </extensions>
      </trkpt>
      <trkpt lat="30.4428726620972156524658203125" lon="120.267727263271808624267578125">
        <ele>3.599999904632568359375</ele>
        <time>2025-03-21T13:54:06.000Z</time>
        <extensions>
          <ns3:TrackPointExtension>
            <ns3:hr>152</ns3:hr>
            <ns3:cad>92</ns3:cad>
          </ns3:TrackPointExtension>
        </extensions>
      </trkpt>
      <trkpt lat="30.4428478516638278961181640625" lon="120.26773740537464618682861328125">
        <ele>3.599999904632568359375</ele>
        <time>2025-03-21T13:54:07.000Z</time>
        <extensions>
          <ns3:TrackPointExtension>
            <ns3:hr>152</ns3:hr>
            <ns3:cad>92</ns3:cad>
          </ns3:TrackPointExtension>
        </extensions>
      </trkpt>
      <trkpt lat="30.4428277350962162017822265625" lon="120.2677519060671329498291015625">
        <ele>3.599999904632568359375</ele>
        <time>2025-03-21T13:54:08.000Z</time>
        <extensions>
          <ns3:TrackPointExtension>
            <ns3:hr>152</ns3:hr>
            <ns3:cad>92</ns3:cad>
          </ns3:TrackPointExtension>
        </extensions>
      </trkpt>
      <trkpt lat="30.442801415920257568359375" lon="120.26776590384542942047119140625">
        <ele>3.7999999523162841796875</ele>
        <time>2025-03-21T13:54:09.000Z</time>
        <extensions>
          <ns3:TrackPointExtension>
            <ns3:hr>152</ns3:hr>
            <ns3:cad>92</ns3:cad>
          </ns3:TrackPointExtension>
        </extensions>
      </trkpt>
      <trkpt lat="30.4427737556397914886474609375" lon="120.267773531377315521240234375">
        <ele>3.7999999523162841796875</ele>
        <time>2025-03-21T13:54:10.000Z</time>
        <extensions>
          <ns3:TrackPointExtension>
            <ns3:hr>152</ns3:hr>
            <ns3:cad>92</ns3:cad>
          </ns3:TrackPointExtension>
        </extensions>
      </trkpt>
      <trkpt lat="30.44275053776800632476806640625" lon="120.26778233237564563751220703125">
        <ele>4</ele>
        <time>2025-03-21T13:54:11.000Z</time>
        <extensions>
          <ns3:TrackPointExtension>
            <ns3:hr>152</ns3:hr>
            <ns3:cad>92</ns3:cad>
          </ns3:TrackPointExtension>
        </extensions>
      </trkpt>
      <trkpt lat="30.44272539205849170684814453125" lon="120.267794989049434661865234375">
        <ele>4</ele>
        <time>2025-03-21T13:54:12.000Z</time>
        <extensions>
          <ns3:TrackPointExtension>
            <ns3:hr>152</ns3:hr>
            <ns3:cad>92</ns3:cad>
          </ns3:TrackPointExtension>
        </extensions>
      </trkpt>
      <trkpt lat="30.4426976479589939117431640625" lon="120.2678082324564456939697265625">
        <ele>4.19999980926513671875</ele>
        <time>2025-03-21T13:54:13.000Z</time>
        <extensions>
          <ns3:TrackPointExtension>
            <ns3:hr>152</ns3:hr>
            <ns3:cad>92</ns3:cad>
          </ns3:TrackPointExtension>
        </extensions>
      </trkpt>
      <trkpt lat="30.4426713287830352783203125" lon="120.2678199671208858489990234375">
        <ele>4.19999980926513671875</ele>
        <time>2025-03-21T13:54:14.000Z</time>
        <extensions>
          <ns3:TrackPointExtension>
            <ns3:hr>152</ns3:hr>
            <ns3:cad>92</ns3:cad>
          </ns3:TrackPointExtension>
        </extensions>
      </trkpt>
      <trkpt lat="30.4426483623683452606201171875" lon="120.2678306959569454193115234375">
        <ele>4.400000095367431640625</ele>
        <time>2025-03-21T13:54:15.000Z</time>
        <extensions>
          <ns3:TrackPointExtension>
            <ns3:hr>152</ns3:hr>
            <ns3:cad>92</ns3:cad>
          </ns3:TrackPointExtension>
        </extensions>
      </trkpt>
      <trkpt lat="30.44262514449656009674072265625" lon="120.26784025132656097412109375">
        <ele>4.400000095367431640625</ele>
        <time>2025-03-21T13:54:16.000Z</time>
        <extensions>
          <ns3:TrackPointExtension>
            <ns3:hr>152</ns3:hr>
            <ns3:cad>92</ns3:cad>
          </ns3:TrackPointExtension>
        </extensions>
      </trkpt>
      <trkpt lat="30.44260486029088497161865234375" lon="120.2678498066961765289306640625">
        <ele>4.400000095367431640625</ele>
        <time>2025-03-21T13:54:17.000Z</time>
        <extensions>
          <ns3:TrackPointExtension>
            <ns3:hr>152</ns3:hr>
            <ns3:cad>92</ns3:cad>
          </ns3:TrackPointExtension>
        </extensions>
      </trkpt>
      <trkpt lat="30.4425828158855438232421875" lon="120.2678635530173778533935546875">
        <ele>4.599999904632568359375</ele>
        <time>2025-03-21T13:54:18.000Z</time>
        <extensions>
          <ns3:TrackPointExtension>
            <ns3:hr>152</ns3:hr>
            <ns3:cad>90</ns3:cad>
          </ns3:TrackPointExtension>
        </extensions>
      </trkpt>
      <trkpt lat="30.44256077148020267486572265625" lon="120.26787671260535717010498046875">
        <ele>4.599999904632568359375</ele>
        <time>2025-03-21T13:54:19.000Z</time>
        <extensions>
          <ns3:TrackPointExtension>
            <ns3:hr>152</ns3:hr>
            <ns3:cad>90</ns3:cad>
          </ns3:TrackPointExtension>
        </extensions>
      </trkpt>
      <trkpt lat="30.44253679923713207244873046875" lon="120.26788844726979732513427734375">
        <ele>4.80000019073486328125</ele>
        <time>2025-03-21T13:54:20.000Z</time>
        <extensions>
          <ns3:TrackPointExtension>
            <ns3:hr>152</ns3:hr>
            <ns3:cad>89</ns3:cad>
          </ns3:TrackPointExtension>
        </extensions>
      </trkpt>
      <trkpt lat="30.442514084279537200927734375" lon="120.26789951138198375701904296875">
        <ele>4.80000019073486328125</ele>
        <time>2025-03-21T13:54:21.000Z</time>
        <extensions>
          <ns3:TrackPointExtension>
            <ns3:hr>153</ns3:hr>
            <ns3:cad>88</ns3:cad>
          </ns3:TrackPointExtension>
        </extensions>
      </trkpt>
      <trkpt lat="30.44249220751225948333740234375" lon="120.26791174896061420440673828125">
        <ele>4.80000019073486328125</ele>
        <time>2025-03-21T13:54:22.000Z</time>
        <extensions>
          <ns3:TrackPointExtension>
            <ns3:hr>153</ns3:hr>
            <ns3:cad>88</ns3:cad>
          </ns3:TrackPointExtension>
        </extensions>
      </trkpt>
      <trkpt lat="30.4424743540585041046142578125" lon="120.2679222263395786285400390625">
        <ele>5</ele>
        <time>2025-03-21T13:54:23.000Z</time>
        <extensions>
          <ns3:TrackPointExtension>
            <ns3:hr>154</ns3:hr>
            <ns3:cad>88</ns3:cad>
          </ns3:TrackPointExtension>
        </extensions>
      </trkpt>
      <trkpt lat="30.442460440099239349365234375" lon="120.26793119497597217559814453125">
        <ele>5</ele>
        <time>2025-03-21T13:54:24.000Z</time>
        <extensions>
          <ns3:TrackPointExtension>
            <ns3:hr>155</ns3:hr>
            <ns3:cad>88</ns3:cad>
          </ns3:TrackPointExtension>
        </extensions>
      </trkpt>
      <trkpt lat="30.44244945980608463287353515625" lon="120.26793706230819225311279296875">
        <ele>5</ele>
        <time>2025-03-21T13:54:25.000Z</time>
        <extensions>
          <ns3:TrackPointExtension>
            <ns3:hr>156</ns3:hr>
            <ns3:cad>88</ns3:cad>
          </ns3:TrackPointExtension>
        </extensions>
      </trkpt>
      <trkpt lat="30.4424414969980716705322265625" lon="120.2679436840116977691650390625">
        <ele>5</ele>
        <time>2025-03-21T13:54:26.000Z</time>
        <extensions>
          <ns3:TrackPointExtension>
            <ns3:hr>157</ns3:hr>
            <ns3:cad>88</ns3:cad>
          </ns3:TrackPointExtension>
        </extensions>
      </trkpt>
      <trkpt lat="30.4424344561994075775146484375" lon="120.2679497189819812774658203125">
        <ele>5</ele>
        <time>2025-03-21T13:54:27.000Z</time>
        <extensions>
          <ns3:TrackPointExtension>
            <ns3:hr>157</ns3:hr>
            <ns3:cad>88</ns3:cad>
          </ns3:TrackPointExtension>
        </extensions>
      </trkpt>
      <trkpt lat="30.44242347590625286102294921875" lon="120.26795667596161365509033203125">
        <ele>5</ele>
        <time>2025-03-21T13:54:28.000Z</time>
        <extensions>
          <ns3:TrackPointExtension>
            <ns3:hr>158</ns3:hr>
            <ns3:cad>88</ns3:cad>
          </ns3:TrackPointExtension>
        </extensions>
      </trkpt>
      <trkpt lat="30.44241308234632015228271484375" lon="120.267963297665119171142578125">
        <ele>5</ele>
        <time>2025-03-21T13:54:29.000Z</time>
        <extensions>
          <ns3:TrackPointExtension>
            <ns3:hr>158</ns3:hr>
            <ns3:cad>88</ns3:cad>
          </ns3:TrackPointExtension>
        </extensions>
      </trkpt>
      <trkpt lat="30.44240302406251430511474609375" lon="120.26796908117830753326416015625">
        <ele>5</ele>
        <time>2025-03-21T13:54:30.000Z</time>
        <extensions>
          <ns3:TrackPointExtension>
            <ns3:hr>158</ns3:hr>
            <ns3:cad>88</ns3:cad>
          </ns3:TrackPointExtension>
        </extensions>
      </trkpt>
      <trkpt lat="30.4423895291984081268310546875" lon="120.2679745294153690338134765625">
        <ele>5</ele>
        <time>2025-03-21T13:54:31.000Z</time>
        <extensions>
          <ns3:TrackPointExtension>
            <ns3:hr>158</ns3:hr>
            <ns3:cad>0</ns3:cad>
          </ns3:TrackPointExtension>
        </extensions>
      </trkpt>
      <trkpt lat="30.44237720780074596405029296875" lon="120.267981402575969696044921875">
        <ele>5</ele>
        <time>2025-03-21T13:54:32.000Z</time>
        <extensions>
          <ns3:TrackPointExtension>
            <ns3:hr>158</ns3:hr>
            <ns3:cad>0</ns3:cad>
          </ns3:TrackPointExtension>
        </extensions>
      </trkpt>
      <trkpt lat="30.442367233335971832275390625" lon="120.2679869346320629119873046875">
        <ele>5</ele>
        <time>2025-03-21T13:54:33.000Z</time>
        <extensions>
          <ns3:TrackPointExtension>
            <ns3:hr>157</ns3:hr>
            <ns3:cad>64</ns3:cad>
          </ns3:TrackPointExtension>
        </extensions>
      </trkpt>
      <trkpt lat="30.4423553310334682464599609375" lon="120.26799523271620273590087890625">
        <ele>5</ele>
        <time>2025-03-21T13:54:34.000Z</time>
        <extensions>
          <ns3:TrackPointExtension>
            <ns3:hr>157</ns3:hr>
            <ns3:cad>66</ns3:cad>
          </ns3:TrackPointExtension>
        </extensions>
      </trkpt>
      <trkpt lat="30.44233948923647403717041015625" lon="120.26800394989550113677978515625">
        <ele>5</ele>
        <time>2025-03-21T13:54:35.000Z</time>
        <extensions>
          <ns3:TrackPointExtension>
            <ns3:hr>157</ns3:hr>
            <ns3:cad>64</ns3:cad>
          </ns3:TrackPointExtension>
        </extensions>
      </trkpt>
      <trkpt lat="30.44232373125851154327392578125" lon="120.2680114097893238067626953125">
        <ele>5</ele>
        <time>2025-03-21T13:54:36.000Z</time>
        <extensions>
          <ns3:TrackPointExtension>
            <ns3:hr>156</ns3:hr>
            <ns3:cad>62</ns3:cad>
          </ns3:TrackPointExtension>
        </extensions>
      </trkpt>
      <trkpt lat="30.44230026192963123321533203125" lon="120.26802624575793743133544921875">
        <ele>5</ele>
        <time>2025-03-21T13:54:37.000Z</time>
        <extensions>
          <ns3:TrackPointExtension>
            <ns3:hr>156</ns3:hr>
            <ns3:cad>61</ns3:cad>
          </ns3:TrackPointExtension>
        </extensions>
      </trkpt>
      <trkpt lat="30.44228014536201953887939453125" lon="120.26803932152688503265380859375">
        <ele>5</ele>
        <time>2025-03-21T13:54:38.000Z</time>
        <extensions>
          <ns3:TrackPointExtension>
            <ns3:hr>156</ns3:hr>
            <ns3:cad>61</ns3:cad>
          </ns3:TrackPointExtension>
        </extensions>
      </trkpt>
      <trkpt lat="30.44226690195500850677490234375" lon="120.26804736815392971038818359375">
        <ele>5</ele>
        <time>2025-03-21T13:54:39.000Z</time>
        <extensions>
          <ns3:TrackPointExtension>
            <ns3:hr>155</ns3:hr>
            <ns3:cad>79</ns3:cad>
          </ns3:TrackPointExtension>
        </extensions>
      </trkpt>
      <trkpt lat="30.44225852005183696746826171875" lon="120.26805357076227664947509765625">
        <ele>5</ele>
        <time>2025-03-21T13:54:40.000Z</time>
        <extensions>
          <ns3:TrackPointExtension>
            <ns3:hr>155</ns3:hr>
            <ns3:cad>79</ns3:cad>
          </ns3:TrackPointExtension>
        </extensions>
      </trkpt>
      <trkpt lat="30.4422529041767120361328125" lon="120.26806228794157505035400390625">
        <ele>5</ele>
        <time>2025-03-21T13:54:41.000Z</time>
        <extensions>
          <ns3:TrackPointExtension>
            <ns3:hr>155</ns3:hr>
            <ns3:cad>79</ns3:cad>
          </ns3:TrackPointExtension>
        </extensions>
      </trkpt>
      <trkpt lat="30.442241840064525604248046875" lon="120.26807083748281002044677734375">
        <ele>5</ele>
        <time>2025-03-21T13:54:42.000Z</time>
        <extensions>
          <ns3:TrackPointExtension>
            <ns3:hr>154</ns3:hr>
            <ns3:cad>79</ns3:cad>
          </ns3:TrackPointExtension>
        </extensions>
      </trkpt>
      <trkpt lat="30.44222868047654628753662109375" lon="120.26807762682437896728515625">
        <ele>5</ele>
        <time>2025-03-21T13:54:43.000Z</time>
        <extensions>
          <ns3:TrackPointExtension>
            <ns3:hr>154</ns3:hr>
            <ns3:cad>0</ns3:cad>
          </ns3:TrackPointExtension>
        </extensions>
      </trkpt>
      <trkpt lat="30.4422178678214550018310546875" lon="120.26808190159499645233154296875">
        <ele>5</ele>
        <time>2025-03-21T13:54:44.000Z</time>
        <extensions>
          <ns3:TrackPointExtension>
            <ns3:hr>154</ns3:hr>
            <ns3:cad>0</ns3:cad>
          </ns3:TrackPointExtension>
        </extensions>
      </trkpt>
      <trkpt lat="30.4422041215002536773681640625" lon="120.2680885232985019683837890625">
        <ele>5</ele>
        <time>2025-03-21T13:54:45.000Z</time>
        <extensions>
          <ns3:TrackPointExtension>
            <ns3:hr>153</ns3:hr>
            <ns3:cad>0</ns3:cad>
          </ns3:TrackPointExtension>
        </extensions>
      </trkpt>
      <trkpt lat="30.44218744151294231414794921875" lon="120.26809849776327610015869140625">
        <ele>5</ele>
        <time>2025-03-21T13:54:46.000Z</time>
        <extensions>
          <ns3:TrackPointExtension>
            <ns3:hr>152</ns3:hr>
            <ns3:cad>0</ns3:cad>
          </ns3:TrackPointExtension>
        </extensions>
      </trkpt>
      <trkpt lat="30.44217118062078952789306640625" lon="120.268109478056430816650390625">
        <ele>5</ele>
        <time>2025-03-21T13:54:47.000Z</time>
        <extensions>
          <ns3:TrackPointExtension>
            <ns3:hr>151</ns3:hr>
            <ns3:cad>0</ns3:cad>
          </ns3:TrackPointExtension>
        </extensions>
      </trkpt>
      <trkpt lat="30.442161373794078826904296875" lon="120.26811626739799976348876953125">
        <ele>5</ele>
        <time>2025-03-21T13:54:48.000Z</time>
        <extensions>
          <ns3:TrackPointExtension>
            <ns3:hr>150</ns3:hr>
            <ns3:cad>65</ns3:cad>
          </ns3:TrackPointExtension>
        </extensions>
      </trkpt>
      <trkpt lat="30.44215156696736812591552734375" lon="120.26812255382537841796875">
        <ele>5</ele>
        <time>2025-03-21T13:54:49.000Z</time>
        <extensions>
          <ns3:TrackPointExtension>
            <ns3:hr>150</ns3:hr>
            <ns3:cad>65</ns3:cad>
          </ns3:TrackPointExtension>
        </extensions>
      </trkpt>
      <trkpt lat="30.44214033521711826324462890625" lon="120.2681337855756282806396484375">
        <ele>5</ele>
        <time>2025-03-21T13:54:50.000Z</time>
        <extensions>
          <ns3:TrackPointExtension>
            <ns3:hr>149</ns3:hr>
            <ns3:cad>65</ns3:cad>
          </ns3:TrackPointExtension>
        </extensions>
      </trkpt>
      <trkpt lat="30.44212642125785350799560546875" lon="120.2681455202400684356689453125">
        <ele>5</ele>
        <time>2025-03-21T13:54:51.000Z</time>
        <extensions>
          <ns3:TrackPointExtension>
            <ns3:hr>148</ns3:hr>
            <ns3:cad>63</ns3:cad>
          </ns3:TrackPointExtension>
        </extensions>
      </trkpt>
      <trkpt lat="30.4421139322221279144287109375" lon="120.2681596018373966217041015625">
        <ele>5</ele>
        <time>2025-03-21T13:54:52.000Z</time>
        <extensions>
          <ns3:TrackPointExtension>
            <ns3:hr>149</ns3:hr>
            <ns3:cad>62</ns3:cad>
          </ns3:TrackPointExtension>
        </extensions>
      </trkpt>
      <trkpt lat="30.4421025328338146209716796875" lon="120.26817016303539276123046875">
        <ele>5</ele>
        <time>2025-03-21T13:54:53.000Z</time>
        <extensions>
          <ns3:TrackPointExtension>
            <ns3:hr>149</ns3:hr>
            <ns3:cad>62</ns3:cad>
          </ns3:TrackPointExtension>
        </extensions>
      </trkpt>
      <trkpt lat="30.44209088198840618133544921875" lon="120.26817946694791316986083984375">
        <ele>5</ele>
        <time>2025-03-21T13:54:54.000Z</time>
        <extensions>
          <ns3:TrackPointExtension>
            <ns3:hr>150</ns3:hr>
            <ns3:cad>63</ns3:cad>
          </ns3:TrackPointExtension>
        </extensions>
      </trkpt>
      <trkpt lat="30.44208233244717121124267578125" lon="120.26818625628948211669921875">
        <ele>4.80000019073486328125</ele>
        <time>2025-03-21T13:54:55.000Z</time>
        <extensions>
          <ns3:TrackPointExtension>
            <ns3:hr>150</ns3:hr>
            <ns3:cad>63</ns3:cad>
          </ns3:TrackPointExtension>
        </extensions>
      </trkpt>
      <trkpt lat="30.4420726932585239410400390625" lon="120.26819388382136821746826171875">
        <ele>4.80000019073486328125</ele>
        <time>2025-03-21T13:54:56.000Z</time>
        <extensions>
          <ns3:TrackPointExtension>
            <ns3:hr>150</ns3:hr>
            <ns3:cad>63</ns3:cad>
          </ns3:TrackPointExtension>
        </extensions>
      </trkpt>
      <trkpt lat="30.44206422753632068634033203125" lon="120.268200002610683441162109375">
        <ele>4.80000019073486328125</ele>
        <time>2025-03-21T13:54:57.000Z</time>
        <extensions>
          <ns3:TrackPointExtension>
            <ns3:hr>150</ns3:hr>
            <ns3:cad>64</ns3:cad>
          </ns3:TrackPointExtension>
        </extensions>
      </trkpt>
      <trkpt lat="30.44205643236637115478515625" lon="120.2682008408010005950927734375">
        <ele>4.80000019073486328125</ele>
        <time>2025-03-21T13:54:58.000Z</time>
        <extensions>
          <ns3:TrackPointExtension>
            <ns3:hr>150</ns3:hr>
            <ns3:cad>64</ns3:cad>
          </ns3:TrackPointExtension>
        </extensions>
      </trkpt>
      <trkpt lat="30.442044697701930999755859375" lon="120.2682008408010005950927734375">
        <ele>4.599999904632568359375</ele>
        <time>2025-03-21T13:54:59.000Z</time>
        <extensions>
          <ns3:TrackPointExtension>
            <ns3:hr>150</ns3:hr>
            <ns3:cad>65</ns3:cad>
          </ns3:TrackPointExtension>
        </extensions>
      </trkpt>
      <trkpt lat="30.44203002937138080596923828125" lon="120.2682062052190303802490234375">
        <ele>4.599999904632568359375</ele>
        <time>2025-03-21T13:55:00.000Z</time>
        <extensions>
          <ns3:TrackPointExtension>
            <ns3:hr>149</ns3:hr>
            <ns3:cad>65</ns3:cad>
          </ns3:TrackPointExtension>
        </extensions>
      </trkpt>
      <trkpt lat="30.44201628305017948150634765625" lon="120.26821064762771129608154296875">
        <ele>4.599999904632568359375</ele>
        <time>2025-03-21T13:55:01.000Z</time>
        <extensions>
          <ns3:TrackPointExtension>
            <ns3:hr>149</ns3:hr>
            <ns3:cad>64</ns3:cad>
          </ns3:TrackPointExtension>
        </extensions>
      </trkpt>
      <trkpt lat="30.442003123462200164794921875" lon="120.2682169340550899505615234375">
        <ele>4.400000095367431640625</ele>
        <time>2025-03-21T13:55:02.000Z</time>
        <extensions>
          <ns3:TrackPointExtension>
            <ns3:hr>148</ns3:hr>
            <ns3:cad>64</ns3:cad>
          </ns3:TrackPointExtension>
        </extensions>
      </trkpt>
      <trkpt lat="30.44198895804584026336669921875" lon="120.26821902953088283538818359375">
        <ele>4.400000095367431640625</ele>
        <time>2025-03-21T13:55:03.000Z</time>
        <extensions>
          <ns3:TrackPointExtension>
            <ns3:hr>147</ns3:hr>
            <ns3:cad>64</ns3:cad>
          </ns3:TrackPointExtension>
        </extensions>
      </trkpt>
      <trkpt lat="30.44197722338140010833740234375" lon="120.268219448626041412353515625">
        <ele>4.400000095367431640625</ele>
        <time>2025-03-21T13:55:04.000Z</time>
        <extensions>
          <ns3:TrackPointExtension>
            <ns3:hr>146</ns3:hr>
            <ns3:cad>0</ns3:cad>
          </ns3:TrackPointExtension>
        </extensions>
      </trkpt>
      <trkpt lat="30.44196900911629199981689453125" lon="120.26822120882570743560791015625">
        <ele>4.400000095367431640625</ele>
        <time>2025-03-21T13:55:05.000Z</time>
        <extensions>
          <ns3:TrackPointExtension>
            <ns3:hr>146</ns3:hr>
            <ns3:cad>0</ns3:cad>
          </ns3:TrackPointExtension>
        </extensions>
      </trkpt>
      <trkpt lat="30.441954173147678375244140625" lon="120.2682243101298809051513671875">
        <ele>4.19999980926513671875</ele>
        <time>2025-03-21T13:55:06.000Z</time>
        <extensions>
          <ns3:TrackPointExtension>
            <ns3:hr>145</ns3:hr>
            <ns3:cad>0</ns3:cad>
          </ns3:TrackPointExtension>
        </extensions>
      </trkpt>
      <trkpt lat="30.44194419868290424346923828125" lon="120.26822380721569061279296875">
        <ele>4.19999980926513671875</ele>
        <time>2025-03-21T13:55:07.000Z</time>
        <extensions>
          <ns3:TrackPointExtension>
            <ns3:hr>144</ns3:hr>
            <ns3:cad>0</ns3:cad>
          </ns3:TrackPointExtension>
        </extensions>
      </trkpt>
      <trkpt lat="30.441934056580066680908203125" lon="120.2682246454060077667236328125">
        <ele>4.19999980926513671875</ele>
        <time>2025-03-21T13:55:08.000Z</time>
        <extensions>
          <ns3:TrackPointExtension>
            <ns3:hr>143</ns3:hr>
            <ns3:cad>0</ns3:cad>
          </ns3:TrackPointExtension>
        </extensions>
      </trkpt>
      <trkpt lat="30.44192475266754627227783203125" lon="120.26822640560567378997802734375">
        <ele>4.19999980926513671875</ele>
        <time>2025-03-21T13:55:09.000Z</time>
        <extensions>
          <ns3:TrackPointExtension>
            <ns3:hr>143</ns3:hr>
            <ns3:cad>0</ns3:cad>
          </ns3:TrackPointExtension>
        </extensions>
      </trkpt>
      <trkpt lat="30.44191687367856502532958984375" lon="120.2682276628911495208740234375">
        <ele>4.19999980926513671875</ele>
        <time>2025-03-21T13:55:10.000Z</time>
        <extensions>
          <ns3:TrackPointExtension>
            <ns3:hr>143</ns3:hr>
            <ns3:cad>0</ns3:cad>
          </ns3:TrackPointExtension>
        </extensions>
      </trkpt>
      <trkpt lat="30.4419110901653766632080078125" lon="120.26822975836694240570068359375">
        <ele>4.19999980926513671875</ele>
        <time>2025-03-21T13:55:11.000Z</time>
        <extensions>
          <ns3:TrackPointExtension>
            <ns3:hr>142</ns3:hr>
            <ns3:cad>53</ns3:cad>
          </ns3:TrackPointExtension>
        </extensions>
      </trkpt>
      <trkpt lat="30.44190044514834880828857421875" lon="120.26822975836694240570068359375">
        <ele>4</ele>
        <time>2025-03-21T13:55:12.000Z</time>
        <extensions>
          <ns3:TrackPointExtension>
            <ns3:hr>142</ns3:hr>
            <ns3:cad>53</ns3:cad>
          </ns3:TrackPointExtension>
        </extensions>
      </trkpt>
      <trkpt lat="30.441895164549350738525390625" lon="120.26822984218597412109375">
        <ele>4</ele>
        <time>2025-03-21T13:55:13.000Z</time>
        <extensions>
          <ns3:TrackPointExtension>
            <ns3:hr>142</ns3:hr>
            <ns3:cad>56</ns3:cad>
          </ns3:TrackPointExtension>
        </extensions>
      </trkpt>
      <trkpt lat="30.44189206324517726898193359375" lon="120.26822824962437152862548828125">
        <ele>4</ele>
        <time>2025-03-21T13:55:14.000Z</time>
        <extensions>
          <ns3:TrackPointExtension>
            <ns3:hr>142</ns3:hr>
            <ns3:cad>56</ns3:cad>
          </ns3:TrackPointExtension>
        </extensions>
      </trkpt>
      <trkpt lat="30.4418909735977649688720703125" lon="120.26822808198630809783935546875">
        <ele>4</ele>
        <time>2025-03-21T13:55:15.000Z</time>
        <extensions>
          <ns3:TrackPointExtension>
            <ns3:hr>142</ns3:hr>
            <ns3:cad>0</ns3:cad>
          </ns3:TrackPointExtension>
        </extensions>
      </trkpt>
      <trkpt lat="30.44188938103616237640380859375" lon="120.268227495253086090087890625">
        <ele>4</ele>
        <time>2025-03-21T13:55:16.000Z</time>
        <extensions>
          <ns3:TrackPointExtension>
            <ns3:hr>142</ns3:hr>
            <ns3:cad>0</ns3:cad>
          </ns3:TrackPointExtension>
        </extensions>
      </trkpt>
      <trkpt lat="30.44188938103616237640380859375" lon="120.26822791434824466705322265625">
        <ele>4</ele>
        <time>2025-03-21T13:55:17.000Z</time>
        <extensions>
          <ns3:TrackPointExtension>
            <ns3:hr>142</ns3:hr>
            <ns3:cad>0</ns3:cad>
          </ns3:TrackPointExtension>
        </extensions>
      </trkpt>
      <trkpt lat="30.44189005158841609954833984375" lon="120.26822808198630809783935546875">
        <ele>4</ele>
        <time>2025-03-21T13:55:18.000Z</time>
        <extensions>
          <ns3:TrackPointExtension>
            <ns3:hr>142</ns3:hr>
            <ns3:cad>0</ns3:cad>
          </ns3:TrackPointExtension>
        </extensions>
      </trkpt>
      <trkpt lat="30.44189072214066982269287109375" lon="120.2682279981672763824462890625">
        <ele>4</ele>
        <time>2025-03-21T13:55:19.000Z</time>
        <extensions>
          <ns3:TrackPointExtension>
            <ns3:hr>142</ns3:hr>
            <ns3:cad>0</ns3:cad>
          </ns3:TrackPointExtension>
        </extensions>
      </trkpt>
      <trkpt lat="30.4417674243450164794921875" lon="120.26833402924239635467529296875">
        <ele>4.80000019073486328125</ele>
        <time>2025-03-21T13:56:02.000Z</time>
        <extensions>
          <ns3:TrackPointExtension>
            <ns3:hr>134</ns3:hr>
            <ns3:cad>61</ns3:cad>
          </ns3:TrackPointExtension>
        </extensions>
      </trkpt>
      <trkpt lat="30.44174621812999248504638671875" lon="120.26835498400032520294189453125">
        <ele>5</ele>
        <time>2025-03-21T13:56:03.000Z</time>
        <extensions>
          <ns3:TrackPointExtension>
            <ns3:hr>135</ns3:hr>
            <ns3:cad>91</ns3:cad>
          </ns3:TrackPointExtension>
        </extensions>
      </trkpt>
      <trkpt lat="30.44172207824885845184326171875" lon="120.268379710614681243896484375">
        <ele>5</ele>
        <time>2025-03-21T13:56:04.000Z</time>
        <extensions>
          <ns3:TrackPointExtension>
            <ns3:hr>135</ns3:hr>
            <ns3:cad>91</ns3:cad>
          </ns3:TrackPointExtension>
        </extensions>
      </trkpt>
      <trkpt lat="30.44169760309159755706787109375" lon="120.26839924044907093048095703125">
        <ele>5</ele>
        <time>2025-03-21T13:56:05.000Z</time>
        <extensions>
          <ns3:TrackPointExtension>
            <ns3:hr>136</ns3:hr>
            <ns3:cad>91</ns3:cad>
          </ns3:TrackPointExtension>
        </extensions>
      </trkpt>
      <trkpt lat="30.44167798943817615509033203125" lon="120.2684174291789531707763671875">
        <ele>5</ele>
        <time>2025-03-21T13:56:06.000Z</time>
        <extensions>
          <ns3:TrackPointExtension>
            <ns3:hr>136</ns3:hr>
            <ns3:cad>90</ns3:cad>
          </ns3:TrackPointExtension>
        </extensions>
      </trkpt>
      <trkpt lat="30.4416599683463573455810546875" lon="120.26843159459531307220458984375">
        <ele>5</ele>
        <time>2025-03-21T13:56:07.000Z</time>
        <extensions>
          <ns3:TrackPointExtension>
            <ns3:hr>136</ns3:hr>
            <ns3:cad>90</ns3:cad>
          </ns3:TrackPointExtension>
        </extensions>
      </trkpt>
      <trkpt lat="30.44163825921714305877685546875" lon="120.26844986714422702789306640625">
        <ele>5</ele>
        <time>2025-03-21T13:56:08.000Z</time>
        <extensions>
          <ns3:TrackPointExtension>
            <ns3:hr>135</ns3:hr>
            <ns3:cad>90</ns3:cad>
          </ns3:TrackPointExtension>
        </extensions>
      </trkpt>
      <trkpt lat="30.44161655008792877197265625" lon="120.26846713386476039886474609375">
        <ele>5</ele>
        <time>2025-03-21T13:56:09.000Z</time>
        <extensions>
          <ns3:TrackPointExtension>
            <ns3:hr>135</ns3:hr>
            <ns3:cad>91</ns3:cad>
          </ns3:TrackPointExtension>
        </extensions>
      </trkpt>
      <trkpt lat="30.44159182347357273101806640625" lon="120.26848842389881610870361328125">
        <ele>5.19999980926513671875</ele>
        <time>2025-03-21T13:56:10.000Z</time>
        <extensions>
          <ns3:TrackPointExtension>
            <ns3:hr>133</ns3:hr>
            <ns3:cad>92</ns3:cad>
          </ns3:TrackPointExtension>
        </extensions>
      </trkpt>
      <trkpt lat="30.44157573021948337554931640625" lon="120.26850217022001743316650390625">
        <ele>5.19999980926513671875</ele>
        <time>2025-03-21T13:56:11.000Z</time>
        <extensions>
          <ns3:TrackPointExtension>
            <ns3:hr>132</ns3:hr>
            <ns3:cad>93</ns3:cad>
          </ns3:TrackPointExtension>
        </extensions>
      </trkpt>
      <trkpt lat="30.44154387898743152618408203125" lon="120.26852362789213657379150390625">
        <ele>5</ele>
        <time>2025-03-21T13:56:12.000Z</time>
        <extensions>
          <ns3:TrackPointExtension>
            <ns3:hr>133</ns3:hr>
            <ns3:cad>93</ns3:cad>
          </ns3:TrackPointExtension>
        </extensions>
      </trkpt>
      <trkpt lat="30.44151957146823406219482421875" lon="120.26854407973587512969970703125">
        <ele>5</ele>
        <time>2025-03-21T13:56:13.000Z</time>
        <extensions>
          <ns3:TrackPointExtension>
            <ns3:hr>132</ns3:hr>
            <ns3:cad>93</ns3:cad>
          </ns3:TrackPointExtension>
        </extensions>
      </trkpt>
      <trkpt lat="30.4414963535964488983154296875" lon="120.2685592509806156158447265625">
        <ele>5.19999980926513671875</ele>
        <time>2025-03-21T13:56:14.000Z</time>
        <extensions>
          <ns3:TrackPointExtension>
            <ns3:hr>132</ns3:hr>
            <ns3:cad>94</ns3:cad>
          </ns3:TrackPointExtension>
        </extensions>
      </trkpt>
      <trkpt lat="30.441474057734012603759765625" lon="120.26857324875891208648681640625">
        <ele>5.19999980926513671875</ele>
        <time>2025-03-21T13:56:15.000Z</time>
        <extensions>
          <ns3:TrackPointExtension>
            <ns3:hr>132</ns3:hr>
            <ns3:cad>94</ns3:cad>
          </ns3:TrackPointExtension>
        </extensions>
      </trkpt>
      <trkpt lat="30.441451929509639739990234375" lon="120.26858850382268428802490234375">
        <ele>5.19999980926513671875</ele>
        <time>2025-03-21T13:56:16.000Z</time>
        <extensions>
          <ns3:TrackPointExtension>
            <ns3:hr>132</ns3:hr>
            <ns3:cad>93</ns3:cad>
          </ns3:TrackPointExtension>
        </extensions>
      </trkpt>
      <trkpt lat="30.4414292983710765838623046875" lon="120.26860040612518787384033203125">
        <ele>5.19999980926513671875</ele>
        <time>2025-03-21T13:56:17.000Z</time>
        <extensions>
          <ns3:TrackPointExtension>
            <ns3:hr>133</ns3:hr>
            <ns3:cad>93</ns3:cad>
          </ns3:TrackPointExtension>
        </extensions>
      </trkpt>
      <trkpt lat="30.44140742160379886627197265625" lon="120.26861063204705715179443359375">
        <ele>5.19999980926513671875</ele>
        <time>2025-03-21T13:56:18.000Z</time>
        <extensions>
          <ns3:TrackPointExtension>
            <ns3:hr>133</ns3:hr>
            <ns3:cad>93</ns3:cad>
          </ns3:TrackPointExtension>
        </extensions>
      </trkpt>
      <trkpt lat="30.44138479046523571014404296875" lon="120.2686201035976409912109375">
        <ele>5</ele>
        <time>2025-03-21T13:56:19.000Z</time>
        <extensions>
          <ns3:TrackPointExtension>
            <ns3:hr>134</ns3:hr>
            <ns3:cad>93</ns3:cad>
          </ns3:TrackPointExtension>
        </extensions>
      </trkpt>
      <trkpt lat="30.44136282987892627716064453125" lon="120.2686296589672565460205078125">
        <ele>4.80000019073486328125</ele>
        <time>2025-03-21T13:56:20.000Z</time>
        <extensions>
          <ns3:TrackPointExtension>
            <ns3:hr>134</ns3:hr>
            <ns3:cad>93</ns3:cad>
          </ns3:TrackPointExtension>
        </extensions>
      </trkpt>
      <trkpt lat="30.4413463175296783447265625" lon="120.268637873232364654541015625">
        <ele>4.599999904632568359375</ele>
        <time>2025-03-21T13:56:21.000Z</time>
        <extensions>
          <ns3:TrackPointExtension>
            <ns3:hr>135</ns3:hr>
            <ns3:cad>92</ns3:cad>
          </ns3:TrackPointExtension>
        </extensions>
      </trkpt>
      <trkpt lat="30.44132544659078121185302734375" lon="120.2686496078968048095703125">
        <ele>4.599999904632568359375</ele>
        <time>2025-03-21T13:56:22.000Z</time>
        <extensions>
          <ns3:TrackPointExtension>
            <ns3:hr>136</ns3:hr>
            <ns3:cad>91</ns3:cad>
          </ns3:TrackPointExtension>
        </extensions>
      </trkpt>
      <trkpt lat="30.441301055252552032470703125" lon="120.26866259984672069549560546875">
        <ele>4.599999904632568359375</ele>
        <time>2025-03-21T13:56:23.000Z</time>
        <extensions>
          <ns3:TrackPointExtension>
            <ns3:hr>136</ns3:hr>
            <ns3:cad>91</ns3:cad>
          </ns3:TrackPointExtension>
        </extensions>
      </trkpt>
      <trkpt lat="30.44127163477241992950439453125" lon="120.2686769329011440277099609375">
        <ele>4.400000095367431640625</ele>
        <time>2025-03-21T13:56:24.000Z</time>
        <extensions>
          <ns3:TrackPointExtension>
            <ns3:hr>137</ns3:hr>
            <ns3:cad>91</ns3:cad>
          </ns3:TrackPointExtension>
        </extensions>
      </trkpt>
      <trkpt lat="30.4412529431283473968505859375" lon="120.2686886675655841827392578125">
        <ele>4.400000095367431640625</ele>
        <time>2025-03-21T13:56:25.000Z</time>
        <extensions>
          <ns3:TrackPointExtension>
            <ns3:hr>138</ns3:hr>
            <ns3:cad>95</ns3:cad>
          </ns3:TrackPointExtension>
        </extensions>
      </trkpt>
      <trkpt lat="30.441229306161403656005859375" lon="120.2687020786106586456298828125">
        <ele>4.400000095367431640625</ele>
        <time>2025-03-21T13:56:26.000Z</time>
        <extensions>
          <ns3:TrackPointExtension>
            <ns3:hr>138</ns3:hr>
            <ns3:cad>95</ns3:cad>
          </ns3:TrackPointExtension>
        </extensions>
      </trkpt>
      <trkpt lat="30.4412076808512210845947265625" lon="120.26871456764638423919677734375">
        <ele>4.400000095367431640625</ele>
        <time>2025-03-21T13:56:27.000Z</time>
        <extensions>
          <ns3:TrackPointExtension>
            <ns3:hr>139</ns3:hr>
            <ns3:cad>94</ns3:cad>
          </ns3:TrackPointExtension>
        </extensions>
      </trkpt>
      <trkpt lat="30.44118429534137248992919921875" lon="120.26872613467276096343994140625">
        <ele>4.19999980926513671875</ele>
        <time>2025-03-21T13:56:28.000Z</time>
        <extensions>
          <ns3:TrackPointExtension>
            <ns3:hr>140</ns3:hr>
            <ns3:cad>94</ns3:cad>
          </ns3:TrackPointExtension>
        </extensions>
      </trkpt>
      <trkpt lat="30.44116325676441192626953125" lon="120.26873820461332798004150390625">
        <ele>4.19999980926513671875</ele>
        <time>2025-03-21T13:56:29.000Z</time>
        <extensions>
          <ns3:TrackPointExtension>
            <ns3:hr>140</ns3:hr>
            <ns3:cad>94</ns3:cad>
          </ns3:TrackPointExtension>
        </extensions>
      </trkpt>
      <trkpt lat="30.441142804920673370361328125" lon="120.2687490172684192657470703125">
        <ele>4.19999980926513671875</ele>
        <time>2025-03-21T13:56:30.000Z</time>
        <extensions>
          <ns3:TrackPointExtension>
            <ns3:hr>140</ns3:hr>
            <ns3:cad>94</ns3:cad>
          </ns3:TrackPointExtension>
        </extensions>
      </trkpt>
      <trkpt lat="30.4411195032298564910888671875" lon="120.26876100338995456695556640625">
        <ele>4.19999980926513671875</ele>
        <time>2025-03-21T13:56:31.000Z</time>
        <extensions>
          <ns3:TrackPointExtension>
            <ns3:hr>141</ns3:hr>
            <ns3:cad>92</ns3:cad>
          </ns3:TrackPointExtension>
        </extensions>
      </trkpt>
      <trkpt lat="30.44109662063419818878173828125" lon="120.268771313130855560302734375">
        <ele>4.19999980926513671875</ele>
        <time>2025-03-21T13:56:32.000Z</time>
        <extensions>
          <ns3:TrackPointExtension>
            <ns3:hr>141</ns3:hr>
            <ns3:cad>92</ns3:cad>
          </ns3:TrackPointExtension>
        </extensions>
      </trkpt>
      <trkpt lat="30.44107398949563503265380859375" lon="120.2687852270901203155517578125">
        <ele>4</ele>
        <time>2025-03-21T13:56:33.000Z</time>
        <extensions>
          <ns3:TrackPointExtension>
            <ns3:hr>141</ns3:hr>
            <ns3:cad>92</ns3:cad>
          </ns3:TrackPointExtension>
        </extensions>
      </trkpt>
      <trkpt lat="30.44104968197643756866455078125" lon="120.26879436336457729339599609375">
        <ele>4</ele>
        <time>2025-03-21T13:56:34.000Z</time>
        <extensions>
          <ns3:TrackPointExtension>
            <ns3:hr>141</ns3:hr>
            <ns3:cad>92</ns3:cad>
          </ns3:TrackPointExtension>
        </extensions>
      </trkpt>
      <trkpt lat="30.441025458276271820068359375" lon="120.268808193504810333251953125">
        <ele>4.400000095367431640625</ele>
        <time>2025-03-21T13:56:35.000Z</time>
        <extensions>
          <ns3:TrackPointExtension>
            <ns3:hr>141</ns3:hr>
            <ns3:cad>92</ns3:cad>
          </ns3:TrackPointExtension>
        </extensions>
      </trkpt>
      <trkpt lat="30.44099754653871059417724609375" lon="120.26882520876824855804443359375">
        <ele>4.599999904632568359375</ele>
        <time>2025-03-21T13:56:36.000Z</time>
        <extensions>
          <ns3:TrackPointExtension>
            <ns3:hr>141</ns3:hr>
            <ns3:cad>92</ns3:cad>
          </ns3:TrackPointExtension>
        </extensions>
      </trkpt>
      <trkpt lat="30.44097927398979663848876953125" lon="120.26883778162300586700439453125">
        <ele>4.599999904632568359375</ele>
        <time>2025-03-21T13:56:37.000Z</time>
        <extensions>
          <ns3:TrackPointExtension>
            <ns3:hr>141</ns3:hr>
            <ns3:cad>92</ns3:cad>
          </ns3:TrackPointExtension>
        </extensions>
      </trkpt>
      <trkpt lat="30.44095563702285289764404296875" lon="120.2688507735729217529296875">
        <ele>4.80000019073486328125</ele>
        <time>2025-03-21T13:56:38.000Z</time>
        <extensions>
          <ns3:TrackPointExtension>
            <ns3:hr>141</ns3:hr>
            <ns3:cad>92</ns3:cad>
          </ns3:TrackPointExtension>
        </extensions>
      </trkpt>
      <trkpt lat="30.4409324191510677337646484375" lon="120.268863178789615631103515625">
        <ele>5</ele>
        <time>2025-03-21T13:56:39.000Z</time>
        <extensions>
          <ns3:TrackPointExtension>
            <ns3:hr>142</ns3:hr>
            <ns3:cad>92</ns3:cad>
          </ns3:TrackPointExtension>
        </extensions>
      </trkpt>
      <trkpt lat="30.440904758870601654052734375" lon="120.2688780985772609710693359375">
        <ele>5.19999980926513671875</ele>
        <time>2025-03-21T13:56:40.000Z</time>
        <extensions>
          <ns3:TrackPointExtension>
            <ns3:hr>143</ns3:hr>
            <ns3:cad>94</ns3:cad>
          </ns3:TrackPointExtension>
        </extensions>
      </trkpt>
      <trkpt lat="30.44087885878980159759521484375" lon="120.2688925154507160186767578125">
        <ele>5.400000095367431640625</ele>
        <time>2025-03-21T13:56:41.000Z</time>
        <extensions>
          <ns3:TrackPointExtension>
            <ns3:hr>144</ns3:hr>
            <ns3:cad>94</ns3:cad>
          </ns3:TrackPointExtension>
        </extensions>
      </trkpt>
      <trkpt lat="30.440853126347064971923828125" lon="120.26890852488577365875244140625">
        <ele>5.400000095367431640625</ele>
        <time>2025-03-21T13:56:42.000Z</time>
        <extensions>
          <ns3:TrackPointExtension>
            <ns3:hr>145</ns3:hr>
            <ns3:cad>92</ns3:cad>
          </ns3:TrackPointExtension>
        </extensions>
      </trkpt>
      <trkpt lat="30.4408281482756137847900390625" lon="120.26892579160630702972412109375">
        <ele>5.400000095367431640625</ele>
        <time>2025-03-21T13:56:43.000Z</time>
        <extensions>
          <ns3:TrackPointExtension>
            <ns3:hr>147</ns3:hr>
            <ns3:cad>92</ns3:cad>
          </ns3:TrackPointExtension>
        </extensions>
      </trkpt>
      <trkpt lat="30.44080543331801891326904296875" lon="120.26893861591815948486328125">
        <ele>5.400000095367431640625</ele>
        <time>2025-03-21T13:56:44.000Z</time>
        <extensions>
          <ns3:TrackPointExtension>
            <ns3:hr>148</ns3:hr>
            <ns3:cad>92</ns3:cad>
          </ns3:TrackPointExtension>
        </extensions>
      </trkpt>
      <trkpt lat="30.4407838918268680572509765625" lon="120.26895345188677310943603515625">
        <ele>5.400000095367431640625</ele>
        <time>2025-03-21T13:56:45.000Z</time>
        <extensions>
          <ns3:TrackPointExtension>
            <ns3:hr>148</ns3:hr>
            <ns3:cad>92</ns3:cad>
          </ns3:TrackPointExtension>
        </extensions>
      </trkpt>
      <trkpt lat="30.44076226651668548583984375" lon="120.2689669467508792877197265625">
        <ele>5.400000095367431640625</ele>
        <time>2025-03-21T13:56:46.000Z</time>
        <extensions>
          <ns3:TrackPointExtension>
            <ns3:hr>149</ns3:hr>
            <ns3:cad>94</ns3:cad>
          </ns3:TrackPointExtension>
        </extensions>
      </trkpt>
      <trkpt lat="30.44074223376810550689697265625" lon="120.26897884905338287353515625">
        <ele>5.400000095367431640625</ele>
        <time>2025-03-21T13:56:47.000Z</time>
        <extensions>
          <ns3:TrackPointExtension>
            <ns3:hr>149</ns3:hr>
            <ns3:cad>94</ns3:cad>
          </ns3:TrackPointExtension>
        </extensions>
      </trkpt>
      <trkpt lat="30.44072027318179607391357421875" lon="120.268994607031345367431640625">
        <ele>5.400000095367431640625</ele>
        <time>2025-03-21T13:56:48.000Z</time>
        <extensions>
          <ns3:TrackPointExtension>
            <ns3:hr>149</ns3:hr>
            <ns3:cad>94</ns3:cad>
          </ns3:TrackPointExtension>
        </extensions>
      </trkpt>
      <trkpt lat="30.4406983964145183563232421875" lon="120.26901229284703731536865234375">
        <ele>5.19999980926513671875</ele>
        <time>2025-03-21T13:56:49.000Z</time>
        <extensions>
          <ns3:TrackPointExtension>
            <ns3:hr>150</ns3:hr>
            <ns3:cad>93</ns3:cad>
          </ns3:TrackPointExtension>
        </extensions>
      </trkpt>
      <trkpt lat="30.4406769387423992156982421875" lon="120.26903056539595127105712890625">
        <ele>5.19999980926513671875</ele>
        <time>2025-03-21T13:56:50.000Z</time>
        <extensions>
          <ns3:TrackPointExtension>
            <ns3:hr>150</ns3:hr>
            <ns3:cad>93</ns3:cad>
          </ns3:TrackPointExtension>
        </extensions>
      </trkpt>
      <trkpt lat="30.44065355323255062103271484375" lon="120.26904364116489887237548828125">
        <ele>5.19999980926513671875</ele>
        <time>2025-03-21T13:56:51.000Z</time>
        <extensions>
          <ns3:TrackPointExtension>
            <ns3:hr>151</ns3:hr>
            <ns3:cad>93</ns3:cad>
          </ns3:TrackPointExtension>
        </extensions>
      </trkpt>
      <trkpt lat="30.4406306706368923187255859375" lon="120.2690546214580535888671875">
        <ele>5.19999980926513671875</ele>
        <time>2025-03-21T13:56:52.000Z</time>
        <extensions>
          <ns3:TrackPointExtension>
            <ns3:hr>152</ns3:hr>
            <ns3:cad>93</ns3:cad>
          </ns3:TrackPointExtension>
        </extensions>
      </trkpt>
      <trkpt lat="30.44060745276510715484619140625" lon="120.26906727813184261322021484375">
        <ele>5</ele>
        <time>2025-03-21T13:56:53.000Z</time>
        <extensions>
          <ns3:TrackPointExtension>
            <ns3:hr>152</ns3:hr>
            <ns3:cad>93</ns3:cad>
          </ns3:TrackPointExtension>
        </extensions>
      </trkpt>
      <trkpt lat="30.44058658182621002197265625" lon="120.26907582767307758331298828125">
        <ele>5</ele>
        <time>2025-03-21T13:56:54.000Z</time>
        <extensions>
          <ns3:TrackPointExtension>
            <ns3:hr>153</ns3:hr>
            <ns3:cad>93</ns3:cad>
          </ns3:TrackPointExtension>
        </extensions>
      </trkpt>
      <trkpt lat="30.44056436978280544281005859375" lon="120.2690873108804225921630859375">
        <ele>5</ele>
        <time>2025-03-21T13:56:55.000Z</time>
        <extensions>
          <ns3:TrackPointExtension>
            <ns3:hr>153</ns3:hr>
            <ns3:cad>93</ns3:cad>
          </ns3:TrackPointExtension>
        </extensions>
      </trkpt>
      <trkpt lat="30.4405398108065128326416015625" lon="120.2691029012203216552734375">
        <ele>5</ele>
        <time>2025-03-21T13:56:56.000Z</time>
        <extensions>
          <ns3:TrackPointExtension>
            <ns3:hr>154</ns3:hr>
            <ns3:cad>94</ns3:cad>
          </ns3:TrackPointExtension>
        </extensions>
      </trkpt>
      <trkpt lat="30.44051659293472766876220703125" lon="120.26911773718893527984619140625">
        <ele>4.80000019073486328125</ele>
        <time>2025-03-21T13:56:57.000Z</time>
        <extensions>
          <ns3:TrackPointExtension>
            <ns3:hr>154</ns3:hr>
            <ns3:cad>94</ns3:cad>
          </ns3:TrackPointExtension>
        </extensions>
      </trkpt>
      <trkpt lat="30.4404938779771327972412109375" lon="120.2691308967769145965576171875">
        <ele>4.80000019073486328125</ele>
        <time>2025-03-21T13:56:58.000Z</time>
        <extensions>
          <ns3:TrackPointExtension>
            <ns3:hr>154</ns3:hr>
            <ns3:cad>94</ns3:cad>
          </ns3:TrackPointExtension>
        </extensions>
      </trkpt>
      <trkpt lat="30.44047401286661624908447265625" lon="120.26914321817457675933837890625">
        <ele>4.80000019073486328125</ele>
        <time>2025-03-21T13:56:59.000Z</time>
        <extensions>
          <ns3:TrackPointExtension>
            <ns3:hr>154</ns3:hr>
            <ns3:cad>94</ns3:cad>
          </ns3:TrackPointExtension>
        </extensions>
      </trkpt>
      <trkpt lat="30.440452136099338531494140625" lon="120.26915646158158779144287109375">
        <ele>4.80000019073486328125</ele>
        <time>2025-03-21T13:57:00.000Z</time>
        <extensions>
          <ns3:TrackPointExtension>
            <ns3:hr>154</ns3:hr>
            <ns3:cad>93</ns3:cad>
          </ns3:TrackPointExtension>
        </extensions>
      </trkpt>
      <trkpt lat="30.440429337322711944580078125" lon="120.26917465031147003173828125">
        <ele>4.599999904632568359375</ele>
        <time>2025-03-21T13:57:01.000Z</time>
        <extensions>
          <ns3:TrackPointExtension>
            <ns3:hr>154</ns3:hr>
            <ns3:cad>93</ns3:cad>
          </ns3:TrackPointExtension>
        </extensions>
      </trkpt>
      <trkpt lat="30.4404067061841487884521484375" lon="120.269190408289432525634765625">
        <ele>4.599999904632568359375</ele>
        <time>2025-03-21T13:57:02.000Z</time>
        <extensions>
          <ns3:TrackPointExtension>
            <ns3:hr>154</ns3:hr>
            <ns3:cad>92</ns3:cad>
          </ns3:TrackPointExtension>
        </extensions>
      </trkpt>
      <trkpt lat="30.4403852485120296478271484375" lon="120.26920407079160213470458984375">
        <ele>4.599999904632568359375</ele>
        <time>2025-03-21T13:57:03.000Z</time>
        <extensions>
          <ns3:TrackPointExtension>
            <ns3:hr>154</ns3:hr>
            <ns3:cad>92</ns3:cad>
          </ns3:TrackPointExtension>
        </extensions>
      </trkpt>
      <trkpt lat="30.4403621144592761993408203125" lon="120.2692163921892642974853515625">
        <ele>4.599999904632568359375</ele>
        <time>2025-03-21T13:57:04.000Z</time>
        <extensions>
          <ns3:TrackPointExtension>
            <ns3:hr>154</ns3:hr>
            <ns3:cad>92</ns3:cad>
          </ns3:TrackPointExtension>
        </extensions>
      </trkpt>
      <trkpt lat="30.44033872894942760467529296875" lon="120.2692271210253238677978515625">
        <ele>4.400000095367431640625</ele>
        <time>2025-03-21T13:57:05.000Z</time>
        <extensions>
          <ns3:TrackPointExtension>
            <ns3:hr>154</ns3:hr>
            <ns3:cad>91</ns3:cad>
          </ns3:TrackPointExtension>
        </extensions>
      </trkpt>
      <trkpt lat="30.4403134994208812713623046875" lon="120.26923927478492259979248046875">
        <ele>4.400000095367431640625</ele>
        <time>2025-03-21T13:57:06.000Z</time>
        <extensions>
          <ns3:TrackPointExtension>
            <ns3:hr>154</ns3:hr>
            <ns3:cad>91</ns3:cad>
          </ns3:TrackPointExtension>
        </extensions>
      </trkpt>
      <trkpt lat="30.4402913711965084075927734375" lon="120.2692495845258235931396484375">
        <ele>4.400000095367431640625</ele>
        <time>2025-03-21T13:57:07.000Z</time>
        <extensions>
          <ns3:TrackPointExtension>
            <ns3:hr>155</ns3:hr>
            <ns3:cad>93</ns3:cad>
          </ns3:TrackPointExtension>
        </extensions>
      </trkpt>
      <trkpt lat="30.4402668960392475128173828125" lon="120.26926274411380290985107421875">
        <ele>4.400000095367431640625</ele>
        <time>2025-03-21T13:57:08.000Z</time>
        <extensions>
          <ns3:TrackPointExtension>
            <ns3:hr>155</ns3:hr>
            <ns3:cad>93</ns3:cad>
          </ns3:TrackPointExtension>
        </extensions>
      </trkpt>
      <trkpt lat="30.4402424208819866180419921875" lon="120.2692764066159725189208984375">
        <ele>4.400000095367431640625</ele>
        <time>2025-03-21T13:57:09.000Z</time>
        <extensions>
          <ns3:TrackPointExtension>
            <ns3:hr>155</ns3:hr>
            <ns3:cad>93</ns3:cad>
          </ns3:TrackPointExtension>
        </extensions>
      </trkpt>
      <trkpt lat="30.4402171075344085693359375" lon="120.2692857943475246429443359375">
        <ele>4.19999980926513671875</ele>
        <time>2025-03-21T13:57:10.000Z</time>
        <extensions>
          <ns3:TrackPointExtension>
            <ns3:hr>155</ns3:hr>
            <ns3:cad>93</ns3:cad>
          </ns3:TrackPointExtension>
        </extensions>
      </trkpt>
      <trkpt lat="30.44018961489200592041015625" lon="120.2692968584597110748291015625">
        <ele>4.19999980926513671875</ele>
        <time>2025-03-21T13:57:11.000Z</time>
        <extensions>
          <ns3:TrackPointExtension>
            <ns3:hr>155</ns3:hr>
            <ns3:cad>92</ns3:cad>
          </ns3:TrackPointExtension>
        </extensions>
      </trkpt>
      <trkpt lat="30.4401622898876667022705078125" lon="120.2693082578480243682861328125">
        <ele>4.19999980926513671875</ele>
        <time>2025-03-21T13:57:12.000Z</time>
        <extensions>
          <ns3:TrackPointExtension>
            <ns3:hr>155</ns3:hr>
            <ns3:cad>92</ns3:cad>
          </ns3:TrackPointExtension>
        </extensions>
      </trkpt>
      <trkpt lat="30.44013655744493007659912109375" lon="120.2693186514079570770263671875">
        <ele>4.400000095367431640625</ele>
        <time>2025-03-21T13:57:13.000Z</time>
        <extensions>
          <ns3:TrackPointExtension>
            <ns3:hr>155</ns3:hr>
            <ns3:cad>91</ns3:cad>
          </ns3:TrackPointExtension>
        </extensions>
      </trkpt>
      <trkpt lat="30.4401119984686374664306640625" lon="120.26932996697723865509033203125">
        <ele>4.400000095367431640625</ele>
        <time>2025-03-21T13:57:14.000Z</time>
        <extensions>
          <ns3:TrackPointExtension>
            <ns3:hr>155</ns3:hr>
            <ns3:cad>91</ns3:cad>
          </ns3:TrackPointExtension>
        </extensions>
      </trkpt>
      <trkpt lat="30.4400865174829959869384765625" lon="120.26934036053717136383056640625">
        <ele>4.599999904632568359375</ele>
        <time>2025-03-21T13:57:15.000Z</time>
        <extensions>
          <ns3:TrackPointExtension>
            <ns3:hr>156</ns3:hr>
            <ns3:cad>90</ns3:cad>
          </ns3:TrackPointExtension>
        </extensions>
      </trkpt>
      <trkpt lat="30.4400633834302425384521484375" lon="120.2693505026400089263916015625">
        <ele>4.599999904632568359375</ele>
        <time>2025-03-21T13:57:16.000Z</time>
        <extensions>
          <ns3:TrackPointExtension>
            <ns3:hr>156</ns3:hr>
            <ns3:cad>90</ns3:cad>
          </ns3:TrackPointExtension>
        </extensions>
      </trkpt>
      <trkpt lat="30.4400399141013622283935546875" lon="120.26936282403767108917236328125">
        <ele>4.80000019073486328125</ele>
        <time>2025-03-21T13:57:17.000Z</time>
        <extensions>
          <ns3:TrackPointExtension>
            <ns3:hr>157</ns3:hr>
            <ns3:cad>90</ns3:cad>
          </ns3:TrackPointExtension>
        </extensions>
      </trkpt>
      <trkpt lat="30.440017282962799072265625" lon="120.269374810159206390380859375">
        <ele>4.80000019073486328125</ele>
        <time>2025-03-21T13:57:18.000Z</time>
        <extensions>
          <ns3:TrackPointExtension>
            <ns3:hr>157</ns3:hr>
            <ns3:cad>91</ns3:cad>
          </ns3:TrackPointExtension>
        </extensions>
      </trkpt>
      <trkpt lat="30.439999513328075408935546875" lon="120.26939115487039089202880859375">
        <ele>5</ele>
        <time>2025-03-21T13:57:19.000Z</time>
        <extensions>
          <ns3:TrackPointExtension>
            <ns3:hr>157</ns3:hr>
            <ns3:cad>92</ns3:cad>
          </ns3:TrackPointExtension>
        </extensions>
      </trkpt>
      <trkpt lat="30.4399805702269077301025390625" lon="120.2694085054099559783935546875">
        <ele>5</ele>
        <time>2025-03-21T13:57:20.000Z</time>
        <extensions>
          <ns3:TrackPointExtension>
            <ns3:hr>157</ns3:hr>
            <ns3:cad>92</ns3:cad>
          </ns3:TrackPointExtension>
        </extensions>
      </trkpt>
      <trkpt lat="30.43995986692607402801513671875" lon="120.26942686177790164947509765625">
        <ele>5.19999980926513671875</ele>
        <time>2025-03-21T13:57:21.000Z</time>
        <extensions>
          <ns3:TrackPointExtension>
            <ns3:hr>157</ns3:hr>
            <ns3:cad>91</ns3:cad>
          </ns3:TrackPointExtension>
        </extensions>
      </trkpt>
      <trkpt lat="30.43993505649268627166748046875" lon="120.26944278739392757415771484375">
        <ele>5.400000095367431640625</ele>
        <time>2025-03-21T13:57:22.000Z</time>
        <extensions>
          <ns3:TrackPointExtension>
            <ns3:hr>157</ns3:hr>
            <ns3:cad>90</ns3:cad>
          </ns3:TrackPointExtension>
        </extensions>
      </trkpt>
      <trkpt lat="30.4399098269641399383544921875" lon="120.26945837773382663726806640625">
        <ele>5.599999904632568359375</ele>
        <time>2025-03-21T13:57:23.000Z</time>
        <extensions>
          <ns3:TrackPointExtension>
            <ns3:hr>158</ns3:hr>
            <ns3:cad>90</ns3:cad>
          </ns3:TrackPointExtension>
        </extensions>
      </trkpt>
      <trkpt lat="30.439888201653957366943359375" lon="120.269470699131488800048828125">
        <ele>5.599999904632568359375</ele>
        <time>2025-03-21T13:57:24.000Z</time>
        <extensions>
          <ns3:TrackPointExtension>
            <ns3:hr>158</ns3:hr>
            <ns3:cad>90</ns3:cad>
          </ns3:TrackPointExtension>
        </extensions>
      </trkpt>
      <trkpt lat="30.43986900709569454193115234375" lon="120.26948369108140468597412109375">
        <ele>5.80000019073486328125</ele>
        <time>2025-03-21T13:57:25.000Z</time>
        <extensions>
          <ns3:TrackPointExtension>
            <ns3:hr>157</ns3:hr>
            <ns3:cad>89</ns3:cad>
          </ns3:TrackPointExtension>
        </extensions>
      </trkpt>
      <trkpt lat="30.43984687887132167816162109375" lon="120.26949517428874969482421875">
        <ele>5.80000019073486328125</ele>
        <time>2025-03-21T13:57:26.000Z</time>
        <extensions>
          <ns3:TrackPointExtension>
            <ns3:hr>158</ns3:hr>
            <ns3:cad>87</ns3:cad>
          </ns3:TrackPointExtension>
        </extensions>
      </trkpt>
      <trkpt lat="30.439827181398868560791015625" lon="120.2695047296583652496337890625">
        <ele>6</ele>
        <time>2025-03-21T13:57:27.000Z</time>
        <extensions>
          <ns3:TrackPointExtension>
            <ns3:hr>158</ns3:hr>
            <ns3:cad>87</ns3:cad>
          </ns3:TrackPointExtension>
        </extensions>
      </trkpt>
      <trkpt lat="30.43980496935546398162841796875" lon="120.2695164643228054046630859375">
        <ele>6</ele>
        <time>2025-03-21T13:57:28.000Z</time>
        <extensions>
          <ns3:TrackPointExtension>
            <ns3:hr>157</ns3:hr>
            <ns3:cad>88</ns3:cad>
          </ns3:TrackPointExtension>
        </extensions>
      </trkpt>
      <trkpt lat="30.43978569097816944122314453125" lon="120.2695293724536895751953125">
        <ele>6</ele>
        <time>2025-03-21T13:57:29.000Z</time>
        <extensions>
          <ns3:TrackPointExtension>
            <ns3:hr>157</ns3:hr>
            <ns3:cad>89</ns3:cad>
          </ns3:TrackPointExtension>
        </extensions>
      </trkpt>
      <trkpt lat="30.43976641260087490081787109375" lon="120.26954320259392261505126953125">
        <ele>6</ele>
        <time>2025-03-21T13:57:30.000Z</time>
        <extensions>
          <ns3:TrackPointExtension>
            <ns3:hr>157</ns3:hr>
            <ns3:cad>90</ns3:cad>
          </ns3:TrackPointExtension>
        </extensions>
      </trkpt>
      <trkpt lat="30.439750738441944122314453125" lon="120.26955309323966503143310546875">
        <ele>6</ele>
        <time>2025-03-21T13:57:31.000Z</time>
        <extensions>
          <ns3:TrackPointExtension>
            <ns3:hr>158</ns3:hr>
            <ns3:cad>90</ns3:cad>
          </ns3:TrackPointExtension>
        </extensions>
      </trkpt>
      <trkpt lat="30.43973766267299652099609375" lon="120.26956231333315372467041015625">
        <ele>6</ele>
        <time>2025-03-21T13:57:32.000Z</time>
        <extensions>
          <ns3:TrackPointExtension>
            <ns3:hr>158</ns3:hr>
            <ns3:cad>90</ns3:cad>
          </ns3:TrackPointExtension>
        </extensions>
      </trkpt>
      <trkpt lat="30.4397237487137317657470703125" lon="120.26957304216921329498291015625">
        <ele>6</ele>
        <time>2025-03-21T13:57:33.000Z</time>
        <extensions>
          <ns3:TrackPointExtension>
            <ns3:hr>158</ns3:hr>
            <ns3:cad>90</ns3:cad>
          </ns3:TrackPointExtension>
        </extensions>
      </trkpt>
      <trkpt lat="30.439709834754467010498046875" lon="120.26958368718624114990234375">
        <ele>6</ele>
        <time>2025-03-21T13:57:34.000Z</time>
        <extensions>
          <ns3:TrackPointExtension>
            <ns3:hr>158</ns3:hr>
            <ns3:cad>0</ns3:cad>
          </ns3:TrackPointExtension>
        </extensions>
      </trkpt>
      <trkpt lat="30.439693741500377655029296875" lon="120.26959039270877838134765625">
        <ele>6</ele>
        <time>2025-03-21T13:57:35.000Z</time>
        <extensions>
          <ns3:TrackPointExtension>
            <ns3:hr>159</ns3:hr>
            <ns3:cad>0</ns3:cad>
          </ns3:TrackPointExtension>
        </extensions>
      </trkpt>
      <trkpt lat="30.43968242593109607696533203125" lon="120.26959399692714214324951171875">
        <ele>6</ele>
        <time>2025-03-21T13:57:36.000Z</time>
        <extensions>
          <ns3:TrackPointExtension>
            <ns3:hr>159</ns3:hr>
            <ns3:cad>66</ns3:cad>
          </ns3:TrackPointExtension>
        </extensions>
      </trkpt>
      <trkpt lat="30.4396637342870235443115234375" lon="120.2696006186306476593017578125">
        <ele>6</ele>
        <time>2025-03-21T13:57:37.000Z</time>
        <extensions>
          <ns3:TrackPointExtension>
            <ns3:hr>158</ns3:hr>
            <ns3:cad>66</ns3:cad>
          </ns3:TrackPointExtension>
        </extensions>
      </trkpt>
      <trkpt lat="30.43964906595647335052490234375" lon="120.26960640214383602142333984375">
        <ele>6</ele>
        <time>2025-03-21T13:57:38.000Z</time>
        <extensions>
          <ns3:TrackPointExtension>
            <ns3:hr>158</ns3:hr>
            <ns3:cad>66</ns3:cad>
          </ns3:TrackPointExtension>
        </extensions>
      </trkpt>
      <trkpt lat="30.439636409282684326171875" lon="120.26961226947605609893798828125">
        <ele>6</ele>
        <time>2025-03-21T13:57:39.000Z</time>
        <extensions>
          <ns3:TrackPointExtension>
            <ns3:hr>159</ns3:hr>
            <ns3:cad>66</ns3:cad>
          </ns3:TrackPointExtension>
        </extensions>
      </trkpt>
      <trkpt lat="30.439621992409229278564453125" lon="120.2696183882653713226318359375">
        <ele>6</ele>
        <time>2025-03-21T13:57:40.000Z</time>
        <extensions>
          <ns3:TrackPointExtension>
            <ns3:hr>159</ns3:hr>
            <ns3:cad>65</ns3:cad>
          </ns3:TrackPointExtension>
        </extensions>
      </trkpt>
      <trkpt lat="30.43960489332675933837890625" lon="120.26962618343532085418701171875">
        <ele>6</ele>
        <time>2025-03-21T13:57:41.000Z</time>
        <extensions>
          <ns3:TrackPointExtension>
            <ns3:hr>159</ns3:hr>
            <ns3:cad>65</ns3:cad>
          </ns3:TrackPointExtension>
        </extensions>
      </trkpt>
      <trkpt lat="30.4395960085093975067138671875" lon="120.2696314640343189239501953125">
        <ele>6</ele>
        <time>2025-03-21T13:57:42.000Z</time>
        <extensions>
          <ns3:TrackPointExtension>
            <ns3:hr>159</ns3:hr>
            <ns3:cad>65</ns3:cad>
          </ns3:TrackPointExtension>
        </extensions>
      </trkpt>
      <trkpt lat="30.43958921916782855987548828125" lon="120.26963640935719013214111328125">
        <ele>6</ele>
        <time>2025-03-21T13:57:43.000Z</time>
        <extensions>
          <ns3:TrackPointExtension>
            <ns3:hr>159</ns3:hr>
            <ns3:cad>65</ns3:cad>
          </ns3:TrackPointExtension>
        </extensions>
      </trkpt>
      <trkpt lat="30.43958201073110103607177734375" lon="120.26964261196553707122802734375">
        <ele>6</ele>
        <time>2025-03-21T13:57:44.000Z</time>
        <extensions>
          <ns3:TrackPointExtension>
            <ns3:hr>159</ns3:hr>
            <ns3:cad>65</ns3:cad>
          </ns3:TrackPointExtension>
        </extensions>
      </trkpt>
      <trkpt lat="30.4395698569715023040771484375" lon="120.26965317316353321075439453125">
        <ele>6</ele>
        <time>2025-03-21T13:57:45.000Z</time>
        <extensions>
          <ns3:TrackPointExtension>
            <ns3:hr>159</ns3:hr>
            <ns3:cad>65</ns3:cad>
          </ns3:TrackPointExtension>
        </extensions>
      </trkpt>
      <trkpt lat="30.43955334462225437164306640625" lon="120.26966549456119537353515625">
        <ele>6</ele>
        <time>2025-03-21T13:57:46.000Z</time>
        <extensions>
          <ns3:TrackPointExtension>
            <ns3:hr>159</ns3:hr>
            <ns3:cad>67</ns3:cad>
          </ns3:TrackPointExtension>
        </extensions>
      </trkpt>
      <trkpt lat="30.4395359940826892852783203125" lon="120.2696750499308109283447265625">
        <ele>6.19999980926513671875</ele>
        <time>2025-03-21T13:57:47.000Z</time>
        <extensions>
          <ns3:TrackPointExtension>
            <ns3:hr>159</ns3:hr>
            <ns3:cad>67</ns3:cad>
          </ns3:TrackPointExtension>
        </extensions>
      </trkpt>
      <trkpt lat="30.43951126746833324432373046875" lon="120.26968686841428279876708984375">
        <ele>6.19999980926513671875</ele>
        <time>2025-03-21T13:57:48.000Z</time>
        <extensions>
          <ns3:TrackPointExtension>
            <ns3:hr>159</ns3:hr>
            <ns3:cad>67</ns3:cad>
          </ns3:TrackPointExtension>
        </extensions>
      </trkpt>
      <trkpt lat="30.43949148617684841156005859375" lon="120.26969902217388153076171875">
        <ele>6.19999980926513671875</ele>
        <time>2025-03-21T13:57:49.000Z</time>
        <extensions>
          <ns3:TrackPointExtension>
            <ns3:hr>158</ns3:hr>
            <ns3:cad>90</ns3:cad>
          </ns3:TrackPointExtension>
        </extensions>
      </trkpt>
      <trkpt lat="30.43947338126599788665771484375" lon="120.26970966719090938568115234375">
        <ele>6.19999980926513671875</ele>
        <time>2025-03-21T13:57:50.000Z</time>
        <extensions>
          <ns3:TrackPointExtension>
            <ns3:hr>158</ns3:hr>
            <ns3:cad>91</ns3:cad>
          </ns3:TrackPointExtension>
        </extensions>
      </trkpt>
      <trkpt lat="30.4394504986703395843505859375" lon="120.26972693391144275665283203125">
        <ele>6.19999980926513671875</ele>
        <time>2025-03-21T13:57:51.000Z</time>
        <extensions>
          <ns3:TrackPointExtension>
            <ns3:hr>156</ns3:hr>
            <ns3:cad>91</ns3:cad>
          </ns3:TrackPointExtension>
        </extensions>
      </trkpt>
      <trkpt lat="30.4394263587892055511474609375" lon="120.26973548345267772674560546875">
        <ele>6</ele>
        <time>2025-03-21T13:57:52.000Z</time>
        <extensions>
          <ns3:TrackPointExtension>
            <ns3:hr>156</ns3:hr>
            <ns3:cad>91</ns3:cad>
          </ns3:TrackPointExtension>
        </extensions>
      </trkpt>
      <trkpt lat="30.439405739307403564453125" lon="120.26974336244165897369384765625">
        <ele>6</ele>
        <time>2025-03-21T13:57:53.000Z</time>
        <extensions>
          <ns3:TrackPointExtension>
            <ns3:hr>155</ns3:hr>
            <ns3:cad>92</ns3:cad>
          </ns3:TrackPointExtension>
        </extensions>
      </trkpt>
      <trkpt lat="30.4393743909895420074462890625" lon="120.2697595395147800445556640625">
        <ele>6</ele>
        <time>2025-03-21T13:57:54.000Z</time>
        <extensions>
          <ns3:TrackPointExtension>
            <ns3:hr>155</ns3:hr>
            <ns3:cad>92</ns3:cad>
          </ns3:TrackPointExtension>
        </extensions>
      </trkpt>
      <trkpt lat="30.43934832327067852020263671875" lon="120.26977152563631534576416015625">
        <ele>5.80000019073486328125</ele>
        <time>2025-03-21T13:57:55.000Z</time>
        <extensions>
          <ns3:TrackPointExtension>
            <ns3:hr>155</ns3:hr>
            <ns3:cad>92</ns3:cad>
          </ns3:TrackPointExtension>
        </extensions>
      </trkpt>
      <trkpt lat="30.4393319785594940185546875" lon="120.26977957226336002349853515625">
        <ele>5.80000019073486328125</ele>
        <time>2025-03-21T13:57:56.000Z</time>
        <extensions>
          <ns3:TrackPointExtension>
            <ns3:hr>154</ns3:hr>
            <ns3:cad>91</ns3:cad>
          </ns3:TrackPointExtension>
        </extensions>
      </trkpt>
      <trkpt lat="30.43930456973612308502197265625" lon="120.26979692280292510986328125">
        <ele>5.599999904632568359375</ele>
        <time>2025-03-21T13:57:57.000Z</time>
        <extensions>
          <ns3:TrackPointExtension>
            <ns3:hr>153</ns3:hr>
            <ns3:cad>91</ns3:cad>
          </ns3:TrackPointExtension>
        </extensions>
      </trkpt>
      <trkpt lat="30.4392850399017333984375" lon="120.269807316362857818603515625">
        <ele>5.599999904632568359375</ele>
        <time>2025-03-21T13:57:58.000Z</time>
        <extensions>
          <ns3:TrackPointExtension>
            <ns3:hr>153</ns3:hr>
            <ns3:cad>93</ns3:cad>
          </ns3:TrackPointExtension>
        </extensions>
      </trkpt>
      <trkpt lat="30.43926282785832881927490234375" lon="120.26982248760759830474853515625">
        <ele>5.400000095367431640625</ele>
        <time>2025-03-21T13:57:59.000Z</time>
        <extensions>
          <ns3:TrackPointExtension>
            <ns3:hr>153</ns3:hr>
            <ns3:cad>93</ns3:cad>
          </ns3:TrackPointExtension>
        </extensions>
      </trkpt>
      <trkpt lat="30.43923986144363880157470703125" lon="120.26983405463397502899169921875">
        <ele>5.400000095367431640625</ele>
        <time>2025-03-21T13:58:00.000Z</time>
        <extensions>
          <ns3:TrackPointExtension>
            <ns3:hr>153</ns3:hr>
            <ns3:cad>93</ns3:cad>
          </ns3:TrackPointExtension>
        </extensions>
      </trkpt>
      <trkpt lat="30.4392141290009021759033203125" lon="120.2698483876883983612060546875">
        <ele>5.400000095367431640625</ele>
        <time>2025-03-21T13:58:01.000Z</time>
        <extensions>
          <ns3:TrackPointExtension>
            <ns3:hr>153</ns3:hr>
            <ns3:cad>94</ns3:cad>
          </ns3:TrackPointExtension>
        </extensions>
      </trkpt>
      <trkpt lat="30.439188480377197265625" lon="120.26986238546669483184814453125">
        <ele>5.19999980926513671875</ele>
        <time>2025-03-21T13:58:02.000Z</time>
        <extensions>
          <ns3:TrackPointExtension>
            <ns3:hr>154</ns3:hr>
            <ns3:cad>94</ns3:cad>
          </ns3:TrackPointExtension>
        </extensions>
      </trkpt>
      <trkpt lat="30.4391598142683506011962890625" lon="120.26987696997821331024169921875">
        <ele>5.19999980926513671875</ele>
        <time>2025-03-21T13:58:03.000Z</time>
        <extensions>
          <ns3:TrackPointExtension>
            <ns3:hr>154</ns3:hr>
            <ns3:cad>93</ns3:cad>
          </ns3:TrackPointExtension>
        </extensions>
      </trkpt>
      <trkpt lat="30.43914011679589748382568359375" lon="120.26988669298589229583740234375">
        <ele>5</ele>
        <time>2025-03-21T13:58:04.000Z</time>
        <extensions>
          <ns3:TrackPointExtension>
            <ns3:hr>154</ns3:hr>
            <ns3:cad>92</ns3:cad>
          </ns3:TrackPointExtension>
        </extensions>
      </trkpt>
      <trkpt lat="30.439115725457668304443359375" lon="120.26990043930709362030029296875">
        <ele>5</ele>
        <time>2025-03-21T13:58:05.000Z</time>
        <extensions>
          <ns3:TrackPointExtension>
            <ns3:hr>154</ns3:hr>
            <ns3:cad>92</ns3:cad>
          </ns3:TrackPointExtension>
        </extensions>
      </trkpt>
      <trkpt lat="30.43909032829105854034423828125" lon="120.2699102461338043212890625">
        <ele>5</ele>
        <time>2025-03-21T13:58:06.000Z</time>
        <extensions>
          <ns3:TrackPointExtension>
            <ns3:hr>154</ns3:hr>
            <ns3:cad>92</ns3:cad>
          </ns3:TrackPointExtension>
        </extensions>
      </trkpt>
      <trkpt lat="30.4390615783631801605224609375" lon="120.26992223225533962249755859375">
        <ele>5</ele>
        <time>2025-03-21T13:58:07.000Z</time>
        <extensions>
          <ns3:TrackPointExtension>
            <ns3:hr>154</ns3:hr>
            <ns3:cad>93</ns3:cad>
          </ns3:TrackPointExtension>
        </extensions>
      </trkpt>
      <trkpt lat="30.43904297053813934326171875" lon="120.2699305303394794464111328125">
        <ele>5</ele>
        <time>2025-03-21T13:58:08.000Z</time>
        <extensions>
          <ns3:TrackPointExtension>
            <ns3:hr>154</ns3:hr>
            <ns3:cad>93</ns3:cad>
          </ns3:TrackPointExtension>
        </extensions>
      </trkpt>
      <trkpt lat="30.43901874683797359466552734375" lon="120.2699422650039196014404296875">
        <ele>5</ele>
        <time>2025-03-21T13:58:09.000Z</time>
        <extensions>
          <ns3:TrackPointExtension>
            <ns3:hr>154</ns3:hr>
            <ns3:cad>93</ns3:cad>
          </ns3:TrackPointExtension>
        </extensions>
      </trkpt>
      <trkpt lat="30.43899779208004474639892578125" lon="120.26995324529707431793212890625">
        <ele>4.80000019073486328125</ele>
        <time>2025-03-21T13:58:10.000Z</time>
        <extensions>
          <ns3:TrackPointExtension>
            <ns3:hr>154</ns3:hr>
            <ns3:cad>93</ns3:cad>
          </ns3:TrackPointExtension>
        </extensions>
      </trkpt>
      <trkpt lat="30.43897884897887706756591796875" lon="120.26996213011443614959716796875">
        <ele>4.80000019073486328125</ele>
        <time>2025-03-21T13:58:11.000Z</time>
        <extensions>
          <ns3:TrackPointExtension>
            <ns3:hr>154</ns3:hr>
            <ns3:cad>93</ns3:cad>
          </ns3:TrackPointExtension>
        </extensions>
      </trkpt>
      <trkpt lat="30.43895152397453784942626953125" lon="120.2699754573404788970947265625">
        <ele>4.80000019073486328125</ele>
        <time>2025-03-21T13:58:12.000Z</time>
        <extensions>
          <ns3:TrackPointExtension>
            <ns3:hr>154</ns3:hr>
            <ns3:cad>92</ns3:cad>
          </ns3:TrackPointExtension>
        </extensions>
      </trkpt>
      <trkpt lat="30.43893090449273586273193359375" lon="120.26998844929039478302001953125">
        <ele>4.80000019073486328125</ele>
        <time>2025-03-21T13:58:13.000Z</time>
        <extensions>
          <ns3:TrackPointExtension>
            <ns3:hr>154</ns3:hr>
            <ns3:cad>92</ns3:cad>
          </ns3:TrackPointExtension>
        </extensions>
      </trkpt>
      <trkpt lat="30.43891430832445621490478515625" lon="120.2699952386319637298583984375">
        <ele>4.80000019073486328125</ele>
        <time>2025-03-21T13:58:14.000Z</time>
        <extensions>
          <ns3:TrackPointExtension>
            <ns3:hr>154</ns3:hr>
            <ns3:cad>90</ns3:cad>
          </ns3:TrackPointExtension>
        </extensions>
      </trkpt>
      <trkpt lat="30.43889452703297138214111328125" lon="120.2700039558112621307373046875">
        <ele>5</ele>
        <time>2025-03-21T13:58:15.000Z</time>
        <extensions>
          <ns3:TrackPointExtension>
            <ns3:hr>154</ns3:hr>
            <ns3:cad>90</ns3:cad>
          </ns3:TrackPointExtension>
        </extensions>
      </trkpt>
      <trkpt lat="30.43886468745768070220947265625" lon="120.27001661248505115509033203125">
        <ele>5.19999980926513671875</ele>
        <time>2025-03-21T13:58:16.000Z</time>
        <extensions>
          <ns3:TrackPointExtension>
            <ns3:hr>155</ns3:hr>
            <ns3:cad>89</ns3:cad>
          </ns3:TrackPointExtension>
        </extensions>
      </trkpt>
      <trkpt lat="30.43884624727070331573486328125" lon="120.27002700604498386383056640625">
        <ele>5.400000095367431640625</ele>
        <time>2025-03-21T13:58:17.000Z</time>
        <extensions>
          <ns3:TrackPointExtension>
            <ns3:hr>155</ns3:hr>
            <ns3:cad>89</ns3:cad>
          </ns3:TrackPointExtension>
        </extensions>
      </trkpt>
      <trkpt lat="30.4388235323131084442138671875" lon="120.2700408361852169036865234375">
        <ele>5.400000095367431640625</ele>
        <time>2025-03-21T13:58:18.000Z</time>
        <extensions>
          <ns3:TrackPointExtension>
            <ns3:hr>155</ns3:hr>
            <ns3:cad>89</ns3:cad>
          </ns3:TrackPointExtension>
        </extensions>
      </trkpt>
      <trkpt lat="30.4387983866035938262939453125" lon="120.2700519002974033355712890625">
        <ele>5.400000095367431640625</ele>
        <time>2025-03-21T13:58:19.000Z</time>
        <extensions>
          <ns3:TrackPointExtension>
            <ns3:hr>155</ns3:hr>
            <ns3:cad>89</ns3:cad>
          </ns3:TrackPointExtension>
        </extensions>
      </trkpt>
      <trkpt lat="30.4387796111404895782470703125" lon="120.27005952782928943634033203125">
        <ele>5.599999904632568359375</ele>
        <time>2025-03-21T13:58:20.000Z</time>
        <extensions>
          <ns3:TrackPointExtension>
            <ns3:hr>155</ns3:hr>
            <ns3:cad>89</ns3:cad>
          </ns3:TrackPointExtension>
        </extensions>
      </trkpt>
      <trkpt lat="30.438756644725799560546875" lon="120.2700696699321269989013671875">
        <ele>5.599999904632568359375</ele>
        <time>2025-03-21T13:58:21.000Z</time>
        <extensions>
          <ns3:TrackPointExtension>
            <ns3:hr>155</ns3:hr>
            <ns3:cad>89</ns3:cad>
          </ns3:TrackPointExtension>
        </extensions>
      </trkpt>
      <trkpt lat="30.43873627670109272003173828125" lon="120.2700777165591716766357421875">
        <ele>5.599999904632568359375</ele>
        <time>2025-03-21T13:58:22.000Z</time>
        <extensions>
          <ns3:TrackPointExtension>
            <ns3:hr>156</ns3:hr>
            <ns3:cad>89</ns3:cad>
          </ns3:TrackPointExtension>
        </extensions>
      </trkpt>
      <trkpt lat="30.438719429075717926025390625" lon="120.27008551172912120819091796875">
        <ele>5.599999904632568359375</ele>
        <time>2025-03-21T13:58:23.000Z</time>
        <extensions>
          <ns3:TrackPointExtension>
            <ns3:hr>156</ns3:hr>
            <ns3:cad>89</ns3:cad>
          </ns3:TrackPointExtension>
        </extensions>
      </trkpt>
      <trkpt lat="30.438706018030643463134765625" lon="120.2700938098132610321044921875">
        <ele>5.400000095367431640625</ele>
        <time>2025-03-21T13:58:24.000Z</time>
        <extensions>
          <ns3:TrackPointExtension>
            <ns3:hr>156</ns3:hr>
            <ns3:cad>89</ns3:cad>
          </ns3:TrackPointExtension>
        </extensions>
      </trkpt>
      <trkpt lat="30.43869721703231334686279296875" lon="120.27009925805032253265380859375">
        <ele>5.400000095367431640625</ele>
        <time>2025-03-21T13:58:25.000Z</time>
        <extensions>
          <ns3:TrackPointExtension>
            <ns3:hr>156</ns3:hr>
            <ns3:cad>89</ns3:cad>
          </ns3:TrackPointExtension>
        </extensions>
      </trkpt>
      <trkpt lat="30.43868682347238063812255859375" lon="120.27010495774447917938232421875">
        <ele>5.400000095367431640625</ele>
        <time>2025-03-21T13:58:26.000Z</time>
        <extensions>
          <ns3:TrackPointExtension>
            <ns3:hr>156</ns3:hr>
            <ns3:cad>0</ns3:cad>
          </ns3:TrackPointExtension>
        </extensions>
      </trkpt>
      <trkpt lat="30.4386750049889087677001953125" lon="120.27011065743863582611083984375">
        <ele>5.400000095367431640625</ele>
        <time>2025-03-21T13:58:27.000Z</time>
        <extensions>
          <ns3:TrackPointExtension>
            <ns3:hr>157</ns3:hr>
            <ns3:cad>0</ns3:cad>
          </ns3:TrackPointExtension>
        </extensions>
      </trkpt>
      <trkpt lat="30.4386639408767223358154296875" lon="120.27011568658053874969482421875">
        <ele>5.400000095367431640625</ele>
        <time>2025-03-21T13:58:28.000Z</time>
        <extensions>
          <ns3:TrackPointExtension>
            <ns3:hr>157</ns3:hr>
            <ns3:cad>60</ns3:cad>
          </ns3:TrackPointExtension>
        </extensions>
      </trkpt>
      <trkpt lat="30.43865245766937732696533203125" lon="120.27012415230274200439453125">
        <ele>5.400000095367431640625</ele>
        <time>2025-03-21T13:58:29.000Z</time>
        <extensions>
          <ns3:TrackPointExtension>
            <ns3:hr>156</ns3:hr>
            <ns3:cad>60</ns3:cad>
          </ns3:TrackPointExtension>
        </extensions>
      </trkpt>
      <trkpt lat="30.43863904662430286407470703125" lon="120.27013395912945270538330078125">
        <ele>5.19999980926513671875</ele>
        <time>2025-03-21T13:58:30.000Z</time>
        <extensions>
          <ns3:TrackPointExtension>
            <ns3:hr>156</ns3:hr>
            <ns3:cad>58</ns3:cad>
          </ns3:TrackPointExtension>
        </extensions>
      </trkpt>
      <trkpt lat="30.438624881207942962646484375" lon="120.2701409161090850830078125">
        <ele>5.19999980926513671875</ele>
        <time>2025-03-21T13:58:31.000Z</time>
        <extensions>
          <ns3:TrackPointExtension>
            <ns3:hr>155</ns3:hr>
            <ns3:cad>58</ns3:cad>
          </ns3:TrackPointExtension>
        </extensions>
      </trkpt>
      <trkpt lat="30.43861876241862773895263671875" lon="120.27014703489840030670166015625">
        <ele>5.19999980926513671875</ele>
        <time>2025-03-21T13:58:32.000Z</time>
        <extensions>
          <ns3:TrackPointExtension>
            <ns3:hr>155</ns3:hr>
            <ns3:cad>58</ns3:cad>
          </ns3:TrackPointExtension>
        </extensions>
      </trkpt>
      <trkpt lat="30.438606776297092437744140625" lon="120.27015742845833301544189453125">
        <ele>5.19999980926513671875</ele>
        <time>2025-03-21T13:58:33.000Z</time>
        <extensions>
          <ns3:TrackPointExtension>
            <ns3:hr>155</ns3:hr>
            <ns3:cad>60</ns3:cad>
          </ns3:TrackPointExtension>
        </extensions>
      </trkpt>
      <trkpt lat="30.4385983943939208984375" lon="120.2701615355908870697021484375">
        <ele>5.19999980926513671875</ele>
        <time>2025-03-21T13:58:34.000Z</time>
        <extensions>
          <ns3:TrackPointExtension>
            <ns3:hr>155</ns3:hr>
            <ns3:cad>60</ns3:cad>
          </ns3:TrackPointExtension>
        </extensions>
      </trkpt>
      <trkpt lat="30.43858657591044902801513671875" lon="120.2701712585985660552978515625">
        <ele>5</ele>
        <time>2025-03-21T13:58:35.000Z</time>
        <extensions>
          <ns3:TrackPointExtension>
            <ns3:hr>155</ns3:hr>
            <ns3:cad>61</ns3:cad>
          </ns3:TrackPointExtension>
        </extensions>
      </trkpt>
      <trkpt lat="30.43857760727405548095703125" lon="120.2701793052256107330322265625">
        <ele>5</ele>
        <time>2025-03-21T13:58:36.000Z</time>
        <extensions>
          <ns3:TrackPointExtension>
            <ns3:hr>155</ns3:hr>
            <ns3:cad>61</ns3:cad>
          </ns3:TrackPointExtension>
        </extensions>
      </trkpt>
      <trkpt lat="30.43856595642864704132080078125" lon="120.27019078843295574188232421875">
        <ele>5</ele>
        <time>2025-03-21T13:58:37.000Z</time>
        <extensions>
          <ns3:TrackPointExtension>
            <ns3:hr>155</ns3:hr>
            <ns3:cad>58</ns3:cad>
          </ns3:TrackPointExtension>
        </extensions>
      </trkpt>
      <trkpt lat="30.43855774216353893280029296875" lon="120.27019883506000041961669921875">
        <ele>5</ele>
        <time>2025-03-21T13:58:38.000Z</time>
        <extensions>
          <ns3:TrackPointExtension>
            <ns3:hr>155</ns3:hr>
            <ns3:cad>58</ns3:cad>
          </ns3:TrackPointExtension>
        </extensions>
      </trkpt>
      <trkpt lat="30.43854399584233760833740234375" lon="120.2702057920396327972412109375">
        <ele>4.80000019073486328125</ele>
        <time>2025-03-21T13:58:39.000Z</time>
        <extensions>
          <ns3:TrackPointExtension>
            <ns3:hr>155</ns3:hr>
            <ns3:cad>58</ns3:cad>
          </ns3:TrackPointExtension>
        </extensions>
      </trkpt>
      <trkpt lat="30.4385305009782314300537109375" lon="120.2702106535434722900390625">
        <ele>4.80000019073486328125</ele>
        <time>2025-03-21T13:58:40.000Z</time>
        <extensions>
          <ns3:TrackPointExtension>
            <ns3:hr>155</ns3:hr>
            <ns3:cad>0</ns3:cad>
          </ns3:TrackPointExtension>
        </extensions>
      </trkpt>
      <trkpt lat="30.438519604504108428955078125" lon="120.270213671028614044189453125">
        <ele>4.599999904632568359375</ele>
        <time>2025-03-21T13:58:41.000Z</time>
        <extensions>
          <ns3:TrackPointExtension>
            <ns3:hr>155</ns3:hr>
            <ns3:cad>0</ns3:cad>
          </ns3:TrackPointExtension>
        </extensions>
      </trkpt>
      <trkpt lat="30.438506193459033966064453125" lon="120.27022205293178558349609375">
        <ele>4.599999904632568359375</ele>
        <time>2025-03-21T13:58:42.000Z</time>
        <extensions>
          <ns3:TrackPointExtension>
            <ns3:hr>154</ns3:hr>
            <ns3:cad>0</ns3:cad>
          </ns3:TrackPointExtension>
        </extensions>
      </trkpt>
      <trkpt lat="30.438497476279735565185546875" lon="120.2702275849878787994384765625">
        <ele>4.400000095367431640625</ele>
        <time>2025-03-21T13:58:43.000Z</time>
        <extensions>
          <ns3:TrackPointExtension>
            <ns3:hr>154</ns3:hr>
            <ns3:cad>0</ns3:cad>
          </ns3:TrackPointExtension>
        </extensions>
      </trkpt>
      <trkpt lat="30.438487417995929718017578125" lon="120.2702373079955577850341796875">
        <ele>4.400000095367431640625</ele>
        <time>2025-03-21T13:58:44.000Z</time>
        <extensions>
          <ns3:TrackPointExtension>
            <ns3:hr>153</ns3:hr>
            <ns3:cad>0</ns3:cad>
          </ns3:TrackPointExtension>
        </extensions>
      </trkpt>
      <trkpt lat="30.43846889398992061614990234375" lon="120.27024946175515651702880859375">
        <ele>4.19999980926513671875</ele>
        <time>2025-03-21T13:58:45.000Z</time>
        <extensions>
          <ns3:TrackPointExtension>
            <ns3:hr>153</ns3:hr>
            <ns3:cad>61</ns3:cad>
          </ns3:TrackPointExtension>
        </extensions>
      </trkpt>
      <trkpt lat="30.438451878726482391357421875" lon="120.27025901712477207183837890625">
        <ele>4.19999980926513671875</ele>
        <time>2025-03-21T13:58:46.000Z</time>
        <extensions>
          <ns3:TrackPointExtension>
            <ns3:hr>153</ns3:hr>
            <ns3:cad>62</ns3:cad>
          </ns3:TrackPointExtension>
        </extensions>
      </trkpt>
      <trkpt lat="30.4384336061775684356689453125" lon="120.2702641300857067108154296875">
        <ele>4</ele>
        <time>2025-03-21T13:58:47.000Z</time>
        <extensions>
          <ns3:TrackPointExtension>
            <ns3:hr>153</ns3:hr>
            <ns3:cad>63</ns3:cad>
          </ns3:TrackPointExtension>
        </extensions>
      </trkpt>
      <trkpt lat="30.4384165070950984954833984375" lon="120.270270667970180511474609375">
        <ele>4</ele>
        <time>2025-03-21T13:58:48.000Z</time>
        <extensions>
          <ns3:TrackPointExtension>
            <ns3:hr>153</ns3:hr>
            <ns3:cad>64</ns3:cad>
          </ns3:TrackPointExtension>
        </extensions>
      </trkpt>
      <trkpt lat="30.438404269516468048095703125" lon="120.270276367664337158203125">
        <ele>3.7999999523162841796875</ele>
        <time>2025-03-21T13:58:49.000Z</time>
        <extensions>
          <ns3:TrackPointExtension>
            <ns3:hr>153</ns3:hr>
            <ns3:cad>64</ns3:cad>
          </ns3:TrackPointExtension>
        </extensions>
      </trkpt>
      <trkpt lat="30.43839429505169391632080078125" lon="120.27028030715882778167724609375">
        <ele>3.7999999523162841796875</ele>
        <time>2025-03-21T13:58:50.000Z</time>
        <extensions>
          <ns3:TrackPointExtension>
            <ns3:hr>152</ns3:hr>
            <ns3:cad>61</ns3:cad>
          </ns3:TrackPointExtension>
        </extensions>
      </trkpt>
      <trkpt lat="30.438386835157871246337890625" lon="120.27028365992009639739990234375">
        <ele>3.599999904632568359375</ele>
        <time>2025-03-21T13:58:51.000Z</time>
        <extensions>
          <ns3:TrackPointExtension>
            <ns3:hr>150</ns3:hr>
            <ns3:cad>61</ns3:cad>
          </ns3:TrackPointExtension>
        </extensions>
      </trkpt>
      <trkpt lat="30.43837535195052623748779296875" lon="120.27029053308069705963134765625">
        <ele>3.599999904632568359375</ele>
        <time>2025-03-21T13:58:52.000Z</time>
        <extensions>
          <ns3:TrackPointExtension>
            <ns3:hr>150</ns3:hr>
            <ns3:cad>61</ns3:cad>
          </ns3:TrackPointExtension>
        </extensions>
      </trkpt>
      <trkpt lat="30.4383672215044498443603515625" lon="120.27029623277485370635986328125">
        <ele>3.599999904632568359375</ele>
        <time>2025-03-21T13:58:53.000Z</time>
        <extensions>
          <ns3:TrackPointExtension>
            <ns3:hr>149</ns3:hr>
            <ns3:cad>61</ns3:cad>
          </ns3:TrackPointExtension>
        </extensions>
      </trkpt>
      <trkpt lat="30.4383591748774051666259765625" lon="120.270301513373851776123046875">
        <ele>3.400000095367431640625</ele>
        <time>2025-03-21T13:58:54.000Z</time>
        <extensions>
          <ns3:TrackPointExtension>
            <ns3:hr>149</ns3:hr>
            <ns3:cad>51</ns3:cad>
          </ns3:TrackPointExtension>
        </extensions>
      </trkpt>
      <trkpt lat="30.43835121206939220428466796875" lon="120.270304195582866668701171875">
        <ele>3.400000095367431640625</ele>
        <time>2025-03-21T13:58:55.000Z</time>
        <extensions>
          <ns3:TrackPointExtension>
            <ns3:hr>149</ns3:hr>
            <ns3:cad>51</ns3:cad>
          </ns3:TrackPointExtension>
        </extensions>
      </trkpt>
      <trkpt lat="30.43834450654685497283935546875" lon="120.27030662633478641510009765625">
        <ele>3.400000095367431640625</ele>
        <time>2025-03-21T13:58:56.000Z</time>
        <extensions>
          <ns3:TrackPointExtension>
            <ns3:hr>148</ns3:hr>
            <ns3:cad>51</ns3:cad>
          </ns3:TrackPointExtension>
        </extensions>
      </trkpt>
      <trkpt lat="30.4383350349962711334228515625" lon="120.27031081728637218475341796875">
        <ele>3.400000095367431640625</ele>
        <time>2025-03-21T13:58:57.000Z</time>
        <extensions>
          <ns3:TrackPointExtension>
            <ns3:hr>148</ns3:hr>
            <ns3:cad>51</ns3:cad>
          </ns3:TrackPointExtension>
        </extensions>
      </trkpt>
      <trkpt lat="30.438322126865386962890625" lon="120.27031869627535343170166015625">
        <ele>3.2000000476837158203125</ele>
        <time>2025-03-21T13:58:58.000Z</time>
        <extensions>
          <ns3:TrackPointExtension>
            <ns3:hr>148</ns3:hr>
            <ns3:cad>51</ns3:cad>
          </ns3:TrackPointExtension>
        </extensions>
      </trkpt>
      <trkpt lat="30.4383105598390102386474609375" lon="120.2703264914453029632568359375">
        <ele>3.2000000476837158203125</ele>
        <time>2025-03-21T13:58:59.000Z</time>
        <extensions>
          <ns3:TrackPointExtension>
            <ns3:hr>147</ns3:hr>
            <ns3:cad>51</ns3:cad>
          </ns3:TrackPointExtension>
        </extensions>
      </trkpt>
      <trkpt lat="30.43829740025103092193603515625" lon="120.270331017673015594482421875">
        <ele>3</ele>
        <time>2025-03-21T13:59:00.000Z</time>
        <extensions>
          <ns3:TrackPointExtension>
            <ns3:hr>147</ns3:hr>
            <ns3:cad>50</ns3:cad>
          </ns3:TrackPointExtension>
        </extensions>
      </trkpt>
      <trkpt lat="30.43828818015754222869873046875" lon="120.27033428661525249481201171875">
        <ele>3</ele>
        <time>2025-03-21T13:59:01.000Z</time>
        <extensions>
          <ns3:TrackPointExtension>
            <ns3:hr>147</ns3:hr>
            <ns3:cad>50</ns3:cad>
          </ns3:TrackPointExtension>
        </extensions>
      </trkpt>
      <trkpt lat="30.43828080408275127410888671875" lon="120.27033738791942596435546875">
        <ele>3</ele>
        <time>2025-03-21T13:59:02.000Z</time>
        <extensions>
          <ns3:TrackPointExtension>
            <ns3:hr>146</ns3:hr>
            <ns3:cad>50</ns3:cad>
          </ns3:TrackPointExtension>
        </extensions>
      </trkpt>
      <trkpt lat="30.43827342800796031951904296875" lon="120.270339064300060272216796875">
        <ele>3</ele>
        <time>2025-03-21T13:59:03.000Z</time>
        <extensions>
          <ns3:TrackPointExtension>
            <ns3:hr>146</ns3:hr>
            <ns3:cad>52</ns3:cad>
          </ns3:TrackPointExtension>
        </extensions>
      </trkpt>
      <trkpt lat="30.4382683150470256805419921875" lon="120.2703392319381237030029296875">
        <ele>3</ele>
        <time>2025-03-21T13:59:04.000Z</time>
        <extensions>
          <ns3:TrackPointExtension>
            <ns3:hr>145</ns3:hr>
            <ns3:cad>52</ns3:cad>
          </ns3:TrackPointExtension>
        </extensions>
      </trkpt>
      <trkpt lat="30.4382616095244884490966796875" lon="120.2703409083187580108642578125">
        <ele>2.7999999523162841796875</ele>
        <time>2025-03-21T13:59:05.000Z</time>
        <extensions>
          <ns3:TrackPointExtension>
            <ns3:hr>145</ns3:hr>
            <ns3:cad>0</ns3:cad>
          </ns3:TrackPointExtension>
        </extensions>
      </trkpt>
      <trkpt lat="30.43825305998325347900390625" lon="120.2703429199755191802978515625">
        <ele>2.7999999523162841796875</ele>
        <time>2025-03-21T13:59:06.000Z</time>
        <extensions>
          <ns3:TrackPointExtension>
            <ns3:hr>145</ns3:hr>
            <ns3:cad>0</ns3:cad>
          </ns3:TrackPointExtension>
        </extensions>
      </trkpt>
      <trkpt lat="30.4382456839084625244140625" lon="120.27034602127969264984130859375">
        <ele>2.7999999523162841796875</ele>
        <time>2025-03-21T13:59:07.000Z</time>
        <extensions>
          <ns3:TrackPointExtension>
            <ns3:hr>145</ns3:hr>
            <ns3:cad>0</ns3:cad>
          </ns3:TrackPointExtension>
        </extensions>
      </trkpt>
      <trkpt lat="30.43823721818625926971435546875" lon="120.27035272680222988128662109375">
        <ele>2.7999999523162841796875</ele>
        <time>2025-03-21T13:59:08.000Z</time>
        <extensions>
          <ns3:TrackPointExtension>
            <ns3:hr>146</ns3:hr>
            <ns3:cad>46</ns3:cad>
          </ns3:TrackPointExtension>
        </extensions>
      </trkpt>
      <trkpt lat="30.43822749517858028411865234375" lon="120.270357839763164520263671875">
        <ele>2.7999999523162841796875</ele>
        <time>2025-03-21T13:59:09.000Z</time>
        <extensions>
          <ns3:TrackPointExtension>
            <ns3:hr>146</ns3:hr>
            <ns3:cad>46</ns3:cad>
          </ns3:TrackPointExtension>
        </extensions>
      </trkpt>
      <trkpt lat="30.4382247291505336761474609375" lon="120.27035775594413280487060546875">
        <ele>2.7999999523162841796875</ele>
        <time>2025-03-21T13:59:10.000Z</time>
        <extensions>
          <ns3:TrackPointExtension>
            <ns3:hr>146</ns3:hr>
            <ns3:cad>46</ns3:cad>
          </ns3:TrackPointExtension>
        </extensions>
      </trkpt>
      <trkpt lat="30.43822263367474079132080078125" lon="120.270358510315418243408203125">
        <ele>2.7999999523162841796875</ele>
        <time>2025-03-21T13:59:11.000Z</time>
        <extensions>
          <ns3:TrackPointExtension>
            <ns3:hr>146</ns3:hr>
            <ns3:cad>46</ns3:cad>
          </ns3:TrackPointExtension>
        </extensions>
      </trkpt>
      <trkpt lat="30.43822246603667736053466796875" lon="120.2703586779534816741943359375">
        <ele>2.7999999523162841796875</ele>
        <time>2025-03-21T13:59:12.000Z</time>
        <extensions>
          <ns3:TrackPointExtension>
            <ns3:hr>146</ns3:hr>
            <ns3:cad>0</ns3:cad>
          </ns3:TrackPointExtension>
        </extensions>
      </trkpt>
      <trkpt lat="30.43822213076055049896240234375" lon="120.27035842649638652801513671875">
        <ele>2.7999999523162841796875</ele>
        <time>2025-03-21T13:59:13.000Z</time>
        <extensions>
          <ns3:TrackPointExtension>
            <ns3:hr>146</ns3:hr>
            <ns3:cad>0</ns3:cad>
          </ns3:TrackPointExtension>
        </extensions>
      </trkpt>
      <trkpt lat="30.43822263367474079132080078125" lon="120.2703581750392913818359375">
        <ele>2.7999999523162841796875</ele>
        <time>2025-03-21T13:59:14.000Z</time>
        <extensions>
          <ns3:TrackPointExtension>
            <ns3:hr>145</ns3:hr>
            <ns3:cad>0</ns3:cad>
          </ns3:TrackPointExtension>
        </extensions>
      </trkpt>
      <trkpt lat="30.43822280131280422210693359375" lon="120.27035775594413280487060546875">
        <ele>2.7999999523162841796875</ele>
        <time>2025-03-21T13:59:15.000Z</time>
        <extensions>
          <ns3:TrackPointExtension>
            <ns3:hr>145</ns3:hr>
            <ns3:cad>0</ns3:cad>
          </ns3:TrackPointExtension>
        </extensions>
      </trkpt>
      <trkpt lat="30.4380257427692413330078125" lon="120.2704441733658313751220703125">
        <ele>2</ele>
        <time>2025-03-21T13:59:27.000Z</time>
        <extensions>
          <ns3:TrackPointExtension>
            <ns3:hr>144</ns3:hr>
            <ns3:cad>91</ns3:cad>
          </ns3:TrackPointExtension>
        </extensions>
      </trkpt>
      <trkpt lat="30.4379873536527156829833984375" lon="120.270457081496715545654296875">
        <ele>2</ele>
        <time>2025-03-21T13:59:28.000Z</time>
        <extensions>
          <ns3:TrackPointExtension>
            <ns3:hr>144</ns3:hr>
            <ns3:cad>92</ns3:cad>
          </ns3:TrackPointExtension>
        </extensions>
      </trkpt>
      <trkpt lat="30.43795667588710784912109375" lon="120.27047074399888515472412109375">
        <ele>2</ele>
        <time>2025-03-21T13:59:29.000Z</time>
        <extensions>
          <ns3:TrackPointExtension>
            <ns3:hr>145</ns3:hr>
            <ns3:cad>92</ns3:cad>
          </ns3:TrackPointExtension>
        </extensions>
      </trkpt>
      <trkpt lat="30.43792004697024822235107421875" lon="120.27046839706599712371826171875">
        <ele>2</ele>
        <time>2025-03-21T13:59:30.000Z</time>
        <extensions>
          <ns3:TrackPointExtension>
            <ns3:hr>144</ns3:hr>
            <ns3:cad>92</ns3:cad>
          </ns3:TrackPointExtension>
        </extensions>
      </trkpt>
      <trkpt lat="30.437878556549549102783203125" lon="120.2704842388629913330078125">
        <ele>2</ele>
        <time>2025-03-21T13:59:31.000Z</time>
        <extensions>
          <ns3:TrackPointExtension>
            <ns3:hr>143</ns3:hr>
            <ns3:cad>92</ns3:cad>
          </ns3:TrackPointExtension>
        </extensions>
      </trkpt>
      <trkpt lat="30.43784561567008495330810546875" lon="120.270484574139118194580078125">
        <ele>2</ele>
        <time>2025-03-21T13:59:32.000Z</time>
        <extensions>
          <ns3:TrackPointExtension>
            <ns3:hr>141</ns3:hr>
            <ns3:cad>92</ns3:cad>
          </ns3:TrackPointExtension>
        </extensions>
      </trkpt>
      <trkpt lat="30.4378156922757625579833984375" lon="120.270471163094043731689453125">
        <ele>2</ele>
        <time>2025-03-21T13:59:33.000Z</time>
        <extensions>
          <ns3:TrackPointExtension>
            <ns3:hr>141</ns3:hr>
            <ns3:cad>92</ns3:cad>
          </ns3:TrackPointExtension>
        </extensions>
      </trkpt>
      <trkpt lat="30.43778660707175731658935546875" lon="120.27045783586800098419189453125">
        <ele>2</ele>
        <time>2025-03-21T13:59:34.000Z</time>
        <extensions>
          <ns3:TrackPointExtension>
            <ns3:hr>139</ns3:hr>
            <ns3:cad>92</ns3:cad>
          </ns3:TrackPointExtension>
        </extensions>
      </trkpt>
      <trkpt lat="30.437766574323177337646484375" lon="120.27044442482292652130126953125">
        <ele>1.7999999523162841796875</ele>
        <time>2025-03-21T13:59:35.000Z</time>
        <extensions>
          <ns3:TrackPointExtension>
            <ns3:hr>139</ns3:hr>
            <ns3:cad>92</ns3:cad>
          </ns3:TrackPointExtension>
        </extensions>
      </trkpt>
      <trkpt lat="30.43775148689746856689453125" lon="120.27043126523494720458984375">
        <ele>1.7999999523162841796875</ele>
        <time>2025-03-21T13:59:36.000Z</time>
        <extensions>
          <ns3:TrackPointExtension>
            <ns3:hr>139</ns3:hr>
            <ns3:cad>91</ns3:cad>
          </ns3:TrackPointExtension>
        </extensions>
      </trkpt>
      <trkpt lat="30.43773799203336238861083984375" lon="120.27041743509471416473388671875">
        <ele>1.7999999523162841796875</ele>
        <time>2025-03-21T13:59:37.000Z</time>
        <extensions>
          <ns3:TrackPointExtension>
            <ns3:hr>139</ns3:hr>
            <ns3:cad>90</ns3:cad>
          </ns3:TrackPointExtension>
        </extensions>
      </trkpt>
      <trkpt lat="30.43772122822701930999755859375" lon="120.27040167711675167083740234375">
        <ele>1.7999999523162841796875</ele>
        <time>2025-03-21T13:59:38.000Z</time>
        <extensions>
          <ns3:TrackPointExtension>
            <ns3:hr>139</ns3:hr>
            <ns3:cad>90</ns3:cad>
          </ns3:TrackPointExtension>
        </extensions>
      </trkpt>
      <trkpt lat="30.43770513497292995452880859375" lon="120.270379297435283660888671875">
        <ele>1.7999999523162841796875</ele>
        <time>2025-03-21T13:59:39.000Z</time>
        <extensions>
          <ns3:TrackPointExtension>
            <ns3:hr>140</ns3:hr>
            <ns3:cad>90</ns3:cad>
          </ns3:TrackPointExtension>
        </extensions>
      </trkpt>
      <trkpt lat="30.4376877844333648681640625" lon="120.27035289444029331207275390625">
        <ele>1.7999999523162841796875</ele>
        <time>2025-03-21T13:59:40.000Z</time>
        <extensions>
          <ns3:TrackPointExtension>
            <ns3:hr>140</ns3:hr>
            <ns3:cad>90</ns3:cad>
          </ns3:TrackPointExtension>
        </extensions>
      </trkpt>
      <trkpt lat="30.43767236173152923583984375" lon="120.27032691054046154022216796875">
        <ele>2</ele>
        <time>2025-03-21T13:59:41.000Z</time>
        <extensions>
          <ns3:TrackPointExtension>
            <ns3:hr>140</ns3:hr>
            <ns3:cad>92</ns3:cad>
          </ns3:TrackPointExtension>
        </extensions>
      </trkpt>
      <trkpt lat="30.437658615410327911376953125" lon="120.27029958553612232208251953125">
        <ele>2</ele>
        <time>2025-03-21T13:59:42.000Z</time>
        <extensions>
          <ns3:TrackPointExtension>
            <ns3:hr>140</ns3:hr>
            <ns3:cad>92</ns3:cad>
          </ns3:TrackPointExtension>
        </extensions>
      </trkpt>
      <trkpt lat="30.4376483894884586334228515625" lon="120.270271338522434234619140625">
        <ele>1.7999999523162841796875</ele>
        <time>2025-03-21T13:59:43.000Z</time>
        <extensions>
          <ns3:TrackPointExtension>
            <ns3:hr>141</ns3:hr>
            <ns3:cad>92</ns3:cad>
          </ns3:TrackPointExtension>
        </extensions>
      </trkpt>
      <trkpt lat="30.43763942085206508636474609375" lon="120.2702428400516510009765625">
        <ele>1.7999999523162841796875</ele>
        <time>2025-03-21T13:59:44.000Z</time>
        <extensions>
          <ns3:TrackPointExtension>
            <ns3:hr>143</ns3:hr>
            <ns3:cad>92</ns3:cad>
          </ns3:TrackPointExtension>
        </extensions>
      </trkpt>
      <trkpt lat="30.4376255907118320465087890625" lon="120.270216353237628936767578125">
        <ele>1.7999999523162841796875</ele>
        <time>2025-03-21T13:59:45.000Z</time>
        <extensions>
          <ns3:TrackPointExtension>
            <ns3:hr>144</ns3:hr>
            <ns3:cad>92</ns3:cad>
          </ns3:TrackPointExtension>
        </extensions>
      </trkpt>
      <trkpt lat="30.4376128502190113067626953125" lon="120.27018760330975055694580078125">
        <ele>2</ele>
        <time>2025-03-21T13:59:46.000Z</time>
        <extensions>
          <ns3:TrackPointExtension>
            <ns3:hr>146</ns3:hr>
            <ns3:cad>92</ns3:cad>
          </ns3:TrackPointExtension>
        </extensions>
      </trkpt>
      <trkpt lat="30.43760304339230060577392578125" lon="120.27016111649572849273681640625">
        <ele>2</ele>
        <time>2025-03-21T13:59:47.000Z</time>
        <extensions>
          <ns3:TrackPointExtension>
            <ns3:hr>148</ns3:hr>
            <ns3:cad>92</ns3:cad>
          </ns3:TrackPointExtension>
        </extensions>
      </trkpt>
      <trkpt lat="30.4375907219946384429931640625" lon="120.27013546787202358245849609375">
        <ele>2.2000000476837158203125</ele>
        <time>2025-03-21T13:59:48.000Z</time>
        <extensions>
          <ns3:TrackPointExtension>
            <ns3:hr>149</ns3:hr>
            <ns3:cad>93</ns3:cad>
          </ns3:TrackPointExtension>
        </extensions>
      </trkpt>
      <trkpt lat="30.4375789873301982879638671875" lon="120.2701159380376338958740234375">
        <ele>2.400000095367431640625</ele>
        <time>2025-03-21T13:59:49.000Z</time>
        <extensions>
          <ns3:TrackPointExtension>
            <ns3:hr>150</ns3:hr>
            <ns3:cad>93</ns3:cad>
          </ns3:TrackPointExtension>
        </extensions>
      </trkpt>
      <trkpt lat="30.437563396990299224853515625" lon="120.27008366771042346954345703125">
        <ele>2.599999904632568359375</ele>
        <time>2025-03-21T13:59:50.000Z</time>
        <extensions>
          <ns3:TrackPointExtension>
            <ns3:hr>150</ns3:hr>
            <ns3:cad>94</ns3:cad>
          </ns3:TrackPointExtension>
        </extensions>
      </trkpt>
      <trkpt lat="30.4375535063445568084716796875" lon="120.2700589410960674285888671875">
        <ele>2.7999999523162841796875</ele>
        <time>2025-03-21T13:59:51.000Z</time>
        <extensions>
          <ns3:TrackPointExtension>
            <ns3:hr>151</ns3:hr>
            <ns3:cad>94</ns3:cad>
          </ns3:TrackPointExtension>
        </extensions>
      </trkpt>
      <trkpt lat="30.4375421069562435150146484375" lon="120.27003840543329715728759765625">
        <ele>3</ele>
        <time>2025-03-21T13:59:52.000Z</time>
        <extensions>
          <ns3:TrackPointExtension>
            <ns3:hr>151</ns3:hr>
            <ns3:cad>93</ns3:cad>
          </ns3:TrackPointExtension>
        </extensions>
      </trkpt>
      <trkpt lat="30.4375297017395496368408203125" lon="120.27001418173313140869140625">
        <ele>3.2000000476837158203125</ele>
        <time>2025-03-21T13:59:53.000Z</time>
        <extensions>
          <ns3:TrackPointExtension>
            <ns3:hr>150</ns3:hr>
            <ns3:cad>93</ns3:cad>
          </ns3:TrackPointExtension>
        </extensions>
      </trkpt>
      <trkpt lat="30.437517799437046051025390625" lon="120.26999213732779026031494140625">
        <ele>3.400000095367431640625</ele>
        <time>2025-03-21T13:59:54.000Z</time>
        <extensions>
          <ns3:TrackPointExtension>
            <ns3:hr>150</ns3:hr>
            <ns3:cad>93</ns3:cad>
          </ns3:TrackPointExtension>
        </extensions>
      </trkpt>
      <trkpt lat="30.43750162236392498016357421875" lon="120.26996632106602191925048828125">
        <ele>3.599999904632568359375</ele>
        <time>2025-03-21T13:59:55.000Z</time>
        <extensions>
          <ns3:TrackPointExtension>
            <ns3:hr>150</ns3:hr>
            <ns3:cad>93</ns3:cad>
          </ns3:TrackPointExtension>
        </extensions>
      </trkpt>
      <trkpt lat="30.43748720549046993255615234375" lon="120.26994368992745876312255859375">
        <ele>3.7999999523162841796875</ele>
        <time>2025-03-21T13:59:56.000Z</time>
        <extensions>
          <ns3:TrackPointExtension>
            <ns3:hr>150</ns3:hr>
            <ns3:cad>93</ns3:cad>
          </ns3:TrackPointExtension>
        </extensions>
      </trkpt>
      <trkpt lat="30.437472872436046600341796875" lon="120.2699221484363079071044921875">
        <ele>4</ele>
        <time>2025-03-21T13:59:57.000Z</time>
        <extensions>
          <ns3:TrackPointExtension>
            <ns3:hr>149</ns3:hr>
            <ns3:cad>93</ns3:cad>
          </ns3:TrackPointExtension>
        </extensions>
      </trkpt>
      <trkpt lat="30.43746373616158962249755859375" lon="120.2699023671448230743408203125">
        <ele>4.19999980926513671875</ele>
        <time>2025-03-21T13:59:58.000Z</time>
        <extensions>
          <ns3:TrackPointExtension>
            <ns3:hr>150</ns3:hr>
            <ns3:cad>93</ns3:cad>
          </ns3:TrackPointExtension>
        </extensions>
      </trkpt>
      <trkpt lat="30.43745334260165691375732421875" lon="120.26987680234014987945556640625">
        <ele>4.400000095367431640625</ele>
        <time>2025-03-21T13:59:59.000Z</time>
        <extensions>
          <ns3:TrackPointExtension>
            <ns3:hr>150</ns3:hr>
            <ns3:cad>92</ns3:cad>
          </ns3:TrackPointExtension>
        </extensions>
      </trkpt>
      <trkpt lat="30.43743976391851902008056640625" lon="120.26985316537320613861083984375">
        <ele>4.400000095367431640625</ele>
        <time>2025-03-21T14:00:00.000Z</time>
        <extensions>
          <ns3:TrackPointExtension>
            <ns3:hr>150</ns3:hr>
            <ns3:cad>92</ns3:cad>
          </ns3:TrackPointExtension>
        </extensions>
      </trkpt>
      <trkpt lat="30.43742199428379535675048828125" lon="120.2698235772550106048583984375">
        <ele>4.599999904632568359375</ele>
        <time>2025-03-21T14:00:01.000Z</time>
        <extensions>
          <ns3:TrackPointExtension>
            <ns3:hr>150</ns3:hr>
            <ns3:cad>94</ns3:cad>
          </ns3:TrackPointExtension>
        </extensions>
      </trkpt>
      <trkpt lat="30.4374056495726108551025390625" lon="120.2697967551648616790771484375">
        <ele>4.80000019073486328125</ele>
        <time>2025-03-21T14:00:02.000Z</time>
        <extensions>
          <ns3:TrackPointExtension>
            <ns3:hr>150</ns3:hr>
            <ns3:cad>94</ns3:cad>
          </ns3:TrackPointExtension>
        </extensions>
      </trkpt>
      <trkpt lat="30.43739148415625095367431640625" lon="120.2697672508656978607177734375">
        <ele>5</ele>
        <time>2025-03-21T14:00:03.000Z</time>
        <extensions>
          <ns3:TrackPointExtension>
            <ns3:hr>150</ns3:hr>
            <ns3:cad>94</ns3:cad>
          </ns3:TrackPointExtension>
        </extensions>
      </trkpt>
      <trkpt lat="30.43737472034990787506103515625" lon="120.2697410993278026580810546875">
        <ele>5.19999980926513671875</ele>
        <time>2025-03-21T14:00:04.000Z</time>
        <extensions>
          <ns3:TrackPointExtension>
            <ns3:hr>150</ns3:hr>
            <ns3:cad>94</ns3:cad>
          </ns3:TrackPointExtension>
        </extensions>
      </trkpt>
      <trkpt lat="30.4373613931238651275634765625" lon="120.26971637271344661712646484375">
        <ele>5.400000095367431640625</ele>
        <time>2025-03-21T14:00:05.000Z</time>
        <extensions>
          <ns3:TrackPointExtension>
            <ns3:hr>151</ns3:hr>
            <ns3:cad>93</ns3:cad>
          </ns3:TrackPointExtension>
        </extensions>
      </trkpt>
      <trkpt lat="30.43735091574490070343017578125" lon="120.26969089172780513763427734375">
        <ele>5.599999904632568359375</ele>
        <time>2025-03-21T14:00:06.000Z</time>
        <extensions>
          <ns3:TrackPointExtension>
            <ns3:hr>151</ns3:hr>
            <ns3:cad>93</ns3:cad>
          </ns3:TrackPointExtension>
        </extensions>
      </trkpt>
      <trkpt lat="30.43733775615692138671875" lon="120.2696688473224639892578125">
        <ele>5.80000019073486328125</ele>
        <time>2025-03-21T14:00:07.000Z</time>
        <extensions>
          <ns3:TrackPointExtension>
            <ns3:hr>151</ns3:hr>
            <ns3:cad>93</ns3:cad>
          </ns3:TrackPointExtension>
        </extensions>
      </trkpt>
      <trkpt lat="30.43733113445341587066650390625" lon="120.26964764110743999481201171875">
        <ele>6</ele>
        <time>2025-03-21T14:00:08.000Z</time>
        <extensions>
          <ns3:TrackPointExtension>
            <ns3:hr>151</ns3:hr>
            <ns3:cad>93</ns3:cad>
          </ns3:TrackPointExtension>
        </extensions>
      </trkpt>
      <trkpt lat="30.437320657074451446533203125" lon="120.2696227468550205230712890625">
        <ele>6</ele>
        <time>2025-03-21T14:00:09.000Z</time>
        <extensions>
          <ns3:TrackPointExtension>
            <ns3:hr>151</ns3:hr>
            <ns3:cad>93</ns3:cad>
          </ns3:TrackPointExtension>
        </extensions>
      </trkpt>
      <trkpt lat="30.43730984441936016082763671875" lon="120.269589722156524658203125">
        <ele>6</ele>
        <time>2025-03-21T14:00:10.000Z</time>
        <extensions>
          <ns3:TrackPointExtension>
            <ns3:hr>151</ns3:hr>
            <ns3:cad>93</ns3:cad>
          </ns3:TrackPointExtension>
        </extensions>
      </trkpt>
      <trkpt lat="30.43729542754590511322021484375" lon="120.26956449262797832489013671875">
        <ele>6</ele>
        <time>2025-03-21T14:00:11.000Z</time>
        <extensions>
          <ns3:TrackPointExtension>
            <ns3:hr>151</ns3:hr>
            <ns3:cad>91</ns3:cad>
          </ns3:TrackPointExtension>
        </extensions>
      </trkpt>
      <trkpt lat="30.43728369288146495819091796875" lon="120.2695372514426708221435546875">
        <ele>6</ele>
        <time>2025-03-21T14:00:12.000Z</time>
        <extensions>
          <ns3:TrackPointExtension>
            <ns3:hr>151</ns3:hr>
            <ns3:cad>91</ns3:cad>
          </ns3:TrackPointExtension>
        </extensions>
      </trkpt>
      <trkpt lat="30.4372735507786273956298828125" lon="120.2695124410092830657958984375">
        <ele>6</ele>
        <time>2025-03-21T14:00:13.000Z</time>
        <extensions>
          <ns3:TrackPointExtension>
            <ns3:hr>152</ns3:hr>
            <ns3:cad>91</ns3:cad>
          </ns3:TrackPointExtension>
        </extensions>
      </trkpt>
      <trkpt lat="30.43726793490350246429443359375" lon="120.26948251761496067047119140625">
        <ele>6</ele>
        <time>2025-03-21T14:00:14.000Z</time>
        <extensions>
          <ns3:TrackPointExtension>
            <ns3:hr>152</ns3:hr>
            <ns3:cad>91</ns3:cad>
          </ns3:TrackPointExtension>
        </extensions>
      </trkpt>
      <trkpt lat="30.43726240284740924835205078125" lon="120.2694581262767314910888671875">
        <ele>6</ele>
        <time>2025-03-21T14:00:15.000Z</time>
        <extensions>
          <ns3:TrackPointExtension>
            <ns3:hr>153</ns3:hr>
            <ns3:cad>91</ns3:cad>
          </ns3:TrackPointExtension>
        </extensions>
      </trkpt>
      <trkpt lat="30.437250249087810516357421875" lon="120.26942786760628223419189453125">
        <ele>6</ele>
        <time>2025-03-21T14:00:16.000Z</time>
        <extensions>
          <ns3:TrackPointExtension>
            <ns3:hr>153</ns3:hr>
            <ns3:cad>91</ns3:cad>
          </ns3:TrackPointExtension>
        </extensions>
      </trkpt>
      <trkpt lat="30.43723893351852893829345703125" lon="120.269408337771892547607421875">
        <ele>6</ele>
        <time>2025-03-21T14:00:17.000Z</time>
        <extensions>
          <ns3:TrackPointExtension>
            <ns3:hr>154</ns3:hr>
            <ns3:cad>91</ns3:cad>
          </ns3:TrackPointExtension>
        </extensions>
      </trkpt>
      <trkpt lat="30.43722267262637615203857421875" lon="120.26937992312014102935791015625">
        <ele>6</ele>
        <time>2025-03-21T14:00:18.000Z</time>
        <extensions>
          <ns3:TrackPointExtension>
            <ns3:hr>154</ns3:hr>
            <ns3:cad>91</ns3:cad>
          </ns3:TrackPointExtension>
        </extensions>
      </trkpt>
      <trkpt lat="30.437206663191318511962890625" lon="120.26935393922030925750732421875">
        <ele>6</ele>
        <time>2025-03-21T14:00:19.000Z</time>
        <extensions>
          <ns3:TrackPointExtension>
            <ns3:hr>155</ns3:hr>
            <ns3:cad>93</ns3:cad>
          </ns3:TrackPointExtension>
        </extensions>
      </trkpt>
      <trkpt lat="30.43719048611819744110107421875" lon="120.26932342909276485443115234375">
        <ele>6.19999980926513671875</ele>
        <time>2025-03-21T14:00:20.000Z</time>
        <extensions>
          <ns3:TrackPointExtension>
            <ns3:hr>155</ns3:hr>
            <ns3:cad>93</ns3:cad>
          </ns3:TrackPointExtension>
        </extensions>
      </trkpt>
      <trkpt lat="30.437176488339900970458984375" lon="120.2692951820790767669677734375">
        <ele>6.19999980926513671875</ele>
        <time>2025-03-21T14:00:21.000Z</time>
        <extensions>
          <ns3:TrackPointExtension>
            <ns3:hr>156</ns3:hr>
            <ns3:cad>93</ns3:cad>
          </ns3:TrackPointExtension>
        </extensions>
      </trkpt>
      <trkpt lat="30.4371595568954944610595703125" lon="120.2692690305411815643310546875">
        <ele>6.400000095367431640625</ele>
        <time>2025-03-21T14:00:22.000Z</time>
        <extensions>
          <ns3:TrackPointExtension>
            <ns3:hr>156</ns3:hr>
            <ns3:cad>93</ns3:cad>
          </ns3:TrackPointExtension>
        </extensions>
      </trkpt>
      <trkpt lat="30.4371454752981662750244140625" lon="120.2692422084510326385498046875">
        <ele>6.400000095367431640625</ele>
        <time>2025-03-21T14:00:23.000Z</time>
        <extensions>
          <ns3:TrackPointExtension>
            <ns3:hr>156</ns3:hr>
            <ns3:cad>93</ns3:cad>
          </ns3:TrackPointExtension>
        </extensions>
      </trkpt>
      <trkpt lat="30.4371387697756290435791015625" lon="120.26921999640762805938720703125">
        <ele>6.599999904632568359375</ele>
        <time>2025-03-21T14:00:24.000Z</time>
        <extensions>
          <ns3:TrackPointExtension>
            <ns3:hr>157</ns3:hr>
            <ns3:cad>93</ns3:cad>
          </ns3:TrackPointExtension>
        </extensions>
      </trkpt>
      <trkpt lat="30.43712896294891834259033203125" lon="120.269190408289432525634765625">
        <ele>6.599999904632568359375</ele>
        <time>2025-03-21T14:00:25.000Z</time>
        <extensions>
          <ns3:TrackPointExtension>
            <ns3:hr>157</ns3:hr>
            <ns3:cad>93</ns3:cad>
          </ns3:TrackPointExtension>
        </extensions>
      </trkpt>
      <trkpt lat="30.43712192215025424957275390625" lon="120.26916886679828166961669921875">
        <ele>6.80000019073486328125</ele>
        <time>2025-03-21T14:00:26.000Z</time>
        <extensions>
          <ns3:TrackPointExtension>
            <ns3:hr>157</ns3:hr>
            <ns3:cad>93</ns3:cad>
          </ns3:TrackPointExtension>
        </extensions>
      </trkpt>
      <trkpt lat="30.43711085803806781768798828125" lon="120.26914237998425960540771484375">
        <ele>6.80000019073486328125</ele>
        <time>2025-03-21T14:00:27.000Z</time>
        <extensions>
          <ns3:TrackPointExtension>
            <ns3:hr>157</ns3:hr>
            <ns3:cad>93</ns3:cad>
          </ns3:TrackPointExtension>
        </extensions>
      </trkpt>
      <trkpt lat="30.4370971955358982086181640625" lon="120.2691070921719074249267578125">
        <ele>7</ele>
        <time>2025-03-21T14:00:28.000Z</time>
        <extensions>
          <ns3:TrackPointExtension>
            <ns3:hr>158</ns3:hr>
            <ns3:cad>93</ns3:cad>
          </ns3:TrackPointExtension>
        </extensions>
      </trkpt>
      <trkpt lat="30.43708470650017261505126953125" lon="120.26908052153885364532470703125">
        <ele>7</ele>
        <time>2025-03-21T14:00:29.000Z</time>
        <extensions>
          <ns3:TrackPointExtension>
            <ns3:hr>158</ns3:hr>
            <ns3:cad>93</ns3:cad>
          </ns3:TrackPointExtension>
        </extensions>
      </trkpt>
      <trkpt lat="30.4370727203786373138427734375" lon="120.2690641768276691436767578125">
        <ele>7</ele>
        <time>2025-03-21T14:00:30.000Z</time>
        <extensions>
          <ns3:TrackPointExtension>
            <ns3:hr>158</ns3:hr>
            <ns3:cad>93</ns3:cad>
          </ns3:TrackPointExtension>
        </extensions>
      </trkpt>
      <trkpt lat="30.43705604039132595062255859375" lon="120.26903911493718624114990234375">
        <ele>7.19999980926513671875</ele>
        <time>2025-03-21T14:00:31.000Z</time>
        <extensions>
          <ns3:TrackPointExtension>
            <ns3:hr>158</ns3:hr>
            <ns3:cad>93</ns3:cad>
          </ns3:TrackPointExtension>
        </extensions>
      </trkpt>
      <trkpt lat="30.437041707336902618408203125" lon="120.26901396922767162322998046875">
        <ele>7.19999980926513671875</ele>
        <time>2025-03-21T14:00:32.000Z</time>
        <extensions>
          <ns3:TrackPointExtension>
            <ns3:hr>157</ns3:hr>
            <ns3:cad>93</ns3:cad>
          </ns3:TrackPointExtension>
        </extensions>
      </trkpt>
      <trkpt lat="30.4370331577956676483154296875" lon="120.26899158954620361328125">
        <ele>7.400000095367431640625</ele>
        <time>2025-03-21T14:00:33.000Z</time>
        <extensions>
          <ns3:TrackPointExtension>
            <ns3:hr>159</ns3:hr>
            <ns3:cad>93</ns3:cad>
          </ns3:TrackPointExtension>
        </extensions>
      </trkpt>
      <trkpt lat="30.437018908560276031494140625" lon="120.26895982213318347930908203125">
        <ele>7.400000095367431640625</ele>
        <time>2025-03-21T14:00:34.000Z</time>
        <extensions>
          <ns3:TrackPointExtension>
            <ns3:hr>159</ns3:hr>
            <ns3:cad>94</ns3:cad>
          </ns3:TrackPointExtension>
        </extensions>
      </trkpt>
      <trkpt lat="30.4370065033435821533203125" lon="120.268940292298793792724609375">
        <ele>7.599999904632568359375</ele>
        <time>2025-03-21T14:00:35.000Z</time>
        <extensions>
          <ns3:TrackPointExtension>
            <ns3:hr>159</ns3:hr>
            <ns3:cad>94</ns3:cad>
          </ns3:TrackPointExtension>
        </extensions>
      </trkpt>
      <trkpt lat="30.43699166737496852874755859375" lon="120.2689166553318500518798828125">
        <ele>7.599999904632568359375</ele>
        <time>2025-03-21T14:00:36.000Z</time>
        <extensions>
          <ns3:TrackPointExtension>
            <ns3:hr>159</ns3:hr>
            <ns3:cad>94</ns3:cad>
          </ns3:TrackPointExtension>
        </extensions>
      </trkpt>
      <trkpt lat="30.43697775341570377349853515625" lon="120.26889461092650890350341796875">
        <ele>7.599999904632568359375</ele>
        <time>2025-03-21T14:00:37.000Z</time>
        <extensions>
          <ns3:TrackPointExtension>
            <ns3:hr>159</ns3:hr>
            <ns3:cad>93</ns3:cad>
          </ns3:TrackPointExtension>
        </extensions>
      </trkpt>
      <trkpt lat="30.43696434237062931060791015625" lon="120.26886745356023311614990234375">
        <ele>7.80000019073486328125</ele>
        <time>2025-03-21T14:00:38.000Z</time>
        <extensions>
          <ns3:TrackPointExtension>
            <ns3:hr>159</ns3:hr>
            <ns3:cad>93</ns3:cad>
          </ns3:TrackPointExtension>
        </extensions>
      </trkpt>
      <trkpt lat="30.43695151805877685546875" lon="120.268839038908481597900390625">
        <ele>7.80000019073486328125</ele>
        <time>2025-03-21T14:00:39.000Z</time>
        <extensions>
          <ns3:TrackPointExtension>
            <ns3:hr>159</ns3:hr>
            <ns3:cad>93</ns3:cad>
          </ns3:TrackPointExtension>
        </extensions>
      </trkpt>
      <trkpt lat="30.4369396157562732696533203125" lon="120.26881045661866664886474609375">
        <ele>7.80000019073486328125</ele>
        <time>2025-03-21T14:00:40.000Z</time>
        <extensions>
          <ns3:TrackPointExtension>
            <ns3:hr>160</ns3:hr>
            <ns3:cad>93</ns3:cad>
          </ns3:TrackPointExtension>
        </extensions>
      </trkpt>
      <trkpt lat="30.43692276813089847564697265625" lon="120.2687755040824413299560546875">
        <ele>7.599999904632568359375</ele>
        <time>2025-03-21T14:00:41.000Z</time>
        <extensions>
          <ns3:TrackPointExtension>
            <ns3:hr>159</ns3:hr>
            <ns3:cad>93</ns3:cad>
          </ns3:TrackPointExtension>
        </extensions>
      </trkpt>
      <trkpt lat="30.436909608542919158935546875" lon="120.268749184906482696533203125">
        <ele>7.599999904632568359375</ele>
        <time>2025-03-21T14:00:42.000Z</time>
        <extensions>
          <ns3:TrackPointExtension>
            <ns3:hr>160</ns3:hr>
            <ns3:cad>92</ns3:cad>
          </ns3:TrackPointExtension>
        </extensions>
      </trkpt>
      <trkpt lat="30.43689913116395473480224609375" lon="120.26872898451983928680419921875">
        <ele>7.400000095367431640625</ele>
        <time>2025-03-21T14:00:43.000Z</time>
        <extensions>
          <ns3:TrackPointExtension>
            <ns3:hr>161</ns3:hr>
            <ns3:cad>92</ns3:cad>
          </ns3:TrackPointExtension>
        </extensions>
      </trkpt>
      <trkpt lat="30.4368889890611171722412109375" lon="120.2687005698680877685546875">
        <ele>7.19999980926513671875</ele>
        <time>2025-03-21T14:00:44.000Z</time>
        <extensions>
          <ns3:TrackPointExtension>
            <ns3:hr>160</ns3:hr>
            <ns3:cad>92</ns3:cad>
          </ns3:TrackPointExtension>
        </extensions>
      </trkpt>
      <trkpt lat="30.4368772543966770172119140625" lon="120.2686675451695919036865234375">
        <ele>7</ele>
        <time>2025-03-21T14:00:45.000Z</time>
        <extensions>
          <ns3:TrackPointExtension>
            <ns3:hr>160</ns3:hr>
            <ns3:cad>94</ns3:cad>
          </ns3:TrackPointExtension>
        </extensions>
      </trkpt>
      <trkpt lat="30.43686929158866405487060546875" lon="120.26864332146942615509033203125">
        <ele>6.80000019073486328125</ele>
        <time>2025-03-21T14:00:46.000Z</time>
        <extensions>
          <ns3:TrackPointExtension>
            <ns3:hr>161</ns3:hr>
            <ns3:cad>94</ns3:cad>
          </ns3:TrackPointExtension>
        </extensions>
      </trkpt>
      <trkpt lat="30.4368616640567779541015625" lon="120.2686182595789432525634765625">
        <ele>6.599999904632568359375</ele>
        <time>2025-03-21T14:00:47.000Z</time>
        <extensions>
          <ns3:TrackPointExtension>
            <ns3:hr>161</ns3:hr>
            <ns3:cad>94</ns3:cad>
          </ns3:TrackPointExtension>
        </extensions>
      </trkpt>
      <trkpt lat="30.43685202486813068389892578125" lon="120.2685931138694286346435546875">
        <ele>6.400000095367431640625</ele>
        <time>2025-03-21T14:00:48.000Z</time>
        <extensions>
          <ns3:TrackPointExtension>
            <ns3:hr>161</ns3:hr>
            <ns3:cad>94</ns3:cad>
          </ns3:TrackPointExtension>
        </extensions>
      </trkpt>
      <trkpt lat="30.43684397824108600616455078125" lon="120.26856972835958003997802734375">
        <ele>6.19999980926513671875</ele>
        <time>2025-03-21T14:00:49.000Z</time>
        <extensions>
          <ns3:TrackPointExtension>
            <ns3:hr>162</ns3:hr>
            <ns3:cad>94</ns3:cad>
          </ns3:TrackPointExtension>
        </extensions>
      </trkpt>
      <trkpt lat="30.43683643452823162078857421875" lon="120.2685498632490634918212890625">
        <ele>6.19999980926513671875</ele>
        <time>2025-03-21T14:00:50.000Z</time>
        <extensions>
          <ns3:TrackPointExtension>
            <ns3:hr>160</ns3:hr>
            <ns3:cad>94</ns3:cad>
          </ns3:TrackPointExtension>
        </extensions>
      </trkpt>
      <trkpt lat="30.4368294775485992431640625" lon="120.268527567386627197265625">
        <ele>6</ele>
        <time>2025-03-21T14:00:51.000Z</time>
        <extensions>
          <ns3:TrackPointExtension>
            <ns3:hr>161</ns3:hr>
            <ns3:cad>94</ns3:cad>
          </ns3:TrackPointExtension>
        </extensions>
      </trkpt>
      <trkpt lat="30.43682201765477657318115234375" lon="120.26850636117160320281982421875">
        <ele>5.80000019073486328125</ele>
        <time>2025-03-21T14:00:52.000Z</time>
        <extensions>
          <ns3:TrackPointExtension>
            <ns3:hr>161</ns3:hr>
            <ns3:cad>94</ns3:cad>
          </ns3:TrackPointExtension>
        </extensions>
      </trkpt>
      <trkpt lat="30.43680927716195583343505859375" lon="120.26848088018596172332763671875">
        <ele>5.599999904632568359375</ele>
        <time>2025-03-21T14:00:53.000Z</time>
        <extensions>
          <ns3:TrackPointExtension>
            <ns3:hr>161</ns3:hr>
            <ns3:cad>93</ns3:cad>
          </ns3:TrackPointExtension>
        </extensions>
      </trkpt>
      <trkpt lat="30.43679620139300823211669921875" lon="120.26846193708479404449462890625">
        <ele>5.599999904632568359375</ele>
        <time>2025-03-21T14:00:54.000Z</time>
        <extensions>
          <ns3:TrackPointExtension>
            <ns3:hr>161</ns3:hr>
            <ns3:cad>93</ns3:cad>
          </ns3:TrackPointExtension>
        </extensions>
      </trkpt>
      <trkpt lat="30.43678128160536289215087890625" lon="120.26844349689781665802001953125">
        <ele>5.400000095367431640625</ele>
        <time>2025-03-21T14:00:55.000Z</time>
        <extensions>
          <ns3:TrackPointExtension>
            <ns3:hr>161</ns3:hr>
            <ns3:cad>91</ns3:cad>
          </ns3:TrackPointExtension>
        </extensions>
      </trkpt>
      <trkpt lat="30.43676602654159069061279296875" lon="120.2684216201305389404296875">
        <ele>5.19999980926513671875</ele>
        <time>2025-03-21T14:00:56.000Z</time>
        <extensions>
          <ns3:TrackPointExtension>
            <ns3:hr>160</ns3:hr>
            <ns3:cad>91</ns3:cad>
          </ns3:TrackPointExtension>
        </extensions>
      </trkpt>
      <trkpt lat="30.43674775399267673492431640625" lon="120.26840217411518096923828125">
        <ele>5</ele>
        <time>2025-03-21T14:00:57.000Z</time>
        <extensions>
          <ns3:TrackPointExtension>
            <ns3:hr>161</ns3:hr>
            <ns3:cad>91</ns3:cad>
          </ns3:TrackPointExtension>
        </extensions>
      </trkpt>
      <trkpt lat="30.43673249892890453338623046875" lon="120.2683815546333789825439453125">
        <ele>5</ele>
        <time>2025-03-21T14:00:58.000Z</time>
        <extensions>
          <ns3:TrackPointExtension>
            <ns3:hr>162</ns3:hr>
            <ns3:cad>91</ns3:cad>
          </ns3:TrackPointExtension>
        </extensions>
      </trkpt>
      <trkpt lat="30.436718165874481201171875" lon="120.2683594264090061187744140625">
        <ele>4.80000019073486328125</ele>
        <time>2025-03-21T14:00:59.000Z</time>
        <extensions>
          <ns3:TrackPointExtension>
            <ns3:hr>162</ns3:hr>
            <ns3:cad>91</ns3:cad>
          </ns3:TrackPointExtension>
        </extensions>
      </trkpt>
      <trkpt lat="30.4367072694003582000732421875" lon="120.2683372981846332550048828125">
        <ele>4.599999904632568359375</ele>
        <time>2025-03-21T14:01:00.000Z</time>
        <extensions>
          <ns3:TrackPointExtension>
            <ns3:hr>162</ns3:hr>
            <ns3:cad>92</ns3:cad>
          </ns3:TrackPointExtension>
        </extensions>
      </trkpt>
      <trkpt lat="30.43669578619301319122314453125" lon="120.26831475086510181427001953125">
        <ele>4.599999904632568359375</ele>
        <time>2025-03-21T14:01:01.000Z</time>
        <extensions>
          <ns3:TrackPointExtension>
            <ns3:hr>162</ns3:hr>
            <ns3:cad>92</ns3:cad>
          </ns3:TrackPointExtension>
        </extensions>
      </trkpt>
      <trkpt lat="30.4366861470043659210205078125" lon="120.2682896889746189117431640625">
        <ele>4.400000095367431640625</ele>
        <time>2025-03-21T14:01:02.000Z</time>
        <extensions>
          <ns3:TrackPointExtension>
            <ns3:hr>163</ns3:hr>
            <ns3:cad>92</ns3:cad>
          </ns3:TrackPointExtension>
        </extensions>
      </trkpt>
      <trkpt lat="30.43667600490152835845947265625" lon="120.26826429180800914764404296875">
        <ele>4.400000095367431640625</ele>
        <time>2025-03-21T14:01:03.000Z</time>
        <extensions>
          <ns3:TrackPointExtension>
            <ns3:hr>163</ns3:hr>
            <ns3:cad>93</ns3:cad>
          </ns3:TrackPointExtension>
        </extensions>
      </trkpt>
      <trkpt lat="30.43665823526680469512939453125" lon="120.26824526488780975341796875">
        <ele>4.19999980926513671875</ele>
        <time>2025-03-21T14:01:04.000Z</time>
        <extensions>
          <ns3:TrackPointExtension>
            <ns3:hr>163</ns3:hr>
            <ns3:cad>93</ns3:cad>
          </ns3:TrackPointExtension>
        </extensions>
      </trkpt>
      <trkpt lat="30.436642058193683624267578125" lon="120.26823143474757671356201171875">
        <ele>4.19999980926513671875</ele>
        <time>2025-03-21T14:01:05.000Z</time>
        <extensions>
          <ns3:TrackPointExtension>
            <ns3:hr>163</ns3:hr>
            <ns3:cad>93</ns3:cad>
          </ns3:TrackPointExtension>
        </extensions>
      </trkpt>
      <trkpt lat="30.43662688694894313812255859375" lon="120.2682206220924854278564453125">
        <ele>4.19999980926513671875</ele>
        <time>2025-03-21T14:01:06.000Z</time>
        <extensions>
          <ns3:TrackPointExtension>
            <ns3:hr>163</ns3:hr>
            <ns3:cad>93</ns3:cad>
          </ns3:TrackPointExtension>
        </extensions>
      </trkpt>
      <trkpt lat="30.436614565551280975341796875" lon="120.2682070434093475341796875">
        <ele>4.19999980926513671875</ele>
        <time>2025-03-21T14:01:07.000Z</time>
        <extensions>
          <ns3:TrackPointExtension>
            <ns3:hr>163</ns3:hr>
            <ns3:cad>93</ns3:cad>
          </ns3:TrackPointExtension>
        </extensions>
      </trkpt>
      <trkpt lat="30.43660995550453662872314453125" lon="120.268189944326877593994140625">
        <ele>4.19999980926513671875</ele>
        <time>2025-03-21T14:01:08.000Z</time>
        <extensions>
          <ns3:TrackPointExtension>
            <ns3:hr>163</ns3:hr>
            <ns3:cad>93</ns3:cad>
          </ns3:TrackPointExtension>
        </extensions>
      </trkpt>
      <trkpt lat="30.4366068542003631591796875" lon="120.26817686855792999267578125">
        <ele>4.19999980926513671875</ele>
        <time>2025-03-21T14:01:09.000Z</time>
        <extensions>
          <ns3:TrackPointExtension>
            <ns3:hr>163</ns3:hr>
            <ns3:cad>0</ns3:cad>
          </ns3:TrackPointExtension>
        </extensions>
      </trkpt>
      <trkpt lat="30.43660216033458709716796875" lon="120.26816882193088531494140625">
        <ele>4.19999980926513671875</ele>
        <time>2025-03-21T14:01:10.000Z</time>
        <extensions>
          <ns3:TrackPointExtension>
            <ns3:hr>163</ns3:hr>
            <ns3:cad>0</ns3:cad>
          </ns3:TrackPointExtension>
        </extensions>
      </trkpt>
      <trkpt lat="30.43659009039402008056640625" lon="120.2681589312851428985595703125">
        <ele>4.19999980926513671875</ele>
        <time>2025-03-21T14:01:11.000Z</time>
        <extensions>
          <ns3:TrackPointExtension>
            <ns3:hr>163</ns3:hr>
            <ns3:cad>0</ns3:cad>
          </ns3:TrackPointExtension>
        </extensions>
      </trkpt>
      <trkpt lat="30.436577685177326202392578125" lon="120.26815096847712993621826171875">
        <ele>4.19999980926513671875</ele>
        <time>2025-03-21T14:01:12.000Z</time>
        <extensions>
          <ns3:TrackPointExtension>
            <ns3:hr>163</ns3:hr>
            <ns3:cad>64</ns3:cad>
          </ns3:TrackPointExtension>
        </extensions>
      </trkpt>
      <trkpt lat="30.43656268157064914703369140625" lon="120.2681411616504192352294921875">
        <ele>4.19999980926513671875</ele>
        <time>2025-03-21T14:01:13.000Z</time>
        <extensions>
          <ns3:TrackPointExtension>
            <ns3:hr>161</ns3:hr>
            <ns3:cad>64</ns3:cad>
          </ns3:TrackPointExtension>
        </extensions>
      </trkpt>
      <trkpt lat="30.4365413077175617218017578125" lon="120.26813202537596225738525390625">
        <ele>4.19999980926513671875</ele>
        <time>2025-03-21T14:01:14.000Z</time>
        <extensions>
          <ns3:TrackPointExtension>
            <ns3:hr>162</ns3:hr>
            <ns3:cad>64</ns3:cad>
          </ns3:TrackPointExtension>
        </extensions>
      </trkpt>
      <trkpt lat="30.43651976622641086578369140625" lon="120.2681265771389007568359375">
        <ele>4</ele>
        <time>2025-03-21T14:01:15.000Z</time>
        <extensions>
          <ns3:TrackPointExtension>
            <ns3:hr>160</ns3:hr>
            <ns3:cad>64</ns3:cad>
          </ns3:TrackPointExtension>
        </extensions>
      </trkpt>
      <trkpt lat="30.436495207250118255615234375" lon="120.26811920106410980224609375">
        <ele>4</ele>
        <time>2025-03-21T14:01:16.000Z</time>
        <extensions>
          <ns3:TrackPointExtension>
            <ns3:hr>158</ns3:hr>
            <ns3:cad>64</ns3:cad>
          </ns3:TrackPointExtension>
        </extensions>
      </trkpt>
      <trkpt lat="30.43646561913192272186279296875" lon="120.26811023242771625518798828125">
        <ele>4</ele>
        <time>2025-03-21T14:01:17.000Z</time>
        <extensions>
          <ns3:TrackPointExtension>
            <ns3:hr>159</ns3:hr>
            <ns3:cad>90</ns3:cad>
          </ns3:TrackPointExtension>
        </extensions>
      </trkpt>
      <trkpt lat="30.43644315563142299652099609375" lon="120.26809933595359325408935546875">
        <ele>3.7999999523162841796875</ele>
        <time>2025-03-21T14:01:18.000Z</time>
        <extensions>
          <ns3:TrackPointExtension>
            <ns3:hr>158</ns3:hr>
            <ns3:cad>90</ns3:cad>
          </ns3:TrackPointExtension>
        </extensions>
      </trkpt>
      <trkpt lat="30.43641633354127407073974609375" lon="120.2680938877165317535400390625">
        <ele>3.7999999523162841796875</ele>
        <time>2025-03-21T14:01:19.000Z</time>
        <extensions>
          <ns3:TrackPointExtension>
            <ns3:hr>159</ns3:hr>
            <ns3:cad>91</ns3:cad>
          </ns3:TrackPointExtension>
        </extensions>
      </trkpt>
      <trkpt lat="30.43638917617499828338623046875" lon="120.26809229515492916107177734375">
        <ele>3.7999999523162841796875</ele>
        <time>2025-03-21T14:01:20.000Z</time>
        <extensions>
          <ns3:TrackPointExtension>
            <ns3:hr>159</ns3:hr>
            <ns3:cad>92</ns3:cad>
          </ns3:TrackPointExtension>
        </extensions>
      </trkpt>
      <trkpt lat="30.43636143207550048828125" lon="120.2680957317352294921875">
        <ele>3.599999904632568359375</ele>
        <time>2025-03-21T14:01:21.000Z</time>
        <extensions>
          <ns3:TrackPointExtension>
            <ns3:hr>161</ns3:hr>
            <ns3:cad>92</ns3:cad>
          </ns3:TrackPointExtension>
        </extensions>
      </trkpt>
      <trkpt lat="30.4363320954144001007080078125" lon="120.26809749193489551544189453125">
        <ele>3.599999904632568359375</ele>
        <time>2025-03-21T14:01:22.000Z</time>
        <extensions>
          <ns3:TrackPointExtension>
            <ns3:hr>160</ns3:hr>
            <ns3:cad>92</ns3:cad>
          </ns3:TrackPointExtension>
        </extensions>
      </trkpt>
      <trkpt lat="30.4363032616674900054931640625" lon="120.2680999226868152618408203125">
        <ele>3.599999904632568359375</ele>
        <time>2025-03-21T14:01:23.000Z</time>
        <extensions>
          <ns3:TrackPointExtension>
            <ns3:hr>160</ns3:hr>
            <ns3:cad>92</ns3:cad>
          </ns3:TrackPointExtension>
        </extensions>
      </trkpt>
      <trkpt lat="30.43628306128084659576416015625" lon="120.268102772533893585205078125">
        <ele>3.599999904632568359375</ele>
        <time>2025-03-21T14:01:24.000Z</time>
        <extensions>
          <ns3:TrackPointExtension>
            <ns3:hr>159</ns3:hr>
            <ns3:cad>92</ns3:cad>
          </ns3:TrackPointExtension>
        </extensions>
      </trkpt>
      <trkpt lat="30.43625221587717533111572265625" lon="120.2681116573512554168701171875">
        <ele>3.599999904632568359375</ele>
        <time>2025-03-21T14:01:25.000Z</time>
        <extensions>
          <ns3:TrackPointExtension>
            <ns3:hr>159</ns3:hr>
            <ns3:cad>92</ns3:cad>
          </ns3:TrackPointExtension>
        </extensions>
      </trkpt>
      <trkpt lat="30.43622799217700958251953125" lon="120.26812666095793247222900390625">
        <ele>3.400000095367431640625</ele>
        <time>2025-03-21T14:01:26.000Z</time>
        <extensions>
          <ns3:TrackPointExtension>
            <ns3:hr>158</ns3:hr>
            <ns3:cad>90</ns3:cad>
          </ns3:TrackPointExtension>
        </extensions>
      </trkpt>
      <trkpt lat="30.436200164258480072021484375" lon="120.26814199984073638916015625">
        <ele>3.400000095367431640625</ele>
        <time>2025-03-21T14:01:27.000Z</time>
        <extensions>
          <ns3:TrackPointExtension>
            <ns3:hr>159</ns3:hr>
            <ns3:cad>90</ns3:cad>
          </ns3:TrackPointExtension>
        </extensions>
      </trkpt>
      <trkpt lat="30.43617879040539264678955078125" lon="120.268155746161937713623046875">
        <ele>3.400000095367431640625</ele>
        <time>2025-03-21T14:01:28.000Z</time>
        <extensions>
          <ns3:TrackPointExtension>
            <ns3:hr>158</ns3:hr>
            <ns3:cad>90</ns3:cad>
          </ns3:TrackPointExtension>
        </extensions>
      </trkpt>
      <trkpt lat="30.43615817092359066009521484375" lon="120.26816957630217075347900390625">
        <ele>3.2000000476837158203125</ele>
        <time>2025-03-21T14:01:29.000Z</time>
        <extensions>
          <ns3:TrackPointExtension>
            <ns3:hr>159</ns3:hr>
            <ns3:cad>92</ns3:cad>
          </ns3:TrackPointExtension>
        </extensions>
      </trkpt>
      <trkpt lat="30.4361393116414546966552734375" lon="120.26818382553756237030029296875">
        <ele>3.2000000476837158203125</ele>
        <time>2025-03-21T14:01:30.000Z</time>
        <extensions>
          <ns3:TrackPointExtension>
            <ns3:hr>160</ns3:hr>
            <ns3:cad>92</ns3:cad>
          </ns3:TrackPointExtension>
        </extensions>
      </trkpt>
      <trkpt lat="30.4361222125589847564697265625" lon="120.268197990953922271728515625">
        <ele>3.2000000476837158203125</ele>
        <time>2025-03-21T14:01:31.000Z</time>
        <extensions>
          <ns3:TrackPointExtension>
            <ns3:hr>160</ns3:hr>
            <ns3:cad>91</ns3:cad>
          </ns3:TrackPointExtension>
        </extensions>
      </trkpt>
      <trkpt lat="30.43610653840005397796630859375" lon="120.2682097256183624267578125">
        <ele>3.2000000476837158203125</ele>
        <time>2025-03-21T14:01:32.000Z</time>
        <extensions>
          <ns3:TrackPointExtension>
            <ns3:hr>161</ns3:hr>
            <ns3:cad>91</ns3:cad>
          </ns3:TrackPointExtension>
        </extensions>
      </trkpt>
      <trkpt lat="30.43608793057501316070556640625" lon="120.268222801387310028076171875">
        <ele>3.2000000476837158203125</ele>
        <time>2025-03-21T14:01:33.000Z</time>
        <extensions>
          <ns3:TrackPointExtension>
            <ns3:hr>161</ns3:hr>
            <ns3:cad>91</ns3:cad>
          </ns3:TrackPointExtension>
        </extensions>
      </trkpt>
      <trkpt lat="30.43606840074062347412109375" lon="120.26823721826076507568359375">
        <ele>3</ele>
        <time>2025-03-21T14:01:34.000Z</time>
        <extensions>
          <ns3:TrackPointExtension>
            <ns3:hr>162</ns3:hr>
            <ns3:cad>91</ns3:cad>
          </ns3:TrackPointExtension>
        </extensions>
      </trkpt>
      <trkpt lat="30.4360430873930454254150390625" lon="120.26825373061001300811767578125">
        <ele>3</ele>
        <time>2025-03-21T14:01:35.000Z</time>
        <extensions>
          <ns3:TrackPointExtension>
            <ns3:hr>162</ns3:hr>
            <ns3:cad>93</ns3:cad>
          </ns3:TrackPointExtension>
        </extensions>
      </trkpt>
      <trkpt lat="30.43602322228252887725830078125" lon="120.26826596818864345550537109375">
        <ele>3.2000000476837158203125</ele>
        <time>2025-03-21T14:01:36.000Z</time>
        <extensions>
          <ns3:TrackPointExtension>
            <ns3:hr>163</ns3:hr>
            <ns3:cad>93</ns3:cad>
          </ns3:TrackPointExtension>
        </extensions>
      </trkpt>
      <trkpt lat="30.4360028542578220367431640625" lon="120.26827954687178134918212890625">
        <ele>3.400000095367431640625</ele>
        <time>2025-03-21T14:01:37.000Z</time>
        <extensions>
          <ns3:TrackPointExtension>
            <ns3:hr>163</ns3:hr>
            <ns3:cad>93</ns3:cad>
          </ns3:TrackPointExtension>
        </extensions>
      </trkpt>
      <trkpt lat="30.43598248623311519622802734375" lon="120.26829262264072895050048828125">
        <ele>3.400000095367431640625</ele>
        <time>2025-03-21T14:01:38.000Z</time>
        <extensions>
          <ns3:TrackPointExtension>
            <ns3:hr>163</ns3:hr>
            <ns3:cad>93</ns3:cad>
          </ns3:TrackPointExtension>
        </extensions>
      </trkpt>
      <trkpt lat="30.43596069328486919403076171875" lon="120.26830486021935939788818359375">
        <ele>3.599999904632568359375</ele>
        <time>2025-03-21T14:01:39.000Z</time>
        <extensions>
          <ns3:TrackPointExtension>
            <ns3:hr>163</ns3:hr>
            <ns3:cad>93</ns3:cad>
          </ns3:TrackPointExtension>
        </extensions>
      </trkpt>
      <trkpt lat="30.4359398223459720611572265625" lon="120.2683168463408946990966796875">
        <ele>3.599999904632568359375</ele>
        <time>2025-03-21T14:01:40.000Z</time>
        <extensions>
          <ns3:TrackPointExtension>
            <ns3:hr>163</ns3:hr>
            <ns3:cad>93</ns3:cad>
          </ns3:TrackPointExtension>
        </extensions>
      </trkpt>
      <trkpt lat="30.435919873416423797607421875" lon="120.2683309279382228851318359375">
        <ele>3.7999999523162841796875</ele>
        <time>2025-03-21T14:01:41.000Z</time>
        <extensions>
          <ns3:TrackPointExtension>
            <ns3:hr>163</ns3:hr>
            <ns3:cad>93</ns3:cad>
          </ns3:TrackPointExtension>
        </extensions>
      </trkpt>
      <trkpt lat="30.4358999244868755340576171875" lon="120.268342830240726470947265625">
        <ele>4</ele>
        <time>2025-03-21T14:01:42.000Z</time>
        <extensions>
          <ns3:TrackPointExtension>
            <ns3:hr>163</ns3:hr>
            <ns3:cad>93</ns3:cad>
          </ns3:TrackPointExtension>
        </extensions>
      </trkpt>
      <trkpt lat="30.43587905354797840118408203125" lon="120.2683557383716106414794921875">
        <ele>4</ele>
        <time>2025-03-21T14:01:43.000Z</time>
        <extensions>
          <ns3:TrackPointExtension>
            <ns3:hr>163</ns3:hr>
            <ns3:cad>93</ns3:cad>
          </ns3:TrackPointExtension>
        </extensions>
      </trkpt>
      <trkpt lat="30.43585759587585926055908203125" lon="120.268368981778621673583984375">
        <ele>4</ele>
        <time>2025-03-21T14:01:44.000Z</time>
        <extensions>
          <ns3:TrackPointExtension>
            <ns3:hr>162</ns3:hr>
            <ns3:cad>93</ns3:cad>
          </ns3:TrackPointExtension>
        </extensions>
      </trkpt>
      <trkpt lat="30.4358345456421375274658203125" lon="120.26838381774723529815673828125">
        <ele>4</ele>
        <time>2025-03-21T14:01:45.000Z</time>
        <extensions>
          <ns3:TrackPointExtension>
            <ns3:hr>162</ns3:hr>
            <ns3:cad>93</ns3:cad>
          </ns3:TrackPointExtension>
        </extensions>
      </trkpt>
      <trkpt lat="30.43581250123679637908935546875" lon="120.26840125210583209991455078125">
        <ele>4</ele>
        <time>2025-03-21T14:01:46.000Z</time>
        <extensions>
          <ns3:TrackPointExtension>
            <ns3:hr>162</ns3:hr>
            <ns3:cad>93</ns3:cad>
          </ns3:TrackPointExtension>
        </extensions>
      </trkpt>
      <trkpt lat="30.43578987009823322296142578125" lon="120.26841751299798488616943359375">
        <ele>4</ele>
        <time>2025-03-21T14:01:47.000Z</time>
        <extensions>
          <ns3:TrackPointExtension>
            <ns3:hr>162</ns3:hr>
            <ns3:cad>93</ns3:cad>
          </ns3:TrackPointExtension>
        </extensions>
      </trkpt>
      <trkpt lat="30.43576539494097232818603515625" lon="120.26843310333788394927978515625">
        <ele>4</ele>
        <time>2025-03-21T14:01:48.000Z</time>
        <extensions>
          <ns3:TrackPointExtension>
            <ns3:hr>162</ns3:hr>
            <ns3:cad>93</ns3:cad>
          </ns3:TrackPointExtension>
        </extensions>
      </trkpt>
      <trkpt lat="30.43574309907853603363037109375" lon="120.2684484422206878662109375">
        <ele>4.19999980926513671875</ele>
        <time>2025-03-21T14:01:49.000Z</time>
        <extensions>
          <ns3:TrackPointExtension>
            <ns3:hr>162</ns3:hr>
            <ns3:cad>93</ns3:cad>
          </ns3:TrackPointExtension>
        </extensions>
      </trkpt>
      <trkpt lat="30.43571845628321170806884765625" lon="120.26846009306609630584716796875">
        <ele>4.19999980926513671875</ele>
        <time>2025-03-21T14:01:50.000Z</time>
        <extensions>
          <ns3:TrackPointExtension>
            <ns3:hr>163</ns3:hr>
            <ns3:cad>92</ns3:cad>
          </ns3:TrackPointExtension>
        </extensions>
      </trkpt>
      <trkpt lat="30.43569599278271198272705078125" lon="120.26846964843571186065673828125">
        <ele>4.400000095367431640625</ele>
        <time>2025-03-21T14:01:51.000Z</time>
        <extensions>
          <ns3:TrackPointExtension>
            <ns3:hr>163</ns3:hr>
            <ns3:cad>91</ns3:cad>
          </ns3:TrackPointExtension>
        </extensions>
      </trkpt>
      <trkpt lat="30.4356719367206096649169921875" lon="120.268479287624359130859375">
        <ele>4.400000095367431640625</ele>
        <time>2025-03-21T14:01:52.000Z</time>
        <extensions>
          <ns3:TrackPointExtension>
            <ns3:hr>161</ns3:hr>
            <ns3:cad>91</ns3:cad>
          </ns3:TrackPointExtension>
        </extensions>
      </trkpt>
      <trkpt lat="30.4356447793543338775634765625" lon="120.26848733425140380859375">
        <ele>4.599999904632568359375</ele>
        <time>2025-03-21T14:01:53.000Z</time>
        <extensions>
          <ns3:TrackPointExtension>
            <ns3:hr>161</ns3:hr>
            <ns3:cad>92</ns3:cad>
          </ns3:TrackPointExtension>
        </extensions>
      </trkpt>
      <trkpt lat="30.43561921454966068267822265625" lon="120.268496386706829071044921875">
        <ele>4.599999904632568359375</ele>
        <time>2025-03-21T14:01:54.000Z</time>
        <extensions>
          <ns3:TrackPointExtension>
            <ns3:hr>162</ns3:hr>
            <ns3:cad>92</ns3:cad>
          </ns3:TrackPointExtension>
        </extensions>
      </trkpt>
      <trkpt lat="30.4355975054204463958740234375" lon="120.26850820519030094146728515625">
        <ele>4.599999904632568359375</ele>
        <time>2025-03-21T14:01:55.000Z</time>
        <extensions>
          <ns3:TrackPointExtension>
            <ns3:hr>163</ns3:hr>
            <ns3:cad>92</ns3:cad>
          </ns3:TrackPointExtension>
        </extensions>
      </trkpt>
      <trkpt lat="30.435577891767024993896484375" lon="120.2685217000544071197509765625">
        <ele>4.80000019073486328125</ele>
        <time>2025-03-21T14:01:56.000Z</time>
        <extensions>
          <ns3:TrackPointExtension>
            <ns3:hr>164</ns3:hr>
            <ns3:cad>92</ns3:cad>
          </ns3:TrackPointExtension>
        </extensions>
      </trkpt>
      <trkpt lat="30.43555651791393756866455078125" lon="120.2685387991368770599365234375">
        <ele>4.80000019073486328125</ele>
        <time>2025-03-21T14:01:57.000Z</time>
        <extensions>
          <ns3:TrackPointExtension>
            <ns3:hr>163</ns3:hr>
            <ns3:cad>92</ns3:cad>
          </ns3:TrackPointExtension>
        </extensions>
      </trkpt>
      <trkpt lat="30.43553573079407215118408203125" lon="120.26855916716158390045166015625">
        <ele>5</ele>
        <time>2025-03-21T14:01:58.000Z</time>
        <extensions>
          <ns3:TrackPointExtension>
            <ns3:hr>162</ns3:hr>
            <ns3:cad>92</ns3:cad>
          </ns3:TrackPointExtension>
        </extensions>
      </trkpt>
      <trkpt lat="30.43551293201744556427001953125" lon="120.26857375167310237884521484375">
        <ele>5</ele>
        <time>2025-03-21T14:01:59.000Z</time>
        <extensions>
          <ns3:TrackPointExtension>
            <ns3:hr>162</ns3:hr>
            <ns3:cad>93</ns3:cad>
          </ns3:TrackPointExtension>
        </extensions>
      </trkpt>
      <trkpt lat="30.435492731630802154541015625" lon="120.26858900673687458038330078125">
        <ele>5</ele>
        <time>2025-03-21T14:02:00.000Z</time>
        <extensions>
          <ns3:TrackPointExtension>
            <ns3:hr>162</ns3:hr>
            <ns3:cad>93</ns3:cad>
          </ns3:TrackPointExtension>
        </extensions>
      </trkpt>
      <trkpt lat="30.43547303415834903717041015625" lon="120.26860392652451992034912109375">
        <ele>5</ele>
        <time>2025-03-21T14:02:01.000Z</time>
        <extensions>
          <ns3:TrackPointExtension>
            <ns3:hr>162</ns3:hr>
            <ns3:cad>93</ns3:cad>
          </ns3:TrackPointExtension>
        </extensions>
      </trkpt>
      <trkpt lat="30.43545149266719818115234375" lon="120.268617086112499237060546875">
        <ele>5</ele>
        <time>2025-03-21T14:02:02.000Z</time>
        <extensions>
          <ns3:TrackPointExtension>
            <ns3:hr>162</ns3:hr>
            <ns3:cad>93</ns3:cad>
          </ns3:TrackPointExtension>
        </extensions>
      </trkpt>
      <trkpt lat="30.43543196283280849456787109375" lon="120.26863108389079570770263671875">
        <ele>5</ele>
        <time>2025-03-21T14:02:03.000Z</time>
        <extensions>
          <ns3:TrackPointExtension>
            <ns3:hr>162</ns3:hr>
            <ns3:cad>93</ns3:cad>
          </ns3:TrackPointExtension>
        </extensions>
      </trkpt>
      <trkpt lat="30.43541218154132366180419921875" lon="120.26864734478294849395751953125">
        <ele>5</ele>
        <time>2025-03-21T14:02:04.000Z</time>
        <extensions>
          <ns3:TrackPointExtension>
            <ns3:hr>162</ns3:hr>
            <ns3:cad>93</ns3:cad>
          </ns3:TrackPointExtension>
        </extensions>
      </trkpt>
      <trkpt lat="30.43539508245885372161865234375" lon="120.26866125874221324920654296875">
        <ele>5</ele>
        <time>2025-03-21T14:02:05.000Z</time>
        <extensions>
          <ns3:TrackPointExtension>
            <ns3:hr>162</ns3:hr>
            <ns3:cad>93</ns3:cad>
          </ns3:TrackPointExtension>
        </extensions>
      </trkpt>
      <trkpt lat="30.43537664227187633514404296875" lon="120.26867651380598545074462890625">
        <ele>5</ele>
        <time>2025-03-21T14:02:06.000Z</time>
        <extensions>
          <ns3:TrackPointExtension>
            <ns3:hr>161</ns3:hr>
            <ns3:cad>93</ns3:cad>
          </ns3:TrackPointExtension>
        </extensions>
      </trkpt>
      <trkpt lat="30.43535585515201091766357421875" lon="120.26869076304137706756591796875">
        <ele>5</ele>
        <time>2025-03-21T14:02:07.000Z</time>
        <extensions>
          <ns3:TrackPointExtension>
            <ns3:hr>161</ns3:hr>
            <ns3:cad>93</ns3:cad>
          </ns3:TrackPointExtension>
        </extensions>
      </trkpt>
      <trkpt lat="30.435335822403430938720703125" lon="120.2687050960958003997802734375">
        <ele>5</ele>
        <time>2025-03-21T14:02:08.000Z</time>
        <extensions>
          <ns3:TrackPointExtension>
            <ns3:hr>161</ns3:hr>
            <ns3:cad>91</ns3:cad>
          </ns3:TrackPointExtension>
        </extensions>
      </trkpt>
      <trkpt lat="30.43531612493097782135009765625" lon="120.26872328482568264007568359375">
        <ele>5</ele>
        <time>2025-03-21T14:02:09.000Z</time>
        <extensions>
          <ns3:TrackPointExtension>
            <ns3:hr>161</ns3:hr>
            <ns3:cad>91</ns3:cad>
          </ns3:TrackPointExtension>
        </extensions>
      </trkpt>
      <trkpt lat="30.4352957569062709808349609375" lon="120.2687394618988037109375">
        <ele>5</ele>
        <time>2025-03-21T14:02:10.000Z</time>
        <extensions>
          <ns3:TrackPointExtension>
            <ns3:hr>161</ns3:hr>
            <ns3:cad>93</ns3:cad>
          </ns3:TrackPointExtension>
        </extensions>
      </trkpt>
      <trkpt lat="30.4352736286818981170654296875" lon="120.2687553875148296356201171875">
        <ele>5</ele>
        <time>2025-03-21T14:02:11.000Z</time>
        <extensions>
          <ns3:TrackPointExtension>
            <ns3:hr>161</ns3:hr>
            <ns3:cad>93</ns3:cad>
          </ns3:TrackPointExtension>
        </extensions>
      </trkpt>
      <trkpt lat="30.43525091372430324554443359375" lon="120.26877156458795070648193359375">
        <ele>5</ele>
        <time>2025-03-21T14:02:12.000Z</time>
        <extensions>
          <ns3:TrackPointExtension>
            <ns3:hr>161</ns3:hr>
            <ns3:cad>93</ns3:cad>
          </ns3:TrackPointExtension>
        </extensions>
      </trkpt>
      <trkpt lat="30.435228534042835235595703125" lon="120.268788747489452362060546875">
        <ele>5</ele>
        <time>2025-03-21T14:02:13.000Z</time>
        <extensions>
          <ns3:TrackPointExtension>
            <ns3:hr>161</ns3:hr>
            <ns3:cad>91</ns3:cad>
          </ns3:TrackPointExtension>
        </extensions>
      </trkpt>
      <trkpt lat="30.43520766310393810272216796875" lon="120.2688066847622394561767578125">
        <ele>5.19999980926513671875</ele>
        <time>2025-03-21T14:02:14.000Z</time>
        <extensions>
          <ns3:TrackPointExtension>
            <ns3:hr>161</ns3:hr>
            <ns3:cad>90</ns3:cad>
          </ns3:TrackPointExtension>
        </extensions>
      </trkpt>
      <trkpt lat="30.43518654070794582366943359375" lon="120.26882403530180454254150390625">
        <ele>5.19999980926513671875</ele>
        <time>2025-03-21T14:02:15.000Z</time>
        <extensions>
          <ns3:TrackPointExtension>
            <ns3:hr>162</ns3:hr>
            <ns3:cad>90</ns3:cad>
          </ns3:TrackPointExtension>
        </extensions>
      </trkpt>
      <trkpt lat="30.43516692705452442169189453125" lon="120.26883325539529323577880859375">
        <ele>5.19999980926513671875</ele>
        <time>2025-03-21T14:02:16.000Z</time>
        <extensions>
          <ns3:TrackPointExtension>
            <ns3:hr>162</ns3:hr>
            <ns3:cad>90</ns3:cad>
          </ns3:TrackPointExtension>
        </extensions>
      </trkpt>
      <trkpt lat="30.43513876385986804962158203125" lon="120.2688485942780971527099609375">
        <ele>5.19999980926513671875</ele>
        <time>2025-03-21T14:02:17.000Z</time>
        <extensions>
          <ns3:TrackPointExtension>
            <ns3:hr>162</ns3:hr>
            <ns3:cad>90</ns3:cad>
          </ns3:TrackPointExtension>
        </extensions>
      </trkpt>
      <trkpt lat="30.43511621654033660888671875" lon="120.268863178789615631103515625">
        <ele>5.19999980926513671875</ele>
        <time>2025-03-21T14:02:18.000Z</time>
        <extensions>
          <ns3:TrackPointExtension>
            <ns3:hr>162</ns3:hr>
            <ns3:cad>90</ns3:cad>
          </ns3:TrackPointExtension>
        </extensions>
      </trkpt>
      <trkpt lat="30.435095094144344329833984375" lon="120.268877930939197540283203125">
        <ele>5.19999980926513671875</ele>
        <time>2025-03-21T14:02:19.000Z</time>
        <extensions>
          <ns3:TrackPointExtension>
            <ns3:hr>162</ns3:hr>
            <ns3:cad>90</ns3:cad>
          </ns3:TrackPointExtension>
        </extensions>
      </trkpt>
      <trkpt lat="30.43507405556738376617431640625" lon="120.26889243163168430328369140625">
        <ele>5.19999980926513671875</ele>
        <time>2025-03-21T14:02:20.000Z</time>
        <extensions>
          <ns3:TrackPointExtension>
            <ns3:hr>162</ns3:hr>
            <ns3:cad>90</ns3:cad>
          </ns3:TrackPointExtension>
        </extensions>
      </trkpt>
      <trkpt lat="30.43505142442882061004638671875" lon="120.26890777051448822021484375">
        <ele>5.19999980926513671875</ele>
        <time>2025-03-21T14:02:21.000Z</time>
        <extensions>
          <ns3:TrackPointExtension>
            <ns3:hr>162</ns3:hr>
            <ns3:cad>90</ns3:cad>
          </ns3:TrackPointExtension>
        </extensions>
      </trkpt>
      <trkpt lat="30.4350282065570354461669921875" lon="120.26892361231148242950439453125">
        <ele>5.19999980926513671875</ele>
        <time>2025-03-21T14:02:22.000Z</time>
        <extensions>
          <ns3:TrackPointExtension>
            <ns3:hr>162</ns3:hr>
            <ns3:cad>92</ns3:cad>
          </ns3:TrackPointExtension>
        </extensions>
      </trkpt>
      <trkpt lat="30.43500867672264575958251953125" lon="120.2689411304891109466552734375">
        <ele>5</ele>
        <time>2025-03-21T14:02:23.000Z</time>
        <extensions>
          <ns3:TrackPointExtension>
            <ns3:hr>162</ns3:hr>
            <ns3:cad>92</ns3:cad>
          </ns3:TrackPointExtension>
        </extensions>
      </trkpt>
      <trkpt lat="30.43499258346855640411376953125" lon="120.2689528651535511016845703125">
        <ele>5</ele>
        <time>2025-03-21T14:02:24.000Z</time>
        <extensions>
          <ns3:TrackPointExtension>
            <ns3:hr>162</ns3:hr>
            <ns3:cad>92</ns3:cad>
          </ns3:TrackPointExtension>
        </extensions>
      </trkpt>
      <trkpt lat="30.434965007007122039794921875" lon="120.26897071860730648040771484375">
        <ele>4.80000019073486328125</ele>
        <time>2025-03-21T14:02:25.000Z</time>
        <extensions>
          <ns3:TrackPointExtension>
            <ns3:hr>163</ns3:hr>
            <ns3:cad>92</ns3:cad>
          </ns3:TrackPointExtension>
        </extensions>
      </trkpt>
      <trkpt lat="30.4349413700401782989501953125" lon="120.26898555457592010498046875">
        <ele>4.80000019073486328125</ele>
        <time>2025-03-21T14:02:26.000Z</time>
        <extensions>
          <ns3:TrackPointExtension>
            <ns3:hr>163</ns3:hr>
            <ns3:cad>91</ns3:cad>
          </ns3:TrackPointExtension>
        </extensions>
      </trkpt>
      <trkpt lat="30.4349205829203128814697265625" lon="120.26900005526840686798095703125">
        <ele>4.599999904632568359375</ele>
        <time>2025-03-21T14:02:27.000Z</time>
        <extensions>
          <ns3:TrackPointExtension>
            <ns3:hr>163</ns3:hr>
            <ns3:cad>91</ns3:cad>
          </ns3:TrackPointExtension>
        </extensions>
      </trkpt>
      <trkpt lat="30.434898622334003448486328125" lon="120.26901396922767162322998046875">
        <ele>4.599999904632568359375</ele>
        <time>2025-03-21T14:02:28.000Z</time>
        <extensions>
          <ns3:TrackPointExtension>
            <ns3:hr>164</ns3:hr>
            <ns3:cad>92</ns3:cad>
          </ns3:TrackPointExtension>
        </extensions>
      </trkpt>
      <trkpt lat="30.434878170490264892578125" lon="120.26902721263468265533447265625">
        <ele>4.599999904632568359375</ele>
        <time>2025-03-21T14:02:29.000Z</time>
        <extensions>
          <ns3:TrackPointExtension>
            <ns3:hr>164</ns3:hr>
            <ns3:cad>93</ns3:cad>
          </ns3:TrackPointExtension>
        </extensions>
      </trkpt>
      <trkpt lat="30.4348622448742389678955078125" lon="120.26904079131782054901123046875">
        <ele>4.599999904632568359375</ele>
        <time>2025-03-21T14:02:30.000Z</time>
        <extensions>
          <ns3:TrackPointExtension>
            <ns3:hr>164</ns3:hr>
            <ns3:cad>93</ns3:cad>
          </ns3:TrackPointExtension>
        </extensions>
      </trkpt>
      <trkpt lat="30.4348360933363437652587890625" lon="120.26906090788543224334716796875">
        <ele>4.599999904632568359375</ele>
        <time>2025-03-21T14:02:31.000Z</time>
        <extensions>
          <ns3:TrackPointExtension>
            <ns3:hr>164</ns3:hr>
            <ns3:cad>93</ns3:cad>
          </ns3:TrackPointExtension>
        </extensions>
      </trkpt>
      <trkpt lat="30.43481438420712947845458984375" lon="120.26907750405371189117431640625">
        <ele>4.599999904632568359375</ele>
        <time>2025-03-21T14:02:32.000Z</time>
        <extensions>
          <ns3:TrackPointExtension>
            <ns3:hr>164</ns3:hr>
            <ns3:cad>92</ns3:cad>
          </ns3:TrackPointExtension>
        </extensions>
      </trkpt>
      <trkpt lat="30.4347938485443592071533203125" lon="120.2690916694700717926025390625">
        <ele>4.599999904632568359375</ele>
        <time>2025-03-21T14:02:33.000Z</time>
        <extensions>
          <ns3:TrackPointExtension>
            <ns3:hr>164</ns3:hr>
            <ns3:cad>92</ns3:cad>
          </ns3:TrackPointExtension>
        </extensions>
      </trkpt>
      <trkpt lat="30.43477364815771579742431640625" lon="120.26910700835287570953369140625">
        <ele>4.599999904632568359375</ele>
        <time>2025-03-21T14:02:34.000Z</time>
        <extensions>
          <ns3:TrackPointExtension>
            <ns3:hr>164</ns3:hr>
            <ns3:cad>93</ns3:cad>
          </ns3:TrackPointExtension>
        </extensions>
      </trkpt>
      <trkpt lat="30.43475436978042125701904296875" lon="120.269123017787933349609375">
        <ele>4.599999904632568359375</ele>
        <time>2025-03-21T14:02:35.000Z</time>
        <extensions>
          <ns3:TrackPointExtension>
            <ns3:hr>164</ns3:hr>
            <ns3:cad>93</ns3:cad>
          </ns3:TrackPointExtension>
        </extensions>
      </trkpt>
      <trkpt lat="30.43473400175571441650390625" lon="120.26913919486105442047119140625">
        <ele>4.599999904632568359375</ele>
        <time>2025-03-21T14:02:36.000Z</time>
        <extensions>
          <ns3:TrackPointExtension>
            <ns3:hr>164</ns3:hr>
            <ns3:cad>92</ns3:cad>
          </ns3:TrackPointExtension>
        </extensions>
      </trkpt>
      <trkpt lat="30.4347107000648975372314453125" lon="120.26915361173450946807861328125">
        <ele>4.599999904632568359375</ele>
        <time>2025-03-21T14:02:37.000Z</time>
        <extensions>
          <ns3:TrackPointExtension>
            <ns3:hr>163</ns3:hr>
            <ns3:cad>91</ns3:cad>
          </ns3:TrackPointExtension>
        </extensions>
      </trkpt>
      <trkpt lat="30.43468446470797061920166015625" lon="120.26916526257991790771484375">
        <ele>4.80000019073486328125</ele>
        <time>2025-03-21T14:02:38.000Z</time>
        <extensions>
          <ns3:TrackPointExtension>
            <ns3:hr>163</ns3:hr>
            <ns3:cad>90</ns3:cad>
          </ns3:TrackPointExtension>
        </extensions>
      </trkpt>
      <trkpt lat="30.4346644319593906402587890625" lon="120.26917540468275547027587890625">
        <ele>4.599999904632568359375</ele>
        <time>2025-03-21T14:02:39.000Z</time>
        <extensions>
          <ns3:TrackPointExtension>
            <ns3:hr>163</ns3:hr>
            <ns3:cad>90</ns3:cad>
          </ns3:TrackPointExtension>
        </extensions>
      </trkpt>
      <trkpt lat="30.43463769368827342987060546875" lon="120.26918697170913219451904296875">
        <ele>4.400000095367431640625</ele>
        <time>2025-03-21T14:02:40.000Z</time>
        <extensions>
          <ns3:TrackPointExtension>
            <ns3:hr>163</ns3:hr>
            <ns3:cad>90</ns3:cad>
          </ns3:TrackPointExtension>
        </extensions>
      </trkpt>
      <trkpt lat="30.43461690656840801239013671875" lon="120.2691999636590480804443359375">
        <ele>4.400000095367431640625</ele>
        <time>2025-03-21T14:02:41.000Z</time>
        <extensions>
          <ns3:TrackPointExtension>
            <ns3:hr>162</ns3:hr>
            <ns3:cad>90</ns3:cad>
          </ns3:TrackPointExtension>
        </extensions>
      </trkpt>
      <trkpt lat="30.43459544889628887176513671875" lon="120.26921488344669342041015625">
        <ele>4.19999980926513671875</ele>
        <time>2025-03-21T14:02:42.000Z</time>
        <extensions>
          <ns3:TrackPointExtension>
            <ns3:hr>162</ns3:hr>
            <ns3:cad>90</ns3:cad>
          </ns3:TrackPointExtension>
        </extensions>
      </trkpt>
      <trkpt lat="30.434577427804470062255859375" lon="120.269227288663387298583984375">
        <ele>4.19999980926513671875</ele>
        <time>2025-03-21T14:02:43.000Z</time>
        <extensions>
          <ns3:TrackPointExtension>
            <ns3:hr>162</ns3:hr>
            <ns3:cad>90</ns3:cad>
          </ns3:TrackPointExtension>
        </extensions>
      </trkpt>
      <trkpt lat="30.4345708899199962615966796875" lon="120.269235335290431976318359375">
        <ele>4</ele>
        <time>2025-03-21T14:02:44.000Z</time>
        <extensions>
          <ns3:TrackPointExtension>
            <ns3:hr>163</ns3:hr>
            <ns3:cad>90</ns3:cad>
          </ns3:TrackPointExtension>
        </extensions>
      </trkpt>
      <trkpt lat="30.43455605395138263702392578125" lon="120.26924799196422100067138671875">
        <ele>4</ele>
        <time>2025-03-21T14:02:45.000Z</time>
        <extensions>
          <ns3:TrackPointExtension>
            <ns3:hr>164</ns3:hr>
            <ns3:cad>91</ns3:cad>
          </ns3:TrackPointExtension>
        </extensions>
      </trkpt>
      <trkpt lat="30.43454247526824474334716796875" lon="120.2692572958767414093017578125">
        <ele>4.19999980926513671875</ele>
        <time>2025-03-21T14:02:46.000Z</time>
        <extensions>
          <ns3:TrackPointExtension>
            <ns3:hr>164</ns3:hr>
            <ns3:cad>91</ns3:cad>
          </ns3:TrackPointExtension>
        </extensions>
      </trkpt>
      <trkpt lat="30.43452487327158451080322265625" lon="120.269267857074737548828125">
        <ele>4.19999980926513671875</ele>
        <time>2025-03-21T14:02:47.000Z</time>
        <extensions>
          <ns3:TrackPointExtension>
            <ns3:hr>164</ns3:hr>
            <ns3:cad>91</ns3:cad>
          </ns3:TrackPointExtension>
        </extensions>
      </trkpt>
      <trkpt lat="30.43450391851365566253662109375" lon="120.26928059756755828857421875">
        <ele>4.400000095367431640625</ele>
        <time>2025-03-21T14:02:48.000Z</time>
        <extensions>
          <ns3:TrackPointExtension>
            <ns3:hr>164</ns3:hr>
            <ns3:cad>91</ns3:cad>
          </ns3:TrackPointExtension>
        </extensions>
      </trkpt>
      <trkpt lat="30.43448162265121936798095703125" lon="120.26929090730845928192138671875">
        <ele>4.400000095367431640625</ele>
        <time>2025-03-21T14:02:49.000Z</time>
        <extensions>
          <ns3:TrackPointExtension>
            <ns3:hr>164</ns3:hr>
            <ns3:cad>91</ns3:cad>
          </ns3:TrackPointExtension>
        </extensions>
      </trkpt>
      <trkpt lat="30.43446251191198825836181640625" lon="120.26930515654385089874267578125">
        <ele>4.599999904632568359375</ele>
        <time>2025-03-21T14:02:50.000Z</time>
        <extensions>
          <ns3:TrackPointExtension>
            <ns3:hr>163</ns3:hr>
            <ns3:cad>91</ns3:cad>
          </ns3:TrackPointExtension>
        </extensions>
      </trkpt>
      <trkpt lat="30.43444239534437656402587890625" lon="120.26932158507406711578369140625">
        <ele>4.80000019073486328125</ele>
        <time>2025-03-21T14:02:51.000Z</time>
        <extensions>
          <ns3:TrackPointExtension>
            <ns3:hr>162</ns3:hr>
            <ns3:cad>91</ns3:cad>
          </ns3:TrackPointExtension>
        </extensions>
      </trkpt>
      <trkpt lat="30.43441842310130596160888671875" lon="120.2693337388336658477783203125">
        <ele>4.80000019073486328125</ele>
        <time>2025-03-21T14:02:52.000Z</time>
        <extensions>
          <ns3:TrackPointExtension>
            <ns3:hr>161</ns3:hr>
            <ns3:cad>92</ns3:cad>
          </ns3:TrackPointExtension>
        </extensions>
      </trkpt>
      <trkpt lat="30.4343948699533939361572265625" lon="120.269347988069057464599609375">
        <ele>5</ele>
        <time>2025-03-21T14:02:53.000Z</time>
        <extensions>
          <ns3:TrackPointExtension>
            <ns3:hr>161</ns3:hr>
            <ns3:cad>92</ns3:cad>
          </ns3:TrackPointExtension>
        </extensions>
      </trkpt>
      <trkpt lat="30.43437651358544826507568359375" lon="120.2693605609238147735595703125">
        <ele>5</ele>
        <time>2025-03-21T14:02:54.000Z</time>
        <extensions>
          <ns3:TrackPointExtension>
            <ns3:hr>161</ns3:hr>
            <ns3:cad>92</ns3:cad>
          </ns3:TrackPointExtension>
        </extensions>
      </trkpt>
      <trkpt lat="30.43435304425656795501708984375" lon="120.2693759836256504058837890625">
        <ele>5</ele>
        <time>2025-03-21T14:02:55.000Z</time>
        <extensions>
          <ns3:TrackPointExtension>
            <ns3:hr>161</ns3:hr>
            <ns3:cad>93</ns3:cad>
          </ns3:TrackPointExtension>
        </extensions>
      </trkpt>
      <trkpt lat="30.43433410115540027618408203125" lon="120.26938998140394687652587890625">
        <ele>5</ele>
        <time>2025-03-21T14:02:56.000Z</time>
        <extensions>
          <ns3:TrackPointExtension>
            <ns3:hr>161</ns3:hr>
            <ns3:cad>93</ns3:cad>
          </ns3:TrackPointExtension>
        </extensions>
      </trkpt>
      <trkpt lat="30.43431448750197887420654296875" lon="120.2694051526486873626708984375">
        <ele>5.19999980926513671875</ele>
        <time>2025-03-21T14:02:57.000Z</time>
        <extensions>
          <ns3:TrackPointExtension>
            <ns3:hr>161</ns3:hr>
            <ns3:cad>92</ns3:cad>
          </ns3:TrackPointExtension>
        </extensions>
      </trkpt>
      <trkpt lat="30.43429839424788951873779296875" lon="120.2694182284176349639892578125">
        <ele>5.19999980926513671875</ele>
        <time>2025-03-21T14:02:58.000Z</time>
        <extensions>
          <ns3:TrackPointExtension>
            <ns3:hr>161</ns3:hr>
            <ns3:cad>92</ns3:cad>
          </ns3:TrackPointExtension>
        </extensions>
      </trkpt>
      <trkpt lat="30.43428515084087848663330078125" lon="120.269426442682743072509765625">
        <ele>5.19999980926513671875</ele>
        <time>2025-03-21T14:02:59.000Z</time>
        <extensions>
          <ns3:TrackPointExtension>
            <ns3:hr>161</ns3:hr>
            <ns3:cad>92</ns3:cad>
          </ns3:TrackPointExtension>
        </extensions>
      </trkpt>
      <trkpt lat="30.43427425436675548553466796875" lon="120.2694349922239780426025390625">
        <ele>5.19999980926513671875</ele>
        <time>2025-03-21T14:03:00.000Z</time>
        <extensions>
          <ns3:TrackPointExtension>
            <ns3:hr>161</ns3:hr>
            <ns3:cad>92</ns3:cad>
          </ns3:TrackPointExtension>
        </extensions>
      </trkpt>
      <trkpt lat="30.43426251970231533050537109375" lon="120.26944312267005443572998046875">
        <ele>5.19999980926513671875</ele>
        <time>2025-03-21T14:03:01.000Z</time>
        <extensions>
          <ns3:TrackPointExtension>
            <ns3:hr>161</ns3:hr>
            <ns3:cad>0</ns3:cad>
          </ns3:TrackPointExtension>
        </extensions>
      </trkpt>
      <trkpt lat="30.434254221618175506591796875" lon="120.26945418678224086761474609375">
        <ele>5.400000095367431640625</ele>
        <time>2025-03-21T14:03:02.000Z</time>
        <extensions>
          <ns3:TrackPointExtension>
            <ns3:hr>161</ns3:hr>
            <ns3:cad>0</ns3:cad>
          </ns3:TrackPointExtension>
        </extensions>
      </trkpt>
      <trkpt lat="30.434250533580780029296875" lon="120.269464664161205291748046875">
        <ele>5.400000095367431640625</ele>
        <time>2025-03-21T14:03:03.000Z</time>
        <extensions>
          <ns3:TrackPointExtension>
            <ns3:hr>161</ns3:hr>
            <ns3:cad>0</ns3:cad>
          </ns3:TrackPointExtension>
        </extensions>
      </trkpt>
      <trkpt lat="30.43424424715340137481689453125" lon="120.2694769017398357391357421875">
        <ele>5.400000095367431640625</ele>
        <time>2025-03-21T14:03:04.000Z</time>
        <extensions>
          <ns3:TrackPointExtension>
            <ns3:hr>161</ns3:hr>
            <ns3:cad>0</ns3:cad>
          </ns3:TrackPointExtension>
        </extensions>
      </trkpt>
      <trkpt lat="30.4342356137931346893310546875" lon="120.2694810926914215087890625">
        <ele>5.400000095367431640625</ele>
        <time>2025-03-21T14:03:05.000Z</time>
        <extensions>
          <ns3:TrackPointExtension>
            <ns3:hr>160</ns3:hr>
            <ns3:cad>0</ns3:cad>
          </ns3:TrackPointExtension>
        </extensions>
      </trkpt>
      <trkpt lat="30.43422010727226734161376953125" lon="120.2694872952997684478759765625">
        <ele>5.400000095367431640625</ele>
        <time>2025-03-21T14:03:06.000Z</time>
        <extensions>
          <ns3:TrackPointExtension>
            <ns3:hr>160</ns3:hr>
            <ns3:cad>0</ns3:cad>
          </ns3:TrackPointExtension>
        </extensions>
      </trkpt>
      <trkpt lat="30.43420636095106601715087890625" lon="120.269490815699100494384765625">
        <ele>5.400000095367431640625</ele>
        <time>2025-03-21T14:03:07.000Z</time>
        <extensions>
          <ns3:TrackPointExtension>
            <ns3:hr>160</ns3:hr>
            <ns3:cad>0</ns3:cad>
          </ns3:TrackPointExtension>
        </extensions>
      </trkpt>
      <trkpt lat="30.43419353663921356201171875" lon="120.26950053870677947998046875">
        <ele>5.400000095367431640625</ele>
        <time>2025-03-21T14:03:08.000Z</time>
        <extensions>
          <ns3:TrackPointExtension>
            <ns3:hr>160</ns3:hr>
            <ns3:cad>0</ns3:cad>
          </ns3:TrackPointExtension>
        </extensions>
      </trkpt>
      <trkpt lat="30.43418339453637599945068359375" lon="120.26951017789542675018310546875">
        <ele>5.599999904632568359375</ele>
        <time>2025-03-21T14:03:09.000Z</time>
        <extensions>
          <ns3:TrackPointExtension>
            <ns3:hr>160</ns3:hr>
            <ns3:cad>63</ns3:cad>
          </ns3:TrackPointExtension>
        </extensions>
      </trkpt>
      <trkpt lat="30.43417342007160186767578125" lon="120.26951822452247142791748046875">
        <ele>5.599999904632568359375</ele>
        <time>2025-03-21T14:03:10.000Z</time>
        <extensions>
          <ns3:TrackPointExtension>
            <ns3:hr>160</ns3:hr>
            <ns3:cad>63</ns3:cad>
          </ns3:TrackPointExtension>
        </extensions>
      </trkpt>
      <trkpt lat="30.43415992520749568939208984375" lon="120.269526354968547821044921875">
        <ele>5.599999904632568359375</ele>
        <time>2025-03-21T14:03:11.000Z</time>
        <extensions>
          <ns3:TrackPointExtension>
            <ns3:hr>160</ns3:hr>
            <ns3:cad>63</ns3:cad>
          </ns3:TrackPointExtension>
        </extensions>
      </trkpt>
      <trkpt lat="30.4341504536569118499755859375" lon="120.26953213848173618316650390625">
        <ele>5.599999904632568359375</ele>
        <time>2025-03-21T14:03:12.000Z</time>
        <extensions>
          <ns3:TrackPointExtension>
            <ns3:hr>159</ns3:hr>
            <ns3:cad>63</ns3:cad>
          </ns3:TrackPointExtension>
        </extensions>
      </trkpt>
      <trkpt lat="30.4341397248208522796630859375" lon="120.2695432864129543304443359375">
        <ele>5.599999904632568359375</ele>
        <time>2025-03-21T14:03:13.000Z</time>
        <extensions>
          <ns3:TrackPointExtension>
            <ns3:hr>159</ns3:hr>
            <ns3:cad>63</ns3:cad>
          </ns3:TrackPointExtension>
        </extensions>
      </trkpt>
      <trkpt lat="30.43412807397544384002685546875" lon="120.26955393142998218536376953125">
        <ele>5.599999904632568359375</ele>
        <time>2025-03-21T14:03:14.000Z</time>
        <extensions>
          <ns3:TrackPointExtension>
            <ns3:hr>159</ns3:hr>
            <ns3:cad>63</ns3:cad>
          </ns3:TrackPointExtension>
        </extensions>
      </trkpt>
    </trkseg>
  </trk>
</gpx>
