<gpx xmlns:ns3="http://www.garmin.com/xmlschemas/TrackPointExtension/v1" xmlns="http://www.topografix.com/GPX/1/1" xmlns:xsi="http://www.w3.org/2001/XMLSchema-instance" xmlns:ns2="http://www.garmin.com/xmlschemas/GpxExtensions/v3" creator="Garmin Connect" version="1.1" xsi:schemaLocation="http://www.topografix.com/GPX/1/1 http://www.topografix.com/GPX/11.xsd">
  <extensions>
<distance>4520.05</distance>
<average_hr>141.0</average_hr>
<average_speed>2.3989999294281006</average_speed>
<start_time>2026-01-13T13:33:48+00:00</start_time>
<end_time>2026-01-13T14:05:12.436000+00:00</end_time>
<moving_time>1875.954</moving_time>
<elapsed_time>2132.431</elapsed_time>
</extensions>
<metadata>
    <link href="connect.garmin.com">
      <text>Garmin Connect</text>
    </link>
    <time>2026-01-13T13:33:48.000Z</time>
  </metadata>
  <trk>
    <name>杭州市 跑步</name>
    <type>running</type>
    <trkseg>
      <trkpt lat="30.43258094228804111480712890625" lon="120.2679349668323993682861328125">
        <ele>6.400000095367431640625</ele>
        <time>2026-01-13T13:33:48.000Z</time>
        <extensions>
          <ns3:TrackPointExtension>
            <ns3:hr>109</ns3:hr>
            <ns3:cad>60</ns3:cad>
          </ns3:TrackPointExtension>
        </extensions>
      </trkpt>
      <trkpt lat="30.43256551958620548248291015625" lon="120.26793790049850940704345703125">
        <ele>6.400000095367431640625</ele>
        <time>2026-01-13T13:33:49.000Z</time>
        <extensions>
          <ns3:TrackPointExtension>
            <ns3:hr>109</ns3:hr>
            <ns3:cad>60</ns3:cad>
          </ns3:TrackPointExtension>
        </extensions>
      </trkpt>
      <trkpt lat="30.43254439719021320343017578125" lon="120.26794393546879291534423828125">
        <ele>6.599999904632568359375</ele>
        <time>2026-01-13T13:33:50.000Z</time>
        <extensions>
          <ns3:TrackPointExtension>
            <ns3:hr>108</ns3:hr>
            <ns3:cad>60</ns3:cad>
          </ns3:TrackPointExtension>
        </extensions>
      </trkpt>
      <trkpt lat="30.43252947740256786346435546875" lon="120.2679493837058544158935546875">
        <ele>6.599999904632568359375</ele>
        <time>2026-01-13T13:33:51.000Z</time>
        <extensions>
          <ns3:TrackPointExtension>
            <ns3:hr>108</ns3:hr>
            <ns3:cad>60</ns3:cad>
          </ns3:TrackPointExtension>
        </extensions>
      </trkpt>
      <trkpt lat="30.432516150176525115966796875" lon="120.26794879697263240814208984375">
        <ele>6.599999904632568359375</ele>
        <time>2026-01-13T13:33:52.000Z</time>
        <extensions>
          <ns3:TrackPointExtension>
            <ns3:hr>108</ns3:hr>
            <ns3:cad>60</ns3:cad>
          </ns3:TrackPointExtension>
        </extensions>
      </trkpt>
      <trkpt lat="30.4324977099895477294921875" lon="120.267945863306522369384765625">
        <ele>6.80000019073486328125</ele>
        <time>2026-01-13T13:33:53.000Z</time>
        <extensions>
          <ns3:TrackPointExtension>
            <ns3:hr>108</ns3:hr>
            <ns3:cad>60</ns3:cad>
          </ns3:TrackPointExtension>
        </extensions>
      </trkpt>
      <trkpt lat="30.43248455040156841278076171875" lon="120.26794125325977802276611328125">
        <ele>6.80000019073486328125</ele>
        <time>2026-01-13T13:33:54.000Z</time>
        <extensions>
          <ns3:TrackPointExtension>
            <ns3:hr>108</ns3:hr>
            <ns3:cad>0</ns3:cad>
          </ns3:TrackPointExtension>
        </extensions>
      </trkpt>
      <trkpt lat="30.432476587593555450439453125" lon="120.26794309727847576141357421875">
        <ele>6.80000019073486328125</ele>
        <time>2026-01-13T13:33:55.000Z</time>
        <extensions>
          <ns3:TrackPointExtension>
            <ns3:hr>108</ns3:hr>
            <ns3:cad>0</ns3:cad>
          </ns3:TrackPointExtension>
        </extensions>
      </trkpt>
      <trkpt lat="30.43246409855782985687255859375" lon="120.2679416723549365997314453125">
        <ele>6.80000019073486328125</ele>
        <time>2026-01-13T13:33:56.000Z</time>
        <extensions>
          <ns3:TrackPointExtension>
            <ns3:hr>108</ns3:hr>
            <ns3:cad>0</ns3:cad>
          </ns3:TrackPointExtension>
        </extensions>
      </trkpt>
      <trkpt lat="30.432453788816928863525390625" lon="120.26793555356562137603759765625">
        <ele>6.80000019073486328125</ele>
        <time>2026-01-13T13:33:57.000Z</time>
        <extensions>
          <ns3:TrackPointExtension>
            <ns3:hr>108</ns3:hr>
            <ns3:cad>0</ns3:cad>
          </ns3:TrackPointExtension>
        </extensions>
      </trkpt>
      <trkpt lat="30.43244968168437480926513671875" lon="120.26792666874825954437255859375">
        <ele>6.80000019073486328125</ele>
        <time>2026-01-13T13:33:58.000Z</time>
        <extensions>
          <ns3:TrackPointExtension>
            <ns3:hr>108</ns3:hr>
            <ns3:cad>0</ns3:cad>
          </ns3:TrackPointExtension>
        </extensions>
      </trkpt>
      <trkpt lat="30.4324546270072460174560546875" lon="120.26791711337864398956298828125">
        <ele>6.80000019073486328125</ele>
        <time>2026-01-13T13:33:59.000Z</time>
        <extensions>
          <ns3:TrackPointExtension>
            <ns3:hr>108</ns3:hr>
            <ns3:cad>0</ns3:cad>
          </ns3:TrackPointExtension>
        </extensions>
      </trkpt>
      <trkpt lat="30.432449765503406524658203125" lon="120.2679118327796459197998046875">
        <ele>6.80000019073486328125</ele>
        <time>2026-01-13T13:34:00.000Z</time>
        <extensions>
          <ns3:TrackPointExtension>
            <ns3:hr>108</ns3:hr>
            <ns3:cad>0</ns3:cad>
          </ns3:TrackPointExtension>
        </extensions>
      </trkpt>
      <trkpt lat="30.43239100836217403411865234375" lon="120.26775701902806758880615234375">
        <ele>6.400000095367431640625</ele>
        <time>2026-01-13T13:34:07.000Z</time>
        <extensions>
          <ns3:TrackPointExtension>
            <ns3:hr>105</ns3:hr>
            <ns3:cad>90</ns3:cad>
          </ns3:TrackPointExtension>
        </extensions>
      </trkpt>
      <trkpt lat="30.4323741607367992401123046875" lon="120.26773807592689990997314453125">
        <ele>6.400000095367431640625</ele>
        <time>2026-01-13T13:34:08.000Z</time>
        <extensions>
          <ns3:TrackPointExtension>
            <ns3:hr>105</ns3:hr>
            <ns3:cad>90</ns3:cad>
          </ns3:TrackPointExtension>
        </extensions>
      </trkpt>
      <trkpt lat="30.4323480091989040374755859375" lon="120.26772248558700084686279296875">
        <ele>6.400000095367431640625</ele>
        <time>2026-01-13T13:34:09.000Z</time>
        <extensions>
          <ns3:TrackPointExtension>
            <ns3:hr>106</ns3:hr>
            <ns3:cad>92</ns3:cad>
          </ns3:TrackPointExtension>
        </extensions>
      </trkpt>
      <trkpt lat="30.4323221929371356964111328125" lon="120.26770236901938915252685546875">
        <ele>6.599999904632568359375</ele>
        <time>2026-01-13T13:34:10.000Z</time>
        <extensions>
          <ns3:TrackPointExtension>
            <ns3:hr>107</ns3:hr>
            <ns3:cad>93</ns3:cad>
          </ns3:TrackPointExtension>
        </extensions>
      </trkpt>
      <trkpt lat="30.432306937873363494873046875" lon="120.26768057607114315032958984375">
        <ele>6.400000095367431640625</ele>
        <time>2026-01-13T13:34:11.000Z</time>
        <extensions>
          <ns3:TrackPointExtension>
            <ns3:hr>109</ns3:hr>
            <ns3:cad>93</ns3:cad>
          </ns3:TrackPointExtension>
        </extensions>
      </trkpt>
      <trkpt lat="30.43229319155216217041015625" lon="120.267652831971645355224609375">
        <ele>6.19999980926513671875</ele>
        <time>2026-01-13T13:34:12.000Z</time>
        <extensions>
          <ns3:TrackPointExtension>
            <ns3:hr>112</ns3:hr>
            <ns3:cad>93</ns3:cad>
          </ns3:TrackPointExtension>
        </extensions>
      </trkpt>
      <trkpt lat="30.43227902613580226898193359375" lon="120.26762944646179676055908203125">
        <ele>6</ele>
        <time>2026-01-13T13:34:13.000Z</time>
        <extensions>
          <ns3:TrackPointExtension>
            <ns3:hr>114</ns3:hr>
            <ns3:cad>93</ns3:cad>
          </ns3:TrackPointExtension>
        </extensions>
      </trkpt>
      <trkpt lat="30.4322621785104274749755859375" lon="120.26760413311421871185302734375">
        <ele>5.80000019073486328125</ele>
        <time>2026-01-13T13:34:14.000Z</time>
        <extensions>
          <ns3:TrackPointExtension>
            <ns3:hr>116</ns3:hr>
            <ns3:cad>93</ns3:cad>
          </ns3:TrackPointExtension>
        </extensions>
      </trkpt>
      <trkpt lat="30.43225253932178020477294921875" lon="120.267577059566974639892578125">
        <ele>5.400000095367431640625</ele>
        <time>2026-01-13T13:34:15.000Z</time>
        <extensions>
          <ns3:TrackPointExtension>
            <ns3:hr>118</ns3:hr>
            <ns3:cad>93</ns3:cad>
          </ns3:TrackPointExtension>
        </extensions>
      </trkpt>
      <trkpt lat="30.4322455823421478271484375" lon="120.26755099184811115264892578125">
        <ele>5.19999980926513671875</ele>
        <time>2026-01-13T13:34:16.000Z</time>
        <extensions>
          <ns3:TrackPointExtension>
            <ns3:hr>121</ns3:hr>
            <ns3:cad>93</ns3:cad>
          </ns3:TrackPointExtension>
        </extensions>
      </trkpt>
      <trkpt lat="30.43223829008638858795166015625" lon="120.26752106845378875732421875">
        <ele>4.80000019073486328125</ele>
        <time>2026-01-13T13:34:17.000Z</time>
        <extensions>
          <ns3:TrackPointExtension>
            <ns3:hr>123</ns3:hr>
            <ns3:cad>95</ns3:cad>
          </ns3:TrackPointExtension>
        </extensions>
      </trkpt>
      <trkpt lat="30.43223024345934391021728515625" lon="120.26749382726848125457763671875">
        <ele>4.599999904632568359375</ele>
        <time>2026-01-13T13:34:18.000Z</time>
        <extensions>
          <ns3:TrackPointExtension>
            <ns3:hr>124</ns3:hr>
            <ns3:cad>95</ns3:cad>
          </ns3:TrackPointExtension>
        </extensions>
      </trkpt>
      <trkpt lat="30.43222202919423580169677734375" lon="120.26746734045445919036865234375">
        <ele>4.400000095367431640625</ele>
        <time>2026-01-13T13:34:19.000Z</time>
        <extensions>
          <ns3:TrackPointExtension>
            <ns3:hr>126</ns3:hr>
            <ns3:cad>95</ns3:cad>
          </ns3:TrackPointExtension>
        </extensions>
      </trkpt>
      <trkpt lat="30.4322145693004131317138671875" lon="120.26744018308818340301513671875">
        <ele>4.19999980926513671875</ele>
        <time>2026-01-13T13:34:20.000Z</time>
        <extensions>
          <ns3:TrackPointExtension>
            <ns3:hr>127</ns3:hr>
            <ns3:cad>95</ns3:cad>
          </ns3:TrackPointExtension>
        </extensions>
      </trkpt>
      <trkpt lat="30.4322061873972415924072265625" lon="120.26741051115095615386962890625">
        <ele>4</ele>
        <time>2026-01-13T13:34:21.000Z</time>
        <extensions>
          <ns3:TrackPointExtension>
            <ns3:hr>128</ns3:hr>
            <ns3:cad>94</ns3:cad>
          </ns3:TrackPointExtension>
        </extensions>
      </trkpt>
      <trkpt lat="30.432196967303752899169921875" lon="120.26738218031823635101318359375">
        <ele>4</ele>
        <time>2026-01-13T13:34:22.000Z</time>
        <extensions>
          <ns3:TrackPointExtension>
            <ns3:hr>128</ns3:hr>
            <ns3:cad>94</ns3:cad>
          </ns3:TrackPointExtension>
        </extensions>
      </trkpt>
      <trkpt lat="30.43218380771577358245849609375" lon="120.267357788980007171630859375">
        <ele>4</ele>
        <time>2026-01-13T13:34:23.000Z</time>
        <extensions>
          <ns3:TrackPointExtension>
            <ns3:hr>128</ns3:hr>
            <ns3:cad>94</ns3:cad>
          </ns3:TrackPointExtension>
        </extensions>
      </trkpt>
      <trkpt lat="30.432168133556842803955078125" lon="120.26733574457466602325439453125">
        <ele>4</ele>
        <time>2026-01-13T13:34:24.000Z</time>
        <extensions>
          <ns3:TrackPointExtension>
            <ns3:hr>128</ns3:hr>
            <ns3:cad>94</ns3:cad>
          </ns3:TrackPointExtension>
        </extensions>
      </trkpt>
      <trkpt lat="30.4321538843214511871337890625" lon="120.26731110177934169769287109375">
        <ele>4</ele>
        <time>2026-01-13T13:34:25.000Z</time>
        <extensions>
          <ns3:TrackPointExtension>
            <ns3:hr>128</ns3:hr>
            <ns3:cad>94</ns3:cad>
          </ns3:TrackPointExtension>
        </extensions>
      </trkpt>
      <trkpt lat="30.43214508332312107086181640625" lon="120.26728369295597076416015625">
        <ele>4</ele>
        <time>2026-01-13T13:34:26.000Z</time>
        <extensions>
          <ns3:TrackPointExtension>
            <ns3:hr>128</ns3:hr>
            <ns3:cad>94</ns3:cad>
          </ns3:TrackPointExtension>
        </extensions>
      </trkpt>
      <trkpt lat="30.43213100172579288482666015625" lon="120.2672602236270904541015625">
        <ele>4</ele>
        <time>2026-01-13T13:34:27.000Z</time>
        <extensions>
          <ns3:TrackPointExtension>
            <ns3:hr>128</ns3:hr>
            <ns3:cad>94</ns3:cad>
          </ns3:TrackPointExtension>
        </extensions>
      </trkpt>
      <trkpt lat="30.4321190156042575836181640625" lon="120.267233736813068389892578125">
        <ele>4</ele>
        <time>2026-01-13T13:34:28.000Z</time>
        <extensions>
          <ns3:TrackPointExtension>
            <ns3:hr>129</ns3:hr>
            <ns3:cad>93</ns3:cad>
          </ns3:TrackPointExtension>
        </extensions>
      </trkpt>
      <trkpt lat="30.43210920877754688262939453125" lon="120.2672080881893634796142578125">
        <ele>4</ele>
        <time>2026-01-13T13:34:29.000Z</time>
        <extensions>
          <ns3:TrackPointExtension>
            <ns3:hr>128</ns3:hr>
            <ns3:cad>93</ns3:cad>
          </ns3:TrackPointExtension>
        </extensions>
      </trkpt>
      <trkpt lat="30.43210032396018505096435546875" lon="120.26718369685113430023193359375">
        <ele>4</ele>
        <time>2026-01-13T13:34:30.000Z</time>
        <extensions>
          <ns3:TrackPointExtension>
            <ns3:hr>128</ns3:hr>
            <ns3:cad>92</ns3:cad>
          </ns3:TrackPointExtension>
        </extensions>
      </trkpt>
      <trkpt lat="30.43208791874349117279052734375" lon="120.267163328826427459716796875">
        <ele>4</ele>
        <time>2026-01-13T13:34:31.000Z</time>
        <extensions>
          <ns3:TrackPointExtension>
            <ns3:hr>129</ns3:hr>
            <ns3:cad>93</ns3:cad>
          </ns3:TrackPointExtension>
        </extensions>
      </trkpt>
      <trkpt lat="30.432075597345829010009765625" lon="120.26714011095464229583740234375">
        <ele>4</ele>
        <time>2026-01-13T13:34:32.000Z</time>
        <extensions>
          <ns3:TrackPointExtension>
            <ns3:hr>129</ns3:hr>
            <ns3:cad>94</ns3:cad>
          </ns3:TrackPointExtension>
        </extensions>
      </trkpt>
      <trkpt lat="30.43206243775784969329833984375" lon="120.2671185694634914398193359375">
        <ele>4</ele>
        <time>2026-01-13T13:34:33.000Z</time>
        <extensions>
          <ns3:TrackPointExtension>
            <ns3:hr>129</ns3:hr>
            <ns3:cad>94</ns3:cad>
          </ns3:TrackPointExtension>
        </extensions>
      </trkpt>
      <trkpt lat="30.4320546425879001617431640625" lon="120.2670940943062305450439453125">
        <ele>4</ele>
        <time>2026-01-13T13:34:34.000Z</time>
        <extensions>
          <ns3:TrackPointExtension>
            <ns3:hr>129</ns3:hr>
            <ns3:cad>94</ns3:cad>
          </ns3:TrackPointExtension>
        </extensions>
      </trkpt>
      <trkpt lat="30.432050786912441253662109375" lon="120.2670672722160816192626953125">
        <ele>4</ele>
        <time>2026-01-13T13:34:35.000Z</time>
        <extensions>
          <ns3:TrackPointExtension>
            <ns3:hr>129</ns3:hr>
            <ns3:cad>95</ns3:cad>
          </ns3:TrackPointExtension>
        </extensions>
      </trkpt>
      <trkpt lat="30.43205154128372669219970703125" lon="120.26704003103077411651611328125">
        <ele>4</ele>
        <time>2026-01-13T13:34:36.000Z</time>
        <extensions>
          <ns3:TrackPointExtension>
            <ns3:hr>129</ns3:hr>
            <ns3:cad>95</ns3:cad>
          </ns3:TrackPointExtension>
        </extensions>
      </trkpt>
      <trkpt lat="30.43205506168305873870849609375" lon="120.26700750924646854400634765625">
        <ele>4</ele>
        <time>2026-01-13T13:34:37.000Z</time>
        <extensions>
          <ns3:TrackPointExtension>
            <ns3:hr>130</ns3:hr>
            <ns3:cad>94</ns3:cad>
          </ns3:TrackPointExtension>
        </extensions>
      </trkpt>
      <trkpt lat="30.432058162987232208251953125" lon="120.2669780887663364410400390625">
        <ele>3.7999999523162841796875</ele>
        <time>2026-01-13T13:34:38.000Z</time>
        <extensions>
          <ns3:TrackPointExtension>
            <ns3:hr>130</ns3:hr>
            <ns3:cad>94</ns3:cad>
          </ns3:TrackPointExtension>
        </extensions>
      </trkpt>
      <trkpt lat="30.4320603422820568084716796875" lon="120.26694347150623798370361328125">
        <ele>3.7999999523162841796875</ele>
        <time>2026-01-13T13:34:39.000Z</time>
        <extensions>
          <ns3:TrackPointExtension>
            <ns3:hr>130</ns3:hr>
            <ns3:cad>94</ns3:cad>
          </ns3:TrackPointExtension>
        </extensions>
      </trkpt>
      <trkpt lat="30.43206461705267429351806640625" lon="120.2669115364551544189453125">
        <ele>3.599999904632568359375</ele>
        <time>2026-01-13T13:34:40.000Z</time>
        <extensions>
          <ns3:TrackPointExtension>
            <ns3:hr>130</ns3:hr>
            <ns3:cad>91</ns3:cad>
          </ns3:TrackPointExtension>
        </extensions>
      </trkpt>
      <trkpt lat="30.4320579953491687774658203125" lon="120.2668815292418003082275390625">
        <ele>3.599999904632568359375</ele>
        <time>2026-01-13T13:34:41.000Z</time>
        <extensions>
          <ns3:TrackPointExtension>
            <ns3:hr>131</ns3:hr>
            <ns3:cad>91</ns3:cad>
          </ns3:TrackPointExtension>
        </extensions>
      </trkpt>
      <trkpt lat="30.4320432431995868682861328125" lon="120.2668553777039051055908203125">
        <ele>3.400000095367431640625</ele>
        <time>2026-01-13T13:34:42.000Z</time>
        <extensions>
          <ns3:TrackPointExtension>
            <ns3:hr>131</ns3:hr>
            <ns3:cad>92</ns3:cad>
          </ns3:TrackPointExtension>
        </extensions>
      </trkpt>
      <trkpt lat="30.43202622793614864349365234375" lon="120.26682981289923191070556640625">
        <ele>3.599999904632568359375</ele>
        <time>2026-01-13T13:34:43.000Z</time>
        <extensions>
          <ns3:TrackPointExtension>
            <ns3:hr>132</ns3:hr>
            <ns3:cad>93</ns3:cad>
          </ns3:TrackPointExtension>
        </extensions>
      </trkpt>
      <trkpt lat="30.43200426734983921051025390625" lon="120.2668060921132564544677734375">
        <ele>3.599999904632568359375</ele>
        <time>2026-01-13T13:34:44.000Z</time>
        <extensions>
          <ns3:TrackPointExtension>
            <ns3:hr>132</ns3:hr>
            <ns3:cad>94</ns3:cad>
          </ns3:TrackPointExtension>
        </extensions>
      </trkpt>
      <trkpt lat="30.43198348022997379302978515625" lon="120.26678614318370819091796875">
        <ele>3.7999999523162841796875</ele>
        <time>2026-01-13T13:34:45.000Z</time>
        <extensions>
          <ns3:TrackPointExtension>
            <ns3:hr>133</ns3:hr>
            <ns3:cad>94</ns3:cad>
          </ns3:TrackPointExtension>
        </extensions>
      </trkpt>
      <trkpt lat="30.43196537531912326812744140625" lon="120.26676560752093791961669921875">
        <ele>3.7999999523162841796875</ele>
        <time>2026-01-13T13:34:46.000Z</time>
        <extensions>
          <ns3:TrackPointExtension>
            <ns3:hr>133</ns3:hr>
            <ns3:cad>94</ns3:cad>
          </ns3:TrackPointExtension>
        </extensions>
      </trkpt>
      <trkpt lat="30.43194022960960865020751953125" lon="120.26675655506551265716552734375">
        <ele>3.7999999523162841796875</ele>
        <time>2026-01-13T13:34:47.000Z</time>
        <extensions>
          <ns3:TrackPointExtension>
            <ns3:hr>133</ns3:hr>
            <ns3:cad>94</ns3:cad>
          </ns3:TrackPointExtension>
        </extensions>
      </trkpt>
      <trkpt lat="30.43191826902329921722412109375" lon="120.266734175384044647216796875">
        <ele>4</ele>
        <time>2026-01-13T13:34:48.000Z</time>
        <extensions>
          <ns3:TrackPointExtension>
            <ns3:hr>133</ns3:hr>
            <ns3:cad>95</ns3:cad>
          </ns3:TrackPointExtension>
        </extensions>
      </trkpt>
      <trkpt lat="30.43190703727304935455322265625" lon="120.26670835912227630615234375">
        <ele>4</ele>
        <time>2026-01-13T13:34:49.000Z</time>
        <extensions>
          <ns3:TrackPointExtension>
            <ns3:hr>133</ns3:hr>
            <ns3:cad>95</ns3:cad>
          </ns3:TrackPointExtension>
        </extensions>
      </trkpt>
      <trkpt lat="30.4319000802934169769287109375" lon="120.2666773460805416107177734375">
        <ele>4</ele>
        <time>2026-01-13T13:34:50.000Z</time>
        <extensions>
          <ns3:TrackPointExtension>
            <ns3:hr>134</ns3:hr>
            <ns3:cad>93</ns3:cad>
          </ns3:TrackPointExtension>
        </extensions>
      </trkpt>
      <trkpt lat="30.43189194984734058380126953125" lon="120.2666567265987396240234375">
        <ele>4</ele>
        <time>2026-01-13T13:34:51.000Z</time>
        <extensions>
          <ns3:TrackPointExtension>
            <ns3:hr>134</ns3:hr>
            <ns3:cad>93</ns3:cad>
          </ns3:TrackPointExtension>
        </extensions>
      </trkpt>
      <trkpt lat="30.43188205920159816741943359375" lon="120.26663401164114475250244140625">
        <ele>4.19999980926513671875</ele>
        <time>2026-01-13T13:34:52.000Z</time>
        <extensions>
          <ns3:TrackPointExtension>
            <ns3:hr>134</ns3:hr>
            <ns3:cad>93</ns3:cad>
          </ns3:TrackPointExtension>
        </extensions>
      </trkpt>
      <trkpt lat="30.43186747469007968902587890625" lon="120.26661590673029422760009765625">
        <ele>4.19999980926513671875</ele>
        <time>2026-01-13T13:34:53.000Z</time>
        <extensions>
          <ns3:TrackPointExtension>
            <ns3:hr>134</ns3:hr>
            <ns3:cad>90</ns3:cad>
          </ns3:TrackPointExtension>
        </extensions>
      </trkpt>
      <trkpt lat="30.4318484477698802947998046875" lon="120.2665958739817142486572265625">
        <ele>4.400000095367431640625</ele>
        <time>2026-01-13T13:34:54.000Z</time>
        <extensions>
          <ns3:TrackPointExtension>
            <ns3:hr>135</ns3:hr>
            <ns3:cad>90</ns3:cad>
          </ns3:TrackPointExtension>
        </extensions>
      </trkpt>
      <trkpt lat="30.43183294124901294708251953125" lon="120.2665757574141025543212890625">
        <ele>4.400000095367431640625</ele>
        <time>2026-01-13T13:34:55.000Z</time>
        <extensions>
          <ns3:TrackPointExtension>
            <ns3:hr>134</ns3:hr>
            <ns3:cad>91</ns3:cad>
          </ns3:TrackPointExtension>
        </extensions>
      </trkpt>
      <trkpt lat="30.43182204477488994598388671875" lon="120.266553461551666259765625">
        <ele>4.400000095367431640625</ele>
        <time>2026-01-13T13:34:56.000Z</time>
        <extensions>
          <ns3:TrackPointExtension>
            <ns3:hr>134</ns3:hr>
            <ns3:cad>92</ns3:cad>
          </ns3:TrackPointExtension>
        </extensions>
      </trkpt>
      <trkpt lat="30.43181533925235271453857421875" lon="120.26652622036635875701904296875">
        <ele>4.400000095367431640625</ele>
        <time>2026-01-13T13:34:57.000Z</time>
        <extensions>
          <ns3:TrackPointExtension>
            <ns3:hr>135</ns3:hr>
            <ns3:cad>94</ns3:cad>
          </ns3:TrackPointExtension>
        </extensions>
      </trkpt>
      <trkpt lat="30.4318142496049404144287109375" lon="120.2664984762668609619140625">
        <ele>4.400000095367431640625</ele>
        <time>2026-01-13T13:34:58.000Z</time>
        <extensions>
          <ns3:TrackPointExtension>
            <ns3:hr>135</ns3:hr>
            <ns3:cad>94</ns3:cad>
          </ns3:TrackPointExtension>
        </extensions>
      </trkpt>
      <trkpt lat="30.4318102262914180755615234375" lon="120.26647592894732952117919921875">
        <ele>4.400000095367431640625</ele>
        <time>2026-01-13T13:34:59.000Z</time>
        <extensions>
          <ns3:TrackPointExtension>
            <ns3:hr>136</ns3:hr>
            <ns3:cad>94</ns3:cad>
          </ns3:TrackPointExtension>
        </extensions>
      </trkpt>
      <trkpt lat="30.43179756961762905120849609375" lon="120.26645547710359096527099609375">
        <ele>4.400000095367431640625</ele>
        <time>2026-01-13T13:35:00.000Z</time>
        <extensions>
          <ns3:TrackPointExtension>
            <ns3:hr>136</ns3:hr>
            <ns3:cad>91</ns3:cad>
          </ns3:TrackPointExtension>
        </extensions>
      </trkpt>
      <trkpt lat="30.43178734369575977325439453125" lon="120.26642672717571258544921875">
        <ele>4.599999904632568359375</ele>
        <time>2026-01-13T13:35:01.000Z</time>
        <extensions>
          <ns3:TrackPointExtension>
            <ns3:hr>136</ns3:hr>
            <ns3:cad>91</ns3:cad>
          </ns3:TrackPointExtension>
        </extensions>
      </trkpt>
      <trkpt lat="30.431781895458698272705078125" lon="120.2664064429700374603271484375">
        <ele>4.599999904632568359375</ele>
        <time>2026-01-13T13:35:02.000Z</time>
        <extensions>
          <ns3:TrackPointExtension>
            <ns3:hr>136</ns3:hr>
            <ns3:cad>93</ns3:cad>
          </ns3:TrackPointExtension>
        </extensions>
      </trkpt>
      <trkpt lat="30.431777872145175933837890625" lon="120.26638138107955455780029296875">
        <ele>4.80000019073486328125</ele>
        <time>2026-01-13T13:35:03.000Z</time>
        <extensions>
          <ns3:TrackPointExtension>
            <ns3:hr>137</ns3:hr>
            <ns3:cad>93</ns3:cad>
          </ns3:TrackPointExtension>
        </extensions>
      </trkpt>
      <trkpt lat="30.43177820742130279541015625" lon="120.26635673828423023223876953125">
        <ele>4.80000019073486328125</ele>
        <time>2026-01-13T13:35:04.000Z</time>
        <extensions>
          <ns3:TrackPointExtension>
            <ns3:hr>137</ns3:hr>
            <ns3:cad>93</ns3:cad>
          </ns3:TrackPointExtension>
        </extensions>
      </trkpt>
      <trkpt lat="30.43177493847906589508056640625" lon="120.266330502927303314208984375">
        <ele>5</ele>
        <time>2026-01-13T13:35:05.000Z</time>
        <extensions>
          <ns3:TrackPointExtension>
            <ns3:hr>137</ns3:hr>
            <ns3:cad>91</ns3:cad>
          </ns3:TrackPointExtension>
        </extensions>
      </trkpt>
      <trkpt lat="30.43177477084100246429443359375" lon="120.266308374702930450439453125">
        <ele>5</ele>
        <time>2026-01-13T13:35:06.000Z</time>
        <extensions>
          <ns3:TrackPointExtension>
            <ns3:hr>138</ns3:hr>
            <ns3:cad>90</ns3:cad>
          </ns3:TrackPointExtension>
        </extensions>
      </trkpt>
      <trkpt lat="30.431777201592922210693359375" lon="120.26628054678440093994140625">
        <ele>5</ele>
        <time>2026-01-13T13:35:07.000Z</time>
        <extensions>
          <ns3:TrackPointExtension>
            <ns3:hr>138</ns3:hr>
            <ns3:cad>88</ns3:cad>
          </ns3:TrackPointExtension>
        </extensions>
      </trkpt>
      <trkpt lat="30.43177611194550991058349609375" lon="120.26625682599842548370361328125">
        <ele>5</ele>
        <time>2026-01-13T13:35:08.000Z</time>
        <extensions>
          <ns3:TrackPointExtension>
            <ns3:hr>138</ns3:hr>
            <ns3:cad>88</ns3:cad>
          </ns3:TrackPointExtension>
        </extensions>
      </trkpt>
      <trkpt lat="30.43177284300327301025390625" lon="120.2662320993840694427490234375">
        <ele>5</ele>
        <time>2026-01-13T13:35:09.000Z</time>
        <extensions>
          <ns3:TrackPointExtension>
            <ns3:hr>138</ns3:hr>
            <ns3:cad>89</ns3:cad>
          </ns3:TrackPointExtension>
        </extensions>
      </trkpt>
      <trkpt lat="30.43176739476621150970458984375" lon="120.26621256954967975616455078125">
        <ele>5</ele>
        <time>2026-01-13T13:35:10.000Z</time>
        <extensions>
          <ns3:TrackPointExtension>
            <ns3:hr>138</ns3:hr>
            <ns3:cad>89</ns3:cad>
          </ns3:TrackPointExtension>
        </extensions>
      </trkpt>
      <trkpt lat="30.43177007697522640228271484375" lon="120.26618407107889652252197265625">
        <ele>5</ele>
        <time>2026-01-13T13:35:11.000Z</time>
        <extensions>
          <ns3:TrackPointExtension>
            <ns3:hr>137</ns3:hr>
            <ns3:cad>89</ns3:cad>
          </ns3:TrackPointExtension>
        </extensions>
      </trkpt>
      <trkpt lat="30.43177477084100246429443359375" lon="120.26616697199642658233642578125">
        <ele>5</ele>
        <time>2026-01-13T13:35:12.000Z</time>
        <extensions>
          <ns3:TrackPointExtension>
            <ns3:hr>137</ns3:hr>
            <ns3:cad>89</ns3:cad>
          </ns3:TrackPointExtension>
        </extensions>
      </trkpt>
      <trkpt lat="30.43178315274417400360107421875" lon="120.266150124371051788330078125">
        <ele>5</ele>
        <time>2026-01-13T13:35:13.000Z</time>
        <extensions>
          <ns3:TrackPointExtension>
            <ns3:hr>138</ns3:hr>
            <ns3:cad>87</ns3:cad>
          </ns3:TrackPointExtension>
        </extensions>
      </trkpt>
      <trkpt lat="30.43179027736186981201171875" lon="120.2661355398595333099365234375">
        <ele>5</ele>
        <time>2026-01-13T13:35:14.000Z</time>
        <extensions>
          <ns3:TrackPointExtension>
            <ns3:hr>138</ns3:hr>
            <ns3:cad>87</ns3:cad>
          </ns3:TrackPointExtension>
        </extensions>
      </trkpt>
      <trkpt lat="30.431800670921802520751953125" lon="120.2661234699189662933349609375">
        <ele>5</ele>
        <time>2026-01-13T13:35:15.000Z</time>
        <extensions>
          <ns3:TrackPointExtension>
            <ns3:hr>137</ns3:hr>
            <ns3:cad>88</ns3:cad>
          </ns3:TrackPointExtension>
        </extensions>
      </trkpt>
      <trkpt lat="30.43181709945201873779296875" lon="120.26611483655869960784912109375">
        <ele>5</ele>
        <time>2026-01-13T13:35:16.000Z</time>
        <extensions>
          <ns3:TrackPointExtension>
            <ns3:hr>138</ns3:hr>
            <ns3:cad>90</ns3:cad>
          </ns3:TrackPointExtension>
        </extensions>
      </trkpt>
      <trkpt lat="30.43183813802897930145263671875" lon="120.266106538474559783935546875">
        <ele>5</ele>
        <time>2026-01-13T13:35:17.000Z</time>
        <extensions>
          <ns3:TrackPointExtension>
            <ns3:hr>138</ns3:hr>
            <ns3:cad>90</ns3:cad>
          </ns3:TrackPointExtension>
        </extensions>
      </trkpt>
      <trkpt lat="30.43185892514884471893310546875" lon="120.26609723456203937530517578125">
        <ele>5</ele>
        <time>2026-01-13T13:35:18.000Z</time>
        <extensions>
          <ns3:TrackPointExtension>
            <ns3:hr>137</ns3:hr>
            <ns3:cad>90</ns3:cad>
          </ns3:TrackPointExtension>
        </extensions>
      </trkpt>
      <trkpt lat="30.4318802990019321441650390625" lon="120.2660862542688846588134765625">
        <ele>5</ele>
        <time>2026-01-13T13:35:19.000Z</time>
        <extensions>
          <ns3:TrackPointExtension>
            <ns3:hr>137</ns3:hr>
            <ns3:cad>92</ns3:cad>
          </ns3:TrackPointExtension>
        </extensions>
      </trkpt>
      <trkpt lat="30.43189764954149723052978515625" lon="120.2660773694515228271484375">
        <ele>5</ele>
        <time>2026-01-13T13:35:20.000Z</time>
        <extensions>
          <ns3:TrackPointExtension>
            <ns3:hr>137</ns3:hr>
            <ns3:cad>92</ns3:cad>
          </ns3:TrackPointExtension>
        </extensions>
      </trkpt>
      <trkpt lat="30.43192178942263126373291015625" lon="120.266062952578067779541015625">
        <ele>5</ele>
        <time>2026-01-13T13:35:21.000Z</time>
        <extensions>
          <ns3:TrackPointExtension>
            <ns3:hr>137</ns3:hr>
            <ns3:cad>92</ns3:cad>
          </ns3:TrackPointExtension>
        </extensions>
      </trkpt>
      <trkpt lat="30.4319413192570209503173828125" lon="120.2660523913800716400146484375">
        <ele>5</ele>
        <time>2026-01-13T13:35:22.000Z</time>
        <extensions>
          <ns3:TrackPointExtension>
            <ns3:hr>137</ns3:hr>
            <ns3:cad>92</ns3:cad>
          </ns3:TrackPointExtension>
        </extensions>
      </trkpt>
      <trkpt lat="30.43196168728172779083251953125" lon="120.26604308746755123138427734375">
        <ele>5</ele>
        <time>2026-01-13T13:35:23.000Z</time>
        <extensions>
          <ns3:TrackPointExtension>
            <ns3:hr>136</ns3:hr>
            <ns3:cad>92</ns3:cad>
          </ns3:TrackPointExtension>
        </extensions>
      </trkpt>
      <trkpt lat="30.43198096565902233123779296875" lon="120.26603202335536479949951171875">
        <ele>5</ele>
        <time>2026-01-13T13:35:24.000Z</time>
        <extensions>
          <ns3:TrackPointExtension>
            <ns3:hr>136</ns3:hr>
            <ns3:cad>93</ns3:cad>
          </ns3:TrackPointExtension>
        </extensions>
      </trkpt>
      <trkpt lat="30.4320026747882366180419921875" lon="120.266020037233829498291015625">
        <ele>5</ele>
        <time>2026-01-13T13:35:25.000Z</time>
        <extensions>
          <ns3:TrackPointExtension>
            <ns3:hr>137</ns3:hr>
            <ns3:cad>93</ns3:cad>
          </ns3:TrackPointExtension>
        </extensions>
      </trkpt>
      <trkpt lat="30.43202388100326061248779296875" lon="120.26600922457873821258544921875">
        <ele>5</ele>
        <time>2026-01-13T13:35:26.000Z</time>
        <extensions>
          <ns3:TrackPointExtension>
            <ns3:hr>137</ns3:hr>
            <ns3:cad>93</ns3:cad>
          </ns3:TrackPointExtension>
        </extensions>
      </trkpt>
      <trkpt lat="30.43204450048506259918212890625" lon="120.265999250113964080810546875">
        <ele>5.19999980926513671875</ele>
        <time>2026-01-13T13:35:27.000Z</time>
        <extensions>
          <ns3:TrackPointExtension>
            <ns3:hr>137</ns3:hr>
            <ns3:cad>91</ns3:cad>
          </ns3:TrackPointExtension>
        </extensions>
      </trkpt>
      <trkpt lat="30.43206444941461086273193359375" lon="120.26598961092531681060791015625">
        <ele>5.19999980926513671875</ele>
        <time>2026-01-13T13:35:28.000Z</time>
        <extensions>
          <ns3:TrackPointExtension>
            <ns3:hr>137</ns3:hr>
            <ns3:cad>91</ns3:cad>
          </ns3:TrackPointExtension>
        </extensions>
      </trkpt>
      <trkpt lat="30.4320814646780490875244140625" lon="120.2659809775650501251220703125">
        <ele>5.19999980926513671875</ele>
        <time>2026-01-13T13:35:29.000Z</time>
        <extensions>
          <ns3:TrackPointExtension>
            <ns3:hr>136</ns3:hr>
            <ns3:cad>92</ns3:cad>
          </ns3:TrackPointExtension>
        </extensions>
      </trkpt>
      <trkpt lat="30.4321009106934070587158203125" lon="120.2659714221954345703125">
        <ele>5.19999980926513671875</ele>
        <time>2026-01-13T13:35:30.000Z</time>
        <extensions>
          <ns3:TrackPointExtension>
            <ns3:hr>136</ns3:hr>
            <ns3:cad>92</ns3:cad>
          </ns3:TrackPointExtension>
        </extensions>
      </trkpt>
      <trkpt lat="30.43211993761360645294189453125" lon="120.2659628726541996002197265625">
        <ele>5.19999980926513671875</ele>
        <time>2026-01-13T13:35:31.000Z</time>
        <extensions>
          <ns3:TrackPointExtension>
            <ns3:hr>136</ns3:hr>
            <ns3:cad>94</ns3:cad>
          </ns3:TrackPointExtension>
        </extensions>
      </trkpt>
      <trkpt lat="30.43213787488639354705810546875" lon="120.26595390401780605316162109375">
        <ele>5.19999980926513671875</ele>
        <time>2026-01-13T13:35:32.000Z</time>
        <extensions>
          <ns3:TrackPointExtension>
            <ns3:hr>136</ns3:hr>
            <ns3:cad>95</ns3:cad>
          </ns3:TrackPointExtension>
        </extensions>
      </trkpt>
      <trkpt lat="30.4321548901498317718505859375" lon="120.26594418101012706756591796875">
        <ele>5.400000095367431640625</ele>
        <time>2026-01-13T13:35:33.000Z</time>
        <extensions>
          <ns3:TrackPointExtension>
            <ns3:hr>137</ns3:hr>
            <ns3:cad>95</ns3:cad>
          </ns3:TrackPointExtension>
        </extensions>
      </trkpt>
      <trkpt lat="30.4321731626987457275390625" lon="120.26593261398375034332275390625">
        <ele>5.400000095367431640625</ele>
        <time>2026-01-13T13:35:34.000Z</time>
        <extensions>
          <ns3:TrackPointExtension>
            <ns3:hr>137</ns3:hr>
            <ns3:cad>95</ns3:cad>
          </ns3:TrackPointExtension>
        </extensions>
      </trkpt>
      <trkpt lat="30.432188920676708221435546875" lon="120.2659179456532001495361328125">
        <ele>5.400000095367431640625</ele>
        <time>2026-01-13T13:35:35.000Z</time>
        <extensions>
          <ns3:TrackPointExtension>
            <ns3:hr>137</ns3:hr>
            <ns3:cad>93</ns3:cad>
          </ns3:TrackPointExtension>
        </extensions>
      </trkpt>
      <trkpt lat="30.432201325893402099609375" lon="120.265905372798442840576171875">
        <ele>5.400000095367431640625</ele>
        <time>2026-01-13T13:35:36.000Z</time>
        <extensions>
          <ns3:TrackPointExtension>
            <ns3:hr>137</ns3:hr>
            <ns3:cad>93</ns3:cad>
          </ns3:TrackPointExtension>
        </extensions>
      </trkpt>
      <trkpt lat="30.43221272528171539306640625" lon="120.26589355431497097015380859375">
        <ele>5.400000095367431640625</ele>
        <time>2026-01-13T13:35:37.000Z</time>
        <extensions>
          <ns3:TrackPointExtension>
            <ns3:hr>138</ns3:hr>
            <ns3:cad>93</ns3:cad>
          </ns3:TrackPointExtension>
        </extensions>
      </trkpt>
      <trkpt lat="30.43222571723163127899169921875" lon="120.265883244574069976806640625">
        <ele>5.599999904632568359375</ele>
        <time>2026-01-13T13:35:38.000Z</time>
        <extensions>
          <ns3:TrackPointExtension>
            <ns3:hr>138</ns3:hr>
            <ns3:cad>93</ns3:cad>
          </ns3:TrackPointExtension>
        </extensions>
      </trkpt>
      <trkpt lat="30.4322403855621814727783203125" lon="120.26587410829961299896240234375">
        <ele>5.599999904632568359375</ele>
        <time>2026-01-13T13:35:39.000Z</time>
        <extensions>
          <ns3:TrackPointExtension>
            <ns3:hr>137</ns3:hr>
            <ns3:cad>93</ns3:cad>
          </ns3:TrackPointExtension>
        </extensions>
      </trkpt>
      <trkpt lat="30.43225991539657115936279296875" lon="120.26587142609059810638427734375">
        <ele>5.599999904632568359375</ele>
        <time>2026-01-13T13:35:40.000Z</time>
        <extensions>
          <ns3:TrackPointExtension>
            <ns3:hr>137</ns3:hr>
            <ns3:cad>94</ns3:cad>
          </ns3:TrackPointExtension>
        </extensions>
      </trkpt>
      <trkpt lat="30.432281792163848876953125" lon="120.265864469110965728759765625">
        <ele>5.599999904632568359375</ele>
        <time>2026-01-13T13:35:41.000Z</time>
        <extensions>
          <ns3:TrackPointExtension>
            <ns3:hr>137</ns3:hr>
            <ns3:cad>94</ns3:cad>
          </ns3:TrackPointExtension>
        </extensions>
      </trkpt>
      <trkpt lat="30.4323034174740314483642578125" lon="120.26585818268358707427978515625">
        <ele>5.599999904632568359375</ele>
        <time>2026-01-13T13:35:42.000Z</time>
        <extensions>
          <ns3:TrackPointExtension>
            <ns3:hr>137</ns3:hr>
            <ns3:cad>94</ns3:cad>
          </ns3:TrackPointExtension>
        </extensions>
      </trkpt>
      <trkpt lat="30.43232898227870464324951171875" lon="120.265848375856876373291015625">
        <ele>5.599999904632568359375</ele>
        <time>2026-01-13T13:35:43.000Z</time>
        <extensions>
          <ns3:TrackPointExtension>
            <ns3:hr>137</ns3:hr>
            <ns3:cad>94</ns3:cad>
          </ns3:TrackPointExtension>
        </extensions>
      </trkpt>
      <trkpt lat="30.432354547083377838134765625" lon="120.26583261787891387939453125">
        <ele>5.80000019073486328125</ele>
        <time>2026-01-13T13:35:44.000Z</time>
        <extensions>
          <ns3:TrackPointExtension>
            <ns3:hr>137</ns3:hr>
            <ns3:cad>93</ns3:cad>
          </ns3:TrackPointExtension>
        </extensions>
      </trkpt>
      <trkpt lat="30.432377345860004425048828125" lon="120.2658200450241565704345703125">
        <ele>5.80000019073486328125</ele>
        <time>2026-01-13T13:35:45.000Z</time>
        <extensions>
          <ns3:TrackPointExtension>
            <ns3:hr>137</ns3:hr>
            <ns3:cad>93</ns3:cad>
          </ns3:TrackPointExtension>
        </extensions>
      </trkpt>
      <trkpt lat="30.43239939026534557342529296875" lon="120.26581116020679473876953125">
        <ele>5.80000019073486328125</ele>
        <time>2026-01-13T13:35:46.000Z</time>
        <extensions>
          <ns3:TrackPointExtension>
            <ns3:hr>137</ns3:hr>
            <ns3:cad>93</ns3:cad>
          </ns3:TrackPointExtension>
        </extensions>
      </trkpt>
      <trkpt lat="30.4324210993945598602294921875" lon="120.265804789960384368896484375">
        <ele>5.80000019073486328125</ele>
        <time>2026-01-13T13:35:47.000Z</time>
        <extensions>
          <ns3:TrackPointExtension>
            <ns3:hr>137</ns3:hr>
            <ns3:cad>93</ns3:cad>
          </ns3:TrackPointExtension>
        </extensions>
      </trkpt>
      <trkpt lat="30.43244297616183757781982421875" lon="120.2657948993146419525146484375">
        <ele>5.80000019073486328125</ele>
        <time>2026-01-13T13:35:48.000Z</time>
        <extensions>
          <ns3:TrackPointExtension>
            <ns3:hr>137</ns3:hr>
            <ns3:cad>93</ns3:cad>
          </ns3:TrackPointExtension>
        </extensions>
      </trkpt>
      <trkpt lat="30.4324633441865444183349609375" lon="120.26578408665955066680908203125">
        <ele>5.80000019073486328125</ele>
        <time>2026-01-13T13:35:49.000Z</time>
        <extensions>
          <ns3:TrackPointExtension>
            <ns3:hr>137</ns3:hr>
            <ns3:cad>92</ns3:cad>
          </ns3:TrackPointExtension>
        </extensions>
      </trkpt>
      <trkpt lat="30.43247935362160205841064453125" lon="120.2657715976238250732421875">
        <ele>6</ele>
        <time>2026-01-13T13:35:50.000Z</time>
        <extensions>
          <ns3:TrackPointExtension>
            <ns3:hr>137</ns3:hr>
            <ns3:cad>93</ns3:cad>
          </ns3:TrackPointExtension>
        </extensions>
      </trkpt>
      <trkpt lat="30.4324950277805328369140625" lon="120.26576044969260692596435546875">
        <ele>6</ele>
        <time>2026-01-13T13:35:51.000Z</time>
        <extensions>
          <ns3:TrackPointExtension>
            <ns3:hr>137</ns3:hr>
            <ns3:cad>92</ns3:cad>
          </ns3:TrackPointExtension>
        </extensions>
      </trkpt>
      <trkpt lat="30.4325129650533199310302734375" lon="120.2657486312091350555419921875">
        <ele>6</ele>
        <time>2026-01-13T13:35:52.000Z</time>
        <extensions>
          <ns3:TrackPointExtension>
            <ns3:hr>137</ns3:hr>
            <ns3:cad>93</ns3:cad>
          </ns3:TrackPointExtension>
        </extensions>
      </trkpt>
      <trkpt lat="30.43253350071609020233154296875" lon="120.2657367289066314697265625">
        <ele>6</ele>
        <time>2026-01-13T13:35:53.000Z</time>
        <extensions>
          <ns3:TrackPointExtension>
            <ns3:hr>138</ns3:hr>
            <ns3:cad>92</ns3:cad>
          </ns3:TrackPointExtension>
        </extensions>
      </trkpt>
      <trkpt lat="30.43255143798887729644775390625" lon="120.26572474278509616851806640625">
        <ele>6</ele>
        <time>2026-01-13T13:35:54.000Z</time>
        <extensions>
          <ns3:TrackPointExtension>
            <ns3:hr>138</ns3:hr>
            <ns3:cad>93</ns3:cad>
          </ns3:TrackPointExtension>
        </extensions>
      </trkpt>
      <trkpt lat="30.43256954289972782135009765625" lon="120.2656949870288372039794921875">
        <ele>6</ele>
        <time>2026-01-13T13:35:55.000Z</time>
        <extensions>
          <ns3:TrackPointExtension>
            <ns3:hr>138</ns3:hr>
            <ns3:cad>92</ns3:cad>
          </ns3:TrackPointExtension>
        </extensions>
      </trkpt>
      <trkpt lat="30.432587228715419769287109375" lon="120.26568098925054073333740234375">
        <ele>6</ele>
        <time>2026-01-13T13:35:56.000Z</time>
        <extensions>
          <ns3:TrackPointExtension>
            <ns3:hr>138</ns3:hr>
            <ns3:cad>92</ns3:cad>
          </ns3:TrackPointExtension>
        </extensions>
      </trkpt>
      <trkpt lat="30.4326055012643337249755859375" lon="120.26566808111965656280517578125">
        <ele>6</ele>
        <time>2026-01-13T13:35:57.000Z</time>
        <extensions>
          <ns3:TrackPointExtension>
            <ns3:hr>138</ns3:hr>
            <ns3:cad>92</ns3:cad>
          </ns3:TrackPointExtension>
        </extensions>
      </trkpt>
      <trkpt lat="30.43262821622192859649658203125" lon="120.265655256807804107666015625">
        <ele>6</ele>
        <time>2026-01-13T13:35:58.000Z</time>
        <extensions>
          <ns3:TrackPointExtension>
            <ns3:hr>139</ns3:hr>
            <ns3:cad>92</ns3:cad>
          </ns3:TrackPointExtension>
        </extensions>
      </trkpt>
      <trkpt lat="30.43265403248369693756103515625" lon="120.2656443603336811065673828125">
        <ele>6</ele>
        <time>2026-01-13T13:35:59.000Z</time>
        <extensions>
          <ns3:TrackPointExtension>
            <ns3:hr>138</ns3:hr>
            <ns3:cad>92</ns3:cad>
          </ns3:TrackPointExtension>
        </extensions>
      </trkpt>
      <trkpt lat="30.432680435478687286376953125" lon="120.26563321240246295928955078125">
        <ele>6</ele>
        <time>2026-01-13T13:36:00.000Z</time>
        <extensions>
          <ns3:TrackPointExtension>
            <ns3:hr>138</ns3:hr>
            <ns3:cad>92</ns3:cad>
          </ns3:TrackPointExtension>
        </extensions>
      </trkpt>
      <trkpt lat="30.432701893150806427001953125" lon="120.2656222321093082427978515625">
        <ele>6</ele>
        <time>2026-01-13T13:36:01.000Z</time>
        <extensions>
          <ns3:TrackPointExtension>
            <ns3:hr>139</ns3:hr>
            <ns3:cad>92</ns3:cad>
          </ns3:TrackPointExtension>
        </extensions>
      </trkpt>
      <trkpt lat="30.432727038860321044921875" lon="120.26560856960713863372802734375">
        <ele>6</ele>
        <time>2026-01-13T13:36:02.000Z</time>
        <extensions>
          <ns3:TrackPointExtension>
            <ns3:hr>139</ns3:hr>
            <ns3:cad>92</ns3:cad>
          </ns3:TrackPointExtension>
        </extensions>
      </trkpt>
      <trkpt lat="30.43274841271340847015380859375" lon="120.26559465564787387847900390625">
        <ele>6</ele>
        <time>2026-01-13T13:36:03.000Z</time>
        <extensions>
          <ns3:TrackPointExtension>
            <ns3:hr>139</ns3:hr>
            <ns3:cad>92</ns3:cad>
          </ns3:TrackPointExtension>
        </extensions>
      </trkpt>
      <trkpt lat="30.43277154676616191864013671875" lon="120.2655813284218311309814453125">
        <ele>6</ele>
        <time>2026-01-13T13:36:04.000Z</time>
        <extensions>
          <ns3:TrackPointExtension>
            <ns3:hr>139</ns3:hr>
            <ns3:cad>90</ns3:cad>
          </ns3:TrackPointExtension>
        </extensions>
      </trkpt>
      <trkpt lat="30.43279451318085193634033203125" lon="120.26557018049061298370361328125">
        <ele>6</ele>
        <time>2026-01-13T13:36:05.000Z</time>
        <extensions>
          <ns3:TrackPointExtension>
            <ns3:hr>139</ns3:hr>
            <ns3:cad>90</ns3:cad>
          </ns3:TrackPointExtension>
        </extensions>
      </trkpt>
      <trkpt lat="30.43281680904328823089599609375" lon="120.26555425487458705902099609375">
        <ele>6</ele>
        <time>2026-01-13T13:36:06.000Z</time>
        <extensions>
          <ns3:TrackPointExtension>
            <ns3:hr>139</ns3:hr>
            <ns3:cad>90</ns3:cad>
          </ns3:TrackPointExtension>
        </extensions>
      </trkpt>
      <trkpt lat="30.43283675797283649444580078125" lon="120.2655380778014659881591796875">
        <ele>6</ele>
        <time>2026-01-13T13:36:07.000Z</time>
        <extensions>
          <ns3:TrackPointExtension>
            <ns3:hr>139</ns3:hr>
            <ns3:cad>90</ns3:cad>
          </ns3:TrackPointExtension>
        </extensions>
      </trkpt>
      <trkpt lat="30.4328576289117336273193359375" lon="120.2655256725847721099853515625">
        <ele>6</ele>
        <time>2026-01-13T13:36:08.000Z</time>
        <extensions>
          <ns3:TrackPointExtension>
            <ns3:hr>139</ns3:hr>
            <ns3:cad>90</ns3:cad>
          </ns3:TrackPointExtension>
        </extensions>
      </trkpt>
      <trkpt lat="30.43287464417517185211181640625" lon="120.26550941169261932373046875">
        <ele>6</ele>
        <time>2026-01-13T13:36:09.000Z</time>
        <extensions>
          <ns3:TrackPointExtension>
            <ns3:hr>139</ns3:hr>
            <ns3:cad>90</ns3:cad>
          </ns3:TrackPointExtension>
        </extensions>
      </trkpt>
      <trkpt lat="30.43289509601891040802001953125" lon="120.2654971741139888763427734375">
        <ele>6</ele>
        <time>2026-01-13T13:36:10.000Z</time>
        <extensions>
          <ns3:TrackPointExtension>
            <ns3:hr>140</ns3:hr>
            <ns3:cad>90</ns3:cad>
          </ns3:TrackPointExtension>
        </extensions>
      </trkpt>
      <trkpt lat="30.4329107701778411865234375" lon="120.26548326015472412109375">
        <ele>6</ele>
        <time>2026-01-13T13:36:11.000Z</time>
        <extensions>
          <ns3:TrackPointExtension>
            <ns3:hr>140</ns3:hr>
            <ns3:cad>89</ns3:cad>
          </ns3:TrackPointExtension>
        </extensions>
      </trkpt>
      <trkpt lat="30.432931222021579742431640625" lon="120.26546926237642765045166015625">
        <ele>6</ele>
        <time>2026-01-13T13:36:12.000Z</time>
        <extensions>
          <ns3:TrackPointExtension>
            <ns3:hr>141</ns3:hr>
            <ns3:cad>89</ns3:cad>
          </ns3:TrackPointExtension>
        </extensions>
      </trkpt>
      <trkpt lat="30.432946979999542236328125" lon="120.2654549293220043182373046875">
        <ele>6</ele>
        <time>2026-01-13T13:36:13.000Z</time>
        <extensions>
          <ns3:TrackPointExtension>
            <ns3:hr>141</ns3:hr>
            <ns3:cad>89</ns3:cad>
          </ns3:TrackPointExtension>
        </extensions>
      </trkpt>
      <trkpt lat="30.43296600691974163055419921875" lon="120.26543741114437580108642578125">
        <ele>5.80000019073486328125</ele>
        <time>2026-01-13T13:36:14.000Z</time>
        <extensions>
          <ns3:TrackPointExtension>
            <ns3:hr>142</ns3:hr>
            <ns3:cad>90</ns3:cad>
          </ns3:TrackPointExtension>
        </extensions>
      </trkpt>
      <trkpt lat="30.43298310600221157073974609375" lon="120.26541762985289096832275390625">
        <ele>5.80000019073486328125</ele>
        <time>2026-01-13T13:36:15.000Z</time>
        <extensions>
          <ns3:TrackPointExtension>
            <ns3:hr>142</ns3:hr>
            <ns3:cad>90</ns3:cad>
          </ns3:TrackPointExtension>
        </extensions>
      </trkpt>
      <trkpt lat="30.4330068267881870269775390625" lon="120.26540405116975307464599609375">
        <ele>5.80000019073486328125</ele>
        <time>2026-01-13T13:36:16.000Z</time>
        <extensions>
          <ns3:TrackPointExtension>
            <ns3:hr>142</ns3:hr>
            <ns3:cad>91</ns3:cad>
          </ns3:TrackPointExtension>
        </extensions>
      </trkpt>
      <trkpt lat="30.43303306214511394500732421875" lon="120.26539064012467861175537109375">
        <ele>5.599999904632568359375</ele>
        <time>2026-01-13T13:36:17.000Z</time>
        <extensions>
          <ns3:TrackPointExtension>
            <ns3:hr>142</ns3:hr>
            <ns3:cad>93</ns3:cad>
          </ns3:TrackPointExtension>
        </extensions>
      </trkpt>
      <trkpt lat="30.43305636383593082427978515625" lon="120.26537689380347728729248046875">
        <ele>5.599999904632568359375</ele>
        <time>2026-01-13T13:36:18.000Z</time>
        <extensions>
          <ns3:TrackPointExtension>
            <ns3:hr>142</ns3:hr>
            <ns3:cad>93</ns3:cad>
          </ns3:TrackPointExtension>
        </extensions>
      </trkpt>
      <trkpt lat="30.43307513929903507232666015625" lon="120.2653647400438785552978515625">
        <ele>5.599999904632568359375</ele>
        <time>2026-01-13T13:36:19.000Z</time>
        <extensions>
          <ns3:TrackPointExtension>
            <ns3:hr>142</ns3:hr>
            <ns3:cad>93</ns3:cad>
          </ns3:TrackPointExtension>
        </extensions>
      </trkpt>
      <trkpt lat="30.43309793807566165924072265625" lon="120.26535342447459697723388671875">
        <ele>5.599999904632568359375</ele>
        <time>2026-01-13T13:36:20.000Z</time>
        <extensions>
          <ns3:TrackPointExtension>
            <ns3:hr>142</ns3:hr>
            <ns3:cad>93</ns3:cad>
          </ns3:TrackPointExtension>
        </extensions>
      </trkpt>
      <trkpt lat="30.4331204853951930999755859375" lon="120.26533783413469791412353515625">
        <ele>5.599999904632568359375</ele>
        <time>2026-01-13T13:36:21.000Z</time>
        <extensions>
          <ns3:TrackPointExtension>
            <ns3:hr>143</ns3:hr>
            <ns3:cad>93</ns3:cad>
          </ns3:TrackPointExtension>
        </extensions>
      </trkpt>
      <trkpt lat="30.4331426136195659637451171875" lon="120.2653263509273529052734375">
        <ele>5.400000095367431640625</ele>
        <time>2026-01-13T13:36:22.000Z</time>
        <extensions>
          <ns3:TrackPointExtension>
            <ns3:hr>143</ns3:hr>
            <ns3:cad>93</ns3:cad>
          </ns3:TrackPointExtension>
        </extensions>
      </trkpt>
      <trkpt lat="30.4331714473664760589599609375" lon="120.265315286815166473388671875">
        <ele>5.400000095367431640625</ele>
        <time>2026-01-13T13:36:23.000Z</time>
        <extensions>
          <ns3:TrackPointExtension>
            <ns3:hr>143</ns3:hr>
            <ns3:cad>93</ns3:cad>
          </ns3:TrackPointExtension>
        </extensions>
      </trkpt>
      <trkpt lat="30.433193407952785491943359375" lon="120.2653050608932971954345703125">
        <ele>5.400000095367431640625</ele>
        <time>2026-01-13T13:36:24.000Z</time>
        <extensions>
          <ns3:TrackPointExtension>
            <ns3:hr>143</ns3:hr>
            <ns3:cad>92</ns3:cad>
          </ns3:TrackPointExtension>
        </extensions>
      </trkpt>
      <trkpt lat="30.43321461416780948638916015625" lon="120.2652980200946331024169921875">
        <ele>5.400000095367431640625</ele>
        <time>2026-01-13T13:36:25.000Z</time>
        <extensions>
          <ns3:TrackPointExtension>
            <ns3:hr>143</ns3:hr>
            <ns3:cad>92</ns3:cad>
          </ns3:TrackPointExtension>
        </extensions>
      </trkpt>
      <trkpt lat="30.43323422782123088836669921875" lon="120.2652859501540660858154296875">
        <ele>5.400000095367431640625</ele>
        <time>2026-01-13T13:36:26.000Z</time>
        <extensions>
          <ns3:TrackPointExtension>
            <ns3:hr>142</ns3:hr>
            <ns3:cad>92</ns3:cad>
          </ns3:TrackPointExtension>
        </extensions>
      </trkpt>
      <trkpt lat="30.43325250037014484405517578125" lon="120.26527564041316509246826171875">
        <ele>5.19999980926513671875</ele>
        <time>2026-01-13T13:36:27.000Z</time>
        <extensions>
          <ns3:TrackPointExtension>
            <ns3:hr>142</ns3:hr>
            <ns3:cad>94</ns3:cad>
          </ns3:TrackPointExtension>
        </extensions>
      </trkpt>
      <trkpt lat="30.433269180357456207275390625" lon="120.2652715332806110382080078125">
        <ele>5.19999980926513671875</ele>
        <time>2026-01-13T13:36:28.000Z</time>
        <extensions>
          <ns3:TrackPointExtension>
            <ns3:hr>142</ns3:hr>
            <ns3:cad>94</ns3:cad>
          </ns3:TrackPointExtension>
        </extensions>
      </trkpt>
      <trkpt lat="30.43328166939318180084228515625" lon="120.265266336500644683837890625">
        <ele>5.19999980926513671875</ele>
        <time>2026-01-13T13:36:29.000Z</time>
        <extensions>
          <ns3:TrackPointExtension>
            <ns3:hr>142</ns3:hr>
            <ns3:cad>93</ns3:cad>
          </ns3:TrackPointExtension>
        </extensions>
      </trkpt>
      <trkpt lat="30.433293320238590240478515625" lon="120.2652460522949695587158203125">
        <ele>5.19999980926513671875</ele>
        <time>2026-01-13T13:36:30.000Z</time>
        <extensions>
          <ns3:TrackPointExtension>
            <ns3:hr>141</ns3:hr>
            <ns3:cad>92</ns3:cad>
          </ns3:TrackPointExtension>
        </extensions>
      </trkpt>
      <trkpt lat="30.43331368826329708099365234375" lon="120.265236161649227142333984375">
        <ele>5.19999980926513671875</ele>
        <time>2026-01-13T13:36:31.000Z</time>
        <extensions>
          <ns3:TrackPointExtension>
            <ns3:hr>141</ns3:hr>
            <ns3:cad>92</ns3:cad>
          </ns3:TrackPointExtension>
        </extensions>
      </trkpt>
      <trkpt lat="30.4333357326686382293701171875" lon="120.26522149331867694854736328125">
        <ele>5</ele>
        <time>2026-01-13T13:36:32.000Z</time>
        <extensions>
          <ns3:TrackPointExtension>
            <ns3:hr>141</ns3:hr>
            <ns3:cad>90</ns3:cad>
          </ns3:TrackPointExtension>
        </extensions>
      </trkpt>
      <trkpt lat="30.4333538375794887542724609375" lon="120.2652041427791118621826171875">
        <ele>5</ele>
        <time>2026-01-13T13:36:33.000Z</time>
        <extensions>
          <ns3:TrackPointExtension>
            <ns3:hr>140</ns3:hr>
            <ns3:cad>90</ns3:cad>
          </ns3:TrackPointExtension>
        </extensions>
      </trkpt>
      <trkpt lat="30.43337085284292697906494140625" lon="120.265186540782451629638671875">
        <ele>5</ele>
        <time>2026-01-13T13:36:34.000Z</time>
        <extensions>
          <ns3:TrackPointExtension>
            <ns3:hr>140</ns3:hr>
            <ns3:cad>90</ns3:cad>
          </ns3:TrackPointExtension>
        </extensions>
      </trkpt>
      <trkpt lat="30.433388538658618927001953125" lon="120.26517405174672603607177734375">
        <ele>5</ele>
        <time>2026-01-13T13:36:35.000Z</time>
        <extensions>
          <ns3:TrackPointExtension>
            <ns3:hr>139</ns3:hr>
            <ns3:cad>90</ns3:cad>
          </ns3:TrackPointExtension>
        </extensions>
      </trkpt>
      <trkpt lat="30.43341008014976978302001953125" lon="120.2651629038155078887939453125">
        <ele>4.80000019073486328125</ele>
        <time>2026-01-13T13:36:36.000Z</time>
        <extensions>
          <ns3:TrackPointExtension>
            <ns3:hr>137</ns3:hr>
            <ns3:cad>91</ns3:cad>
          </ns3:TrackPointExtension>
        </extensions>
      </trkpt>
      <trkpt lat="30.4334284365177154541015625" lon="120.2651493251323699951171875">
        <ele>4.80000019073486328125</ele>
        <time>2026-01-13T13:36:37.000Z</time>
        <extensions>
          <ns3:TrackPointExtension>
            <ns3:hr>134</ns3:hr>
            <ns3:cad>92</ns3:cad>
          </ns3:TrackPointExtension>
        </extensions>
      </trkpt>
      <trkpt lat="30.43345400132238864898681640625" lon="120.265136249363422393798828125">
        <ele>4.80000019073486328125</ele>
        <time>2026-01-13T13:36:38.000Z</time>
        <extensions>
          <ns3:TrackPointExtension>
            <ns3:hr>132</ns3:hr>
            <ns3:cad>92</ns3:cad>
          </ns3:TrackPointExtension>
        </extensions>
      </trkpt>
      <trkpt lat="30.4334782250225543975830078125" lon="120.26512920856475830078125">
        <ele>4.80000019073486328125</ele>
        <time>2026-01-13T13:36:39.000Z</time>
        <extensions>
          <ns3:TrackPointExtension>
            <ns3:hr>130</ns3:hr>
            <ns3:cad>92</ns3:cad>
          </ns3:TrackPointExtension>
        </extensions>
      </trkpt>
      <trkpt lat="30.43350177817046642303466796875" lon="120.26512049138545989990234375">
        <ele>4.80000019073486328125</ele>
        <time>2026-01-13T13:36:40.000Z</time>
        <extensions>
          <ns3:TrackPointExtension>
            <ns3:hr>130</ns3:hr>
            <ns3:cad>92</ns3:cad>
          </ns3:TrackPointExtension>
        </extensions>
      </trkpt>
      <trkpt lat="30.4335184581577777862548828125" lon="120.26511110365390777587890625">
        <ele>5</ele>
        <time>2026-01-13T13:36:41.000Z</time>
        <extensions>
          <ns3:TrackPointExtension>
            <ns3:hr>131</ns3:hr>
            <ns3:cad>91</ns3:cad>
          </ns3:TrackPointExtension>
        </extensions>
      </trkpt>
      <trkpt lat="30.43356053531169891357421875" lon="120.265091992914676666259765625">
        <ele>5.19999980926513671875</ele>
        <time>2026-01-13T13:36:42.000Z</time>
        <extensions>
          <ns3:TrackPointExtension>
            <ns3:hr>131</ns3:hr>
            <ns3:cad>90</ns3:cad>
          </ns3:TrackPointExtension>
        </extensions>
      </trkpt>
      <trkpt lat="30.43359129689633846282958984375" lon="120.26507631875574588775634765625">
        <ele>5.400000095367431640625</ele>
        <time>2026-01-13T13:36:43.000Z</time>
        <extensions>
          <ns3:TrackPointExtension>
            <ns3:hr>131</ns3:hr>
            <ns3:cad>90</ns3:cad>
          </ns3:TrackPointExtension>
        </extensions>
      </trkpt>
      <trkpt lat="30.43361828662455081939697265625" lon="120.2650599740445613861083984375">
        <ele>5.400000095367431640625</ele>
        <time>2026-01-13T13:36:44.000Z</time>
        <extensions>
          <ns3:TrackPointExtension>
            <ns3:hr>130</ns3:hr>
            <ns3:cad>89</ns3:cad>
          </ns3:TrackPointExtension>
        </extensions>
      </trkpt>
      <trkpt lat="30.43363739736378192901611328125" lon="120.26505251415073871612548828125">
        <ele>5.19999980926513671875</ele>
        <time>2026-01-13T13:36:45.000Z</time>
        <extensions>
          <ns3:TrackPointExtension>
            <ns3:hr>130</ns3:hr>
            <ns3:cad>89</ns3:cad>
          </ns3:TrackPointExtension>
        </extensions>
      </trkpt>
      <trkpt lat="30.43366086669266223907470703125" lon="120.26504329405725002288818359375">
        <ele>5.19999980926513671875</ele>
        <time>2026-01-13T13:36:46.000Z</time>
        <extensions>
          <ns3:TrackPointExtension>
            <ns3:hr>130</ns3:hr>
            <ns3:cad>89</ns3:cad>
          </ns3:TrackPointExtension>
        </extensions>
      </trkpt>
      <trkpt lat="30.43367980979382991790771484375" lon="120.26503357104957103729248046875">
        <ele>5.19999980926513671875</ele>
        <time>2026-01-13T13:36:47.000Z</time>
        <extensions>
          <ns3:TrackPointExtension>
            <ns3:hr>130</ns3:hr>
            <ns3:cad>89</ns3:cad>
          </ns3:TrackPointExtension>
        </extensions>
      </trkpt>
      <trkpt lat="30.43369322083890438079833984375" lon="120.26502259075641632080078125">
        <ele>5.19999980926513671875</ele>
        <time>2026-01-13T13:36:48.000Z</time>
        <extensions>
          <ns3:TrackPointExtension>
            <ns3:hr>130</ns3:hr>
            <ns3:cad>90</ns3:cad>
          </ns3:TrackPointExtension>
        </extensions>
      </trkpt>
      <trkpt lat="30.43371166102588176727294921875" lon="120.265010185539722442626953125">
        <ele>5.400000095367431640625</ele>
        <time>2026-01-13T13:36:49.000Z</time>
        <extensions>
          <ns3:TrackPointExtension>
            <ns3:hr>130</ns3:hr>
            <ns3:cad>90</ns3:cad>
          </ns3:TrackPointExtension>
        </extensions>
      </trkpt>
      <trkpt lat="30.433723814785480499267578125" lon="120.2649986185133457183837890625">
        <ele>5.400000095367431640625</ele>
        <time>2026-01-13T13:36:50.000Z</time>
        <extensions>
          <ns3:TrackPointExtension>
            <ns3:hr>129</ns3:hr>
            <ns3:cad>90</ns3:cad>
          </ns3:TrackPointExtension>
        </extensions>
      </trkpt>
      <trkpt lat="30.43374116532504558563232421875" lon="120.26498973369598388671875">
        <ele>5.400000095367431640625</ele>
        <time>2026-01-13T13:36:51.000Z</time>
        <extensions>
          <ns3:TrackPointExtension>
            <ns3:hr>129</ns3:hr>
            <ns3:cad>89</ns3:cad>
          </ns3:TrackPointExtension>
        </extensions>
      </trkpt>
      <trkpt lat="30.43376329354941844940185546875" lon="120.2649691142141819000244140625">
        <ele>5.599999904632568359375</ele>
        <time>2026-01-13T13:36:52.000Z</time>
        <extensions>
          <ns3:TrackPointExtension>
            <ns3:hr>130</ns3:hr>
            <ns3:cad>89</ns3:cad>
          </ns3:TrackPointExtension>
        </extensions>
      </trkpt>
      <trkpt lat="30.43378139846026897430419921875" lon="120.26495595462620258331298828125">
        <ele>5.80000019073486328125</ele>
        <time>2026-01-13T13:36:53.000Z</time>
        <extensions>
          <ns3:TrackPointExtension>
            <ns3:hr>131</ns3:hr>
            <ns3:cad>90</ns3:cad>
          </ns3:TrackPointExtension>
        </extensions>
      </trkpt>
      <trkpt lat="30.43379950337111949920654296875" lon="120.2649401128292083740234375">
        <ele>5.80000019073486328125</ele>
        <time>2026-01-13T13:36:54.000Z</time>
        <extensions>
          <ns3:TrackPointExtension>
            <ns3:hr>131</ns3:hr>
            <ns3:cad>90</ns3:cad>
          </ns3:TrackPointExtension>
        </extensions>
      </trkpt>
      <trkpt lat="30.4338155128061771392822265625" lon="120.26492510922253131866455078125">
        <ele>6</ele>
        <time>2026-01-13T13:36:55.000Z</time>
        <extensions>
          <ns3:TrackPointExtension>
            <ns3:hr>135</ns3:hr>
            <ns3:cad>91</ns3:cad>
          </ns3:TrackPointExtension>
        </extensions>
      </trkpt>
      <trkpt lat="30.43382900767028331756591796875" lon="120.264916978776454925537109375">
        <ele>6</ele>
        <time>2026-01-13T13:36:56.000Z</time>
        <extensions>
          <ns3:TrackPointExtension>
            <ns3:hr>139</ns3:hr>
            <ns3:cad>91</ns3:cad>
          </ns3:TrackPointExtension>
        </extensions>
      </trkpt>
      <trkpt lat="30.43384350836277008056640625" lon="120.26490013115108013153076171875">
        <ele>6.19999980926513671875</ele>
        <time>2026-01-13T13:36:57.000Z</time>
        <extensions>
          <ns3:TrackPointExtension>
            <ns3:hr>141</ns3:hr>
            <ns3:cad>91</ns3:cad>
          </ns3:TrackPointExtension>
        </extensions>
      </trkpt>
      <trkpt lat="30.4338570870459079742431640625" lon="120.26489091105759143829345703125">
        <ele>6.19999980926513671875</ele>
        <time>2026-01-13T13:36:58.000Z</time>
        <extensions>
          <ns3:TrackPointExtension>
            <ns3:hr>142</ns3:hr>
            <ns3:cad>91</ns3:cad>
          </ns3:TrackPointExtension>
        </extensions>
      </trkpt>
      <trkpt lat="30.43387695215642452239990234375" lon="120.2648770809173583984375">
        <ele>6</ele>
        <time>2026-01-13T13:36:59.000Z</time>
        <extensions>
          <ns3:TrackPointExtension>
            <ns3:hr>143</ns3:hr>
            <ns3:cad>91</ns3:cad>
          </ns3:TrackPointExtension>
        </extensions>
      </trkpt>
      <trkpt lat="30.43390209786593914031982421875" lon="120.2648658491671085357666015625">
        <ele>5.80000019073486328125</ele>
        <time>2026-01-13T13:37:00.000Z</time>
        <extensions>
          <ns3:TrackPointExtension>
            <ns3:hr>143</ns3:hr>
            <ns3:cad>91</ns3:cad>
          </ns3:TrackPointExtension>
        </extensions>
      </trkpt>
      <trkpt lat="30.433918945491313934326171875" lon="120.26485704816877841949462890625">
        <ele>5.599999904632568359375</ele>
        <time>2026-01-13T13:37:01.000Z</time>
        <extensions>
          <ns3:TrackPointExtension>
            <ns3:hr>143</ns3:hr>
            <ns3:cad>91</ns3:cad>
          </ns3:TrackPointExtension>
        </extensions>
      </trkpt>
      <trkpt lat="30.43393897823989391326904296875" lon="120.2648490853607654571533203125">
        <ele>5.599999904632568359375</ele>
        <time>2026-01-13T13:37:02.000Z</time>
        <extensions>
          <ns3:TrackPointExtension>
            <ns3:hr>143</ns3:hr>
            <ns3:cad>92</ns3:cad>
          </ns3:TrackPointExtension>
        </extensions>
      </trkpt>
      <trkpt lat="30.43395389802753925323486328125" lon="120.264838524162769317626953125">
        <ele>5.400000095367431640625</ele>
        <time>2026-01-13T13:37:03.000Z</time>
        <extensions>
          <ns3:TrackPointExtension>
            <ns3:hr>143</ns3:hr>
            <ns3:cad>92</ns3:cad>
          </ns3:TrackPointExtension>
        </extensions>
      </trkpt>
      <trkpt lat="30.43397091329097747802734375" lon="120.26483324356377124786376953125">
        <ele>5.400000095367431640625</ele>
        <time>2026-01-13T13:37:04.000Z</time>
        <extensions>
          <ns3:TrackPointExtension>
            <ns3:hr>144</ns3:hr>
            <ns3:cad>92</ns3:cad>
          </ns3:TrackPointExtension>
        </extensions>
      </trkpt>
      <trkpt lat="30.4339834861457347869873046875" lon="120.26482880115509033203125">
        <ele>5.19999980926513671875</ele>
        <time>2026-01-13T13:37:05.000Z</time>
        <extensions>
          <ns3:TrackPointExtension>
            <ns3:hr>144</ns3:hr>
            <ns3:cad>92</ns3:cad>
          </ns3:TrackPointExtension>
        </extensions>
      </trkpt>
      <trkpt lat="30.43399597518146038055419921875" lon="120.2648168988525867462158203125">
        <ele>5.19999980926513671875</ele>
        <time>2026-01-13T13:37:06.000Z</time>
        <extensions>
          <ns3:TrackPointExtension>
            <ns3:hr>144</ns3:hr>
            <ns3:cad>92</ns3:cad>
          </ns3:TrackPointExtension>
        </extensions>
      </trkpt>
      <trkpt lat="30.43399899266660213470458984375" lon="120.26480667293071746826171875">
        <ele>5.19999980926513671875</ele>
        <time>2026-01-13T13:37:07.000Z</time>
        <extensions>
          <ns3:TrackPointExtension>
            <ns3:hr>144</ns3:hr>
            <ns3:cad>93</ns3:cad>
          </ns3:TrackPointExtension>
        </extensions>
      </trkpt>
      <trkpt lat="30.43402045033872127532958984375" lon="120.26479133404791355133056640625">
        <ele>5</ele>
        <time>2026-01-13T13:37:08.000Z</time>
        <extensions>
          <ns3:TrackPointExtension>
            <ns3:hr>145</ns3:hr>
            <ns3:cad>93</ns3:cad>
          </ns3:TrackPointExtension>
        </extensions>
      </trkpt>
      <trkpt lat="30.4340374656021595001220703125" lon="120.26477138511836528778076171875">
        <ele>5</ele>
        <time>2026-01-13T13:37:09.000Z</time>
        <extensions>
          <ns3:TrackPointExtension>
            <ns3:hr>145</ns3:hr>
            <ns3:cad>93</ns3:cad>
          </ns3:TrackPointExtension>
        </extensions>
      </trkpt>
      <trkpt lat="30.43405615724623203277587890625" lon="120.26475026272237300872802734375">
        <ele>5</ele>
        <time>2026-01-13T13:37:10.000Z</time>
        <extensions>
          <ns3:TrackPointExtension>
            <ns3:hr>145</ns3:hr>
            <ns3:cad>93</ns3:cad>
          </ns3:TrackPointExtension>
        </extensions>
      </trkpt>
      <trkpt lat="30.43408163823187351226806640625" lon="120.2647268772125244140625">
        <ele>4.80000019073486328125</ele>
        <time>2026-01-13T13:37:11.000Z</time>
        <extensions>
          <ns3:TrackPointExtension>
            <ns3:hr>145</ns3:hr>
            <ns3:cad>93</ns3:cad>
          </ns3:TrackPointExtension>
        </extensions>
      </trkpt>
      <trkpt lat="30.434104688465595245361328125" lon="120.264711119234561920166015625">
        <ele>4.80000019073486328125</ele>
        <time>2026-01-13T13:37:12.000Z</time>
        <extensions>
          <ns3:TrackPointExtension>
            <ns3:hr>145</ns3:hr>
            <ns3:cad>93</ns3:cad>
          </ns3:TrackPointExtension>
        </extensions>
      </trkpt>
      <trkpt lat="30.434126816689968109130859375" lon="120.26469913311302661895751953125">
        <ele>4.599999904632568359375</ele>
        <time>2026-01-13T13:37:13.000Z</time>
        <extensions>
          <ns3:TrackPointExtension>
            <ns3:hr>145</ns3:hr>
            <ns3:cad>92</ns3:cad>
          </ns3:TrackPointExtension>
        </extensions>
      </trkpt>
      <trkpt lat="30.4341457597911357879638671875" lon="120.26468957774341106414794921875">
        <ele>4.599999904632568359375</ele>
        <time>2026-01-13T13:37:14.000Z</time>
        <extensions>
          <ns3:TrackPointExtension>
            <ns3:hr>145</ns3:hr>
            <ns3:cad>92</ns3:cad>
          </ns3:TrackPointExtension>
        </extensions>
      </trkpt>
      <trkpt lat="30.43416805565357208251953125" lon="120.26467951945960521697998046875">
        <ele>4.80000019073486328125</ele>
        <time>2026-01-13T13:37:15.000Z</time>
        <extensions>
          <ns3:TrackPointExtension>
            <ns3:hr>145</ns3:hr>
            <ns3:cad>91</ns3:cad>
          </ns3:TrackPointExtension>
        </extensions>
      </trkpt>
      <trkpt lat="30.43418725021183490753173828125" lon="120.26466610841453075408935546875">
        <ele>4.599999904632568359375</ele>
        <time>2026-01-13T13:37:16.000Z</time>
        <extensions>
          <ns3:TrackPointExtension>
            <ns3:hr>145</ns3:hr>
            <ns3:cad>91</ns3:cad>
          </ns3:TrackPointExtension>
        </extensions>
      </trkpt>
      <trkpt lat="30.43420099653303623199462890625" lon="120.2646549604833126068115234375">
        <ele>4.400000095367431640625</ele>
        <time>2026-01-13T13:37:17.000Z</time>
        <extensions>
          <ns3:TrackPointExtension>
            <ns3:hr>145</ns3:hr>
            <ns3:cad>89</ns3:cad>
          </ns3:TrackPointExtension>
        </extensions>
      </trkpt>
      <trkpt lat="30.4342215321958065032958984375" lon="120.264643728733062744140625">
        <ele>4.400000095367431640625</ele>
        <time>2026-01-13T13:37:18.000Z</time>
        <extensions>
          <ns3:TrackPointExtension>
            <ns3:hr>145</ns3:hr>
            <ns3:cad>89</ns3:cad>
          </ns3:TrackPointExtension>
        </extensions>
      </trkpt>
      <trkpt lat="30.434234775602817535400390625" lon="120.26463459245860576629638671875">
        <ele>4.19999980926513671875</ele>
        <time>2026-01-13T13:37:19.000Z</time>
        <extensions>
          <ns3:TrackPointExtension>
            <ns3:hr>145</ns3:hr>
            <ns3:cad>89</ns3:cad>
          </ns3:TrackPointExtension>
        </extensions>
      </trkpt>
      <trkpt lat="30.43424005620181560516357421875" lon="120.26462637819349765777587890625">
        <ele>4.19999980926513671875</ele>
        <time>2026-01-13T13:37:20.000Z</time>
        <extensions>
          <ns3:TrackPointExtension>
            <ns3:hr>145</ns3:hr>
            <ns3:cad>89</ns3:cad>
          </ns3:TrackPointExtension>
        </extensions>
      </trkpt>
      <trkpt lat="30.4342443309724330902099609375" lon="120.26462151668965816497802734375">
        <ele>4.19999980926513671875</ele>
        <time>2026-01-13T13:37:21.000Z</time>
        <extensions>
          <ns3:TrackPointExtension>
            <ns3:hr>145</ns3:hr>
            <ns3:cad>89</ns3:cad>
          </ns3:TrackPointExtension>
        </extensions>
      </trkpt>
      <trkpt lat="30.4342547245323657989501953125" lon="120.264616906642913818359375">
        <ele>4.19999980926513671875</ele>
        <time>2026-01-13T13:37:22.000Z</time>
        <extensions>
          <ns3:TrackPointExtension>
            <ns3:hr>145</ns3:hr>
            <ns3:cad>89</ns3:cad>
          </ns3:TrackPointExtension>
        </extensions>
      </trkpt>
      <trkpt lat="30.43426872231066226959228515625" lon="120.26460827328264713287353515625">
        <ele>4.19999980926513671875</ele>
        <time>2026-01-13T13:37:23.000Z</time>
        <extensions>
          <ns3:TrackPointExtension>
            <ns3:hr>145</ns3:hr>
            <ns3:cad>89</ns3:cad>
          </ns3:TrackPointExtension>
        </extensions>
      </trkpt>
      <trkpt lat="30.43428649194538593292236328125" lon="120.264598466455936431884765625">
        <ele>4.19999980926513671875</ele>
        <time>2026-01-13T13:37:24.000Z</time>
        <extensions>
          <ns3:TrackPointExtension>
            <ns3:hr>145</ns3:hr>
            <ns3:cad>80</ns3:cad>
          </ns3:TrackPointExtension>
        </extensions>
      </trkpt>
      <trkpt lat="30.4343055188655853271484375" lon="120.2645882405340671539306640625">
        <ele>4</ele>
        <time>2026-01-13T13:37:25.000Z</time>
        <extensions>
          <ns3:TrackPointExtension>
            <ns3:hr>144</ns3:hr>
            <ns3:cad>0</ns3:cad>
          </ns3:TrackPointExtension>
        </extensions>
      </trkpt>
      <trkpt lat="30.4343211092054843902587890625" lon="120.26458011008799076080322265625">
        <ele>4</ele>
        <time>2026-01-13T13:37:26.000Z</time>
        <extensions>
          <ns3:TrackPointExtension>
            <ns3:hr>144</ns3:hr>
            <ns3:cad>0</ns3:cad>
          </ns3:TrackPointExtension>
        </extensions>
      </trkpt>
      <trkpt lat="30.43434063903987407684326171875" lon="120.26456921361386775970458984375">
        <ele>4</ele>
        <time>2026-01-13T13:37:27.000Z</time>
        <extensions>
          <ns3:TrackPointExtension>
            <ns3:hr>144</ns3:hr>
            <ns3:cad>88</ns3:cad>
          </ns3:TrackPointExtension>
        </extensions>
      </trkpt>
      <trkpt lat="30.4343640245497226715087890625" lon="120.26455278508365154266357421875">
        <ele>4.19999980926513671875</ele>
        <time>2026-01-13T13:37:28.000Z</time>
        <extensions>
          <ns3:TrackPointExtension>
            <ns3:hr>144</ns3:hr>
            <ns3:cad>88</ns3:cad>
          </ns3:TrackPointExtension>
        </extensions>
      </trkpt>
      <trkpt lat="30.4343848116695880889892578125" lon="120.2645372785627841949462890625">
        <ele>4.400000095367431640625</ele>
        <time>2026-01-13T13:37:29.000Z</time>
        <extensions>
          <ns3:TrackPointExtension>
            <ns3:hr>144</ns3:hr>
            <ns3:cad>90</ns3:cad>
          </ns3:TrackPointExtension>
        </extensions>
      </trkpt>
      <trkpt lat="30.43440274894237518310546875" lon="120.26452101767063140869140625">
        <ele>4.80000019073486328125</ele>
        <time>2026-01-13T13:37:30.000Z</time>
        <extensions>
          <ns3:TrackPointExtension>
            <ns3:hr>144</ns3:hr>
            <ns3:cad>90</ns3:cad>
          </ns3:TrackPointExtension>
        </extensions>
      </trkpt>
      <trkpt lat="30.43442093767225742340087890625" lon="120.2645040862262248992919921875">
        <ele>5</ele>
        <time>2026-01-13T13:37:31.000Z</time>
        <extensions>
          <ns3:TrackPointExtension>
            <ns3:hr>144</ns3:hr>
            <ns3:cad>90</ns3:cad>
          </ns3:TrackPointExtension>
        </extensions>
      </trkpt>
      <trkpt lat="30.43444189243018627166748046875" lon="120.26448891498148441314697265625">
        <ele>5.400000095367431640625</ele>
        <time>2026-01-13T13:37:32.000Z</time>
        <extensions>
          <ns3:TrackPointExtension>
            <ns3:hr>144</ns3:hr>
            <ns3:cad>92</ns3:cad>
          </ns3:TrackPointExtension>
        </extensions>
      </trkpt>
      <trkpt lat="30.4344656132161617279052734375" lon="120.26447298936545848846435546875">
        <ele>5.80000019073486328125</ele>
        <time>2026-01-13T13:37:33.000Z</time>
        <extensions>
          <ns3:TrackPointExtension>
            <ns3:hr>144</ns3:hr>
            <ns3:cad>92</ns3:cad>
          </ns3:TrackPointExtension>
        </extensions>
      </trkpt>
      <trkpt lat="30.4344879090785980224609375" lon="120.26445689611136913299560546875">
        <ele>6.19999980926513671875</ele>
        <time>2026-01-13T13:37:34.000Z</time>
        <extensions>
          <ns3:TrackPointExtension>
            <ns3:hr>144</ns3:hr>
            <ns3:cad>92</ns3:cad>
          </ns3:TrackPointExtension>
        </extensions>
      </trkpt>
      <trkpt lat="30.434507019817829132080078125" lon="120.26444189250469207763671875">
        <ele>6.400000095367431640625</ele>
        <time>2026-01-13T13:37:35.000Z</time>
        <extensions>
          <ns3:TrackPointExtension>
            <ns3:hr>144</ns3:hr>
            <ns3:cad>92</ns3:cad>
          </ns3:TrackPointExtension>
        </extensions>
      </trkpt>
      <trkpt lat="30.43452453799545764923095703125" lon="120.26443091221153736114501953125">
        <ele>6.400000095367431640625</ele>
        <time>2026-01-13T13:37:36.000Z</time>
        <extensions>
          <ns3:TrackPointExtension>
            <ns3:hr>143</ns3:hr>
            <ns3:cad>91</ns3:cad>
          </ns3:TrackPointExtension>
        </extensions>
      </trkpt>
      <trkpt lat="30.43454029597342014312744140625" lon="120.264423787593841552734375">
        <ele>6.19999980926513671875</ele>
        <time>2026-01-13T13:37:37.000Z</time>
        <extensions>
          <ns3:TrackPointExtension>
            <ns3:hr>143</ns3:hr>
            <ns3:cad>91</ns3:cad>
          </ns3:TrackPointExtension>
        </extensions>
      </trkpt>
      <trkpt lat="30.43455689214169979095458984375" lon="120.264417417347431182861328125">
        <ele>6.19999980926513671875</ele>
        <time>2026-01-13T13:37:38.000Z</time>
        <extensions>
          <ns3:TrackPointExtension>
            <ns3:hr>143</ns3:hr>
            <ns3:cad>91</ns3:cad>
          </ns3:TrackPointExtension>
        </extensions>
      </trkpt>
      <trkpt lat="30.434570051729679107666015625" lon="120.2644078619778156280517578125">
        <ele>6.19999980926513671875</ele>
        <time>2026-01-13T13:37:39.000Z</time>
        <extensions>
          <ns3:TrackPointExtension>
            <ns3:hr>142</ns3:hr>
            <ns3:cad>91</ns3:cad>
          </ns3:TrackPointExtension>
        </extensions>
      </trkpt>
      <trkpt lat="30.43458354659378528594970703125" lon="120.2643956243991851806640625">
        <ele>6.19999980926513671875</ele>
        <time>2026-01-13T13:37:40.000Z</time>
        <extensions>
          <ns3:TrackPointExtension>
            <ns3:hr>142</ns3:hr>
            <ns3:cad>91</ns3:cad>
          </ns3:TrackPointExtension>
        </extensions>
      </trkpt>
      <trkpt lat="30.4345925152301788330078125" lon="120.26438632048666477203369140625">
        <ele>6.19999980926513671875</ele>
        <time>2026-01-13T13:37:41.000Z</time>
        <extensions>
          <ns3:TrackPointExtension>
            <ns3:hr>142</ns3:hr>
            <ns3:cad>91</ns3:cad>
          </ns3:TrackPointExtension>
        </extensions>
      </trkpt>
      <trkpt lat="30.43460366316139698028564453125" lon="120.264379195868968963623046875">
        <ele>6.19999980926513671875</ele>
        <time>2026-01-13T13:37:42.000Z</time>
        <extensions>
          <ns3:TrackPointExtension>
            <ns3:hr>142</ns3:hr>
            <ns3:cad>91</ns3:cad>
          </ns3:TrackPointExtension>
        </extensions>
      </trkpt>
      <trkpt lat="30.4346168227493762969970703125" lon="120.26437190361320972442626953125">
        <ele>6.19999980926513671875</ele>
        <time>2026-01-13T13:37:43.000Z</time>
        <extensions>
          <ns3:TrackPointExtension>
            <ns3:hr>141</ns3:hr>
            <ns3:cad>91</ns3:cad>
          </ns3:TrackPointExtension>
        </extensions>
      </trkpt>
      <trkpt lat="30.43463014997541904449462890625" lon="120.2643599174916744232177734375">
        <ele>6.19999980926513671875</ele>
        <time>2026-01-13T13:37:44.000Z</time>
        <extensions>
          <ns3:TrackPointExtension>
            <ns3:hr>141</ns3:hr>
            <ns3:cad>91</ns3:cad>
          </ns3:TrackPointExtension>
        </extensions>
      </trkpt>
      <trkpt lat="30.434645824134349822998046875" lon="120.264352373778820037841796875">
        <ele>6.400000095367431640625</ele>
        <time>2026-01-13T13:37:45.000Z</time>
        <extensions>
          <ns3:TrackPointExtension>
            <ns3:hr>141</ns3:hr>
            <ns3:cad>0</ns3:cad>
          </ns3:TrackPointExtension>
        </extensions>
      </trkpt>
      <trkpt lat="30.4346580617129802703857421875" lon="120.26434843428432941436767578125">
        <ele>6.400000095367431640625</ele>
        <time>2026-01-13T13:37:46.000Z</time>
        <extensions>
          <ns3:TrackPointExtension>
            <ns3:hr>141</ns3:hr>
            <ns3:cad>0</ns3:cad>
          </ns3:TrackPointExtension>
        </extensions>
      </trkpt>
      <trkpt lat="30.43466971255838871002197265625" lon="120.264344327151775360107421875">
        <ele>6.400000095367431640625</ele>
        <time>2026-01-13T13:37:47.000Z</time>
        <extensions>
          <ns3:TrackPointExtension>
            <ns3:hr>140</ns3:hr>
            <ns3:cad>0</ns3:cad>
          </ns3:TrackPointExtension>
        </extensions>
      </trkpt>
      <trkpt lat="30.43468161486089229583740234375" lon="120.26434122584760189056396484375">
        <ele>6.19999980926513671875</ele>
        <time>2026-01-13T13:37:48.000Z</time>
        <extensions>
          <ns3:TrackPointExtension>
            <ns3:hr>138</ns3:hr>
            <ns3:cad>0</ns3:cad>
          </ns3:TrackPointExtension>
        </extensions>
      </trkpt>
      <trkpt lat="30.4346932657063007354736328125" lon="120.26433921419084072113037109375">
        <ele>6.19999980926513671875</ele>
        <time>2026-01-13T13:37:49.000Z</time>
        <extensions>
          <ns3:TrackPointExtension>
            <ns3:hr>138</ns3:hr>
            <ns3:cad>0</ns3:cad>
          </ns3:TrackPointExtension>
        </extensions>
      </trkpt>
      <trkpt lat="30.4347009770572185516357421875" lon="120.2643377892673015594482421875">
        <ele>6.19999980926513671875</ele>
        <time>2026-01-13T13:37:50.000Z</time>
        <extensions>
          <ns3:TrackPointExtension>
            <ns3:hr>137</ns3:hr>
            <ns3:cad>57</ns3:cad>
          </ns3:TrackPointExtension>
        </extensions>
      </trkpt>
      <trkpt lat="30.4346979595720767974853515625" lon="120.26433519087731838226318359375">
        <ele>6.19999980926513671875</ele>
        <time>2026-01-13T13:37:51.000Z</time>
        <extensions>
          <ns3:TrackPointExtension>
            <ns3:hr>136</ns3:hr>
            <ns3:cad>58</ns3:cad>
          </ns3:TrackPointExtension>
        </extensions>
      </trkpt>
      <trkpt lat="30.43470047414302825927734375" lon="120.2643377892673015594482421875">
        <ele>6.19999980926513671875</ele>
        <time>2026-01-13T13:37:52.000Z</time>
        <extensions>
          <ns3:TrackPointExtension>
            <ns3:hr>135</ns3:hr>
            <ns3:cad>58</ns3:cad>
          </ns3:TrackPointExtension>
        </extensions>
      </trkpt>
      <trkpt lat="30.4347016476094722747802734375" lon="120.2643366158008575439453125">
        <ele>6.19999980926513671875</ele>
        <time>2026-01-13T13:37:53.000Z</time>
        <extensions>
          <ns3:TrackPointExtension>
            <ns3:hr>131</ns3:hr>
            <ns3:cad>58</ns3:cad>
          </ns3:TrackPointExtension>
        </extensions>
      </trkpt>
      <trkpt lat="30.43470717966556549072265625" lon="120.2643364481627941131591796875">
        <ele>6.19999980926513671875</ele>
        <time>2026-01-13T13:37:54.000Z</time>
        <extensions>
          <ns3:TrackPointExtension>
            <ns3:hr>129</ns3:hr>
            <ns3:cad>57</ns3:cad>
          </ns3:TrackPointExtension>
        </extensions>
      </trkpt>
      <trkpt lat="30.43471547774970531463623046875" lon="120.26433519087731838226318359375">
        <ele>6.19999980926513671875</ele>
        <time>2026-01-13T13:37:55.000Z</time>
        <extensions>
          <ns3:TrackPointExtension>
            <ns3:hr>129</ns3:hr>
            <ns3:cad>57</ns3:cad>
          </ns3:TrackPointExtension>
        </extensions>
      </trkpt>
      <trkpt lat="30.4347244463860988616943359375" lon="120.26433720253407955169677734375">
        <ele>6.19999980926513671875</ele>
        <time>2026-01-13T13:37:56.000Z</time>
        <extensions>
          <ns3:TrackPointExtension>
            <ns3:hr>129</ns3:hr>
            <ns3:cad>58</ns3:cad>
          </ns3:TrackPointExtension>
        </extensions>
      </trkpt>
      <trkpt lat="30.43473743833601474761962890625" lon="120.264337621629238128662109375">
        <ele>6.19999980926513671875</ele>
        <time>2026-01-13T13:37:57.000Z</time>
        <extensions>
          <ns3:TrackPointExtension>
            <ns3:hr>129</ns3:hr>
            <ns3:cad>58</ns3:cad>
          </ns3:TrackPointExtension>
        </extensions>
      </trkpt>
      <trkpt lat="30.43475369922816753387451171875" lon="120.26433921419084072113037109375">
        <ele>6.19999980926513671875</ele>
        <time>2026-01-13T13:37:58.000Z</time>
        <extensions>
          <ns3:TrackPointExtension>
            <ns3:hr>129</ns3:hr>
            <ns3:cad>58</ns3:cad>
          </ns3:TrackPointExtension>
        </extensions>
      </trkpt>
      <trkpt lat="30.4347722232341766357421875" lon="120.2643458358943462371826171875">
        <ele>6.19999980926513671875</ele>
        <time>2026-01-13T13:37:59.000Z</time>
        <extensions>
          <ns3:TrackPointExtension>
            <ns3:hr>128</ns3:hr>
            <ns3:cad>58</ns3:cad>
          </ns3:TrackPointExtension>
        </extensions>
      </trkpt>
      <trkpt lat="30.43479410000145435333251953125" lon="120.26435111649334430694580078125">
        <ele>6</ele>
        <time>2026-01-13T13:38:00.000Z</time>
        <extensions>
          <ns3:TrackPointExtension>
            <ns3:hr>128</ns3:hr>
            <ns3:cad>58</ns3:cad>
          </ns3:TrackPointExtension>
        </extensions>
      </trkpt>
      <trkpt lat="30.43481371365487575531005859375" lon="120.26434759609401226043701171875">
        <ele>6.19999980926513671875</ele>
        <time>2026-01-13T13:38:01.000Z</time>
        <extensions>
          <ns3:TrackPointExtension>
            <ns3:hr>128</ns3:hr>
            <ns3:cad>58</ns3:cad>
          </ns3:TrackPointExtension>
        </extensions>
      </trkpt>
      <trkpt lat="30.43483458459377288818359375" lon="120.26434105820953845977783203125">
        <ele>6.19999980926513671875</ele>
        <time>2026-01-13T13:38:02.000Z</time>
        <extensions>
          <ns3:TrackPointExtension>
            <ns3:hr>127</ns3:hr>
            <ns3:cad>88</ns3:cad>
          </ns3:TrackPointExtension>
        </extensions>
      </trkpt>
      <trkpt lat="30.43485444970428943634033203125" lon="120.26433686725795269012451171875">
        <ele>6.19999980926513671875</ele>
        <time>2026-01-13T13:38:03.000Z</time>
        <extensions>
          <ns3:TrackPointExtension>
            <ns3:hr>127</ns3:hr>
            <ns3:cad>91</ns3:cad>
          </ns3:TrackPointExtension>
        </extensions>
      </trkpt>
      <trkpt lat="30.43487557210028171539306640625" lon="120.264329575002193450927734375">
        <ele>6.19999980926513671875</ele>
        <time>2026-01-13T13:38:04.000Z</time>
        <extensions>
          <ns3:TrackPointExtension>
            <ns3:hr>127</ns3:hr>
            <ns3:cad>91</ns3:cad>
          </ns3:TrackPointExtension>
        </extensions>
      </trkpt>
      <trkpt lat="30.43490029871463775634765625" lon="120.26432161219418048858642578125">
        <ele>6.19999980926513671875</ele>
        <time>2026-01-13T13:38:05.000Z</time>
        <extensions>
          <ns3:TrackPointExtension>
            <ns3:hr>128</ns3:hr>
            <ns3:cad>91</ns3:cad>
          </ns3:TrackPointExtension>
        </extensions>
      </trkpt>
      <trkpt lat="30.43491966091096401214599609375" lon="120.2643223665654659271240234375">
        <ele>6.19999980926513671875</ele>
        <time>2026-01-13T13:38:06.000Z</time>
        <extensions>
          <ns3:TrackPointExtension>
            <ns3:hr>128</ns3:hr>
            <ns3:cad>91</ns3:cad>
          </ns3:TrackPointExtension>
        </extensions>
      </trkpt>
      <trkpt lat="30.43493919074535369873046875" lon="120.26432177983224391937255859375">
        <ele>6</ele>
        <time>2026-01-13T13:38:07.000Z</time>
        <extensions>
          <ns3:TrackPointExtension>
            <ns3:hr>128</ns3:hr>
            <ns3:cad>93</ns3:cad>
          </ns3:TrackPointExtension>
        </extensions>
      </trkpt>
      <trkpt lat="30.43495922349393367767333984375" lon="120.2643223665654659271240234375">
        <ele>5.80000019073486328125</ele>
        <time>2026-01-13T13:38:08.000Z</time>
        <extensions>
          <ns3:TrackPointExtension>
            <ns3:hr>128</ns3:hr>
            <ns3:cad>93</ns3:cad>
          </ns3:TrackPointExtension>
        </extensions>
      </trkpt>
      <trkpt lat="30.43498051352798938751220703125" lon="120.2643124759197235107421875">
        <ele>5.599999904632568359375</ele>
        <time>2026-01-13T13:38:09.000Z</time>
        <extensions>
          <ns3:TrackPointExtension>
            <ns3:hr>129</ns3:hr>
            <ns3:cad>92</ns3:cad>
          </ns3:TrackPointExtension>
        </extensions>
      </trkpt>
      <trkpt lat="30.4350033961236476898193359375" lon="120.2642992325127124786376953125">
        <ele>5.400000095367431640625</ele>
        <time>2026-01-13T13:38:10.000Z</time>
        <extensions>
          <ns3:TrackPointExtension>
            <ns3:hr>129</ns3:hr>
            <ns3:cad>92</ns3:cad>
          </ns3:TrackPointExtension>
        </extensions>
      </trkpt>
      <trkpt lat="30.43504270724952220916748046875" lon="120.2642771042883396148681640625">
        <ele>5</ele>
        <time>2026-01-13T13:38:11.000Z</time>
        <extensions>
          <ns3:TrackPointExtension>
            <ns3:hr>129</ns3:hr>
            <ns3:cad>92</ns3:cad>
          </ns3:TrackPointExtension>
        </extensions>
      </trkpt>
      <trkpt lat="30.4350828565657138824462890625" lon="120.26425891555845737457275390625">
        <ele>4.80000019073486328125</ele>
        <time>2026-01-13T13:38:12.000Z</time>
        <extensions>
          <ns3:TrackPointExtension>
            <ns3:hr>130</ns3:hr>
            <ns3:cad>92</ns3:cad>
          </ns3:TrackPointExtension>
        </extensions>
      </trkpt>
      <trkpt lat="30.4351153783500194549560546875" lon="120.2642408944666385650634765625">
        <ele>4.599999904632568359375</ele>
        <time>2026-01-13T13:38:13.000Z</time>
        <extensions>
          <ns3:TrackPointExtension>
            <ns3:hr>131</ns3:hr>
            <ns3:cad>92</ns3:cad>
          </ns3:TrackPointExtension>
        </extensions>
      </trkpt>
      <trkpt lat="30.43513893149793148040771484375" lon="120.26422471739351749420166015625">
        <ele>4.599999904632568359375</ele>
        <time>2026-01-13T13:38:14.000Z</time>
        <extensions>
          <ns3:TrackPointExtension>
            <ns3:hr>133</ns3:hr>
            <ns3:cad>92</ns3:cad>
          </ns3:TrackPointExtension>
        </extensions>
      </trkpt>
      <trkpt lat="30.43515536002814769744873046875" lon="120.264218933880329132080078125">
        <ele>4.400000095367431640625</ele>
        <time>2026-01-13T13:38:15.000Z</time>
        <extensions>
          <ns3:TrackPointExtension>
            <ns3:hr>133</ns3:hr>
            <ns3:cad>90</ns3:cad>
          </ns3:TrackPointExtension>
        </extensions>
      </trkpt>
      <trkpt lat="30.4351804219186305999755859375" lon="120.26420812122523784637451171875">
        <ele>4.400000095367431640625</ele>
        <time>2026-01-13T13:38:16.000Z</time>
        <extensions>
          <ns3:TrackPointExtension>
            <ns3:hr>134</ns3:hr>
            <ns3:cad>90</ns3:cad>
          </ns3:TrackPointExtension>
        </extensions>
      </trkpt>
      <trkpt lat="30.4352032206952571868896484375" lon="120.2641986496746540069580078125">
        <ele>4.400000095367431640625</ele>
        <time>2026-01-13T13:38:17.000Z</time>
        <extensions>
          <ns3:TrackPointExtension>
            <ns3:hr>134</ns3:hr>
            <ns3:cad>92</ns3:cad>
          </ns3:TrackPointExtension>
        </extensions>
      </trkpt>
      <trkpt lat="30.4352263547480106353759765625" lon="120.26419521309435367584228515625">
        <ele>4.400000095367431640625</ele>
        <time>2026-01-13T13:38:18.000Z</time>
        <extensions>
          <ns3:TrackPointExtension>
            <ns3:hr>135</ns3:hr>
            <ns3:cad>93</ns3:cad>
          </ns3:TrackPointExtension>
        </extensions>
      </trkpt>
      <trkpt lat="30.43524974025785923004150390625" lon="120.26418850757181644439697265625">
        <ele>4.400000095367431640625</ele>
        <time>2026-01-13T13:38:19.000Z</time>
        <extensions>
          <ns3:TrackPointExtension>
            <ns3:hr>136</ns3:hr>
            <ns3:cad>93</ns3:cad>
          </ns3:TrackPointExtension>
        </extensions>
      </trkpt>
      <trkpt lat="30.435267426073551177978515625" lon="120.26417191140353679656982421875">
        <ele>4.400000095367431640625</ele>
        <time>2026-01-13T13:38:20.000Z</time>
        <extensions>
          <ns3:TrackPointExtension>
            <ns3:hr>138</ns3:hr>
            <ns3:cad>93</ns3:cad>
          </ns3:TrackPointExtension>
        </extensions>
      </trkpt>
      <trkpt lat="30.4352789930999279022216796875" lon="120.26414726860821247100830078125">
        <ele>4.19999980926513671875</ele>
        <time>2026-01-13T13:38:21.000Z</time>
        <extensions>
          <ns3:TrackPointExtension>
            <ns3:hr>139</ns3:hr>
            <ns3:cad>90</ns3:cad>
          </ns3:TrackPointExtension>
        </extensions>
      </trkpt>
      <trkpt lat="30.4352850280702114105224609375" lon="120.26411675848066806793212890625">
        <ele>4.19999980926513671875</ele>
        <time>2026-01-13T13:38:22.000Z</time>
        <extensions>
          <ns3:TrackPointExtension>
            <ns3:hr>140</ns3:hr>
            <ns3:cad>90</ns3:cad>
          </ns3:TrackPointExtension>
        </extensions>
      </trkpt>
      <trkpt lat="30.43528913520276546478271484375" lon="120.26408624835312366485595703125">
        <ele>4.19999980926513671875</ele>
        <time>2026-01-13T13:38:23.000Z</time>
        <extensions>
          <ns3:TrackPointExtension>
            <ns3:hr>140</ns3:hr>
            <ns3:cad>89</ns3:cad>
          </ns3:TrackPointExtension>
        </extensions>
      </trkpt>
      <trkpt lat="30.43529550544917583465576171875" lon="120.2640548162162303924560546875">
        <ele>4.400000095367431640625</ele>
        <time>2026-01-13T13:38:24.000Z</time>
        <extensions>
          <ns3:TrackPointExtension>
            <ns3:hr>140</ns3:hr>
            <ns3:cad>89</ns3:cad>
          </ns3:TrackPointExtension>
        </extensions>
      </trkpt>
      <trkpt lat="30.43530355207622051239013671875" lon="120.26402723975479602813720703125">
        <ele>4.400000095367431640625</ele>
        <time>2026-01-13T13:38:25.000Z</time>
        <extensions>
          <ns3:TrackPointExtension>
            <ns3:hr>140</ns3:hr>
            <ns3:cad>89</ns3:cad>
          </ns3:TrackPointExtension>
        </extensions>
      </trkpt>
      <trkpt lat="30.4353175498545169830322265625" lon="120.26400108821690082550048828125">
        <ele>4.599999904632568359375</ele>
        <time>2026-01-13T13:38:26.000Z</time>
        <extensions>
          <ns3:TrackPointExtension>
            <ns3:hr>140</ns3:hr>
            <ns3:cad>89</ns3:cad>
          </ns3:TrackPointExtension>
        </extensions>
      </trkpt>
      <trkpt lat="30.43533221818506717681884765625" lon="120.2639850787818431854248046875">
        <ele>4.599999904632568359375</ele>
        <time>2026-01-13T13:38:27.000Z</time>
        <extensions>
          <ns3:TrackPointExtension>
            <ns3:hr>140</ns3:hr>
            <ns3:cad>89</ns3:cad>
          </ns3:TrackPointExtension>
        </extensions>
      </trkpt>
      <trkpt lat="30.43534730561077594757080078125" lon="120.2639703266322612762451171875">
        <ele>4.80000019073486328125</ele>
        <time>2026-01-13T13:38:28.000Z</time>
        <extensions>
          <ns3:TrackPointExtension>
            <ns3:hr>141</ns3:hr>
            <ns3:cad>89</ns3:cad>
          </ns3:TrackPointExtension>
        </extensions>
      </trkpt>
      <trkpt lat="30.43536574579775333404541015625" lon="120.263953395187854766845703125">
        <ele>5</ele>
        <time>2026-01-13T13:38:29.000Z</time>
        <extensions>
          <ns3:TrackPointExtension>
            <ns3:hr>141</ns3:hr>
            <ns3:cad>90</ns3:cad>
          </ns3:TrackPointExtension>
        </extensions>
      </trkpt>
      <trkpt lat="30.43538820929825305938720703125" lon="120.263935960829257965087890625">
        <ele>5</ele>
        <time>2026-01-13T13:38:30.000Z</time>
        <extensions>
          <ns3:TrackPointExtension>
            <ns3:hr>141</ns3:hr>
            <ns3:cad>90</ns3:cad>
          </ns3:TrackPointExtension>
        </extensions>
      </trkpt>
      <trkpt lat="30.4354124329984188079833984375" lon="120.2639220468699932098388671875">
        <ele>5</ele>
        <time>2026-01-13T13:38:31.000Z</time>
        <extensions>
          <ns3:TrackPointExtension>
            <ns3:hr>141</ns3:hr>
            <ns3:cad>92</ns3:cad>
          </ns3:TrackPointExtension>
        </extensions>
      </trkpt>
      <trkpt lat="30.43543581850826740264892578125" lon="120.2639103122055530548095703125">
        <ele>5</ele>
        <time>2026-01-13T13:38:32.000Z</time>
        <extensions>
          <ns3:TrackPointExtension>
            <ns3:hr>141</ns3:hr>
            <ns3:cad>92</ns3:cad>
          </ns3:TrackPointExtension>
        </extensions>
      </trkpt>
      <trkpt lat="30.43546012602746486663818359375" lon="120.2638992480933666229248046875">
        <ele>5</ele>
        <time>2026-01-13T13:38:33.000Z</time>
        <extensions>
          <ns3:TrackPointExtension>
            <ns3:hr>141</ns3:hr>
            <ns3:cad>92</ns3:cad>
          </ns3:TrackPointExtension>
        </extensions>
      </trkpt>
      <trkpt lat="30.43548493646085262298583984375" lon="120.2638871781527996063232421875">
        <ele>5</ele>
        <time>2026-01-13T13:38:34.000Z</time>
        <extensions>
          <ns3:TrackPointExtension>
            <ns3:hr>140</ns3:hr>
            <ns3:cad>92</ns3:cad>
          </ns3:TrackPointExtension>
        </extensions>
      </trkpt>
      <trkpt lat="30.435510836541652679443359375" lon="120.26387586258351802825927734375">
        <ele>5</ele>
        <time>2026-01-13T13:38:35.000Z</time>
        <extensions>
          <ns3:TrackPointExtension>
            <ns3:hr>140</ns3:hr>
            <ns3:cad>92</ns3:cad>
          </ns3:TrackPointExtension>
        </extensions>
      </trkpt>
      <trkpt lat="30.43553556315600872039794921875" lon="120.263862870633602142333984375">
        <ele>5</ele>
        <time>2026-01-13T13:38:36.000Z</time>
        <extensions>
          <ns3:TrackPointExtension>
            <ns3:hr>140</ns3:hr>
            <ns3:cad>90</ns3:cad>
          </ns3:TrackPointExtension>
        </extensions>
      </trkpt>
      <trkpt lat="30.4355609603226184844970703125" lon="120.26384769938886165618896484375">
        <ele>5.19999980926513671875</ele>
        <time>2026-01-13T13:38:37.000Z</time>
        <extensions>
          <ns3:TrackPointExtension>
            <ns3:hr>139</ns3:hr>
            <ns3:cad>90</ns3:cad>
          </ns3:TrackPointExtension>
        </extensions>
      </trkpt>
      <trkpt lat="30.435587279498577117919921875" lon="120.26383579708635807037353515625">
        <ele>5.19999980926513671875</ele>
        <time>2026-01-13T13:38:38.000Z</time>
        <extensions>
          <ns3:TrackPointExtension>
            <ns3:hr>139</ns3:hr>
            <ns3:cad>91</ns3:cad>
          </ns3:TrackPointExtension>
        </extensions>
      </trkpt>
      <trkpt lat="30.435613095760345458984375" lon="120.26382138021290302276611328125">
        <ele>5</ele>
        <time>2026-01-13T13:38:39.000Z</time>
        <extensions>
          <ns3:TrackPointExtension>
            <ns3:hr>139</ns3:hr>
            <ns3:cad>93</ns3:cad>
          </ns3:TrackPointExtension>
        </extensions>
      </trkpt>
      <trkpt lat="30.43563790619373321533203125" lon="120.2638055384159088134765625">
        <ele>5</ele>
        <time>2026-01-13T13:38:40.000Z</time>
        <extensions>
          <ns3:TrackPointExtension>
            <ns3:hr>139</ns3:hr>
            <ns3:cad>94</ns3:cad>
          </ns3:TrackPointExtension>
        </extensions>
      </trkpt>
      <trkpt lat="30.43566129170358180999755859375" lon="120.26379053480923175811767578125">
        <ele>5</ele>
        <time>2026-01-13T13:38:41.000Z</time>
        <extensions>
          <ns3:TrackPointExtension>
            <ns3:hr>140</ns3:hr>
            <ns3:cad>94</ns3:cad>
          </ns3:TrackPointExtension>
        </extensions>
      </trkpt>
      <trkpt lat="30.43568509630858898162841796875" lon="120.2637787163257598876953125">
        <ele>4.80000019073486328125</ele>
        <time>2026-01-13T13:38:42.000Z</time>
        <extensions>
          <ns3:TrackPointExtension>
            <ns3:hr>140</ns3:hr>
            <ns3:cad>94</ns3:cad>
          </ns3:TrackPointExtension>
        </extensions>
      </trkpt>
      <trkpt lat="30.43570839799940586090087890625" lon="120.26376488618552684783935546875">
        <ele>4.80000019073486328125</ele>
        <time>2026-01-13T13:38:43.000Z</time>
        <extensions>
          <ns3:TrackPointExtension>
            <ns3:hr>141</ns3:hr>
            <ns3:cad>94</ns3:cad>
          </ns3:TrackPointExtension>
        </extensions>
      </trkpt>
      <trkpt lat="30.4357299394905567169189453125" lon="120.26374896056950092315673828125">
        <ele>4.80000019073486328125</ele>
        <time>2026-01-13T13:38:44.000Z</time>
        <extensions>
          <ns3:TrackPointExtension>
            <ns3:hr>141</ns3:hr>
            <ns3:cad>91</ns3:cad>
          </ns3:TrackPointExtension>
        </extensions>
      </trkpt>
      <trkpt lat="30.435752570629119873046875" lon="120.2637356333434581756591796875">
        <ele>4.80000019073486328125</ele>
        <time>2026-01-13T13:38:45.000Z</time>
        <extensions>
          <ns3:TrackPointExtension>
            <ns3:hr>141</ns3:hr>
            <ns3:cad>91</ns3:cad>
          </ns3:TrackPointExtension>
        </extensions>
      </trkpt>
      <trkpt lat="30.4357748664915561676025390625" lon="120.26372247375547885894775390625">
        <ele>5</ele>
        <time>2026-01-13T13:38:46.000Z</time>
        <extensions>
          <ns3:TrackPointExtension>
            <ns3:hr>142</ns3:hr>
            <ns3:cad>92</ns3:cad>
          </ns3:TrackPointExtension>
        </extensions>
      </trkpt>
      <trkpt lat="30.43579825200140476226806640625" lon="120.26371073909103870391845703125">
        <ele>5</ele>
        <time>2026-01-13T13:38:47.000Z</time>
        <extensions>
          <ns3:TrackPointExtension>
            <ns3:hr>143</ns3:hr>
            <ns3:cad>92</ns3:cad>
          </ns3:TrackPointExtension>
        </extensions>
      </trkpt>
      <trkpt lat="30.435822308063507080078125" lon="120.26369883678853511810302734375">
        <ele>5.19999980926513671875</ele>
        <time>2026-01-13T13:38:48.000Z</time>
        <extensions>
          <ns3:TrackPointExtension>
            <ns3:hr>143</ns3:hr>
            <ns3:cad>93</ns3:cad>
          </ns3:TrackPointExtension>
        </extensions>
      </trkpt>
      <trkpt lat="30.4358422569930553436279296875" lon="120.2636875212192535400390625">
        <ele>5.400000095367431640625</ele>
        <time>2026-01-13T13:38:49.000Z</time>
        <extensions>
          <ns3:TrackPointExtension>
            <ns3:hr>143</ns3:hr>
            <ns3:cad>93</ns3:cad>
          </ns3:TrackPointExtension>
        </extensions>
      </trkpt>
      <trkpt lat="30.4358657263219356536865234375" lon="120.26367469690740108489990234375">
        <ele>5.599999904632568359375</ele>
        <time>2026-01-13T13:38:50.000Z</time>
        <extensions>
          <ns3:TrackPointExtension>
            <ns3:hr>143</ns3:hr>
            <ns3:cad>93</ns3:cad>
          </ns3:TrackPointExtension>
        </extensions>
      </trkpt>
      <trkpt lat="30.4358881898224353790283203125" lon="120.26366111822426319122314453125">
        <ele>5.599999904632568359375</ele>
        <time>2026-01-13T13:38:51.000Z</time>
        <extensions>
          <ns3:TrackPointExtension>
            <ns3:hr>143</ns3:hr>
            <ns3:cad>93</ns3:cad>
          </ns3:TrackPointExtension>
        </extensions>
      </trkpt>
      <trkpt lat="30.4359140060842037200927734375" lon="120.26365022175014019012451171875">
        <ele>5.80000019073486328125</ele>
        <time>2026-01-13T13:38:52.000Z</time>
        <extensions>
          <ns3:TrackPointExtension>
            <ns3:hr>143</ns3:hr>
            <ns3:cad>95</ns3:cad>
          </ns3:TrackPointExtension>
        </extensions>
      </trkpt>
      <trkpt lat="30.43593806214630603790283203125" lon="120.26363647542893886566162109375">
        <ele>6</ele>
        <time>2026-01-13T13:38:53.000Z</time>
        <extensions>
          <ns3:TrackPointExtension>
            <ns3:hr>143</ns3:hr>
            <ns3:cad>95</ns3:cad>
          </ns3:TrackPointExtension>
        </extensions>
      </trkpt>
      <trkpt lat="30.435961447656154632568359375" lon="120.2636243216693401336669921875">
        <ele>6</ele>
        <time>2026-01-13T13:38:54.000Z</time>
        <extensions>
          <ns3:TrackPointExtension>
            <ns3:hr>143</ns3:hr>
            <ns3:cad>98</ns3:cad>
          </ns3:TrackPointExtension>
        </extensions>
      </trkpt>
      <trkpt lat="30.43598231859505176544189453125" lon="120.263608731329441070556640625">
        <ele>6</ele>
        <time>2026-01-13T13:38:55.000Z</time>
        <extensions>
          <ns3:TrackPointExtension>
            <ns3:hr>143</ns3:hr>
            <ns3:cad>98</ns3:cad>
          </ns3:TrackPointExtension>
        </extensions>
      </trkpt>
      <trkpt lat="30.43600042350590229034423828125" lon="120.2635884471237659454345703125">
        <ele>6</ele>
        <time>2026-01-13T13:38:56.000Z</time>
        <extensions>
          <ns3:TrackPointExtension>
            <ns3:hr>143</ns3:hr>
            <ns3:cad>97</ns3:cad>
          </ns3:TrackPointExtension>
        </extensions>
      </trkpt>
      <trkpt lat="30.4360202886164188385009765625" lon="120.2635700069367885589599609375">
        <ele>6</ele>
        <time>2026-01-13T13:38:57.000Z</time>
        <extensions>
          <ns3:TrackPointExtension>
            <ns3:hr>143</ns3:hr>
            <ns3:cad>96</ns3:cad>
          </ns3:TrackPointExtension>
        </extensions>
      </trkpt>
      <trkpt lat="30.4360404051840305328369140625" lon="120.263553075492382049560546875">
        <ele>6</ele>
        <time>2026-01-13T13:38:58.000Z</time>
        <extensions>
          <ns3:TrackPointExtension>
            <ns3:hr>143</ns3:hr>
            <ns3:cad>96</ns3:cad>
          </ns3:TrackPointExtension>
        </extensions>
      </trkpt>
      <trkpt lat="30.43605892919003963470458984375" lon="120.26353639550507068634033203125">
        <ele>6</ele>
        <time>2026-01-13T13:38:59.000Z</time>
        <extensions>
          <ns3:TrackPointExtension>
            <ns3:hr>143</ns3:hr>
            <ns3:cad>96</ns3:cad>
          </ns3:TrackPointExtension>
        </extensions>
      </trkpt>
      <trkpt lat="30.43607854284346103668212890625" lon="120.26352046988904476165771484375">
        <ele>6</ele>
        <time>2026-01-13T13:39:00.000Z</time>
        <extensions>
          <ns3:TrackPointExtension>
            <ns3:hr>143</ns3:hr>
            <ns3:cad>95</ns3:cad>
          </ns3:TrackPointExtension>
        </extensions>
      </trkpt>
      <trkpt lat="30.4360960610210895538330078125" lon="120.263507477939128875732421875">
        <ele>5.80000019073486328125</ele>
        <time>2026-01-13T13:39:01.000Z</time>
        <extensions>
          <ns3:TrackPointExtension>
            <ns3:hr>143</ns3:hr>
            <ns3:cad>95</ns3:cad>
          </ns3:TrackPointExtension>
        </extensions>
      </trkpt>
      <trkpt lat="30.43611659668385982513427734375" lon="120.26349565945565700531005859375">
        <ele>5.599999904632568359375</ele>
        <time>2026-01-13T13:39:02.000Z</time>
        <extensions>
          <ns3:TrackPointExtension>
            <ns3:hr>143</ns3:hr>
            <ns3:cad>94</ns3:cad>
          </ns3:TrackPointExtension>
        </extensions>
      </trkpt>
      <trkpt lat="30.4361346177756786346435546875" lon="120.26348459534347057342529296875">
        <ele>5.400000095367431640625</ele>
        <time>2026-01-13T13:39:03.000Z</time>
        <extensions>
          <ns3:TrackPointExtension>
            <ns3:hr>143</ns3:hr>
            <ns3:cad>94</ns3:cad>
          </ns3:TrackPointExtension>
        </extensions>
      </trkpt>
      <trkpt lat="30.4361577518284320831298828125" lon="120.2634727768599987030029296875">
        <ele>5.19999980926513671875</ele>
        <time>2026-01-13T13:39:04.000Z</time>
        <extensions>
          <ns3:TrackPointExtension>
            <ns3:hr>143</ns3:hr>
            <ns3:cad>94</ns3:cad>
          </ns3:TrackPointExtension>
        </extensions>
      </trkpt>
      <trkpt lat="30.436180047690868377685546875" lon="120.26346313767135143280029296875">
        <ele>5.19999980926513671875</ele>
        <time>2026-01-13T13:39:05.000Z</time>
        <extensions>
          <ns3:TrackPointExtension>
            <ns3:hr>143</ns3:hr>
            <ns3:cad>94</ns3:cad>
          </ns3:TrackPointExtension>
        </extensions>
      </trkpt>
      <trkpt lat="30.43620510958135128021240234375" lon="120.2634503133594989776611328125">
        <ele>5</ele>
        <time>2026-01-13T13:39:06.000Z</time>
        <extensions>
          <ns3:TrackPointExtension>
            <ns3:hr>143</ns3:hr>
            <ns3:cad>94</ns3:cad>
          </ns3:TrackPointExtension>
        </extensions>
      </trkpt>
      <trkpt lat="30.43622824363410472869873046875" lon="120.26343698613345623016357421875">
        <ele>4.80000019073486328125</ele>
        <time>2026-01-13T13:39:07.000Z</time>
        <extensions>
          <ns3:TrackPointExtension>
            <ns3:hr>143</ns3:hr>
            <ns3:cad>94</ns3:cad>
          </ns3:TrackPointExtension>
        </extensions>
      </trkpt>
      <trkpt lat="30.436248779296875" lon="120.26342139579355716705322265625">
        <ele>4.599999904632568359375</ele>
        <time>2026-01-13T13:39:08.000Z</time>
        <extensions>
          <ns3:TrackPointExtension>
            <ns3:hr>143</ns3:hr>
            <ns3:cad>95</ns3:cad>
          </ns3:TrackPointExtension>
        </extensions>
      </trkpt>
      <trkpt lat="30.4362715780735015869140625" lon="120.26340924203395843505859375">
        <ele>4.599999904632568359375</ele>
        <time>2026-01-13T13:39:09.000Z</time>
        <extensions>
          <ns3:TrackPointExtension>
            <ns3:hr>143</ns3:hr>
            <ns3:cad>95</ns3:cad>
          </ns3:TrackPointExtension>
        </extensions>
      </trkpt>
      <trkpt lat="30.4362905211746692657470703125" lon="120.2634003572165966033935546875">
        <ele>4.599999904632568359375</ele>
        <time>2026-01-13T13:39:10.000Z</time>
        <extensions>
          <ns3:TrackPointExtension>
            <ns3:hr>144</ns3:hr>
            <ns3:cad>95</ns3:cad>
          </ns3:TrackPointExtension>
        </extensions>
      </trkpt>
      <trkpt lat="30.4363146610558032989501953125" lon="120.2633943222463130950927734375">
        <ele>4.599999904632568359375</ele>
        <time>2026-01-13T13:39:11.000Z</time>
        <extensions>
          <ns3:TrackPointExtension>
            <ns3:hr>144</ns3:hr>
            <ns3:cad>95</ns3:cad>
          </ns3:TrackPointExtension>
        </extensions>
      </trkpt>
      <trkpt lat="30.4363354481756687164306640625" lon="120.2633872814476490020751953125">
        <ele>4.400000095367431640625</ele>
        <time>2026-01-13T13:39:12.000Z</time>
        <extensions>
          <ns3:TrackPointExtension>
            <ns3:hr>144</ns3:hr>
            <ns3:cad>95</ns3:cad>
          </ns3:TrackPointExtension>
        </extensions>
      </trkpt>
      <trkpt lat="30.436356067657470703125" lon="120.2633782289922237396240234375">
        <ele>4.400000095367431640625</ele>
        <time>2026-01-13T13:39:13.000Z</time>
        <extensions>
          <ns3:TrackPointExtension>
            <ns3:hr>144</ns3:hr>
            <ns3:cad>95</ns3:cad>
          </ns3:TrackPointExtension>
        </extensions>
      </trkpt>
      <trkpt lat="30.436375178396701812744140625" lon="120.26337143965065479278564453125">
        <ele>4.400000095367431640625</ele>
        <time>2026-01-13T13:39:14.000Z</time>
        <extensions>
          <ns3:TrackPointExtension>
            <ns3:hr>143</ns3:hr>
            <ns3:cad>94</ns3:cad>
          </ns3:TrackPointExtension>
        </extensions>
      </trkpt>
      <trkpt lat="30.43639428913593292236328125" lon="120.26336188428103923797607421875">
        <ele>4.400000095367431640625</ele>
        <time>2026-01-13T13:39:15.000Z</time>
        <extensions>
          <ns3:TrackPointExtension>
            <ns3:hr>143</ns3:hr>
            <ns3:cad>93</ns3:cad>
          </ns3:TrackPointExtension>
        </extensions>
      </trkpt>
      <trkpt lat="30.436412394046783447265625" lon="120.26335249654948711395263671875">
        <ele>4.400000095367431640625</ele>
        <time>2026-01-13T13:39:16.000Z</time>
        <extensions>
          <ns3:TrackPointExtension>
            <ns3:hr>143</ns3:hr>
            <ns3:cad>92</ns3:cad>
          </ns3:TrackPointExtension>
        </extensions>
      </trkpt>
      <trkpt lat="30.43642723001539707183837890625" lon="120.26334394700825214385986328125">
        <ele>4.400000095367431640625</ele>
        <time>2026-01-13T13:39:17.000Z</time>
        <extensions>
          <ns3:TrackPointExtension>
            <ns3:hr>143</ns3:hr>
            <ns3:cad>90</ns3:cad>
          </ns3:TrackPointExtension>
        </extensions>
      </trkpt>
      <trkpt lat="30.43644818477332592010498046875" lon="120.26333137415349483489990234375">
        <ele>4.19999980926513671875</ele>
        <time>2026-01-13T13:39:18.000Z</time>
        <extensions>
          <ns3:TrackPointExtension>
            <ns3:hr>143</ns3:hr>
            <ns3:cad>90</ns3:cad>
          </ns3:TrackPointExtension>
        </extensions>
      </trkpt>
      <trkpt lat="30.4364715702831745147705078125" lon="120.2633182145655155181884765625">
        <ele>4.19999980926513671875</ele>
        <time>2026-01-13T13:39:19.000Z</time>
        <extensions>
          <ns3:TrackPointExtension>
            <ns3:hr>143</ns3:hr>
            <ns3:cad>90</ns3:cad>
          </ns3:TrackPointExtension>
        </extensions>
      </trkpt>
      <trkpt lat="30.4364833049476146697998046875" lon="120.2632967568933963775634765625">
        <ele>4.19999980926513671875</ele>
        <time>2026-01-13T13:39:20.000Z</time>
        <extensions>
          <ns3:TrackPointExtension>
            <ns3:hr>143</ns3:hr>
            <ns3:cad>90</ns3:cad>
          </ns3:TrackPointExtension>
        </extensions>
      </trkpt>
      <trkpt lat="30.4365004040300846099853515625" lon="120.2632870338857173919677734375">
        <ele>4.19999980926513671875</ele>
        <time>2026-01-13T13:39:21.000Z</time>
        <extensions>
          <ns3:TrackPointExtension>
            <ns3:hr>144</ns3:hr>
            <ns3:cad>90</ns3:cad>
          </ns3:TrackPointExtension>
        </extensions>
      </trkpt>
      <trkpt lat="30.43651901185512542724609375" lon="120.2632779814302921295166015625">
        <ele>4</ele>
        <time>2026-01-13T13:39:22.000Z</time>
        <extensions>
          <ns3:TrackPointExtension>
            <ns3:hr>144</ns3:hr>
            <ns3:cad>91</ns3:cad>
          </ns3:TrackPointExtension>
        </extensions>
      </trkpt>
      <trkpt lat="30.4365386255085468292236328125" lon="120.26327035389840602874755859375">
        <ele>4</ele>
        <time>2026-01-13T13:39:23.000Z</time>
        <extensions>
          <ns3:TrackPointExtension>
            <ns3:hr>144</ns3:hr>
            <ns3:cad>91</ns3:cad>
          </ns3:TrackPointExtension>
        </extensions>
      </trkpt>
      <trkpt lat="30.4365584068000316619873046875" lon="120.263260714709758758544921875">
        <ele>4</ele>
        <time>2026-01-13T13:39:24.000Z</time>
        <extensions>
          <ns3:TrackPointExtension>
            <ns3:hr>144</ns3:hr>
            <ns3:cad>92</ns3:cad>
          </ns3:TrackPointExtension>
        </extensions>
      </trkpt>
      <trkpt lat="30.43658564798533916473388671875" lon="120.26324705220758914947509765625">
        <ele>4</ele>
        <time>2026-01-13T13:39:25.000Z</time>
        <extensions>
          <ns3:TrackPointExtension>
            <ns3:hr>144</ns3:hr>
            <ns3:cad>93</ns3:cad>
          </ns3:TrackPointExtension>
        </extensions>
      </trkpt>
      <trkpt lat="30.43660811148583889007568359375" lon="120.2632342278957366943359375">
        <ele>4</ele>
        <time>2026-01-13T13:39:26.000Z</time>
        <extensions>
          <ns3:TrackPointExtension>
            <ns3:hr>144</ns3:hr>
            <ns3:cad>93</ns3:cad>
          </ns3:TrackPointExtension>
        </extensions>
      </trkpt>
      <trkpt lat="30.43662889860570430755615234375" lon="120.26322148740291595458984375">
        <ele>4</ele>
        <time>2026-01-13T13:39:27.000Z</time>
        <extensions>
          <ns3:TrackPointExtension>
            <ns3:hr>145</ns3:hr>
            <ns3:cad>93</ns3:cad>
          </ns3:TrackPointExtension>
        </extensions>
      </trkpt>
      <trkpt lat="30.436644740402698516845703125" lon="120.2632089145481586456298828125">
        <ele>4</ele>
        <time>2026-01-13T13:39:28.000Z</time>
        <extensions>
          <ns3:TrackPointExtension>
            <ns3:hr>145</ns3:hr>
            <ns3:cad>92</ns3:cad>
          </ns3:TrackPointExtension>
        </extensions>
      </trkpt>
      <trkpt lat="30.4366685450077056884765625" lon="120.2631934918463230133056640625">
        <ele>4.19999980926513671875</ele>
        <time>2026-01-13T13:39:29.000Z</time>
        <extensions>
          <ns3:TrackPointExtension>
            <ns3:hr>145</ns3:hr>
            <ns3:cad>92</ns3:cad>
          </ns3:TrackPointExtension>
        </extensions>
      </trkpt>
      <trkpt lat="30.43668421916663646697998046875" lon="120.26318217627704143524169921875">
        <ele>4.19999980926513671875</ele>
        <time>2026-01-13T13:39:30.000Z</time>
        <extensions>
          <ns3:TrackPointExtension>
            <ns3:hr>145</ns3:hr>
            <ns3:cad>92</ns3:cad>
          </ns3:TrackPointExtension>
        </extensions>
      </trkpt>
      <trkpt lat="30.43670517392456531524658203125" lon="120.2631690166890621185302734375">
        <ele>4.19999980926513671875</ele>
        <time>2026-01-13T13:39:31.000Z</time>
        <extensions>
          <ns3:TrackPointExtension>
            <ns3:hr>145</ns3:hr>
            <ns3:cad>92</ns3:cad>
          </ns3:TrackPointExtension>
        </extensions>
      </trkpt>
      <trkpt lat="30.43673182837665081024169921875" lon="120.26315686292946338653564453125">
        <ele>4.400000095367431640625</ele>
        <time>2026-01-13T13:39:32.000Z</time>
        <extensions>
          <ns3:TrackPointExtension>
            <ns3:hr>145</ns3:hr>
            <ns3:cad>92</ns3:cad>
          </ns3:TrackPointExtension>
        </extensions>
      </trkpt>
      <trkpt lat="30.43674968183040618896484375" lon="120.26314496062695980072021484375">
        <ele>4.400000095367431640625</ele>
        <time>2026-01-13T13:39:33.000Z</time>
        <extensions>
          <ns3:TrackPointExtension>
            <ns3:hr>145</ns3:hr>
            <ns3:cad>92</ns3:cad>
          </ns3:TrackPointExtension>
        </extensions>
      </trkpt>
      <trkpt lat="30.4367726482450962066650390625" lon="120.26312869973480701446533203125">
        <ele>4.599999904632568359375</ele>
        <time>2026-01-13T13:39:34.000Z</time>
        <extensions>
          <ns3:TrackPointExtension>
            <ns3:hr>146</ns3:hr>
            <ns3:cad>92</ns3:cad>
          </ns3:TrackPointExtension>
        </extensions>
      </trkpt>
      <trkpt lat="30.43678798712790012359619140625" lon="120.26311931200325489044189453125">
        <ele>4.599999904632568359375</ele>
        <time>2026-01-13T13:39:35.000Z</time>
        <extensions>
          <ns3:TrackPointExtension>
            <ns3:hr>146</ns3:hr>
            <ns3:cad>92</ns3:cad>
          </ns3:TrackPointExtension>
        </extensions>
      </trkpt>
      <trkpt lat="30.43681296519935131072998046875" lon="120.263104476034641265869140625">
        <ele>4.400000095367431640625</ele>
        <time>2026-01-13T13:39:36.000Z</time>
        <extensions>
          <ns3:TrackPointExtension>
            <ns3:hr>146</ns3:hr>
            <ns3:cad>93</ns3:cad>
          </ns3:TrackPointExtension>
        </extensions>
      </trkpt>
      <trkpt lat="30.43683526106178760528564453125" lon="120.2630915679037570953369140625">
        <ele>4.400000095367431640625</ele>
        <time>2026-01-13T13:39:37.000Z</time>
        <extensions>
          <ns3:TrackPointExtension>
            <ns3:hr>146</ns3:hr>
            <ns3:cad>93</ns3:cad>
          </ns3:TrackPointExtension>
        </extensions>
      </trkpt>
      <trkpt lat="30.4368547908961772918701171875" lon="120.2630805037915706634521484375">
        <ele>4.400000095367431640625</ele>
        <time>2026-01-13T13:39:38.000Z</time>
        <extensions>
          <ns3:TrackPointExtension>
            <ns3:hr>145</ns3:hr>
            <ns3:cad>93</ns3:cad>
          </ns3:TrackPointExtension>
        </extensions>
      </trkpt>
      <trkpt lat="30.43688085861504077911376953125" lon="120.263067595660686492919921875">
        <ele>4.400000095367431640625</ele>
        <time>2026-01-13T13:39:39.000Z</time>
        <extensions>
          <ns3:TrackPointExtension>
            <ns3:hr>145</ns3:hr>
            <ns3:cad>93</ns3:cad>
          </ns3:TrackPointExtension>
        </extensions>
      </trkpt>
      <trkpt lat="30.4369074292480945587158203125" lon="120.26305309496819972991943359375">
        <ele>4.19999980926513671875</ele>
        <time>2026-01-13T13:39:40.000Z</time>
        <extensions>
          <ns3:TrackPointExtension>
            <ns3:hr>146</ns3:hr>
            <ns3:cad>92</ns3:cad>
          </ns3:TrackPointExtension>
        </extensions>
      </trkpt>
      <trkpt lat="30.43692536652088165283203125" lon="120.26304672472178936004638671875">
        <ele>4.400000095367431640625</ele>
        <time>2026-01-13T13:39:41.000Z</time>
        <extensions>
          <ns3:TrackPointExtension>
            <ns3:hr>145</ns3:hr>
            <ns3:cad>92</ns3:cad>
          </ns3:TrackPointExtension>
        </extensions>
      </trkpt>
      <trkpt lat="30.4369466565549373626708984375" lon="120.2630384266376495361328125">
        <ele>4.400000095367431640625</ele>
        <time>2026-01-13T13:39:42.000Z</time>
        <extensions>
          <ns3:TrackPointExtension>
            <ns3:hr>145</ns3:hr>
            <ns3:cad>90</ns3:cad>
          </ns3:TrackPointExtension>
        </extensions>
      </trkpt>
      <trkpt lat="30.4369689524173736572265625" lon="120.26302392594516277313232421875">
        <ele>4.400000095367431640625</ele>
        <time>2026-01-13T13:39:43.000Z</time>
        <extensions>
          <ns3:TrackPointExtension>
            <ns3:hr>145</ns3:hr>
            <ns3:cad>90</ns3:cad>
          </ns3:TrackPointExtension>
        </extensions>
      </trkpt>
      <trkpt lat="30.43698479421436786651611328125" lon="120.26301621459424495697021484375">
        <ele>4.400000095367431640625</ele>
        <time>2026-01-13T13:39:44.000Z</time>
        <extensions>
          <ns3:TrackPointExtension>
            <ns3:hr>145</ns3:hr>
            <ns3:cad>89</ns3:cad>
          </ns3:TrackPointExtension>
        </extensions>
      </trkpt>
      <trkpt lat="30.43700859881937503814697265625" lon="120.26300649158656597137451171875">
        <ele>4.400000095367431640625</ele>
        <time>2026-01-13T13:39:45.000Z</time>
        <extensions>
          <ns3:TrackPointExtension>
            <ns3:hr>145</ns3:hr>
            <ns3:cad>89</ns3:cad>
          </ns3:TrackPointExtension>
        </extensions>
      </trkpt>
      <trkpt lat="30.43702687136828899383544921875" lon="120.26299618184566497802734375">
        <ele>4.599999904632568359375</ele>
        <time>2026-01-13T13:39:46.000Z</time>
        <extensions>
          <ns3:TrackPointExtension>
            <ns3:hr>145</ns3:hr>
            <ns3:cad>90</ns3:cad>
          </ns3:TrackPointExtension>
        </extensions>
      </trkpt>
      <trkpt lat="30.43704648502171039581298828125" lon="120.2629874646663665771484375">
        <ele>4.599999904632568359375</ele>
        <time>2026-01-13T13:39:47.000Z</time>
        <extensions>
          <ns3:TrackPointExtension>
            <ns3:hr>145</ns3:hr>
            <ns3:cad>90</ns3:cad>
          </ns3:TrackPointExtension>
        </extensions>
      </trkpt>
      <trkpt lat="30.43706626631319522857666015625" lon="120.26297698728740215301513671875">
        <ele>4.599999904632568359375</ele>
        <time>2026-01-13T13:39:48.000Z</time>
        <extensions>
          <ns3:TrackPointExtension>
            <ns3:hr>145</ns3:hr>
            <ns3:cad>91</ns3:cad>
          </ns3:TrackPointExtension>
        </extensions>
      </trkpt>
      <trkpt lat="30.43708738870918750762939453125" lon="120.2629641629755496978759765625">
        <ele>4.599999904632568359375</ele>
        <time>2026-01-13T13:39:49.000Z</time>
        <extensions>
          <ns3:TrackPointExtension>
            <ns3:hr>145</ns3:hr>
            <ns3:cad>92</ns3:cad>
          </ns3:TrackPointExtension>
        </extensions>
      </trkpt>
      <trkpt lat="30.43710968457162380218505859375" lon="120.26294463314116001129150390625">
        <ele>4.599999904632568359375</ele>
        <time>2026-01-13T13:39:50.000Z</time>
        <extensions>
          <ns3:TrackPointExtension>
            <ns3:hr>144</ns3:hr>
            <ns3:cad>93</ns3:cad>
          </ns3:TrackPointExtension>
        </extensions>
      </trkpt>
      <trkpt lat="30.43712778948247432708740234375" lon="120.26292636059224605560302734375">
        <ele>4.599999904632568359375</ele>
        <time>2026-01-13T13:39:51.000Z</time>
        <extensions>
          <ns3:TrackPointExtension>
            <ns3:hr>144</ns3:hr>
            <ns3:cad>93</ns3:cad>
          </ns3:TrackPointExtension>
        </extensions>
      </trkpt>
      <trkpt lat="30.43714933097362518310546875" lon="120.262905992567539215087890625">
        <ele>4.599999904632568359375</ele>
        <time>2026-01-13T13:39:52.000Z</time>
        <extensions>
          <ns3:TrackPointExtension>
            <ns3:hr>144</ns3:hr>
            <ns3:cad>93</ns3:cad>
          </ns3:TrackPointExtension>
        </extensions>
      </trkpt>
      <trkpt lat="30.43716835789382457733154296875" lon="120.2628857083618640899658203125">
        <ele>4.599999904632568359375</ele>
        <time>2026-01-13T13:39:53.000Z</time>
        <extensions>
          <ns3:TrackPointExtension>
            <ns3:hr>144</ns3:hr>
            <ns3:cad>94</ns3:cad>
          </ns3:TrackPointExtension>
        </extensions>
      </trkpt>
      <trkpt lat="30.43718294240534305572509765625" lon="120.2628595568239688873291015625">
        <ele>4.599999904632568359375</ele>
        <time>2026-01-13T13:39:54.000Z</time>
        <extensions>
          <ns3:TrackPointExtension>
            <ns3:hr>144</ns3:hr>
            <ns3:cad>94</ns3:cad>
          </ns3:TrackPointExtension>
        </extensions>
      </trkpt>
      <trkpt lat="30.43719224631786346435546875" lon="120.2628434635698795318603515625">
        <ele>4.599999904632568359375</ele>
        <time>2026-01-13T13:39:55.000Z</time>
        <extensions>
          <ns3:TrackPointExtension>
            <ns3:hr>144</ns3:hr>
            <ns3:cad>94</ns3:cad>
          </ns3:TrackPointExtension>
        </extensions>
      </trkpt>
      <trkpt lat="30.4372148774564266204833984375" lon="120.26282611303031444549560546875">
        <ele>4.599999904632568359375</ele>
        <time>2026-01-13T13:39:56.000Z</time>
        <extensions>
          <ns3:TrackPointExtension>
            <ns3:hr>144</ns3:hr>
            <ns3:cad>93</ns3:cad>
          </ns3:TrackPointExtension>
        </extensions>
      </trkpt>
      <trkpt lat="30.4372410289943218231201171875" lon="120.262814462184906005859375">
        <ele>4.599999904632568359375</ele>
        <time>2026-01-13T13:39:57.000Z</time>
        <extensions>
          <ns3:TrackPointExtension>
            <ns3:hr>145</ns3:hr>
            <ns3:cad>93</ns3:cad>
          </ns3:TrackPointExtension>
        </extensions>
      </trkpt>
      <trkpt lat="30.43726039119064807891845703125" lon="120.26280364952981472015380859375">
        <ele>4.599999904632568359375</ele>
        <time>2026-01-13T13:39:58.000Z</time>
        <extensions>
          <ns3:TrackPointExtension>
            <ns3:hr>145</ns3:hr>
            <ns3:cad>93</ns3:cad>
          </ns3:TrackPointExtension>
        </extensions>
      </trkpt>
      <trkpt lat="30.43728771619498729705810546875" lon="120.26278705336153507232666015625">
        <ele>4.80000019073486328125</ele>
        <time>2026-01-13T13:39:59.000Z</time>
        <extensions>
          <ns3:TrackPointExtension>
            <ns3:hr>145</ns3:hr>
            <ns3:cad>93</ns3:cad>
          </ns3:TrackPointExtension>
        </extensions>
      </trkpt>
      <trkpt lat="30.43730498291552066802978515625" lon="120.26277934201061725616455078125">
        <ele>4.80000019073486328125</ele>
        <time>2026-01-13T13:40:00.000Z</time>
        <extensions>
          <ns3:TrackPointExtension>
            <ns3:hr>145</ns3:hr>
            <ns3:cad>93</ns3:cad>
          </ns3:TrackPointExtension>
        </extensions>
      </trkpt>
      <trkpt lat="30.4373245127499103546142578125" lon="120.26276727207005023956298828125">
        <ele>5</ele>
        <time>2026-01-13T13:40:01.000Z</time>
        <extensions>
          <ns3:TrackPointExtension>
            <ns3:hr>145</ns3:hr>
            <ns3:cad>94</ns3:cad>
          </ns3:TrackPointExtension>
        </extensions>
      </trkpt>
      <trkpt lat="30.437347479164600372314453125" lon="120.2627546153962612152099609375">
        <ele>5.19999980926513671875</ele>
        <time>2026-01-13T13:40:02.000Z</time>
        <extensions>
          <ns3:TrackPointExtension>
            <ns3:hr>145</ns3:hr>
            <ns3:cad>94</ns3:cad>
          </ns3:TrackPointExtension>
        </extensions>
      </trkpt>
      <trkpt lat="30.4373697750270366668701171875" lon="120.26274447329342365264892578125">
        <ele>5.400000095367431640625</ele>
        <time>2026-01-13T13:40:03.000Z</time>
        <extensions>
          <ns3:TrackPointExtension>
            <ns3:hr>146</ns3:hr>
            <ns3:cad>93</ns3:cad>
          </ns3:TrackPointExtension>
        </extensions>
      </trkpt>
      <trkpt lat="30.4373851977288722991943359375" lon="120.26273332536220550537109375">
        <ele>5.400000095367431640625</ele>
        <time>2026-01-13T13:40:04.000Z</time>
        <extensions>
          <ns3:TrackPointExtension>
            <ns3:hr>146</ns3:hr>
            <ns3:cad>93</ns3:cad>
          </ns3:TrackPointExtension>
        </extensions>
      </trkpt>
      <trkpt lat="30.4374066554009914398193359375" lon="120.26272125542163848876953125">
        <ele>5.599999904632568359375</ele>
        <time>2026-01-13T13:40:05.000Z</time>
        <extensions>
          <ns3:TrackPointExtension>
            <ns3:hr>146</ns3:hr>
            <ns3:cad>93</ns3:cad>
          </ns3:TrackPointExtension>
        </extensions>
      </trkpt>
      <trkpt lat="30.4374277777969837188720703125" lon="120.26271044276654720306396484375">
        <ele>5.80000019073486328125</ele>
        <time>2026-01-13T13:40:06.000Z</time>
        <extensions>
          <ns3:TrackPointExtension>
            <ns3:hr>146</ns3:hr>
            <ns3:cad>93</ns3:cad>
          </ns3:TrackPointExtension>
        </extensions>
      </trkpt>
      <trkpt lat="30.4374499060213565826416015625" lon="120.26269736699759960174560546875">
        <ele>6</ele>
        <time>2026-01-13T13:40:07.000Z</time>
        <extensions>
          <ns3:TrackPointExtension>
            <ns3:hr>146</ns3:hr>
            <ns3:cad>92</ns3:cad>
          </ns3:TrackPointExtension>
        </extensions>
      </trkpt>
      <trkpt lat="30.4374757222831249237060546875" lon="120.2626811899244785308837890625">
        <ele>6</ele>
        <time>2026-01-13T13:40:08.000Z</time>
        <extensions>
          <ns3:TrackPointExtension>
            <ns3:hr>147</ns3:hr>
            <ns3:cad>92</ns3:cad>
          </ns3:TrackPointExtension>
        </extensions>
      </trkpt>
      <trkpt lat="30.4374941624701023101806640625" lon="120.26267289184033870697021484375">
        <ele>6.19999980926513671875</ele>
        <time>2026-01-13T13:40:09.000Z</time>
        <extensions>
          <ns3:TrackPointExtension>
            <ns3:hr>147</ns3:hr>
            <ns3:cad>93</ns3:cad>
          </ns3:TrackPointExtension>
        </extensions>
      </trkpt>
      <trkpt lat="30.43752039782702922821044921875" lon="120.2626614086329936981201171875">
        <ele>6.19999980926513671875</ele>
        <time>2026-01-13T13:40:10.000Z</time>
        <extensions>
          <ns3:TrackPointExtension>
            <ns3:hr>147</ns3:hr>
            <ns3:cad>93</ns3:cad>
          </ns3:TrackPointExtension>
        </extensions>
      </trkpt>
      <trkpt lat="30.43754152022302150726318359375" lon="120.26265512220561504364013671875">
        <ele>6.19999980926513671875</ele>
        <time>2026-01-13T13:40:11.000Z</time>
        <extensions>
          <ns3:TrackPointExtension>
            <ns3:hr>147</ns3:hr>
            <ns3:cad>93</ns3:cad>
          </ns3:TrackPointExtension>
        </extensions>
      </trkpt>
      <trkpt lat="30.43756281025707721710205078125" lon="120.262643136084079742431640625">
        <ele>6.400000095367431640625</ele>
        <time>2026-01-13T13:40:12.000Z</time>
        <extensions>
          <ns3:TrackPointExtension>
            <ns3:hr>148</ns3:hr>
            <ns3:cad>92</ns3:cad>
          </ns3:TrackPointExtension>
        </extensions>
      </trkpt>
      <trkpt lat="30.43758996762335300445556640625" lon="120.26263274252414703369140625">
        <ele>6.400000095367431640625</ele>
        <time>2026-01-13T13:40:13.000Z</time>
        <extensions>
          <ns3:TrackPointExtension>
            <ns3:hr>148</ns3:hr>
            <ns3:cad>92</ns3:cad>
          </ns3:TrackPointExtension>
        </extensions>
      </trkpt>
      <trkpt lat="30.43761209584772586822509765625" lon="120.2626292221248149871826171875">
        <ele>6.599999904632568359375</ele>
        <time>2026-01-13T13:40:14.000Z</time>
        <extensions>
          <ns3:TrackPointExtension>
            <ns3:hr>148</ns3:hr>
            <ns3:cad>91</ns3:cad>
          </ns3:TrackPointExtension>
        </extensions>
      </trkpt>
      <trkpt lat="30.43763724155724048614501953125" lon="120.26261991821229457855224609375">
        <ele>6.599999904632568359375</ele>
        <time>2026-01-13T13:40:15.000Z</time>
        <extensions>
          <ns3:TrackPointExtension>
            <ns3:hr>148</ns3:hr>
            <ns3:cad>91</ns3:cad>
          </ns3:TrackPointExtension>
        </extensions>
      </trkpt>
      <trkpt lat="30.4376685060560703277587890625" lon="120.2626121230423450469970703125">
        <ele>6.80000019073486328125</ele>
        <time>2026-01-13T13:40:16.000Z</time>
        <extensions>
          <ns3:TrackPointExtension>
            <ns3:hr>148</ns3:hr>
            <ns3:cad>92</ns3:cad>
          </ns3:TrackPointExtension>
        </extensions>
      </trkpt>
      <trkpt lat="30.43768853880465030670166015625" lon="120.262596867978572845458984375">
        <ele>7</ele>
        <time>2026-01-13T13:40:17.000Z</time>
        <extensions>
          <ns3:TrackPointExtension>
            <ns3:hr>148</ns3:hr>
            <ns3:cad>92</ns3:cad>
          </ns3:TrackPointExtension>
        </extensions>
      </trkpt>
      <trkpt lat="30.43770396150648593902587890625" lon="120.26258337311446666717529296875">
        <ele>7.19999980926513671875</ele>
        <time>2026-01-13T13:40:18.000Z</time>
        <extensions>
          <ns3:TrackPointExtension>
            <ns3:hr>148</ns3:hr>
            <ns3:cad>92</ns3:cad>
          </ns3:TrackPointExtension>
        </extensions>
      </trkpt>
      <trkpt lat="30.43773111887276172637939453125" lon="120.262566022574901580810546875">
        <ele>7.400000095367431640625</ele>
        <time>2026-01-13T13:40:19.000Z</time>
        <extensions>
          <ns3:TrackPointExtension>
            <ns3:hr>148</ns3:hr>
            <ns3:cad>92</ns3:cad>
          </ns3:TrackPointExtension>
        </extensions>
      </trkpt>
      <trkpt lat="30.43775014579296112060546875" lon="120.26255236007273197174072265625">
        <ele>7.599999904632568359375</ele>
        <time>2026-01-13T13:40:20.000Z</time>
        <extensions>
          <ns3:TrackPointExtension>
            <ns3:hr>148</ns3:hr>
            <ns3:cad>92</ns3:cad>
          </ns3:TrackPointExtension>
        </extensions>
      </trkpt>
      <trkpt lat="30.43777294456958770751953125" lon="120.26253886520862579345703125">
        <ele>7.599999904632568359375</ele>
        <time>2026-01-13T13:40:21.000Z</time>
        <extensions>
          <ns3:TrackPointExtension>
            <ns3:hr>148</ns3:hr>
            <ns3:cad>92</ns3:cad>
          </ns3:TrackPointExtension>
        </extensions>
      </trkpt>
      <trkpt lat="30.4377928934991359710693359375" lon="120.26252805255353450775146484375">
        <ele>7.599999904632568359375</ele>
        <time>2026-01-13T13:40:22.000Z</time>
        <extensions>
          <ns3:TrackPointExtension>
            <ns3:hr>148</ns3:hr>
            <ns3:cad>92</ns3:cad>
          </ns3:TrackPointExtension>
        </extensions>
      </trkpt>
      <trkpt lat="30.437815189361572265625" lon="120.26251480914652347564697265625">
        <ele>7.599999904632568359375</ele>
        <time>2026-01-13T13:40:23.000Z</time>
        <extensions>
          <ns3:TrackPointExtension>
            <ns3:hr>148</ns3:hr>
            <ns3:cad>92</ns3:cad>
          </ns3:TrackPointExtension>
        </extensions>
      </trkpt>
      <trkpt lat="30.43783689849078655242919921875" lon="120.262500308454036712646484375">
        <ele>7.80000019073486328125</ele>
        <time>2026-01-13T13:40:24.000Z</time>
        <extensions>
          <ns3:TrackPointExtension>
            <ns3:hr>148</ns3:hr>
            <ns3:cad>94</ns3:cad>
          </ns3:TrackPointExtension>
        </extensions>
      </trkpt>
      <trkpt lat="30.43784980662167072296142578125" lon="120.26248387992382049560546875">
        <ele>7.80000019073486328125</ele>
        <time>2026-01-13T13:40:25.000Z</time>
        <extensions>
          <ns3:TrackPointExtension>
            <ns3:hr>148</ns3:hr>
            <ns3:cad>94</ns3:cad>
          </ns3:TrackPointExtension>
        </extensions>
      </trkpt>
      <trkpt lat="30.437865145504474639892578125" lon="120.2624738216400146484375">
        <ele>7.80000019073486328125</ele>
        <time>2026-01-13T13:40:26.000Z</time>
        <extensions>
          <ns3:TrackPointExtension>
            <ns3:hr>149</ns3:hr>
            <ns3:cad>94</ns3:cad>
          </ns3:TrackPointExtension>
        </extensions>
      </trkpt>
      <trkpt lat="30.43788702227175235748291015625" lon="120.2624615840613842010498046875">
        <ele>7.80000019073486328125</ele>
        <time>2026-01-13T13:40:27.000Z</time>
        <extensions>
          <ns3:TrackPointExtension>
            <ns3:hr>148</ns3:hr>
            <ns3:cad>94</ns3:cad>
          </ns3:TrackPointExtension>
        </extensions>
      </trkpt>
      <trkpt lat="30.4379075579345226287841796875" lon="120.26244725100696086883544921875">
        <ele>7.80000019073486328125</ele>
        <time>2026-01-13T13:40:28.000Z</time>
        <extensions>
          <ns3:TrackPointExtension>
            <ns3:hr>149</ns3:hr>
            <ns3:cad>94</ns3:cad>
          </ns3:TrackPointExtension>
        </extensions>
      </trkpt>
      <trkpt lat="30.4379330389201641082763671875" lon="120.26243350468575954437255859375">
        <ele>8</ele>
        <time>2026-01-13T13:40:29.000Z</time>
        <extensions>
          <ns3:TrackPointExtension>
            <ns3:hr>149</ns3:hr>
            <ns3:cad>94</ns3:cad>
          </ns3:TrackPointExtension>
        </extensions>
      </trkpt>
      <trkpt lat="30.43794619850814342498779296875" lon="120.26242244057357311248779296875">
        <ele>8</ele>
        <time>2026-01-13T13:40:30.000Z</time>
        <extensions>
          <ns3:TrackPointExtension>
            <ns3:hr>149</ns3:hr>
            <ns3:cad>94</ns3:cad>
          </ns3:TrackPointExtension>
        </extensions>
      </trkpt>
      <trkpt lat="30.4379652254283428192138671875" lon="120.26240785606205463409423828125">
        <ele>8</ele>
        <time>2026-01-13T13:40:31.000Z</time>
        <extensions>
          <ns3:TrackPointExtension>
            <ns3:hr>149</ns3:hr>
            <ns3:cad>91</ns3:cad>
          </ns3:TrackPointExtension>
        </extensions>
      </trkpt>
      <trkpt lat="30.437989197671413421630859375" lon="120.2623888291418552398681640625">
        <ele>8.19999980926513671875</ele>
        <time>2026-01-13T13:40:32.000Z</time>
        <extensions>
          <ns3:TrackPointExtension>
            <ns3:hr>149</ns3:hr>
            <ns3:cad>91</ns3:cad>
          </ns3:TrackPointExtension>
        </extensions>
      </trkpt>
      <trkpt lat="30.438010655343532562255859375" lon="120.26237131096422672271728515625">
        <ele>8</ele>
        <time>2026-01-13T13:40:33.000Z</time>
        <extensions>
          <ns3:TrackPointExtension>
            <ns3:hr>149</ns3:hr>
            <ns3:cad>91</ns3:cad>
          </ns3:TrackPointExtension>
        </extensions>
      </trkpt>
      <trkpt lat="30.43803202919661998748779296875" lon="120.26235639117658138275146484375">
        <ele>8</ele>
        <time>2026-01-13T13:40:34.000Z</time>
        <extensions>
          <ns3:TrackPointExtension>
            <ns3:hr>149</ns3:hr>
            <ns3:cad>95</ns3:cad>
          </ns3:TrackPointExtension>
        </extensions>
      </trkpt>
      <trkpt lat="30.43804929591715335845947265625" lon="120.2623464167118072509765625">
        <ele>8</ele>
        <time>2026-01-13T13:40:35.000Z</time>
        <extensions>
          <ns3:TrackPointExtension>
            <ns3:hr>149</ns3:hr>
            <ns3:cad>95</ns3:cad>
          </ns3:TrackPointExtension>
        </extensions>
      </trkpt>
      <trkpt lat="30.438075363636016845703125" lon="120.26232923381030559539794921875">
        <ele>8</ele>
        <time>2026-01-13T13:40:36.000Z</time>
        <extensions>
          <ns3:TrackPointExtension>
            <ns3:hr>149</ns3:hr>
            <ns3:cad>94</ns3:cad>
          </ns3:TrackPointExtension>
        </extensions>
      </trkpt>
      <trkpt lat="30.4380956478416919708251953125" lon="120.26231431402266025543212890625">
        <ele>8</ele>
        <time>2026-01-13T13:40:37.000Z</time>
        <extensions>
          <ns3:TrackPointExtension>
            <ns3:hr>149</ns3:hr>
            <ns3:cad>93</ns3:cad>
          </ns3:TrackPointExtension>
        </extensions>
      </trkpt>
      <trkpt lat="30.43811199255287647247314453125" lon="120.26230358518660068511962890625">
        <ele>8</ele>
        <time>2026-01-13T13:40:38.000Z</time>
        <extensions>
          <ns3:TrackPointExtension>
            <ns3:hr>149</ns3:hr>
            <ns3:cad>93</ns3:cad>
          </ns3:TrackPointExtension>
        </extensions>
      </trkpt>
      <trkpt lat="30.4381357133388519287109375" lon="120.2622899226844310760498046875">
        <ele>8</ele>
        <time>2026-01-13T13:40:39.000Z</time>
        <extensions>
          <ns3:TrackPointExtension>
            <ns3:hr>149</ns3:hr>
            <ns3:cad>93</ns3:cad>
          </ns3:TrackPointExtension>
        </extensions>
      </trkpt>
      <trkpt lat="30.43815314769744873046875" lon="120.26227458380162715911865234375">
        <ele>8</ele>
        <time>2026-01-13T13:40:40.000Z</time>
        <extensions>
          <ns3:TrackPointExtension>
            <ns3:hr>149</ns3:hr>
            <ns3:cad>93</ns3:cad>
          </ns3:TrackPointExtension>
        </extensions>
      </trkpt>
      <trkpt lat="30.43816831894218921661376953125" lon="120.2622597478330135345458984375">
        <ele>8</ele>
        <time>2026-01-13T13:40:41.000Z</time>
        <extensions>
          <ns3:TrackPointExtension>
            <ns3:hr>149</ns3:hr>
            <ns3:cad>92</ns3:cad>
          </ns3:TrackPointExtension>
        </extensions>
      </trkpt>
      <trkpt lat="30.4381813108921051025390625" lon="120.26224524714052677154541015625">
        <ele>8</ele>
        <time>2026-01-13T13:40:42.000Z</time>
        <extensions>
          <ns3:TrackPointExtension>
            <ns3:hr>149</ns3:hr>
            <ns3:cad>92</ns3:cad>
          </ns3:TrackPointExtension>
        </extensions>
      </trkpt>
      <trkpt lat="30.438191033899784088134765625" lon="120.26223443448543548583984375">
        <ele>8</ele>
        <time>2026-01-13T13:40:43.000Z</time>
        <extensions>
          <ns3:TrackPointExtension>
            <ns3:hr>149</ns3:hr>
            <ns3:cad>90</ns3:cad>
          </ns3:TrackPointExtension>
        </extensions>
      </trkpt>
      <trkpt lat="30.43820033781230449676513671875" lon="120.262224040925502777099609375">
        <ele>8</ele>
        <time>2026-01-13T13:40:44.000Z</time>
        <extensions>
          <ns3:TrackPointExtension>
            <ns3:hr>149</ns3:hr>
            <ns3:cad>90</ns3:cad>
          </ns3:TrackPointExtension>
        </extensions>
      </trkpt>
      <trkpt lat="30.438211821019649505615234375" lon="120.26221700012683868408203125">
        <ele>8</ele>
        <time>2026-01-13T13:40:45.000Z</time>
        <extensions>
          <ns3:TrackPointExtension>
            <ns3:hr>149</ns3:hr>
            <ns3:cad>87</ns3:cad>
          </ns3:TrackPointExtension>
        </extensions>
      </trkpt>
      <trkpt lat="30.4382294230163097381591796875" lon="120.26220769621431827545166015625">
        <ele>8</ele>
        <time>2026-01-13T13:40:46.000Z</time>
        <extensions>
          <ns3:TrackPointExtension>
            <ns3:hr>149</ns3:hr>
            <ns3:cad>87</ns3:cad>
          </ns3:TrackPointExtension>
        </extensions>
      </trkpt>
      <trkpt lat="30.438248030841350555419921875" lon="120.26220032013952732086181640625">
        <ele>8</ele>
        <time>2026-01-13T13:40:47.000Z</time>
        <extensions>
          <ns3:TrackPointExtension>
            <ns3:hr>149</ns3:hr>
            <ns3:cad>87</ns3:cad>
          </ns3:TrackPointExtension>
        </extensions>
      </trkpt>
      <trkpt lat="30.43826873414218425750732421875" lon="120.26218808256089687347412109375">
        <ele>8</ele>
        <time>2026-01-13T13:40:48.000Z</time>
        <extensions>
          <ns3:TrackPointExtension>
            <ns3:hr>149</ns3:hr>
            <ns3:cad>88</ns3:cad>
          </ns3:TrackPointExtension>
        </extensions>
      </trkpt>
      <trkpt lat="30.438285581767559051513671875" lon="120.26217651553452014923095703125">
        <ele>8</ele>
        <time>2026-01-13T13:40:49.000Z</time>
        <extensions>
          <ns3:TrackPointExtension>
            <ns3:hr>149</ns3:hr>
            <ns3:cad>88</ns3:cad>
          </ns3:TrackPointExtension>
        </extensions>
      </trkpt>
      <trkpt lat="30.43830930255353450775146484375" lon="120.26216067373752593994140625">
        <ele>8</ele>
        <time>2026-01-13T13:40:50.000Z</time>
        <extensions>
          <ns3:TrackPointExtension>
            <ns3:hr>149</ns3:hr>
            <ns3:cad>90</ns3:cad>
          </ns3:TrackPointExtension>
        </extensions>
      </trkpt>
      <trkpt lat="30.438330173492431640625" lon="120.262150950729846954345703125">
        <ele>7.80000019073486328125</ele>
        <time>2026-01-13T13:40:51.000Z</time>
        <extensions>
          <ns3:TrackPointExtension>
            <ns3:hr>149</ns3:hr>
            <ns3:cad>90</ns3:cad>
          </ns3:TrackPointExtension>
        </extensions>
      </trkpt>
      <trkpt lat="30.43834970332682132720947265625" lon="120.262141562998294830322265625">
        <ele>7.80000019073486328125</ele>
        <time>2026-01-13T13:40:52.000Z</time>
        <extensions>
          <ns3:TrackPointExtension>
            <ns3:hr>149</ns3:hr>
            <ns3:cad>90</ns3:cad>
          </ns3:TrackPointExtension>
        </extensions>
      </trkpt>
      <trkpt lat="30.43836814351379871368408203125" lon="120.262128822505474090576171875">
        <ele>7.80000019073486328125</ele>
        <time>2026-01-13T13:40:53.000Z</time>
        <extensions>
          <ns3:TrackPointExtension>
            <ns3:hr>149</ns3:hr>
            <ns3:cad>91</ns3:cad>
          </ns3:TrackPointExtension>
        </extensions>
      </trkpt>
      <trkpt lat="30.438390187919139862060546875" lon="120.26211633346974849700927734375">
        <ele>7.599999904632568359375</ele>
        <time>2026-01-13T13:40:54.000Z</time>
        <extensions>
          <ns3:TrackPointExtension>
            <ns3:hr>150</ns3:hr>
            <ns3:cad>92</ns3:cad>
          </ns3:TrackPointExtension>
        </extensions>
      </trkpt>
      <trkpt lat="30.4384101368486881256103515625" lon="120.26210728101432323455810546875">
        <ele>7.400000095367431640625</ele>
        <time>2026-01-13T13:40:55.000Z</time>
        <extensions>
          <ns3:TrackPointExtension>
            <ns3:hr>149</ns3:hr>
            <ns3:cad>92</ns3:cad>
          </ns3:TrackPointExtension>
        </extensions>
      </trkpt>
      <trkpt lat="30.43842514045536518096923828125" lon="120.2620978094637393951416015625">
        <ele>7.400000095367431640625</ele>
        <time>2026-01-13T13:40:56.000Z</time>
        <extensions>
          <ns3:TrackPointExtension>
            <ns3:hr>149</ns3:hr>
            <ns3:cad>90</ns3:cad>
          </ns3:TrackPointExtension>
        </extensions>
      </trkpt>
      <trkpt lat="30.43845145963132381439208984375" lon="120.2620864100754261016845703125">
        <ele>7.19999980926513671875</ele>
        <time>2026-01-13T13:40:57.000Z</time>
        <extensions>
          <ns3:TrackPointExtension>
            <ns3:hr>149</ns3:hr>
            <ns3:cad>90</ns3:cad>
          </ns3:TrackPointExtension>
        </extensions>
      </trkpt>
      <trkpt lat="30.43846637941896915435791015625" lon="120.26207618415355682373046875">
        <ele>7.19999980926513671875</ele>
        <time>2026-01-13T13:40:58.000Z</time>
        <extensions>
          <ns3:TrackPointExtension>
            <ns3:hr>149</ns3:hr>
            <ns3:cad>90</ns3:cad>
          </ns3:TrackPointExtension>
        </extensions>
      </trkpt>
      <trkpt lat="30.438488423824310302734375" lon="120.2620609290897846221923828125">
        <ele>7</ele>
        <time>2026-01-13T13:40:59.000Z</time>
        <extensions>
          <ns3:TrackPointExtension>
            <ns3:hr>149</ns3:hr>
            <ns3:cad>90</ns3:cad>
          </ns3:TrackPointExtension>
        </extensions>
      </trkpt>
      <trkpt lat="30.4384978115558624267578125" lon="120.26205397211015224456787109375">
        <ele>7</ele>
        <time>2026-01-13T13:41:00.000Z</time>
        <extensions>
          <ns3:TrackPointExtension>
            <ns3:hr>148</ns3:hr>
            <ns3:cad>90</ns3:cad>
          </ns3:TrackPointExtension>
        </extensions>
      </trkpt>
      <trkpt lat="30.4385100491344928741455078125" lon="120.2620455063879489898681640625">
        <ele>6.80000019073486328125</ele>
        <time>2026-01-13T13:41:01.000Z</time>
        <extensions>
          <ns3:TrackPointExtension>
            <ns3:hr>147</ns3:hr>
            <ns3:cad>90</ns3:cad>
          </ns3:TrackPointExtension>
        </extensions>
      </trkpt>
      <trkpt lat="30.4385261423885822296142578125" lon="120.26203603483736515045166015625">
        <ele>6.80000019073486328125</ele>
        <time>2026-01-13T13:41:02.000Z</time>
        <extensions>
          <ns3:TrackPointExtension>
            <ns3:hr>147</ns3:hr>
            <ns3:cad>90</ns3:cad>
          </ns3:TrackPointExtension>
        </extensions>
      </trkpt>
      <trkpt lat="30.43853712268173694610595703125" lon="120.2620272338390350341796875">
        <ele>6.80000019073486328125</ele>
        <time>2026-01-13T13:41:03.000Z</time>
        <extensions>
          <ns3:TrackPointExtension>
            <ns3:hr>147</ns3:hr>
            <ns3:cad>90</ns3:cad>
          </ns3:TrackPointExtension>
        </extensions>
      </trkpt>
      <trkpt lat="30.43854583986103534698486328125" lon="120.26202178560197353363037109375">
        <ele>6.599999904632568359375</ele>
        <time>2026-01-13T13:41:04.000Z</time>
        <extensions>
          <ns3:TrackPointExtension>
            <ns3:hr>147</ns3:hr>
            <ns3:cad>90</ns3:cad>
          </ns3:TrackPointExtension>
        </extensions>
      </trkpt>
      <trkpt lat="30.4385583288967609405517578125" lon="120.26201424188911914825439453125">
        <ele>6.599999904632568359375</ele>
        <time>2026-01-13T13:41:05.000Z</time>
        <extensions>
          <ns3:TrackPointExtension>
            <ns3:hr>146</ns3:hr>
            <ns3:cad>90</ns3:cad>
          </ns3:TrackPointExtension>
        </extensions>
      </trkpt>
      <trkpt lat="30.4385663755238056182861328125" lon="120.2620066143572330474853515625">
        <ele>6.599999904632568359375</ele>
        <time>2026-01-13T13:41:06.000Z</time>
        <extensions>
          <ns3:TrackPointExtension>
            <ns3:hr>146</ns3:hr>
            <ns3:cad>90</ns3:cad>
          </ns3:TrackPointExtension>
        </extensions>
      </trkpt>
      <trkpt lat="30.43858439661562442779541015625" lon="120.2619950473308563232421875">
        <ele>6.400000095367431640625</ele>
        <time>2026-01-13T13:41:07.000Z</time>
        <extensions>
          <ns3:TrackPointExtension>
            <ns3:hr>146</ns3:hr>
            <ns3:cad>66</ns3:cad>
          </ns3:TrackPointExtension>
        </extensions>
      </trkpt>
      <trkpt lat="30.43859998695552349090576171875" lon="120.261982642114162445068359375">
        <ele>6.19999980926513671875</ele>
        <time>2026-01-13T13:41:08.000Z</time>
        <extensions>
          <ns3:TrackPointExtension>
            <ns3:hr>146</ns3:hr>
            <ns3:cad>0</ns3:cad>
          </ns3:TrackPointExtension>
        </extensions>
      </trkpt>
      <trkpt lat="30.43861255981028079986572265625" lon="120.261970572173595428466796875">
        <ele>6.19999980926513671875</ele>
        <time>2026-01-13T13:41:09.000Z</time>
        <extensions>
          <ns3:TrackPointExtension>
            <ns3:hr>145</ns3:hr>
            <ns3:cad>0</ns3:cad>
          </ns3:TrackPointExtension>
        </extensions>
      </trkpt>
      <trkpt lat="30.4386297427117824554443359375" lon="120.26195841841399669647216796875">
        <ele>6</ele>
        <time>2026-01-13T13:41:10.000Z</time>
        <extensions>
          <ns3:TrackPointExtension>
            <ns3:hr>145</ns3:hr>
            <ns3:cad>88</ns3:cad>
          </ns3:TrackPointExtension>
        </extensions>
      </trkpt>
      <trkpt lat="30.43864390812814235687255859375" lon="120.2619467675685882568359375">
        <ele>5.80000019073486328125</ele>
        <time>2026-01-13T13:41:11.000Z</time>
        <extensions>
          <ns3:TrackPointExtension>
            <ns3:hr>144</ns3:hr>
            <ns3:cad>88</ns3:cad>
          </ns3:TrackPointExtension>
        </extensions>
      </trkpt>
      <trkpt lat="30.43866209685802459716796875" lon="120.2619352005422115325927734375">
        <ele>5.599999904632568359375</ele>
        <time>2026-01-13T13:41:12.000Z</time>
        <extensions>
          <ns3:TrackPointExtension>
            <ns3:hr>143</ns3:hr>
            <ns3:cad>88</ns3:cad>
          </ns3:TrackPointExtension>
        </extensions>
      </trkpt>
      <trkpt lat="30.43868313543498516082763671875" lon="120.26192422024905681610107421875">
        <ele>5.599999904632568359375</ele>
        <time>2026-01-13T13:41:13.000Z</time>
        <extensions>
          <ns3:TrackPointExtension>
            <ns3:hr>143</ns3:hr>
            <ns3:cad>89</ns3:cad>
          </ns3:TrackPointExtension>
        </extensions>
      </trkpt>
      <trkpt lat="30.4387018270790576934814453125" lon="120.26190988719463348388671875">
        <ele>5.599999904632568359375</ele>
        <time>2026-01-13T13:41:14.000Z</time>
        <extensions>
          <ns3:TrackPointExtension>
            <ns3:hr>143</ns3:hr>
            <ns3:cad>89</ns3:cad>
          </ns3:TrackPointExtension>
        </extensions>
      </trkpt>
      <trkpt lat="30.43872437439858913421630859375" lon="120.2618959732353687286376953125">
        <ele>5.400000095367431640625</ele>
        <time>2026-01-13T13:41:15.000Z</time>
        <extensions>
          <ns3:TrackPointExtension>
            <ns3:hr>142</ns3:hr>
            <ns3:cad>89</ns3:cad>
          </ns3:TrackPointExtension>
        </extensions>
      </trkpt>
      <trkpt lat="30.43874390423297882080078125" lon="120.26188046671450138092041015625">
        <ele>5.400000095367431640625</ele>
        <time>2026-01-13T13:41:16.000Z</time>
        <extensions>
          <ns3:TrackPointExtension>
            <ns3:hr>142</ns3:hr>
            <ns3:cad>88</ns3:cad>
          </ns3:TrackPointExtension>
        </extensions>
      </trkpt>
      <trkpt lat="30.43876024894416332244873046875" lon="120.26187107898294925689697265625">
        <ele>5.400000095367431640625</ele>
        <time>2026-01-13T13:41:17.000Z</time>
        <extensions>
          <ns3:TrackPointExtension>
            <ns3:hr>142</ns3:hr>
            <ns3:cad>88</ns3:cad>
          </ns3:TrackPointExtension>
        </extensions>
      </trkpt>
      <trkpt lat="30.4387713968753814697265625" lon="120.261863283812999725341796875">
        <ele>5.19999980926513671875</ele>
        <time>2026-01-13T13:41:18.000Z</time>
        <extensions>
          <ns3:TrackPointExtension>
            <ns3:hr>142</ns3:hr>
            <ns3:cad>88</ns3:cad>
          </ns3:TrackPointExtension>
        </extensions>
      </trkpt>
      <trkpt lat="30.43878204189240932464599609375" lon="120.26185733266174793243408203125">
        <ele>5.19999980926513671875</ele>
        <time>2026-01-13T13:41:19.000Z</time>
        <extensions>
          <ns3:TrackPointExtension>
            <ns3:hr>142</ns3:hr>
            <ns3:cad>88</ns3:cad>
          </ns3:TrackPointExtension>
        </extensions>
      </trkpt>
      <trkpt lat="30.4387980513274669647216796875" lon="120.26185230351984500885009765625">
        <ele>5.19999980926513671875</ele>
        <time>2026-01-13T13:41:20.000Z</time>
        <extensions>
          <ns3:TrackPointExtension>
            <ns3:hr>142</ns3:hr>
            <ns3:cad>88</ns3:cad>
          </ns3:TrackPointExtension>
        </extensions>
      </trkpt>
      <trkpt lat="30.43881372548639774322509765625" lon="120.2618473581969738006591796875">
        <ele>5</ele>
        <time>2026-01-13T13:41:21.000Z</time>
        <extensions>
          <ns3:TrackPointExtension>
            <ns3:hr>142</ns3:hr>
            <ns3:cad>88</ns3:cad>
          </ns3:TrackPointExtension>
        </extensions>
      </trkpt>
      <trkpt lat="30.43882512487471103668212890625" lon="120.2618421614170074462890625">
        <ele>5</ele>
        <time>2026-01-13T13:41:22.000Z</time>
        <extensions>
          <ns3:TrackPointExtension>
            <ns3:hr>141</ns3:hr>
            <ns3:cad>88</ns3:cad>
          </ns3:TrackPointExtension>
        </extensions>
      </trkpt>
      <trkpt lat="30.43883769772946834564208984375" lon="120.26183654554188251495361328125">
        <ele>5</ele>
        <time>2026-01-13T13:41:23.000Z</time>
        <extensions>
          <ns3:TrackPointExtension>
            <ns3:hr>141</ns3:hr>
            <ns3:cad>88</ns3:cad>
          </ns3:TrackPointExtension>
        </extensions>
      </trkpt>
      <trkpt lat="30.43884851038455963134765625" lon="120.2618300914764404296875">
        <ele>5</ele>
        <time>2026-01-13T13:41:24.000Z</time>
        <extensions>
          <ns3:TrackPointExtension>
            <ns3:hr>140</ns3:hr>
            <ns3:cad>61</ns3:cad>
          </ns3:TrackPointExtension>
        </extensions>
      </trkpt>
      <trkpt lat="30.43886192142963409423828125" lon="120.26182279922068119049072265625">
        <ele>5</ele>
        <time>2026-01-13T13:41:25.000Z</time>
        <extensions>
          <ns3:TrackPointExtension>
            <ns3:hr>139</ns3:hr>
            <ns3:cad>0</ns3:cad>
          </ns3:TrackPointExtension>
        </extensions>
      </trkpt>
      <trkpt lat="30.438887067139148712158203125" lon="120.2618108130991458892822265625">
        <ele>4.80000019073486328125</ele>
        <time>2026-01-13T13:41:26.000Z</time>
        <extensions>
          <ns3:TrackPointExtension>
            <ns3:hr>138</ns3:hr>
            <ns3:cad>0</ns3:cad>
          </ns3:TrackPointExtension>
        </extensions>
      </trkpt>
      <trkpt lat="30.43890810571610927581787109375" lon="120.2617997489869594573974609375">
        <ele>4.80000019073486328125</ele>
        <time>2026-01-13T13:41:27.000Z</time>
        <extensions>
          <ns3:TrackPointExtension>
            <ns3:hr>136</ns3:hr>
            <ns3:cad>0</ns3:cad>
          </ns3:TrackPointExtension>
        </extensions>
      </trkpt>
      <trkpt lat="30.438932664692401885986328125" lon="120.2617856673896312713623046875">
        <ele>4.80000019073486328125</ele>
        <time>2026-01-13T13:41:28.000Z</time>
        <extensions>
          <ns3:TrackPointExtension>
            <ns3:hr>135</ns3:hr>
            <ns3:cad>92</ns3:cad>
          </ns3:TrackPointExtension>
        </extensions>
      </trkpt>
      <trkpt lat="30.43895906768739223480224609375" lon="120.26177217252552509307861328125">
        <ele>4.599999904632568359375</ele>
        <time>2026-01-13T13:41:29.000Z</time>
        <extensions>
          <ns3:TrackPointExtension>
            <ns3:hr>134</ns3:hr>
            <ns3:cad>92</ns3:cad>
          </ns3:TrackPointExtension>
        </extensions>
      </trkpt>
      <trkpt lat="30.4389767535030841827392578125" lon="120.26175708509981632232666015625">
        <ele>4.599999904632568359375</ele>
        <time>2026-01-13T13:41:30.000Z</time>
        <extensions>
          <ns3:TrackPointExtension>
            <ns3:hr>134</ns3:hr>
            <ns3:cad>92</ns3:cad>
          </ns3:TrackPointExtension>
        </extensions>
      </trkpt>
      <trkpt lat="30.43899510987102985382080078125" lon="120.2617353759706020355224609375">
        <ele>4.400000095367431640625</ele>
        <time>2026-01-13T13:41:31.000Z</time>
        <extensions>
          <ns3:TrackPointExtension>
            <ns3:hr>135</ns3:hr>
            <ns3:cad>93</ns3:cad>
          </ns3:TrackPointExtension>
        </extensions>
      </trkpt>
      <trkpt lat="30.4390293918550014495849609375" lon="120.26172087527811527252197265625">
        <ele>4.400000095367431640625</ele>
        <time>2026-01-13T13:41:32.000Z</time>
        <extensions>
          <ns3:TrackPointExtension>
            <ns3:hr>135</ns3:hr>
            <ns3:cad>93</ns3:cad>
          </ns3:TrackPointExtension>
        </extensions>
      </trkpt>
      <trkpt lat="30.43904967606067657470703125" lon="120.26170863769948482513427734375">
        <ele>4.19999980926513671875</ele>
        <time>2026-01-13T13:41:33.000Z</time>
        <extensions>
          <ns3:TrackPointExtension>
            <ns3:hr>136</ns3:hr>
            <ns3:cad>92</ns3:cad>
          </ns3:TrackPointExtension>
        </extensions>
      </trkpt>
      <trkpt lat="30.43907381594181060791015625" lon="120.26169137097895145416259765625">
        <ele>4.19999980926513671875</ele>
        <time>2026-01-13T13:41:34.000Z</time>
        <extensions>
          <ns3:TrackPointExtension>
            <ns3:hr>134</ns3:hr>
            <ns3:cad>92</ns3:cad>
          </ns3:TrackPointExtension>
        </extensions>
      </trkpt>
      <trkpt lat="30.4390920884907245635986328125" lon="120.26168114505708217620849609375">
        <ele>4.19999980926513671875</ele>
        <time>2026-01-13T13:41:35.000Z</time>
        <extensions>
          <ns3:TrackPointExtension>
            <ns3:hr>133</ns3:hr>
            <ns3:cad>92</ns3:cad>
          </ns3:TrackPointExtension>
        </extensions>
      </trkpt>
      <trkpt lat="30.4391145519912242889404296875" lon="120.26166924275457859039306640625">
        <ele>4</ele>
        <time>2026-01-13T13:41:36.000Z</time>
        <extensions>
          <ns3:TrackPointExtension>
            <ns3:hr>133</ns3:hr>
            <ns3:cad>92</ns3:cad>
          </ns3:TrackPointExtension>
        </extensions>
      </trkpt>
      <trkpt lat="30.43913709931075572967529296875" lon="120.26165985502302646636962890625">
        <ele>4</ele>
        <time>2026-01-13T13:41:37.000Z</time>
        <extensions>
          <ns3:TrackPointExtension>
            <ns3:hr>133</ns3:hr>
            <ns3:cad>92</ns3:cad>
          </ns3:TrackPointExtension>
        </extensions>
      </trkpt>
      <trkpt lat="30.43915964663028717041015625" lon="120.26164560578763484954833984375">
        <ele>4</ele>
        <time>2026-01-13T13:41:38.000Z</time>
        <extensions>
          <ns3:TrackPointExtension>
            <ns3:hr>133</ns3:hr>
            <ns3:cad>92</ns3:cad>
          </ns3:TrackPointExtension>
        </extensions>
      </trkpt>
      <trkpt lat="30.43917632661759853363037109375" lon="120.26163487695157527923583984375">
        <ele>4</ele>
        <time>2026-01-13T13:41:39.000Z</time>
        <extensions>
          <ns3:TrackPointExtension>
            <ns3:hr>133</ns3:hr>
            <ns3:cad>93</ns3:cad>
          </ns3:TrackPointExtension>
        </extensions>
      </trkpt>
      <trkpt lat="30.4392044059932231903076171875" lon="120.261616520583629608154296875">
        <ele>4</ele>
        <time>2026-01-13T13:41:40.000Z</time>
        <extensions>
          <ns3:TrackPointExtension>
            <ns3:hr>133</ns3:hr>
            <ns3:cad>93</ns3:cad>
          </ns3:TrackPointExtension>
        </extensions>
      </trkpt>
      <trkpt lat="30.4392265342175960540771484375" lon="120.26160235516726970672607421875">
        <ele>4</ele>
        <time>2026-01-13T13:41:41.000Z</time>
        <extensions>
          <ns3:TrackPointExtension>
            <ns3:hr>134</ns3:hr>
            <ns3:cad>93</ns3:cad>
          </ns3:TrackPointExtension>
        </extensions>
      </trkpt>
      <trkpt lat="30.4392493329942226409912109375" lon="120.26158927939832210540771484375">
        <ele>4</ele>
        <time>2026-01-13T13:41:42.000Z</time>
        <extensions>
          <ns3:TrackPointExtension>
            <ns3:hr>134</ns3:hr>
            <ns3:cad>93</ns3:cad>
          </ns3:TrackPointExtension>
        </extensions>
      </trkpt>
      <trkpt lat="30.43926961719989776611328125" lon="120.26157905347645282745361328125">
        <ele>4</ele>
        <time>2026-01-13T13:41:43.000Z</time>
        <extensions>
          <ns3:TrackPointExtension>
            <ns3:hr>135</ns3:hr>
            <ns3:cad>92</ns3:cad>
          </ns3:TrackPointExtension>
        </extensions>
      </trkpt>
      <trkpt lat="30.4392929188907146453857421875" lon="120.26156715117394924163818359375">
        <ele>4</ele>
        <time>2026-01-13T13:41:44.000Z</time>
        <extensions>
          <ns3:TrackPointExtension>
            <ns3:hr>138</ns3:hr>
            <ns3:cad>91</ns3:cad>
          </ns3:TrackPointExtension>
        </extensions>
      </trkpt>
      <trkpt lat="30.43931429274380207061767578125" lon="120.261555500328540802001953125">
        <ele>4.19999980926513671875</ele>
        <time>2026-01-13T13:41:45.000Z</time>
        <extensions>
          <ns3:TrackPointExtension>
            <ns3:hr>141</ns3:hr>
            <ns3:cad>91</ns3:cad>
          </ns3:TrackPointExtension>
        </extensions>
      </trkpt>
      <trkpt lat="30.43933608569204807281494140625" lon="120.2615425921976566314697265625">
        <ele>4.19999980926513671875</ele>
        <time>2026-01-13T13:41:46.000Z</time>
        <extensions>
          <ns3:TrackPointExtension>
            <ns3:hr>143</ns3:hr>
            <ns3:cad>91</ns3:cad>
          </ns3:TrackPointExtension>
        </extensions>
      </trkpt>
      <trkpt lat="30.43935888446867465972900390625" lon="120.26152943260967731475830078125">
        <ele>4.19999980926513671875</ele>
        <time>2026-01-13T13:41:47.000Z</time>
        <extensions>
          <ns3:TrackPointExtension>
            <ns3:hr>145</ns3:hr>
            <ns3:cad>91</ns3:cad>
          </ns3:TrackPointExtension>
        </extensions>
      </trkpt>
      <trkpt lat="30.43938201852142810821533203125" lon="120.26151568628847599029541015625">
        <ele>4</ele>
        <time>2026-01-13T13:41:48.000Z</time>
        <extensions>
          <ns3:TrackPointExtension>
            <ns3:hr>146</ns3:hr>
            <ns3:cad>92</ns3:cad>
          </ns3:TrackPointExtension>
        </extensions>
      </trkpt>
      <trkpt lat="30.43940297327935695648193359375" lon="120.26149825192987918853759765625">
        <ele>4</ele>
        <time>2026-01-13T13:41:49.000Z</time>
        <extensions>
          <ns3:TrackPointExtension>
            <ns3:hr>147</ns3:hr>
            <ns3:cad>92</ns3:cad>
          </ns3:TrackPointExtension>
        </extensions>
      </trkpt>
      <trkpt lat="30.43942091055214405059814453125" lon="120.2614842541515827178955078125">
        <ele>4</ele>
        <time>2026-01-13T13:41:50.000Z</time>
        <extensions>
          <ns3:TrackPointExtension>
            <ns3:hr>147</ns3:hr>
            <ns3:cad>92</ns3:cad>
          </ns3:TrackPointExtension>
        </extensions>
      </trkpt>
      <trkpt lat="30.43944060802459716796875" lon="120.26146992109715938568115234375">
        <ele>4</ele>
        <time>2026-01-13T13:41:51.000Z</time>
        <extensions>
          <ns3:TrackPointExtension>
            <ns3:hr>147</ns3:hr>
            <ns3:cad>92</ns3:cad>
          </ns3:TrackPointExtension>
        </extensions>
      </trkpt>
      <trkpt lat="30.4394582100212574005126953125" lon="120.2614581026136875152587890625">
        <ele>4</ele>
        <time>2026-01-13T13:41:52.000Z</time>
        <extensions>
          <ns3:TrackPointExtension>
            <ns3:hr>148</ns3:hr>
            <ns3:cad>92</ns3:cad>
          </ns3:TrackPointExtension>
        </extensions>
      </trkpt>
      <trkpt lat="30.43948763050138950347900390625" lon="120.26144050061702728271484375">
        <ele>4</ele>
        <time>2026-01-13T13:41:53.000Z</time>
        <extensions>
          <ns3:TrackPointExtension>
            <ns3:hr>148</ns3:hr>
            <ns3:cad>92</ns3:cad>
          </ns3:TrackPointExtension>
        </extensions>
      </trkpt>
      <trkpt lat="30.43951009400188922882080078125" lon="120.26142834685742855072021484375">
        <ele>4</ele>
        <time>2026-01-13T13:41:54.000Z</time>
        <extensions>
          <ns3:TrackPointExtension>
            <ns3:hr>148</ns3:hr>
            <ns3:cad>92</ns3:cad>
          </ns3:TrackPointExtension>
        </extensions>
      </trkpt>
      <trkpt lat="30.43953490443527698516845703125" lon="120.26141761802136898040771484375">
        <ele>4</ele>
        <time>2026-01-13T13:41:55.000Z</time>
        <extensions>
          <ns3:TrackPointExtension>
            <ns3:hr>148</ns3:hr>
            <ns3:cad>92</ns3:cad>
          </ns3:TrackPointExtension>
        </extensions>
      </trkpt>
      <trkpt lat="30.43955988250672817230224609375" lon="120.26140923611819744110107421875">
        <ele>4</ele>
        <time>2026-01-13T13:41:56.000Z</time>
        <extensions>
          <ns3:TrackPointExtension>
            <ns3:hr>148</ns3:hr>
            <ns3:cad>92</ns3:cad>
          </ns3:TrackPointExtension>
        </extensions>
      </trkpt>
      <trkpt lat="30.43958318419754505157470703125" lon="120.26140035130083560943603515625">
        <ele>4</ele>
        <time>2026-01-13T13:41:57.000Z</time>
        <extensions>
          <ns3:TrackPointExtension>
            <ns3:hr>148</ns3:hr>
            <ns3:cad>92</ns3:cad>
          </ns3:TrackPointExtension>
        </extensions>
      </trkpt>
      <trkpt lat="30.43960682116448879241943359375" lon="120.26139230467379093170166015625">
        <ele>4</ele>
        <time>2026-01-13T13:41:58.000Z</time>
        <extensions>
          <ns3:TrackPointExtension>
            <ns3:hr>148</ns3:hr>
            <ns3:cad>92</ns3:cad>
          </ns3:TrackPointExtension>
        </extensions>
      </trkpt>
      <trkpt lat="30.439626686275005340576171875" lon="120.26138417422771453857421875">
        <ele>4</ele>
        <time>2026-01-13T13:41:59.000Z</time>
        <extensions>
          <ns3:TrackPointExtension>
            <ns3:hr>148</ns3:hr>
            <ns3:cad>92</ns3:cad>
          </ns3:TrackPointExtension>
        </extensions>
      </trkpt>
      <trkpt lat="30.4396498203277587890625" lon="120.2613752894103527069091796875">
        <ele>4</ele>
        <time>2026-01-13T13:42:00.000Z</time>
        <extensions>
          <ns3:TrackPointExtension>
            <ns3:hr>148</ns3:hr>
            <ns3:cad>93</ns3:cad>
          </ns3:TrackPointExtension>
        </extensions>
      </trkpt>
      <trkpt lat="30.43965778313577175140380859375" lon="120.2613692544400691986083984375">
        <ele>4</ele>
        <time>2026-01-13T13:42:01.000Z</time>
        <extensions>
          <ns3:TrackPointExtension>
            <ns3:hr>148</ns3:hr>
            <ns3:cad>93</ns3:cad>
          </ns3:TrackPointExtension>
        </extensions>
      </trkpt>
      <trkpt lat="30.43967186473309993743896484375" lon="120.26136271655559539794921875">
        <ele>4</ele>
        <time>2026-01-13T13:42:02.000Z</time>
        <extensions>
          <ns3:TrackPointExtension>
            <ns3:hr>148</ns3:hr>
            <ns3:cad>93</ns3:cad>
          </ns3:TrackPointExtension>
        </extensions>
      </trkpt>
      <trkpt lat="30.4396833479404449462890625" lon="120.26135676540434360504150390625">
        <ele>4</ele>
        <time>2026-01-13T13:42:03.000Z</time>
        <extensions>
          <ns3:TrackPointExtension>
            <ns3:hr>147</ns3:hr>
            <ns3:cad>93</ns3:cad>
          </ns3:TrackPointExtension>
        </extensions>
      </trkpt>
      <trkpt lat="30.43969466350972652435302734375" lon="120.2613477967679500579833984375">
        <ele>4</ele>
        <time>2026-01-13T13:42:04.000Z</time>
        <extensions>
          <ns3:TrackPointExtension>
            <ns3:hr>147</ns3:hr>
            <ns3:cad>87</ns3:cad>
          </ns3:TrackPointExtension>
        </extensions>
      </trkpt>
      <trkpt lat="30.43970522470772266387939453125" lon="120.26133882813155651092529296875">
        <ele>4</ele>
        <time>2026-01-13T13:42:05.000Z</time>
        <extensions>
          <ns3:TrackPointExtension>
            <ns3:hr>147</ns3:hr>
            <ns3:cad>87</ns3:cad>
          </ns3:TrackPointExtension>
        </extensions>
      </trkpt>
      <trkpt lat="30.4397167079150676727294921875" lon="120.2613280154764652252197265625">
        <ele>4</ele>
        <time>2026-01-13T13:42:06.000Z</time>
        <extensions>
          <ns3:TrackPointExtension>
            <ns3:hr>147</ns3:hr>
            <ns3:cad>87</ns3:cad>
          </ns3:TrackPointExtension>
        </extensions>
      </trkpt>
      <trkpt lat="30.4397324658930301666259765625" lon="120.26132022030651569366455078125">
        <ele>4.19999980926513671875</ele>
        <time>2026-01-13T13:42:07.000Z</time>
        <extensions>
          <ns3:TrackPointExtension>
            <ns3:hr>147</ns3:hr>
            <ns3:cad>87</ns3:cad>
          </ns3:TrackPointExtension>
        </extensions>
      </trkpt>
      <trkpt lat="30.43974839150905609130859375" lon="120.261312089860439300537109375">
        <ele>4.19999980926513671875</ele>
        <time>2026-01-13T13:42:08.000Z</time>
        <extensions>
          <ns3:TrackPointExtension>
            <ns3:hr>147</ns3:hr>
            <ns3:cad>87</ns3:cad>
          </ns3:TrackPointExtension>
        </extensions>
      </trkpt>
      <trkpt lat="30.43976641260087490081787109375" lon="120.2613001875579357147216796875">
        <ele>4.400000095367431640625</ele>
        <time>2026-01-13T13:42:09.000Z</time>
        <extensions>
          <ns3:TrackPointExtension>
            <ns3:hr>146</ns3:hr>
            <ns3:cad>87</ns3:cad>
          </ns3:TrackPointExtension>
        </extensions>
      </trkpt>
      <trkpt lat="30.43978535570204257965087890625" lon="120.2612877823412418365478515625">
        <ele>4.400000095367431640625</ele>
        <time>2026-01-13T13:42:10.000Z</time>
        <extensions>
          <ns3:TrackPointExtension>
            <ns3:hr>146</ns3:hr>
            <ns3:cad>92</ns3:cad>
          </ns3:TrackPointExtension>
        </extensions>
      </trkpt>
      <trkpt lat="30.43980538845062255859375" lon="120.26127562858164310455322265625">
        <ele>4.599999904632568359375</ele>
        <time>2026-01-13T13:42:11.000Z</time>
        <extensions>
          <ns3:TrackPointExtension>
            <ns3:hr>146</ns3:hr>
            <ns3:cad>92</ns3:cad>
          </ns3:TrackPointExtension>
        </extensions>
      </trkpt>
      <trkpt lat="30.43982374481856822967529296875" lon="120.26126607321202754974365234375">
        <ele>4.599999904632568359375</ele>
        <time>2026-01-13T13:42:12.000Z</time>
        <extensions>
          <ns3:TrackPointExtension>
            <ns3:hr>146</ns3:hr>
            <ns3:cad>92</ns3:cad>
          </ns3:TrackPointExtension>
        </extensions>
      </trkpt>
      <trkpt lat="30.43984738178551197052001953125" lon="120.2612592838704586029052734375">
        <ele>4.80000019073486328125</ele>
        <time>2026-01-13T13:42:13.000Z</time>
        <extensions>
          <ns3:TrackPointExtension>
            <ns3:hr>146</ns3:hr>
            <ns3:cad>92</ns3:cad>
          </ns3:TrackPointExtension>
        </extensions>
      </trkpt>
      <trkpt lat="30.43986967764794826507568359375" lon="120.26125316508114337921142578125">
        <ele>4.80000019073486328125</ele>
        <time>2026-01-13T13:42:14.000Z</time>
        <extensions>
          <ns3:TrackPointExtension>
            <ns3:hr>145</ns3:hr>
            <ns3:cad>93</ns3:cad>
          </ns3:TrackPointExtension>
        </extensions>
      </trkpt>
      <trkpt lat="30.43989297933876514434814453125" lon="120.261242687702178955078125">
        <ele>5</ele>
        <time>2026-01-13T13:42:15.000Z</time>
        <extensions>
          <ns3:TrackPointExtension>
            <ns3:hr>145</ns3:hr>
            <ns3:cad>93</ns3:cad>
          </ns3:TrackPointExtension>
        </extensions>
      </trkpt>
      <trkpt lat="30.43991561047732830047607421875" lon="120.26123153977096080780029296875">
        <ele>5</ele>
        <time>2026-01-13T13:42:16.000Z</time>
        <extensions>
          <ns3:TrackPointExtension>
            <ns3:hr>145</ns3:hr>
            <ns3:cad>92</ns3:cad>
          </ns3:TrackPointExtension>
        </extensions>
      </trkpt>
      <trkpt lat="30.439942181110382080078125" lon="120.2612183801829814910888671875">
        <ele>5</ele>
        <time>2026-01-13T13:42:17.000Z</time>
        <extensions>
          <ns3:TrackPointExtension>
            <ns3:hr>145</ns3:hr>
            <ns3:cad>92</ns3:cad>
          </ns3:TrackPointExtension>
        </extensions>
      </trkpt>
      <trkpt lat="30.439967997372150421142578125" lon="120.2612042985856533050537109375">
        <ele>5</ele>
        <time>2026-01-13T13:42:18.000Z</time>
        <extensions>
          <ns3:TrackPointExtension>
            <ns3:hr>145</ns3:hr>
            <ns3:cad>93</ns3:cad>
          </ns3:TrackPointExtension>
        </extensions>
      </trkpt>
      <trkpt lat="30.4399891197681427001953125" lon="120.26118745096027851104736328125">
        <ele>5</ele>
        <time>2026-01-13T13:42:19.000Z</time>
        <extensions>
          <ns3:TrackPointExtension>
            <ns3:hr>145</ns3:hr>
            <ns3:cad>93</ns3:cad>
          </ns3:TrackPointExtension>
        </extensions>
      </trkpt>
      <trkpt lat="30.44000412337481975555419921875" lon="120.26117638684809207916259765625">
        <ele>5</ele>
        <time>2026-01-13T13:42:20.000Z</time>
        <extensions>
          <ns3:TrackPointExtension>
            <ns3:hr>145</ns3:hr>
            <ns3:cad>93</ns3:cad>
          </ns3:TrackPointExtension>
        </extensions>
      </trkpt>
      <trkpt lat="30.44002926908433437347412109375" lon="120.2611600421369075775146484375">
        <ele>5</ele>
        <time>2026-01-13T13:42:21.000Z</time>
        <extensions>
          <ns3:TrackPointExtension>
            <ns3:hr>145</ns3:hr>
            <ns3:cad>93</ns3:cad>
          </ns3:TrackPointExtension>
        </extensions>
      </trkpt>
      <trkpt lat="30.4400529898703098297119140625" lon="120.2611456252634525299072265625">
        <ele>5</ele>
        <time>2026-01-13T13:42:22.000Z</time>
        <extensions>
          <ns3:TrackPointExtension>
            <ns3:hr>145</ns3:hr>
            <ns3:cad>93</ns3:cad>
          </ns3:TrackPointExtension>
        </extensions>
      </trkpt>
      <trkpt lat="30.44007084332406520843505859375" lon="120.26113548316061496734619140625">
        <ele>5</ele>
        <time>2026-01-13T13:42:23.000Z</time>
        <extensions>
          <ns3:TrackPointExtension>
            <ns3:hr>145</ns3:hr>
            <ns3:cad>93</ns3:cad>
          </ns3:TrackPointExtension>
        </extensions>
      </trkpt>
      <trkpt lat="30.44009515084326267242431640625" lon="120.26111972518265247344970703125">
        <ele>4.80000019073486328125</ele>
        <time>2026-01-13T13:42:24.000Z</time>
        <extensions>
          <ns3:TrackPointExtension>
            <ns3:hr>145</ns3:hr>
            <ns3:cad>95</ns3:cad>
          </ns3:TrackPointExtension>
        </extensions>
      </trkpt>
      <trkpt lat="30.4401140101253986358642578125" lon="120.26110656559467315673828125">
        <ele>4.80000019073486328125</ele>
        <time>2026-01-13T13:42:25.000Z</time>
        <extensions>
          <ns3:TrackPointExtension>
            <ns3:hr>145</ns3:hr>
            <ns3:cad>95</ns3:cad>
          </ns3:TrackPointExtension>
        </extensions>
      </trkpt>
      <trkpt lat="30.440129600465297698974609375" lon="120.2610949985682964324951171875">
        <ele>4.599999904632568359375</ele>
        <time>2026-01-13T13:42:26.000Z</time>
        <extensions>
          <ns3:TrackPointExtension>
            <ns3:hr>145</ns3:hr>
            <ns3:cad>95</ns3:cad>
          </ns3:TrackPointExtension>
        </extensions>
      </trkpt>
      <trkpt lat="30.44015684165060520172119140625" lon="120.26107781566679477691650390625">
        <ele>4.400000095367431640625</ele>
        <time>2026-01-13T13:42:27.000Z</time>
        <extensions>
          <ns3:TrackPointExtension>
            <ns3:hr>145</ns3:hr>
            <ns3:cad>95</ns3:cad>
          </ns3:TrackPointExtension>
        </extensions>
      </trkpt>
      <trkpt lat="30.44018022716045379638671875" lon="120.26106691919267177581787109375">
        <ele>4.400000095367431640625</ele>
        <time>2026-01-13T13:42:28.000Z</time>
        <extensions>
          <ns3:TrackPointExtension>
            <ns3:hr>145</ns3:hr>
            <ns3:cad>95</ns3:cad>
          </ns3:TrackPointExtension>
        </extensions>
      </trkpt>
      <trkpt lat="30.44020143337547779083251953125" lon="120.2610577829182147979736328125">
        <ele>4.19999980926513671875</ele>
        <time>2026-01-13T13:42:29.000Z</time>
        <extensions>
          <ns3:TrackPointExtension>
            <ns3:hr>145</ns3:hr>
            <ns3:cad>95</ns3:cad>
          </ns3:TrackPointExtension>
        </extensions>
      </trkpt>
      <trkpt lat="30.4402290098369121551513671875" lon="120.26104680262506008148193359375">
        <ele>4.19999980926513671875</ele>
        <time>2026-01-13T13:42:30.000Z</time>
        <extensions>
          <ns3:TrackPointExtension>
            <ns3:hr>145</ns3:hr>
            <ns3:cad>95</ns3:cad>
          </ns3:TrackPointExtension>
        </extensions>
      </trkpt>
      <trkpt lat="30.44025055132806301116943359375" lon="120.26103825308382511138916015625">
        <ele>4</ele>
        <time>2026-01-13T13:42:31.000Z</time>
        <extensions>
          <ns3:TrackPointExtension>
            <ns3:hr>144</ns3:hr>
            <ns3:cad>94</ns3:cad>
          </ns3:TrackPointExtension>
        </extensions>
      </trkpt>
      <trkpt lat="30.44027133844792842864990234375" lon="120.26102953590452671051025390625">
        <ele>4</ele>
        <time>2026-01-13T13:42:32.000Z</time>
        <extensions>
          <ns3:TrackPointExtension>
            <ns3:hr>144</ns3:hr>
            <ns3:cad>93</ns3:cad>
          </ns3:TrackPointExtension>
        </extensions>
      </trkpt>
      <trkpt lat="30.44029430486261844635009765625" lon="120.26101813651621341705322265625">
        <ele>4</ele>
        <time>2026-01-13T13:42:33.000Z</time>
        <extensions>
          <ns3:TrackPointExtension>
            <ns3:hr>144</ns3:hr>
            <ns3:cad>93</ns3:cad>
          </ns3:TrackPointExtension>
        </extensions>
      </trkpt>
      <trkpt lat="30.4403098113834857940673828125" lon="120.26100740768015384674072265625">
        <ele>4</ele>
        <time>2026-01-13T13:42:34.000Z</time>
        <extensions>
          <ns3:TrackPointExtension>
            <ns3:hr>144</ns3:hr>
            <ns3:cad>93</ns3:cad>
          </ns3:TrackPointExtension>
        </extensions>
      </trkpt>
      <trkpt lat="30.44032045640051364898681640625" lon="120.26099768467247486114501953125">
        <ele>4</ele>
        <time>2026-01-13T13:42:35.000Z</time>
        <extensions>
          <ns3:TrackPointExtension>
            <ns3:hr>144</ns3:hr>
            <ns3:cad>92</ns3:cad>
          </ns3:TrackPointExtension>
        </extensions>
      </trkpt>
      <trkpt lat="30.4403316043317317962646484375" lon="120.2609873749315738677978515625">
        <ele>4</ele>
        <time>2026-01-13T13:42:36.000Z</time>
        <extensions>
          <ns3:TrackPointExtension>
            <ns3:hr>144</ns3:hr>
            <ns3:cad>91</ns3:cad>
          </ns3:TrackPointExtension>
        </extensions>
      </trkpt>
      <trkpt lat="30.440338142216205596923828125" lon="120.2609811723232269287109375">
        <ele>4</ele>
        <time>2026-01-13T13:42:37.000Z</time>
        <extensions>
          <ns3:TrackPointExtension>
            <ns3:hr>144</ns3:hr>
            <ns3:cad>91</ns3:cad>
          </ns3:TrackPointExtension>
        </extensions>
      </trkpt>
      <trkpt lat="30.4403510503470897674560546875" lon="120.2609731256961822509765625">
        <ele>4</ele>
        <time>2026-01-13T13:42:38.000Z</time>
        <extensions>
          <ns3:TrackPointExtension>
            <ns3:hr>144</ns3:hr>
            <ns3:cad>91</ns3:cad>
          </ns3:TrackPointExtension>
        </extensions>
      </trkpt>
      <trkpt lat="30.4403611086308956146240234375" lon="120.26096516288816928863525390625">
        <ele>4</ele>
        <time>2026-01-13T13:42:39.000Z</time>
        <extensions>
          <ns3:TrackPointExtension>
            <ns3:hr>143</ns3:hr>
            <ns3:cad>91</ns3:cad>
          </ns3:TrackPointExtension>
        </extensions>
      </trkpt>
      <trkpt lat="30.4403755255043506622314453125" lon="120.260957367718219757080078125">
        <ele>4</ele>
        <time>2026-01-13T13:42:40.000Z</time>
        <extensions>
          <ns3:TrackPointExtension>
            <ns3:hr>143</ns3:hr>
            <ns3:cad>0</ns3:cad>
          </ns3:TrackPointExtension>
        </extensions>
      </trkpt>
      <trkpt lat="30.4403979890048503875732421875" lon="120.26094471104443073272705078125">
        <ele>4</ele>
        <time>2026-01-13T13:42:41.000Z</time>
        <extensions>
          <ns3:TrackPointExtension>
            <ns3:hr>144</ns3:hr>
            <ns3:cad>0</ns3:cad>
          </ns3:TrackPointExtension>
        </extensions>
      </trkpt>
      <trkpt lat="30.44041232205927371978759765625" lon="120.260933898389339447021484375">
        <ele>4</ele>
        <time>2026-01-13T13:42:42.000Z</time>
        <extensions>
          <ns3:TrackPointExtension>
            <ns3:hr>143</ns3:hr>
            <ns3:cad>0</ns3:cad>
          </ns3:TrackPointExtension>
        </extensions>
      </trkpt>
      <trkpt lat="30.4404358752071857452392578125" lon="120.26091906242072582244873046875">
        <ele>4</ele>
        <time>2026-01-13T13:42:43.000Z</time>
        <extensions>
          <ns3:TrackPointExtension>
            <ns3:hr>143</ns3:hr>
            <ns3:cad>92</ns3:cad>
          </ns3:TrackPointExtension>
        </extensions>
      </trkpt>
      <trkpt lat="30.4404650442302227020263671875" lon="120.2609035558998584747314453125">
        <ele>3.7999999523162841796875</ele>
        <time>2026-01-13T13:42:44.000Z</time>
        <extensions>
          <ns3:TrackPointExtension>
            <ns3:hr>143</ns3:hr>
            <ns3:cad>92</ns3:cad>
          </ns3:TrackPointExtension>
        </extensions>
      </trkpt>
      <trkpt lat="30.440485663712024688720703125" lon="120.2608953416347503662109375">
        <ele>3.599999904632568359375</ele>
        <time>2026-01-13T13:42:45.000Z</time>
        <extensions>
          <ns3:TrackPointExtension>
            <ns3:hr>143</ns3:hr>
            <ns3:cad>92</ns3:cad>
          </ns3:TrackPointExtension>
        </extensions>
      </trkpt>
      <trkpt lat="30.4405059479176998138427734375" lon="120.260886289179325103759765625">
        <ele>3.599999904632568359375</ele>
        <time>2026-01-13T13:42:46.000Z</time>
        <extensions>
          <ns3:TrackPointExtension>
            <ns3:hr>143</ns3:hr>
            <ns3:cad>92</ns3:cad>
          </ns3:TrackPointExtension>
        </extensions>
      </trkpt>
      <trkpt lat="30.44052765704691410064697265625" lon="120.26087329722940921783447265625">
        <ele>3.400000095367431640625</ele>
        <time>2026-01-13T13:42:47.000Z</time>
        <extensions>
          <ns3:TrackPointExtension>
            <ns3:hr>142</ns3:hr>
            <ns3:cad>92</ns3:cad>
          </ns3:TrackPointExtension>
        </extensions>
      </trkpt>
      <trkpt lat="30.44054760597646236419677734375" lon="120.260860137641429901123046875">
        <ele>3.400000095367431640625</ele>
        <time>2026-01-13T13:42:48.000Z</time>
        <extensions>
          <ns3:TrackPointExtension>
            <ns3:hr>142</ns3:hr>
            <ns3:cad>92</ns3:cad>
          </ns3:TrackPointExtension>
        </extensions>
      </trkpt>
      <trkpt lat="30.44057074002921581268310546875" lon="120.260842032730579376220703125">
        <ele>3.400000095367431640625</ele>
        <time>2026-01-13T13:42:49.000Z</time>
        <extensions>
          <ns3:TrackPointExtension>
            <ns3:hr>141</ns3:hr>
            <ns3:cad>92</ns3:cad>
          </ns3:TrackPointExtension>
        </extensions>
      </trkpt>
      <trkpt lat="30.44058817438781261444091796875" lon="120.260831974446773529052734375">
        <ele>3.2000000476837158203125</ele>
        <time>2026-01-13T13:42:50.000Z</time>
        <extensions>
          <ns3:TrackPointExtension>
            <ns3:hr>141</ns3:hr>
            <ns3:cad>92</ns3:cad>
          </ns3:TrackPointExtension>
        </extensions>
      </trkpt>
      <trkpt lat="30.44061005115509033203125" lon="120.2608197368681430816650390625">
        <ele>3.2000000476837158203125</ele>
        <time>2026-01-13T13:42:51.000Z</time>
        <extensions>
          <ns3:TrackPointExtension>
            <ns3:hr>140</ns3:hr>
            <ns3:cad>92</ns3:cad>
          </ns3:TrackPointExtension>
        </extensions>
      </trkpt>
      <trkpt lat="30.44063176028430461883544921875" lon="120.2608053199946880340576171875">
        <ele>3.2000000476837158203125</ele>
        <time>2026-01-13T13:42:52.000Z</time>
        <extensions>
          <ns3:TrackPointExtension>
            <ns3:hr>140</ns3:hr>
            <ns3:cad>92</ns3:cad>
          </ns3:TrackPointExtension>
        </extensions>
      </trkpt>
      <trkpt lat="30.44065372087061405181884765625" lon="120.26079140603542327880859375">
        <ele>3.2000000476837158203125</ele>
        <time>2026-01-13T13:42:53.000Z</time>
        <extensions>
          <ns3:TrackPointExtension>
            <ns3:hr>140</ns3:hr>
            <ns3:cad>93</ns3:cad>
          </ns3:TrackPointExtension>
        </extensions>
      </trkpt>
      <trkpt lat="30.44067668728530406951904296875" lon="120.26077933609485626220703125">
        <ele>3.2000000476837158203125</ele>
        <time>2026-01-13T13:42:54.000Z</time>
        <extensions>
          <ns3:TrackPointExtension>
            <ns3:hr>140</ns3:hr>
            <ns3:cad>93</ns3:cad>
          </ns3:TrackPointExtension>
        </extensions>
      </trkpt>
      <trkpt lat="30.44069529511034488677978515625" lon="120.26076684705913066864013671875">
        <ele>3</ele>
        <time>2026-01-13T13:42:55.000Z</time>
        <extensions>
          <ns3:TrackPointExtension>
            <ns3:hr>140</ns3:hr>
            <ns3:cad>93</ns3:cad>
          </ns3:TrackPointExtension>
        </extensions>
      </trkpt>
      <trkpt lat="30.4407159984111785888671875" lon="120.2607543580234050750732421875">
        <ele>3</ele>
        <time>2026-01-13T13:42:56.000Z</time>
        <extensions>
          <ns3:TrackPointExtension>
            <ns3:hr>140</ns3:hr>
            <ns3:cad>93</ns3:cad>
          </ns3:TrackPointExtension>
        </extensions>
      </trkpt>
      <trkpt lat="30.44073619879782199859619140625" lon="120.26074203662574291229248046875">
        <ele>3</ele>
        <time>2026-01-13T13:42:57.000Z</time>
        <extensions>
          <ns3:TrackPointExtension>
            <ns3:hr>140</ns3:hr>
            <ns3:cad>93</ns3:cad>
          </ns3:TrackPointExtension>
        </extensions>
      </trkpt>
      <trkpt lat="30.44075966812670230865478515625" lon="120.26072971522808074951171875">
        <ele>3</ele>
        <time>2026-01-13T13:42:58.000Z</time>
        <extensions>
          <ns3:TrackPointExtension>
            <ns3:hr>140</ns3:hr>
            <ns3:cad>93</ns3:cad>
          </ns3:TrackPointExtension>
        </extensions>
      </trkpt>
      <trkpt lat="30.440780706703662872314453125" lon="120.26071990840137004852294921875">
        <ele>3</ele>
        <time>2026-01-13T13:42:59.000Z</time>
        <extensions>
          <ns3:TrackPointExtension>
            <ns3:hr>140</ns3:hr>
            <ns3:cad>93</ns3:cad>
          </ns3:TrackPointExtension>
        </extensions>
      </trkpt>
      <trkpt lat="30.440800823271274566650390625" lon="120.2607104368507862091064453125">
        <ele>2.7999999523162841796875</ele>
        <time>2026-01-13T13:43:00.000Z</time>
        <extensions>
          <ns3:TrackPointExtension>
            <ns3:hr>141</ns3:hr>
            <ns3:cad>94</ns3:cad>
          </ns3:TrackPointExtension>
        </extensions>
      </trkpt>
      <trkpt lat="30.44081993401050567626953125" lon="120.26070096530020236968994140625">
        <ele>2.7999999523162841796875</ele>
        <time>2026-01-13T13:43:01.000Z</time>
        <extensions>
          <ns3:TrackPointExtension>
            <ns3:hr>140</ns3:hr>
            <ns3:cad>94</ns3:cad>
          </ns3:TrackPointExtension>
        </extensions>
      </trkpt>
      <trkpt lat="30.44084273278713226318359375" lon="120.260691158473491668701171875">
        <ele>2.599999904632568359375</ele>
        <time>2026-01-13T13:43:02.000Z</time>
        <extensions>
          <ns3:TrackPointExtension>
            <ns3:hr>140</ns3:hr>
            <ns3:cad>93</ns3:cad>
          </ns3:TrackPointExtension>
        </extensions>
      </trkpt>
      <trkpt lat="30.44085807166993618011474609375" lon="120.2606816031038761138916015625">
        <ele>2.599999904632568359375</ele>
        <time>2026-01-13T13:43:03.000Z</time>
        <extensions>
          <ns3:TrackPointExtension>
            <ns3:hr>140</ns3:hr>
            <ns3:cad>92</ns3:cad>
          </ns3:TrackPointExtension>
        </extensions>
      </trkpt>
      <trkpt lat="30.44087936170399188995361328125" lon="120.26066810823976993560791015625">
        <ele>2.400000095367431640625</ele>
        <time>2026-01-13T13:43:04.000Z</time>
        <extensions>
          <ns3:TrackPointExtension>
            <ns3:hr>140</ns3:hr>
            <ns3:cad>90</ns3:cad>
          </ns3:TrackPointExtension>
        </extensions>
      </trkpt>
      <trkpt lat="30.440892688930034637451171875" lon="120.260663330554962158203125">
        <ele>2.400000095367431640625</ele>
        <time>2026-01-13T13:43:05.000Z</time>
        <extensions>
          <ns3:TrackPointExtension>
            <ns3:hr>140</ns3:hr>
            <ns3:cad>90</ns3:cad>
          </ns3:TrackPointExtension>
        </extensions>
      </trkpt>
      <trkpt lat="30.440908782184123992919921875" lon="120.26065855287015438079833984375">
        <ele>2.2000000476837158203125</ele>
        <time>2026-01-13T13:43:06.000Z</time>
        <extensions>
          <ns3:TrackPointExtension>
            <ns3:hr>140</ns3:hr>
            <ns3:cad>90</ns3:cad>
          </ns3:TrackPointExtension>
        </extensions>
      </trkpt>
      <trkpt lat="30.4409247078001499176025390625" lon="120.260652601718902587890625">
        <ele>2.2000000476837158203125</ele>
        <time>2026-01-13T13:43:07.000Z</time>
        <extensions>
          <ns3:TrackPointExtension>
            <ns3:hr>140</ns3:hr>
            <ns3:cad>90</ns3:cad>
          </ns3:TrackPointExtension>
        </extensions>
      </trkpt>
      <trkpt lat="30.44093484990298748016357421875" lon="120.26065033860504627227783203125">
        <ele>2.2000000476837158203125</ele>
        <time>2026-01-13T13:43:08.000Z</time>
        <extensions>
          <ns3:TrackPointExtension>
            <ns3:hr>140</ns3:hr>
            <ns3:cad>0</ns3:cad>
          </ns3:TrackPointExtension>
        </extensions>
      </trkpt>
      <trkpt lat="30.4409454949200153350830078125" lon="120.26064522564411163330078125">
        <ele>2</ele>
        <time>2026-01-13T13:43:09.000Z</time>
        <extensions>
          <ns3:TrackPointExtension>
            <ns3:hr>140</ns3:hr>
            <ns3:cad>0</ns3:cad>
          </ns3:TrackPointExtension>
        </extensions>
      </trkpt>
      <trkpt lat="30.4409627616405487060546875" lon="120.260638855397701263427734375">
        <ele>2</ele>
        <time>2026-01-13T13:43:10.000Z</time>
        <extensions>
          <ns3:TrackPointExtension>
            <ns3:hr>140</ns3:hr>
            <ns3:cad>0</ns3:cad>
          </ns3:TrackPointExtension>
        </extensions>
      </trkpt>
      <trkpt lat="30.44097675941884517669677734375" lon="120.2606356702744960784912109375">
        <ele>2</ele>
        <time>2026-01-13T13:43:11.000Z</time>
        <extensions>
          <ns3:TrackPointExtension>
            <ns3:hr>140</ns3:hr>
            <ns3:cad>0</ns3:cad>
          </ns3:TrackPointExtension>
        </extensions>
      </trkpt>
      <trkpt lat="30.440993607044219970703125" lon="120.26062821038067340850830078125">
        <ele>2</ele>
        <time>2026-01-13T13:43:12.000Z</time>
        <extensions>
          <ns3:TrackPointExtension>
            <ns3:hr>140</ns3:hr>
            <ns3:cad>0</ns3:cad>
          </ns3:TrackPointExtension>
        </extensions>
      </trkpt>
      <trkpt lat="30.441013388335704803466796875" lon="120.2606148831546306610107421875">
        <ele>2</ele>
        <time>2026-01-13T13:43:13.000Z</time>
        <extensions>
          <ns3:TrackPointExtension>
            <ns3:hr>140</ns3:hr>
            <ns3:cad>0</ns3:cad>
          </ns3:TrackPointExtension>
        </extensions>
      </trkpt>
      <trkpt lat="30.4410333372652530670166015625" lon="120.26060155592858791351318359375">
        <ele>2</ele>
        <time>2026-01-13T13:43:14.000Z</time>
        <extensions>
          <ns3:TrackPointExtension>
            <ns3:hr>140</ns3:hr>
            <ns3:cad>88</ns3:cad>
          </ns3:TrackPointExtension>
        </extensions>
      </trkpt>
      <trkpt lat="30.44104926288127899169921875" lon="120.2605894021689891815185546875">
        <ele>2</ele>
        <time>2026-01-13T13:43:15.000Z</time>
        <extensions>
          <ns3:TrackPointExtension>
            <ns3:hr>141</ns3:hr>
            <ns3:cad>92</ns3:cad>
          </ns3:TrackPointExtension>
        </extensions>
      </trkpt>
      <trkpt lat="30.44106812216341495513916015625" lon="120.26057255454361438751220703125">
        <ele>2</ele>
        <time>2026-01-13T13:43:16.000Z</time>
        <extensions>
          <ns3:TrackPointExtension>
            <ns3:hr>142</ns3:hr>
            <ns3:cad>92</ns3:cad>
          </ns3:TrackPointExtension>
        </extensions>
      </trkpt>
      <trkpt lat="30.44108538888394832611083984375" lon="120.26055763475596904754638671875">
        <ele>2</ele>
        <time>2026-01-13T13:43:17.000Z</time>
        <extensions>
          <ns3:TrackPointExtension>
            <ns3:hr>142</ns3:hr>
            <ns3:cad>92</ns3:cad>
          </ns3:TrackPointExtension>
        </extensions>
      </trkpt>
      <trkpt lat="30.44110483489930629730224609375" lon="120.2605444751679897308349609375">
        <ele>2.2000000476837158203125</ele>
        <time>2026-01-13T13:43:18.000Z</time>
        <extensions>
          <ns3:TrackPointExtension>
            <ns3:hr>142</ns3:hr>
            <ns3:cad>92</ns3:cad>
          </ns3:TrackPointExtension>
        </extensions>
      </trkpt>
      <trkpt lat="30.441123358905315399169921875" lon="120.2605297230184078216552734375">
        <ele>2.400000095367431640625</ele>
        <time>2026-01-13T13:43:19.000Z</time>
        <extensions>
          <ns3:TrackPointExtension>
            <ns3:hr>142</ns3:hr>
            <ns3:cad>92</ns3:cad>
          </ns3:TrackPointExtension>
        </extensions>
      </trkpt>
      <trkpt lat="30.4411446489393711090087890625" lon="120.26051673106849193572998046875">
        <ele>2.599999904632568359375</ele>
        <time>2026-01-13T13:43:20.000Z</time>
        <extensions>
          <ns3:TrackPointExtension>
            <ns3:hr>142</ns3:hr>
            <ns3:cad>92</ns3:cad>
          </ns3:TrackPointExtension>
        </extensions>
      </trkpt>
      <trkpt lat="30.44116820208728313446044921875" lon="120.26050382293760776519775390625">
        <ele>2.7999999523162841796875</ele>
        <time>2026-01-13T13:43:21.000Z</time>
        <extensions>
          <ns3:TrackPointExtension>
            <ns3:hr>142</ns3:hr>
            <ns3:cad>92</ns3:cad>
          </ns3:TrackPointExtension>
        </extensions>
      </trkpt>
      <trkpt lat="30.4411909170448780059814453125" lon="120.2604911662638187408447265625">
        <ele>3.2000000476837158203125</ele>
        <time>2026-01-13T13:43:22.000Z</time>
        <extensions>
          <ns3:TrackPointExtension>
            <ns3:hr>142</ns3:hr>
            <ns3:cad>92</ns3:cad>
          </ns3:TrackPointExtension>
        </extensions>
      </trkpt>
      <trkpt lat="30.44121296145021915435791015625" lon="120.26047834195196628570556640625">
        <ele>3.400000095367431640625</ele>
        <time>2026-01-13T13:43:23.000Z</time>
        <extensions>
          <ns3:TrackPointExtension>
            <ns3:hr>142</ns3:hr>
            <ns3:cad>94</ns3:cad>
          </ns3:TrackPointExtension>
        </extensions>
      </trkpt>
      <trkpt lat="30.4412398673593997955322265625" lon="120.26046593673527240753173828125">
        <ele>3.7999999523162841796875</ele>
        <time>2026-01-13T13:43:24.000Z</time>
        <extensions>
          <ns3:TrackPointExtension>
            <ns3:hr>142</ns3:hr>
            <ns3:cad>94</ns3:cad>
          </ns3:TrackPointExtension>
        </extensions>
      </trkpt>
      <trkpt lat="30.44126258231699466705322265625" lon="120.2604556269943714141845703125">
        <ele>4.19999980926513671875</ele>
        <time>2026-01-13T13:43:25.000Z</time>
        <extensions>
          <ns3:TrackPointExtension>
            <ns3:hr>142</ns3:hr>
            <ns3:cad>93</ns3:cad>
          </ns3:TrackPointExtension>
        </extensions>
      </trkpt>
      <trkpt lat="30.44127800501883029937744140625" lon="120.2604469098150730133056640625">
        <ele>4.400000095367431640625</ele>
        <time>2026-01-13T13:43:26.000Z</time>
        <extensions>
          <ns3:TrackPointExtension>
            <ns3:hr>142</ns3:hr>
            <ns3:cad>93</ns3:cad>
          </ns3:TrackPointExtension>
        </extensions>
      </trkpt>
      <trkpt lat="30.441297031939029693603515625" lon="120.26043425314128398895263671875">
        <ele>4.599999904632568359375</ele>
        <time>2026-01-13T13:43:27.000Z</time>
        <extensions>
          <ns3:TrackPointExtension>
            <ns3:hr>142</ns3:hr>
            <ns3:cad>92</ns3:cad>
          </ns3:TrackPointExtension>
        </extensions>
      </trkpt>
      <trkpt lat="30.441319830715656280517578125" lon="120.2604204230010509490966796875">
        <ele>5</ele>
        <time>2026-01-13T13:43:28.000Z</time>
        <extensions>
          <ns3:TrackPointExtension>
            <ns3:hr>141</ns3:hr>
            <ns3:cad>92</ns3:cad>
          </ns3:TrackPointExtension>
        </extensions>
      </trkpt>
      <trkpt lat="30.44133600778877735137939453125" lon="120.26040910743176937103271484375">
        <ele>5.19999980926513671875</ele>
        <time>2026-01-13T13:43:29.000Z</time>
        <extensions>
          <ns3:TrackPointExtension>
            <ns3:hr>142</ns3:hr>
            <ns3:cad>92</ns3:cad>
          </ns3:TrackPointExtension>
        </extensions>
      </trkpt>
      <trkpt lat="30.44135696254670619964599609375" lon="120.260397456586360931396484375">
        <ele>5.599999904632568359375</ele>
        <time>2026-01-13T13:43:30.000Z</time>
        <extensions>
          <ns3:TrackPointExtension>
            <ns3:hr>142</ns3:hr>
            <ns3:cad>93</ns3:cad>
          </ns3:TrackPointExtension>
        </extensions>
      </trkpt>
      <trkpt lat="30.44137976132333278656005859375" lon="120.26038144715130329132080078125">
        <ele>6</ele>
        <time>2026-01-13T13:43:31.000Z</time>
        <extensions>
          <ns3:TrackPointExtension>
            <ns3:hr>142</ns3:hr>
            <ns3:cad>93</ns3:cad>
          </ns3:TrackPointExtension>
        </extensions>
      </trkpt>
      <trkpt lat="30.4413919150829315185546875" lon="120.26037029922008514404296875">
        <ele>6.19999980926513671875</ele>
        <time>2026-01-13T13:43:32.000Z</time>
        <extensions>
          <ns3:TrackPointExtension>
            <ns3:hr>142</ns3:hr>
            <ns3:cad>93</ns3:cad>
          </ns3:TrackPointExtension>
        </extensions>
      </trkpt>
      <trkpt lat="30.4414093494415283203125" lon="120.26035764254629611968994140625">
        <ele>6.400000095367431640625</ele>
        <time>2026-01-13T13:43:33.000Z</time>
        <extensions>
          <ns3:TrackPointExtension>
            <ns3:hr>142</ns3:hr>
            <ns3:cad>93</ns3:cad>
          </ns3:TrackPointExtension>
        </extensions>
      </trkpt>
      <trkpt lat="30.44142871163785457611083984375" lon="120.260345153510570526123046875">
        <ele>6.80000019073486328125</ele>
        <time>2026-01-13T13:43:34.000Z</time>
        <extensions>
          <ns3:TrackPointExtension>
            <ns3:hr>142</ns3:hr>
            <ns3:cad>92</ns3:cad>
          </ns3:TrackPointExtension>
        </extensions>
      </trkpt>
      <trkpt lat="30.4414390213787555694580078125" lon="120.260339789092540740966796875">
        <ele>6.80000019073486328125</ele>
        <time>2026-01-13T13:43:35.000Z</time>
        <extensions>
          <ns3:TrackPointExtension>
            <ns3:hr>142</ns3:hr>
            <ns3:cad>92</ns3:cad>
          </ns3:TrackPointExtension>
        </extensions>
      </trkpt>
      <trkpt lat="30.441449582576751708984375" lon="120.26033316738903522491455078125">
        <ele>7</ele>
        <time>2026-01-13T13:43:36.000Z</time>
        <extensions>
          <ns3:TrackPointExtension>
            <ns3:hr>142</ns3:hr>
            <ns3:cad>92</ns3:cad>
          </ns3:TrackPointExtension>
        </extensions>
      </trkpt>
      <trkpt lat="30.44146542437374591827392578125" lon="120.26032076217234134674072265625">
        <ele>7.400000095367431640625</ele>
        <time>2026-01-13T13:43:37.000Z</time>
        <extensions>
          <ns3:TrackPointExtension>
            <ns3:hr>142</ns3:hr>
            <ns3:cad>89</ns3:cad>
          </ns3:TrackPointExtension>
        </extensions>
      </trkpt>
      <trkpt lat="30.44148352928459644317626953125" lon="120.2603060938417911529541015625">
        <ele>7.400000095367431640625</ele>
        <time>2026-01-13T13:43:38.000Z</time>
        <extensions>
          <ns3:TrackPointExtension>
            <ns3:hr>142</ns3:hr>
            <ns3:cad>89</ns3:cad>
          </ns3:TrackPointExtension>
        </extensions>
      </trkpt>
      <trkpt lat="30.4415045678615570068359375" lon="120.260293520987033843994140625">
        <ele>7.400000095367431640625</ele>
        <time>2026-01-13T13:43:39.000Z</time>
        <extensions>
          <ns3:TrackPointExtension>
            <ns3:hr>142</ns3:hr>
            <ns3:cad>90</ns3:cad>
          </ns3:TrackPointExtension>
        </extensions>
      </trkpt>
      <trkpt lat="30.44152267277240753173828125" lon="120.26028136722743511199951171875">
        <ele>7.400000095367431640625</ele>
        <time>2026-01-13T13:43:40.000Z</time>
        <extensions>
          <ns3:TrackPointExtension>
            <ns3:hr>142</ns3:hr>
            <ns3:cad>90</ns3:cad>
          </ns3:TrackPointExtension>
        </extensions>
      </trkpt>
      <trkpt lat="30.44154589064419269561767578125" lon="120.2602668665349483489990234375">
        <ele>7.19999980926513671875</ele>
        <time>2026-01-13T13:43:41.000Z</time>
        <extensions>
          <ns3:TrackPointExtension>
            <ns3:hr>142</ns3:hr>
            <ns3:cad>90</ns3:cad>
          </ns3:TrackPointExtension>
        </extensions>
      </trkpt>
      <trkpt lat="30.44155913405120372772216796875" lon="120.2602569758892059326171875">
        <ele>7.19999980926513671875</ele>
        <time>2026-01-13T13:43:42.000Z</time>
        <extensions>
          <ns3:TrackPointExtension>
            <ns3:hr>142</ns3:hr>
            <ns3:cad>90</ns3:cad>
          </ns3:TrackPointExtension>
        </extensions>
      </trkpt>
      <trkpt lat="30.441580004990100860595703125" lon="120.26024557650089263916015625">
        <ele>7.19999980926513671875</ele>
        <time>2026-01-13T13:43:43.000Z</time>
        <extensions>
          <ns3:TrackPointExtension>
            <ns3:hr>142</ns3:hr>
            <ns3:cad>90</ns3:cad>
          </ns3:TrackPointExtension>
        </extensions>
      </trkpt>
      <trkpt lat="30.44160188175737857818603515625" lon="120.26023409329354763031005859375">
        <ele>7.19999980926513671875</ele>
        <time>2026-01-13T13:43:44.000Z</time>
        <extensions>
          <ns3:TrackPointExtension>
            <ns3:hr>142</ns3:hr>
            <ns3:cad>90</ns3:cad>
          </ns3:TrackPointExtension>
        </extensions>
      </trkpt>
      <trkpt lat="30.44161411933600902557373046875" lon="120.260229147970676422119140625">
        <ele>7.19999980926513671875</ele>
        <time>2026-01-13T13:43:45.000Z</time>
        <extensions>
          <ns3:TrackPointExtension>
            <ns3:hr>142</ns3:hr>
            <ns3:cad>90</ns3:cad>
          </ns3:TrackPointExtension>
        </extensions>
      </trkpt>
      <trkpt lat="30.441630966961383819580078125" lon="120.2602199278771877288818359375">
        <ele>7</ele>
        <time>2026-01-13T13:43:46.000Z</time>
        <extensions>
          <ns3:TrackPointExtension>
            <ns3:hr>142</ns3:hr>
            <ns3:cad>90</ns3:cad>
          </ns3:TrackPointExtension>
        </extensions>
      </trkpt>
      <trkpt lat="30.4416452161967754364013671875" lon="120.26021447964012622833251953125">
        <ele>7</ele>
        <time>2026-01-13T13:43:47.000Z</time>
        <extensions>
          <ns3:TrackPointExtension>
            <ns3:hr>141</ns3:hr>
            <ns3:cad>90</ns3:cad>
          </ns3:TrackPointExtension>
        </extensions>
      </trkpt>
      <trkpt lat="30.441657789051532745361328125" lon="120.2602081932127475738525390625">
        <ele>6.80000019073486328125</ele>
        <time>2026-01-13T13:43:48.000Z</time>
        <extensions>
          <ns3:TrackPointExtension>
            <ns3:hr>141</ns3:hr>
            <ns3:cad>90</ns3:cad>
          </ns3:TrackPointExtension>
        </extensions>
      </trkpt>
      <trkpt lat="30.44167161919176578521728515625" lon="120.26020056568086147308349609375">
        <ele>6.80000019073486328125</ele>
        <time>2026-01-13T13:43:49.000Z</time>
        <extensions>
          <ns3:TrackPointExtension>
            <ns3:hr>141</ns3:hr>
            <ns3:cad>89</ns3:cad>
          </ns3:TrackPointExtension>
        </extensions>
      </trkpt>
      <trkpt lat="30.441685616970062255859375" lon="120.26019184850156307220458984375">
        <ele>6.80000019073486328125</ele>
        <time>2026-01-13T13:43:50.000Z</time>
        <extensions>
          <ns3:TrackPointExtension>
            <ns3:hr>141</ns3:hr>
            <ns3:cad>89</ns3:cad>
          </ns3:TrackPointExtension>
        </extensions>
      </trkpt>
      <trkpt lat="30.44169902801513671875" lon="120.26018078438937664031982421875">
        <ele>6.80000019073486328125</ele>
        <time>2026-01-13T13:43:51.000Z</time>
        <extensions>
          <ns3:TrackPointExtension>
            <ns3:hr>140</ns3:hr>
            <ns3:cad>62</ns3:cad>
          </ns3:TrackPointExtension>
        </extensions>
      </trkpt>
      <trkpt lat="30.44170900247991085052490234375" lon="120.26017583906650543212890625">
        <ele>6.599999904632568359375</ele>
        <time>2026-01-13T13:43:52.000Z</time>
        <extensions>
          <ns3:TrackPointExtension>
            <ns3:hr>140</ns3:hr>
            <ns3:cad>62</ns3:cad>
          </ns3:TrackPointExtension>
        </extensions>
      </trkpt>
      <trkpt lat="30.4417199827730655670166015625" lon="120.260168798267841339111328125">
        <ele>6.599999904632568359375</ele>
        <time>2026-01-13T13:43:53.000Z</time>
        <extensions>
          <ns3:TrackPointExtension>
            <ns3:hr>140</ns3:hr>
            <ns3:cad>63</ns3:cad>
          </ns3:TrackPointExtension>
        </extensions>
      </trkpt>
      <trkpt lat="30.44172995723783969879150390625" lon="120.2601595781743526458740234375">
        <ele>6.599999904632568359375</ele>
        <time>2026-01-13T13:43:54.000Z</time>
        <extensions>
          <ns3:TrackPointExtension>
            <ns3:hr>139</ns3:hr>
            <ns3:cad>63</ns3:cad>
          </ns3:TrackPointExtension>
        </extensions>
      </trkpt>
      <trkpt lat="30.44174118898808956146240234375" lon="120.26015094481408596038818359375">
        <ele>6.400000095367431640625</ele>
        <time>2026-01-13T13:43:55.000Z</time>
        <extensions>
          <ns3:TrackPointExtension>
            <ns3:hr>139</ns3:hr>
            <ns3:cad>63</ns3:cad>
          </ns3:TrackPointExtension>
        </extensions>
      </trkpt>
      <trkpt lat="30.44175292365252971649169921875" lon="120.2601401321589946746826171875">
        <ele>6.400000095367431640625</ele>
        <time>2026-01-13T13:43:56.000Z</time>
        <extensions>
          <ns3:TrackPointExtension>
            <ns3:hr>139</ns3:hr>
            <ns3:cad>62</ns3:cad>
          </ns3:TrackPointExtension>
        </extensions>
      </trkpt>
      <trkpt lat="30.4417602159082889556884765625" lon="120.26013183407485485076904296875">
        <ele>6.400000095367431640625</ele>
        <time>2026-01-13T13:43:57.000Z</time>
        <extensions>
          <ns3:TrackPointExtension>
            <ns3:hr>138</ns3:hr>
            <ns3:cad>62</ns3:cad>
          </ns3:TrackPointExtension>
        </extensions>
      </trkpt>
      <trkpt lat="30.44176717288792133331298828125" lon="120.26012361980974674224853515625">
        <ele>6.19999980926513671875</ele>
        <time>2026-01-13T13:43:58.000Z</time>
        <extensions>
          <ns3:TrackPointExtension>
            <ns3:hr>138</ns3:hr>
            <ns3:cad>61</ns3:cad>
          </ns3:TrackPointExtension>
        </extensions>
      </trkpt>
      <trkpt lat="30.4417729564011096954345703125" lon="120.2601149864494800567626953125">
        <ele>6.19999980926513671875</ele>
        <time>2026-01-13T13:43:59.000Z</time>
        <extensions>
          <ns3:TrackPointExtension>
            <ns3:hr>138</ns3:hr>
            <ns3:cad>61</ns3:cad>
          </ns3:TrackPointExtension>
        </extensions>
      </trkpt>
      <trkpt lat="30.44177572242915630340576171875" lon="120.26011272333562374114990234375">
        <ele>6.19999980926513671875</ele>
        <time>2026-01-13T13:44:00.000Z</time>
        <extensions>
          <ns3:TrackPointExtension>
            <ns3:hr>138</ns3:hr>
            <ns3:cad>61</ns3:cad>
          </ns3:TrackPointExtension>
        </extensions>
      </trkpt>
      <trkpt lat="30.44177656061947345733642578125" lon="120.26011171750724315643310546875">
        <ele>6.19999980926513671875</ele>
        <time>2026-01-13T13:44:01.000Z</time>
        <extensions>
          <ns3:TrackPointExtension>
            <ns3:hr>137</ns3:hr>
            <ns3:cad>61</ns3:cad>
          </ns3:TrackPointExtension>
        </extensions>
      </trkpt>
      <trkpt lat="30.4417766444385051727294921875" lon="120.26011121459305286407470703125">
        <ele>6.19999980926513671875</ele>
        <time>2026-01-13T13:44:02.000Z</time>
        <extensions>
          <ns3:TrackPointExtension>
            <ns3:hr>137</ns3:hr>
            <ns3:cad>0</ns3:cad>
          </ns3:TrackPointExtension>
        </extensions>
      </trkpt>
      <trkpt lat="30.4417766444385051727294921875" lon="120.26011104695498943328857421875">
        <ele>6.19999980926513671875</ele>
        <time>2026-01-13T13:44:04.000Z</time>
        <extensions>
          <ns3:TrackPointExtension>
            <ns3:hr>136</ns3:hr>
            <ns3:cad>0</ns3:cad>
          </ns3:TrackPointExtension>
        </extensions>
      </trkpt>
      <trkpt lat="30.4417769797146320343017578125" lon="120.26011104695498943328857421875">
        <ele>6.19999980926513671875</ele>
        <time>2026-01-13T13:44:05.000Z</time>
        <extensions>
          <ns3:TrackPointExtension>
            <ns3:hr>135</ns3:hr>
            <ns3:cad>0</ns3:cad>
          </ns3:TrackPointExtension>
        </extensions>
      </trkpt>
      <trkpt lat="30.4417769797146320343017578125" lon="120.26011104695498943328857421875">
        <ele>6.19999980926513671875</ele>
        <time>2026-01-13T13:44:06.000Z</time>
        <extensions>
          <ns3:TrackPointExtension>
            <ns3:hr>135</ns3:hr>
            <ns3:cad>0</ns3:cad>
          </ns3:TrackPointExtension>
        </extensions>
      </trkpt>
      <trkpt lat="30.44195978902280330657958984375" lon="120.26001079939305782318115234375">
        <ele>5.19999980926513671875</ele>
        <time>2026-01-13T13:44:48.000Z</time>
        <extensions>
          <ns3:TrackPointExtension>
            <ns3:hr>123</ns3:hr>
            <ns3:cad>91</ns3:cad>
          </ns3:TrackPointExtension>
        </extensions>
      </trkpt>
      <trkpt lat="30.441986359655857086181640625" lon="120.25999856181442737579345703125">
        <ele>5</ele>
        <time>2026-01-13T13:44:49.000Z</time>
        <extensions>
          <ns3:TrackPointExtension>
            <ns3:hr>124</ns3:hr>
            <ns3:cad>93</ns3:cad>
          </ns3:TrackPointExtension>
        </extensions>
      </trkpt>
      <trkpt lat="30.4420089907944202423095703125" lon="120.25998531840741634368896484375">
        <ele>4.80000019073486328125</ele>
        <time>2026-01-13T13:44:50.000Z</time>
        <extensions>
          <ns3:TrackPointExtension>
            <ns3:hr>124</ns3:hr>
            <ns3:cad>93</ns3:cad>
          </ns3:TrackPointExtension>
        </extensions>
      </trkpt>
      <trkpt lat="30.4420291073620319366455078125" lon="120.25996637530624866485595703125">
        <ele>4.80000019073486328125</ele>
        <time>2026-01-13T13:44:51.000Z</time>
        <extensions>
          <ns3:TrackPointExtension>
            <ns3:hr>125</ns3:hr>
            <ns3:cad>93</ns3:cad>
          </ns3:TrackPointExtension>
        </extensions>
      </trkpt>
      <trkpt lat="30.44204897247254848480224609375" lon="120.25994558818638324737548828125">
        <ele>4.599999904632568359375</ele>
        <time>2026-01-13T13:44:52.000Z</time>
        <extensions>
          <ns3:TrackPointExtension>
            <ns3:hr>125</ns3:hr>
            <ns3:cad>93</ns3:cad>
          </ns3:TrackPointExtension>
        </extensions>
      </trkpt>
      <trkpt lat="30.442070178687572479248046875" lon="120.25992513634264469146728515625">
        <ele>4.400000095367431640625</ele>
        <time>2026-01-13T13:44:53.000Z</time>
        <extensions>
          <ns3:TrackPointExtension>
            <ns3:hr>126</ns3:hr>
            <ns3:cad>93</ns3:cad>
          </ns3:TrackPointExtension>
        </extensions>
      </trkpt>
      <trkpt lat="30.44209373183548450469970703125" lon="120.25990703143179416656494140625">
        <ele>4.400000095367431640625</ele>
        <time>2026-01-13T13:44:54.000Z</time>
        <extensions>
          <ns3:TrackPointExtension>
            <ns3:hr>126</ns3:hr>
            <ns3:cad>94</ns3:cad>
          </ns3:TrackPointExtension>
        </extensions>
      </trkpt>
      <trkpt lat="30.4421182908117771148681640625" lon="120.2598910219967365264892578125">
        <ele>4.400000095367431640625</ele>
        <time>2026-01-13T13:44:55.000Z</time>
        <extensions>
          <ns3:TrackPointExtension>
            <ns3:hr>126</ns3:hr>
            <ns3:cad>94</ns3:cad>
          </ns3:TrackPointExtension>
        </extensions>
      </trkpt>
      <trkpt lat="30.44214452616870403289794921875" lon="120.2598792873322963714599609375">
        <ele>4.19999980926513671875</ele>
        <time>2026-01-13T13:44:56.000Z</time>
        <extensions>
          <ns3:TrackPointExtension>
            <ns3:hr>127</ns3:hr>
            <ns3:cad>94</ns3:cad>
          </ns3:TrackPointExtension>
        </extensions>
      </trkpt>
      <trkpt lat="30.44216967187821865081787109375" lon="120.25986872613430023193359375">
        <ele>4.19999980926513671875</ele>
        <time>2026-01-13T13:44:57.000Z</time>
        <extensions>
          <ns3:TrackPointExtension>
            <ns3:hr>128</ns3:hr>
            <ns3:cad>94</ns3:cad>
          </ns3:TrackPointExtension>
        </extensions>
      </trkpt>
      <trkpt lat="30.44219397939741611480712890625" lon="120.25985757820308208465576171875">
        <ele>4</ele>
        <time>2026-01-13T13:44:58.000Z</time>
        <extensions>
          <ns3:TrackPointExtension>
            <ns3:hr>128</ns3:hr>
            <ns3:cad>94</ns3:cad>
          </ns3:TrackPointExtension>
        </extensions>
      </trkpt>
      <trkpt lat="30.44221736490726470947265625" lon="120.2598454244434833526611328125">
        <ele>4.19999980926513671875</ele>
        <time>2026-01-13T13:44:59.000Z</time>
        <extensions>
          <ns3:TrackPointExtension>
            <ns3:hr>128</ns3:hr>
            <ns3:cad>94</ns3:cad>
          </ns3:TrackPointExtension>
        </extensions>
      </trkpt>
      <trkpt lat="30.4422399960458278656005859375" lon="120.25983142666518688201904296875">
        <ele>4.19999980926513671875</ele>
        <time>2026-01-13T13:45:00.000Z</time>
        <extensions>
          <ns3:TrackPointExtension>
            <ns3:hr>130</ns3:hr>
            <ns3:cad>96</ns3:cad>
          </ns3:TrackPointExtension>
        </extensions>
      </trkpt>
      <trkpt lat="30.44226287864148616790771484375" lon="120.25981516577303409576416015625">
        <ele>4.19999980926513671875</ele>
        <time>2026-01-13T13:45:01.000Z</time>
        <extensions>
          <ns3:TrackPointExtension>
            <ns3:hr>131</ns3:hr>
            <ns3:cad>96</ns3:cad>
          </ns3:TrackPointExtension>
        </extensions>
      </trkpt>
      <trkpt lat="30.442286431789398193359375" lon="120.25980058126151561737060546875">
        <ele>4.400000095367431640625</ele>
        <time>2026-01-13T13:45:02.000Z</time>
        <extensions>
          <ns3:TrackPointExtension>
            <ns3:hr>133</ns3:hr>
            <ns3:cad>96</ns3:cad>
          </ns3:TrackPointExtension>
        </extensions>
      </trkpt>
      <trkpt lat="30.44231182895600795745849609375" lon="120.25978767313063144683837890625">
        <ele>4.400000095367431640625</ele>
        <time>2026-01-13T13:45:03.000Z</time>
        <extensions>
          <ns3:TrackPointExtension>
            <ns3:hr>134</ns3:hr>
            <ns3:cad>93</ns3:cad>
          </ns3:TrackPointExtension>
        </extensions>
      </trkpt>
      <trkpt lat="30.442335046827793121337890625" lon="120.25977526791393756866455078125">
        <ele>4.400000095367431640625</ele>
        <time>2026-01-13T13:45:04.000Z</time>
        <extensions>
          <ns3:TrackPointExtension>
            <ns3:hr>135</ns3:hr>
            <ns3:cad>93</ns3:cad>
          </ns3:TrackPointExtension>
        </extensions>
      </trkpt>
      <trkpt lat="30.44235885143280029296875" lon="120.259761102497577667236328125">
        <ele>4.19999980926513671875</ele>
        <time>2026-01-13T13:45:05.000Z</time>
        <extensions>
          <ns3:TrackPointExtension>
            <ns3:hr>136</ns3:hr>
            <ns3:cad>95</ns3:cad>
          </ns3:TrackPointExtension>
        </extensions>
      </trkpt>
      <trkpt lat="30.4423811472952365875244140625" lon="120.25974844582378864288330078125">
        <ele>4</ele>
        <time>2026-01-13T13:45:06.000Z</time>
        <extensions>
          <ns3:TrackPointExtension>
            <ns3:hr>136</ns3:hr>
            <ns3:cad>95</ns3:cad>
          </ns3:TrackPointExtension>
        </extensions>
      </trkpt>
      <trkpt lat="30.44240369461476802825927734375" lon="120.25973637588322162628173828125">
        <ele>4</ele>
        <time>2026-01-13T13:45:07.000Z</time>
        <extensions>
          <ns3:TrackPointExtension>
            <ns3:hr>137</ns3:hr>
            <ns3:cad>95</ns3:cad>
          </ns3:TrackPointExtension>
        </extensions>
      </trkpt>
      <trkpt lat="30.442428253591060638427734375" lon="120.259721539914608001708984375">
        <ele>3.7999999523162841796875</ele>
        <time>2026-01-13T13:45:08.000Z</time>
        <extensions>
          <ns3:TrackPointExtension>
            <ns3:hr>137</ns3:hr>
            <ns3:cad>95</ns3:cad>
          </ns3:TrackPointExtension>
        </extensions>
      </trkpt>
      <trkpt lat="30.44245080091059207916259765625" lon="120.259709469974040985107421875">
        <ele>3.599999904632568359375</ele>
        <time>2026-01-13T13:45:09.000Z</time>
        <extensions>
          <ns3:TrackPointExtension>
            <ns3:hr>137</ns3:hr>
            <ns3:cad>96</ns3:cad>
          </ns3:TrackPointExtension>
        </extensions>
      </trkpt>
      <trkpt lat="30.4424756951630115509033203125" lon="120.25969714857637882232666015625">
        <ele>3.400000095367431640625</ele>
        <time>2026-01-13T13:45:10.000Z</time>
        <extensions>
          <ns3:TrackPointExtension>
            <ns3:hr>138</ns3:hr>
            <ns3:cad>96</ns3:cad>
          </ns3:TrackPointExtension>
        </extensions>
      </trkpt>
      <trkpt lat="30.442499332129955291748046875" lon="120.25968289934098720550537109375">
        <ele>3.400000095367431640625</ele>
        <time>2026-01-13T13:45:11.000Z</time>
        <extensions>
          <ns3:TrackPointExtension>
            <ns3:hr>138</ns3:hr>
            <ns3:cad>95</ns3:cad>
          </ns3:TrackPointExtension>
        </extensions>
      </trkpt>
      <trkpt lat="30.442522130906581878662109375" lon="120.25966663844883441925048828125">
        <ele>3.599999904632568359375</ele>
        <time>2026-01-13T13:45:12.000Z</time>
        <extensions>
          <ns3:TrackPointExtension>
            <ns3:hr>138</ns3:hr>
            <ns3:cad>95</ns3:cad>
          </ns3:TrackPointExtension>
        </extensions>
      </trkpt>
      <trkpt lat="30.44254601933062076568603515625" lon="120.25965280830860137939453125">
        <ele>3.599999904632568359375</ele>
        <time>2026-01-13T13:45:13.000Z</time>
        <extensions>
          <ns3:TrackPointExtension>
            <ns3:hr>138</ns3:hr>
            <ns3:cad>95</ns3:cad>
          </ns3:TrackPointExtension>
        </extensions>
      </trkpt>
      <trkpt lat="30.44256865046918392181396484375" lon="120.259638726711273193359375">
        <ele>3.7999999523162841796875</ele>
        <time>2026-01-13T13:45:14.000Z</time>
        <extensions>
          <ns3:TrackPointExtension>
            <ns3:hr>138</ns3:hr>
            <ns3:cad>95</ns3:cad>
          </ns3:TrackPointExtension>
        </extensions>
      </trkpt>
      <trkpt lat="30.442594550549983978271484375" lon="120.25962338782846927642822265625">
        <ele>4</ele>
        <time>2026-01-13T13:45:15.000Z</time>
        <extensions>
          <ns3:TrackPointExtension>
            <ns3:hr>138</ns3:hr>
            <ns3:cad>95</ns3:cad>
          </ns3:TrackPointExtension>
        </extensions>
      </trkpt>
      <trkpt lat="30.442619025707244873046875" lon="120.2596077136695384979248046875">
        <ele>4.19999980926513671875</ele>
        <time>2026-01-13T13:45:16.000Z</time>
        <extensions>
          <ns3:TrackPointExtension>
            <ns3:hr>138</ns3:hr>
            <ns3:cad>95</ns3:cad>
          </ns3:TrackPointExtension>
        </extensions>
      </trkpt>
      <trkpt lat="30.44264291413128376007080078125" lon="120.2595916204154491424560546875">
        <ele>4.400000095367431640625</ele>
        <time>2026-01-13T13:45:17.000Z</time>
        <extensions>
          <ns3:TrackPointExtension>
            <ns3:hr>138</ns3:hr>
            <ns3:cad>95</ns3:cad>
          </ns3:TrackPointExtension>
        </extensions>
      </trkpt>
      <trkpt lat="30.4426651261746883392333984375" lon="120.2595755271613597869873046875">
        <ele>4.599999904632568359375</ele>
        <time>2026-01-13T13:45:18.000Z</time>
        <extensions>
          <ns3:TrackPointExtension>
            <ns3:hr>138</ns3:hr>
            <ns3:cad>95</ns3:cad>
          </ns3:TrackPointExtension>
        </extensions>
      </trkpt>
      <trkpt lat="30.44268415309488773345947265625" lon="120.2595614455640316009521484375">
        <ele>4.80000019073486328125</ele>
        <time>2026-01-13T13:45:19.000Z</time>
        <extensions>
          <ns3:TrackPointExtension>
            <ns3:hr>138</ns3:hr>
            <ns3:cad>95</ns3:cad>
          </ns3:TrackPointExtension>
        </extensions>
      </trkpt>
      <trkpt lat="30.442705862224102020263671875" lon="120.2595490403473377227783203125">
        <ele>5</ele>
        <time>2026-01-13T13:45:20.000Z</time>
        <extensions>
          <ns3:TrackPointExtension>
            <ns3:hr>138</ns3:hr>
            <ns3:cad>95</ns3:cad>
          </ns3:TrackPointExtension>
        </extensions>
      </trkpt>
      <trkpt lat="30.44272908009588718414306640625" lon="120.259535796940326690673828125">
        <ele>5.19999980926513671875</ele>
        <time>2026-01-13T13:45:21.000Z</time>
        <extensions>
          <ns3:TrackPointExtension>
            <ns3:hr>138</ns3:hr>
            <ns3:cad>95</ns3:cad>
          </ns3:TrackPointExtension>
        </extensions>
      </trkpt>
      <trkpt lat="30.44275581836700439453125" lon="120.259523726999759674072265625">
        <ele>5.400000095367431640625</ele>
        <time>2026-01-13T13:45:22.000Z</time>
        <extensions>
          <ns3:TrackPointExtension>
            <ns3:hr>138</ns3:hr>
            <ns3:cad>95</ns3:cad>
          </ns3:TrackPointExtension>
        </extensions>
      </trkpt>
      <trkpt lat="30.44277719222009181976318359375" lon="120.25951065123081207275390625">
        <ele>5.599999904632568359375</ele>
        <time>2026-01-13T13:45:23.000Z</time>
        <extensions>
          <ns3:TrackPointExtension>
            <ns3:hr>138</ns3:hr>
            <ns3:cad>94</ns3:cad>
          </ns3:TrackPointExtension>
        </extensions>
      </trkpt>
      <trkpt lat="30.442797727882862091064453125" lon="120.259494222700595855712890625">
        <ele>5.80000019073486328125</ele>
        <time>2026-01-13T13:45:24.000Z</time>
        <extensions>
          <ns3:TrackPointExtension>
            <ns3:hr>138</ns3:hr>
            <ns3:cad>94</ns3:cad>
          </ns3:TrackPointExtension>
        </extensions>
      </trkpt>
      <trkpt lat="30.44281893409788608551025390625" lon="120.259477794170379638671875">
        <ele>5.80000019073486328125</ele>
        <time>2026-01-13T13:45:25.000Z</time>
        <extensions>
          <ns3:TrackPointExtension>
            <ns3:hr>138</ns3:hr>
            <ns3:cad>94</ns3:cad>
          </ns3:TrackPointExtension>
        </extensions>
      </trkpt>
      <trkpt lat="30.44284190051257610321044921875" lon="120.2594628743827342987060546875">
        <ele>6</ele>
        <time>2026-01-13T13:45:26.000Z</time>
        <extensions>
          <ns3:TrackPointExtension>
            <ns3:hr>138</ns3:hr>
            <ns3:cad>93</ns3:cad>
          </ns3:TrackPointExtension>
        </extensions>
      </trkpt>
      <trkpt lat="30.442866124212741851806640625" lon="120.25944921188056468963623046875">
        <ele>6.19999980926513671875</ele>
        <time>2026-01-13T13:45:27.000Z</time>
        <extensions>
          <ns3:TrackPointExtension>
            <ns3:hr>138</ns3:hr>
            <ns3:cad>93</ns3:cad>
          </ns3:TrackPointExtension>
        </extensions>
      </trkpt>
      <trkpt lat="30.4428880847990512847900390625" lon="120.2594353817403316497802734375">
        <ele>6.19999980926513671875</ele>
        <time>2026-01-13T13:45:28.000Z</time>
        <extensions>
          <ns3:TrackPointExtension>
            <ns3:hr>138</ns3:hr>
            <ns3:cad>93</ns3:cad>
          </ns3:TrackPointExtension>
        </extensions>
      </trkpt>
      <trkpt lat="30.4429118894040584564208984375" lon="120.25942088104784488677978515625">
        <ele>6.400000095367431640625</ele>
        <time>2026-01-13T13:45:29.000Z</time>
        <extensions>
          <ns3:TrackPointExtension>
            <ns3:hr>138</ns3:hr>
            <ns3:cad>94</ns3:cad>
          </ns3:TrackPointExtension>
        </extensions>
      </trkpt>
      <trkpt lat="30.44293795712292194366455078125" lon="120.2594053745269775390625">
        <ele>6.599999904632568359375</ele>
        <time>2026-01-13T13:45:30.000Z</time>
        <extensions>
          <ns3:TrackPointExtension>
            <ns3:hr>138</ns3:hr>
            <ns3:cad>96</ns3:cad>
          </ns3:TrackPointExtension>
        </extensions>
      </trkpt>
      <trkpt lat="30.44296293519437313079833984375" lon="120.25939070619642734527587890625">
        <ele>6.599999904632568359375</ele>
        <time>2026-01-13T13:45:31.000Z</time>
        <extensions>
          <ns3:TrackPointExtension>
            <ns3:hr>138</ns3:hr>
            <ns3:cad>96</ns3:cad>
          </ns3:TrackPointExtension>
        </extensions>
      </trkpt>
      <trkpt lat="30.44298757798969745635986328125" lon="120.25937813334167003631591796875">
        <ele>6.80000019073486328125</ele>
        <time>2026-01-13T13:45:32.000Z</time>
        <extensions>
          <ns3:TrackPointExtension>
            <ns3:hr>139</ns3:hr>
            <ns3:cad>95</ns3:cad>
          </ns3:TrackPointExtension>
        </extensions>
      </trkpt>
      <trkpt lat="30.44301188550889492034912109375" lon="120.2593676559627056121826171875">
        <ele>7</ele>
        <time>2026-01-13T13:45:33.000Z</time>
        <extensions>
          <ns3:TrackPointExtension>
            <ns3:hr>139</ns3:hr>
            <ns3:cad>95</ns3:cad>
          </ns3:TrackPointExtension>
        </extensions>
      </trkpt>
      <trkpt lat="30.44303602539002895355224609375" lon="120.25935667566955089569091796875">
        <ele>7</ele>
        <time>2026-01-13T13:45:34.000Z</time>
        <extensions>
          <ns3:TrackPointExtension>
            <ns3:hr>139</ns3:hr>
            <ns3:cad>95</ns3:cad>
          </ns3:TrackPointExtension>
        </extensions>
      </trkpt>
      <trkpt lat="30.4430587403476238250732421875" lon="120.2593450248241424560546875">
        <ele>7</ele>
        <time>2026-01-13T13:45:35.000Z</time>
        <extensions>
          <ns3:TrackPointExtension>
            <ns3:hr>140</ns3:hr>
            <ns3:cad>95</ns3:cad>
          </ns3:TrackPointExtension>
        </extensions>
      </trkpt>
      <trkpt lat="30.4430812038481235504150390625" lon="120.25933253578841686248779296875">
        <ele>6.80000019073486328125</ele>
        <time>2026-01-13T13:45:36.000Z</time>
        <extensions>
          <ns3:TrackPointExtension>
            <ns3:hr>141</ns3:hr>
            <ns3:cad>94</ns3:cad>
          </ns3:TrackPointExtension>
        </extensions>
      </trkpt>
      <trkpt lat="30.44310140423476696014404296875" lon="120.25931845419108867645263671875">
        <ele>6.80000019073486328125</ele>
        <time>2026-01-13T13:45:37.000Z</time>
        <extensions>
          <ns3:TrackPointExtension>
            <ns3:hr>142</ns3:hr>
            <ns3:cad>93</ns3:cad>
          </ns3:TrackPointExtension>
        </extensions>
      </trkpt>
      <trkpt lat="30.44312286190688610076904296875" lon="120.25930336676537990570068359375">
        <ele>6.80000019073486328125</ele>
        <time>2026-01-13T13:45:38.000Z</time>
        <extensions>
          <ns3:TrackPointExtension>
            <ns3:hr>142</ns3:hr>
            <ns3:cad>94</ns3:cad>
          </ns3:TrackPointExtension>
        </extensions>
      </trkpt>
      <trkpt lat="30.44314281083643436431884765625" lon="120.2592886984348297119140625">
        <ele>6.80000019073486328125</ele>
        <time>2026-01-13T13:45:39.000Z</time>
        <extensions>
          <ns3:TrackPointExtension>
            <ns3:hr>143</ns3:hr>
            <ns3:cad>93</ns3:cad>
          </ns3:TrackPointExtension>
        </extensions>
      </trkpt>
      <trkpt lat="30.44316351413726806640625" lon="120.259274281561374664306640625">
        <ele>6.80000019073486328125</ele>
        <time>2026-01-13T13:45:40.000Z</time>
        <extensions>
          <ns3:TrackPointExtension>
            <ns3:hr>143</ns3:hr>
            <ns3:cad>93</ns3:cad>
          </ns3:TrackPointExtension>
        </extensions>
      </trkpt>
      <trkpt lat="30.44318522326648235321044921875" lon="120.25926413945853710174560546875">
        <ele>6.80000019073486328125</ele>
        <time>2026-01-13T13:45:41.000Z</time>
        <extensions>
          <ns3:TrackPointExtension>
            <ns3:hr>143</ns3:hr>
            <ns3:cad>93</ns3:cad>
          </ns3:TrackPointExtension>
        </extensions>
      </trkpt>
      <trkpt lat="30.44320701621472835540771484375" lon="120.25925374589860439300537109375">
        <ele>6.599999904632568359375</ele>
        <time>2026-01-13T13:45:42.000Z</time>
        <extensions>
          <ns3:TrackPointExtension>
            <ns3:hr>143</ns3:hr>
            <ns3:cad>93</ns3:cad>
          </ns3:TrackPointExtension>
        </extensions>
      </trkpt>
      <trkpt lat="30.44322797097265720367431640625" lon="120.25924201123416423797607421875">
        <ele>6.400000095367431640625</ele>
        <time>2026-01-13T13:45:43.000Z</time>
        <extensions>
          <ns3:TrackPointExtension>
            <ns3:hr>143</ns3:hr>
            <ns3:cad>93</ns3:cad>
          </ns3:TrackPointExtension>
        </extensions>
      </trkpt>
      <trkpt lat="30.44324791990220546722412109375" lon="120.2592301927506923675537109375">
        <ele>6.400000095367431640625</ele>
        <time>2026-01-13T13:45:44.000Z</time>
        <extensions>
          <ns3:TrackPointExtension>
            <ns3:hr>143</ns3:hr>
            <ns3:cad>93</ns3:cad>
          </ns3:TrackPointExtension>
        </extensions>
      </trkpt>
      <trkpt lat="30.4432662762701511383056640625" lon="120.2592167817056179046630859375">
        <ele>6.19999980926513671875</ele>
        <time>2026-01-13T13:45:45.000Z</time>
        <extensions>
          <ns3:TrackPointExtension>
            <ns3:hr>143</ns3:hr>
            <ns3:cad>93</ns3:cad>
          </ns3:TrackPointExtension>
        </extensions>
      </trkpt>
      <trkpt lat="30.44328245334327220916748046875" lon="120.259200520813465118408203125">
        <ele>6.19999980926513671875</ele>
        <time>2026-01-13T13:45:46.000Z</time>
        <extensions>
          <ns3:TrackPointExtension>
            <ns3:hr>143</ns3:hr>
            <ns3:cad>91</ns3:cad>
          </ns3:TrackPointExtension>
        </extensions>
      </trkpt>
      <trkpt lat="30.443298630416393280029296875" lon="120.259185768663883209228515625">
        <ele>6</ele>
        <time>2026-01-13T13:45:47.000Z</time>
        <extensions>
          <ns3:TrackPointExtension>
            <ns3:hr>143</ns3:hr>
            <ns3:cad>91</ns3:cad>
          </ns3:TrackPointExtension>
        </extensions>
      </trkpt>
      <trkpt lat="30.44331480748951435089111328125" lon="120.25917512364685535430908203125">
        <ele>5.80000019073486328125</ele>
        <time>2026-01-13T13:45:48.000Z</time>
        <extensions>
          <ns3:TrackPointExtension>
            <ns3:hr>144</ns3:hr>
            <ns3:cad>94</ns3:cad>
          </ns3:TrackPointExtension>
        </extensions>
      </trkpt>
      <trkpt lat="30.4433336667716503143310546875" lon="120.25916540063917636871337890625">
        <ele>5.80000019073486328125</ele>
        <time>2026-01-13T13:45:49.000Z</time>
        <extensions>
          <ns3:TrackPointExtension>
            <ns3:hr>144</ns3:hr>
            <ns3:cad>94</ns3:cad>
          </ns3:TrackPointExtension>
        </extensions>
      </trkpt>
      <trkpt lat="30.44335587881505489349365234375" lon="120.259154923260211944580078125">
        <ele>5.599999904632568359375</ele>
        <time>2026-01-13T13:45:50.000Z</time>
        <extensions>
          <ns3:TrackPointExtension>
            <ns3:hr>144</ns3:hr>
            <ns3:cad>94</ns3:cad>
          </ns3:TrackPointExtension>
        </extensions>
      </trkpt>
      <trkpt lat="30.4433782584965229034423828125" lon="120.259142853319644927978515625">
        <ele>5.400000095367431640625</ele>
        <time>2026-01-13T13:45:51.000Z</time>
        <extensions>
          <ns3:TrackPointExtension>
            <ns3:hr>143</ns3:hr>
            <ns3:cad>93</ns3:cad>
          </ns3:TrackPointExtension>
        </extensions>
      </trkpt>
      <trkpt lat="30.4434034042060375213623046875" lon="120.25913170538842678070068359375">
        <ele>5.400000095367431640625</ele>
        <time>2026-01-13T13:45:52.000Z</time>
        <extensions>
          <ns3:TrackPointExtension>
            <ns3:hr>143</ns3:hr>
            <ns3:cad>92</ns3:cad>
          </ns3:TrackPointExtension>
        </extensions>
      </trkpt>
      <trkpt lat="30.44342762790620326995849609375" lon="120.2591188810765743255615234375">
        <ele>5.400000095367431640625</ele>
        <time>2026-01-13T13:45:53.000Z</time>
        <extensions>
          <ns3:TrackPointExtension>
            <ns3:hr>143</ns3:hr>
            <ns3:cad>92</ns3:cad>
          </ns3:TrackPointExtension>
        </extensions>
      </trkpt>
      <trkpt lat="30.4434500075876712799072265625" lon="120.25910873897373676300048828125">
        <ele>5.400000095367431640625</ele>
        <time>2026-01-13T13:45:54.000Z</time>
        <extensions>
          <ns3:TrackPointExtension>
            <ns3:hr>143</ns3:hr>
            <ns3:cad>93</ns3:cad>
          </ns3:TrackPointExtension>
        </extensions>
      </trkpt>
      <trkpt lat="30.44347305782139301300048828125" lon="120.259097255766391754150390625">
        <ele>5.400000095367431640625</ele>
        <time>2026-01-13T13:45:55.000Z</time>
        <extensions>
          <ns3:TrackPointExtension>
            <ns3:hr>143</ns3:hr>
            <ns3:cad>93</ns3:cad>
          </ns3:TrackPointExtension>
        </extensions>
      </trkpt>
      <trkpt lat="30.44349267147481441497802734375" lon="120.259086191654205322265625">
        <ele>5.19999980926513671875</ele>
        <time>2026-01-13T13:45:56.000Z</time>
        <extensions>
          <ns3:TrackPointExtension>
            <ns3:hr>143</ns3:hr>
            <ns3:cad>93</ns3:cad>
          </ns3:TrackPointExtension>
        </extensions>
      </trkpt>
      <trkpt lat="30.4435053281486034393310546875" lon="120.25907688774168491363525390625">
        <ele>5.19999980926513671875</ele>
        <time>2026-01-13T13:45:57.000Z</time>
        <extensions>
          <ns3:TrackPointExtension>
            <ns3:hr>143</ns3:hr>
            <ns3:cad>93</ns3:cad>
          </ns3:TrackPointExtension>
        </extensions>
      </trkpt>
      <trkpt lat="30.44351446442306041717529296875" lon="120.25907135568559169769287109375">
        <ele>5.19999980926513671875</ele>
        <time>2026-01-13T13:45:58.000Z</time>
        <extensions>
          <ns3:TrackPointExtension>
            <ns3:hr>144</ns3:hr>
            <ns3:cad>92</ns3:cad>
          </ns3:TrackPointExtension>
        </extensions>
      </trkpt>
      <trkpt lat="30.4435247741639614105224609375" lon="120.2590659074485301971435546875">
        <ele>5.19999980926513671875</ele>
        <time>2026-01-13T13:45:59.000Z</time>
        <extensions>
          <ns3:TrackPointExtension>
            <ns3:hr>144</ns3:hr>
            <ns3:cad>92</ns3:cad>
          </ns3:TrackPointExtension>
        </extensions>
      </trkpt>
      <trkpt lat="30.44353961013257503509521484375" lon="120.2590602077543735504150390625">
        <ele>5.19999980926513671875</ele>
        <time>2026-01-13T13:46:00.000Z</time>
        <extensions>
          <ns3:TrackPointExtension>
            <ns3:hr>145</ns3:hr>
            <ns3:cad>90</ns3:cad>
          </ns3:TrackPointExtension>
        </extensions>
      </trkpt>
      <trkpt lat="30.4435586370527744293212890625" lon="120.25905140675604343414306640625">
        <ele>5.19999980926513671875</ele>
        <time>2026-01-13T13:46:01.000Z</time>
        <extensions>
          <ns3:TrackPointExtension>
            <ns3:hr>145</ns3:hr>
            <ns3:cad>90</ns3:cad>
          </ns3:TrackPointExtension>
        </extensions>
      </trkpt>
      <trkpt lat="30.4435797594487667083740234375" lon="120.2590400911867618560791015625">
        <ele>5.19999980926513671875</ele>
        <time>2026-01-13T13:46:02.000Z</time>
        <extensions>
          <ns3:TrackPointExtension>
            <ns3:hr>145</ns3:hr>
            <ns3:cad>90</ns3:cad>
          </ns3:TrackPointExtension>
        </extensions>
      </trkpt>
      <trkpt lat="30.44359995983541011810302734375" lon="120.25902810506522655487060546875">
        <ele>5.19999980926513671875</ele>
        <time>2026-01-13T13:46:03.000Z</time>
        <extensions>
          <ns3:TrackPointExtension>
            <ns3:hr>144</ns3:hr>
            <ns3:cad>90</ns3:cad>
          </ns3:TrackPointExtension>
        </extensions>
      </trkpt>
      <trkpt lat="30.4436186514794826507568359375" lon="120.2590176276862621307373046875">
        <ele>5.400000095367431640625</ele>
        <time>2026-01-13T13:46:04.000Z</time>
        <extensions>
          <ns3:TrackPointExtension>
            <ns3:hr>144</ns3:hr>
            <ns3:cad>91</ns3:cad>
          </ns3:TrackPointExtension>
        </extensions>
      </trkpt>
      <trkpt lat="30.4436401091516017913818359375" lon="120.25900513865053653717041015625">
        <ele>5.599999904632568359375</ele>
        <time>2026-01-13T13:46:05.000Z</time>
        <extensions>
          <ns3:TrackPointExtension>
            <ns3:hr>144</ns3:hr>
            <ns3:cad>91</ns3:cad>
          </ns3:TrackPointExtension>
        </extensions>
      </trkpt>
      <trkpt lat="30.4436595551669597625732421875" lon="120.25899122469127178192138671875">
        <ele>5.599999904632568359375</ele>
        <time>2026-01-13T13:46:06.000Z</time>
        <extensions>
          <ns3:TrackPointExtension>
            <ns3:hr>144</ns3:hr>
            <ns3:cad>92</ns3:cad>
          </ns3:TrackPointExtension>
        </extensions>
      </trkpt>
      <trkpt lat="30.44367975555360317230224609375" lon="120.25897764600813388824462890625">
        <ele>5.80000019073486328125</ele>
        <time>2026-01-13T13:46:07.000Z</time>
        <extensions>
          <ns3:TrackPointExtension>
            <ns3:hr>144</ns3:hr>
            <ns3:cad>93</ns3:cad>
          </ns3:TrackPointExtension>
        </extensions>
      </trkpt>
      <trkpt lat="30.4437001235783100128173828125" lon="120.2589643187820911407470703125">
        <ele>5.80000019073486328125</ele>
        <time>2026-01-13T13:46:08.000Z</time>
        <extensions>
          <ns3:TrackPointExtension>
            <ns3:hr>144</ns3:hr>
            <ns3:cad>94</ns3:cad>
          </ns3:TrackPointExtension>
        </extensions>
      </trkpt>
      <trkpt lat="30.44372116215527057647705078125" lon="120.25895141065120697021484375">
        <ele>6</ele>
        <time>2026-01-13T13:46:09.000Z</time>
        <extensions>
          <ns3:TrackPointExtension>
            <ns3:hr>144</ns3:hr>
            <ns3:cad>94</ns3:cad>
          </ns3:TrackPointExtension>
        </extensions>
      </trkpt>
      <trkpt lat="30.44374379329383373260498046875" lon="120.25894068181514739990234375">
        <ele>6.19999980926513671875</ele>
        <time>2026-01-13T13:46:10.000Z</time>
        <extensions>
          <ns3:TrackPointExtension>
            <ns3:hr>144</ns3:hr>
            <ns3:cad>94</ns3:cad>
          </ns3:TrackPointExtension>
        </extensions>
      </trkpt>
      <trkpt lat="30.4437644965946674346923828125" lon="120.258930288255214691162109375">
        <ele>6.19999980926513671875</ele>
        <time>2026-01-13T13:46:11.000Z</time>
        <extensions>
          <ns3:TrackPointExtension>
            <ns3:hr>144</ns3:hr>
            <ns3:cad>93</ns3:cad>
          </ns3:TrackPointExtension>
        </extensions>
      </trkpt>
      <trkpt lat="30.4437852837145328521728515625" lon="120.25891863740980625152587890625">
        <ele>6.400000095367431640625</ele>
        <time>2026-01-13T13:46:12.000Z</time>
        <extensions>
          <ns3:TrackPointExtension>
            <ns3:hr>144</ns3:hr>
            <ns3:cad>93</ns3:cad>
          </ns3:TrackPointExtension>
        </extensions>
      </trkpt>
      <trkpt lat="30.44380397535860538482666015625" lon="120.2589069865643978118896484375">
        <ele>6.400000095367431640625</ele>
        <time>2026-01-13T13:46:13.000Z</time>
        <extensions>
          <ns3:TrackPointExtension>
            <ns3:hr>144</ns3:hr>
            <ns3:cad>93</ns3:cad>
          </ns3:TrackPointExtension>
        </extensions>
      </trkpt>
      <trkpt lat="30.4438255168497562408447265625" lon="120.2588929049670696258544921875">
        <ele>6.599999904632568359375</ele>
        <time>2026-01-13T13:46:14.000Z</time>
        <extensions>
          <ns3:TrackPointExtension>
            <ns3:hr>145</ns3:hr>
            <ns3:cad>93</ns3:cad>
          </ns3:TrackPointExtension>
        </extensions>
      </trkpt>
      <trkpt lat="30.44384638778865337371826171875" lon="120.25888058356940746307373046875">
        <ele>6.80000019073486328125</ele>
        <time>2026-01-13T13:46:15.000Z</time>
        <extensions>
          <ns3:TrackPointExtension>
            <ns3:hr>145</ns3:hr>
            <ns3:cad>94</ns3:cad>
          </ns3:TrackPointExtension>
        </extensions>
      </trkpt>
      <trkpt lat="30.4438650794327259063720703125" lon="120.25886901654303073883056640625">
        <ele>6.80000019073486328125</ele>
        <time>2026-01-13T13:46:16.000Z</time>
        <extensions>
          <ns3:TrackPointExtension>
            <ns3:hr>145</ns3:hr>
            <ns3:cad>94</ns3:cad>
          </ns3:TrackPointExtension>
        </extensions>
      </trkpt>
      <trkpt lat="30.4438831843435764312744140625" lon="120.25885694660246372222900390625">
        <ele>7</ele>
        <time>2026-01-13T13:46:17.000Z</time>
        <extensions>
          <ns3:TrackPointExtension>
            <ns3:hr>145</ns3:hr>
            <ns3:cad>94</ns3:cad>
          </ns3:TrackPointExtension>
        </extensions>
      </trkpt>
      <trkpt lat="30.443903468549251556396484375" lon="120.2588452957570552825927734375">
        <ele>7</ele>
        <time>2026-01-13T13:46:18.000Z</time>
        <extensions>
          <ns3:TrackPointExtension>
            <ns3:hr>145</ns3:hr>
            <ns3:cad>94</ns3:cad>
          </ns3:TrackPointExtension>
        </extensions>
      </trkpt>
      <trkpt lat="30.4439239203929901123046875" lon="120.25883414782583713531494140625">
        <ele>7.19999980926513671875</ele>
        <time>2026-01-13T13:46:19.000Z</time>
        <extensions>
          <ns3:TrackPointExtension>
            <ns3:hr>145</ns3:hr>
            <ns3:cad>94</ns3:cad>
          </ns3:TrackPointExtension>
        </extensions>
      </trkpt>
      <trkpt lat="30.4439435340464115142822265625" lon="120.2588219940662384033203125">
        <ele>7.19999980926513671875</ele>
        <time>2026-01-13T13:46:20.000Z</time>
        <extensions>
          <ns3:TrackPointExtension>
            <ns3:hr>146</ns3:hr>
            <ns3:cad>93</ns3:cad>
          </ns3:TrackPointExtension>
        </extensions>
      </trkpt>
      <trkpt lat="30.44395937584340572357177734375" lon="120.258812271058559417724609375">
        <ele>7.400000095367431640625</ele>
        <time>2026-01-13T13:46:21.000Z</time>
        <extensions>
          <ns3:TrackPointExtension>
            <ns3:hr>146</ns3:hr>
            <ns3:cad>93</ns3:cad>
          </ns3:TrackPointExtension>
        </extensions>
      </trkpt>
      <trkpt lat="30.44397018849849700927734375" lon="120.2588030509650707244873046875">
        <ele>7.400000095367431640625</ele>
        <time>2026-01-13T13:46:22.000Z</time>
        <extensions>
          <ns3:TrackPointExtension>
            <ns3:hr>146</ns3:hr>
            <ns3:cad>93</ns3:cad>
          </ns3:TrackPointExtension>
        </extensions>
      </trkpt>
      <trkpt lat="30.44397966004908084869384765625" lon="120.2587943337857723236083984375">
        <ele>7.400000095367431640625</ele>
        <time>2026-01-13T13:46:23.000Z</time>
        <extensions>
          <ns3:TrackPointExtension>
            <ns3:hr>146</ns3:hr>
            <ns3:cad>91</ns3:cad>
          </ns3:TrackPointExtension>
        </extensions>
      </trkpt>
      <trkpt lat="30.44398955069482326507568359375" lon="120.258786790072917938232421875">
        <ele>7.400000095367431640625</ele>
        <time>2026-01-13T13:46:24.000Z</time>
        <extensions>
          <ns3:TrackPointExtension>
            <ns3:hr>146</ns3:hr>
            <ns3:cad>91</ns3:cad>
          </ns3:TrackPointExtension>
        </extensions>
      </trkpt>
      <trkpt lat="30.44400027953088283538818359375" lon="120.25877765379846096038818359375">
        <ele>7.599999904632568359375</ele>
        <time>2026-01-13T13:46:25.000Z</time>
        <extensions>
          <ns3:TrackPointExtension>
            <ns3:hr>146</ns3:hr>
            <ns3:cad>91</ns3:cad>
          </ns3:TrackPointExtension>
        </extensions>
      </trkpt>
      <trkpt lat="30.4440156184136867523193359375" lon="120.25876373983919620513916015625">
        <ele>7.599999904632568359375</ele>
        <time>2026-01-13T13:46:26.000Z</time>
        <extensions>
          <ns3:TrackPointExtension>
            <ns3:hr>147</ns3:hr>
            <ns3:cad>0</ns3:cad>
          </ns3:TrackPointExtension>
        </extensions>
      </trkpt>
      <trkpt lat="30.4440333880484104156494140625" lon="120.25875200517475605010986328125">
        <ele>7.599999904632568359375</ele>
        <time>2026-01-13T13:46:27.000Z</time>
        <extensions>
          <ns3:TrackPointExtension>
            <ns3:hr>147</ns3:hr>
            <ns3:cad>0</ns3:cad>
          </ns3:TrackPointExtension>
        </extensions>
      </trkpt>
      <trkpt lat="30.4440548457205295562744140625" lon="120.258740521967411041259765625">
        <ele>7.80000019073486328125</ele>
        <time>2026-01-13T13:46:28.000Z</time>
        <extensions>
          <ns3:TrackPointExtension>
            <ns3:hr>147</ns3:hr>
            <ns3:cad>0</ns3:cad>
          </ns3:TrackPointExtension>
        </extensions>
      </trkpt>
      <trkpt lat="30.4440736211836338043212890625" lon="120.25872803293168544769287109375">
        <ele>7.80000019073486328125</ele>
        <time>2026-01-13T13:46:29.000Z</time>
        <extensions>
          <ns3:TrackPointExtension>
            <ns3:hr>147</ns3:hr>
            <ns3:cad>93</ns3:cad>
          </ns3:TrackPointExtension>
        </extensions>
      </trkpt>
      <trkpt lat="30.44409382157027721405029296875" lon="120.25871529243886470794677734375">
        <ele>7.80000019073486328125</ele>
        <time>2026-01-13T13:46:30.000Z</time>
        <extensions>
          <ns3:TrackPointExtension>
            <ns3:hr>147</ns3:hr>
            <ns3:cad>93</ns3:cad>
          </ns3:TrackPointExtension>
        </extensions>
      </trkpt>
      <trkpt lat="30.4441130161285400390625" lon="120.258705317974090576171875">
        <ele>8</ele>
        <time>2026-01-13T13:46:31.000Z</time>
        <extensions>
          <ns3:TrackPointExtension>
            <ns3:hr>147</ns3:hr>
            <ns3:cad>91</ns3:cad>
          </ns3:TrackPointExtension>
        </extensions>
      </trkpt>
      <trkpt lat="30.44413254596292972564697265625" lon="120.25869257748126983642578125">
        <ele>8</ele>
        <time>2026-01-13T13:46:32.000Z</time>
        <extensions>
          <ns3:TrackPointExtension>
            <ns3:hr>147</ns3:hr>
            <ns3:cad>91</ns3:cad>
          </ns3:TrackPointExtension>
        </extensions>
      </trkpt>
      <trkpt lat="30.4441503994166851043701171875" lon="120.25867925025522708892822265625">
        <ele>8</ele>
        <time>2026-01-13T13:46:33.000Z</time>
        <extensions>
          <ns3:TrackPointExtension>
            <ns3:hr>148</ns3:hr>
            <ns3:cad>91</ns3:cad>
          </ns3:TrackPointExtension>
        </extensions>
      </trkpt>
      <trkpt lat="30.44417210854589939117431640625" lon="120.25866818614304065704345703125">
        <ele>7.80000019073486328125</ele>
        <time>2026-01-13T13:46:34.000Z</time>
        <extensions>
          <ns3:TrackPointExtension>
            <ns3:hr>148</ns3:hr>
            <ns3:cad>92</ns3:cad>
          </ns3:TrackPointExtension>
        </extensions>
      </trkpt>
      <trkpt lat="30.44419272802770137786865234375" lon="120.25865544565021991729736328125">
        <ele>7.80000019073486328125</ele>
        <time>2026-01-13T13:46:35.000Z</time>
        <extensions>
          <ns3:TrackPointExtension>
            <ns3:hr>148</ns3:hr>
            <ns3:cad>92</ns3:cad>
          </ns3:TrackPointExtension>
        </extensions>
      </trkpt>
      <trkpt lat="30.4442127607762813568115234375" lon="120.2586434595286846160888671875">
        <ele>7.80000019073486328125</ele>
        <time>2026-01-13T13:46:36.000Z</time>
        <extensions>
          <ns3:TrackPointExtension>
            <ns3:hr>147</ns3:hr>
            <ns3:cad>92</ns3:cad>
          </ns3:TrackPointExtension>
        </extensions>
      </trkpt>
      <trkpt lat="30.44423329643905162811279296875" lon="120.2586317248642444610595703125">
        <ele>7.599999904632568359375</ele>
        <time>2026-01-13T13:46:37.000Z</time>
        <extensions>
          <ns3:TrackPointExtension>
            <ns3:hr>147</ns3:hr>
            <ns3:cad>92</ns3:cad>
          </ns3:TrackPointExtension>
        </extensions>
      </trkpt>
      <trkpt lat="30.44425190426409244537353515625" lon="120.2586208283901214599609375">
        <ele>7.599999904632568359375</ele>
        <time>2026-01-13T13:46:38.000Z</time>
        <extensions>
          <ns3:TrackPointExtension>
            <ns3:hr>146</ns3:hr>
            <ns3:cad>95</ns3:cad>
          </ns3:TrackPointExtension>
        </extensions>
      </trkpt>
      <trkpt lat="30.4442724399268627166748046875" lon="120.2586079202592372894287109375">
        <ele>7.400000095367431640625</ele>
        <time>2026-01-13T13:46:39.000Z</time>
        <extensions>
          <ns3:TrackPointExtension>
            <ns3:hr>146</ns3:hr>
            <ns3:cad>95</ns3:cad>
          </ns3:TrackPointExtension>
        </extensions>
      </trkpt>
      <trkpt lat="30.44429347850382328033447265625" lon="120.25859601795673370361328125">
        <ele>7.400000095367431640625</ele>
        <time>2026-01-13T13:46:40.000Z</time>
        <extensions>
          <ns3:TrackPointExtension>
            <ns3:hr>146</ns3:hr>
            <ns3:cad>94</ns3:cad>
          </ns3:TrackPointExtension>
        </extensions>
      </trkpt>
      <trkpt lat="30.4443133436143398284912109375" lon="120.25858260691165924072265625">
        <ele>7.400000095367431640625</ele>
        <time>2026-01-13T13:46:41.000Z</time>
        <extensions>
          <ns3:TrackPointExtension>
            <ns3:hr>145</ns3:hr>
            <ns3:cad>94</ns3:cad>
          </ns3:TrackPointExtension>
        </extensions>
      </trkpt>
      <trkpt lat="30.4443316161632537841796875" lon="120.2585700340569019317626953125">
        <ele>7.19999980926513671875</ele>
        <time>2026-01-13T13:46:42.000Z</time>
        <extensions>
          <ns3:TrackPointExtension>
            <ns3:hr>144</ns3:hr>
            <ns3:cad>93</ns3:cad>
          </ns3:TrackPointExtension>
        </extensions>
      </trkpt>
      <trkpt lat="30.4443508945405483245849609375" lon="120.25856089778244495391845703125">
        <ele>7.19999980926513671875</ele>
        <time>2026-01-13T13:46:43.000Z</time>
        <extensions>
          <ns3:TrackPointExtension>
            <ns3:hr>144</ns3:hr>
            <ns3:cad>92</ns3:cad>
          </ns3:TrackPointExtension>
        </extensions>
      </trkpt>
      <trkpt lat="30.44436807744204998016357421875" lon="120.2585505880415439605712890625">
        <ele>7.19999980926513671875</ele>
        <time>2026-01-13T13:46:44.000Z</time>
        <extensions>
          <ns3:TrackPointExtension>
            <ns3:hr>143</ns3:hr>
            <ns3:cad>91</ns3:cad>
          </ns3:TrackPointExtension>
        </extensions>
      </trkpt>
      <trkpt lat="30.44438115321099758148193359375" lon="120.2585430443286895751953125">
        <ele>7</ele>
        <time>2026-01-13T13:46:45.000Z</time>
        <extensions>
          <ns3:TrackPointExtension>
            <ns3:hr>143</ns3:hr>
            <ns3:cad>46</ns3:cad>
          </ns3:TrackPointExtension>
        </extensions>
      </trkpt>
      <trkpt lat="30.44439372606575489044189453125" lon="120.25853524915874004364013671875">
        <ele>7</ele>
        <time>2026-01-13T13:46:46.000Z</time>
        <extensions>
          <ns3:TrackPointExtension>
            <ns3:hr>142</ns3:hr>
            <ns3:cad>46</ns3:cad>
          </ns3:TrackPointExtension>
        </extensions>
      </trkpt>
      <trkpt lat="30.4444055445492267608642578125" lon="120.25852720253169536590576171875">
        <ele>7</ele>
        <time>2026-01-13T13:46:47.000Z</time>
        <extensions>
          <ns3:TrackPointExtension>
            <ns3:hr>142</ns3:hr>
            <ns3:cad>46</ns3:cad>
          </ns3:TrackPointExtension>
        </extensions>
      </trkpt>
      <trkpt lat="30.44441677629947662353515625" lon="120.2585173957049846649169921875">
        <ele>6.80000019073486328125</ele>
        <time>2026-01-13T13:46:48.000Z</time>
        <extensions>
          <ns3:TrackPointExtension>
            <ns3:hr>142</ns3:hr>
            <ns3:cad>71</ns3:cad>
          </ns3:TrackPointExtension>
        </extensions>
      </trkpt>
      <trkpt lat="30.4444281756877899169921875" lon="120.25850884616374969482421875">
        <ele>6.80000019073486328125</ele>
        <time>2026-01-13T13:46:49.000Z</time>
        <extensions>
          <ns3:TrackPointExtension>
            <ns3:hr>141</ns3:hr>
            <ns3:cad>71</ns3:cad>
          </ns3:TrackPointExtension>
        </extensions>
      </trkpt>
      <trkpt lat="30.4444387368857860565185546875" lon="120.2585009671747684478759765625">
        <ele>6.599999904632568359375</ele>
        <time>2026-01-13T13:46:50.000Z</time>
        <extensions>
          <ns3:TrackPointExtension>
            <ns3:hr>141</ns3:hr>
            <ns3:cad>68</ns3:cad>
          </ns3:TrackPointExtension>
        </extensions>
      </trkpt>
      <trkpt lat="30.44444988481700420379638671875" lon="120.25849417783319950103759765625">
        <ele>6.400000095367431640625</ele>
        <time>2026-01-13T13:46:51.000Z</time>
        <extensions>
          <ns3:TrackPointExtension>
            <ns3:hr>141</ns3:hr>
            <ns3:cad>65</ns3:cad>
          </ns3:TrackPointExtension>
        </extensions>
      </trkpt>
      <trkpt lat="30.44446631334722042083740234375" lon="120.25848604738712310791015625">
        <ele>6.19999980926513671875</ele>
        <time>2026-01-13T13:46:52.000Z</time>
        <extensions>
          <ns3:TrackPointExtension>
            <ns3:hr>140</ns3:hr>
            <ns3:cad>65</ns3:cad>
          </ns3:TrackPointExtension>
        </extensions>
      </trkpt>
      <trkpt lat="30.44448651373386383056640625" lon="120.258475653827190399169921875">
        <ele>6</ele>
        <time>2026-01-13T13:46:53.000Z</time>
        <extensions>
          <ns3:TrackPointExtension>
            <ns3:hr>140</ns3:hr>
            <ns3:cad>65</ns3:cad>
          </ns3:TrackPointExtension>
        </extensions>
      </trkpt>
      <trkpt lat="30.444509647786617279052734375" lon="120.25846534408628940582275390625">
        <ele>5.80000019073486328125</ele>
        <time>2026-01-13T13:46:54.000Z</time>
        <extensions>
          <ns3:TrackPointExtension>
            <ns3:hr>140</ns3:hr>
            <ns3:cad>94</ns3:cad>
          </ns3:TrackPointExtension>
        </extensions>
      </trkpt>
      <trkpt lat="30.44453487731516361236572265625" lon="120.2584545314311981201171875">
        <ele>5.599999904632568359375</ele>
        <time>2026-01-13T13:46:55.000Z</time>
        <extensions>
          <ns3:TrackPointExtension>
            <ns3:hr>140</ns3:hr>
            <ns3:cad>94</ns3:cad>
          </ns3:TrackPointExtension>
        </extensions>
      </trkpt>
      <trkpt lat="30.44455834664404392242431640625" lon="120.25844288058578968048095703125">
        <ele>5.400000095367431640625</ele>
        <time>2026-01-13T13:46:56.000Z</time>
        <extensions>
          <ns3:TrackPointExtension>
            <ns3:hr>140</ns3:hr>
            <ns3:cad>91</ns3:cad>
          </ns3:TrackPointExtension>
        </extensions>
      </trkpt>
      <trkpt lat="30.44457972049713134765625" lon="120.25843248702585697174072265625">
        <ele>5</ele>
        <time>2026-01-13T13:46:57.000Z</time>
        <extensions>
          <ns3:TrackPointExtension>
            <ns3:hr>140</ns3:hr>
            <ns3:cad>91</ns3:cad>
          </ns3:TrackPointExtension>
        </extensions>
      </trkpt>
      <trkpt lat="30.44460075907409191131591796875" lon="120.25842175818979740142822265625">
        <ele>5</ele>
        <time>2026-01-13T13:46:58.000Z</time>
        <extensions>
          <ns3:TrackPointExtension>
            <ns3:hr>140</ns3:hr>
            <ns3:cad>91</ns3:cad>
          </ns3:TrackPointExtension>
        </extensions>
      </trkpt>
      <trkpt lat="30.44462062418460845947265625" lon="120.2584070898592472076416015625">
        <ele>5</ele>
        <time>2026-01-13T13:46:59.000Z</time>
        <extensions>
          <ns3:TrackPointExtension>
            <ns3:hr>139</ns3:hr>
            <ns3:cad>93</ns3:cad>
          </ns3:TrackPointExtension>
        </extensions>
      </trkpt>
      <trkpt lat="30.44463948346674442291259765625" lon="120.2583936788141727447509765625">
        <ele>5</ele>
        <time>2026-01-13T13:47:00.000Z</time>
        <extensions>
          <ns3:TrackPointExtension>
            <ns3:hr>139</ns3:hr>
            <ns3:cad>93</ns3:cad>
          </ns3:TrackPointExtension>
        </extensions>
      </trkpt>
      <trkpt lat="30.44466219842433929443359375" lon="120.2583799324929714202880859375">
        <ele>5</ele>
        <time>2026-01-13T13:47:01.000Z</time>
        <extensions>
          <ns3:TrackPointExtension>
            <ns3:hr>138</ns3:hr>
            <ns3:cad>93</ns3:cad>
          </ns3:TrackPointExtension>
        </extensions>
      </trkpt>
      <trkpt lat="30.44468390755355358123779296875" lon="120.2583688683807849884033203125">
        <ele>5</ele>
        <time>2026-01-13T13:47:02.000Z</time>
        <extensions>
          <ns3:TrackPointExtension>
            <ns3:hr>138</ns3:hr>
            <ns3:cad>93</ns3:cad>
          </ns3:TrackPointExtension>
        </extensions>
      </trkpt>
      <trkpt lat="30.4447056166827678680419921875" lon="120.25835864245891571044921875">
        <ele>5</ele>
        <time>2026-01-13T13:47:03.000Z</time>
        <extensions>
          <ns3:TrackPointExtension>
            <ns3:hr>138</ns3:hr>
            <ns3:cad>93</ns3:cad>
          </ns3:TrackPointExtension>
        </extensions>
      </trkpt>
      <trkpt lat="30.44472581706941127777099609375" lon="120.25835151784121990203857421875">
        <ele>5</ele>
        <time>2026-01-13T13:47:04.000Z</time>
        <extensions>
          <ns3:TrackPointExtension>
            <ns3:hr>138</ns3:hr>
            <ns3:cad>92</ns3:cad>
          </ns3:TrackPointExtension>
        </extensions>
      </trkpt>
      <trkpt lat="30.44474895112216472625732421875" lon="120.25834581814706325531005859375">
        <ele>5</ele>
        <time>2026-01-13T13:47:05.000Z</time>
        <extensions>
          <ns3:TrackPointExtension>
            <ns3:hr>138</ns3:hr>
            <ns3:cad>92</ns3:cad>
          </ns3:TrackPointExtension>
        </extensions>
      </trkpt>
      <trkpt lat="30.44476957060396671295166015625" lon="120.25834548287093639373779296875">
        <ele>5</ele>
        <time>2026-01-13T13:47:06.000Z</time>
        <extensions>
          <ns3:TrackPointExtension>
            <ns3:hr>138</ns3:hr>
            <ns3:cad>92</ns3:cad>
          </ns3:TrackPointExtension>
        </extensions>
      </trkpt>
      <trkpt lat="30.44479069299995899200439453125" lon="120.2583472430706024169921875">
        <ele>5</ele>
        <time>2026-01-13T13:47:07.000Z</time>
        <extensions>
          <ns3:TrackPointExtension>
            <ns3:hr>138</ns3:hr>
            <ns3:cad>92</ns3:cad>
          </ns3:TrackPointExtension>
        </extensions>
      </trkpt>
      <trkpt lat="30.44481315650045871734619140625" lon="120.25834984146058559417724609375">
        <ele>5</ele>
        <time>2026-01-13T13:47:08.000Z</time>
        <extensions>
          <ns3:TrackPointExtension>
            <ns3:hr>138</ns3:hr>
            <ns3:cad>93</ns3:cad>
          </ns3:TrackPointExtension>
        </extensions>
      </trkpt>
      <trkpt lat="30.44483528472483158111572265625" lon="120.25835487060248851776123046875">
        <ele>5.19999980926513671875</ele>
        <time>2026-01-13T13:47:09.000Z</time>
        <extensions>
          <ns3:TrackPointExtension>
            <ns3:hr>138</ns3:hr>
            <ns3:cad>93</ns3:cad>
          </ns3:TrackPointExtension>
        </extensions>
      </trkpt>
      <trkpt lat="30.444856993854045867919921875" lon="120.258361995220184326171875">
        <ele>5.19999980926513671875</ele>
        <time>2026-01-13T13:47:10.000Z</time>
        <extensions>
          <ns3:TrackPointExtension>
            <ns3:hr>139</ns3:hr>
            <ns3:cad>93</ns3:cad>
          </ns3:TrackPointExtension>
        </extensions>
      </trkpt>
      <trkpt lat="30.44487585313618183135986328125" lon="120.2583722211420536041259765625">
        <ele>5.19999980926513671875</ele>
        <time>2026-01-13T13:47:11.000Z</time>
        <extensions>
          <ns3:TrackPointExtension>
            <ns3:hr>139</ns3:hr>
            <ns3:cad>92</ns3:cad>
          </ns3:TrackPointExtension>
        </extensions>
      </trkpt>
      <trkpt lat="30.4448937065899372100830078125" lon="120.2583859674632549285888671875">
        <ele>5.19999980926513671875</ele>
        <time>2026-01-13T13:47:12.000Z</time>
        <extensions>
          <ns3:TrackPointExtension>
            <ns3:hr>139</ns3:hr>
            <ns3:cad>92</ns3:cad>
          </ns3:TrackPointExtension>
        </extensions>
      </trkpt>
      <trkpt lat="30.44491072185337543487548828125" lon="120.258399210870265960693359375">
        <ele>5.19999980926513671875</ele>
        <time>2026-01-13T13:47:13.000Z</time>
        <extensions>
          <ns3:TrackPointExtension>
            <ns3:hr>139</ns3:hr>
            <ns3:cad>92</ns3:cad>
          </ns3:TrackPointExtension>
        </extensions>
      </trkpt>
      <trkpt lat="30.44492304325103759765625" lon="120.258410274982452392578125">
        <ele>5.19999980926513671875</ele>
        <time>2026-01-13T13:47:14.000Z</time>
        <extensions>
          <ns3:TrackPointExtension>
            <ns3:hr>139</ns3:hr>
            <ns3:cad>90</ns3:cad>
          </ns3:TrackPointExtension>
        </extensions>
      </trkpt>
      <trkpt lat="30.444932766258716583251953125" lon="120.25842008180916309356689453125">
        <ele>5.19999980926513671875</ele>
        <time>2026-01-13T13:47:15.000Z</time>
        <extensions>
          <ns3:TrackPointExtension>
            <ns3:hr>140</ns3:hr>
            <ns3:cad>90</ns3:cad>
          </ns3:TrackPointExtension>
        </extensions>
      </trkpt>
      <trkpt lat="30.44493955560028553009033203125" lon="120.258429385721683502197265625">
        <ele>5.19999980926513671875</ele>
        <time>2026-01-13T13:47:16.000Z</time>
        <extensions>
          <ns3:TrackPointExtension>
            <ns3:hr>140</ns3:hr>
            <ns3:cad>90</ns3:cad>
          </ns3:TrackPointExtension>
        </extensions>
      </trkpt>
      <trkpt lat="30.444947183132171630859375" lon="120.25843751616775989532470703125">
        <ele>5.19999980926513671875</ele>
        <time>2026-01-13T13:47:17.000Z</time>
        <extensions>
          <ns3:TrackPointExtension>
            <ns3:hr>140</ns3:hr>
            <ns3:cad>90</ns3:cad>
          </ns3:TrackPointExtension>
        </extensions>
      </trkpt>
      <trkpt lat="30.44495145790278911590576171875" lon="120.25845092721283435821533203125">
        <ele>5.19999980926513671875</ele>
        <time>2026-01-13T13:47:18.000Z</time>
        <extensions>
          <ns3:TrackPointExtension>
            <ns3:hr>140</ns3:hr>
            <ns3:cad>90</ns3:cad>
          </ns3:TrackPointExtension>
        </extensions>
      </trkpt>
      <trkpt lat="30.4449584148824214935302734375" lon="120.25846819393336772918701171875">
        <ele>5.19999980926513671875</ele>
        <time>2026-01-13T13:47:19.000Z</time>
        <extensions>
          <ns3:TrackPointExtension>
            <ns3:hr>140</ns3:hr>
            <ns3:cad>0</ns3:cad>
          </ns3:TrackPointExtension>
        </extensions>
      </trkpt>
      <trkpt lat="30.444966964423656463623046875" lon="120.2584882266819477081298828125">
        <ele>5.19999980926513671875</ele>
        <time>2026-01-13T13:47:20.000Z</time>
        <extensions>
          <ns3:TrackPointExtension>
            <ns3:hr>140</ns3:hr>
            <ns3:cad>0</ns3:cad>
          </ns3:TrackPointExtension>
        </extensions>
      </trkpt>
      <trkpt lat="30.44497543014585971832275390625" lon="120.2585096843540668487548828125">
        <ele>5</ele>
        <time>2026-01-13T13:47:21.000Z</time>
        <extensions>
          <ns3:TrackPointExtension>
            <ns3:hr>140</ns3:hr>
            <ns3:cad>0</ns3:cad>
          </ns3:TrackPointExtension>
        </extensions>
      </trkpt>
      <trkpt lat="30.444983057677745819091796875" lon="120.258531309664249420166015625">
        <ele>5</ele>
        <time>2026-01-13T13:47:22.000Z</time>
        <extensions>
          <ns3:TrackPointExtension>
            <ns3:hr>140</ns3:hr>
            <ns3:cad>88</ns3:cad>
          </ns3:TrackPointExtension>
        </extensions>
      </trkpt>
      <trkpt lat="30.444993115961551666259765625" lon="120.25855503045022487640380859375">
        <ele>5.19999980926513671875</ele>
        <time>2026-01-13T13:47:23.000Z</time>
        <extensions>
          <ns3:TrackPointExtension>
            <ns3:hr>140</ns3:hr>
            <ns3:cad>89</ns3:cad>
          </ns3:TrackPointExtension>
        </extensions>
      </trkpt>
      <trkpt lat="30.445002503693103790283203125" lon="120.2585794217884540557861328125">
        <ele>5.19999980926513671875</ele>
        <time>2026-01-13T13:47:24.000Z</time>
        <extensions>
          <ns3:TrackPointExtension>
            <ns3:hr>140</ns3:hr>
            <ns3:cad>89</ns3:cad>
          </ns3:TrackPointExtension>
        </extensions>
      </trkpt>
      <trkpt lat="30.44501247815787792205810546875" lon="120.25860431604087352752685546875">
        <ele>5.400000095367431640625</ele>
        <time>2026-01-13T13:47:25.000Z</time>
        <extensions>
          <ns3:TrackPointExtension>
            <ns3:hr>140</ns3:hr>
            <ns3:cad>89</ns3:cad>
          </ns3:TrackPointExtension>
        </extensions>
      </trkpt>
      <trkpt lat="30.44502203352749347686767578125" lon="120.25862594135105609893798828125">
        <ele>5.400000095367431640625</ele>
        <time>2026-01-13T13:47:26.000Z</time>
        <extensions>
          <ns3:TrackPointExtension>
            <ns3:hr>141</ns3:hr>
            <ns3:cad>90</ns3:cad>
          </ns3:TrackPointExtension>
        </extensions>
      </trkpt>
      <trkpt lat="30.44502974487841129302978515625" lon="120.25864723138511180877685546875">
        <ele>5.400000095367431640625</ele>
        <time>2026-01-13T13:47:27.000Z</time>
        <extensions>
          <ns3:TrackPointExtension>
            <ns3:hr>140</ns3:hr>
            <ns3:cad>90</ns3:cad>
          </ns3:TrackPointExtension>
        </extensions>
      </trkpt>
      <trkpt lat="30.445037372410297393798828125" lon="120.25866977870464324951171875">
        <ele>5.599999904632568359375</ele>
        <time>2026-01-13T13:47:28.000Z</time>
        <extensions>
          <ns3:TrackPointExtension>
            <ns3:hr>141</ns3:hr>
            <ns3:cad>89</ns3:cad>
          </ns3:TrackPointExtension>
        </extensions>
      </trkpt>
      <trkpt lat="30.44504550285637378692626953125" lon="120.25869534350931644439697265625">
        <ele>5.599999904632568359375</ele>
        <time>2026-01-13T13:47:29.000Z</time>
        <extensions>
          <ns3:TrackPointExtension>
            <ns3:hr>141</ns3:hr>
            <ns3:cad>89</ns3:cad>
          </ns3:TrackPointExtension>
        </extensions>
      </trkpt>
      <trkpt lat="30.4450532980263233184814453125" lon="120.2587182261049747467041015625">
        <ele>5.599999904632568359375</ele>
        <time>2026-01-13T13:47:30.000Z</time>
        <extensions>
          <ns3:TrackPointExtension>
            <ns3:hr>141</ns3:hr>
            <ns3:cad>89</ns3:cad>
          </ns3:TrackPointExtension>
        </extensions>
      </trkpt>
      <trkpt lat="30.44506142847239971160888671875" lon="120.2587420307099819183349609375">
        <ele>5.80000019073486328125</ele>
        <time>2026-01-13T13:47:31.000Z</time>
        <extensions>
          <ns3:TrackPointExtension>
            <ns3:hr>141</ns3:hr>
            <ns3:cad>89</ns3:cad>
          </ns3:TrackPointExtension>
        </extensions>
      </trkpt>
      <trkpt lat="30.44507098384201526641845703125" lon="120.2587665058672428131103515625">
        <ele>5.80000019073486328125</ele>
        <time>2026-01-13T13:47:32.000Z</time>
        <extensions>
          <ns3:TrackPointExtension>
            <ns3:hr>141</ns3:hr>
            <ns3:cad>90</ns3:cad>
          </ns3:TrackPointExtension>
        </extensions>
      </trkpt>
      <trkpt lat="30.445080287754535675048828125" lon="120.258790813386440277099609375">
        <ele>5.80000019073486328125</ele>
        <time>2026-01-13T13:47:33.000Z</time>
        <extensions>
          <ns3:TrackPointExtension>
            <ns3:hr>140</ns3:hr>
            <ns3:cad>92</ns3:cad>
          </ns3:TrackPointExtension>
        </extensions>
      </trkpt>
      <trkpt lat="30.44508866965770721435546875" lon="120.2588141150772571563720703125">
        <ele>6</ele>
        <time>2026-01-13T13:47:34.000Z</time>
        <extensions>
          <ns3:TrackPointExtension>
            <ns3:hr>140</ns3:hr>
            <ns3:cad>93</ns3:cad>
          </ns3:TrackPointExtension>
        </extensions>
      </trkpt>
      <trkpt lat="30.44509747065603733062744140625" lon="120.25883917696774005889892578125">
        <ele>6.19999980926513671875</ele>
        <time>2026-01-13T13:47:35.000Z</time>
        <extensions>
          <ns3:TrackPointExtension>
            <ns3:hr>140</ns3:hr>
            <ns3:cad>93</ns3:cad>
          </ns3:TrackPointExtension>
        </extensions>
      </trkpt>
      <trkpt lat="30.44510685838758945465087890625" lon="120.25886465795338153839111328125">
        <ele>6.400000095367431640625</ele>
        <time>2026-01-13T13:47:36.000Z</time>
        <extensions>
          <ns3:TrackPointExtension>
            <ns3:hr>140</ns3:hr>
            <ns3:cad>93</ns3:cad>
          </ns3:TrackPointExtension>
        </extensions>
      </trkpt>
      <trkpt lat="30.445117168128490447998046875" lon="120.2588890492916107177734375">
        <ele>6.80000019073486328125</ele>
        <time>2026-01-13T13:47:37.000Z</time>
        <extensions>
          <ns3:TrackPointExtension>
            <ns3:hr>140</ns3:hr>
            <ns3:cad>94</ns3:cad>
          </ns3:TrackPointExtension>
        </extensions>
      </trkpt>
      <trkpt lat="30.44512647204101085662841796875" lon="120.25891494937241077423095703125">
        <ele>7</ele>
        <time>2026-01-13T13:47:38.000Z</time>
        <extensions>
          <ns3:TrackPointExtension>
            <ns3:hr>140</ns3:hr>
            <ns3:cad>94</ns3:cad>
          </ns3:TrackPointExtension>
        </extensions>
      </trkpt>
      <trkpt lat="30.44513653032481670379638671875" lon="120.2589395083487033843994140625">
        <ele>7.19999980926513671875</ele>
        <time>2026-01-13T13:47:39.000Z</time>
        <extensions>
          <ns3:TrackPointExtension>
            <ns3:hr>140</ns3:hr>
            <ns3:cad>94</ns3:cad>
          </ns3:TrackPointExtension>
        </extensions>
      </trkpt>
      <trkpt lat="30.4451454989612102508544921875" lon="120.25896524079144001007080078125">
        <ele>7.400000095367431640625</ele>
        <time>2026-01-13T13:47:40.000Z</time>
        <extensions>
          <ns3:TrackPointExtension>
            <ns3:hr>140</ns3:hr>
            <ns3:cad>94</ns3:cad>
          </ns3:TrackPointExtension>
        </extensions>
      </trkpt>
      <trkpt lat="30.445153377950191497802734375" lon="120.25898887775838375091552734375">
        <ele>7.599999904632568359375</ele>
        <time>2026-01-13T13:47:41.000Z</time>
        <extensions>
          <ns3:TrackPointExtension>
            <ns3:hr>140</ns3:hr>
            <ns3:cad>94</ns3:cad>
          </ns3:TrackPointExtension>
        </extensions>
      </trkpt>
      <trkpt lat="30.4451629333198070526123046875" lon="120.25901000015437602996826171875">
        <ele>8</ele>
        <time>2026-01-13T13:47:42.000Z</time>
        <extensions>
          <ns3:TrackPointExtension>
            <ns3:hr>140</ns3:hr>
            <ns3:cad>94</ns3:cad>
          </ns3:TrackPointExtension>
        </extensions>
      </trkpt>
      <trkpt lat="30.44517441652715206146240234375" lon="120.2590338885784149169921875">
        <ele>8.19999980926513671875</ele>
        <time>2026-01-13T13:47:43.000Z</time>
        <extensions>
          <ns3:TrackPointExtension>
            <ns3:hr>140</ns3:hr>
            <ns3:cad>94</ns3:cad>
          </ns3:TrackPointExtension>
        </extensions>
      </trkpt>
      <trkpt lat="30.44518522918224334716796875" lon="120.25905878283083438873291015625">
        <ele>8.3999996185302734375</ele>
        <time>2026-01-13T13:47:44.000Z</time>
        <extensions>
          <ns3:TrackPointExtension>
            <ns3:hr>140</ns3:hr>
            <ns3:cad>94</ns3:cad>
          </ns3:TrackPointExtension>
        </extensions>
      </trkpt>
      <trkpt lat="30.44519587419927120208740234375" lon="120.2590803243219852447509765625">
        <ele>8.6000003814697265625</ele>
        <time>2026-01-13T13:47:45.000Z</time>
        <extensions>
          <ns3:TrackPointExtension>
            <ns3:hr>140</ns3:hr>
            <ns3:cad>93</ns3:cad>
          </ns3:TrackPointExtension>
        </extensions>
      </trkpt>
      <trkpt lat="30.44520802795886993408203125" lon="120.25910169817507266998291015625">
        <ele>8.80000019073486328125</ele>
        <time>2026-01-13T13:47:46.000Z</time>
        <extensions>
          <ns3:TrackPointExtension>
            <ns3:hr>141</ns3:hr>
            <ns3:cad>93</ns3:cad>
          </ns3:TrackPointExtension>
        </extensions>
      </trkpt>
      <trkpt lat="30.44521934352815151214599609375" lon="120.25912332348525524139404296875">
        <ele>8.80000019073486328125</ele>
        <time>2026-01-13T13:47:47.000Z</time>
        <extensions>
          <ns3:TrackPointExtension>
            <ns3:hr>141</ns3:hr>
            <ns3:cad>93</ns3:cad>
          </ns3:TrackPointExtension>
        </extensions>
      </trkpt>
      <trkpt lat="30.4452306590974330902099609375" lon="120.259146876633167266845703125">
        <ele>9</ele>
        <time>2026-01-13T13:47:48.000Z</time>
        <extensions>
          <ns3:TrackPointExtension>
            <ns3:hr>141</ns3:hr>
            <ns3:cad>92</ns3:cad>
          </ns3:TrackPointExtension>
        </extensions>
      </trkpt>
      <trkpt lat="30.44523878954350948333740234375" lon="120.2591664902865886688232421875">
        <ele>9</ele>
        <time>2026-01-13T13:47:49.000Z</time>
        <extensions>
          <ns3:TrackPointExtension>
            <ns3:hr>141</ns3:hr>
            <ns3:cad>91</ns3:cad>
          </ns3:TrackPointExtension>
        </extensions>
      </trkpt>
      <trkpt lat="30.445246584713459014892578125" lon="120.2591815777122974395751953125">
        <ele>9</ele>
        <time>2026-01-13T13:47:50.000Z</time>
        <extensions>
          <ns3:TrackPointExtension>
            <ns3:hr>141</ns3:hr>
            <ns3:cad>91</ns3:cad>
          </ns3:TrackPointExtension>
        </extensions>
      </trkpt>
      <trkpt lat="30.4452514462172985076904296875" lon="120.25919239036738872528076171875">
        <ele>9</ele>
        <time>2026-01-13T13:47:51.000Z</time>
        <extensions>
          <ns3:TrackPointExtension>
            <ns3:hr>141</ns3:hr>
            <ns3:cad>91</ns3:cad>
          </ns3:TrackPointExtension>
        </extensions>
      </trkpt>
      <trkpt lat="30.4452591575682163238525390625" lon="120.2592001855373382568359375">
        <ele>9</ele>
        <time>2026-01-13T13:47:52.000Z</time>
        <extensions>
          <ns3:TrackPointExtension>
            <ns3:hr>141</ns3:hr>
            <ns3:cad>91</ns3:cad>
          </ns3:TrackPointExtension>
        </extensions>
      </trkpt>
      <trkpt lat="30.44526594690978527069091796875" lon="120.25921099819242954254150390625">
        <ele>9</ele>
        <time>2026-01-13T13:47:53.000Z</time>
        <extensions>
          <ns3:TrackPointExtension>
            <ns3:hr>141</ns3:hr>
            <ns3:cad>91</ns3:cad>
          </ns3:TrackPointExtension>
        </extensions>
      </trkpt>
      <trkpt lat="30.44527231715619564056396484375" lon="120.25922390632331371307373046875">
        <ele>9</ele>
        <time>2026-01-13T13:47:54.000Z</time>
        <extensions>
          <ns3:TrackPointExtension>
            <ns3:hr>141</ns3:hr>
            <ns3:cad>91</ns3:cad>
          </ns3:TrackPointExtension>
        </extensions>
      </trkpt>
      <trkpt lat="30.445279777050018310546875" lon="120.25923698209226131439208984375">
        <ele>9</ele>
        <time>2026-01-13T13:47:55.000Z</time>
        <extensions>
          <ns3:TrackPointExtension>
            <ns3:hr>142</ns3:hr>
            <ns3:cad>91</ns3:cad>
          </ns3:TrackPointExtension>
        </extensions>
      </trkpt>
      <trkpt lat="30.4452893324196338653564453125" lon="120.2592513151466846466064453125">
        <ele>9</ele>
        <time>2026-01-13T13:47:56.000Z</time>
        <extensions>
          <ns3:TrackPointExtension>
            <ns3:hr>142</ns3:hr>
            <ns3:cad>65</ns3:cad>
          </ns3:TrackPointExtension>
        </extensions>
      </trkpt>
      <trkpt lat="30.44529855251312255859375" lon="120.259268581867218017578125">
        <ele>9</ele>
        <time>2026-01-13T13:47:57.000Z</time>
        <extensions>
          <ns3:TrackPointExtension>
            <ns3:hr>141</ns3:hr>
            <ns3:cad>65</ns3:cad>
          </ns3:TrackPointExtension>
        </extensions>
      </trkpt>
      <trkpt lat="30.4453091137111186981201171875" lon="120.2592888660728931427001953125">
        <ele>9</ele>
        <time>2026-01-13T13:47:58.000Z</time>
        <extensions>
          <ns3:TrackPointExtension>
            <ns3:hr>141</ns3:hr>
            <ns3:cad>65</ns3:cad>
          </ns3:TrackPointExtension>
        </extensions>
      </trkpt>
      <trkpt lat="30.44531942345201969146728515625" lon="120.259309820830821990966796875">
        <ele>9</ele>
        <time>2026-01-13T13:47:59.000Z</time>
        <extensions>
          <ns3:TrackPointExtension>
            <ns3:hr>141</ns3:hr>
            <ns3:cad>65</ns3:cad>
          </ns3:TrackPointExtension>
        </extensions>
      </trkpt>
      <trkpt lat="30.44532713480293750762939453125" lon="120.2593327872455120086669921875">
        <ele>9</ele>
        <time>2026-01-13T13:48:00.000Z</time>
        <extensions>
          <ns3:TrackPointExtension>
            <ns3:hr>141</ns3:hr>
            <ns3:cad>88</ns3:cad>
          </ns3:TrackPointExtension>
        </extensions>
      </trkpt>
      <trkpt lat="30.44533409178256988525390625" lon="120.2593545801937580108642578125">
        <ele>9</ele>
        <time>2026-01-13T13:48:01.000Z</time>
        <extensions>
          <ns3:TrackPointExtension>
            <ns3:hr>141</ns3:hr>
            <ns3:cad>88</ns3:cad>
          </ns3:TrackPointExtension>
        </extensions>
      </trkpt>
      <trkpt lat="30.44534255750477313995361328125" lon="120.259376205503940582275390625">
        <ele>9</ele>
        <time>2026-01-13T13:48:02.000Z</time>
        <extensions>
          <ns3:TrackPointExtension>
            <ns3:hr>141</ns3:hr>
            <ns3:cad>88</ns3:cad>
          </ns3:TrackPointExtension>
        </extensions>
      </trkpt>
      <trkpt lat="30.44535244815051555633544921875" lon="120.25939824990928173065185546875">
        <ele>9.19999980926513671875</ele>
        <time>2026-01-13T13:48:03.000Z</time>
        <extensions>
          <ns3:TrackPointExtension>
            <ns3:hr>140</ns3:hr>
            <ns3:cad>88</ns3:cad>
          </ns3:TrackPointExtension>
        </extensions>
      </trkpt>
      <trkpt lat="30.44536359608173370361328125" lon="120.25942440144717693328857421875">
        <ele>9.19999980926513671875</ele>
        <time>2026-01-13T13:48:04.000Z</time>
        <extensions>
          <ns3:TrackPointExtension>
            <ns3:hr>140</ns3:hr>
            <ns3:cad>89</ns3:cad>
          </ns3:TrackPointExtension>
        </extensions>
      </trkpt>
      <trkpt lat="30.44537440873682498931884765625" lon="120.25944904424250125885009765625">
        <ele>9.3999996185302734375</ele>
        <time>2026-01-13T13:48:05.000Z</time>
        <extensions>
          <ns3:TrackPointExtension>
            <ns3:hr>140</ns3:hr>
            <ns3:cad>89</ns3:cad>
          </ns3:TrackPointExtension>
        </extensions>
      </trkpt>
      <trkpt lat="30.44538505375385284423828125" lon="120.25947134010493755340576171875">
        <ele>9.3999996185302734375</ele>
        <time>2026-01-13T13:48:06.000Z</time>
        <extensions>
          <ns3:TrackPointExtension>
            <ns3:hr>140</ns3:hr>
            <ns3:cad>90</ns3:cad>
          </ns3:TrackPointExtension>
        </extensions>
      </trkpt>
      <trkpt lat="30.44539553113281726837158203125" lon="120.259492881596088409423828125">
        <ele>9.3999996185302734375</ele>
        <time>2026-01-13T13:48:07.000Z</time>
        <extensions>
          <ns3:TrackPointExtension>
            <ns3:hr>139</ns3:hr>
            <ns3:cad>90</ns3:cad>
          </ns3:TrackPointExtension>
        </extensions>
      </trkpt>
      <trkpt lat="30.44540676288306713104248046875" lon="120.2595155127346515655517578125">
        <ele>9.6000003814697265625</ele>
        <time>2026-01-13T13:48:08.000Z</time>
        <extensions>
          <ns3:TrackPointExtension>
            <ns3:hr>139</ns3:hr>
            <ns3:cad>91</ns3:cad>
          </ns3:TrackPointExtension>
        </extensions>
      </trkpt>
      <trkpt lat="30.44541832990944385528564453125" lon="120.2595381438732147216796875">
        <ele>9.6000003814697265625</ele>
        <time>2026-01-13T13:48:09.000Z</time>
        <extensions>
          <ns3:TrackPointExtension>
            <ns3:hr>139</ns3:hr>
            <ns3:cad>92</ns3:cad>
          </ns3:TrackPointExtension>
        </extensions>
      </trkpt>
      <trkpt lat="30.4454288072884082794189453125" lon="120.2595614455640316009521484375">
        <ele>9.6000003814697265625</ele>
        <time>2026-01-13T13:48:10.000Z</time>
        <extensions>
          <ns3:TrackPointExtension>
            <ns3:hr>139</ns3:hr>
            <ns3:cad>92</ns3:cad>
          </ns3:TrackPointExtension>
        </extensions>
      </trkpt>
      <trkpt lat="30.44543945230543613433837890625" lon="120.2595859207212924957275390625">
        <ele>9.6000003814697265625</ele>
        <time>2026-01-13T13:48:11.000Z</time>
        <extensions>
          <ns3:TrackPointExtension>
            <ns3:hr>139</ns3:hr>
            <ns3:cad>93</ns3:cad>
          </ns3:TrackPointExtension>
        </extensions>
      </trkpt>
      <trkpt lat="30.44544967822730541229248046875" lon="120.25961081497371196746826171875">
        <ele>9.6000003814697265625</ele>
        <time>2026-01-13T13:48:12.000Z</time>
        <extensions>
          <ns3:TrackPointExtension>
            <ns3:hr>139</ns3:hr>
            <ns3:cad>93</ns3:cad>
          </ns3:TrackPointExtension>
        </extensions>
      </trkpt>
      <trkpt lat="30.44545990414917469024658203125" lon="120.2596325241029262542724609375">
        <ele>9.6000003814697265625</ele>
        <time>2026-01-13T13:48:13.000Z</time>
        <extensions>
          <ns3:TrackPointExtension>
            <ns3:hr>139</ns3:hr>
            <ns3:cad>93</ns3:cad>
          </ns3:TrackPointExtension>
        </extensions>
      </trkpt>
      <trkpt lat="30.44546996243298053741455078125" lon="120.2596533112227916717529296875">
        <ele>9.80000019073486328125</ele>
        <time>2026-01-13T13:48:14.000Z</time>
        <extensions>
          <ns3:TrackPointExtension>
            <ns3:hr>139</ns3:hr>
            <ns3:cad>93</ns3:cad>
          </ns3:TrackPointExtension>
        </extensions>
      </trkpt>
      <trkpt lat="30.44548094272613525390625" lon="120.25967166759073734283447265625">
        <ele>9.80000019073486328125</ele>
        <time>2026-01-13T13:48:15.000Z</time>
        <extensions>
          <ns3:TrackPointExtension>
            <ns3:hr>139</ns3:hr>
            <ns3:cad>91</ns3:cad>
          </ns3:TrackPointExtension>
        </extensions>
      </trkpt>
      <trkpt lat="30.44548957608640193939208984375" lon="120.25968994013965129852294921875">
        <ele>10</ele>
        <time>2026-01-13T13:48:16.000Z</time>
        <extensions>
          <ns3:TrackPointExtension>
            <ns3:hr>139</ns3:hr>
            <ns3:cad>91</ns3:cad>
          </ns3:TrackPointExtension>
        </extensions>
      </trkpt>
      <trkpt lat="30.4454985447227954864501953125" lon="120.2597093023359775543212890625">
        <ele>10.19999980926513671875</ele>
        <time>2026-01-13T13:48:17.000Z</time>
        <extensions>
          <ns3:TrackPointExtension>
            <ns3:hr>139</ns3:hr>
            <ns3:cad>90</ns3:cad>
          </ns3:TrackPointExtension>
        </extensions>
      </trkpt>
      <trkpt lat="30.44550801627337932586669921875" lon="120.25972899980843067169189453125">
        <ele>10.19999980926513671875</ele>
        <time>2026-01-13T13:48:18.000Z</time>
        <extensions>
          <ns3:TrackPointExtension>
            <ns3:hr>139</ns3:hr>
            <ns3:cad>89</ns3:cad>
          </ns3:TrackPointExtension>
        </extensions>
      </trkpt>
      <trkpt lat="30.4455166496336460113525390625" lon="120.25975096039474010467529296875">
        <ele>10.3999996185302734375</ele>
        <time>2026-01-13T13:48:19.000Z</time>
        <extensions>
          <ns3:TrackPointExtension>
            <ns3:hr>139</ns3:hr>
            <ns3:cad>89</ns3:cad>
          </ns3:TrackPointExtension>
        </extensions>
      </trkpt>
      <trkpt lat="30.44552545063197612762451171875" lon="120.25977350771427154541015625">
        <ele>10.3999996185302734375</ele>
        <time>2026-01-13T13:48:20.000Z</time>
        <extensions>
          <ns3:TrackPointExtension>
            <ns3:hr>139</ns3:hr>
            <ns3:cad>90</ns3:cad>
          </ns3:TrackPointExtension>
        </extensions>
      </trkpt>
      <trkpt lat="30.44553400017321109771728515625" lon="120.25979228317737579345703125">
        <ele>10.6000003814697265625</ele>
        <time>2026-01-13T13:48:21.000Z</time>
        <extensions>
          <ns3:TrackPointExtension>
            <ns3:hr>139</ns3:hr>
            <ns3:cad>91</ns3:cad>
          </ns3:TrackPointExtension>
        </extensions>
      </trkpt>
      <trkpt lat="30.445544980466365814208984375" lon="120.25981566868722438812255859375">
        <ele>10.6000003814697265625</ele>
        <time>2026-01-13T13:48:22.000Z</time>
        <extensions>
          <ns3:TrackPointExtension>
            <ns3:hr>139</ns3:hr>
            <ns3:cad>91</ns3:cad>
          </ns3:TrackPointExtension>
        </extensions>
      </trkpt>
      <trkpt lat="30.44555537402629852294921875" lon="120.25984114967286586761474609375">
        <ele>10.6000003814697265625</ele>
        <time>2026-01-13T13:48:23.000Z</time>
        <extensions>
          <ns3:TrackPointExtension>
            <ns3:hr>139</ns3:hr>
            <ns3:cad>91</ns3:cad>
          </ns3:TrackPointExtension>
        </extensions>
      </trkpt>
      <trkpt lat="30.44556610286235809326171875" lon="120.25986227206885814666748046875">
        <ele>10.6000003814697265625</ele>
        <time>2026-01-13T13:48:24.000Z</time>
        <extensions>
          <ns3:TrackPointExtension>
            <ns3:hr>139</ns3:hr>
            <ns3:cad>91</ns3:cad>
          </ns3:TrackPointExtension>
        </extensions>
      </trkpt>
      <trkpt lat="30.4455773346126079559326171875" lon="120.25988456793129444122314453125">
        <ele>10.6000003814697265625</ele>
        <time>2026-01-13T13:48:25.000Z</time>
        <extensions>
          <ns3:TrackPointExtension>
            <ns3:hr>139</ns3:hr>
            <ns3:cad>91</ns3:cad>
          </ns3:TrackPointExtension>
        </extensions>
      </trkpt>
      <trkpt lat="30.4455870576202869415283203125" lon="120.25990770198404788970947265625">
        <ele>10.80000019073486328125</ele>
        <time>2026-01-13T13:48:26.000Z</time>
        <extensions>
          <ns3:TrackPointExtension>
            <ns3:hr>139</ns3:hr>
            <ns3:cad>91</ns3:cad>
          </ns3:TrackPointExtension>
        </extensions>
      </trkpt>
      <trkpt lat="30.44559686444699764251708984375" lon="120.25993100367486476898193359375">
        <ele>10.80000019073486328125</ele>
        <time>2026-01-13T13:48:27.000Z</time>
        <extensions>
          <ns3:TrackPointExtension>
            <ns3:hr>139</ns3:hr>
            <ns3:cad>92</ns3:cad>
          </ns3:TrackPointExtension>
        </extensions>
      </trkpt>
      <trkpt lat="30.4456071741878986358642578125" lon="120.25995631702244281768798828125">
        <ele>10.6000003814697265625</ele>
        <time>2026-01-13T13:48:28.000Z</time>
        <extensions>
          <ns3:TrackPointExtension>
            <ns3:hr>139</ns3:hr>
            <ns3:cad>92</ns3:cad>
          </ns3:TrackPointExtension>
        </extensions>
      </trkpt>
      <trkpt lat="30.44561832211911678314208984375" lon="120.25998129509389400482177734375">
        <ele>10.6000003814697265625</ele>
        <time>2026-01-13T13:48:29.000Z</time>
        <extensions>
          <ns3:TrackPointExtension>
            <ns3:hr>140</ns3:hr>
            <ns3:cad>92</ns3:cad>
          </ns3:TrackPointExtension>
        </extensions>
      </trkpt>
      <trkpt lat="30.4456299729645252227783203125" lon="120.2600053511559963226318359375">
        <ele>10.6000003814697265625</ele>
        <time>2026-01-13T13:48:30.000Z</time>
        <extensions>
          <ns3:TrackPointExtension>
            <ns3:hr>140</ns3:hr>
            <ns3:cad>92</ns3:cad>
          </ns3:TrackPointExtension>
        </extensions>
      </trkpt>
      <trkpt lat="30.44564145617187023162841796875" lon="120.260027982294559478759765625">
        <ele>10.6000003814697265625</ele>
        <time>2026-01-13T13:48:31.000Z</time>
        <extensions>
          <ns3:TrackPointExtension>
            <ns3:hr>140</ns3:hr>
            <ns3:cad>92</ns3:cad>
          </ns3:TrackPointExtension>
        </extensions>
      </trkpt>
      <trkpt lat="30.4456524364650249481201171875" lon="120.26005270890891551971435546875">
        <ele>10.6000003814697265625</ele>
        <time>2026-01-13T13:48:32.000Z</time>
        <extensions>
          <ns3:TrackPointExtension>
            <ns3:hr>140</ns3:hr>
            <ns3:cad>92</ns3:cad>
          </ns3:TrackPointExtension>
        </extensions>
      </trkpt>
      <trkpt lat="30.44566341675817966461181640625" lon="120.260079614818096160888671875">
        <ele>10.3999996185302734375</ele>
        <time>2026-01-13T13:48:33.000Z</time>
        <extensions>
          <ns3:TrackPointExtension>
            <ns3:hr>140</ns3:hr>
            <ns3:cad>92</ns3:cad>
          </ns3:TrackPointExtension>
        </extensions>
      </trkpt>
      <trkpt lat="30.44567515142261981964111328125" lon="120.26010484434664249420166015625">
        <ele>10.3999996185302734375</ele>
        <time>2026-01-13T13:48:34.000Z</time>
        <extensions>
          <ns3:TrackPointExtension>
            <ns3:hr>141</ns3:hr>
            <ns3:cad>95</ns3:cad>
          </ns3:TrackPointExtension>
        </extensions>
      </trkpt>
      <trkpt lat="30.44568688608705997467041015625" lon="120.2601280622184276580810546875">
        <ele>10.3999996185302734375</ele>
        <time>2026-01-13T13:48:35.000Z</time>
        <extensions>
          <ns3:TrackPointExtension>
            <ns3:hr>141</ns3:hr>
            <ns3:cad>95</ns3:cad>
          </ns3:TrackPointExtension>
        </extensions>
      </trkpt>
      <trkpt lat="30.4456976987421512603759765625" lon="120.26015102863311767578125">
        <ele>10.3999996185302734375</ele>
        <time>2026-01-13T13:48:36.000Z</time>
        <extensions>
          <ns3:TrackPointExtension>
            <ns3:hr>141</ns3:hr>
            <ns3:cad>95</ns3:cad>
          </ns3:TrackPointExtension>
        </extensions>
      </trkpt>
      <trkpt lat="30.44570691883563995361328125" lon="120.26017449796199798583984375">
        <ele>10.3999996185302734375</ele>
        <time>2026-01-13T13:48:37.000Z</time>
        <extensions>
          <ns3:TrackPointExtension>
            <ns3:hr>141</ns3:hr>
            <ns3:cad>95</ns3:cad>
          </ns3:TrackPointExtension>
        </extensions>
      </trkpt>
      <trkpt lat="30.4457178153097629547119140625" lon="120.26020132005214691162109375">
        <ele>10.19999980926513671875</ele>
        <time>2026-01-13T13:48:38.000Z</time>
        <extensions>
          <ns3:TrackPointExtension>
            <ns3:hr>141</ns3:hr>
            <ns3:cad>94</ns3:cad>
          </ns3:TrackPointExtension>
        </extensions>
      </trkpt>
      <trkpt lat="30.4457285441458225250244140625" lon="120.26022587902843952178955078125">
        <ele>10</ele>
        <time>2026-01-13T13:48:39.000Z</time>
        <extensions>
          <ns3:TrackPointExtension>
            <ns3:hr>142</ns3:hr>
            <ns3:cad>94</ns3:cad>
          </ns3:TrackPointExtension>
        </extensions>
      </trkpt>
      <trkpt lat="30.44573851861059665679931640625" lon="120.2602484263479709625244140625">
        <ele>9.80000019073486328125</ele>
        <time>2026-01-13T13:48:40.000Z</time>
        <extensions>
          <ns3:TrackPointExtension>
            <ns3:hr>142</ns3:hr>
            <ns3:cad>94</ns3:cad>
          </ns3:TrackPointExtension>
        </extensions>
      </trkpt>
      <trkpt lat="30.44574991799890995025634765625" lon="120.26027214713394641876220703125">
        <ele>9.6000003814697265625</ele>
        <time>2026-01-13T13:48:41.000Z</time>
        <extensions>
          <ns3:TrackPointExtension>
            <ns3:hr>142</ns3:hr>
            <ns3:cad>94</ns3:cad>
          </ns3:TrackPointExtension>
        </extensions>
      </trkpt>
      <trkpt lat="30.445759557187557220458984375" lon="120.26029343716800212860107421875">
        <ele>9.3999996185302734375</ele>
        <time>2026-01-13T13:48:42.000Z</time>
        <extensions>
          <ns3:TrackPointExtension>
            <ns3:hr>142</ns3:hr>
            <ns3:cad>94</ns3:cad>
          </ns3:TrackPointExtension>
        </extensions>
      </trkpt>
      <trkpt lat="30.4457697831094264984130859375" lon="120.2603148110210895538330078125">
        <ele>9.19999980926513671875</ele>
        <time>2026-01-13T13:48:43.000Z</time>
        <extensions>
          <ns3:TrackPointExtension>
            <ns3:hr>142</ns3:hr>
            <ns3:cad>94</ns3:cad>
          </ns3:TrackPointExtension>
        </extensions>
      </trkpt>
      <trkpt lat="30.4457795061171054840087890625" lon="120.260336101055145263671875">
        <ele>9</ele>
        <time>2026-01-13T13:48:44.000Z</time>
        <extensions>
          <ns3:TrackPointExtension>
            <ns3:hr>142</ns3:hr>
            <ns3:cad>94</ns3:cad>
          </ns3:TrackPointExtension>
        </extensions>
      </trkpt>
      <trkpt lat="30.4457858763635158538818359375" lon="120.26035479269921779632568359375">
        <ele>8.80000019073486328125</ele>
        <time>2026-01-13T13:48:45.000Z</time>
        <extensions>
          <ns3:TrackPointExtension>
            <ns3:hr>142</ns3:hr>
            <ns3:cad>94</ns3:cad>
          </ns3:TrackPointExtension>
        </extensions>
      </trkpt>
      <trkpt lat="30.44579140841960906982421875" lon="120.260368622839450836181640625">
        <ele>8.80000019073486328125</ele>
        <time>2026-01-13T13:48:46.000Z</time>
        <extensions>
          <ns3:TrackPointExtension>
            <ns3:hr>143</ns3:hr>
            <ns3:cad>94</ns3:cad>
          </ns3:TrackPointExtension>
        </extensions>
      </trkpt>
      <trkpt lat="30.44579903595149517059326171875" lon="120.26038236916065216064453125">
        <ele>8.6000003814697265625</ele>
        <time>2026-01-13T13:48:47.000Z</time>
        <extensions>
          <ns3:TrackPointExtension>
            <ns3:hr>144</ns3:hr>
            <ns3:cad>94</ns3:cad>
          </ns3:TrackPointExtension>
        </extensions>
      </trkpt>
      <trkpt lat="30.44580616056919097900390625" lon="120.2603993006050586700439453125">
        <ele>8.3999996185302734375</ele>
        <time>2026-01-13T13:48:48.000Z</time>
        <extensions>
          <ns3:TrackPointExtension>
            <ns3:hr>144</ns3:hr>
            <ns3:cad>90</ns3:cad>
          </ns3:TrackPointExtension>
        </extensions>
      </trkpt>
      <trkpt lat="30.4458153806626796722412109375" lon="120.2604197524487972259521484375">
        <ele>8.3999996185302734375</ele>
        <time>2026-01-13T13:48:49.000Z</time>
        <extensions>
          <ns3:TrackPointExtension>
            <ns3:hr>144</ns3:hr>
            <ns3:cad>90</ns3:cad>
          </ns3:TrackPointExtension>
        </extensions>
      </trkpt>
      <trkpt lat="30.44582736678421497344970703125" lon="120.26044598780572414398193359375">
        <ele>8</ele>
        <time>2026-01-13T13:48:50.000Z</time>
        <extensions>
          <ns3:TrackPointExtension>
            <ns3:hr>144</ns3:hr>
            <ns3:cad>90</ns3:cad>
          </ns3:TrackPointExtension>
        </extensions>
      </trkpt>
      <trkpt lat="30.445837676525115966796875" lon="120.260469876229763031005859375">
        <ele>7.80000019073486328125</ele>
        <time>2026-01-13T13:48:51.000Z</time>
        <extensions>
          <ns3:TrackPointExtension>
            <ns3:hr>144</ns3:hr>
            <ns3:cad>93</ns3:cad>
          </ns3:TrackPointExtension>
        </extensions>
      </trkpt>
      <trkpt lat="30.44584731571376323699951171875" lon="120.26049368083477020263671875">
        <ele>7.80000019073486328125</ele>
        <time>2026-01-13T13:48:52.000Z</time>
        <extensions>
          <ns3:TrackPointExtension>
            <ns3:hr>144</ns3:hr>
            <ns3:cad>93</ns3:cad>
          </ns3:TrackPointExtension>
        </extensions>
      </trkpt>
      <trkpt lat="30.44585720635950565338134765625" lon="120.260519497096538543701171875">
        <ele>8</ele>
        <time>2026-01-13T13:48:53.000Z</time>
        <extensions>
          <ns3:TrackPointExtension>
            <ns3:hr>145</ns3:hr>
            <ns3:cad>93</ns3:cad>
          </ns3:TrackPointExtension>
        </extensions>
      </trkpt>
      <trkpt lat="30.4458666779100894927978515625" lon="120.26054137386381626129150390625">
        <ele>8</ele>
        <time>2026-01-13T13:48:54.000Z</time>
        <extensions>
          <ns3:TrackPointExtension>
            <ns3:hr>145</ns3:hr>
            <ns3:cad>93</ns3:cad>
          </ns3:TrackPointExtension>
        </extensions>
      </trkpt>
      <trkpt lat="30.44587581418454647064208984375" lon="120.26056878268718719482421875">
        <ele>8</ele>
        <time>2026-01-13T13:48:55.000Z</time>
        <extensions>
          <ns3:TrackPointExtension>
            <ns3:hr>146</ns3:hr>
            <ns3:cad>93</ns3:cad>
          </ns3:TrackPointExtension>
        </extensions>
      </trkpt>
      <trkpt lat="30.44588553719222545623779296875" lon="120.26059300638735294342041015625">
        <ele>8</ele>
        <time>2026-01-13T13:48:56.000Z</time>
        <extensions>
          <ns3:TrackPointExtension>
            <ns3:hr>146</ns3:hr>
            <ns3:cad>93</ns3:cad>
          </ns3:TrackPointExtension>
        </extensions>
      </trkpt>
      <trkpt lat="30.4458941705524921417236328125" lon="120.26061362586915493011474609375">
        <ele>8</ele>
        <time>2026-01-13T13:48:57.000Z</time>
        <extensions>
          <ns3:TrackPointExtension>
            <ns3:hr>146</ns3:hr>
            <ns3:cad>92</ns3:cad>
          </ns3:TrackPointExtension>
        </extensions>
      </trkpt>
      <trkpt lat="30.445902049541473388671875" lon="120.260629467666149139404296875">
        <ele>8</ele>
        <time>2026-01-13T13:48:58.000Z</time>
        <extensions>
          <ns3:TrackPointExtension>
            <ns3:hr>146</ns3:hr>
            <ns3:cad>92</ns3:cad>
          </ns3:TrackPointExtension>
        </extensions>
      </trkpt>
      <trkpt lat="30.4459087550640106201171875" lon="120.260643549263477325439453125">
        <ele>8</ele>
        <time>2026-01-13T13:48:59.000Z</time>
        <extensions>
          <ns3:TrackPointExtension>
            <ns3:hr>146</ns3:hr>
            <ns3:cad>93</ns3:cad>
          </ns3:TrackPointExtension>
        </extensions>
      </trkpt>
      <trkpt lat="30.4459149576723575592041015625" lon="120.2606571279466152191162109375">
        <ele>8</ele>
        <time>2026-01-13T13:49:00.000Z</time>
        <extensions>
          <ns3:TrackPointExtension>
            <ns3:hr>146</ns3:hr>
            <ns3:cad>93</ns3:cad>
          </ns3:TrackPointExtension>
        </extensions>
      </trkpt>
      <trkpt lat="30.44592325575649738311767578125" lon="120.2606727182865142822265625">
        <ele>8</ele>
        <time>2026-01-13T13:49:01.000Z</time>
        <extensions>
          <ns3:TrackPointExtension>
            <ns3:hr>146</ns3:hr>
            <ns3:cad>0</ns3:cad>
          </ns3:TrackPointExtension>
        </extensions>
      </trkpt>
      <trkpt lat="30.44593155384063720703125" lon="120.26069082319736480712890625">
        <ele>8</ele>
        <time>2026-01-13T13:49:02.000Z</time>
        <extensions>
          <ns3:TrackPointExtension>
            <ns3:hr>146</ns3:hr>
            <ns3:cad>0</ns3:cad>
          </ns3:TrackPointExtension>
        </extensions>
      </trkpt>
      <trkpt lat="30.44594303704798221588134765625" lon="120.26070532388985157012939453125">
        <ele>8</ele>
        <time>2026-01-13T13:49:03.000Z</time>
        <extensions>
          <ns3:TrackPointExtension>
            <ns3:hr>146</ns3:hr>
            <ns3:cad>0</ns3:cad>
          </ns3:TrackPointExtension>
        </extensions>
      </trkpt>
      <trkpt lat="30.44595426879823207855224609375" lon="120.2607221715152263641357421875">
        <ele>8</ele>
        <time>2026-01-13T13:49:04.000Z</time>
        <extensions>
          <ns3:TrackPointExtension>
            <ns3:hr>145</ns3:hr>
            <ns3:cad>65</ns3:cad>
          </ns3:TrackPointExtension>
        </extensions>
      </trkpt>
      <trkpt lat="30.4459635727107524871826171875" lon="120.2607399411499500274658203125">
        <ele>8</ele>
        <time>2026-01-13T13:49:05.000Z</time>
        <extensions>
          <ns3:TrackPointExtension>
            <ns3:hr>145</ns3:hr>
            <ns3:cad>66</ns3:cad>
          </ns3:TrackPointExtension>
        </extensions>
      </trkpt>
      <trkpt lat="30.4459732957184314727783203125" lon="120.2607600577175617218017578125">
        <ele>8</ele>
        <time>2026-01-13T13:49:06.000Z</time>
        <extensions>
          <ns3:TrackPointExtension>
            <ns3:hr>144</ns3:hr>
            <ns3:cad>66</ns3:cad>
          </ns3:TrackPointExtension>
        </extensions>
      </trkpt>
      <trkpt lat="30.44598377309739589691162109375" lon="120.2607825212180614471435546875">
        <ele>8.19999980926513671875</ele>
        <time>2026-01-13T13:49:07.000Z</time>
        <extensions>
          <ns3:TrackPointExtension>
            <ns3:hr>144</ns3:hr>
            <ns3:cad>66</ns3:cad>
          </ns3:TrackPointExtension>
        </extensions>
      </trkpt>
      <trkpt lat="30.44599500484764575958251953125" lon="120.2608066610991954803466796875">
        <ele>8.3999996185302734375</ele>
        <time>2026-01-13T13:49:08.000Z</time>
        <extensions>
          <ns3:TrackPointExtension>
            <ns3:hr>143</ns3:hr>
            <ns3:cad>94</ns3:cad>
          </ns3:TrackPointExtension>
        </extensions>
      </trkpt>
      <trkpt lat="30.44600841589272022247314453125" lon="120.26082736440002918243408203125">
        <ele>8.6000003814697265625</ele>
        <time>2026-01-13T13:49:09.000Z</time>
        <extensions>
          <ns3:TrackPointExtension>
            <ns3:hr>143</ns3:hr>
            <ns3:cad>94</ns3:cad>
          </ns3:TrackPointExtension>
        </extensions>
      </trkpt>
      <trkpt lat="30.44602098874747753143310546875" lon="120.260850749909877777099609375">
        <ele>8.80000019073486328125</ele>
        <time>2026-01-13T13:49:10.000Z</time>
        <extensions>
          <ns3:TrackPointExtension>
            <ns3:hr>142</ns3:hr>
            <ns3:cad>94</ns3:cad>
          </ns3:TrackPointExtension>
        </extensions>
      </trkpt>
      <trkpt lat="30.44603154994547367095947265625" lon="120.260874889791011810302734375">
        <ele>9</ele>
        <time>2026-01-13T13:49:11.000Z</time>
        <extensions>
          <ns3:TrackPointExtension>
            <ns3:hr>142</ns3:hr>
            <ns3:cad>93</ns3:cad>
          </ns3:TrackPointExtension>
        </extensions>
      </trkpt>
      <trkpt lat="30.44604294933378696441650390625" lon="120.2608998678624629974365234375">
        <ele>9</ele>
        <time>2026-01-13T13:49:12.000Z</time>
        <extensions>
          <ns3:TrackPointExtension>
            <ns3:hr>142</ns3:hr>
            <ns3:cad>93</ns3:cad>
          </ns3:TrackPointExtension>
        </extensions>
      </trkpt>
      <trkpt lat="30.44605426490306854248046875" lon="120.26092392392456531524658203125">
        <ele>9.19999980926513671875</ele>
        <time>2026-01-13T13:49:13.000Z</time>
        <extensions>
          <ns3:TrackPointExtension>
            <ns3:hr>142</ns3:hr>
            <ns3:cad>93</ns3:cad>
          </ns3:TrackPointExtension>
        </extensions>
      </trkpt>
      <trkpt lat="30.44606826268136501312255859375" lon="120.260948650538921356201171875">
        <ele>9.3999996185302734375</ele>
        <time>2026-01-13T13:49:14.000Z</time>
        <extensions>
          <ns3:TrackPointExtension>
            <ns3:hr>141</ns3:hr>
            <ns3:cad>94</ns3:cad>
          </ns3:TrackPointExtension>
        </extensions>
      </trkpt>
      <trkpt lat="30.446078740060329437255859375" lon="120.26097153313457965850830078125">
        <ele>9.6000003814697265625</ele>
        <time>2026-01-13T13:49:15.000Z</time>
        <extensions>
          <ns3:TrackPointExtension>
            <ns3:hr>141</ns3:hr>
            <ns3:cad>94</ns3:cad>
          </ns3:TrackPointExtension>
        </extensions>
      </trkpt>
      <trkpt lat="30.44609055854380130767822265625" lon="120.26099315844476222991943359375">
        <ele>9.6000003814697265625</ele>
        <time>2026-01-13T13:49:16.000Z</time>
        <extensions>
          <ns3:TrackPointExtension>
            <ns3:hr>141</ns3:hr>
            <ns3:cad>94</ns3:cad>
          </ns3:TrackPointExtension>
        </extensions>
      </trkpt>
      <trkpt lat="30.44609994627535343170166015625" lon="120.26101327501237392425537109375">
        <ele>9.80000019073486328125</ele>
        <time>2026-01-13T13:49:17.000Z</time>
        <extensions>
          <ns3:TrackPointExtension>
            <ns3:hr>141</ns3:hr>
            <ns3:cad>93</ns3:cad>
          </ns3:TrackPointExtension>
        </extensions>
      </trkpt>
      <trkpt lat="30.4461100883781909942626953125" lon="120.26103121228516101837158203125">
        <ele>9.80000019073486328125</ele>
        <time>2026-01-13T13:49:18.000Z</time>
        <extensions>
          <ns3:TrackPointExtension>
            <ns3:hr>140</ns3:hr>
            <ns3:cad>91</ns3:cad>
          </ns3:TrackPointExtension>
        </extensions>
      </trkpt>
      <trkpt lat="30.44611771591007709503173828125" lon="120.26104621589183807373046875">
        <ele>9.6000003814697265625</ele>
        <time>2026-01-13T13:49:19.000Z</time>
        <extensions>
          <ns3:TrackPointExtension>
            <ns3:hr>140</ns3:hr>
            <ns3:cad>91</ns3:cad>
          </ns3:TrackPointExtension>
        </extensions>
      </trkpt>
      <trkpt lat="30.44612467288970947265625" lon="120.26106021367013454437255859375">
        <ele>9.3999996185302734375</ele>
        <time>2026-01-13T13:49:20.000Z</time>
        <extensions>
          <ns3:TrackPointExtension>
            <ns3:hr>140</ns3:hr>
            <ns3:cad>90</ns3:cad>
          </ns3:TrackPointExtension>
        </extensions>
      </trkpt>
      <trkpt lat="30.4461342282593250274658203125" lon="120.2610750496387481689453125">
        <ele>9.19999980926513671875</ele>
        <time>2026-01-13T13:49:21.000Z</time>
        <extensions>
          <ns3:TrackPointExtension>
            <ns3:hr>140</ns3:hr>
            <ns3:cad>90</ns3:cad>
          </ns3:TrackPointExtension>
        </extensions>
      </trkpt>
      <trkpt lat="30.44614411890506744384765625" lon="120.261089801788330078125">
        <ele>9</ele>
        <time>2026-01-13T13:49:22.000Z</time>
        <extensions>
          <ns3:TrackPointExtension>
            <ns3:hr>141</ns3:hr>
            <ns3:cad>90</ns3:cad>
          </ns3:TrackPointExtension>
        </extensions>
      </trkpt>
      <trkpt lat="30.4461536742746829986572265625" lon="120.26110145263373851776123046875">
        <ele>8.80000019073486328125</ele>
        <time>2026-01-13T13:49:23.000Z</time>
        <extensions>
          <ns3:TrackPointExtension>
            <ns3:hr>141</ns3:hr>
            <ns3:cad>62</ns3:cad>
          </ns3:TrackPointExtension>
        </extensions>
      </trkpt>
      <trkpt lat="30.44616180472075939178466796875" lon="120.261113606393337249755859375">
        <ele>8.80000019073486328125</ele>
        <time>2026-01-13T13:49:24.000Z</time>
        <extensions>
          <ns3:TrackPointExtension>
            <ns3:hr>140</ns3:hr>
            <ns3:cad>62</ns3:cad>
          </ns3:TrackPointExtension>
        </extensions>
      </trkpt>
      <trkpt lat="30.446170605719089508056640625" lon="120.26112508960068225860595703125">
        <ele>8.6000003814697265625</ele>
        <time>2026-01-13T13:49:25.000Z</time>
        <extensions>
          <ns3:TrackPointExtension>
            <ns3:hr>140</ns3:hr>
            <ns3:cad>63</ns3:cad>
          </ns3:TrackPointExtension>
        </extensions>
      </trkpt>
      <trkpt lat="30.44618007726967334747314453125" lon="120.26113514788448810577392578125">
        <ele>8.3999996185302734375</ele>
        <time>2026-01-13T13:49:26.000Z</time>
        <extensions>
          <ns3:TrackPointExtension>
            <ns3:hr>140</ns3:hr>
            <ns3:cad>63</ns3:cad>
          </ns3:TrackPointExtension>
        </extensions>
      </trkpt>
      <trkpt lat="30.4461875371634960174560546875" lon="120.26114939711987972259521484375">
        <ele>8.3999996185302734375</ele>
        <time>2026-01-13T13:49:27.000Z</time>
        <extensions>
          <ns3:TrackPointExtension>
            <ns3:hr>140</ns3:hr>
            <ns3:cad>63</ns3:cad>
          </ns3:TrackPointExtension>
        </extensions>
      </trkpt>
      <trkpt lat="30.44619566760957241058349609375" lon="120.26116825640201568603515625">
        <ele>8.19999980926513671875</ele>
        <time>2026-01-13T13:49:28.000Z</time>
        <extensions>
          <ns3:TrackPointExtension>
            <ns3:hr>139</ns3:hr>
            <ns3:cad>63</ns3:cad>
          </ns3:TrackPointExtension>
        </extensions>
      </trkpt>
      <trkpt lat="30.44620371423661708831787109375" lon="120.26118703186511993408203125">
        <ele>8</ele>
        <time>2026-01-13T13:49:29.000Z</time>
        <extensions>
          <ns3:TrackPointExtension>
            <ns3:hr>139</ns3:hr>
            <ns3:cad>63</ns3:cad>
          </ns3:TrackPointExtension>
        </extensions>
      </trkpt>
      <trkpt lat="30.44621377252042293548583984375" lon="120.261206813156604766845703125">
        <ele>7.80000019073486328125</ele>
        <time>2026-01-13T13:49:30.000Z</time>
        <extensions>
          <ns3:TrackPointExtension>
            <ns3:hr>139</ns3:hr>
            <ns3:cad>63</ns3:cad>
          </ns3:TrackPointExtension>
        </extensions>
      </trkpt>
      <trkpt lat="30.44622299261391162872314453125" lon="120.2612274326384067535400390625">
        <ele>7.400000095367431640625</ele>
        <time>2026-01-13T13:49:31.000Z</time>
        <extensions>
          <ns3:TrackPointExtension>
            <ns3:hr>139</ns3:hr>
            <ns3:cad>64</ns3:cad>
          </ns3:TrackPointExtension>
        </extensions>
      </trkpt>
      <trkpt lat="30.44623204506933689117431640625" lon="120.2612478844821453094482421875">
        <ele>7.19999980926513671875</ele>
        <time>2026-01-13T13:49:32.000Z</time>
        <extensions>
          <ns3:TrackPointExtension>
            <ns3:hr>138</ns3:hr>
            <ns3:cad>86</ns3:cad>
          </ns3:TrackPointExtension>
        </extensions>
      </trkpt>
      <trkpt lat="30.44624336063861846923828125" lon="120.26126883924007415771484375">
        <ele>7</ele>
        <time>2026-01-13T13:49:33.000Z</time>
        <extensions>
          <ns3:TrackPointExtension>
            <ns3:hr>137</ns3:hr>
            <ns3:cad>89</ns3:cad>
          </ns3:TrackPointExtension>
        </extensions>
      </trkpt>
      <trkpt lat="30.44625786133110523223876953125" lon="120.2612923085689544677734375">
        <ele>6.80000019073486328125</ele>
        <time>2026-01-13T13:49:34.000Z</time>
        <extensions>
          <ns3:TrackPointExtension>
            <ns3:hr>137</ns3:hr>
            <ns3:cad>89</ns3:cad>
          </ns3:TrackPointExtension>
        </extensions>
      </trkpt>
      <trkpt lat="30.44626892544329166412353515625" lon="120.26131569407880306243896484375">
        <ele>6.599999904632568359375</ele>
        <time>2026-01-13T13:49:35.000Z</time>
        <extensions>
          <ns3:TrackPointExtension>
            <ns3:hr>137</ns3:hr>
            <ns3:cad>89</ns3:cad>
          </ns3:TrackPointExtension>
        </extensions>
      </trkpt>
      <trkpt lat="30.44627822935581207275390625" lon="120.261336900293827056884765625">
        <ele>6.599999904632568359375</ele>
        <time>2026-01-13T13:49:36.000Z</time>
        <extensions>
          <ns3:TrackPointExtension>
            <ns3:hr>137</ns3:hr>
            <ns3:cad>89</ns3:cad>
          </ns3:TrackPointExtension>
        </extensions>
      </trkpt>
      <trkpt lat="30.44628770090639591217041015625" lon="120.26135743595659732818603515625">
        <ele>6.400000095367431640625</ele>
        <time>2026-01-13T13:49:37.000Z</time>
        <extensions>
          <ns3:TrackPointExtension>
            <ns3:hr>137</ns3:hr>
            <ns3:cad>90</ns3:cad>
          </ns3:TrackPointExtension>
        </extensions>
      </trkpt>
      <trkpt lat="30.44629407115280628204345703125" lon="120.2613762952387332916259765625">
        <ele>6.400000095367431640625</ele>
        <time>2026-01-13T13:49:38.000Z</time>
        <extensions>
          <ns3:TrackPointExtension>
            <ns3:hr>137</ns3:hr>
            <ns3:cad>90</ns3:cad>
          </ns3:TrackPointExtension>
        </extensions>
      </trkpt>
      <trkpt lat="30.44630010612308979034423828125" lon="120.2613897062838077545166015625">
        <ele>6.400000095367431640625</ele>
        <time>2026-01-13T13:49:39.000Z</time>
        <extensions>
          <ns3:TrackPointExtension>
            <ns3:hr>137</ns3:hr>
            <ns3:cad>90</ns3:cad>
          </ns3:TrackPointExtension>
        </extensions>
      </trkpt>
      <trkpt lat="30.44630630873143672943115234375" lon="120.26140303350985050201416015625">
        <ele>6.400000095367431640625</ele>
        <time>2026-01-13T13:49:40.000Z</time>
        <extensions>
          <ns3:TrackPointExtension>
            <ns3:hr>137</ns3:hr>
            <ns3:cad>90</ns3:cad>
          </ns3:TrackPointExtension>
        </extensions>
      </trkpt>
      <trkpt lat="30.44631309807300567626953125" lon="120.261420048773288726806640625">
        <ele>6.19999980926513671875</ele>
        <time>2026-01-13T13:49:41.000Z</time>
        <extensions>
          <ns3:TrackPointExtension>
            <ns3:hr>137</ns3:hr>
            <ns3:cad>86</ns3:cad>
          </ns3:TrackPointExtension>
        </extensions>
      </trkpt>
      <trkpt lat="30.44631955213844776153564453125" lon="120.2614389918744564056396484375">
        <ele>6.19999980926513671875</ele>
        <time>2026-01-13T13:49:42.000Z</time>
        <extensions>
          <ns3:TrackPointExtension>
            <ns3:hr>137</ns3:hr>
            <ns3:cad>85</ns3:cad>
          </ns3:TrackPointExtension>
        </extensions>
      </trkpt>
      <trkpt lat="30.44632843695580959320068359375" lon="120.26146061718463897705078125">
        <ele>6.19999980926513671875</ele>
        <time>2026-01-13T13:49:43.000Z</time>
        <extensions>
          <ns3:TrackPointExtension>
            <ns3:hr>137</ns3:hr>
            <ns3:cad>85</ns3:cad>
          </ns3:TrackPointExtension>
        </extensions>
      </trkpt>
      <trkpt lat="30.44633782468736171722412109375" lon="120.26148333214223384857177734375">
        <ele>6.19999980926513671875</ele>
        <time>2026-01-13T13:49:44.000Z</time>
        <extensions>
          <ns3:TrackPointExtension>
            <ns3:hr>137</ns3:hr>
            <ns3:cad>85</ns3:cad>
          </ns3:TrackPointExtension>
        </extensions>
      </trkpt>
      <trkpt lat="30.44634796679019927978515625" lon="120.261509902775287628173828125">
        <ele>6</ele>
        <time>2026-01-13T13:49:45.000Z</time>
        <extensions>
          <ns3:TrackPointExtension>
            <ns3:hr>137</ns3:hr>
            <ns3:cad>90</ns3:cad>
          </ns3:TrackPointExtension>
        </extensions>
      </trkpt>
      <trkpt lat="30.446359701454639434814453125" lon="120.26153580285608768463134765625">
        <ele>6</ele>
        <time>2026-01-13T13:49:46.000Z</time>
        <extensions>
          <ns3:TrackPointExtension>
            <ns3:hr>137</ns3:hr>
            <ns3:cad>91</ns3:cad>
          </ns3:TrackPointExtension>
        </extensions>
      </trkpt>
      <trkpt lat="30.44637017883360385894775390625" lon="120.26156061328947544097900390625">
        <ele>6</ele>
        <time>2026-01-13T13:49:47.000Z</time>
        <extensions>
          <ns3:TrackPointExtension>
            <ns3:hr>137</ns3:hr>
            <ns3:cad>91</ns3:cad>
          </ns3:TrackPointExtension>
        </extensions>
      </trkpt>
      <trkpt lat="30.44638090766966342926025390625" lon="120.261585004627704620361328125">
        <ele>6</ele>
        <time>2026-01-13T13:49:48.000Z</time>
        <extensions>
          <ns3:TrackPointExtension>
            <ns3:hr>136</ns3:hr>
            <ns3:cad>91</ns3:cad>
          </ns3:TrackPointExtension>
        </extensions>
      </trkpt>
      <trkpt lat="30.44639063067734241485595703125" lon="120.26161174289882183074951171875">
        <ele>6.19999980926513671875</ele>
        <time>2026-01-13T13:49:49.000Z</time>
        <extensions>
          <ns3:TrackPointExtension>
            <ns3:hr>136</ns3:hr>
            <ns3:cad>91</ns3:cad>
          </ns3:TrackPointExtension>
        </extensions>
      </trkpt>
      <trkpt lat="30.44640035368502140045166015625" lon="120.26163906790316104888916015625">
        <ele>6.400000095367431640625</ele>
        <time>2026-01-13T13:49:50.000Z</time>
        <extensions>
          <ns3:TrackPointExtension>
            <ns3:hr>136</ns3:hr>
            <ns3:cad>91</ns3:cad>
          </ns3:TrackPointExtension>
        </extensions>
      </trkpt>
      <trkpt lat="30.44640957377851009368896484375" lon="120.26166521944105625152587890625">
        <ele>6.599999904632568359375</ele>
        <time>2026-01-13T13:49:51.000Z</time>
        <extensions>
          <ns3:TrackPointExtension>
            <ns3:hr>136</ns3:hr>
            <ns3:cad>90</ns3:cad>
          </ns3:TrackPointExtension>
        </extensions>
      </trkpt>
      <trkpt lat="30.44641644693911075592041015625" lon="120.2616877667605876922607421875">
        <ele>6.599999904632568359375</ele>
        <time>2026-01-13T13:49:52.000Z</time>
        <extensions>
          <ns3:TrackPointExtension>
            <ns3:hr>136</ns3:hr>
            <ns3:cad>90</ns3:cad>
          </ns3:TrackPointExtension>
        </extensions>
      </trkpt>
      <trkpt lat="30.44642306864261627197265625" lon="120.2617119066417217254638671875">
        <ele>6.80000019073486328125</ele>
        <time>2026-01-13T13:49:53.000Z</time>
        <extensions>
          <ns3:TrackPointExtension>
            <ns3:hr>137</ns3:hr>
            <ns3:cad>90</ns3:cad>
          </ns3:TrackPointExtension>
        </extensions>
      </trkpt>
      <trkpt lat="30.44643170200288295745849609375" lon="120.26173596270382404327392578125">
        <ele>6.80000019073486328125</ele>
        <time>2026-01-13T13:49:54.000Z</time>
        <extensions>
          <ns3:TrackPointExtension>
            <ns3:hr>137</ns3:hr>
            <ns3:cad>91</ns3:cad>
          </ns3:TrackPointExtension>
        </extensions>
      </trkpt>
      <trkpt lat="30.4464436881244182586669921875" lon="120.26176077313721179962158203125">
        <ele>7</ele>
        <time>2026-01-13T13:49:55.000Z</time>
        <extensions>
          <ns3:TrackPointExtension>
            <ns3:hr>137</ns3:hr>
            <ns3:cad>91</ns3:cad>
          </ns3:TrackPointExtension>
        </extensions>
      </trkpt>
      <trkpt lat="30.44645584188401699066162109375" lon="120.26178072206676006317138671875">
        <ele>7</ele>
        <time>2026-01-13T13:49:56.000Z</time>
        <extensions>
          <ns3:TrackPointExtension>
            <ns3:hr>137</ns3:hr>
            <ns3:cad>91</ns3:cad>
          </ns3:TrackPointExtension>
        </extensions>
      </trkpt>
      <trkpt lat="30.44647009111940860748291015625" lon="120.26180033572018146514892578125">
        <ele>7.19999980926513671875</ele>
        <time>2026-01-13T13:49:57.000Z</time>
        <extensions>
          <ns3:TrackPointExtension>
            <ns3:hr>138</ns3:hr>
            <ns3:cad>90</ns3:cad>
          </ns3:TrackPointExtension>
        </extensions>
      </trkpt>
      <trkpt lat="30.44648316688835620880126953125" lon="120.261819027364253997802734375">
        <ele>7.400000095367431640625</ele>
        <time>2026-01-13T13:49:58.000Z</time>
        <extensions>
          <ns3:TrackPointExtension>
            <ns3:hr>138</ns3:hr>
            <ns3:cad>90</ns3:cad>
          </ns3:TrackPointExtension>
        </extensions>
      </trkpt>
      <trkpt lat="30.44649548828601837158203125" lon="120.26183805428445339202880859375">
        <ele>7.400000095367431640625</ele>
        <time>2026-01-13T13:49:59.000Z</time>
        <extensions>
          <ns3:TrackPointExtension>
            <ns3:hr>139</ns3:hr>
            <ns3:cad>90</ns3:cad>
          </ns3:TrackPointExtension>
        </extensions>
      </trkpt>
      <trkpt lat="30.4465095698833465576171875" lon="120.26185565628111362457275390625">
        <ele>7.599999904632568359375</ele>
        <time>2026-01-13T13:50:00.000Z</time>
        <extensions>
          <ns3:TrackPointExtension>
            <ns3:hr>139</ns3:hr>
            <ns3:cad>90</ns3:cad>
          </ns3:TrackPointExtension>
        </extensions>
      </trkpt>
      <trkpt lat="30.446522645652294158935546875" lon="120.261875353753566741943359375">
        <ele>7.599999904632568359375</ele>
        <time>2026-01-13T13:50:01.000Z</time>
        <extensions>
          <ns3:TrackPointExtension>
            <ns3:hr>139</ns3:hr>
            <ns3:cad>89</ns3:cad>
          </ns3:TrackPointExtension>
        </extensions>
      </trkpt>
      <trkpt lat="30.44653211720287799835205078125" lon="120.26189454831182956695556640625">
        <ele>7.80000019073486328125</ele>
        <time>2026-01-13T13:50:02.000Z</time>
        <extensions>
          <ns3:TrackPointExtension>
            <ns3:hr>139</ns3:hr>
            <ns3:cad>89</ns3:cad>
          </ns3:TrackPointExtension>
        </extensions>
      </trkpt>
      <trkpt lat="30.446542762219905853271484375" lon="120.26191432960331439971923828125">
        <ele>7.80000019073486328125</ele>
        <time>2026-01-13T13:50:03.000Z</time>
        <extensions>
          <ns3:TrackPointExtension>
            <ns3:hr>139</ns3:hr>
            <ns3:cad>89</ns3:cad>
          </ns3:TrackPointExtension>
        </extensions>
      </trkpt>
      <trkpt lat="30.4465519823133945465087890625" lon="120.26193427853286266326904296875">
        <ele>8</ele>
        <time>2026-01-13T13:50:04.000Z</time>
        <extensions>
          <ns3:TrackPointExtension>
            <ns3:hr>139</ns3:hr>
            <ns3:cad>89</ns3:cad>
          </ns3:TrackPointExtension>
        </extensions>
      </trkpt>
      <trkpt lat="30.4465606994926929473876953125" lon="120.26195690967142581939697265625">
        <ele>8</ele>
        <time>2026-01-13T13:50:05.000Z</time>
        <extensions>
          <ns3:TrackPointExtension>
            <ns3:hr>139</ns3:hr>
            <ns3:cad>87</ns3:cad>
          </ns3:TrackPointExtension>
        </extensions>
      </trkpt>
      <trkpt lat="30.446572601795196533203125" lon="120.2619787864387035369873046875">
        <ele>8.19999980926513671875</ele>
        <time>2026-01-13T13:50:06.000Z</time>
        <extensions>
          <ns3:TrackPointExtension>
            <ns3:hr>139</ns3:hr>
            <ns3:cad>87</ns3:cad>
          </ns3:TrackPointExtension>
        </extensions>
      </trkpt>
      <trkpt lat="30.44658626429736614227294921875" lon="120.26200116612017154693603515625">
        <ele>8.3999996185302734375</ele>
        <time>2026-01-13T13:50:07.000Z</time>
        <extensions>
          <ns3:TrackPointExtension>
            <ns3:hr>139</ns3:hr>
            <ns3:cad>88</ns3:cad>
          </ns3:TrackPointExtension>
        </extensions>
      </trkpt>
      <trkpt lat="30.446597747504711151123046875" lon="120.26201927103102207183837890625">
        <ele>8.3999996185302734375</ele>
        <time>2026-01-13T13:50:08.000Z</time>
        <extensions>
          <ns3:TrackPointExtension>
            <ns3:hr>139</ns3:hr>
            <ns3:cad>90</ns3:cad>
          </ns3:TrackPointExtension>
        </extensions>
      </trkpt>
      <trkpt lat="30.446604453027248382568359375" lon="120.26203234679996967315673828125">
        <ele>8.6000003814697265625</ele>
        <time>2026-01-13T13:50:09.000Z</time>
        <extensions>
          <ns3:TrackPointExtension>
            <ns3:hr>138</ns3:hr>
            <ns3:cad>90</ns3:cad>
          </ns3:TrackPointExtension>
        </extensions>
      </trkpt>
      <trkpt lat="30.446609146893024444580078125" lon="120.26204374618828296661376953125">
        <ele>8.6000003814697265625</ele>
        <time>2026-01-13T13:50:10.000Z</time>
        <extensions>
          <ns3:TrackPointExtension>
            <ns3:hr>138</ns3:hr>
            <ns3:cad>90</ns3:cad>
          </ns3:TrackPointExtension>
        </extensions>
      </trkpt>
      <trkpt lat="30.4466133378446102142333984375" lon="120.2620567381381988525390625">
        <ele>8.6000003814697265625</ele>
        <time>2026-01-13T13:50:11.000Z</time>
        <extensions>
          <ns3:TrackPointExtension>
            <ns3:hr>139</ns3:hr>
            <ns3:cad>90</ns3:cad>
          </ns3:TrackPointExtension>
        </extensions>
      </trkpt>
      <trkpt lat="30.44661744497716426849365234375" lon="120.26207241229712963104248046875">
        <ele>8.80000019073486328125</ele>
        <time>2026-01-13T13:50:12.000Z</time>
        <extensions>
          <ns3:TrackPointExtension>
            <ns3:hr>139</ns3:hr>
            <ns3:cad>88</ns3:cad>
          </ns3:TrackPointExtension>
        </extensions>
      </trkpt>
      <trkpt lat="30.44662331230938434600830078125" lon="120.2620911039412021636962890625">
        <ele>8.80000019073486328125</ele>
        <time>2026-01-13T13:50:13.000Z</time>
        <extensions>
          <ns3:TrackPointExtension>
            <ns3:hr>139</ns3:hr>
            <ns3:cad>86</ns3:cad>
          </ns3:TrackPointExtension>
        </extensions>
      </trkpt>
      <trkpt lat="30.44663236476480960845947265625" lon="120.262111723423004150390625">
        <ele>8.80000019073486328125</ele>
        <time>2026-01-13T13:50:14.000Z</time>
        <extensions>
          <ns3:TrackPointExtension>
            <ns3:hr>138</ns3:hr>
            <ns3:cad>86</ns3:cad>
          </ns3:TrackPointExtension>
        </extensions>
      </trkpt>
      <trkpt lat="30.44663965702056884765625" lon="120.26213259436190128326416015625">
        <ele>9</ele>
        <time>2026-01-13T13:50:15.000Z</time>
        <extensions>
          <ns3:TrackPointExtension>
            <ns3:hr>138</ns3:hr>
            <ns3:cad>86</ns3:cad>
          </ns3:TrackPointExtension>
        </extensions>
      </trkpt>
      <trkpt lat="30.4466472007334232330322265625" lon="120.26215572841465473175048828125">
        <ele>9</ele>
        <time>2026-01-13T13:50:16.000Z</time>
        <extensions>
          <ns3:TrackPointExtension>
            <ns3:hr>137</ns3:hr>
            <ns3:cad>88</ns3:cad>
          </ns3:TrackPointExtension>
        </extensions>
      </trkpt>
      <trkpt lat="30.44665700756013393402099609375" lon="120.262180455029010772705078125">
        <ele>9</ele>
        <time>2026-01-13T13:50:17.000Z</time>
        <extensions>
          <ns3:TrackPointExtension>
            <ns3:hr>137</ns3:hr>
            <ns3:cad>89</ns3:cad>
          </ns3:TrackPointExtension>
        </extensions>
      </trkpt>
      <trkpt lat="30.4466649703681468963623046875" lon="120.26220350526273250579833984375">
        <ele>9.19999980926513671875</ele>
        <time>2026-01-13T13:50:18.000Z</time>
        <extensions>
          <ns3:TrackPointExtension>
            <ns3:hr>137</ns3:hr>
            <ns3:cad>89</ns3:cad>
          </ns3:TrackPointExtension>
        </extensions>
      </trkpt>
      <trkpt lat="30.44667393900454044342041015625" lon="120.2622258849442005157470703125">
        <ele>9.19999980926513671875</ele>
        <time>2026-01-13T13:50:19.000Z</time>
        <extensions>
          <ns3:TrackPointExtension>
            <ns3:hr>137</ns3:hr>
            <ns3:cad>89</ns3:cad>
          </ns3:TrackPointExtension>
        </extensions>
      </trkpt>
      <trkpt lat="30.44668651185929775238037109375" lon="120.2622480131685733795166015625">
        <ele>9.19999980926513671875</ele>
        <time>2026-01-13T13:50:20.000Z</time>
        <extensions>
          <ns3:TrackPointExtension>
            <ns3:hr>137</ns3:hr>
            <ns3:cad>90</ns3:cad>
          </ns3:TrackPointExtension>
        </extensions>
      </trkpt>
      <trkpt lat="30.4466971568763256072998046875" lon="120.26227223686873912811279296875">
        <ele>9.19999980926513671875</ele>
        <time>2026-01-13T13:50:21.000Z</time>
        <extensions>
          <ns3:TrackPointExtension>
            <ns3:hr>137</ns3:hr>
            <ns3:cad>90</ns3:cad>
          </ns3:TrackPointExtension>
        </extensions>
      </trkpt>
      <trkpt lat="30.44670495204627513885498046875" lon="120.26229822076857089996337890625">
        <ele>9.19999980926513671875</ele>
        <time>2026-01-13T13:50:22.000Z</time>
        <extensions>
          <ns3:TrackPointExtension>
            <ns3:hr>138</ns3:hr>
            <ns3:cad>90</ns3:cad>
          </ns3:TrackPointExtension>
        </extensions>
      </trkpt>
      <trkpt lat="30.44671274721622467041015625" lon="120.2623211033642292022705078125">
        <ele>9.3999996185302734375</ele>
        <time>2026-01-13T13:50:23.000Z</time>
        <extensions>
          <ns3:TrackPointExtension>
            <ns3:hr>138</ns3:hr>
            <ns3:cad>90</ns3:cad>
          </ns3:TrackPointExtension>
        </extensions>
      </trkpt>
      <trkpt lat="30.4467241466045379638671875" lon="120.26234281249344348907470703125">
        <ele>9.3999996185302734375</ele>
        <time>2026-01-13T13:50:24.000Z</time>
        <extensions>
          <ns3:TrackPointExtension>
            <ns3:hr>138</ns3:hr>
            <ns3:cad>90</ns3:cad>
          </ns3:TrackPointExtension>
        </extensions>
      </trkpt>
      <trkpt lat="30.4467367194592952728271484375" lon="120.262364186346530914306640625">
        <ele>9.3999996185302734375</ele>
        <time>2026-01-13T13:50:25.000Z</time>
        <extensions>
          <ns3:TrackPointExtension>
            <ns3:hr>138</ns3:hr>
            <ns3:cad>90</ns3:cad>
          </ns3:TrackPointExtension>
        </extensions>
      </trkpt>
      <trkpt lat="30.44674694538116455078125" lon="120.262386985123157501220703125">
        <ele>9.3999996185302734375</ele>
        <time>2026-01-13T13:50:26.000Z</time>
        <extensions>
          <ns3:TrackPointExtension>
            <ns3:hr>139</ns3:hr>
            <ns3:cad>90</ns3:cad>
          </ns3:TrackPointExtension>
        </extensions>
      </trkpt>
      <trkpt lat="30.4467575065791606903076171875" lon="120.2624076046049594879150390625">
        <ele>9.3999996185302734375</ele>
        <time>2026-01-13T13:50:27.000Z</time>
        <extensions>
          <ns3:TrackPointExtension>
            <ns3:hr>139</ns3:hr>
            <ns3:cad>90</ns3:cad>
          </ns3:TrackPointExtension>
        </extensions>
      </trkpt>
      <trkpt lat="30.446766726672649383544921875" lon="120.26242830790579319000244140625">
        <ele>9.3999996185302734375</ele>
        <time>2026-01-13T13:50:28.000Z</time>
        <extensions>
          <ns3:TrackPointExtension>
            <ns3:hr>139</ns3:hr>
            <ns3:cad>90</ns3:cad>
          </ns3:TrackPointExtension>
        </extensions>
      </trkpt>
      <trkpt lat="30.44677552767097949981689453125" lon="120.26244825683534145355224609375">
        <ele>9.6000003814697265625</ele>
        <time>2026-01-13T13:50:29.000Z</time>
        <extensions>
          <ns3:TrackPointExtension>
            <ns3:hr>139</ns3:hr>
            <ns3:cad>90</ns3:cad>
          </ns3:TrackPointExtension>
        </extensions>
      </trkpt>
      <trkpt lat="30.44678541831672191619873046875" lon="120.26246435008943080902099609375">
        <ele>9.6000003814697265625</ele>
        <time>2026-01-13T13:50:30.000Z</time>
        <extensions>
          <ns3:TrackPointExtension>
            <ns3:hr>139</ns3:hr>
            <ns3:cad>90</ns3:cad>
          </ns3:TrackPointExtension>
        </extensions>
      </trkpt>
      <trkpt lat="30.44679530896246433258056640625" lon="120.262482203543186187744140625">
        <ele>9.6000003814697265625</ele>
        <time>2026-01-13T13:50:31.000Z</time>
        <extensions>
          <ns3:TrackPointExtension>
            <ns3:hr>139</ns3:hr>
            <ns3:cad>88</ns3:cad>
          </ns3:TrackPointExtension>
        </extensions>
      </trkpt>
      <trkpt lat="30.4468031041324138641357421875" lon="120.26249838061630725860595703125">
        <ele>9.6000003814697265625</ele>
        <time>2026-01-13T13:50:32.000Z</time>
        <extensions>
          <ns3:TrackPointExtension>
            <ns3:hr>139</ns3:hr>
            <ns3:cad>88</ns3:cad>
          </ns3:TrackPointExtension>
        </extensions>
      </trkpt>
      <trkpt lat="30.4468098096549510955810546875" lon="120.2625105343759059906005859375">
        <ele>9.6000003814697265625</ele>
        <time>2026-01-13T13:50:33.000Z</time>
        <extensions>
          <ns3:TrackPointExtension>
            <ns3:hr>139</ns3:hr>
            <ns3:cad>88</ns3:cad>
          </ns3:TrackPointExtension>
        </extensions>
      </trkpt>
      <trkpt lat="30.44681777246296405792236328125" lon="120.2625256218016147613525390625">
        <ele>9.6000003814697265625</ele>
        <time>2026-01-13T13:50:34.000Z</time>
        <extensions>
          <ns3:TrackPointExtension>
            <ns3:hr>138</ns3:hr>
            <ns3:cad>88</ns3:cad>
          </ns3:TrackPointExtension>
        </extensions>
      </trkpt>
      <trkpt lat="30.4468262381851673126220703125" lon="120.26254632510244846343994140625">
        <ele>9.80000019073486328125</ele>
        <time>2026-01-13T13:50:35.000Z</time>
        <extensions>
          <ns3:TrackPointExtension>
            <ns3:hr>140</ns3:hr>
            <ns3:cad>88</ns3:cad>
          </ns3:TrackPointExtension>
        </extensions>
      </trkpt>
      <trkpt lat="30.44683353044092655181884765625" lon="120.26256836950778961181640625">
        <ele>9.80000019073486328125</ele>
        <time>2026-01-13T13:50:36.000Z</time>
        <extensions>
          <ns3:TrackPointExtension>
            <ns3:hr>139</ns3:hr>
            <ns3:cad>88</ns3:cad>
          </ns3:TrackPointExtension>
        </extensions>
      </trkpt>
      <trkpt lat="30.44683923013508319854736328125" lon="120.2625910006463527679443359375">
        <ele>9.80000019073486328125</ele>
        <time>2026-01-13T13:50:37.000Z</time>
        <extensions>
          <ns3:TrackPointExtension>
            <ns3:hr>140</ns3:hr>
            <ns3:cad>88</ns3:cad>
          </ns3:TrackPointExtension>
        </extensions>
      </trkpt>
      <trkpt lat="30.4468475282192230224609375" lon="120.262615643441677093505859375">
        <ele>9.80000019073486328125</ele>
        <time>2026-01-13T13:50:38.000Z</time>
        <extensions>
          <ns3:TrackPointExtension>
            <ns3:hr>137</ns3:hr>
            <ns3:cad>88</ns3:cad>
          </ns3:TrackPointExtension>
        </extensions>
      </trkpt>
      <trkpt lat="30.44685733504593372344970703125" lon="120.2626406215131282806396484375">
        <ele>9.80000019073486328125</ele>
        <time>2026-01-13T13:50:39.000Z</time>
        <extensions>
          <ns3:TrackPointExtension>
            <ns3:hr>138</ns3:hr>
            <ns3:cad>89</ns3:cad>
          </ns3:TrackPointExtension>
        </extensions>
      </trkpt>
      <trkpt lat="30.44686655513942241668701171875" lon="120.262661240994930267333984375">
        <ele>9.80000019073486328125</ele>
        <time>2026-01-13T13:50:40.000Z</time>
        <extensions>
          <ns3:TrackPointExtension>
            <ns3:hr>139</ns3:hr>
            <ns3:cad>89</ns3:cad>
          </ns3:TrackPointExtension>
        </extensions>
      </trkpt>
      <trkpt lat="30.44687611050903797149658203125" lon="120.26268102228641510009765625">
        <ele>9.80000019073486328125</ele>
        <time>2026-01-13T13:50:41.000Z</time>
        <extensions>
          <ns3:TrackPointExtension>
            <ns3:hr>140</ns3:hr>
            <ns3:cad>89</ns3:cad>
          </ns3:TrackPointExtension>
        </extensions>
      </trkpt>
      <trkpt lat="30.4468845762312412261962890625" lon="120.262701474130153656005859375">
        <ele>9.80000019073486328125</ele>
        <time>2026-01-13T13:50:42.000Z</time>
        <extensions>
          <ns3:TrackPointExtension>
            <ns3:hr>141</ns3:hr>
            <ns3:cad>89</ns3:cad>
          </ns3:TrackPointExtension>
        </extensions>
      </trkpt>
      <trkpt lat="30.44689186848700046539306640625" lon="120.2627227641642093658447265625">
        <ele>9.80000019073486328125</ele>
        <time>2026-01-13T13:50:43.000Z</time>
        <extensions>
          <ns3:TrackPointExtension>
            <ns3:hr>141</ns3:hr>
            <ns3:cad>90</ns3:cad>
          </ns3:TrackPointExtension>
        </extensions>
      </trkpt>
      <trkpt lat="30.4469003342092037200927734375" lon="120.2627415396273136138916015625">
        <ele>10</ele>
        <time>2026-01-13T13:50:44.000Z</time>
        <extensions>
          <ns3:TrackPointExtension>
            <ns3:hr>141</ns3:hr>
            <ns3:cad>91</ns3:cad>
          </ns3:TrackPointExtension>
        </extensions>
      </trkpt>
      <trkpt lat="30.4469092190265655517578125" lon="120.26276542805135250091552734375">
        <ele>10</ele>
        <time>2026-01-13T13:50:45.000Z</time>
        <extensions>
          <ns3:TrackPointExtension>
            <ns3:hr>141</ns3:hr>
            <ns3:cad>91</ns3:cad>
          </ns3:TrackPointExtension>
        </extensions>
      </trkpt>
      <trkpt lat="30.44692288152873516082763671875" lon="120.26279157958924770355224609375">
        <ele>10</ele>
        <time>2026-01-13T13:50:46.000Z</time>
        <extensions>
          <ns3:TrackPointExtension>
            <ns3:hr>141</ns3:hr>
            <ns3:cad>91</ns3:cad>
          </ns3:TrackPointExtension>
        </extensions>
      </trkpt>
      <trkpt lat="30.446933023631572723388671875" lon="120.26281270198523998260498046875">
        <ele>10</ele>
        <time>2026-01-13T13:50:47.000Z</time>
        <extensions>
          <ns3:TrackPointExtension>
            <ns3:hr>140</ns3:hr>
            <ns3:cad>91</ns3:cad>
          </ns3:TrackPointExtension>
        </extensions>
      </trkpt>
      <trkpt lat="30.4469405673444271087646484375" lon="120.2628386020660400390625">
        <ele>9.80000019073486328125</ele>
        <time>2026-01-13T13:50:48.000Z</time>
        <extensions>
          <ns3:TrackPointExtension>
            <ns3:hr>140</ns3:hr>
            <ns3:cad>94</ns3:cad>
          </ns3:TrackPointExtension>
        </extensions>
      </trkpt>
      <trkpt lat="30.4469476081430912017822265625" lon="120.26286332868039608001708984375">
        <ele>9.80000019073486328125</ele>
        <time>2026-01-13T13:50:49.000Z</time>
        <extensions>
          <ns3:TrackPointExtension>
            <ns3:hr>140</ns3:hr>
            <ns3:cad>94</ns3:cad>
          </ns3:TrackPointExtension>
        </extensions>
      </trkpt>
      <trkpt lat="30.4469549842178821563720703125" lon="120.26288897730410099029541015625">
        <ele>9.80000019073486328125</ele>
        <time>2026-01-13T13:50:50.000Z</time>
        <extensions>
          <ns3:TrackPointExtension>
            <ns3:hr>140</ns3:hr>
            <ns3:cad>94</ns3:cad>
          </ns3:TrackPointExtension>
        </extensions>
      </trkpt>
      <trkpt lat="30.44696076773107051849365234375" lon="120.2629138715565204620361328125">
        <ele>9.80000019073486328125</ele>
        <time>2026-01-13T13:50:51.000Z</time>
        <extensions>
          <ns3:TrackPointExtension>
            <ns3:hr>139</ns3:hr>
            <ns3:cad>93</ns3:cad>
          </ns3:TrackPointExtension>
        </extensions>
      </trkpt>
      <trkpt lat="30.44696730561554431915283203125" lon="120.2629326470196247100830078125">
        <ele>9.80000019073486328125</ele>
        <time>2026-01-13T13:50:52.000Z</time>
        <extensions>
          <ns3:TrackPointExtension>
            <ns3:hr>139</ns3:hr>
            <ns3:cad>92</ns3:cad>
          </ns3:TrackPointExtension>
        </extensions>
      </trkpt>
      <trkpt lat="30.4469707421958446502685546875" lon="120.26295125484466552734375">
        <ele>9.80000019073486328125</ele>
        <time>2026-01-13T13:50:53.000Z</time>
        <extensions>
          <ns3:TrackPointExtension>
            <ns3:hr>138</ns3:hr>
            <ns3:cad>91</ns3:cad>
          </ns3:TrackPointExtension>
        </extensions>
      </trkpt>
      <trkpt lat="30.44697686098515987396240234375" lon="120.2629701979458332061767578125">
        <ele>9.80000019073486328125</ele>
        <time>2026-01-13T13:50:54.000Z</time>
        <extensions>
          <ns3:TrackPointExtension>
            <ns3:hr>138</ns3:hr>
            <ns3:cad>91</ns3:cad>
          </ns3:TrackPointExtension>
        </extensions>
      </trkpt>
      <trkpt lat="30.446985661983489990234375" lon="120.26299240998923778533935546875">
        <ele>9.80000019073486328125</ele>
        <time>2026-01-13T13:50:55.000Z</time>
        <extensions>
          <ns3:TrackPointExtension>
            <ns3:hr>137</ns3:hr>
            <ns3:cad>89</ns3:cad>
          </ns3:TrackPointExtension>
        </extensions>
      </trkpt>
      <trkpt lat="30.44699295423924922943115234375" lon="120.26301554404199123382568359375">
        <ele>9.6000003814697265625</ele>
        <time>2026-01-13T13:50:56.000Z</time>
        <extensions>
          <ns3:TrackPointExtension>
            <ns3:hr>137</ns3:hr>
            <ns3:cad>87</ns3:cad>
          </ns3:TrackPointExtension>
        </extensions>
      </trkpt>
      <trkpt lat="30.44699999503791332244873046875" lon="120.263042449951171875">
        <ele>9.6000003814697265625</ele>
        <time>2026-01-13T13:50:57.000Z</time>
        <extensions>
          <ns3:TrackPointExtension>
            <ns3:hr>138</ns3:hr>
            <ns3:cad>87</ns3:cad>
          </ns3:TrackPointExtension>
        </extensions>
      </trkpt>
      <trkpt lat="30.44700753875076770782470703125" lon="120.26306784711778163909912109375">
        <ele>9.6000003814697265625</ele>
        <time>2026-01-13T13:50:58.000Z</time>
        <extensions>
          <ns3:TrackPointExtension>
            <ns3:hr>138</ns3:hr>
            <ns3:cad>87</ns3:cad>
          </ns3:TrackPointExtension>
        </extensions>
      </trkpt>
      <trkpt lat="30.447016172111034393310546875" lon="120.26309919543564319610595703125">
        <ele>9.6000003814697265625</ele>
        <time>2026-01-13T13:50:59.000Z</time>
        <extensions>
          <ns3:TrackPointExtension>
            <ns3:hr>138</ns3:hr>
            <ns3:cad>88</ns3:cad>
          </ns3:TrackPointExtension>
        </extensions>
      </trkpt>
      <trkpt lat="30.44702480547130107879638671875" lon="120.263122580945491790771484375">
        <ele>9.3999996185302734375</ele>
        <time>2026-01-13T13:51:00.000Z</time>
        <extensions>
          <ns3:TrackPointExtension>
            <ns3:hr>136</ns3:hr>
            <ns3:cad>89</ns3:cad>
          </ns3:TrackPointExtension>
        </extensions>
      </trkpt>
      <trkpt lat="30.447035618126392364501953125" lon="120.2631509117782115936279296875">
        <ele>9.3999996185302734375</ele>
        <time>2026-01-13T13:51:01.000Z</time>
        <extensions>
          <ns3:TrackPointExtension>
            <ns3:hr>136</ns3:hr>
            <ns3:cad>89</ns3:cad>
          </ns3:TrackPointExtension>
        </extensions>
      </trkpt>
      <trkpt lat="30.4470431618392467498779296875" lon="120.26317195035517215728759765625">
        <ele>9.19999980926513671875</ele>
        <time>2026-01-13T13:51:02.000Z</time>
        <extensions>
          <ns3:TrackPointExtension>
            <ns3:hr>138</ns3:hr>
            <ns3:cad>90</ns3:cad>
          </ns3:TrackPointExtension>
        </extensions>
      </trkpt>
      <trkpt lat="30.447056405246257781982421875" lon="120.26319894008338451385498046875">
        <ele>9.19999980926513671875</ele>
        <time>2026-01-13T13:51:03.000Z</time>
        <extensions>
          <ns3:TrackPointExtension>
            <ns3:hr>138</ns3:hr>
            <ns3:cad>90</ns3:cad>
          </ns3:TrackPointExtension>
        </extensions>
      </trkpt>
      <trkpt lat="30.4470674693584442138671875" lon="120.26322576217353343963623046875">
        <ele>9</ele>
        <time>2026-01-13T13:51:04.000Z</time>
        <extensions>
          <ns3:TrackPointExtension>
            <ns3:hr>138</ns3:hr>
            <ns3:cad>90</ns3:cad>
          </ns3:TrackPointExtension>
        </extensions>
      </trkpt>
      <trkpt lat="30.4470797069370746612548828125" lon="120.263251326978206634521484375">
        <ele>9</ele>
        <time>2026-01-13T13:51:05.000Z</time>
        <extensions>
          <ns3:TrackPointExtension>
            <ns3:hr>138</ns3:hr>
            <ns3:cad>90</ns3:cad>
          </ns3:TrackPointExtension>
        </extensions>
      </trkpt>
      <trkpt lat="30.44709387235343456268310546875" lon="120.263278484344482421875">
        <ele>8.80000019073486328125</ele>
        <time>2026-01-13T13:51:06.000Z</time>
        <extensions>
          <ns3:TrackPointExtension>
            <ns3:hr>138</ns3:hr>
            <ns3:cad>90</ns3:cad>
          </ns3:TrackPointExtension>
        </extensions>
      </trkpt>
      <trkpt lat="30.4471068643033504486083984375" lon="120.26330287568271160125732421875">
        <ele>8.80000019073486328125</ele>
        <time>2026-01-13T13:51:07.000Z</time>
        <extensions>
          <ns3:TrackPointExtension>
            <ns3:hr>138</ns3:hr>
            <ns3:cad>90</ns3:cad>
          </ns3:TrackPointExtension>
        </extensions>
      </trkpt>
      <trkpt lat="30.44711918570101261138916015625" lon="120.26332743465900421142578125">
        <ele>8.80000019073486328125</ele>
        <time>2026-01-13T13:51:08.000Z</time>
        <extensions>
          <ns3:TrackPointExtension>
            <ns3:hr>138</ns3:hr>
            <ns3:cad>90</ns3:cad>
          </ns3:TrackPointExtension>
        </extensions>
      </trkpt>
      <trkpt lat="30.4471316747367382049560546875" lon="120.26335023343563079833984375">
        <ele>8.6000003814697265625</ele>
        <time>2026-01-13T13:51:09.000Z</time>
        <extensions>
          <ns3:TrackPointExtension>
            <ns3:hr>136</ns3:hr>
            <ns3:cad>89</ns3:cad>
          </ns3:TrackPointExtension>
        </extensions>
      </trkpt>
      <trkpt lat="30.44714315794408321380615234375" lon="120.2633708529174327850341796875">
        <ele>8.6000003814697265625</ele>
        <time>2026-01-13T13:51:10.000Z</time>
        <extensions>
          <ns3:TrackPointExtension>
            <ns3:hr>139</ns3:hr>
            <ns3:cad>89</ns3:cad>
          </ns3:TrackPointExtension>
        </extensions>
      </trkpt>
      <trkpt lat="30.44715388678014278411865234375" lon="120.2633933164179325103759765625">
        <ele>8.3999996185302734375</ele>
        <time>2026-01-13T13:51:11.000Z</time>
        <extensions>
          <ns3:TrackPointExtension>
            <ns3:hr>139</ns3:hr>
            <ns3:cad>89</ns3:cad>
          </ns3:TrackPointExtension>
        </extensions>
      </trkpt>
      <trkpt lat="30.44716645963490009307861328125" lon="120.263417623937129974365234375">
        <ele>8.3999996185302734375</ele>
        <time>2026-01-13T13:51:12.000Z</time>
        <extensions>
          <ns3:TrackPointExtension>
            <ns3:hr>139</ns3:hr>
            <ns3:cad>89</ns3:cad>
          </ns3:TrackPointExtension>
        </extensions>
      </trkpt>
      <trkpt lat="30.44717785902321338653564453125" lon="120.263439081609249114990234375">
        <ele>8.3999996185302734375</ele>
        <time>2026-01-13T13:51:13.000Z</time>
        <extensions>
          <ns3:TrackPointExtension>
            <ns3:hr>139</ns3:hr>
            <ns3:cad>89</ns3:cad>
          </ns3:TrackPointExtension>
        </extensions>
      </trkpt>
      <trkpt lat="30.44718959368765354156494140625" lon="120.2634570188820362091064453125">
        <ele>8.19999980926513671875</ele>
        <time>2026-01-13T13:51:14.000Z</time>
        <extensions>
          <ns3:TrackPointExtension>
            <ns3:hr>138</ns3:hr>
            <ns3:cad>89</ns3:cad>
          </ns3:TrackPointExtension>
        </extensions>
      </trkpt>
      <trkpt lat="30.4471980594098567962646484375" lon="120.26347118429839611053466796875">
        <ele>8.19999980926513671875</ele>
        <time>2026-01-13T13:51:15.000Z</time>
        <extensions>
          <ns3:TrackPointExtension>
            <ns3:hr>138</ns3:hr>
            <ns3:cad>89</ns3:cad>
          </ns3:TrackPointExtension>
        </extensions>
      </trkpt>
      <trkpt lat="30.44720836915075778961181640625" lon="120.26348769664764404296875">
        <ele>8</ele>
        <time>2026-01-13T13:51:16.000Z</time>
        <extensions>
          <ns3:TrackPointExtension>
            <ns3:hr>138</ns3:hr>
            <ns3:cad>89</ns3:cad>
          </ns3:TrackPointExtension>
        </extensions>
      </trkpt>
      <trkpt lat="30.4472211934626102447509765625" lon="120.2635103277862071990966796875">
        <ele>8</ele>
        <time>2026-01-13T13:51:17.000Z</time>
        <extensions>
          <ns3:TrackPointExtension>
            <ns3:hr>138</ns3:hr>
            <ns3:cad>89</ns3:cad>
          </ns3:TrackPointExtension>
        </extensions>
      </trkpt>
      <trkpt lat="30.44723686762154102325439453125" lon="120.2635294385254383087158203125">
        <ele>7.80000019073486328125</ele>
        <time>2026-01-13T13:51:18.000Z</time>
        <extensions>
          <ns3:TrackPointExtension>
            <ns3:hr>137</ns3:hr>
            <ns3:cad>90</ns3:cad>
          </ns3:TrackPointExtension>
        </extensions>
      </trkpt>
      <trkpt lat="30.44725145213305950164794921875" lon="120.26354930363595485687255859375">
        <ele>7.80000019073486328125</ele>
        <time>2026-01-13T13:51:19.000Z</time>
        <extensions>
          <ns3:TrackPointExtension>
            <ns3:hr>138</ns3:hr>
            <ns3:cad>91</ns3:cad>
          </ns3:TrackPointExtension>
        </extensions>
      </trkpt>
      <trkpt lat="30.44726503081619739532470703125" lon="120.263570845127105712890625">
        <ele>7.80000019073486328125</ele>
        <time>2026-01-13T13:51:20.000Z</time>
        <extensions>
          <ns3:TrackPointExtension>
            <ns3:hr>138</ns3:hr>
            <ns3:cad>92</ns3:cad>
          </ns3:TrackPointExtension>
        </extensions>
      </trkpt>
      <trkpt lat="30.4472793638706207275390625" lon="120.2635941468179225921630859375">
        <ele>7.599999904632568359375</ele>
        <time>2026-01-13T13:51:21.000Z</time>
        <extensions>
          <ns3:TrackPointExtension>
            <ns3:hr>138</ns3:hr>
            <ns3:cad>93</ns3:cad>
          </ns3:TrackPointExtension>
        </extensions>
      </trkpt>
      <trkpt lat="30.44729034416377544403076171875" lon="120.2636159397661685943603515625">
        <ele>7.599999904632568359375</ele>
        <time>2026-01-13T13:51:22.000Z</time>
        <extensions>
          <ns3:TrackPointExtension>
            <ns3:hr>138</ns3:hr>
            <ns3:cad>93</ns3:cad>
          </ns3:TrackPointExtension>
        </extensions>
      </trkpt>
      <trkpt lat="30.4472986422479152679443359375" lon="120.263636894524097442626953125">
        <ele>7.599999904632568359375</ele>
        <time>2026-01-13T13:51:23.000Z</time>
        <extensions>
          <ns3:TrackPointExtension>
            <ns3:hr>138</ns3:hr>
            <ns3:cad>93</ns3:cad>
          </ns3:TrackPointExtension>
        </extensions>
      </trkpt>
      <trkpt lat="30.44730777852237224578857421875" lon="120.26365332305431365966796875">
        <ele>7.599999904632568359375</ele>
        <time>2026-01-13T13:51:24.000Z</time>
        <extensions>
          <ns3:TrackPointExtension>
            <ns3:hr>137</ns3:hr>
            <ns3:cad>93</ns3:cad>
          </ns3:TrackPointExtension>
        </extensions>
      </trkpt>
      <trkpt lat="30.44731733389198780059814453125" lon="120.2636695839464664459228515625">
        <ele>7.599999904632568359375</ele>
        <time>2026-01-13T13:51:25.000Z</time>
        <extensions>
          <ns3:TrackPointExtension>
            <ns3:hr>137</ns3:hr>
            <ns3:cad>93</ns3:cad>
          </ns3:TrackPointExtension>
        </extensions>
      </trkpt>
      <trkpt lat="30.44732705689966678619384765625" lon="120.26368626393377780914306640625">
        <ele>7.400000095367431640625</ele>
        <time>2026-01-13T13:51:26.000Z</time>
        <extensions>
          <ns3:TrackPointExtension>
            <ns3:hr>138</ns3:hr>
            <ns3:cad>93</ns3:cad>
          </ns3:TrackPointExtension>
        </extensions>
      </trkpt>
      <trkpt lat="30.4473368637263774871826171875" lon="120.2637047879397869110107421875">
        <ele>7.400000095367431640625</ele>
        <time>2026-01-13T13:51:27.000Z</time>
        <extensions>
          <ns3:TrackPointExtension>
            <ns3:hr>139</ns3:hr>
            <ns3:cad>93</ns3:cad>
          </ns3:TrackPointExtension>
        </extensions>
      </trkpt>
      <trkpt lat="30.44734750874340534210205078125" lon="120.2637212164700031280517578125">
        <ele>7.400000095367431640625</ele>
        <time>2026-01-13T13:51:28.000Z</time>
        <extensions>
          <ns3:TrackPointExtension>
            <ns3:hr>138</ns3:hr>
            <ns3:cad>93</ns3:cad>
          </ns3:TrackPointExtension>
        </extensions>
      </trkpt>
      <trkpt lat="30.44735915958881378173828125" lon="120.263738818466663360595703125">
        <ele>7.400000095367431640625</ele>
        <time>2026-01-13T13:51:29.000Z</time>
        <extensions>
          <ns3:TrackPointExtension>
            <ns3:hr>137</ns3:hr>
            <ns3:cad>0</ns3:cad>
          </ns3:TrackPointExtension>
        </extensions>
      </trkpt>
      <trkpt lat="30.44736896641552448272705078125" lon="120.2637594379484653472900390625">
        <ele>7.400000095367431640625</ele>
        <time>2026-01-13T13:51:30.000Z</time>
        <extensions>
          <ns3:TrackPointExtension>
            <ns3:hr>137</ns3:hr>
            <ns3:cad>0</ns3:cad>
          </ns3:TrackPointExtension>
        </extensions>
      </trkpt>
      <trkpt lat="30.44737969525158405303955078125" lon="120.26378232054412364959716796875">
        <ele>7.19999980926513671875</ele>
        <time>2026-01-13T13:51:31.000Z</time>
        <extensions>
          <ns3:TrackPointExtension>
            <ns3:hr>137</ns3:hr>
            <ns3:cad>88</ns3:cad>
          </ns3:TrackPointExtension>
        </extensions>
      </trkpt>
      <trkpt lat="30.4473905079066753387451171875" lon="120.2638050355017185211181640625">
        <ele>7.19999980926513671875</ele>
        <time>2026-01-13T13:51:32.000Z</time>
        <extensions>
          <ns3:TrackPointExtension>
            <ns3:hr>135</ns3:hr>
            <ns3:cad>88</ns3:cad>
          </ns3:TrackPointExtension>
        </extensions>
      </trkpt>
      <trkpt lat="30.44740115292370319366455078125" lon="120.26383261196315288543701171875">
        <ele>7.19999980926513671875</ele>
        <time>2026-01-13T13:51:33.000Z</time>
        <extensions>
          <ns3:TrackPointExtension>
            <ns3:hr>133</ns3:hr>
            <ns3:cad>90</ns3:cad>
          </ns3:TrackPointExtension>
        </extensions>
      </trkpt>
      <trkpt lat="30.4474112950265407562255859375" lon="120.263858176767826080322265625">
        <ele>7.19999980926513671875</ele>
        <time>2026-01-13T13:51:34.000Z</time>
        <extensions>
          <ns3:TrackPointExtension>
            <ns3:hr>135</ns3:hr>
            <ns3:cad>90</ns3:cad>
          </ns3:TrackPointExtension>
        </extensions>
      </trkpt>
      <trkpt lat="30.44742219150066375732421875" lon="120.2638851664960384368896484375">
        <ele>7.19999980926513671875</ele>
        <time>2026-01-13T13:51:35.000Z</time>
        <extensions>
          <ns3:TrackPointExtension>
            <ns3:hr>136</ns3:hr>
            <ns3:cad>89</ns3:cad>
          </ns3:TrackPointExtension>
        </extensions>
      </trkpt>
      <trkpt lat="30.4474327526986598968505859375" lon="120.2639103122055530548095703125">
        <ele>7.19999980926513671875</ele>
        <time>2026-01-13T13:51:36.000Z</time>
        <extensions>
          <ns3:TrackPointExtension>
            <ns3:hr>136</ns3:hr>
            <ns3:cad>89</ns3:cad>
          </ns3:TrackPointExtension>
        </extensions>
      </trkpt>
      <trkpt lat="30.44744490645825862884521484375" lon="120.26393520645797252655029296875">
        <ele>7</ele>
        <time>2026-01-13T13:51:37.000Z</time>
        <extensions>
          <ns3:TrackPointExtension>
            <ns3:hr>136</ns3:hr>
            <ns3:cad>89</ns3:cad>
          </ns3:TrackPointExtension>
        </extensions>
      </trkpt>
      <trkpt lat="30.44745664112269878387451171875" lon="120.2639585919678211212158203125">
        <ele>7</ele>
        <time>2026-01-13T13:51:38.000Z</time>
        <extensions>
          <ns3:TrackPointExtension>
            <ns3:hr>136</ns3:hr>
            <ns3:cad>90</ns3:cad>
          </ns3:TrackPointExtension>
        </extensions>
      </trkpt>
      <trkpt lat="30.447468124330043792724609375" lon="120.2639827318489551544189453125">
        <ele>7</ele>
        <time>2026-01-13T13:51:39.000Z</time>
        <extensions>
          <ns3:TrackPointExtension>
            <ns3:hr>137</ns3:hr>
            <ns3:cad>90</ns3:cad>
          </ns3:TrackPointExtension>
        </extensions>
      </trkpt>
      <trkpt lat="30.44747776351869106292724609375" lon="120.264005698263645172119140625">
        <ele>7</ele>
        <time>2026-01-13T13:51:40.000Z</time>
        <extensions>
          <ns3:TrackPointExtension>
            <ns3:hr>137</ns3:hr>
            <ns3:cad>90</ns3:cad>
          </ns3:TrackPointExtension>
        </extensions>
      </trkpt>
      <trkpt lat="30.44748631305992603302001953125" lon="120.26402707211673259735107421875">
        <ele>7</ele>
        <time>2026-01-13T13:51:41.000Z</time>
        <extensions>
          <ns3:TrackPointExtension>
            <ns3:hr>137</ns3:hr>
            <ns3:cad>89</ns3:cad>
          </ns3:TrackPointExtension>
        </extensions>
      </trkpt>
      <trkpt lat="30.447495616972446441650390625" lon="120.26404903270304203033447265625">
        <ele>7</ele>
        <time>2026-01-13T13:51:42.000Z</time>
        <extensions>
          <ns3:TrackPointExtension>
            <ns3:hr>136</ns3:hr>
            <ns3:cad>89</ns3:cad>
          </ns3:TrackPointExtension>
        </extensions>
      </trkpt>
      <trkpt lat="30.44750726781785488128662109375" lon="120.2640699036419391632080078125">
        <ele>7</ele>
        <time>2026-01-13T13:51:43.000Z</time>
        <extensions>
          <ns3:TrackPointExtension>
            <ns3:hr>137</ns3:hr>
            <ns3:cad>89</ns3:cad>
          </ns3:TrackPointExtension>
        </extensions>
      </trkpt>
      <trkpt lat="30.4475165717303752899169921875" lon="120.26409127749502658843994140625">
        <ele>7</ele>
        <time>2026-01-13T13:51:44.000Z</time>
        <extensions>
          <ns3:TrackPointExtension>
            <ns3:hr>139</ns3:hr>
            <ns3:cad>90</ns3:cad>
          </ns3:TrackPointExtension>
        </extensions>
      </trkpt>
      <trkpt lat="30.44752788729965686798095703125" lon="120.26411625556647777557373046875">
        <ele>6.80000019073486328125</ele>
        <time>2026-01-13T13:51:45.000Z</time>
        <extensions>
          <ns3:TrackPointExtension>
            <ns3:hr>139</ns3:hr>
            <ns3:cad>90</ns3:cad>
          </ns3:TrackPointExtension>
        </extensions>
      </trkpt>
      <trkpt lat="30.44753828085958957672119140625" lon="120.26414148509502410888671875">
        <ele>6.80000019073486328125</ele>
        <time>2026-01-13T13:51:46.000Z</time>
        <extensions>
          <ns3:TrackPointExtension>
            <ns3:hr>140</ns3:hr>
            <ns3:cad>92</ns3:cad>
          </ns3:TrackPointExtension>
        </extensions>
      </trkpt>
      <trkpt lat="30.44754951260983943939208984375" lon="120.26416788809001445770263671875">
        <ele>6.599999904632568359375</ele>
        <time>2026-01-13T13:51:47.000Z</time>
        <extensions>
          <ns3:TrackPointExtension>
            <ns3:hr>141</ns3:hr>
            <ns3:cad>92</ns3:cad>
          </ns3:TrackPointExtension>
        </extensions>
      </trkpt>
      <trkpt lat="30.447559654712677001953125" lon="120.26419068686664104461669921875">
        <ele>6.599999904632568359375</ele>
        <time>2026-01-13T13:51:48.000Z</time>
        <extensions>
          <ns3:TrackPointExtension>
            <ns3:hr>140</ns3:hr>
            <ns3:cad>92</ns3:cad>
          </ns3:TrackPointExtension>
        </extensions>
      </trkpt>
      <trkpt lat="30.4475682042539119720458984375" lon="120.26421449147164821624755859375">
        <ele>6.599999904632568359375</ele>
        <time>2026-01-13T13:51:49.000Z</time>
        <extensions>
          <ns3:TrackPointExtension>
            <ns3:hr>140</ns3:hr>
            <ns3:cad>91</ns3:cad>
          </ns3:TrackPointExtension>
        </extensions>
      </trkpt>
      <trkpt lat="30.4475755803287029266357421875" lon="120.26423628441989421844482421875">
        <ele>6.400000095367431640625</ele>
        <time>2026-01-13T13:51:50.000Z</time>
        <extensions>
          <ns3:TrackPointExtension>
            <ns3:hr>142</ns3:hr>
            <ns3:cad>91</ns3:cad>
          </ns3:TrackPointExtension>
        </extensions>
      </trkpt>
      <trkpt lat="30.44758521951735019683837890625" lon="120.26426176540553569793701171875">
        <ele>6.400000095367431640625</ele>
        <time>2026-01-13T13:51:51.000Z</time>
        <extensions>
          <ns3:TrackPointExtension>
            <ns3:hr>142</ns3:hr>
            <ns3:cad>91</ns3:cad>
          </ns3:TrackPointExtension>
        </extensions>
      </trkpt>
      <trkpt lat="30.44759477488696575164794921875" lon="120.264283977448940277099609375">
        <ele>6.19999980926513671875</ele>
        <time>2026-01-13T13:51:52.000Z</time>
        <extensions>
          <ns3:TrackPointExtension>
            <ns3:hr>140</ns3:hr>
            <ns3:cad>90</ns3:cad>
          </ns3:TrackPointExtension>
        </extensions>
      </trkpt>
      <trkpt lat="30.44760458171367645263671875" lon="120.2643072791397571563720703125">
        <ele>6.19999980926513671875</ele>
        <time>2026-01-13T13:51:53.000Z</time>
        <extensions>
          <ns3:TrackPointExtension>
            <ns3:hr>141</ns3:hr>
            <ns3:cad>90</ns3:cad>
          </ns3:TrackPointExtension>
        </extensions>
      </trkpt>
      <trkpt lat="30.44761262834072113037109375" lon="120.2643284015357494354248046875">
        <ele>6.19999980926513671875</ele>
        <time>2026-01-13T13:51:54.000Z</time>
        <extensions>
          <ns3:TrackPointExtension>
            <ns3:hr>140</ns3:hr>
            <ns3:cad>90</ns3:cad>
          </ns3:TrackPointExtension>
        </extensions>
      </trkpt>
      <trkpt lat="30.4476215131580829620361328125" lon="120.264348350465297698974609375">
        <ele>6</ele>
        <time>2026-01-13T13:51:55.000Z</time>
        <extensions>
          <ns3:TrackPointExtension>
            <ns3:hr>140</ns3:hr>
            <ns3:cad>90</ns3:cad>
          </ns3:TrackPointExtension>
        </extensions>
      </trkpt>
      <trkpt lat="30.44762964360415935516357421875" lon="120.26436704210937023162841796875">
        <ele>6</ele>
        <time>2026-01-13T13:51:56.000Z</time>
        <extensions>
          <ns3:TrackPointExtension>
            <ns3:hr>140</ns3:hr>
            <ns3:cad>90</ns3:cad>
          </ns3:TrackPointExtension>
        </extensions>
      </trkpt>
      <trkpt lat="30.44763383455574512481689453125" lon="120.264383219182491302490234375">
        <ele>6</ele>
        <time>2026-01-13T13:51:57.000Z</time>
        <extensions>
          <ns3:TrackPointExtension>
            <ns3:hr>141</ns3:hr>
            <ns3:cad>89</ns3:cad>
          </ns3:TrackPointExtension>
        </extensions>
      </trkpt>
      <trkpt lat="30.4476402886211872100830078125" lon="120.26439688168466091156005859375">
        <ele>5.80000019073486328125</ele>
        <time>2026-01-13T13:51:58.000Z</time>
        <extensions>
          <ns3:TrackPointExtension>
            <ns3:hr>141</ns3:hr>
            <ns3:cad>88</ns3:cad>
          </ns3:TrackPointExtension>
        </extensions>
      </trkpt>
      <trkpt lat="30.44764774851500988006591796875" lon="120.26441046036779880523681640625">
        <ele>5.80000019073486328125</ele>
        <time>2026-01-13T13:51:59.000Z</time>
        <extensions>
          <ns3:TrackPointExtension>
            <ns3:hr>141</ns3:hr>
            <ns3:cad>44</ns3:cad>
          </ns3:TrackPointExtension>
        </extensions>
      </trkpt>
      <trkpt lat="30.44765462167561054229736328125" lon="120.26442387141287326812744140625">
        <ele>5.80000019073486328125</ele>
        <time>2026-01-13T13:52:00.000Z</time>
        <extensions>
          <ns3:TrackPointExtension>
            <ns3:hr>141</ns3:hr>
            <ns3:cad>43</ns3:cad>
          </ns3:TrackPointExtension>
        </extensions>
      </trkpt>
      <trkpt lat="30.44766032136976718902587890625" lon="120.2644377015531063079833984375">
        <ele>5.80000019073486328125</ele>
        <time>2026-01-13T13:52:01.000Z</time>
        <extensions>
          <ns3:TrackPointExtension>
            <ns3:hr>140</ns3:hr>
            <ns3:cad>43</ns3:cad>
          </ns3:TrackPointExtension>
        </extensions>
      </trkpt>
      <trkpt lat="30.4476667754352092742919921875" lon="120.26445404626429080963134765625">
        <ele>5.599999904632568359375</ele>
        <time>2026-01-13T13:52:02.000Z</time>
        <extensions>
          <ns3:TrackPointExtension>
            <ns3:hr>141</ns3:hr>
            <ns3:cad>43</ns3:cad>
          </ns3:TrackPointExtension>
        </extensions>
      </trkpt>
      <trkpt lat="30.447673983871936798095703125" lon="120.2644685469567775726318359375">
        <ele>5.599999904632568359375</ele>
        <time>2026-01-13T13:52:03.000Z</time>
        <extensions>
          <ns3:TrackPointExtension>
            <ns3:hr>140</ns3:hr>
            <ns3:cad>65</ns3:cad>
          </ns3:TrackPointExtension>
        </extensions>
      </trkpt>
      <trkpt lat="30.44768094085156917572021484375" lon="120.26448505930602550506591796875">
        <ele>5.599999904632568359375</ele>
        <time>2026-01-13T13:52:04.000Z</time>
        <extensions>
          <ns3:TrackPointExtension>
            <ns3:hr>138</ns3:hr>
            <ns3:cad>65</ns3:cad>
          </ns3:TrackPointExtension>
        </extensions>
      </trkpt>
      <trkpt lat="30.4476892389357089996337890625" lon="120.264507271349430084228515625">
        <ele>5.400000095367431640625</ele>
        <time>2026-01-13T13:52:05.000Z</time>
        <extensions>
          <ns3:TrackPointExtension>
            <ns3:hr>141</ns3:hr>
            <ns3:cad>65</ns3:cad>
          </ns3:TrackPointExtension>
        </extensions>
      </trkpt>
      <trkpt lat="30.44769619591534137725830078125" lon="120.26452713645994663238525390625">
        <ele>5.400000095367431640625</ele>
        <time>2026-01-13T13:52:06.000Z</time>
        <extensions>
          <ns3:TrackPointExtension>
            <ns3:hr>140</ns3:hr>
            <ns3:cad>0</ns3:cad>
          </ns3:TrackPointExtension>
        </extensions>
      </trkpt>
      <trkpt lat="30.44770575128495693206787109375" lon="120.26454783976078033447265625">
        <ele>5.400000095367431640625</ele>
        <time>2026-01-13T13:52:07.000Z</time>
        <extensions>
          <ns3:TrackPointExtension>
            <ns3:hr>139</ns3:hr>
            <ns3:cad>0</ns3:cad>
          </ns3:TrackPointExtension>
        </extensions>
      </trkpt>
      <trkpt lat="30.44771379791200160980224609375" lon="120.26456787250936031341552734375">
        <ele>5.19999980926513671875</ele>
        <time>2026-01-13T13:52:08.000Z</time>
        <extensions>
          <ns3:TrackPointExtension>
            <ns3:hr>139</ns3:hr>
            <ns3:cad>90</ns3:cad>
          </ns3:TrackPointExtension>
        </extensions>
      </trkpt>
      <trkpt lat="30.44772167690098285675048828125" lon="120.26458949781954288482666015625">
        <ele>5.19999980926513671875</ele>
        <time>2026-01-13T13:52:09.000Z</time>
        <extensions>
          <ns3:TrackPointExtension>
            <ns3:hr>138</ns3:hr>
            <ns3:cad>90</ns3:cad>
          </ns3:TrackPointExtension>
        </extensions>
      </trkpt>
      <trkpt lat="30.44772989116609096527099609375" lon="120.26460961438715457916259765625">
        <ele>5.19999980926513671875</ele>
        <time>2026-01-13T13:52:10.000Z</time>
        <extensions>
          <ns3:TrackPointExtension>
            <ns3:hr>138</ns3:hr>
            <ns3:cad>89</ns3:cad>
          </ns3:TrackPointExtension>
        </extensions>
      </trkpt>
      <trkpt lat="30.44774045236408710479736328125" lon="120.2646316587924957275390625">
        <ele>5</ele>
        <time>2026-01-13T13:52:11.000Z</time>
        <extensions>
          <ns3:TrackPointExtension>
            <ns3:hr>138</ns3:hr>
            <ns3:cad>89</ns3:cad>
          </ns3:TrackPointExtension>
        </extensions>
      </trkpt>
      <trkpt lat="30.447749756276607513427734375" lon="120.26465420611202716827392578125">
        <ele>5</ele>
        <time>2026-01-13T13:52:12.000Z</time>
        <extensions>
          <ns3:TrackPointExtension>
            <ns3:hr>138</ns3:hr>
            <ns3:cad>89</ns3:cad>
          </ns3:TrackPointExtension>
        </extensions>
      </trkpt>
      <trkpt lat="30.44775872491300106048583984375" lon="120.264678932726383209228515625">
        <ele>5</ele>
        <time>2026-01-13T13:52:13.000Z</time>
        <extensions>
          <ns3:TrackPointExtension>
            <ns3:hr>139</ns3:hr>
            <ns3:cad>89</ns3:cad>
          </ns3:TrackPointExtension>
        </extensions>
      </trkpt>
      <trkpt lat="30.44776610098779201507568359375" lon="120.26470064185559749603271484375">
        <ele>5.19999980926513671875</ele>
        <time>2026-01-13T13:52:14.000Z</time>
        <extensions>
          <ns3:TrackPointExtension>
            <ns3:hr>138</ns3:hr>
            <ns3:cad>89</ns3:cad>
          </ns3:TrackPointExtension>
        </extensions>
      </trkpt>
      <trkpt lat="30.44777230359613895416259765625" lon="120.26472075842320919036865234375">
        <ele>5.19999980926513671875</ele>
        <time>2026-01-13T13:52:15.000Z</time>
        <extensions>
          <ns3:TrackPointExtension>
            <ns3:hr>137</ns3:hr>
            <ns3:cad>89</ns3:cad>
          </ns3:TrackPointExtension>
        </extensions>
      </trkpt>
      <trkpt lat="30.447777919471263885498046875" lon="120.26473785750567913055419921875">
        <ele>5.19999980926513671875</ele>
        <time>2026-01-13T13:52:16.000Z</time>
        <extensions>
          <ns3:TrackPointExtension>
            <ns3:hr>137</ns3:hr>
            <ns3:cad>89</ns3:cad>
          </ns3:TrackPointExtension>
        </extensions>
      </trkpt>
      <trkpt lat="30.447785966098308563232421875" lon="120.26475411839783191680908203125">
        <ele>5.19999980926513671875</ele>
        <time>2026-01-13T13:52:17.000Z</time>
        <extensions>
          <ns3:TrackPointExtension>
            <ns3:hr>138</ns3:hr>
            <ns3:cad>89</ns3:cad>
          </ns3:TrackPointExtension>
        </extensions>
      </trkpt>
      <trkpt lat="30.44779325835406780242919921875" lon="120.26477104984223842620849609375">
        <ele>5.19999980926513671875</ele>
        <time>2026-01-13T13:52:18.000Z</time>
        <extensions>
          <ns3:TrackPointExtension>
            <ns3:hr>137</ns3:hr>
            <ns3:cad>89</ns3:cad>
          </ns3:TrackPointExtension>
        </extensions>
      </trkpt>
      <trkpt lat="30.44780214317142963409423828125" lon="120.264788903295993804931640625">
        <ele>5.400000095367431640625</ele>
        <time>2026-01-13T13:52:19.000Z</time>
        <extensions>
          <ns3:TrackPointExtension>
            <ns3:hr>137</ns3:hr>
            <ns3:cad>89</ns3:cad>
          </ns3:TrackPointExtension>
        </extensions>
      </trkpt>
      <trkpt lat="30.44780977070331573486328125" lon="120.26480575092136859893798828125">
        <ele>5.400000095367431640625</ele>
        <time>2026-01-13T13:52:20.000Z</time>
        <extensions>
          <ns3:TrackPointExtension>
            <ns3:hr>137</ns3:hr>
            <ns3:cad>89</ns3:cad>
          </ns3:TrackPointExtension>
        </extensions>
      </trkpt>
      <trkpt lat="30.44781555421650409698486328125" lon="120.26482251472771167755126953125">
        <ele>5.400000095367431640625</ele>
        <time>2026-01-13T13:52:21.000Z</time>
        <extensions>
          <ns3:TrackPointExtension>
            <ns3:hr>138</ns3:hr>
            <ns3:cad>69</ns3:cad>
          </ns3:TrackPointExtension>
        </extensions>
      </trkpt>
      <trkpt lat="30.447820164263248443603515625" lon="120.26483751833438873291015625">
        <ele>5.400000095367431640625</ele>
        <time>2026-01-13T13:52:22.000Z</time>
        <extensions>
          <ns3:TrackPointExtension>
            <ns3:hr>138</ns3:hr>
            <ns3:cad>67</ns3:cad>
          </ns3:TrackPointExtension>
        </extensions>
      </trkpt>
      <trkpt lat="30.447827875614166259765625" lon="120.26484849862754344940185546875">
        <ele>5.400000095367431640625</ele>
        <time>2026-01-13T13:52:23.000Z</time>
        <extensions>
          <ns3:TrackPointExtension>
            <ns3:hr>137</ns3:hr>
            <ns3:cad>66</ns3:cad>
          </ns3:TrackPointExtension>
        </extensions>
      </trkpt>
      <trkpt lat="30.44783600606024265289306640625" lon="120.2648588083684444427490234375">
        <ele>5.400000095367431640625</ele>
        <time>2026-01-13T13:52:24.000Z</time>
        <extensions>
          <ns3:TrackPointExtension>
            <ns3:hr>137</ns3:hr>
            <ns3:cad>65</ns3:cad>
          </ns3:TrackPointExtension>
        </extensions>
      </trkpt>
      <trkpt lat="30.4478434659540653228759765625" lon="120.2648712135851383209228515625">
        <ele>5.400000095367431640625</ele>
        <time>2026-01-13T13:52:25.000Z</time>
        <extensions>
          <ns3:TrackPointExtension>
            <ns3:hr>136</ns3:hr>
            <ns3:cad>65</ns3:cad>
          </ns3:TrackPointExtension>
        </extensions>
      </trkpt>
      <trkpt lat="30.44785042293369770050048828125" lon="120.264888815581798553466796875">
        <ele>5.400000095367431640625</ele>
        <time>2026-01-13T13:52:26.000Z</time>
        <extensions>
          <ns3:TrackPointExtension>
            <ns3:hr>134</ns3:hr>
            <ns3:cad>64</ns3:cad>
          </ns3:TrackPointExtension>
        </extensions>
      </trkpt>
      <trkpt lat="30.4478568769991397857666015625" lon="120.2649087645113468170166015625">
        <ele>5.599999904632568359375</ele>
        <time>2026-01-13T13:52:27.000Z</time>
        <extensions>
          <ns3:TrackPointExtension>
            <ns3:hr>133</ns3:hr>
            <ns3:cad>64</ns3:cad>
          </ns3:TrackPointExtension>
        </extensions>
      </trkpt>
      <trkpt lat="30.44786316342651844024658203125" lon="120.264933407306671142578125">
        <ele>5.599999904632568359375</ele>
        <time>2026-01-13T13:52:28.000Z</time>
        <extensions>
          <ns3:TrackPointExtension>
            <ns3:hr>131</ns3:hr>
            <ns3:cad>64</ns3:cad>
          </ns3:TrackPointExtension>
        </extensions>
      </trkpt>
      <trkpt lat="30.4478667676448822021484375" lon="120.26495796628296375274658203125">
        <ele>5.599999904632568359375</ele>
        <time>2026-01-13T13:52:29.000Z</time>
        <extensions>
          <ns3:TrackPointExtension>
            <ns3:hr>131</ns3:hr>
            <ns3:cad>88</ns3:cad>
          </ns3:TrackPointExtension>
        </extensions>
      </trkpt>
      <trkpt lat="30.44787087477743625640869140625" lon="120.2649842016398906707763671875">
        <ele>5.599999904632568359375</ele>
        <time>2026-01-13T13:52:30.000Z</time>
        <extensions>
          <ns3:TrackPointExtension>
            <ns3:hr>132</ns3:hr>
            <ns3:cad>88</ns3:cad>
          </ns3:TrackPointExtension>
        </extensions>
      </trkpt>
      <trkpt lat="30.44787548482418060302734375" lon="120.26500876061618328094482421875">
        <ele>5.599999904632568359375</ele>
        <time>2026-01-13T13:52:31.000Z</time>
        <extensions>
          <ns3:TrackPointExtension>
            <ns3:hr>133</ns3:hr>
            <ns3:cad>89</ns3:cad>
          </ns3:TrackPointExtension>
        </extensions>
      </trkpt>
      <trkpt lat="30.4478826932609081268310546875" lon="120.2650348283350467681884765625">
        <ele>5.400000095367431640625</ele>
        <time>2026-01-13T13:52:32.000Z</time>
        <extensions>
          <ns3:TrackPointExtension>
            <ns3:hr>134</ns3:hr>
            <ns3:cad>89</ns3:cad>
          </ns3:TrackPointExtension>
        </extensions>
      </trkpt>
      <trkpt lat="30.4478907398879528045654296875" lon="120.2650608122348785400390625">
        <ele>5.400000095367431640625</ele>
        <time>2026-01-13T13:52:33.000Z</time>
        <extensions>
          <ns3:TrackPointExtension>
            <ns3:hr>135</ns3:hr>
            <ns3:cad>89</ns3:cad>
          </ns3:TrackPointExtension>
        </extensions>
      </trkpt>
      <trkpt lat="30.4478991217911243438720703125" lon="120.26508671231567859649658203125">
        <ele>5.400000095367431640625</ele>
        <time>2026-01-13T13:52:34.000Z</time>
        <extensions>
          <ns3:TrackPointExtension>
            <ns3:hr>135</ns3:hr>
            <ns3:cad>89</ns3:cad>
          </ns3:TrackPointExtension>
        </extensions>
      </trkpt>
      <trkpt lat="30.44790741987526416778564453125" lon="120.265112780034542083740234375">
        <ele>5.19999980926513671875</ele>
        <time>2026-01-13T13:52:35.000Z</time>
        <extensions>
          <ns3:TrackPointExtension>
            <ns3:hr>136</ns3:hr>
            <ns3:cad>89</ns3:cad>
          </ns3:TrackPointExtension>
        </extensions>
      </trkpt>
      <trkpt lat="30.447914041578769683837890625" lon="120.26513851247727870941162109375">
        <ele>5.19999980926513671875</ele>
        <time>2026-01-13T13:52:36.000Z</time>
        <extensions>
          <ns3:TrackPointExtension>
            <ns3:hr>138</ns3:hr>
            <ns3:cad>89</ns3:cad>
          </ns3:TrackPointExtension>
        </extensions>
      </trkpt>
      <trkpt lat="30.4479230940341949462890625" lon="120.265169441699981689453125">
        <ele>5</ele>
        <time>2026-01-13T13:52:37.000Z</time>
        <extensions>
          <ns3:TrackPointExtension>
            <ns3:hr>137</ns3:hr>
            <ns3:cad>89</ns3:cad>
          </ns3:TrackPointExtension>
        </extensions>
      </trkpt>
      <trkpt lat="30.44793373905122280120849609375" lon="120.265197940170764923095703125">
        <ele>5</ele>
        <time>2026-01-13T13:52:38.000Z</time>
        <extensions>
          <ns3:TrackPointExtension>
            <ns3:hr>137</ns3:hr>
            <ns3:cad>89</ns3:cad>
          </ns3:TrackPointExtension>
        </extensions>
      </trkpt>
      <trkpt lat="30.44794379733502864837646484375" lon="120.26522182859480381011962890625">
        <ele>5</ele>
        <time>2026-01-13T13:52:39.000Z</time>
        <extensions>
          <ns3:TrackPointExtension>
            <ns3:hr>138</ns3:hr>
            <ns3:cad>89</ns3:cad>
          </ns3:TrackPointExtension>
        </extensions>
      </trkpt>
      <trkpt lat="30.4479544423520565032958984375" lon="120.26524831540882587432861328125">
        <ele>5</ele>
        <time>2026-01-13T13:52:40.000Z</time>
        <extensions>
          <ns3:TrackPointExtension>
            <ns3:hr>138</ns3:hr>
            <ns3:cad>89</ns3:cad>
          </ns3:TrackPointExtension>
        </extensions>
      </trkpt>
      <trkpt lat="30.44796408154070377349853515625" lon="120.2652748860418796539306640625">
        <ele>5</ele>
        <time>2026-01-13T13:52:41.000Z</time>
        <extensions>
          <ns3:TrackPointExtension>
            <ns3:hr>138</ns3:hr>
            <ns3:cad>89</ns3:cad>
          </ns3:TrackPointExtension>
        </extensions>
      </trkpt>
      <trkpt lat="30.44797363691031932830810546875" lon="120.26530179195106029510498046875">
        <ele>5</ele>
        <time>2026-01-13T13:52:42.000Z</time>
        <extensions>
          <ns3:TrackPointExtension>
            <ns3:hr>139</ns3:hr>
            <ns3:cad>90</ns3:cad>
          </ns3:TrackPointExtension>
        </extensions>
      </trkpt>
      <trkpt lat="30.44798201881349086761474609375" lon="120.2653305418789386749267578125">
        <ele>5</ele>
        <time>2026-01-13T13:52:43.000Z</time>
        <extensions>
          <ns3:TrackPointExtension>
            <ns3:hr>138</ns3:hr>
            <ns3:cad>90</ns3:cad>
          </ns3:TrackPointExtension>
        </extensions>
      </trkpt>
      <trkpt lat="30.44799149036407470703125" lon="120.26536398567259311676025390625">
        <ele>5</ele>
        <time>2026-01-13T13:52:44.000Z</time>
        <extensions>
          <ns3:TrackPointExtension>
            <ns3:hr>140</ns3:hr>
            <ns3:cad>90</ns3:cad>
          </ns3:TrackPointExtension>
        </extensions>
      </trkpt>
      <trkpt lat="30.44799827970564365386962890625" lon="120.26539382524788379669189453125">
        <ele>5</ele>
        <time>2026-01-13T13:52:45.000Z</time>
        <extensions>
          <ns3:TrackPointExtension>
            <ns3:hr>139</ns3:hr>
            <ns3:cad>90</ns3:cad>
          </ns3:TrackPointExtension>
        </extensions>
      </trkpt>
      <trkpt lat="30.44800548814237117767333984375" lon="120.26542249135673046112060546875">
        <ele>5</ele>
        <time>2026-01-13T13:52:46.000Z</time>
        <extensions>
          <ns3:TrackPointExtension>
            <ns3:hr>138</ns3:hr>
            <ns3:cad>91</ns3:cad>
          </ns3:TrackPointExtension>
        </extensions>
      </trkpt>
      <trkpt lat="30.4480157978832721710205078125" lon="120.26545065455138683319091796875">
        <ele>5</ele>
        <time>2026-01-13T13:52:47.000Z</time>
        <extensions>
          <ns3:TrackPointExtension>
            <ns3:hr>139</ns3:hr>
            <ns3:cad>91</ns3:cad>
          </ns3:TrackPointExtension>
        </extensions>
      </trkpt>
      <trkpt lat="30.44802593998610973358154296875" lon="120.26547982357442378997802734375">
        <ele>5</ele>
        <time>2026-01-13T13:52:48.000Z</time>
        <extensions>
          <ns3:TrackPointExtension>
            <ns3:hr>140</ns3:hr>
            <ns3:cad>93</ns3:cad>
          </ns3:TrackPointExtension>
        </extensions>
      </trkpt>
      <trkpt lat="30.448034070432186126708984375" lon="120.26550614275038242340087890625">
        <ele>5</ele>
        <time>2026-01-13T13:52:49.000Z</time>
        <extensions>
          <ns3:TrackPointExtension>
            <ns3:hr>140</ns3:hr>
            <ns3:cad>93</ns3:cad>
          </ns3:TrackPointExtension>
        </extensions>
      </trkpt>
      <trkpt lat="30.4480419494211673736572265625" lon="120.26553313247859477996826171875">
        <ele>5</ele>
        <time>2026-01-13T13:52:50.000Z</time>
        <extensions>
          <ns3:TrackPointExtension>
            <ns3:hr>139</ns3:hr>
            <ns3:cad>93</ns3:cad>
          </ns3:TrackPointExtension>
        </extensions>
      </trkpt>
      <trkpt lat="30.44804790057241916656494140625" lon="120.2655615471303462982177734375">
        <ele>5</ele>
        <time>2026-01-13T13:52:51.000Z</time>
        <extensions>
          <ns3:TrackPointExtension>
            <ns3:hr>140</ns3:hr>
            <ns3:cad>93</ns3:cad>
          </ns3:TrackPointExtension>
        </extensions>
      </trkpt>
      <trkpt lat="30.4480540193617343902587890625" lon="120.26558945886790752410888671875">
        <ele>5.19999980926513671875</ele>
        <time>2026-01-13T13:52:52.000Z</time>
        <extensions>
          <ns3:TrackPointExtension>
            <ns3:hr>140</ns3:hr>
            <ns3:cad>93</ns3:cad>
          </ns3:TrackPointExtension>
        </extensions>
      </trkpt>
      <trkpt lat="30.44806055724620819091796875" lon="120.26561879552900791168212890625">
        <ele>5.19999980926513671875</ele>
        <time>2026-01-13T13:52:53.000Z</time>
        <extensions>
          <ns3:TrackPointExtension>
            <ns3:hr>140</ns3:hr>
            <ns3:cad>93</ns3:cad>
          </ns3:TrackPointExtension>
        </extensions>
      </trkpt>
      <trkpt lat="30.44806717894971370697021484375" lon="120.26564712636172771453857421875">
        <ele>5.19999980926513671875</ele>
        <time>2026-01-13T13:52:54.000Z</time>
        <extensions>
          <ns3:TrackPointExtension>
            <ns3:hr>141</ns3:hr>
            <ns3:cad>94</ns3:cad>
          </ns3:TrackPointExtension>
        </extensions>
      </trkpt>
      <trkpt lat="30.44807204045355319976806640625" lon="120.26567931286990642547607421875">
        <ele>5.400000095367431640625</ele>
        <time>2026-01-13T13:52:55.000Z</time>
        <extensions>
          <ns3:TrackPointExtension>
            <ns3:hr>136</ns3:hr>
            <ns3:cad>94</ns3:cad>
          </ns3:TrackPointExtension>
        </extensions>
      </trkpt>
      <trkpt lat="30.44807757250964641571044921875" lon="120.26571082882583141326904296875">
        <ele>5.400000095367431640625</ele>
        <time>2026-01-13T13:52:56.000Z</time>
        <extensions>
          <ns3:TrackPointExtension>
            <ns3:hr>137</ns3:hr>
            <ns3:cad>92</ns3:cad>
          </ns3:TrackPointExtension>
        </extensions>
      </trkpt>
      <trkpt lat="30.4480835236608982086181640625" lon="120.26574016548693180084228515625">
        <ele>5.400000095367431640625</ele>
        <time>2026-01-13T13:52:57.000Z</time>
        <extensions>
          <ns3:TrackPointExtension>
            <ns3:hr>140</ns3:hr>
            <ns3:cad>92</ns3:cad>
          </ns3:TrackPointExtension>
        </extensions>
      </trkpt>
      <trkpt lat="30.448090396821498870849609375" lon="120.26576933450996875762939453125">
        <ele>5.400000095367431640625</ele>
        <time>2026-01-13T13:52:58.000Z</time>
        <extensions>
          <ns3:TrackPointExtension>
            <ns3:hr>138</ns3:hr>
            <ns3:cad>92</ns3:cad>
          </ns3:TrackPointExtension>
        </extensions>
      </trkpt>
      <trkpt lat="30.4480962641537189483642578125" lon="120.26579900644719600677490234375">
        <ele>5.19999980926513671875</ele>
        <time>2026-01-13T13:52:59.000Z</time>
        <extensions>
          <ns3:TrackPointExtension>
            <ns3:hr>139</ns3:hr>
            <ns3:cad>93</ns3:cad>
          </ns3:TrackPointExtension>
        </extensions>
      </trkpt>
      <trkpt lat="30.4481016285717487335205078125" lon="120.26582716964185237884521484375">
        <ele>5.19999980926513671875</ele>
        <time>2026-01-13T13:53:00.000Z</time>
        <extensions>
          <ns3:TrackPointExtension>
            <ns3:hr>140</ns3:hr>
            <ns3:cad>93</ns3:cad>
          </ns3:TrackPointExtension>
        </extensions>
      </trkpt>
      <trkpt lat="30.44810892082750797271728515625" lon="120.2658559195697307586669921875">
        <ele>5</ele>
        <time>2026-01-13T13:53:01.000Z</time>
        <extensions>
          <ns3:TrackPointExtension>
            <ns3:hr>139</ns3:hr>
            <ns3:cad>95</ns3:cad>
          </ns3:TrackPointExtension>
        </extensions>
      </trkpt>
      <trkpt lat="30.44811612926423549652099609375" lon="120.26588584296405315399169921875">
        <ele>4.80000019073486328125</ele>
        <time>2026-01-13T13:53:02.000Z</time>
        <extensions>
          <ns3:TrackPointExtension>
            <ns3:hr>139</ns3:hr>
            <ns3:cad>95</ns3:cad>
          </ns3:TrackPointExtension>
        </extensions>
      </trkpt>
      <trkpt lat="30.44812065549194812774658203125" lon="120.26591241359710693359375">
        <ele>4.599999904632568359375</ele>
        <time>2026-01-13T13:53:03.000Z</time>
        <extensions>
          <ns3:TrackPointExtension>
            <ns3:hr>139</ns3:hr>
            <ns3:cad>95</ns3:cad>
          </ns3:TrackPointExtension>
        </extensions>
      </trkpt>
      <trkpt lat="30.44812467880547046661376953125" lon="120.26594133116304874420166015625">
        <ele>4.599999904632568359375</ele>
        <time>2026-01-13T13:53:04.000Z</time>
        <extensions>
          <ns3:TrackPointExtension>
            <ns3:hr>140</ns3:hr>
            <ns3:cad>95</ns3:cad>
          </ns3:TrackPointExtension>
        </extensions>
      </trkpt>
      <trkpt lat="30.4481291212141513824462890625" lon="120.2659722603857517242431640625">
        <ele>4.400000095367431640625</ele>
        <time>2026-01-13T13:53:05.000Z</time>
        <extensions>
          <ns3:TrackPointExtension>
            <ns3:hr>140</ns3:hr>
            <ns3:cad>95</ns3:cad>
          </ns3:TrackPointExtension>
        </extensions>
      </trkpt>
      <trkpt lat="30.4481328092515468597412109375" lon="120.26600218378007411956787109375">
        <ele>4.19999980926513671875</ele>
        <time>2026-01-13T13:53:06.000Z</time>
        <extensions>
          <ns3:TrackPointExtension>
            <ns3:hr>140</ns3:hr>
            <ns3:cad>95</ns3:cad>
          </ns3:TrackPointExtension>
        </extensions>
      </trkpt>
      <trkpt lat="30.448138006031513214111328125" lon="120.26603110134601593017578125">
        <ele>4.19999980926513671875</ele>
        <time>2026-01-13T13:53:07.000Z</time>
        <extensions>
          <ns3:TrackPointExtension>
            <ns3:hr>140</ns3:hr>
            <ns3:cad>94</ns3:cad>
          </ns3:TrackPointExtension>
        </extensions>
      </trkpt>
      <trkpt lat="30.4481421969830989837646484375" lon="120.26605951599776744842529296875">
        <ele>4</ele>
        <time>2026-01-13T13:53:08.000Z</time>
        <extensions>
          <ns3:TrackPointExtension>
            <ns3:hr>141</ns3:hr>
            <ns3:cad>94</ns3:cad>
          </ns3:TrackPointExtension>
        </extensions>
      </trkpt>
      <trkpt lat="30.4481462202966213226318359375" lon="120.2660872600972652435302734375">
        <ele>3.7999999523162841796875</ele>
        <time>2026-01-13T13:53:09.000Z</time>
        <extensions>
          <ns3:TrackPointExtension>
            <ns3:hr>142</ns3:hr>
            <ns3:cad>95</ns3:cad>
          </ns3:TrackPointExtension>
        </extensions>
      </trkpt>
      <trkpt lat="30.44815166853368282318115234375" lon="120.2661160938441753387451171875">
        <ele>3.7999999523162841796875</ele>
        <time>2026-01-13T13:53:10.000Z</time>
        <extensions>
          <ns3:TrackPointExtension>
            <ns3:hr>140</ns3:hr>
            <ns3:cad>95</ns3:cad>
          </ns3:TrackPointExtension>
        </extensions>
      </trkpt>
      <trkpt lat="30.44815770350396633148193359375" lon="120.2661435864865779876708984375">
        <ele>3.599999904632568359375</ele>
        <time>2026-01-13T13:53:11.000Z</time>
        <extensions>
          <ns3:TrackPointExtension>
            <ns3:hr>142</ns3:hr>
            <ns3:cad>95</ns3:cad>
          </ns3:TrackPointExtension>
        </extensions>
      </trkpt>
      <trkpt lat="30.448164828121662139892578125" lon="120.26616948656737804412841796875">
        <ele>3.400000095367431640625</ele>
        <time>2026-01-13T13:53:12.000Z</time>
        <extensions>
          <ns3:TrackPointExtension>
            <ns3:hr>143</ns3:hr>
            <ns3:cad>95</ns3:cad>
          </ns3:TrackPointExtension>
        </extensions>
      </trkpt>
      <trkpt lat="30.44817228801548480987548828125" lon="120.2661953866481781005859375">
        <ele>3.2000000476837158203125</ele>
        <time>2026-01-13T13:53:13.000Z</time>
        <extensions>
          <ns3:TrackPointExtension>
            <ns3:hr>142</ns3:hr>
            <ns3:cad>95</ns3:cad>
          </ns3:TrackPointExtension>
        </extensions>
      </trkpt>
      <trkpt lat="30.44817782007157802581787109375" lon="120.266224555671215057373046875">
        <ele>3.2000000476837158203125</ele>
        <time>2026-01-13T13:53:14.000Z</time>
        <extensions>
          <ns3:TrackPointExtension>
            <ns3:hr>142</ns3:hr>
            <ns3:cad>94</ns3:cad>
          </ns3:TrackPointExtension>
        </extensions>
      </trkpt>
      <trkpt lat="30.448182933032512664794921875" lon="120.26625372469425201416015625">
        <ele>3</ele>
        <time>2026-01-13T13:53:15.000Z</time>
        <extensions>
          <ns3:TrackPointExtension>
            <ns3:hr>142</ns3:hr>
            <ns3:cad>94</ns3:cad>
          </ns3:TrackPointExtension>
        </extensions>
      </trkpt>
      <trkpt lat="30.44818636961281299591064453125" lon="120.26628549210727214813232421875">
        <ele>2.7999999523162841796875</ele>
        <time>2026-01-13T13:53:16.000Z</time>
        <extensions>
          <ns3:TrackPointExtension>
            <ns3:hr>143</ns3:hr>
            <ns3:cad>94</ns3:cad>
          </ns3:TrackPointExtension>
        </extensions>
      </trkpt>
      <trkpt lat="30.44819005765020847320556640625" lon="120.26631466113030910491943359375">
        <ele>2.7999999523162841796875</ele>
        <time>2026-01-13T13:53:17.000Z</time>
        <extensions>
          <ns3:TrackPointExtension>
            <ns3:hr>142</ns3:hr>
            <ns3:cad>96</ns3:cad>
          </ns3:TrackPointExtension>
        </extensions>
      </trkpt>
      <trkpt lat="30.44819491915404796600341796875" lon="120.266341902315616607666015625">
        <ele>2.7999999523162841796875</ele>
        <time>2026-01-13T13:53:18.000Z</time>
        <extensions>
          <ns3:TrackPointExtension>
            <ns3:hr>141</ns3:hr>
            <ns3:cad>96</ns3:cad>
          </ns3:TrackPointExtension>
        </extensions>
      </trkpt>
      <trkpt lat="30.44819860719144344329833984375" lon="120.2663682214915752410888671875">
        <ele>2.599999904632568359375</ele>
        <time>2026-01-13T13:53:19.000Z</time>
        <extensions>
          <ns3:TrackPointExtension>
            <ns3:hr>142</ns3:hr>
            <ns3:cad>96</ns3:cad>
          </ns3:TrackPointExtension>
        </extensions>
      </trkpt>
      <trkpt lat="30.4482035525143146514892578125" lon="120.26639462448656558990478515625">
        <ele>2.599999904632568359375</ele>
        <time>2026-01-13T13:53:20.000Z</time>
        <extensions>
          <ns3:TrackPointExtension>
            <ns3:hr>141</ns3:hr>
            <ns3:cad>94</ns3:cad>
          </ns3:TrackPointExtension>
        </extensions>
      </trkpt>
      <trkpt lat="30.4482069052755832672119140625" lon="120.26642027311027050018310546875">
        <ele>2.599999904632568359375</ele>
        <time>2026-01-13T13:53:21.000Z</time>
        <extensions>
          <ns3:TrackPointExtension>
            <ns3:hr>141</ns3:hr>
            <ns3:cad>93</ns3:cad>
          </ns3:TrackPointExtension>
        </extensions>
      </trkpt>
      <trkpt lat="30.44821118004620075225830078125" lon="120.2664443291723728179931640625">
        <ele>2.599999904632568359375</ele>
        <time>2026-01-13T13:53:22.000Z</time>
        <extensions>
          <ns3:TrackPointExtension>
            <ns3:hr>141</ns3:hr>
            <ns3:cad>92</ns3:cad>
          </ns3:TrackPointExtension>
        </extensions>
      </trkpt>
      <trkpt lat="30.4482152871787548065185546875" lon="120.26646117679774761199951171875">
        <ele>2.599999904632568359375</ele>
        <time>2026-01-13T13:53:23.000Z</time>
        <extensions>
          <ns3:TrackPointExtension>
            <ns3:hr>140</ns3:hr>
            <ns3:cad>90</ns3:cad>
          </ns3:TrackPointExtension>
        </extensions>
      </trkpt>
      <trkpt lat="30.44821939431130886077880859375" lon="120.26647391729056835174560546875">
        <ele>2.599999904632568359375</ele>
        <time>2026-01-13T13:53:24.000Z</time>
        <extensions>
          <ns3:TrackPointExtension>
            <ns3:hr>142</ns3:hr>
            <ns3:cad>90</ns3:cad>
          </ns3:TrackPointExtension>
        </extensions>
      </trkpt>
      <trkpt lat="30.4482236690819263458251953125" lon="120.26648732833564281463623046875">
        <ele>2.599999904632568359375</ele>
        <time>2026-01-13T13:53:25.000Z</time>
        <extensions>
          <ns3:TrackPointExtension>
            <ns3:hr>141</ns3:hr>
            <ns3:cad>90</ns3:cad>
          </ns3:TrackPointExtension>
        </extensions>
      </trkpt>
      <trkpt lat="30.44822593219578266143798828125" lon="120.26650140993297100067138671875">
        <ele>2.400000095367431640625</ele>
        <time>2026-01-13T13:53:26.000Z</time>
        <extensions>
          <ns3:TrackPointExtension>
            <ns3:hr>141</ns3:hr>
            <ns3:cad>90</ns3:cad>
          </ns3:TrackPointExtension>
        </extensions>
      </trkpt>
      <trkpt lat="30.4482273571193218231201171875" lon="120.266517587006092071533203125">
        <ele>2.400000095367431640625</ele>
        <time>2026-01-13T13:53:27.000Z</time>
        <extensions>
          <ns3:TrackPointExtension>
            <ns3:hr>140</ns3:hr>
            <ns3:cad>90</ns3:cad>
          </ns3:TrackPointExtension>
        </extensions>
      </trkpt>
      <trkpt lat="30.44823012314736843109130859375" lon="120.2665378712117671966552734375">
        <ele>2.599999904632568359375</ele>
        <time>2026-01-13T13:53:28.000Z</time>
        <extensions>
          <ns3:TrackPointExtension>
            <ns3:hr>141</ns3:hr>
            <ns3:cad>88</ns3:cad>
          </ns3:TrackPointExtension>
        </extensions>
      </trkpt>
      <trkpt lat="30.4482337273657321929931640625" lon="120.2665626816451549530029296875">
        <ele>2.599999904632568359375</ele>
        <time>2026-01-13T13:53:29.000Z</time>
        <extensions>
          <ns3:TrackPointExtension>
            <ns3:hr>139</ns3:hr>
            <ns3:cad>88</ns3:cad>
          </ns3:TrackPointExtension>
        </extensions>
      </trkpt>
      <trkpt lat="30.44823900796473026275634765625" lon="120.2665884979069232940673828125">
        <ele>2.599999904632568359375</ele>
        <time>2026-01-13T13:53:30.000Z</time>
        <extensions>
          <ns3:TrackPointExtension>
            <ns3:hr>140</ns3:hr>
            <ns3:cad>91</ns3:cad>
          </ns3:TrackPointExtension>
        </extensions>
      </trkpt>
      <trkpt lat="30.4482434503734111785888671875" lon="120.26661624200642108917236328125">
        <ele>2.7999999523162841796875</ele>
        <time>2026-01-13T13:53:31.000Z</time>
        <extensions>
          <ns3:TrackPointExtension>
            <ns3:hr>138</ns3:hr>
            <ns3:cad>91</ns3:cad>
          </ns3:TrackPointExtension>
        </extensions>
      </trkpt>
      <trkpt lat="30.4482478089630603790283203125" lon="120.2666441537439823150634765625">
        <ele>3.2000000476837158203125</ele>
        <time>2026-01-13T13:53:32.000Z</time>
        <extensions>
          <ns3:TrackPointExtension>
            <ns3:hr>139</ns3:hr>
            <ns3:cad>91</ns3:cad>
          </ns3:TrackPointExtension>
        </extensions>
      </trkpt>
      <trkpt lat="30.44825342483818531036376953125" lon="120.2666686289012432098388671875">
        <ele>3.400000095367431640625</ele>
        <time>2026-01-13T13:53:33.000Z</time>
        <extensions>
          <ns3:TrackPointExtension>
            <ns3:hr>139</ns3:hr>
            <ns3:cad>91</ns3:cad>
          </ns3:TrackPointExtension>
        </extensions>
      </trkpt>
      <trkpt lat="30.4482605494558811187744140625" lon="120.26669226586818695068359375">
        <ele>3.599999904632568359375</ele>
        <time>2026-01-13T13:53:34.000Z</time>
        <extensions>
          <ns3:TrackPointExtension>
            <ns3:hr>138</ns3:hr>
            <ns3:cad>92</ns3:cad>
          </ns3:TrackPointExtension>
        </extensions>
      </trkpt>
      <trkpt lat="30.44826616533100605010986328125" lon="120.26671900413930416107177734375">
        <ele>3.7999999523162841796875</ele>
        <time>2026-01-13T13:53:35.000Z</time>
        <extensions>
          <ns3:TrackPointExtension>
            <ns3:hr>138</ns3:hr>
            <ns3:cad>93</ns3:cad>
          </ns3:TrackPointExtension>
        </extensions>
      </trkpt>
      <trkpt lat="30.44827152974903583526611328125" lon="120.26674414984881877899169921875">
        <ele>4</ele>
        <time>2026-01-13T13:53:36.000Z</time>
        <extensions>
          <ns3:TrackPointExtension>
            <ns3:hr>138</ns3:hr>
            <ns3:cad>93</ns3:cad>
          </ns3:TrackPointExtension>
        </extensions>
      </trkpt>
      <trkpt lat="30.44827572070062160491943359375" lon="120.26676996611058712005615234375">
        <ele>4.19999980926513671875</ele>
        <time>2026-01-13T13:53:37.000Z</time>
        <extensions>
          <ns3:TrackPointExtension>
            <ns3:hr>139</ns3:hr>
            <ns3:cad>93</ns3:cad>
          </ns3:TrackPointExtension>
        </extensions>
      </trkpt>
      <trkpt lat="30.44827890582382678985595703125" lon="120.26679553091526031494140625">
        <ele>4.400000095367431640625</ele>
        <time>2026-01-13T13:53:38.000Z</time>
        <extensions>
          <ns3:TrackPointExtension>
            <ns3:hr>139</ns3:hr>
            <ns3:cad>93</ns3:cad>
          </ns3:TrackPointExtension>
        </extensions>
      </trkpt>
      <trkpt lat="30.4482816718518733978271484375" lon="120.26682277210056781768798828125">
        <ele>4.599999904632568359375</ele>
        <time>2026-01-13T13:53:39.000Z</time>
        <extensions>
          <ns3:TrackPointExtension>
            <ns3:hr>139</ns3:hr>
            <ns3:cad>93</ns3:cad>
          </ns3:TrackPointExtension>
        </extensions>
      </trkpt>
      <trkpt lat="30.44828510843217372894287109375" lon="120.2668476663529872894287109375">
        <ele>5</ele>
        <time>2026-01-13T13:53:40.000Z</time>
        <extensions>
          <ns3:TrackPointExtension>
            <ns3:hr>139</ns3:hr>
            <ns3:cad>93</ns3:cad>
          </ns3:TrackPointExtension>
        </extensions>
      </trkpt>
      <trkpt lat="30.44829131104052066802978515625" lon="120.26687599718570709228515625">
        <ele>5</ele>
        <time>2026-01-13T13:53:41.000Z</time>
        <extensions>
          <ns3:TrackPointExtension>
            <ns3:hr>140</ns3:hr>
            <ns3:cad>93</ns3:cad>
          </ns3:TrackPointExtension>
        </extensions>
      </trkpt>
      <trkpt lat="30.44829659163951873779296875" lon="120.26690240018069744110107421875">
        <ele>5</ele>
        <time>2026-01-13T13:53:42.000Z</time>
        <extensions>
          <ns3:TrackPointExtension>
            <ns3:hr>140</ns3:hr>
            <ns3:cad>92</ns3:cad>
          </ns3:TrackPointExtension>
        </extensions>
      </trkpt>
      <trkpt lat="30.44830187223851680755615234375" lon="120.26692771352827548980712890625">
        <ele>5.19999980926513671875</ele>
        <time>2026-01-13T13:53:43.000Z</time>
        <extensions>
          <ns3:TrackPointExtension>
            <ns3:hr>141</ns3:hr>
            <ns3:cad>92</ns3:cad>
          </ns3:TrackPointExtension>
        </extensions>
      </trkpt>
      <trkpt lat="30.44830841012299060821533203125" lon="120.26695218868553638458251953125">
        <ele>5.19999980926513671875</ele>
        <time>2026-01-13T13:53:44.000Z</time>
        <extensions>
          <ns3:TrackPointExtension>
            <ns3:hr>142</ns3:hr>
            <ns3:cad>92</ns3:cad>
          </ns3:TrackPointExtension>
        </extensions>
      </trkpt>
      <trkpt lat="30.44831377454102039337158203125" lon="120.266978256404399871826171875">
        <ele>5.19999980926513671875</ele>
        <time>2026-01-13T13:53:45.000Z</time>
        <extensions>
          <ns3:TrackPointExtension>
            <ns3:hr>141</ns3:hr>
            <ns3:cad>92</ns3:cad>
          </ns3:TrackPointExtension>
        </extensions>
      </trkpt>
      <trkpt lat="30.44832048006355762481689453125" lon="120.26700566522777080535888671875">
        <ele>5.19999980926513671875</ele>
        <time>2026-01-13T13:53:46.000Z</time>
        <extensions>
          <ns3:TrackPointExtension>
            <ns3:hr>142</ns3:hr>
            <ns3:cad>93</ns3:cad>
          </ns3:TrackPointExtension>
        </extensions>
      </trkpt>
      <trkpt lat="30.4483254253864288330078125" lon="120.26702896691858768463134765625">
        <ele>5.19999980926513671875</ele>
        <time>2026-01-13T13:53:47.000Z</time>
        <extensions>
          <ns3:TrackPointExtension>
            <ns3:hr>141</ns3:hr>
            <ns3:cad>93</ns3:cad>
          </ns3:TrackPointExtension>
        </extensions>
      </trkpt>
      <trkpt lat="30.44832877814769744873046875" lon="120.26705260388553142547607421875">
        <ele>5.19999980926513671875</ele>
        <time>2026-01-13T13:53:48.000Z</time>
        <extensions>
          <ns3:TrackPointExtension>
            <ns3:hr>140</ns3:hr>
            <ns3:cad>93</ns3:cad>
          </ns3:TrackPointExtension>
        </extensions>
      </trkpt>
      <trkpt lat="30.44833204708993434906005859375" lon="120.267078168690204620361328125">
        <ele>5.19999980926513671875</ele>
        <time>2026-01-13T13:53:49.000Z</time>
        <extensions>
          <ns3:TrackPointExtension>
            <ns3:hr>139</ns3:hr>
            <ns3:cad>92</ns3:cad>
          </ns3:TrackPointExtension>
        </extensions>
      </trkpt>
      <trkpt lat="30.44833607040345668792724609375" lon="120.26710306294262409210205078125">
        <ele>5.19999980926513671875</ele>
        <time>2026-01-13T13:53:50.000Z</time>
        <extensions>
          <ns3:TrackPointExtension>
            <ns3:hr>140</ns3:hr>
            <ns3:cad>92</ns3:cad>
          </ns3:TrackPointExtension>
        </extensions>
      </trkpt>
      <trkpt lat="30.4483393393456935882568359375" lon="120.267127119004726409912109375">
        <ele>5.19999980926513671875</ele>
        <time>2026-01-13T13:53:51.000Z</time>
        <extensions>
          <ns3:TrackPointExtension>
            <ns3:hr>141</ns3:hr>
            <ns3:cad>93</ns3:cad>
          </ns3:TrackPointExtension>
        </extensions>
      </trkpt>
      <trkpt lat="30.44834445230662822723388671875" lon="120.2671514265239238739013671875">
        <ele>5.400000095367431640625</ele>
        <time>2026-01-13T13:53:52.000Z</time>
        <extensions>
          <ns3:TrackPointExtension>
            <ns3:hr>140</ns3:hr>
            <ns3:cad>93</ns3:cad>
          </ns3:TrackPointExtension>
        </extensions>
      </trkpt>
      <trkpt lat="30.448349900543689727783203125" lon="120.2671715430915355682373046875">
        <ele>5.599999904632568359375</ele>
        <time>2026-01-13T13:53:53.000Z</time>
        <extensions>
          <ns3:TrackPointExtension>
            <ns3:hr>140</ns3:hr>
            <ns3:cad>93</ns3:cad>
          </ns3:TrackPointExtension>
        </extensions>
      </trkpt>
      <trkpt lat="30.44835333712399005889892578125" lon="120.26718855835497379302978515625">
        <ele>5.80000019073486328125</ele>
        <time>2026-01-13T13:53:54.000Z</time>
        <extensions>
          <ns3:TrackPointExtension>
            <ns3:hr>140</ns3:hr>
            <ns3:cad>93</ns3:cad>
          </ns3:TrackPointExtension>
        </extensions>
      </trkpt>
      <trkpt lat="30.448355264961719512939453125" lon="120.2672044001519680023193359375">
        <ele>6</ele>
        <time>2026-01-13T13:53:55.000Z</time>
        <extensions>
          <ns3:TrackPointExtension>
            <ns3:hr>140</ns3:hr>
            <ns3:cad>91</ns3:cad>
          </ns3:TrackPointExtension>
        </extensions>
      </trkpt>
      <trkpt lat="30.44835694134235382080078125" lon="120.2672181464731693267822265625">
        <ele>6</ele>
        <time>2026-01-13T13:53:56.000Z</time>
        <extensions>
          <ns3:TrackPointExtension>
            <ns3:hr>140</ns3:hr>
            <ns3:cad>91</ns3:cad>
          </ns3:TrackPointExtension>
        </extensions>
      </trkpt>
      <trkpt lat="30.4483601264655590057373046875" lon="120.2672322280704975128173828125">
        <ele>6</ele>
        <time>2026-01-13T13:53:57.000Z</time>
        <extensions>
          <ns3:TrackPointExtension>
            <ns3:hr>140</ns3:hr>
            <ns3:cad>91</ns3:cad>
          </ns3:TrackPointExtension>
        </extensions>
      </trkpt>
      <trkpt lat="30.44836322776973247528076171875" lon="120.2672503329813480377197265625">
        <ele>6</ele>
        <time>2026-01-13T13:53:58.000Z</time>
        <extensions>
          <ns3:TrackPointExtension>
            <ns3:hr>141</ns3:hr>
            <ns3:cad>0</ns3:cad>
          </ns3:TrackPointExtension>
        </extensions>
      </trkpt>
      <trkpt lat="30.44836674816906452178955078125" lon="120.267269611358642578125">
        <ele>6</ele>
        <time>2026-01-13T13:53:59.000Z</time>
        <extensions>
          <ns3:TrackPointExtension>
            <ns3:hr>141</ns3:hr>
            <ns3:cad>0</ns3:cad>
          </ns3:TrackPointExtension>
        </extensions>
      </trkpt>
      <trkpt lat="30.4483701847493648529052734375" lon="120.26729282923042774200439453125">
        <ele>6</ele>
        <time>2026-01-13T13:54:00.000Z</time>
        <extensions>
          <ns3:TrackPointExtension>
            <ns3:hr>140</ns3:hr>
            <ns3:cad>0</ns3:cad>
          </ns3:TrackPointExtension>
        </extensions>
      </trkpt>
      <trkpt lat="30.4483742080628871917724609375" lon="120.267316885292530059814453125">
        <ele>6</ele>
        <time>2026-01-13T13:54:01.000Z</time>
        <extensions>
          <ns3:TrackPointExtension>
            <ns3:hr>140</ns3:hr>
            <ns3:cad>0</ns3:cad>
          </ns3:TrackPointExtension>
        </extensions>
      </trkpt>
      <trkpt lat="30.44837814755737781524658203125" lon="120.26734144426882266998291015625">
        <ele>6</ele>
        <time>2026-01-13T13:54:02.000Z</time>
        <extensions>
          <ns3:TrackPointExtension>
            <ns3:hr>139</ns3:hr>
            <ns3:cad>92</ns3:cad>
          </ns3:TrackPointExtension>
        </extensions>
      </trkpt>
      <trkpt lat="30.44838217087090015411376953125" lon="120.2673683501780033111572265625">
        <ele>6</ele>
        <time>2026-01-13T13:54:03.000Z</time>
        <extensions>
          <ns3:TrackPointExtension>
            <ns3:hr>139</ns3:hr>
            <ns3:cad>92</ns3:cad>
          </ns3:TrackPointExtension>
        </extensions>
      </trkpt>
      <trkpt lat="30.44838535599410533905029296875" lon="120.26739592663943767547607421875">
        <ele>6</ele>
        <time>2026-01-13T13:54:04.000Z</time>
        <extensions>
          <ns3:TrackPointExtension>
            <ns3:hr>138</ns3:hr>
            <ns3:cad>92</ns3:cad>
          </ns3:TrackPointExtension>
        </extensions>
      </trkpt>
      <trkpt lat="30.4483869485557079315185546875" lon="120.2674246765673160552978515625">
        <ele>6</ele>
        <time>2026-01-13T13:54:05.000Z</time>
        <extensions>
          <ns3:TrackPointExtension>
            <ns3:hr>138</ns3:hr>
            <ns3:cad>92</ns3:cad>
          </ns3:TrackPointExtension>
        </extensions>
      </trkpt>
      <trkpt lat="30.448392145335674285888671875" lon="120.2674511633813381195068359375">
        <ele>6</ele>
        <time>2026-01-13T13:54:06.000Z</time>
        <extensions>
          <ns3:TrackPointExtension>
            <ns3:hr>137</ns3:hr>
            <ns3:cad>92</ns3:cad>
          </ns3:TrackPointExtension>
        </extensions>
      </trkpt>
      <trkpt lat="30.4483983479440212249755859375" lon="120.26747304014861583709716796875">
        <ele>6</ele>
        <time>2026-01-13T13:54:07.000Z</time>
        <extensions>
          <ns3:TrackPointExtension>
            <ns3:hr>138</ns3:hr>
            <ns3:cad>92</ns3:cad>
          </ns3:TrackPointExtension>
        </extensions>
      </trkpt>
      <trkpt lat="30.44840346090495586395263671875" lon="120.26749835349619388580322265625">
        <ele>6</ele>
        <time>2026-01-13T13:54:08.000Z</time>
        <extensions>
          <ns3:TrackPointExtension>
            <ns3:hr>138</ns3:hr>
            <ns3:cad>92</ns3:cad>
          </ns3:TrackPointExtension>
        </extensions>
      </trkpt>
      <trkpt lat="30.44840882532298564910888671875" lon="120.26752131991088390350341796875">
        <ele>6</ele>
        <time>2026-01-13T13:54:09.000Z</time>
        <extensions>
          <ns3:TrackPointExtension>
            <ns3:hr>141</ns3:hr>
            <ns3:cad>92</ns3:cad>
          </ns3:TrackPointExtension>
        </extensions>
      </trkpt>
      <trkpt lat="30.44841251336038112640380859375" lon="120.26754328049719333648681640625">
        <ele>6</ele>
        <time>2026-01-13T13:54:10.000Z</time>
        <extensions>
          <ns3:TrackPointExtension>
            <ns3:hr>138</ns3:hr>
            <ns3:cad>91</ns3:cad>
          </ns3:TrackPointExtension>
        </extensions>
      </trkpt>
      <trkpt lat="30.448416955769062042236328125" lon="120.26756457053124904632568359375">
        <ele>6</ele>
        <time>2026-01-13T13:54:11.000Z</time>
        <extensions>
          <ns3:TrackPointExtension>
            <ns3:hr>139</ns3:hr>
            <ns3:cad>91</ns3:cad>
          </ns3:TrackPointExtension>
        </extensions>
      </trkpt>
      <trkpt lat="30.448422320187091827392578125" lon="120.26758418418467044830322265625">
        <ele>6.19999980926513671875</ele>
        <time>2026-01-13T13:54:12.000Z</time>
        <extensions>
          <ns3:TrackPointExtension>
            <ns3:hr>139</ns3:hr>
            <ns3:cad>93</ns3:cad>
          </ns3:TrackPointExtension>
        </extensions>
      </trkpt>
      <trkpt lat="30.44842667877674102783203125" lon="120.26760513894259929656982421875">
        <ele>6.19999980926513671875</ele>
        <time>2026-01-13T13:54:13.000Z</time>
        <extensions>
          <ns3:TrackPointExtension>
            <ns3:hr>139</ns3:hr>
            <ns3:cad>93</ns3:cad>
          </ns3:TrackPointExtension>
        </extensions>
      </trkpt>
      <trkpt lat="30.44843011535704135894775390625" lon="120.2676236629486083984375">
        <ele>6.19999980926513671875</ele>
        <time>2026-01-13T13:54:14.000Z</time>
        <extensions>
          <ns3:TrackPointExtension>
            <ns3:hr>138</ns3:hr>
            <ns3:cad>93</ns3:cad>
          </ns3:TrackPointExtension>
        </extensions>
      </trkpt>
      <trkpt lat="30.4484338872134685516357421875" lon="120.26764134876430034637451171875">
        <ele>6.19999980926513671875</ele>
        <time>2026-01-13T13:54:15.000Z</time>
        <extensions>
          <ns3:TrackPointExtension>
            <ns3:hr>137</ns3:hr>
            <ns3:cad>93</ns3:cad>
          </ns3:TrackPointExtension>
        </extensions>
      </trkpt>
      <trkpt lat="30.44843598268926143646240234375" lon="120.2676556818187236785888671875">
        <ele>6.400000095367431640625</ele>
        <time>2026-01-13T13:54:16.000Z</time>
        <extensions>
          <ns3:TrackPointExtension>
            <ns3:hr>136</ns3:hr>
            <ns3:cad>93</ns3:cad>
          </ns3:TrackPointExtension>
        </extensions>
      </trkpt>
      <trkpt lat="30.4484358988702297210693359375" lon="120.26767135597765445709228515625">
        <ele>6.400000095367431640625</ele>
        <time>2026-01-13T13:54:17.000Z</time>
        <extensions>
          <ns3:TrackPointExtension>
            <ns3:hr>135</ns3:hr>
            <ns3:cad>0</ns3:cad>
          </ns3:TrackPointExtension>
        </extensions>
      </trkpt>
      <trkpt lat="30.44843874871730804443359375" lon="120.267690382897853851318359375">
        <ele>6.400000095367431640625</ele>
        <time>2026-01-13T13:54:18.000Z</time>
        <extensions>
          <ns3:TrackPointExtension>
            <ns3:hr>137</ns3:hr>
            <ns3:cad>0</ns3:cad>
          </ns3:TrackPointExtension>
        </extensions>
      </trkpt>
      <trkpt lat="30.44844402931630611419677734375" lon="120.26770672760903835296630859375">
        <ele>6.400000095367431640625</ele>
        <time>2026-01-13T13:54:19.000Z</time>
        <extensions>
          <ns3:TrackPointExtension>
            <ns3:hr>137</ns3:hr>
            <ns3:cad>0</ns3:cad>
          </ns3:TrackPointExtension>
        </extensions>
      </trkpt>
      <trkpt lat="30.44844738207757472991943359375" lon="120.2677230723202228546142578125">
        <ele>6.400000095367431640625</ele>
        <time>2026-01-13T13:54:20.000Z</time>
        <extensions>
          <ns3:TrackPointExtension>
            <ns3:hr>137</ns3:hr>
            <ns3:cad>0</ns3:cad>
          </ns3:TrackPointExtension>
        </extensions>
      </trkpt>
      <trkpt lat="30.44845006428658962249755859375" lon="120.267744027078151702880859375">
        <ele>6.400000095367431640625</ele>
        <time>2026-01-13T13:54:21.000Z</time>
        <extensions>
          <ns3:TrackPointExtension>
            <ns3:hr>141</ns3:hr>
            <ns3:cad>0</ns3:cad>
          </ns3:TrackPointExtension>
        </extensions>
      </trkpt>
      <trkpt lat="30.44845484197139739990234375" lon="120.2677693404257297515869140625">
        <ele>6.400000095367431640625</ele>
        <time>2026-01-13T13:54:22.000Z</time>
        <extensions>
          <ns3:TrackPointExtension>
            <ns3:hr>141</ns3:hr>
            <ns3:cad>0</ns3:cad>
          </ns3:TrackPointExtension>
        </extensions>
      </trkpt>
      <trkpt lat="30.44845928438007831573486328125" lon="120.2677975036203861236572265625">
        <ele>6.400000095367431640625</ele>
        <time>2026-01-13T13:54:23.000Z</time>
        <extensions>
          <ns3:TrackPointExtension>
            <ns3:hr>141</ns3:hr>
            <ns3:cad>94</ns3:cad>
          </ns3:TrackPointExtension>
        </extensions>
      </trkpt>
      <trkpt lat="30.4484643973410129547119140625" lon="120.2678261697292327880859375">
        <ele>6.400000095367431640625</ele>
        <time>2026-01-13T13:54:24.000Z</time>
        <extensions>
          <ns3:TrackPointExtension>
            <ns3:hr>140</ns3:hr>
            <ns3:cad>94</ns3:cad>
          </ns3:TrackPointExtension>
        </extensions>
      </trkpt>
      <trkpt lat="30.44847093522548675537109375" lon="120.26785232126712799072265625">
        <ele>6.400000095367431640625</ele>
        <time>2026-01-13T13:54:25.000Z</time>
        <extensions>
          <ns3:TrackPointExtension>
            <ns3:hr>141</ns3:hr>
            <ns3:cad>92</ns3:cad>
          </ns3:TrackPointExtension>
        </extensions>
      </trkpt>
      <trkpt lat="30.4484761320054531097412109375" lon="120.267878808081150054931640625">
        <ele>6.400000095367431640625</ele>
        <time>2026-01-13T13:54:26.000Z</time>
        <extensions>
          <ns3:TrackPointExtension>
            <ns3:hr>141</ns3:hr>
            <ns3:cad>92</ns3:cad>
          </ns3:TrackPointExtension>
        </extensions>
      </trkpt>
      <trkpt lat="30.4484825022518634796142578125" lon="120.26790705509483814239501953125">
        <ele>6.400000095367431640625</ele>
        <time>2026-01-13T13:54:27.000Z</time>
        <extensions>
          <ns3:TrackPointExtension>
            <ns3:hr>141</ns3:hr>
            <ns3:cad>93</ns3:cad>
          </ns3:TrackPointExtension>
        </extensions>
      </trkpt>
      <trkpt lat="30.44848727993667125701904296875" lon="120.26793354190886020660400390625">
        <ele>6.19999980926513671875</ele>
        <time>2026-01-13T13:54:28.000Z</time>
        <extensions>
          <ns3:TrackPointExtension>
            <ns3:hr>142</ns3:hr>
            <ns3:cad>94</ns3:cad>
          </ns3:TrackPointExtension>
        </extensions>
      </trkpt>
      <trkpt lat="30.44849239289760589599609375" lon="120.2679584361612796783447265625">
        <ele>6.19999980926513671875</ele>
        <time>2026-01-13T13:54:29.000Z</time>
        <extensions>
          <ns3:TrackPointExtension>
            <ns3:hr>142</ns3:hr>
            <ns3:cad>95</ns3:cad>
          </ns3:TrackPointExtension>
        </extensions>
      </trkpt>
      <trkpt lat="30.4484985955059528350830078125" lon="120.2679805643856525421142578125">
        <ele>6.19999980926513671875</ele>
        <time>2026-01-13T13:54:30.000Z</time>
        <extensions>
          <ns3:TrackPointExtension>
            <ns3:hr>142</ns3:hr>
            <ns3:cad>95</ns3:cad>
          </ns3:TrackPointExtension>
        </extensions>
      </trkpt>
      <trkpt lat="30.44850312173366546630859375" lon="120.268004201352596282958984375">
        <ele>6.19999980926513671875</ele>
        <time>2026-01-13T13:54:31.000Z</time>
        <extensions>
          <ns3:TrackPointExtension>
            <ns3:hr>141</ns3:hr>
            <ns3:cad>95</ns3:cad>
          </ns3:TrackPointExtension>
        </extensions>
      </trkpt>
      <trkpt lat="30.44850714504718780517578125" lon="120.26803077198565006256103515625">
        <ele>6.19999980926513671875</ele>
        <time>2026-01-13T13:54:32.000Z</time>
        <extensions>
          <ns3:TrackPointExtension>
            <ns3:hr>142</ns3:hr>
            <ns3:cad>95</ns3:cad>
          </ns3:TrackPointExtension>
        </extensions>
      </trkpt>
      <trkpt lat="30.44850773178040981292724609375" lon="120.26805616915225982666015625">
        <ele>6.19999980926513671875</ele>
        <time>2026-01-13T13:54:33.000Z</time>
        <extensions>
          <ns3:TrackPointExtension>
            <ns3:hr>143</ns3:hr>
            <ns3:cad>95</ns3:cad>
          </ns3:TrackPointExtension>
        </extensions>
      </trkpt>
      <trkpt lat="30.44851125217974185943603515625" lon="120.26808324269950389862060546875">
        <ele>6.19999980926513671875</ele>
        <time>2026-01-13T13:54:34.000Z</time>
        <extensions>
          <ns3:TrackPointExtension>
            <ns3:hr>143</ns3:hr>
            <ns3:cad>95</ns3:cad>
          </ns3:TrackPointExtension>
        </extensions>
      </trkpt>
      <trkpt lat="30.448516868054866790771484375" lon="120.26810922659933567047119140625">
        <ele>6.19999980926513671875</ele>
        <time>2026-01-13T13:54:35.000Z</time>
        <extensions>
          <ns3:TrackPointExtension>
            <ns3:hr>143</ns3:hr>
            <ns3:cad>95</ns3:cad>
          </ns3:TrackPointExtension>
        </extensions>
      </trkpt>
      <trkpt lat="30.44852147810161113739013671875" lon="120.268132276833057403564453125">
        <ele>6.19999980926513671875</ele>
        <time>2026-01-13T13:54:36.000Z</time>
        <extensions>
          <ns3:TrackPointExtension>
            <ns3:hr>143</ns3:hr>
            <ns3:cad>94</ns3:cad>
          </ns3:TrackPointExtension>
        </extensions>
      </trkpt>
      <trkpt lat="30.44852818362414836883544921875" lon="120.268158428370952606201171875">
        <ele>6.19999980926513671875</ele>
        <time>2026-01-13T13:54:37.000Z</time>
        <extensions>
          <ns3:TrackPointExtension>
            <ns3:hr>143</ns3:hr>
            <ns3:cad>93</ns3:cad>
          </ns3:TrackPointExtension>
        </extensions>
      </trkpt>
      <trkpt lat="30.44853321276605129241943359375" lon="120.26818717829883098602294921875">
        <ele>6.19999980926513671875</ele>
        <time>2026-01-13T13:54:38.000Z</time>
        <extensions>
          <ns3:TrackPointExtension>
            <ns3:hr>142</ns3:hr>
            <ns3:cad>93</ns3:cad>
          </ns3:TrackPointExtension>
        </extensions>
      </trkpt>
      <trkpt lat="30.44853840954601764678955078125" lon="120.2682125754654407501220703125">
        <ele>6.19999980926513671875</ele>
        <time>2026-01-13T13:54:39.000Z</time>
        <extensions>
          <ns3:TrackPointExtension>
            <ns3:hr>142</ns3:hr>
            <ns3:cad>92</ns3:cad>
          </ns3:TrackPointExtension>
        </extensions>
      </trkpt>
      <trkpt lat="30.44854201376438140869140625" lon="120.2682330273091793060302734375">
        <ele>6.19999980926513671875</ele>
        <time>2026-01-13T13:54:40.000Z</time>
        <extensions>
          <ns3:TrackPointExtension>
            <ns3:hr>143</ns3:hr>
            <ns3:cad>92</ns3:cad>
          </ns3:TrackPointExtension>
        </extensions>
      </trkpt>
      <trkpt lat="30.4485458694398403167724609375" lon="120.2682526409626007080078125">
        <ele>6</ele>
        <time>2026-01-13T13:54:41.000Z</time>
        <extensions>
          <ns3:TrackPointExtension>
            <ns3:hr>143</ns3:hr>
            <ns3:cad>46</ns3:cad>
          </ns3:TrackPointExtension>
        </extensions>
      </trkpt>
      <trkpt lat="30.4485480487346649169921875" lon="120.26827275753021240234375">
        <ele>6</ele>
        <time>2026-01-13T13:54:42.000Z</time>
        <extensions>
          <ns3:TrackPointExtension>
            <ns3:hr>143</ns3:hr>
            <ns3:cad>46</ns3:cad>
          </ns3:TrackPointExtension>
        </extensions>
      </trkpt>
      <trkpt lat="30.44855047948658466339111328125" lon="120.26829044334590435028076171875">
        <ele>6</ele>
        <time>2026-01-13T13:54:43.000Z</time>
        <extensions>
          <ns3:TrackPointExtension>
            <ns3:hr>143</ns3:hr>
            <ns3:cad>46</ns3:cad>
          </ns3:TrackPointExtension>
        </extensions>
      </trkpt>
      <trkpt lat="30.4485539160668849945068359375" lon="120.2683091349899768829345703125">
        <ele>6</ele>
        <time>2026-01-13T13:54:44.000Z</time>
        <extensions>
          <ns3:TrackPointExtension>
            <ns3:hr>143</ns3:hr>
            <ns3:cad>46</ns3:cad>
          </ns3:TrackPointExtension>
        </extensions>
      </trkpt>
      <trkpt lat="30.44855852611362934112548828125" lon="120.268332771956920623779296875">
        <ele>6</ele>
        <time>2026-01-13T13:54:45.000Z</time>
        <extensions>
          <ns3:TrackPointExtension>
            <ns3:hr>143</ns3:hr>
            <ns3:cad>0</ns3:cad>
          </ns3:TrackPointExtension>
        </extensions>
      </trkpt>
      <trkpt lat="30.44856355525553226470947265625" lon="120.26835699565708637237548828125">
        <ele>6</ele>
        <time>2026-01-13T13:54:46.000Z</time>
        <extensions>
          <ns3:TrackPointExtension>
            <ns3:hr>143</ns3:hr>
            <ns3:cad>0</ns3:cad>
          </ns3:TrackPointExtension>
        </extensions>
      </trkpt>
      <trkpt lat="30.44856657274067401885986328125" lon="120.26838130317628383636474609375">
        <ele>6</ele>
        <time>2026-01-13T13:54:47.000Z</time>
        <extensions>
          <ns3:TrackPointExtension>
            <ns3:hr>142</ns3:hr>
            <ns3:cad>88</ns3:cad>
          </ns3:TrackPointExtension>
        </extensions>
      </trkpt>
      <trkpt lat="30.44857076369225978851318359375" lon="120.2684070356190204620361328125">
        <ele>6</ele>
        <time>2026-01-13T13:54:48.000Z</time>
        <extensions>
          <ns3:TrackPointExtension>
            <ns3:hr>142</ns3:hr>
            <ns3:cad>88</ns3:cad>
          </ns3:TrackPointExtension>
        </extensions>
      </trkpt>
      <trkpt lat="30.44857394881546497344970703125" lon="120.268431007862091064453125">
        <ele>6</ele>
        <time>2026-01-13T13:54:49.000Z</time>
        <extensions>
          <ns3:TrackPointExtension>
            <ns3:hr>142</ns3:hr>
            <ns3:cad>88</ns3:cad>
          </ns3:TrackPointExtension>
        </extensions>
      </trkpt>
      <trkpt lat="30.44857361353933811187744140625" lon="120.26845271699130535125732421875">
        <ele>6</ele>
        <time>2026-01-13T13:54:50.000Z</time>
        <extensions>
          <ns3:TrackPointExtension>
            <ns3:hr>142</ns3:hr>
            <ns3:cad>88</ns3:cad>
          </ns3:TrackPointExtension>
        </extensions>
      </trkpt>
      <trkpt lat="30.44857026077806949615478515625" lon="120.2684764377772808074951171875">
        <ele>6</ele>
        <time>2026-01-13T13:54:51.000Z</time>
        <extensions>
          <ns3:TrackPointExtension>
            <ns3:hr>142</ns3:hr>
            <ns3:cad>88</ns3:cad>
          </ns3:TrackPointExtension>
        </extensions>
      </trkpt>
      <trkpt lat="30.44856338761746883392333984375" lon="120.2685012482106685638427734375">
        <ele>6</ele>
        <time>2026-01-13T13:54:52.000Z</time>
        <extensions>
          <ns3:TrackPointExtension>
            <ns3:hr>142</ns3:hr>
            <ns3:cad>87</ns3:cad>
          </ns3:TrackPointExtension>
        </extensions>
      </trkpt>
      <trkpt lat="30.44855567626655101776123046875" lon="120.268526561558246612548828125">
        <ele>6</ele>
        <time>2026-01-13T13:54:53.000Z</time>
        <extensions>
          <ns3:TrackPointExtension>
            <ns3:hr>143</ns3:hr>
            <ns3:cad>86</ns3:cad>
          </ns3:TrackPointExtension>
        </extensions>
      </trkpt>
      <trkpt lat="30.44854871928691864013671875" lon="120.268552042543888092041015625">
        <ele>6</ele>
        <time>2026-01-13T13:54:54.000Z</time>
        <extensions>
          <ns3:TrackPointExtension>
            <ns3:hr>143</ns3:hr>
            <ns3:cad>86</ns3:cad>
          </ns3:TrackPointExtension>
        </extensions>
      </trkpt>
      <trkpt lat="30.4485398344695568084716796875" lon="120.26857383549213409423828125">
        <ele>5.80000019073486328125</ele>
        <time>2026-01-13T13:54:55.000Z</time>
        <extensions>
          <ns3:TrackPointExtension>
            <ns3:hr>143</ns3:hr>
            <ns3:cad>86</ns3:cad>
          </ns3:TrackPointExtension>
        </extensions>
      </trkpt>
      <trkpt lat="30.44852617196738719940185546875" lon="120.268593616783618927001953125">
        <ele>5.80000019073486328125</ele>
        <time>2026-01-13T13:54:56.000Z</time>
        <extensions>
          <ns3:TrackPointExtension>
            <ns3:hr>143</ns3:hr>
            <ns3:cad>88</ns3:cad>
          </ns3:TrackPointExtension>
        </extensions>
      </trkpt>
      <trkpt lat="30.44851141981780529022216796875" lon="120.26861096732318401336669921875">
        <ele>5.80000019073486328125</ele>
        <time>2026-01-13T13:54:57.000Z</time>
        <extensions>
          <ns3:TrackPointExtension>
            <ns3:hr>143</ns3:hr>
            <ns3:cad>88</ns3:cad>
          </ns3:TrackPointExtension>
        </extensions>
      </trkpt>
      <trkpt lat="30.44849733822047710418701171875" lon="120.26862588711082935333251953125">
        <ele>5.599999904632568359375</ele>
        <time>2026-01-13T13:54:58.000Z</time>
        <extensions>
          <ns3:TrackPointExtension>
            <ns3:hr>143</ns3:hr>
            <ns3:cad>89</ns3:cad>
          </ns3:TrackPointExtension>
        </extensions>
      </trkpt>
      <trkpt lat="30.44847940094769001007080078125" lon="120.26863913051784038543701171875">
        <ele>5.599999904632568359375</ele>
        <time>2026-01-13T13:54:59.000Z</time>
        <extensions>
          <ns3:TrackPointExtension>
            <ns3:hr>144</ns3:hr>
            <ns3:cad>89</ns3:cad>
          </ns3:TrackPointExtension>
        </extensions>
      </trkpt>
      <trkpt lat="30.44845844618976116180419921875" lon="120.26865136809647083282470703125">
        <ele>5.599999904632568359375</ele>
        <time>2026-01-13T13:55:00.000Z</time>
        <extensions>
          <ns3:TrackPointExtension>
            <ns3:hr>144</ns3:hr>
            <ns3:cad>89</ns3:cad>
          </ns3:TrackPointExtension>
        </extensions>
      </trkpt>
      <trkpt lat="30.448436737060546875" lon="120.26866410858929157257080078125">
        <ele>5.599999904632568359375</ele>
        <time>2026-01-13T13:55:01.000Z</time>
        <extensions>
          <ns3:TrackPointExtension>
            <ns3:hr>143</ns3:hr>
            <ns3:cad>89</ns3:cad>
          </ns3:TrackPointExtension>
        </extensions>
      </trkpt>
      <trkpt lat="30.4484137706458568572998046875" lon="120.2686765976250171661376953125">
        <ele>5.599999904632568359375</ele>
        <time>2026-01-13T13:55:02.000Z</time>
        <extensions>
          <ns3:TrackPointExtension>
            <ns3:hr>143</ns3:hr>
            <ns3:cad>90</ns3:cad>
          </ns3:TrackPointExtension>
        </extensions>
      </trkpt>
      <trkpt lat="30.44839382171630859375" lon="120.268688164651393890380859375">
        <ele>5.599999904632568359375</ele>
        <time>2026-01-13T13:55:03.000Z</time>
        <extensions>
          <ns3:TrackPointExtension>
            <ns3:hr>143</ns3:hr>
            <ns3:cad>92</ns3:cad>
          </ns3:TrackPointExtension>
        </extensions>
      </trkpt>
      <trkpt lat="30.4483737051486968994140625" lon="120.26870031841099262237548828125">
        <ele>5.80000019073486328125</ele>
        <time>2026-01-13T13:55:04.000Z</time>
        <extensions>
          <ns3:TrackPointExtension>
            <ns3:hr>143</ns3:hr>
            <ns3:cad>93</ns3:cad>
          </ns3:TrackPointExtension>
        </extensions>
      </trkpt>
      <trkpt lat="30.448353588581085205078125" lon="120.26871440000832080841064453125">
        <ele>5.80000019073486328125</ele>
        <time>2026-01-13T13:55:05.000Z</time>
        <extensions>
          <ns3:TrackPointExtension>
            <ns3:hr>143</ns3:hr>
            <ns3:cad>93</ns3:cad>
          </ns3:TrackPointExtension>
        </extensions>
      </trkpt>
      <trkpt lat="30.4483322985470294952392578125" lon="120.268727056682109832763671875">
        <ele>5.80000019073486328125</ele>
        <time>2026-01-13T13:55:06.000Z</time>
        <extensions>
          <ns3:TrackPointExtension>
            <ns3:hr>143</ns3:hr>
            <ns3:cad>93</ns3:cad>
          </ns3:TrackPointExtension>
        </extensions>
      </trkpt>
      <trkpt lat="30.44830891303718090057373046875" lon="120.268739797174930572509765625">
        <ele>6</ele>
        <time>2026-01-13T13:55:07.000Z</time>
        <extensions>
          <ns3:TrackPointExtension>
            <ns3:hr>144</ns3:hr>
            <ns3:cad>93</ns3:cad>
          </ns3:TrackPointExtension>
        </extensions>
      </trkpt>
      <trkpt lat="30.44828854501247406005859375" lon="120.2687515318393707275390625">
        <ele>6</ele>
        <time>2026-01-13T13:55:08.000Z</time>
        <extensions>
          <ns3:TrackPointExtension>
            <ns3:hr>145</ns3:hr>
            <ns3:cad>93</ns3:cad>
          </ns3:TrackPointExtension>
        </extensions>
      </trkpt>
      <trkpt lat="30.44826708734035491943359375" lon="120.268763601779937744140625">
        <ele>6</ele>
        <time>2026-01-13T13:55:09.000Z</time>
        <extensions>
          <ns3:TrackPointExtension>
            <ns3:hr>144</ns3:hr>
            <ns3:cad>93</ns3:cad>
          </ns3:TrackPointExtension>
        </extensions>
      </trkpt>
      <trkpt lat="30.44824571348726749420166015625" lon="120.26877491734921932220458984375">
        <ele>6</ele>
        <time>2026-01-13T13:55:10.000Z</time>
        <extensions>
          <ns3:TrackPointExtension>
            <ns3:hr>144</ns3:hr>
            <ns3:cad>93</ns3:cad>
          </ns3:TrackPointExtension>
        </extensions>
      </trkpt>
      <trkpt lat="30.44822392053902149200439453125" lon="120.26878698728978633880615234375">
        <ele>6</ele>
        <time>2026-01-13T13:55:11.000Z</time>
        <extensions>
          <ns3:TrackPointExtension>
            <ns3:hr>143</ns3:hr>
            <ns3:cad>94</ns3:cad>
          </ns3:TrackPointExtension>
        </extensions>
      </trkpt>
      <trkpt lat="30.448204390704631805419921875" lon="120.26879956014454364776611328125">
        <ele>6</ele>
        <time>2026-01-13T13:55:12.000Z</time>
        <extensions>
          <ns3:TrackPointExtension>
            <ns3:hr>143</ns3:hr>
            <ns3:cad>94</ns3:cad>
          </ns3:TrackPointExtension>
        </extensions>
      </trkpt>
      <trkpt lat="30.4481834359467029571533203125" lon="120.2688133902847766876220703125">
        <ele>6</ele>
        <time>2026-01-13T13:55:13.000Z</time>
        <extensions>
          <ns3:TrackPointExtension>
            <ns3:hr>143</ns3:hr>
            <ns3:cad>93</ns3:cad>
          </ns3:TrackPointExtension>
        </extensions>
      </trkpt>
      <trkpt lat="30.44816055335104465484619140625" lon="120.26882654987275600433349609375">
        <ele>6</ele>
        <time>2026-01-13T13:55:14.000Z</time>
        <extensions>
          <ns3:TrackPointExtension>
            <ns3:hr>141</ns3:hr>
            <ns3:cad>93</ns3:cad>
          </ns3:TrackPointExtension>
        </extensions>
      </trkpt>
      <trkpt lat="30.44813700020313262939453125" lon="120.26883945800364017486572265625">
        <ele>6</ele>
        <time>2026-01-13T13:55:15.000Z</time>
        <extensions>
          <ns3:TrackPointExtension>
            <ns3:hr>143</ns3:hr>
            <ns3:cad>93</ns3:cad>
          </ns3:TrackPointExtension>
        </extensions>
      </trkpt>
      <trkpt lat="30.44811420142650604248046875" lon="120.26885320432484149932861328125">
        <ele>6</ele>
        <time>2026-01-13T13:55:16.000Z</time>
        <extensions>
          <ns3:TrackPointExtension>
            <ns3:hr>143</ns3:hr>
            <ns3:cad>93</ns3:cad>
          </ns3:TrackPointExtension>
        </extensions>
      </trkpt>
      <trkpt lat="30.44809265993535518646240234375" lon="120.26886577717959880828857421875">
        <ele>6</ele>
        <time>2026-01-13T13:55:17.000Z</time>
        <extensions>
          <ns3:TrackPointExtension>
            <ns3:hr>143</ns3:hr>
            <ns3:cad>94</ns3:cad>
          </ns3:TrackPointExtension>
        </extensions>
      </trkpt>
      <trkpt lat="30.4480714537203311920166015625" lon="120.26887818239629268646240234375">
        <ele>6</ele>
        <time>2026-01-13T13:55:18.000Z</time>
        <extensions>
          <ns3:TrackPointExtension>
            <ns3:hr>143</ns3:hr>
            <ns3:cad>94</ns3:cad>
          </ns3:TrackPointExtension>
        </extensions>
      </trkpt>
      <trkpt lat="30.44804957695305347442626953125" lon="120.26889058761298656463623046875">
        <ele>6</ele>
        <time>2026-01-13T13:55:19.000Z</time>
        <extensions>
          <ns3:TrackPointExtension>
            <ns3:hr>143</ns3:hr>
            <ns3:cad>94</ns3:cad>
          </ns3:TrackPointExtension>
        </extensions>
      </trkpt>
      <trkpt lat="30.4480275325477123260498046875" lon="120.26890383101999759674072265625">
        <ele>6</ele>
        <time>2026-01-13T13:55:20.000Z</time>
        <extensions>
          <ns3:TrackPointExtension>
            <ns3:hr>143</ns3:hr>
            <ns3:cad>93</ns3:cad>
          </ns3:TrackPointExtension>
        </extensions>
      </trkpt>
      <trkpt lat="30.4480054043233394622802734375" lon="120.2689159847795963287353515625">
        <ele>6</ele>
        <time>2026-01-13T13:55:21.000Z</time>
        <extensions>
          <ns3:TrackPointExtension>
            <ns3:hr>143</ns3:hr>
            <ns3:cad>93</ns3:cad>
          </ns3:TrackPointExtension>
        </extensions>
      </trkpt>
      <trkpt lat="30.44798553921282291412353515625" lon="120.26892730034887790679931640625">
        <ele>6</ele>
        <time>2026-01-13T13:55:22.000Z</time>
        <extensions>
          <ns3:TrackPointExtension>
            <ns3:hr>145</ns3:hr>
            <ns3:cad>93</ns3:cad>
          </ns3:TrackPointExtension>
        </extensions>
      </trkpt>
      <trkpt lat="30.44796676374971866607666015625" lon="120.26893970556557178497314453125">
        <ele>6</ele>
        <time>2026-01-13T13:55:23.000Z</time>
        <extensions>
          <ns3:TrackPointExtension>
            <ns3:hr>143</ns3:hr>
            <ns3:cad>93</ns3:cad>
          </ns3:TrackPointExtension>
        </extensions>
      </trkpt>
      <trkpt lat="30.44794497080147266387939453125" lon="120.268954373896121978759765625">
        <ele>6</ele>
        <time>2026-01-13T13:55:24.000Z</time>
        <extensions>
          <ns3:TrackPointExtension>
            <ns3:hr>143</ns3:hr>
            <ns3:cad>93</ns3:cad>
          </ns3:TrackPointExtension>
        </extensions>
      </trkpt>
      <trkpt lat="30.44792267493903636932373046875" lon="120.268967449665069580078125">
        <ele>6</ele>
        <time>2026-01-13T13:55:25.000Z</time>
        <extensions>
          <ns3:TrackPointExtension>
            <ns3:hr>143</ns3:hr>
            <ns3:cad>93</ns3:cad>
          </ns3:TrackPointExtension>
        </extensions>
      </trkpt>
      <trkpt lat="30.44790289364755153656005859375" lon="120.2689813636243343353271484375">
        <ele>6</ele>
        <time>2026-01-13T13:55:26.000Z</time>
        <extensions>
          <ns3:TrackPointExtension>
            <ns3:hr>144</ns3:hr>
            <ns3:cad>92</ns3:cad>
          </ns3:TrackPointExtension>
        </extensions>
      </trkpt>
      <trkpt lat="30.44788747094571590423583984375" lon="120.268994607031345367431640625">
        <ele>6</ele>
        <time>2026-01-13T13:55:27.000Z</time>
        <extensions>
          <ns3:TrackPointExtension>
            <ns3:hr>143</ns3:hr>
            <ns3:cad>92</ns3:cad>
          </ns3:TrackPointExtension>
        </extensions>
      </trkpt>
      <trkpt lat="30.447875149548053741455078125" lon="120.26900609023869037628173828125">
        <ele>6</ele>
        <time>2026-01-13T13:55:28.000Z</time>
        <extensions>
          <ns3:TrackPointExtension>
            <ns3:hr>141</ns3:hr>
            <ns3:cad>91</ns3:cad>
          </ns3:TrackPointExtension>
        </extensions>
      </trkpt>
      <trkpt lat="30.4478649236261844635009765625" lon="120.2690169028937816619873046875">
        <ele>6</ele>
        <time>2026-01-13T13:55:29.000Z</time>
        <extensions>
          <ns3:TrackPointExtension>
            <ns3:hr>141</ns3:hr>
            <ns3:cad>91</ns3:cad>
          </ns3:TrackPointExtension>
        </extensions>
      </trkpt>
      <trkpt lat="30.447858385741710662841796875" lon="120.2690279670059680938720703125">
        <ele>6</ele>
        <time>2026-01-13T13:55:30.000Z</time>
        <extensions>
          <ns3:TrackPointExtension>
            <ns3:hr>141</ns3:hr>
            <ns3:cad>91</ns3:cad>
          </ns3:TrackPointExtension>
        </extensions>
      </trkpt>
      <trkpt lat="30.44784874655306339263916015625" lon="120.2690410427749156951904296875">
        <ele>6</ele>
        <time>2026-01-13T13:55:31.000Z</time>
        <extensions>
          <ns3:TrackPointExtension>
            <ns3:hr>141</ns3:hr>
            <ns3:cad>88</ns3:cad>
          </ns3:TrackPointExtension>
        </extensions>
      </trkpt>
      <trkpt lat="30.44783416204154491424560546875" lon="120.2690544538199901580810546875">
        <ele>6</ele>
        <time>2026-01-13T13:55:32.000Z</time>
        <extensions>
          <ns3:TrackPointExtension>
            <ns3:hr>140</ns3:hr>
            <ns3:cad>88</ns3:cad>
          </ns3:TrackPointExtension>
        </extensions>
      </trkpt>
      <trkpt lat="30.4478163085877895355224609375" lon="120.26906895451247692108154296875">
        <ele>6</ele>
        <time>2026-01-13T13:55:33.000Z</time>
        <extensions>
          <ns3:TrackPointExtension>
            <ns3:hr>141</ns3:hr>
            <ns3:cad>88</ns3:cad>
          </ns3:TrackPointExtension>
        </extensions>
      </trkpt>
      <trkpt lat="30.44779761694371700286865234375" lon="120.26908270083367824554443359375">
        <ele>6</ele>
        <time>2026-01-13T13:55:34.000Z</time>
        <extensions>
          <ns3:TrackPointExtension>
            <ns3:hr>141</ns3:hr>
            <ns3:cad>91</ns3:cad>
          </ns3:TrackPointExtension>
        </extensions>
      </trkpt>
      <trkpt lat="30.447778590023517608642578125" lon="120.26909812353551387786865234375">
        <ele>6</ele>
        <time>2026-01-13T13:55:35.000Z</time>
        <extensions>
          <ns3:TrackPointExtension>
            <ns3:hr>143</ns3:hr>
            <ns3:cad>91</ns3:cad>
          </ns3:TrackPointExtension>
        </extensions>
      </trkpt>
      <trkpt lat="30.447759814560413360595703125" lon="120.269113294780254364013671875">
        <ele>6</ele>
        <time>2026-01-13T13:55:36.000Z</time>
        <extensions>
          <ns3:TrackPointExtension>
            <ns3:hr>142</ns3:hr>
            <ns3:cad>91</ns3:cad>
          </ns3:TrackPointExtension>
        </extensions>
      </trkpt>
      <trkpt lat="30.4477393627166748046875" lon="120.26912746019661426544189453125">
        <ele>6</ele>
        <time>2026-01-13T13:55:37.000Z</time>
        <extensions>
          <ns3:TrackPointExtension>
            <ns3:hr>142</ns3:hr>
            <ns3:cad>91</ns3:cad>
          </ns3:TrackPointExtension>
        </extensions>
      </trkpt>
      <trkpt lat="30.447717569768428802490234375" lon="120.2691404521465301513671875">
        <ele>6</ele>
        <time>2026-01-13T13:55:38.000Z</time>
        <extensions>
          <ns3:TrackPointExtension>
            <ns3:hr>143</ns3:hr>
            <ns3:cad>92</ns3:cad>
          </ns3:TrackPointExtension>
        </extensions>
      </trkpt>
      <trkpt lat="30.44769577682018280029296875" lon="120.26915453374385833740234375">
        <ele>5.80000019073486328125</ele>
        <time>2026-01-13T13:55:39.000Z</time>
        <extensions>
          <ns3:TrackPointExtension>
            <ns3:hr>142</ns3:hr>
            <ns3:cad>92</ns3:cad>
          </ns3:TrackPointExtension>
        </extensions>
      </trkpt>
      <trkpt lat="30.44767674989998340606689453125" lon="120.26916987262666225433349609375">
        <ele>5.80000019073486328125</ele>
        <time>2026-01-13T13:55:40.000Z</time>
        <extensions>
          <ns3:TrackPointExtension>
            <ns3:hr>143</ns3:hr>
            <ns3:cad>92</ns3:cad>
          </ns3:TrackPointExtension>
        </extensions>
      </trkpt>
      <trkpt lat="30.44765914790332317352294921875" lon="120.26918261311948299407958984375">
        <ele>5.80000019073486328125</ele>
        <time>2026-01-13T13:55:41.000Z</time>
        <extensions>
          <ns3:TrackPointExtension>
            <ns3:hr>142</ns3:hr>
            <ns3:cad>93</ns3:cad>
          </ns3:TrackPointExtension>
        </extensions>
      </trkpt>
      <trkpt lat="30.44764137826859951019287109375" lon="120.2691959403455257415771484375">
        <ele>5.599999904632568359375</ele>
        <time>2026-01-13T13:55:42.000Z</time>
        <extensions>
          <ns3:TrackPointExtension>
            <ns3:hr>142</ns3:hr>
            <ns3:cad>93</ns3:cad>
          </ns3:TrackPointExtension>
        </extensions>
      </trkpt>
      <trkpt lat="30.447622351348400115966796875" lon="120.26920708827674388885498046875">
        <ele>5.599999904632568359375</ele>
        <time>2026-01-13T13:55:43.000Z</time>
        <extensions>
          <ns3:TrackPointExtension>
            <ns3:hr>143</ns3:hr>
            <ns3:cad>93</ns3:cad>
          </ns3:TrackPointExtension>
        </extensions>
      </trkpt>
      <trkpt lat="30.4476044140756130218505859375" lon="120.2692143805325031280517578125">
        <ele>5.599999904632568359375</ele>
        <time>2026-01-13T13:55:44.000Z</time>
        <extensions>
          <ns3:TrackPointExtension>
            <ns3:hr>142</ns3:hr>
            <ns3:cad>92</ns3:cad>
          </ns3:TrackPointExtension>
        </extensions>
      </trkpt>
      <trkpt lat="30.4475893266499042510986328125" lon="120.26922100223600864410400390625">
        <ele>5.400000095367431640625</ele>
        <time>2026-01-13T13:55:45.000Z</time>
        <extensions>
          <ns3:TrackPointExtension>
            <ns3:hr>142</ns3:hr>
            <ns3:cad>46</ns3:cad>
          </ns3:TrackPointExtension>
        </extensions>
      </trkpt>
      <trkpt lat="30.4475749097764492034912109375" lon="120.26922938413918018341064453125">
        <ele>5.400000095367431640625</ele>
        <time>2026-01-13T13:55:46.000Z</time>
        <extensions>
          <ns3:TrackPointExtension>
            <ns3:hr>141</ns3:hr>
            <ns3:cad>46</ns3:cad>
          </ns3:TrackPointExtension>
        </extensions>
      </trkpt>
      <trkpt lat="30.44756158255040645599365234375" lon="120.2692371793091297149658203125">
        <ele>5.400000095367431640625</ele>
        <time>2026-01-13T13:55:47.000Z</time>
        <extensions>
          <ns3:TrackPointExtension>
            <ns3:hr>141</ns3:hr>
            <ns3:cad>46</ns3:cad>
          </ns3:TrackPointExtension>
        </extensions>
      </trkpt>
      <trkpt lat="30.4475502669811248779296875" lon="120.2692448906600475311279296875">
        <ele>5.400000095367431640625</ele>
        <time>2026-01-13T13:55:48.000Z</time>
        <extensions>
          <ns3:TrackPointExtension>
            <ns3:hr>140</ns3:hr>
            <ns3:cad>46</ns3:cad>
          </ns3:TrackPointExtension>
        </extensions>
      </trkpt>
      <trkpt lat="30.44753844849765300750732421875" lon="120.2692539431154727935791015625">
        <ele>5.19999980926513671875</ele>
        <time>2026-01-13T13:55:49.000Z</time>
        <extensions>
          <ns3:TrackPointExtension>
            <ns3:hr>138</ns3:hr>
            <ns3:cad>46</ns3:cad>
          </ns3:TrackPointExtension>
        </extensions>
      </trkpt>
      <trkpt lat="30.447520427405834197998046875" lon="120.26926442049443721771240234375">
        <ele>5.19999980926513671875</ele>
        <time>2026-01-13T13:55:50.000Z</time>
        <extensions>
          <ns3:TrackPointExtension>
            <ns3:hr>140</ns3:hr>
            <ns3:cad>46</ns3:cad>
          </ns3:TrackPointExtension>
        </extensions>
      </trkpt>
      <trkpt lat="30.4475004784762859344482421875" lon="120.26927523314952850341796875">
        <ele>5.19999980926513671875</ele>
        <time>2026-01-13T13:55:51.000Z</time>
        <extensions>
          <ns3:TrackPointExtension>
            <ns3:hr>141</ns3:hr>
            <ns3:cad>46</ns3:cad>
          </ns3:TrackPointExtension>
        </extensions>
      </trkpt>
      <trkpt lat="30.447476841509342193603515625" lon="120.2692879736423492431640625">
        <ele>5</ele>
        <time>2026-01-13T13:55:52.000Z</time>
        <extensions>
          <ns3:TrackPointExtension>
            <ns3:hr>142</ns3:hr>
            <ns3:cad>46</ns3:cad>
          </ns3:TrackPointExtension>
        </extensions>
      </trkpt>
      <trkpt lat="30.4474508576095104217529296875" lon="120.2692987024784088134765625">
        <ele>5</ele>
        <time>2026-01-13T13:55:53.000Z</time>
        <extensions>
          <ns3:TrackPointExtension>
            <ns3:hr>142</ns3:hr>
            <ns3:cad>90</ns3:cad>
          </ns3:TrackPointExtension>
        </extensions>
      </trkpt>
      <trkpt lat="30.44742613099515438079833984375" lon="120.26930884458124637603759765625">
        <ele>4.80000019073486328125</ele>
        <time>2026-01-13T13:55:54.000Z</time>
        <extensions>
          <ns3:TrackPointExtension>
            <ns3:hr>142</ns3:hr>
            <ns3:cad>91</ns3:cad>
          </ns3:TrackPointExtension>
        </extensions>
      </trkpt>
      <trkpt lat="30.44740475714206695556640625" lon="120.269321501255035400390625">
        <ele>4.80000019073486328125</ele>
        <time>2026-01-13T13:55:55.000Z</time>
        <extensions>
          <ns3:TrackPointExtension>
            <ns3:hr>142</ns3:hr>
            <ns3:cad>91</ns3:cad>
          </ns3:TrackPointExtension>
        </extensions>
      </trkpt>
      <trkpt lat="30.4473824612796306610107421875" lon="120.26933290064334869384765625">
        <ele>4.80000019073486328125</ele>
        <time>2026-01-13T13:55:56.000Z</time>
        <extensions>
          <ns3:TrackPointExtension>
            <ns3:hr>142</ns3:hr>
            <ns3:cad>91</ns3:cad>
          </ns3:TrackPointExtension>
        </extensions>
      </trkpt>
      <trkpt lat="30.44736410491168498992919921875" lon="120.26934606023132801055908203125">
        <ele>4.599999904632568359375</ele>
        <time>2026-01-13T13:55:57.000Z</time>
        <extensions>
          <ns3:TrackPointExtension>
            <ns3:hr>141</ns3:hr>
            <ns3:cad>93</ns3:cad>
          </ns3:TrackPointExtension>
        </extensions>
      </trkpt>
      <trkpt lat="30.4473435692489147186279296875" lon="120.269358046352863311767578125">
        <ele>4.599999904632568359375</ele>
        <time>2026-01-13T13:55:58.000Z</time>
        <extensions>
          <ns3:TrackPointExtension>
            <ns3:hr>141</ns3:hr>
            <ns3:cad>93</ns3:cad>
          </ns3:TrackPointExtension>
        </extensions>
      </trkpt>
      <trkpt lat="30.44732320122420787811279296875" lon="120.26937053538858890533447265625">
        <ele>4.599999904632568359375</ele>
        <time>2026-01-13T13:55:59.000Z</time>
        <extensions>
          <ns3:TrackPointExtension>
            <ns3:hr>141</ns3:hr>
            <ns3:cad>93</ns3:cad>
          </ns3:TrackPointExtension>
        </extensions>
      </trkpt>
      <trkpt lat="30.44730476103723049163818359375" lon="120.2693823538720607757568359375">
        <ele>4.400000095367431640625</ele>
        <time>2026-01-13T13:56:00.000Z</time>
        <extensions>
          <ns3:TrackPointExtension>
            <ns3:hr>141</ns3:hr>
            <ns3:cad>93</ns3:cad>
          </ns3:TrackPointExtension>
        </extensions>
      </trkpt>
      <trkpt lat="30.44728548265993595123291015625" lon="120.2693961001932621002197265625">
        <ele>4.400000095367431640625</ele>
        <time>2026-01-13T13:56:01.000Z</time>
        <extensions>
          <ns3:TrackPointExtension>
            <ns3:hr>143</ns3:hr>
            <ns3:cad>92</ns3:cad>
          </ns3:TrackPointExtension>
        </extensions>
      </trkpt>
      <trkpt lat="30.44726804830133914947509765625" lon="120.269408337771892547607421875">
        <ele>4.400000095367431640625</ele>
        <time>2026-01-13T13:56:02.000Z</time>
        <extensions>
          <ns3:TrackPointExtension>
            <ns3:hr>141</ns3:hr>
            <ns3:cad>92</ns3:cad>
          </ns3:TrackPointExtension>
        </extensions>
      </trkpt>
      <trkpt lat="30.44724918901920318603515625" lon="120.26942074298858642578125">
        <ele>4.19999980926513671875</ele>
        <time>2026-01-13T13:56:03.000Z</time>
        <extensions>
          <ns3:TrackPointExtension>
            <ns3:hr>141</ns3:hr>
            <ns3:cad>92</ns3:cad>
          </ns3:TrackPointExtension>
        </extensions>
      </trkpt>
      <trkpt lat="30.4472312517464160919189453125" lon="120.26943482458591461181640625">
        <ele>4.400000095367431640625</ele>
        <time>2026-01-13T13:56:04.000Z</time>
        <extensions>
          <ns3:TrackPointExtension>
            <ns3:hr>141</ns3:hr>
            <ns3:cad>93</ns3:cad>
          </ns3:TrackPointExtension>
        </extensions>
      </trkpt>
      <trkpt lat="30.4472107999026775360107421875" lon="120.269449241459369659423828125">
        <ele>4.599999904632568359375</ele>
        <time>2026-01-13T13:56:05.000Z</time>
        <extensions>
          <ns3:TrackPointExtension>
            <ns3:hr>143</ns3:hr>
            <ns3:cad>93</ns3:cad>
          </ns3:TrackPointExtension>
        </extensions>
      </trkpt>
      <trkpt lat="30.44719026423990726470947265625" lon="120.2694604732096195220947265625">
        <ele>4.599999904632568359375</ele>
        <time>2026-01-13T13:56:06.000Z</time>
        <extensions>
          <ns3:TrackPointExtension>
            <ns3:hr>141</ns3:hr>
            <ns3:cad>93</ns3:cad>
          </ns3:TrackPointExtension>
        </extensions>
      </trkpt>
      <trkpt lat="30.44717048294842243194580078125" lon="120.26947111822664737701416015625">
        <ele>4.80000019073486328125</ele>
        <time>2026-01-13T13:56:07.000Z</time>
        <extensions>
          <ns3:TrackPointExtension>
            <ns3:hr>142</ns3:hr>
            <ns3:cad>93</ns3:cad>
          </ns3:TrackPointExtension>
        </extensions>
      </trkpt>
      <trkpt lat="30.44715237803757190704345703125" lon="120.2694797515869140625">
        <ele>5</ele>
        <time>2026-01-13T13:56:08.000Z</time>
        <extensions>
          <ns3:TrackPointExtension>
            <ns3:hr>141</ns3:hr>
            <ns3:cad>92</ns3:cad>
          </ns3:TrackPointExtension>
        </extensions>
      </trkpt>
      <trkpt lat="30.44714014045894145965576171875" lon="120.2694876305758953094482421875">
        <ele>5.19999980926513671875</ele>
        <time>2026-01-13T13:56:09.000Z</time>
        <extensions>
          <ns3:TrackPointExtension>
            <ns3:hr>140</ns3:hr>
            <ns3:cad>91</ns3:cad>
          </ns3:TrackPointExtension>
        </extensions>
      </trkpt>
      <trkpt lat="30.44712907634675502777099609375" lon="120.26949676685035228729248046875">
        <ele>5.400000095367431640625</ele>
        <time>2026-01-13T13:56:10.000Z</time>
        <extensions>
          <ns3:TrackPointExtension>
            <ns3:hr>140</ns3:hr>
            <ns3:cad>91</ns3:cad>
          </ns3:TrackPointExtension>
        </extensions>
      </trkpt>
      <trkpt lat="30.447119437158107757568359375" lon="120.26950665749609470367431640625">
        <ele>5.400000095367431640625</ele>
        <time>2026-01-13T13:56:11.000Z</time>
        <extensions>
          <ns3:TrackPointExtension>
            <ns3:hr>140</ns3:hr>
            <ns3:cad>91</ns3:cad>
          </ns3:TrackPointExtension>
        </extensions>
      </trkpt>
      <trkpt lat="30.4471102170646190643310546875" lon="120.26951503939926624298095703125">
        <ele>5.599999904632568359375</ele>
        <time>2026-01-13T13:56:12.000Z</time>
        <extensions>
          <ns3:TrackPointExtension>
            <ns3:hr>138</ns3:hr>
            <ns3:cad>87</ns3:cad>
          </ns3:TrackPointExtension>
        </extensions>
      </trkpt>
      <trkpt lat="30.4470991529524326324462890625" lon="120.26952342130243778228759765625">
        <ele>5.80000019073486328125</ele>
        <time>2026-01-13T13:56:13.000Z</time>
        <extensions>
          <ns3:TrackPointExtension>
            <ns3:hr>139</ns3:hr>
            <ns3:cad>0</ns3:cad>
          </ns3:TrackPointExtension>
        </extensions>
      </trkpt>
      <trkpt lat="30.44708381406962871551513671875" lon="120.269529707729816436767578125">
        <ele>5.80000019073486328125</ele>
        <time>2026-01-13T13:56:14.000Z</time>
        <extensions>
          <ns3:TrackPointExtension>
            <ns3:hr>140</ns3:hr>
            <ns3:cad>0</ns3:cad>
          </ns3:TrackPointExtension>
        </extensions>
      </trkpt>
      <trkpt lat="30.4470686428248882293701171875" lon="120.26953800581395626068115234375">
        <ele>6</ele>
        <time>2026-01-13T13:56:15.000Z</time>
        <extensions>
          <ns3:TrackPointExtension>
            <ns3:hr>138</ns3:hr>
            <ns3:cad>64</ns3:cad>
          </ns3:TrackPointExtension>
        </extensions>
      </trkpt>
      <trkpt lat="30.44705296866595745086669921875" lon="120.26954806409776210784912109375">
        <ele>6.19999980926513671875</ele>
        <time>2026-01-13T13:56:16.000Z</time>
        <extensions>
          <ns3:TrackPointExtension>
            <ns3:hr>138</ns3:hr>
            <ns3:cad>64</ns3:cad>
          </ns3:TrackPointExtension>
        </extensions>
      </trkpt>
      <trkpt lat="30.4470374621450901031494140625" lon="120.26955896057188510894775390625">
        <ele>6.19999980926513671875</ele>
        <time>2026-01-13T13:56:17.000Z</time>
        <extensions>
          <ns3:TrackPointExtension>
            <ns3:hr>139</ns3:hr>
            <ns3:cad>64</ns3:cad>
          </ns3:TrackPointExtension>
        </extensions>
      </trkpt>
      <trkpt lat="30.447018854320049285888671875" lon="120.26956952176988124847412109375">
        <ele>6.400000095367431640625</ele>
        <time>2026-01-13T13:56:18.000Z</time>
        <extensions>
          <ns3:TrackPointExtension>
            <ns3:hr>138</ns3:hr>
            <ns3:cad>64</ns3:cad>
          </ns3:TrackPointExtension>
        </extensions>
      </trkpt>
      <trkpt lat="30.44699949212372303009033203125" lon="120.2695815078914165496826171875">
        <ele>6.400000095367431640625</ele>
        <time>2026-01-13T13:56:19.000Z</time>
        <extensions>
          <ns3:TrackPointExtension>
            <ns3:hr>137</ns3:hr>
            <ns3:cad>86</ns3:cad>
          </ns3:TrackPointExtension>
        </extensions>
      </trkpt>
      <trkpt lat="30.44697954319417476654052734375" lon="120.26959215290844440460205078125">
        <ele>6.599999904632568359375</ele>
        <time>2026-01-13T13:56:20.000Z</time>
        <extensions>
          <ns3:TrackPointExtension>
            <ns3:hr>137</ns3:hr>
            <ns3:cad>88</ns3:cad>
          </ns3:TrackPointExtension>
        </extensions>
      </trkpt>
      <trkpt lat="30.4469606839120388031005859375" lon="120.26960439048707485198974609375">
        <ele>6.599999904632568359375</ele>
        <time>2026-01-13T13:56:21.000Z</time>
        <extensions>
          <ns3:TrackPointExtension>
            <ns3:hr>142</ns3:hr>
            <ns3:cad>88</ns3:cad>
          </ns3:TrackPointExtension>
        </extensions>
      </trkpt>
      <trkpt lat="30.446943081915378570556640625" lon="120.2696163766086101531982421875">
        <ele>6.80000019073486328125</ele>
        <time>2026-01-13T13:56:22.000Z</time>
        <extensions>
          <ns3:TrackPointExtension>
            <ns3:hr>144</ns3:hr>
            <ns3:cad>89</ns3:cad>
          </ns3:TrackPointExtension>
        </extensions>
      </trkpt>
      <trkpt lat="30.44692388735711574554443359375" lon="120.269627608358860015869140625">
        <ele>6.80000019073486328125</ele>
        <time>2026-01-13T13:56:23.000Z</time>
        <extensions>
          <ns3:TrackPointExtension>
            <ns3:hr>142</ns3:hr>
            <ns3:cad>89</ns3:cad>
          </ns3:TrackPointExtension>
        </extensions>
      </trkpt>
      <trkpt lat="30.44690527953207492828369140625" lon="120.2696406841278076171875">
        <ele>7</ele>
        <time>2026-01-13T13:56:24.000Z</time>
        <extensions>
          <ns3:TrackPointExtension>
            <ns3:hr>144</ns3:hr>
            <ns3:cad>90</ns3:cad>
          </ns3:TrackPointExtension>
        </extensions>
      </trkpt>
      <trkpt lat="30.44688583351671695709228515625" lon="120.26965585537254810333251953125">
        <ele>7</ele>
        <time>2026-01-13T13:56:25.000Z</time>
        <extensions>
          <ns3:TrackPointExtension>
            <ns3:hr>145</ns3:hr>
            <ns3:cad>90</ns3:cad>
          </ns3:TrackPointExtension>
        </extensions>
      </trkpt>
      <trkpt lat="30.44686839915812015533447265625" lon="120.26966792531311511993408203125">
        <ele>7</ele>
        <time>2026-01-13T13:56:26.000Z</time>
        <extensions>
          <ns3:TrackPointExtension>
            <ns3:hr>145</ns3:hr>
            <ns3:cad>90</ns3:cad>
          </ns3:TrackPointExtension>
        </extensions>
      </trkpt>
      <trkpt lat="30.44685163535177707672119140625" lon="120.2696817554533481597900390625">
        <ele>7</ele>
        <time>2026-01-13T13:56:27.000Z</time>
        <extensions>
          <ns3:TrackPointExtension>
            <ns3:hr>145</ns3:hr>
            <ns3:cad>90</ns3:cad>
          </ns3:TrackPointExtension>
        </extensions>
      </trkpt>
      <trkpt lat="30.44683503918349742889404296875" lon="120.2696934901177883148193359375">
        <ele>7</ele>
        <time>2026-01-13T13:56:28.000Z</time>
        <extensions>
          <ns3:TrackPointExtension>
            <ns3:hr>146</ns3:hr>
            <ns3:cad>90</ns3:cad>
          </ns3:TrackPointExtension>
        </extensions>
      </trkpt>
      <trkpt lat="30.44681659899652004241943359375" lon="120.26970614679157733917236328125">
        <ele>7</ele>
        <time>2026-01-13T13:56:29.000Z</time>
        <extensions>
          <ns3:TrackPointExtension>
            <ns3:hr>143</ns3:hr>
            <ns3:cad>91</ns3:cad>
          </ns3:TrackPointExtension>
        </extensions>
      </trkpt>
      <trkpt lat="30.446798242628574371337890625" lon="120.26971645653247833251953125">
        <ele>6.80000019073486328125</ele>
        <time>2026-01-13T13:56:30.000Z</time>
        <extensions>
          <ns3:TrackPointExtension>
            <ns3:hr>143</ns3:hr>
            <ns3:cad>90</ns3:cad>
          </ns3:TrackPointExtension>
        </extensions>
      </trkpt>
      <trkpt lat="30.44678072445094585418701171875" lon="120.26972609572112560272216796875">
        <ele>6.80000019073486328125</ele>
        <time>2026-01-13T13:56:31.000Z</time>
        <extensions>
          <ns3:TrackPointExtension>
            <ns3:hr>143</ns3:hr>
            <ns3:cad>90</ns3:cad>
          </ns3:TrackPointExtension>
        </extensions>
      </trkpt>
      <trkpt lat="30.446765385568141937255859375" lon="120.26973715983331203460693359375">
        <ele>6.80000019073486328125</ele>
        <time>2026-01-13T13:56:32.000Z</time>
        <extensions>
          <ns3:TrackPointExtension>
            <ns3:hr>143</ns3:hr>
            <ns3:cad>89</ns3:cad>
          </ns3:TrackPointExtension>
        </extensions>
      </trkpt>
      <trkpt lat="30.4467528127133846282958984375" lon="120.269746966660022735595703125">
        <ele>6.80000019073486328125</ele>
        <time>2026-01-13T13:56:33.000Z</time>
        <extensions>
          <ns3:TrackPointExtension>
            <ns3:hr>141</ns3:hr>
            <ns3:cad>45</ns3:cad>
          </ns3:TrackPointExtension>
        </extensions>
      </trkpt>
      <trkpt lat="30.4467394016683101654052734375" lon="120.26975543238222599029541015625">
        <ele>6.80000019073486328125</ele>
        <time>2026-01-13T13:56:34.000Z</time>
        <extensions>
          <ns3:TrackPointExtension>
            <ns3:hr>143</ns3:hr>
            <ns3:cad>45</ns3:cad>
          </ns3:TrackPointExtension>
        </extensions>
      </trkpt>
      <trkpt lat="30.4467259906232357025146484375" lon="120.26976515538990497589111328125">
        <ele>6.80000019073486328125</ele>
        <time>2026-01-13T13:56:35.000Z</time>
        <extensions>
          <ns3:TrackPointExtension>
            <ns3:hr>144</ns3:hr>
            <ns3:cad>45</ns3:cad>
          </ns3:TrackPointExtension>
        </extensions>
      </trkpt>
      <trkpt lat="30.44671182520687580108642578125" lon="120.2697739563882350921630859375">
        <ele>6.80000019073486328125</ele>
        <time>2026-01-13T13:56:36.000Z</time>
        <extensions>
          <ns3:TrackPointExtension>
            <ns3:hr>143</ns3:hr>
            <ns3:cad>45</ns3:cad>
          </ns3:TrackPointExtension>
        </extensions>
      </trkpt>
      <trkpt lat="30.44670076109468936920166015625" lon="120.2697850205004215240478515625">
        <ele>6.80000019073486328125</ele>
        <time>2026-01-13T13:56:37.000Z</time>
        <extensions>
          <ns3:TrackPointExtension>
            <ns3:hr>142</ns3:hr>
            <ns3:cad>45</ns3:cad>
          </ns3:TrackPointExtension>
        </extensions>
      </trkpt>
      <trkpt lat="30.44668994843959808349609375" lon="120.26979482732713222503662109375">
        <ele>6.80000019073486328125</ele>
        <time>2026-01-13T13:56:38.000Z</time>
        <extensions>
          <ns3:TrackPointExtension>
            <ns3:hr>144</ns3:hr>
            <ns3:cad>63</ns3:cad>
          </ns3:TrackPointExtension>
        </extensions>
      </trkpt>
      <trkpt lat="30.446678213775157928466796875" lon="120.26980471797287464141845703125">
        <ele>6.80000019073486328125</ele>
        <time>2026-01-13T13:56:39.000Z</time>
        <extensions>
          <ns3:TrackPointExtension>
            <ns3:hr>142</ns3:hr>
            <ns3:cad>63</ns3:cad>
          </ns3:TrackPointExtension>
        </extensions>
      </trkpt>
      <trkpt lat="30.44666237197816371917724609375" lon="120.26981569826602935791015625">
        <ele>6.80000019073486328125</ele>
        <time>2026-01-13T13:56:40.000Z</time>
        <extensions>
          <ns3:TrackPointExtension>
            <ns3:hr>144</ns3:hr>
            <ns3:cad>62</ns3:cad>
          </ns3:TrackPointExtension>
        </extensions>
      </trkpt>
      <trkpt lat="30.446647368371486663818359375" lon="120.26982508599758148193359375">
        <ele>6.80000019073486328125</ele>
        <time>2026-01-13T13:56:41.000Z</time>
        <extensions>
          <ns3:TrackPointExtension>
            <ns3:hr>143</ns3:hr>
            <ns3:cad>62</ns3:cad>
          </ns3:TrackPointExtension>
        </extensions>
      </trkpt>
      <trkpt lat="30.4466321133077144622802734375" lon="120.26983556337654590606689453125">
        <ele>6.80000019073486328125</ele>
        <time>2026-01-13T13:56:42.000Z</time>
        <extensions>
          <ns3:TrackPointExtension>
            <ns3:hr>143</ns3:hr>
            <ns3:cad>88</ns3:cad>
          </ns3:TrackPointExtension>
        </extensions>
      </trkpt>
      <trkpt lat="30.44661694206297397613525390625" lon="120.269844867289066314697265625">
        <ele>6.80000019073486328125</ele>
        <time>2026-01-13T13:56:43.000Z</time>
        <extensions>
          <ns3:TrackPointExtension>
            <ns3:hr>144</ns3:hr>
            <ns3:cad>89</ns3:cad>
          </ns3:TrackPointExtension>
        </extensions>
      </trkpt>
      <trkpt lat="30.4465985856950283050537109375" lon="120.2698520757257938385009765625">
        <ele>6.80000019073486328125</ele>
        <time>2026-01-13T13:56:44.000Z</time>
        <extensions>
          <ns3:TrackPointExtension>
            <ns3:hr>144</ns3:hr>
            <ns3:cad>89</ns3:cad>
          </ns3:TrackPointExtension>
        </extensions>
      </trkpt>
      <trkpt lat="30.446579642593860626220703125" lon="120.2698607929050922393798828125">
        <ele>6.80000019073486328125</ele>
        <time>2026-01-13T13:56:45.000Z</time>
        <extensions>
          <ns3:TrackPointExtension>
            <ns3:hr>144</ns3:hr>
            <ns3:cad>89</ns3:cad>
          </ns3:TrackPointExtension>
        </extensions>
      </trkpt>
      <trkpt lat="30.44655960984528064727783203125" lon="120.269871018826961517333984375">
        <ele>6.80000019073486328125</ele>
        <time>2026-01-13T13:56:46.000Z</time>
        <extensions>
          <ns3:TrackPointExtension>
            <ns3:hr>146</ns3:hr>
            <ns3:cad>89</ns3:cad>
          </ns3:TrackPointExtension>
        </extensions>
      </trkpt>
      <trkpt lat="30.4465399123728275299072265625" lon="120.26988283731043338775634765625">
        <ele>6.599999904632568359375</ele>
        <time>2026-01-13T13:56:47.000Z</time>
        <extensions>
          <ns3:TrackPointExtension>
            <ns3:hr>147</ns3:hr>
            <ns3:cad>90</ns3:cad>
          </ns3:TrackPointExtension>
        </extensions>
      </trkpt>
      <trkpt lat="30.44651904143393039703369140625" lon="120.26989205740392208099365234375">
        <ele>6.599999904632568359375</ele>
        <time>2026-01-13T13:56:48.000Z</time>
        <extensions>
          <ns3:TrackPointExtension>
            <ns3:hr>149</ns3:hr>
            <ns3:cad>90</ns3:cad>
          </ns3:TrackPointExtension>
        </extensions>
      </trkpt>
      <trkpt lat="30.44649875722825527191162109375" lon="120.26990152895450592041015625">
        <ele>6.599999904632568359375</ele>
        <time>2026-01-13T13:56:49.000Z</time>
        <extensions>
          <ns3:TrackPointExtension>
            <ns3:hr>146</ns3:hr>
            <ns3:cad>92</ns3:cad>
          </ns3:TrackPointExtension>
        </extensions>
      </trkpt>
      <trkpt lat="30.44647872447967529296875" lon="120.26991016231477260589599609375">
        <ele>6.400000095367431640625</ele>
        <time>2026-01-13T13:56:50.000Z</time>
        <extensions>
          <ns3:TrackPointExtension>
            <ns3:hr>146</ns3:hr>
            <ns3:cad>92</ns3:cad>
          </ns3:TrackPointExtension>
        </extensions>
      </trkpt>
      <trkpt lat="30.44645869173109531402587890625" lon="120.26992005296051502227783203125">
        <ele>6.400000095367431640625</ele>
        <time>2026-01-13T13:56:51.000Z</time>
        <extensions>
          <ns3:TrackPointExtension>
            <ns3:hr>148</ns3:hr>
            <ns3:cad>92</ns3:cad>
          </ns3:TrackPointExtension>
        </extensions>
      </trkpt>
      <trkpt lat="30.44643891043961048126220703125" lon="120.26992960833013057708740234375">
        <ele>6.19999980926513671875</ele>
        <time>2026-01-13T13:56:52.000Z</time>
        <extensions>
          <ns3:TrackPointExtension>
            <ns3:hr>146</ns3:hr>
            <ns3:cad>92</ns3:cad>
          </ns3:TrackPointExtension>
        </extensions>
      </trkpt>
      <trkpt lat="30.44641971588134765625" lon="120.269941426813602447509765625">
        <ele>6.19999980926513671875</ele>
        <time>2026-01-13T13:56:53.000Z</time>
        <extensions>
          <ns3:TrackPointExtension>
            <ns3:hr>145</ns3:hr>
            <ns3:cad>92</ns3:cad>
          </ns3:TrackPointExtension>
        </extensions>
      </trkpt>
      <trkpt lat="30.4464024491608142852783203125" lon="120.269953496754169464111328125">
        <ele>6</ele>
        <time>2026-01-13T13:56:54.000Z</time>
        <extensions>
          <ns3:TrackPointExtension>
            <ns3:hr>147</ns3:hr>
            <ns3:cad>92</ns3:cad>
          </ns3:TrackPointExtension>
        </extensions>
      </trkpt>
      <trkpt lat="30.44638711027801036834716796875" lon="120.2699603699147701263427734375">
        <ele>6</ele>
        <time>2026-01-13T13:56:55.000Z</time>
        <extensions>
          <ns3:TrackPointExtension>
            <ns3:hr>146</ns3:hr>
            <ns3:cad>91</ns3:cad>
          </ns3:TrackPointExtension>
        </extensions>
      </trkpt>
      <trkpt lat="30.4463779740035533905029296875" lon="120.26996598578989505767822265625">
        <ele>5.80000019073486328125</ele>
        <time>2026-01-13T13:56:56.000Z</time>
        <extensions>
          <ns3:TrackPointExtension>
            <ns3:hr>144</ns3:hr>
            <ns3:cad>91</ns3:cad>
          </ns3:TrackPointExtension>
        </extensions>
      </trkpt>
      <trkpt lat="30.44636867009103298187255859375" lon="120.2699724398553371429443359375">
        <ele>5.80000019073486328125</ele>
        <time>2026-01-13T13:56:57.000Z</time>
        <extensions>
          <ns3:TrackPointExtension>
            <ns3:hr>144</ns3:hr>
            <ns3:cad>90</ns3:cad>
          </ns3:TrackPointExtension>
        </extensions>
      </trkpt>
      <trkpt lat="30.44635961763560771942138671875" lon="120.269978307187557220458984375">
        <ele>5.599999904632568359375</ele>
        <time>2026-01-13T13:56:58.000Z</time>
        <extensions>
          <ns3:TrackPointExtension>
            <ns3:hr>143</ns3:hr>
            <ns3:cad>89</ns3:cad>
          </ns3:TrackPointExtension>
        </extensions>
      </trkpt>
      <trkpt lat="30.446346960961818695068359375" lon="120.2699858509004116058349609375">
        <ele>5.599999904632568359375</ele>
        <time>2026-01-13T13:56:59.000Z</time>
        <extensions>
          <ns3:TrackPointExtension>
            <ns3:hr>142</ns3:hr>
            <ns3:cad>89</ns3:cad>
          </ns3:TrackPointExtension>
        </extensions>
      </trkpt>
      <trkpt lat="30.44633279554545879364013671875" lon="120.26999666355550289154052734375">
        <ele>5.400000095367431640625</ele>
        <time>2026-01-13T13:57:00.000Z</time>
        <extensions>
          <ns3:TrackPointExtension>
            <ns3:hr>143</ns3:hr>
            <ns3:cad>83</ns3:cad>
          </ns3:TrackPointExtension>
        </extensions>
      </trkpt>
      <trkpt lat="30.44631619937717914581298828125" lon="120.270009152591228485107421875">
        <ele>5.19999980926513671875</ele>
        <time>2026-01-13T13:57:01.000Z</time>
        <extensions>
          <ns3:TrackPointExtension>
            <ns3:hr>144</ns3:hr>
            <ns3:cad>83</ns3:cad>
          </ns3:TrackPointExtension>
        </extensions>
      </trkpt>
      <trkpt lat="30.44629834592342376708984375" lon="120.27002247981727123260498046875">
        <ele>5</ele>
        <time>2026-01-13T13:57:02.000Z</time>
        <extensions>
          <ns3:TrackPointExtension>
            <ns3:hr>146</ns3:hr>
            <ns3:cad>83</ns3:cad>
          </ns3:TrackPointExtension>
        </extensions>
      </trkpt>
      <trkpt lat="30.44628116302192211151123046875" lon="120.27003538794815540313720703125">
        <ele>5</ele>
        <time>2026-01-13T13:57:03.000Z</time>
        <extensions>
          <ns3:TrackPointExtension>
            <ns3:hr>145</ns3:hr>
            <ns3:cad>88</ns3:cad>
          </ns3:TrackPointExtension>
        </extensions>
      </trkpt>
      <trkpt lat="30.44626255519688129425048828125" lon="120.27004645206034183502197265625">
        <ele>4.80000019073486328125</ele>
        <time>2026-01-13T13:57:04.000Z</time>
        <extensions>
          <ns3:TrackPointExtension>
            <ns3:hr>145</ns3:hr>
            <ns3:cad>89</ns3:cad>
          </ns3:TrackPointExtension>
        </extensions>
      </trkpt>
      <trkpt lat="30.44624478556215763092041015625" lon="120.27005751617252826690673828125">
        <ele>4.599999904632568359375</ele>
        <time>2026-01-13T13:57:05.000Z</time>
        <extensions>
          <ns3:TrackPointExtension>
            <ns3:hr>146</ns3:hr>
            <ns3:cad>89</ns3:cad>
          </ns3:TrackPointExtension>
        </extensions>
      </trkpt>
      <trkpt lat="30.4462267644703388214111328125" lon="120.27006975375115871429443359375">
        <ele>4.400000095367431640625</ele>
        <time>2026-01-13T13:57:06.000Z</time>
        <extensions>
          <ns3:TrackPointExtension>
            <ns3:hr>144</ns3:hr>
            <ns3:cad>89</ns3:cad>
          </ns3:TrackPointExtension>
        </extensions>
      </trkpt>
      <trkpt lat="30.4462145268917083740234375" lon="120.27008014731109142303466796875">
        <ele>4.400000095367431640625</ele>
        <time>2026-01-13T13:57:07.000Z</time>
        <extensions>
          <ns3:TrackPointExtension>
            <ns3:hr>146</ns3:hr>
            <ns3:cad>90</ns3:cad>
          </ns3:TrackPointExtension>
        </extensions>
      </trkpt>
      <trkpt lat="30.446204133331775665283203125" lon="120.27008794248104095458984375">
        <ele>4.400000095367431640625</ele>
        <time>2026-01-13T13:57:08.000Z</time>
        <extensions>
          <ns3:TrackPointExtension>
            <ns3:hr>146</ns3:hr>
            <ns3:cad>90</ns3:cad>
          </ns3:TrackPointExtension>
        </extensions>
      </trkpt>
      <trkpt lat="30.446191728115081787109375" lon="120.27009464800357818603515625">
        <ele>4.400000095367431640625</ele>
        <time>2026-01-13T13:57:09.000Z</time>
        <extensions>
          <ns3:TrackPointExtension>
            <ns3:hr>146</ns3:hr>
            <ns3:cad>89</ns3:cad>
          </ns3:TrackPointExtension>
        </extensions>
      </trkpt>
      <trkpt lat="30.44617722742259502410888671875" lon="120.2700998447835445404052734375">
        <ele>4.400000095367431640625</ele>
        <time>2026-01-13T13:57:10.000Z</time>
        <extensions>
          <ns3:TrackPointExtension>
            <ns3:hr>145</ns3:hr>
            <ns3:cad>89</ns3:cad>
          </ns3:TrackPointExtension>
        </extensions>
      </trkpt>
      <trkpt lat="30.44616800732910633087158203125" lon="120.2701078914105892181396484375">
        <ele>4.400000095367431640625</ele>
        <time>2026-01-13T13:57:11.000Z</time>
        <extensions>
          <ns3:TrackPointExtension>
            <ns3:hr>147</ns3:hr>
            <ns3:cad>89</ns3:cad>
          </ns3:TrackPointExtension>
        </extensions>
      </trkpt>
      <trkpt lat="30.44616096653044223785400390625" lon="120.27011652477085590362548828125">
        <ele>4.19999980926513671875</ele>
        <time>2026-01-13T13:57:12.000Z</time>
        <extensions>
          <ns3:TrackPointExtension>
            <ns3:hr>146</ns3:hr>
            <ns3:cad>89</ns3:cad>
          </ns3:TrackPointExtension>
        </extensions>
      </trkpt>
      <trkpt lat="30.446152500808238983154296875" lon="120.27012239210307598114013671875">
        <ele>4.19999980926513671875</ele>
        <time>2026-01-13T13:57:13.000Z</time>
        <extensions>
          <ns3:TrackPointExtension>
            <ns3:hr>146</ns3:hr>
            <ns3:cad>64</ns3:cad>
          </ns3:TrackPointExtension>
        </extensions>
      </trkpt>
      <trkpt lat="30.44614319689571857452392578125" lon="120.27012775652110576629638671875">
        <ele>4.19999980926513671875</ele>
        <time>2026-01-13T13:57:14.000Z</time>
        <extensions>
          <ns3:TrackPointExtension>
            <ns3:hr>144</ns3:hr>
            <ns3:cad>62</ns3:cad>
          </ns3:TrackPointExtension>
        </extensions>
      </trkpt>
      <trkpt lat="30.446132719516754150390625" lon="120.2701328694820404052734375">
        <ele>4.19999980926513671875</ele>
        <time>2026-01-13T13:57:15.000Z</time>
        <extensions>
          <ns3:TrackPointExtension>
            <ns3:hr>145</ns3:hr>
            <ns3:cad>62</ns3:cad>
          </ns3:TrackPointExtension>
        </extensions>
      </trkpt>
      <trkpt lat="30.44612308032810688018798828125" lon="120.27014032937586307525634765625">
        <ele>4.19999980926513671875</ele>
        <time>2026-01-13T13:57:16.000Z</time>
        <extensions>
          <ns3:TrackPointExtension>
            <ns3:hr>144</ns3:hr>
            <ns3:cad>62</ns3:cad>
          </ns3:TrackPointExtension>
        </extensions>
      </trkpt>
      <trkpt lat="30.446112938225269317626953125" lon="120.27014887891709804534912109375">
        <ele>4.19999980926513671875</ele>
        <time>2026-01-13T13:57:17.000Z</time>
        <extensions>
          <ns3:TrackPointExtension>
            <ns3:hr>145</ns3:hr>
            <ns3:cad>63</ns3:cad>
          </ns3:TrackPointExtension>
        </extensions>
      </trkpt>
      <trkpt lat="30.44610380195081233978271484375" lon="120.27015809901058673858642578125">
        <ele>4.19999980926513671875</ele>
        <time>2026-01-13T13:57:18.000Z</time>
        <extensions>
          <ns3:TrackPointExtension>
            <ns3:hr>144</ns3:hr>
            <ns3:cad>63</ns3:cad>
          </ns3:TrackPointExtension>
        </extensions>
      </trkpt>
      <trkpt lat="30.446092821657657623291015625" lon="120.2701677381992340087890625">
        <ele>4.19999980926513671875</ele>
        <time>2026-01-13T13:57:19.000Z</time>
        <extensions>
          <ns3:TrackPointExtension>
            <ns3:hr>143</ns3:hr>
            <ns3:cad>63</ns3:cad>
          </ns3:TrackPointExtension>
        </extensions>
      </trkpt>
      <trkpt lat="30.446077398955821990966796875" lon="120.27017804794013500213623046875">
        <ele>4</ele>
        <time>2026-01-13T13:57:20.000Z</time>
        <extensions>
          <ns3:TrackPointExtension>
            <ns3:hr>143</ns3:hr>
            <ns3:cad>63</ns3:cad>
          </ns3:TrackPointExtension>
        </extensions>
      </trkpt>
      <trkpt lat="30.44605988077819347381591796875" lon="120.270187854766845703125">
        <ele>4</ele>
        <time>2026-01-13T13:57:21.000Z</time>
        <extensions>
          <ns3:TrackPointExtension>
            <ns3:hr>141</ns3:hr>
            <ns3:cad>63</ns3:cad>
          </ns3:TrackPointExtension>
        </extensions>
      </trkpt>
      <trkpt lat="30.44604227878153324127197265625" lon="120.2701985836029052734375">
        <ele>4</ele>
        <time>2026-01-13T13:57:22.000Z</time>
        <extensions>
          <ns3:TrackPointExtension>
            <ns3:hr>141</ns3:hr>
            <ns3:cad>63</ns3:cad>
          </ns3:TrackPointExtension>
        </extensions>
      </trkpt>
      <trkpt lat="30.4460267722606658935546875" lon="120.2702088095247745513916015625">
        <ele>4</ele>
        <time>2026-01-13T13:57:23.000Z</time>
        <extensions>
          <ns3:TrackPointExtension>
            <ns3:hr>142</ns3:hr>
            <ns3:cad>0</ns3:cad>
          </ns3:TrackPointExtension>
        </extensions>
      </trkpt>
      <trkpt lat="30.44601327739655971527099609375" lon="120.27021677233278751373291015625">
        <ele>4</ele>
        <time>2026-01-13T13:57:24.000Z</time>
        <extensions>
          <ns3:TrackPointExtension>
            <ns3:hr>142</ns3:hr>
            <ns3:cad>0</ns3:cad>
          </ns3:TrackPointExtension>
        </extensions>
      </trkpt>
      <trkpt lat="30.4460024647414684295654296875" lon="120.2702252380549907684326171875">
        <ele>3.7999999523162841796875</ele>
        <time>2026-01-13T13:57:25.000Z</time>
        <extensions>
          <ns3:TrackPointExtension>
            <ns3:hr>139</ns3:hr>
            <ns3:cad>68</ns3:cad>
          </ns3:TrackPointExtension>
        </extensions>
      </trkpt>
      <trkpt lat="30.44599349610507488250732421875" lon="120.270233787596225738525390625">
        <ele>3.7999999523162841796875</ele>
        <time>2026-01-13T13:57:26.000Z</time>
        <extensions>
          <ns3:TrackPointExtension>
            <ns3:hr>138</ns3:hr>
            <ns3:cad>68</ns3:cad>
          </ns3:TrackPointExtension>
        </extensions>
      </trkpt>
      <trkpt lat="30.44598327018320560455322265625" lon="120.27024124749004840850830078125">
        <ele>3.7999999523162841796875</ele>
        <time>2026-01-13T13:57:27.000Z</time>
        <extensions>
          <ns3:TrackPointExtension>
            <ns3:hr>138</ns3:hr>
            <ns3:cad>0</ns3:cad>
          </ns3:TrackPointExtension>
        </extensions>
      </trkpt>
      <trkpt lat="30.44597321189939975738525390625" lon="120.27024845592677593231201171875">
        <ele>3.7999999523162841796875</ele>
        <time>2026-01-13T13:57:28.000Z</time>
        <extensions>
          <ns3:TrackPointExtension>
            <ns3:hr>137</ns3:hr>
            <ns3:cad>0</ns3:cad>
          </ns3:TrackPointExtension>
        </extensions>
      </trkpt>
      <trkpt lat="30.445966422557830810546875" lon="120.270252563059329986572265625">
        <ele>3.7999999523162841796875</ele>
        <time>2026-01-13T13:57:29.000Z</time>
        <extensions>
          <ns3:TrackPointExtension>
            <ns3:hr>138</ns3:hr>
            <ns3:cad>0</ns3:cad>
          </ns3:TrackPointExtension>
        </extensions>
      </trkpt>
      <trkpt lat="30.44596365652978420257568359375" lon="120.27025415562093257904052734375">
        <ele>3.7999999523162841796875</ele>
        <time>2026-01-13T13:57:30.000Z</time>
        <extensions>
          <ns3:TrackPointExtension>
            <ns3:hr>136</ns3:hr>
            <ns3:cad>0</ns3:cad>
          </ns3:TrackPointExtension>
        </extensions>
      </trkpt>
      <trkpt lat="30.44596298597753047943115234375" lon="120.27025465853512287139892578125">
        <ele>3.7999999523162841796875</ele>
        <time>2026-01-13T13:57:31.000Z</time>
        <extensions>
          <ns3:TrackPointExtension>
            <ns3:hr>136</ns3:hr>
            <ns3:cad>0</ns3:cad>
          </ns3:TrackPointExtension>
        </extensions>
      </trkpt>
      <trkpt lat="30.44596315361559391021728515625" lon="120.270254909992218017578125">
        <ele>3.7999999523162841796875</ele>
        <time>2026-01-13T13:57:32.000Z</time>
        <extensions>
          <ns3:TrackPointExtension>
            <ns3:hr>134</ns3:hr>
            <ns3:cad>0</ns3:cad>
          </ns3:TrackPointExtension>
        </extensions>
      </trkpt>
      <trkpt lat="30.44596365652978420257568359375" lon="120.2702550776302814483642578125">
        <ele>3.7999999523162841796875</ele>
        <time>2026-01-13T13:57:33.000Z</time>
        <extensions>
          <ns3:TrackPointExtension>
            <ns3:hr>133</ns3:hr>
            <ns3:cad>0</ns3:cad>
          </ns3:TrackPointExtension>
        </extensions>
      </trkpt>
      <trkpt lat="30.445964075624942779541015625" lon="120.27025516144931316375732421875">
        <ele>3.7999999523162841796875</ele>
        <time>2026-01-13T13:57:34.000Z</time>
        <extensions>
          <ns3:TrackPointExtension>
            <ns3:hr>132</ns3:hr>
            <ns3:cad>0</ns3:cad>
          </ns3:TrackPointExtension>
        </extensions>
      </trkpt>
      <trkpt lat="30.445790402591228485107421875" lon="120.27038005180656909942626953125">
        <ele>4</ele>
        <time>2026-01-13T13:58:37.000Z</time>
        <extensions>
          <ns3:TrackPointExtension>
            <ns3:hr>119</ns3:hr>
            <ns3:cad>91</ns3:cad>
          </ns3:TrackPointExtension>
        </extensions>
      </trkpt>
      <trkpt lat="30.44576467014849185943603515625" lon="120.27039715088903903961181640625">
        <ele>4</ele>
        <time>2026-01-13T13:58:38.000Z</time>
        <extensions>
          <ns3:TrackPointExtension>
            <ns3:hr>118</ns3:hr>
            <ns3:cad>91</ns3:cad>
          </ns3:TrackPointExtension>
        </extensions>
      </trkpt>
      <trkpt lat="30.44574178755283355712890625" lon="120.2704106457531452178955078125">
        <ele>3.7999999523162841796875</ele>
        <time>2026-01-13T13:58:39.000Z</time>
        <extensions>
          <ns3:TrackPointExtension>
            <ns3:hr>118</ns3:hr>
            <ns3:cad>91</ns3:cad>
          </ns3:TrackPointExtension>
        </extensions>
      </trkpt>
      <trkpt lat="30.44571924023330211639404296875" lon="120.27042279951274394989013671875">
        <ele>3.7999999523162841796875</ele>
        <time>2026-01-13T13:58:40.000Z</time>
        <extensions>
          <ns3:TrackPointExtension>
            <ns3:hr>117</ns3:hr>
            <ns3:cad>90</ns3:cad>
          </ns3:TrackPointExtension>
        </extensions>
      </trkpt>
      <trkpt lat="30.4456976987421512603759765625" lon="120.270435623824596405029296875">
        <ele>3.7999999523162841796875</ele>
        <time>2026-01-13T13:58:41.000Z</time>
        <extensions>
          <ns3:TrackPointExtension>
            <ns3:hr>117</ns3:hr>
            <ns3:cad>90</ns3:cad>
          </ns3:TrackPointExtension>
        </extensions>
      </trkpt>
      <trkpt lat="30.44567406177520751953125" lon="120.27044710703194141387939453125">
        <ele>4</ele>
        <time>2026-01-13T13:58:42.000Z</time>
        <extensions>
          <ns3:TrackPointExtension>
            <ns3:hr>117</ns3:hr>
            <ns3:cad>92</ns3:cad>
          </ns3:TrackPointExtension>
        </extensions>
      </trkpt>
      <trkpt lat="30.44564866460859775543212890625" lon="120.27046068571507930755615234375">
        <ele>4</ele>
        <time>2026-01-13T13:58:43.000Z</time>
        <extensions>
          <ns3:TrackPointExtension>
            <ns3:hr>118</ns3:hr>
            <ns3:cad>92</ns3:cad>
          </ns3:TrackPointExtension>
        </extensions>
      </trkpt>
      <trkpt lat="30.4456229321658611297607421875" lon="120.2704735100269317626953125">
        <ele>4</ele>
        <time>2026-01-13T13:58:44.000Z</time>
        <extensions>
          <ns3:TrackPointExtension>
            <ns3:hr>117</ns3:hr>
            <ns3:cad>92</ns3:cad>
          </ns3:TrackPointExtension>
        </extensions>
      </trkpt>
      <trkpt lat="30.44559870846569538116455078125" lon="120.2704874239861965179443359375">
        <ele>4</ele>
        <time>2026-01-13T13:58:45.000Z</time>
        <extensions>
          <ns3:TrackPointExtension>
            <ns3:hr>117</ns3:hr>
            <ns3:cad>92</ns3:cad>
          </ns3:TrackPointExtension>
        </extensions>
      </trkpt>
      <trkpt lat="30.44557322748005390167236328125" lon="120.27049957774579524993896484375">
        <ele>4</ele>
        <time>2026-01-13T13:58:46.000Z</time>
        <extensions>
          <ns3:TrackPointExtension>
            <ns3:hr>117</ns3:hr>
            <ns3:cad>92</ns3:cad>
          </ns3:TrackPointExtension>
        </extensions>
      </trkpt>
      <trkpt lat="30.44554925523698329925537109375" lon="120.2705125696957111358642578125">
        <ele>4</ele>
        <time>2026-01-13T13:58:47.000Z</time>
        <extensions>
          <ns3:TrackPointExtension>
            <ns3:hr>117</ns3:hr>
            <ns3:cad>92</ns3:cad>
          </ns3:TrackPointExtension>
        </extensions>
      </trkpt>
      <trkpt lat="30.44552628882229328155517578125" lon="120.27052690275013446807861328125">
        <ele>4.19999980926513671875</ele>
        <time>2026-01-13T13:58:48.000Z</time>
        <extensions>
          <ns3:TrackPointExtension>
            <ns3:hr>117</ns3:hr>
            <ns3:cad>92</ns3:cad>
          </ns3:TrackPointExtension>
        </extensions>
      </trkpt>
      <trkpt lat="30.4455032385885715484619140625" lon="120.270540229976177215576171875">
        <ele>4.19999980926513671875</ele>
        <time>2026-01-13T13:58:49.000Z</time>
        <extensions>
          <ns3:TrackPointExtension>
            <ns3:hr>118</ns3:hr>
            <ns3:cad>92</ns3:cad>
          </ns3:TrackPointExtension>
        </extensions>
      </trkpt>
      <trkpt lat="30.44547901488840579986572265625" lon="120.2705554850399494171142578125">
        <ele>4.19999980926513671875</ele>
        <time>2026-01-13T13:58:50.000Z</time>
        <extensions>
          <ns3:TrackPointExtension>
            <ns3:hr>120</ns3:hr>
            <ns3:cad>93</ns3:cad>
          </ns3:TrackPointExtension>
        </extensions>
      </trkpt>
      <trkpt lat="30.44545403681695461273193359375" lon="120.2705678902566432952880859375">
        <ele>4.400000095367431640625</ele>
        <time>2026-01-13T13:58:51.000Z</time>
        <extensions>
          <ns3:TrackPointExtension>
            <ns3:hr>121</ns3:hr>
            <ns3:cad>93</ns3:cad>
          </ns3:TrackPointExtension>
        </extensions>
      </trkpt>
      <trkpt lat="30.44543056748807430267333984375" lon="120.27058172039687633514404296875">
        <ele>4.400000095367431640625</ele>
        <time>2026-01-13T13:58:52.000Z</time>
        <extensions>
          <ns3:TrackPointExtension>
            <ns3:hr>122</ns3:hr>
            <ns3:cad>93</ns3:cad>
          </ns3:TrackPointExtension>
        </extensions>
      </trkpt>
      <trkpt lat="30.4454110376536846160888671875" lon="120.27059630490839481353759765625">
        <ele>4.400000095367431640625</ele>
        <time>2026-01-13T13:58:53.000Z</time>
        <extensions>
          <ns3:TrackPointExtension>
            <ns3:hr>124</ns3:hr>
            <ns3:cad>93</ns3:cad>
          </ns3:TrackPointExtension>
        </extensions>
      </trkpt>
      <trkpt lat="30.44538907706737518310546875" lon="120.2706087939441204071044921875">
        <ele>4.400000095367431640625</ele>
        <time>2026-01-13T13:58:54.000Z</time>
        <extensions>
          <ns3:TrackPointExtension>
            <ns3:hr>127</ns3:hr>
            <ns3:cad>94</ns3:cad>
          </ns3:TrackPointExtension>
        </extensions>
      </trkpt>
      <trkpt lat="30.44536787085235118865966796875" lon="120.270621366798877716064453125">
        <ele>4.400000095367431640625</ele>
        <time>2026-01-13T13:58:55.000Z</time>
        <extensions>
          <ns3:TrackPointExtension>
            <ns3:hr>128</ns3:hr>
            <ns3:cad>94</ns3:cad>
          </ns3:TrackPointExtension>
        </extensions>
      </trkpt>
      <trkpt lat="30.44534959830343723297119140625" lon="120.27063620276749134063720703125">
        <ele>4.400000095367431640625</ele>
        <time>2026-01-13T13:58:56.000Z</time>
        <extensions>
          <ns3:TrackPointExtension>
            <ns3:hr>130</ns3:hr>
            <ns3:cad>94</ns3:cad>
          </ns3:TrackPointExtension>
        </extensions>
      </trkpt>
      <trkpt lat="30.44533065520226955413818359375" lon="120.2706491947174072265625">
        <ele>4.400000095367431640625</ele>
        <time>2026-01-13T13:58:57.000Z</time>
        <extensions>
          <ns3:TrackPointExtension>
            <ns3:hr>129</ns3:hr>
            <ns3:cad>95</ns3:cad>
          </ns3:TrackPointExtension>
        </extensions>
      </trkpt>
      <trkpt lat="30.4453067667782306671142578125" lon="120.27066486887633800506591796875">
        <ele>4.19999980926513671875</ele>
        <time>2026-01-13T13:58:58.000Z</time>
        <extensions>
          <ns3:TrackPointExtension>
            <ns3:hr>132</ns3:hr>
            <ns3:cad>95</ns3:cad>
          </ns3:TrackPointExtension>
        </extensions>
      </trkpt>
      <trkpt lat="30.44528757221996784210205078125" lon="120.27067559771239757537841796875">
        <ele>4.19999980926513671875</ele>
        <time>2026-01-13T13:58:59.000Z</time>
        <extensions>
          <ns3:TrackPointExtension>
            <ns3:hr>131</ns3:hr>
            <ns3:cad>94</ns3:cad>
          </ns3:TrackPointExtension>
        </extensions>
      </trkpt>
      <trkpt lat="30.4452621750533580780029296875" lon="120.2706865780055522918701171875">
        <ele>4</ele>
        <time>2026-01-13T13:59:00.000Z</time>
        <extensions>
          <ns3:TrackPointExtension>
            <ns3:hr>133</ns3:hr>
            <ns3:cad>94</ns3:cad>
          </ns3:TrackPointExtension>
        </extensions>
      </trkpt>
      <trkpt lat="30.44523711316287517547607421875" lon="120.27069856412708759307861328125">
        <ele>4</ele>
        <time>2026-01-13T13:59:01.000Z</time>
        <extensions>
          <ns3:TrackPointExtension>
            <ns3:hr>132</ns3:hr>
            <ns3:cad>93</ns3:cad>
          </ns3:TrackPointExtension>
        </extensions>
      </trkpt>
      <trkpt lat="30.4452162422239780426025390625" lon="120.27071289718151092529296875">
        <ele>4</ele>
        <time>2026-01-13T13:59:02.000Z</time>
        <extensions>
          <ns3:TrackPointExtension>
            <ns3:hr>132</ns3:hr>
            <ns3:cad>93</ns3:cad>
          </ns3:TrackPointExtension>
        </extensions>
      </trkpt>
      <trkpt lat="30.44519268907606601715087890625" lon="120.27072723023593425750732421875">
        <ele>4</ele>
        <time>2026-01-13T13:59:03.000Z</time>
        <extensions>
          <ns3:TrackPointExtension>
            <ns3:hr>133</ns3:hr>
            <ns3:cad>94</ns3:cad>
          </ns3:TrackPointExtension>
        </extensions>
      </trkpt>
      <trkpt lat="30.4451657831668853759765625" lon="120.27074550278484821319580078125">
        <ele>4</ele>
        <time>2026-01-13T13:59:04.000Z</time>
        <extensions>
          <ns3:TrackPointExtension>
            <ns3:hr>134</ns3:hr>
            <ns3:cad>94</ns3:cad>
          </ns3:TrackPointExtension>
        </extensions>
      </trkpt>
      <trkpt lat="30.44514725916087627410888671875" lon="120.2707566507160663604736328125">
        <ele>4</ele>
        <time>2026-01-13T13:59:05.000Z</time>
        <extensions>
          <ns3:TrackPointExtension>
            <ns3:hr>136</ns3:hr>
            <ns3:cad>94</ns3:cad>
          </ns3:TrackPointExtension>
        </extensions>
      </trkpt>
      <trkpt lat="30.44512630440294742584228515625" lon="120.27077282778918743133544921875">
        <ele>4</ele>
        <time>2026-01-13T13:59:06.000Z</time>
        <extensions>
          <ns3:TrackPointExtension>
            <ns3:hr>137</ns3:hr>
            <ns3:cad>94</ns3:cad>
          </ns3:TrackPointExtension>
        </extensions>
      </trkpt>
      <trkpt lat="30.445106439292430877685546875" lon="120.27078825049102306365966796875">
        <ele>4</ele>
        <time>2026-01-13T13:59:07.000Z</time>
        <extensions>
          <ns3:TrackPointExtension>
            <ns3:hr>137</ns3:hr>
            <ns3:cad>93</ns3:cad>
          </ns3:TrackPointExtension>
        </extensions>
      </trkpt>
      <trkpt lat="30.44508590362966060638427734375" lon="120.27080266736447811126708984375">
        <ele>4</ele>
        <time>2026-01-13T13:59:08.000Z</time>
        <extensions>
          <ns3:TrackPointExtension>
            <ns3:hr>137</ns3:hr>
            <ns3:cad>93</ns3:cad>
          </ns3:TrackPointExtension>
        </extensions>
      </trkpt>
      <trkpt lat="30.44506394304335117340087890625" lon="120.27081624604761600494384765625">
        <ele>4</ele>
        <time>2026-01-13T13:59:09.000Z</time>
        <extensions>
          <ns3:TrackPointExtension>
            <ns3:hr>139</ns3:hr>
            <ns3:cad>93</ns3:cad>
          </ns3:TrackPointExtension>
        </extensions>
      </trkpt>
      <trkpt lat="30.4450422339141368865966796875" lon="120.27083016000688076019287109375">
        <ele>4</ele>
        <time>2026-01-13T13:59:10.000Z</time>
        <extensions>
          <ns3:TrackPointExtension>
            <ns3:hr>138</ns3:hr>
            <ns3:cad>93</ns3:cad>
          </ns3:TrackPointExtension>
        </extensions>
      </trkpt>
      <trkpt lat="30.44502295553684234619140625" lon="120.27084608562290668487548828125">
        <ele>4</ele>
        <time>2026-01-13T13:59:11.000Z</time>
        <extensions>
          <ns3:TrackPointExtension>
            <ns3:hr>139</ns3:hr>
            <ns3:cad>94</ns3:cad>
          </ns3:TrackPointExtension>
        </extensions>
      </trkpt>
      <trkpt lat="30.44500418007373809814453125" lon="120.2708597481250762939453125">
        <ele>4</ele>
        <time>2026-01-13T13:59:12.000Z</time>
        <extensions>
          <ns3:TrackPointExtension>
            <ns3:hr>140</ns3:hr>
            <ns3:cad>94</ns3:cad>
          </ns3:TrackPointExtension>
        </extensions>
      </trkpt>
      <trkpt lat="30.44498180039227008819580078125" lon="120.27087659575045108795166015625">
        <ele>4</ele>
        <time>2026-01-13T13:59:13.000Z</time>
        <extensions>
          <ns3:TrackPointExtension>
            <ns3:hr>140</ns3:hr>
            <ns3:cad>94</ns3:cad>
          </ns3:TrackPointExtension>
        </extensions>
      </trkpt>
      <trkpt lat="30.44496260583400726318359375" lon="120.270886234939098358154296875">
        <ele>4</ele>
        <time>2026-01-13T13:59:14.000Z</time>
        <extensions>
          <ns3:TrackPointExtension>
            <ns3:hr>140</ns3:hr>
            <ns3:cad>94</ns3:cad>
          </ns3:TrackPointExtension>
        </extensions>
      </trkpt>
      <trkpt lat="30.4449403099715709686279296875" lon="120.270898640155792236328125">
        <ele>4</ele>
        <time>2026-01-13T13:59:15.000Z</time>
        <extensions>
          <ns3:TrackPointExtension>
            <ns3:hr>143</ns3:hr>
            <ns3:cad>94</ns3:cad>
          </ns3:TrackPointExtension>
        </extensions>
      </trkpt>
      <trkpt lat="30.44491273351013660430908203125" lon="120.2709159068763256072998046875">
        <ele>4</ele>
        <time>2026-01-13T13:59:16.000Z</time>
        <extensions>
          <ns3:TrackPointExtension>
            <ns3:hr>141</ns3:hr>
            <ns3:cad>94</ns3:cad>
          </ns3:TrackPointExtension>
        </extensions>
      </trkpt>
      <trkpt lat="30.44489496387541294097900390625" lon="120.27092789299786090850830078125">
        <ele>4</ele>
        <time>2026-01-13T13:59:17.000Z</time>
        <extensions>
          <ns3:TrackPointExtension>
            <ns3:hr>141</ns3:hr>
            <ns3:cad>94</ns3:cad>
          </ns3:TrackPointExtension>
        </extensions>
      </trkpt>
      <trkpt lat="30.44487451203167438507080078125" lon="120.270943902432918548583984375">
        <ele>4</ele>
        <time>2026-01-13T13:59:18.000Z</time>
        <extensions>
          <ns3:TrackPointExtension>
            <ns3:hr>142</ns3:hr>
            <ns3:cad>94</ns3:cad>
          </ns3:TrackPointExtension>
        </extensions>
      </trkpt>
      <trkpt lat="30.4448561556637287139892578125" lon="120.27096007950603961944580078125">
        <ele>3.7999999523162841796875</ele>
        <time>2026-01-13T13:59:19.000Z</time>
        <extensions>
          <ns3:TrackPointExtension>
            <ns3:hr>144</ns3:hr>
            <ns3:cad>95</ns3:cad>
          </ns3:TrackPointExtension>
        </extensions>
      </trkpt>
      <trkpt lat="30.44483209960162639617919921875" lon="120.270976759493350982666015625">
        <ele>3.7999999523162841796875</ele>
        <time>2026-01-13T13:59:20.000Z</time>
        <extensions>
          <ns3:TrackPointExtension>
            <ns3:hr>146</ns3:hr>
            <ns3:cad>95</ns3:cad>
          </ns3:TrackPointExtension>
        </extensions>
      </trkpt>
      <trkpt lat="30.44481131248176097869873046875" lon="120.27099318802356719970703125">
        <ele>3.599999904632568359375</ele>
        <time>2026-01-13T13:59:21.000Z</time>
        <extensions>
          <ns3:TrackPointExtension>
            <ns3:hr>145</ns3:hr>
            <ns3:cad>95</ns3:cad>
          </ns3:TrackPointExtension>
        </extensions>
      </trkpt>
      <trkpt lat="30.4447914473712444305419921875" lon="120.27101070620119571685791015625">
        <ele>3.400000095367431640625</ele>
        <time>2026-01-13T13:59:22.000Z</time>
        <extensions>
          <ns3:TrackPointExtension>
            <ns3:hr>146</ns3:hr>
            <ns3:cad>95</ns3:cad>
          </ns3:TrackPointExtension>
        </extensions>
      </trkpt>
      <trkpt lat="30.44477309100329875946044921875" lon="120.27102864347398281097412109375">
        <ele>3.400000095367431640625</ele>
        <time>2026-01-13T13:59:23.000Z</time>
        <extensions>
          <ns3:TrackPointExtension>
            <ns3:hr>146</ns3:hr>
            <ns3:cad>95</ns3:cad>
          </ns3:TrackPointExtension>
        </extensions>
      </trkpt>
      <trkpt lat="30.44475414790213108062744140625" lon="120.2710448205471038818359375">
        <ele>3.2000000476837158203125</ele>
        <time>2026-01-13T13:59:24.000Z</time>
        <extensions>
          <ns3:TrackPointExtension>
            <ns3:hr>146</ns3:hr>
            <ns3:cad>95</ns3:cad>
          </ns3:TrackPointExtension>
        </extensions>
      </trkpt>
      <trkpt lat="30.44473570771515369415283203125" lon="120.27106200344860553741455078125">
        <ele>3</ele>
        <time>2026-01-13T13:59:25.000Z</time>
        <extensions>
          <ns3:TrackPointExtension>
            <ns3:hr>146</ns3:hr>
            <ns3:cad>95</ns3:cad>
          </ns3:TrackPointExtension>
        </extensions>
      </trkpt>
      <trkpt lat="30.44471559114754199981689453125" lon="120.27107767760753631591796875">
        <ele>3</ele>
        <time>2026-01-13T13:59:26.000Z</time>
        <extensions>
          <ns3:TrackPointExtension>
            <ns3:hr>146</ns3:hr>
            <ns3:cad>95</ns3:cad>
          </ns3:TrackPointExtension>
        </extensions>
      </trkpt>
      <trkpt lat="30.4446952231228351593017578125" lon="120.27109251357614994049072265625">
        <ele>3</ele>
        <time>2026-01-13T13:59:27.000Z</time>
        <extensions>
          <ns3:TrackPointExtension>
            <ns3:hr>147</ns3:hr>
            <ns3:cad>94</ns3:cad>
          </ns3:TrackPointExtension>
        </extensions>
      </trkpt>
      <trkpt lat="30.44467636384069919586181640625" lon="120.2711065113544464111328125">
        <ele>3</ele>
        <time>2026-01-13T13:59:28.000Z</time>
        <extensions>
          <ns3:TrackPointExtension>
            <ns3:hr>146</ns3:hr>
            <ns3:cad>94</ns3:cad>
          </ns3:TrackPointExtension>
        </extensions>
      </trkpt>
      <trkpt lat="30.44465457089245319366455078125" lon="120.27112067677080631256103515625">
        <ele>3</ele>
        <time>2026-01-13T13:59:29.000Z</time>
        <extensions>
          <ns3:TrackPointExtension>
            <ns3:hr>147</ns3:hr>
            <ns3:cad>94</ns3:cad>
          </ns3:TrackPointExtension>
        </extensions>
      </trkpt>
      <trkpt lat="30.44463126920163631439208984375" lon="120.27113492600619792938232421875">
        <ele>3.2000000476837158203125</ele>
        <time>2026-01-13T13:59:30.000Z</time>
        <extensions>
          <ns3:TrackPointExtension>
            <ns3:hr>148</ns3:hr>
            <ns3:cad>94</ns3:cad>
          </ns3:TrackPointExtension>
        </extensions>
      </trkpt>
      <trkpt lat="30.4446087218821048736572265625" lon="120.271148420870304107666015625">
        <ele>3.2000000476837158203125</ele>
        <time>2026-01-13T13:59:31.000Z</time>
        <extensions>
          <ns3:TrackPointExtension>
            <ns3:hr>148</ns3:hr>
            <ns3:cad>94</ns3:cad>
          </ns3:TrackPointExtension>
        </extensions>
      </trkpt>
      <trkpt lat="30.444587767124176025390625" lon="120.271163173019886016845703125">
        <ele>3.400000095367431640625</ele>
        <time>2026-01-13T13:59:32.000Z</time>
        <extensions>
          <ns3:TrackPointExtension>
            <ns3:hr>148</ns3:hr>
            <ns3:cad>94</ns3:cad>
          </ns3:TrackPointExtension>
        </extensions>
      </trkpt>
      <trkpt lat="30.44456689618527889251708984375" lon="120.27117633260786533355712890625">
        <ele>3.400000095367431640625</ele>
        <time>2026-01-13T13:59:33.000Z</time>
        <extensions>
          <ns3:TrackPointExtension>
            <ns3:hr>146</ns3:hr>
            <ns3:cad>94</ns3:cad>
          </ns3:TrackPointExtension>
        </extensions>
      </trkpt>
      <trkpt lat="30.4445463605225086212158203125" lon="120.271189324557781219482421875">
        <ele>3.400000095367431640625</ele>
        <time>2026-01-13T13:59:34.000Z</time>
        <extensions>
          <ns3:TrackPointExtension>
            <ns3:hr>147</ns3:hr>
            <ns3:cad>94</ns3:cad>
          </ns3:TrackPointExtension>
        </extensions>
      </trkpt>
      <trkpt lat="30.4445228911936283111572265625" lon="120.27119929902255535125732421875">
        <ele>3.599999904632568359375</ele>
        <time>2026-01-13T13:59:35.000Z</time>
        <extensions>
          <ns3:TrackPointExtension>
            <ns3:hr>146</ns3:hr>
            <ns3:cad>94</ns3:cad>
          </ns3:TrackPointExtension>
        </extensions>
      </trkpt>
      <trkpt lat="30.444496907293796539306640625" lon="120.27121170423924922943115234375">
        <ele>3.599999904632568359375</ele>
        <time>2026-01-13T13:59:36.000Z</time>
        <extensions>
          <ns3:TrackPointExtension>
            <ns3:hr>147</ns3:hr>
            <ns3:cad>94</ns3:cad>
          </ns3:TrackPointExtension>
        </extensions>
      </trkpt>
      <trkpt lat="30.4444813169538974761962890625" lon="120.2712191641330718994140625">
        <ele>3.7999999523162841796875</ele>
        <time>2026-01-13T13:59:37.000Z</time>
        <extensions>
          <ns3:TrackPointExtension>
            <ns3:hr>148</ns3:hr>
            <ns3:cad>94</ns3:cad>
          </ns3:TrackPointExtension>
        </extensions>
      </trkpt>
      <trkpt lat="30.444460026919841766357421875" lon="120.27122863568365573883056640625">
        <ele>3.7999999523162841796875</ele>
        <time>2026-01-13T13:59:38.000Z</time>
        <extensions>
          <ns3:TrackPointExtension>
            <ns3:hr>148</ns3:hr>
            <ns3:cad>93</ns3:cad>
          </ns3:TrackPointExtension>
        </extensions>
      </trkpt>
      <trkpt lat="30.4444387368857860565185546875" lon="120.27123928070068359375">
        <ele>3.7999999523162841796875</ele>
        <time>2026-01-13T13:59:39.000Z</time>
        <extensions>
          <ns3:TrackPointExtension>
            <ns3:hr>149</ns3:hr>
            <ns3:cad>92</ns3:cad>
          </ns3:TrackPointExtension>
        </extensions>
      </trkpt>
      <trkpt lat="30.44441518373787403106689453125" lon="120.27124933898448944091796875">
        <ele>4</ele>
        <time>2026-01-13T13:59:40.000Z</time>
        <extensions>
          <ns3:TrackPointExtension>
            <ns3:hr>149</ns3:hr>
            <ns3:cad>90</ns3:cad>
          </ns3:TrackPointExtension>
        </extensions>
      </trkpt>
      <trkpt lat="30.4443948157131671905517578125" lon="120.271260403096675872802734375">
        <ele>4</ele>
        <time>2026-01-13T13:59:41.000Z</time>
        <extensions>
          <ns3:TrackPointExtension>
            <ns3:hr>150</ns3:hr>
            <ns3:cad>89</ns3:cad>
          </ns3:TrackPointExtension>
        </extensions>
      </trkpt>
      <trkpt lat="30.44437528587877750396728515625" lon="120.27127758599817752838134765625">
        <ele>4</ele>
        <time>2026-01-13T13:59:42.000Z</time>
        <extensions>
          <ns3:TrackPointExtension>
            <ns3:hr>151</ns3:hr>
            <ns3:cad>89</ns3:cad>
          </ns3:TrackPointExtension>
        </extensions>
      </trkpt>
      <trkpt lat="30.4443599469959735870361328125" lon="120.271295607089996337890625">
        <ele>4.19999980926513671875</ele>
        <time>2026-01-13T13:59:43.000Z</time>
        <extensions>
          <ns3:TrackPointExtension>
            <ns3:hr>153</ns3:hr>
            <ns3:cad>88</ns3:cad>
          </ns3:TrackPointExtension>
        </extensions>
      </trkpt>
      <trkpt lat="30.444343350827693939208984375" lon="120.27131513692438602447509765625">
        <ele>4.19999980926513671875</ele>
        <time>2026-01-13T13:59:44.000Z</time>
        <extensions>
          <ns3:TrackPointExtension>
            <ns3:hr>154</ns3:hr>
            <ns3:cad>88</ns3:cad>
          </ns3:TrackPointExtension>
        </extensions>
      </trkpt>
      <trkpt lat="30.4443230666220188140869140625" lon="120.2713299728929996490478515625">
        <ele>4.19999980926513671875</ele>
        <time>2026-01-13T13:59:45.000Z</time>
        <extensions>
          <ns3:TrackPointExtension>
            <ns3:hr>155</ns3:hr>
            <ns3:cad>89</ns3:cad>
          </ns3:TrackPointExtension>
        </extensions>
      </trkpt>
      <trkpt lat="30.4443056322634220123291015625" lon="120.27134723961353302001953125">
        <ele>4.400000095367431640625</ele>
        <time>2026-01-13T13:59:46.000Z</time>
        <extensions>
          <ns3:TrackPointExtension>
            <ns3:hr>156</ns3:hr>
            <ns3:cad>90</ns3:cad>
          </ns3:TrackPointExtension>
        </extensions>
      </trkpt>
      <trkpt lat="30.4442851804196834564208984375" lon="120.27136023156344890594482421875">
        <ele>4.400000095367431640625</ele>
        <time>2026-01-13T13:59:47.000Z</time>
        <extensions>
          <ns3:TrackPointExtension>
            <ns3:hr>156</ns3:hr>
            <ns3:cad>91</ns3:cad>
          </ns3:TrackPointExtension>
        </extensions>
      </trkpt>
      <trkpt lat="30.44426313601434230804443359375" lon="120.27137112803757190704345703125">
        <ele>4.400000095367431640625</ele>
        <time>2026-01-13T13:59:48.000Z</time>
        <extensions>
          <ns3:TrackPointExtension>
            <ns3:hr>156</ns3:hr>
            <ns3:cad>92</ns3:cad>
          </ns3:TrackPointExtension>
        </extensions>
      </trkpt>
      <trkpt lat="30.4442409239709377288818359375" lon="120.2713805995881557464599609375">
        <ele>4.599999904632568359375</ele>
        <time>2026-01-13T13:59:49.000Z</time>
        <extensions>
          <ns3:TrackPointExtension>
            <ns3:hr>157</ns3:hr>
            <ns3:cad>92</ns3:cad>
          </ns3:TrackPointExtension>
        </extensions>
      </trkpt>
      <trkpt lat="30.444221980869770050048828125" lon="120.27139007113873958587646484375">
        <ele>4.599999904632568359375</ele>
        <time>2026-01-13T13:59:50.000Z</time>
        <extensions>
          <ns3:TrackPointExtension>
            <ns3:hr>157</ns3:hr>
            <ns3:cad>92</ns3:cad>
          </ns3:TrackPointExtension>
        </extensions>
      </trkpt>
      <trkpt lat="30.44420756399631500244140625" lon="120.27140147052705287933349609375">
        <ele>4.599999904632568359375</ele>
        <time>2026-01-13T13:59:51.000Z</time>
        <extensions>
          <ns3:TrackPointExtension>
            <ns3:hr>157</ns3:hr>
            <ns3:cad>93</ns3:cad>
          </ns3:TrackPointExtension>
        </extensions>
      </trkpt>
      <trkpt lat="30.4441926442086696624755859375" lon="120.2714144624769687652587890625">
        <ele>4.599999904632568359375</ele>
        <time>2026-01-13T13:59:52.000Z</time>
        <extensions>
          <ns3:TrackPointExtension>
            <ns3:hr>157</ns3:hr>
            <ns3:cad>93</ns3:cad>
          </ns3:TrackPointExtension>
        </extensions>
      </trkpt>
      <trkpt lat="30.44417395256459712982177734375" lon="120.27142661623656749725341796875">
        <ele>4.599999904632568359375</ele>
        <time>2026-01-13T13:59:53.000Z</time>
        <extensions>
          <ns3:TrackPointExtension>
            <ns3:hr>158</ns3:hr>
            <ns3:cad>93</ns3:cad>
          </ns3:TrackPointExtension>
        </extensions>
      </trkpt>
      <trkpt lat="30.444153584539890289306640625" lon="120.27143776416778564453125">
        <ele>4.599999904632568359375</ele>
        <time>2026-01-13T13:59:54.000Z</time>
        <extensions>
          <ns3:TrackPointExtension>
            <ns3:hr>158</ns3:hr>
            <ns3:cad>92</ns3:cad>
          </ns3:TrackPointExtension>
        </extensions>
      </trkpt>
      <trkpt lat="30.44413103722035884857177734375" lon="120.27144790627062320709228515625">
        <ele>4.400000095367431640625</ele>
        <time>2026-01-13T13:59:55.000Z</time>
        <extensions>
          <ns3:TrackPointExtension>
            <ns3:hr>159</ns3:hr>
            <ns3:cad>92</ns3:cad>
          </ns3:TrackPointExtension>
        </extensions>
      </trkpt>
      <trkpt lat="30.44410974718630313873291015625" lon="120.2714573778212070465087890625">
        <ele>4.400000095367431640625</ele>
        <time>2026-01-13T13:59:56.000Z</time>
        <extensions>
          <ns3:TrackPointExtension>
            <ns3:hr>159</ns3:hr>
            <ns3:cad>93</ns3:cad>
          </ns3:TrackPointExtension>
        </extensions>
      </trkpt>
      <trkpt lat="30.44408694840967655181884765625" lon="120.271468274295330047607421875">
        <ele>4.400000095367431640625</ele>
        <time>2026-01-13T13:59:57.000Z</time>
        <extensions>
          <ns3:TrackPointExtension>
            <ns3:hr>159</ns3:hr>
            <ns3:cad>93</ns3:cad>
          </ns3:TrackPointExtension>
        </extensions>
      </trkpt>
      <trkpt lat="30.444064401090145111083984375" lon="120.27147506363689899444580078125">
        <ele>4.400000095367431640625</ele>
        <time>2026-01-13T13:59:58.000Z</time>
        <extensions>
          <ns3:TrackPointExtension>
            <ns3:hr>159</ns3:hr>
            <ns3:cad>93</ns3:cad>
          </ns3:TrackPointExtension>
        </extensions>
      </trkpt>
      <trkpt lat="30.44404470361769199371337890625" lon="120.27148612774908542633056640625">
        <ele>4.400000095367431640625</ele>
        <time>2026-01-13T13:59:59.000Z</time>
        <extensions>
          <ns3:TrackPointExtension>
            <ns3:hr>158</ns3:hr>
            <ns3:cad>92</ns3:cad>
          </ns3:TrackPointExtension>
        </extensions>
      </trkpt>
      <trkpt lat="30.44402542524039745330810546875" lon="120.27149652130901813507080078125">
        <ele>4.400000095367431640625</ele>
        <time>2026-01-13T14:00:00.000Z</time>
        <extensions>
          <ns3:TrackPointExtension>
            <ns3:hr>159</ns3:hr>
            <ns3:cad>92</ns3:cad>
          </ns3:TrackPointExtension>
        </extensions>
      </trkpt>
      <trkpt lat="30.44400631450116634368896484375" lon="120.271508507430553436279296875">
        <ele>4.400000095367431640625</ele>
        <time>2026-01-13T14:00:01.000Z</time>
        <extensions>
          <ns3:TrackPointExtension>
            <ns3:hr>159</ns3:hr>
            <ns3:cad>93</ns3:cad>
          </ns3:TrackPointExtension>
        </extensions>
      </trkpt>
      <trkpt lat="30.4439874552190303802490234375" lon="120.2715214155614376068115234375">
        <ele>4.400000095367431640625</ele>
        <time>2026-01-13T14:00:02.000Z</time>
        <extensions>
          <ns3:TrackPointExtension>
            <ns3:hr>160</ns3:hr>
            <ns3:cad>94</ns3:cad>
          </ns3:TrackPointExtension>
        </extensions>
      </trkpt>
      <trkpt lat="30.44396775774657726287841796875" lon="120.27153365314006805419921875">
        <ele>4.599999904632568359375</ele>
        <time>2026-01-13T14:00:03.000Z</time>
        <extensions>
          <ns3:TrackPointExtension>
            <ns3:hr>159</ns3:hr>
            <ns3:cad>94</ns3:cad>
          </ns3:TrackPointExtension>
        </extensions>
      </trkpt>
      <trkpt lat="30.443949066102504730224609375" lon="120.27154664508998394012451171875">
        <ele>4.599999904632568359375</ele>
        <time>2026-01-13T14:00:04.000Z</time>
        <extensions>
          <ns3:TrackPointExtension>
            <ns3:hr>159</ns3:hr>
            <ns3:cad>94</ns3:cad>
          </ns3:TrackPointExtension>
        </extensions>
      </trkpt>
      <trkpt lat="30.443930290639400482177734375" lon="120.27155988849699497222900390625">
        <ele>4.599999904632568359375</ele>
        <time>2026-01-13T14:00:05.000Z</time>
        <extensions>
          <ns3:TrackPointExtension>
            <ns3:hr>159</ns3:hr>
            <ns3:cad>94</ns3:cad>
          </ns3:TrackPointExtension>
        </extensions>
      </trkpt>
      <trkpt lat="30.443913526833057403564453125" lon="120.27157447300851345062255859375">
        <ele>4.80000019073486328125</ele>
        <time>2026-01-13T14:00:06.000Z</time>
        <extensions>
          <ns3:TrackPointExtension>
            <ns3:hr>159</ns3:hr>
            <ns3:cad>93</ns3:cad>
          </ns3:TrackPointExtension>
        </extensions>
      </trkpt>
      <trkpt lat="30.443895421922206878662109375" lon="120.27158838696777820587158203125">
        <ele>4.80000019073486328125</ele>
        <time>2026-01-13T14:00:07.000Z</time>
        <extensions>
          <ns3:TrackPointExtension>
            <ns3:hr>159</ns3:hr>
            <ns3:cad>93</ns3:cad>
          </ns3:TrackPointExtension>
        </extensions>
      </trkpt>
      <trkpt lat="30.4438754729926586151123046875" lon="120.2716032229363918304443359375">
        <ele>4.80000019073486328125</ele>
        <time>2026-01-13T14:00:08.000Z</time>
        <extensions>
          <ns3:TrackPointExtension>
            <ns3:hr>159</ns3:hr>
            <ns3:cad>93</ns3:cad>
          </ns3:TrackPointExtension>
        </extensions>
      </trkpt>
      <trkpt lat="30.4438526742160320281982421875" lon="120.2716132812201976776123046875">
        <ele>5</ele>
        <time>2026-01-13T14:00:09.000Z</time>
        <extensions>
          <ns3:TrackPointExtension>
            <ns3:hr>159</ns3:hr>
            <ns3:cad>93</ns3:cad>
          </ns3:TrackPointExtension>
        </extensions>
      </trkpt>
      <trkpt lat="30.4438308812677860260009765625" lon="120.27162593789398670196533203125">
        <ele>5</ele>
        <time>2026-01-13T14:00:10.000Z</time>
        <extensions>
          <ns3:TrackPointExtension>
            <ns3:hr>158</ns3:hr>
            <ns3:cad>93</ns3:cad>
          </ns3:TrackPointExtension>
        </extensions>
      </trkpt>
      <trkpt lat="30.44381403364241123199462890625" lon="120.271638929843902587890625">
        <ele>5</ele>
        <time>2026-01-13T14:00:11.000Z</time>
        <extensions>
          <ns3:TrackPointExtension>
            <ns3:hr>159</ns3:hr>
            <ns3:cad>93</ns3:cad>
          </ns3:TrackPointExtension>
        </extensions>
      </trkpt>
      <trkpt lat="30.4437976889312267303466796875" lon="120.27165410108864307403564453125">
        <ele>5</ele>
        <time>2026-01-13T14:00:12.000Z</time>
        <extensions>
          <ns3:TrackPointExtension>
            <ns3:hr>159</ns3:hr>
            <ns3:cad>93</ns3:cad>
          </ns3:TrackPointExtension>
        </extensions>
      </trkpt>
      <trkpt lat="30.44377916492521762847900390625" lon="120.27166684158146381378173828125">
        <ele>5</ele>
        <time>2026-01-13T14:00:13.000Z</time>
        <extensions>
          <ns3:TrackPointExtension>
            <ns3:hr>159</ns3:hr>
            <ns3:cad>93</ns3:cad>
          </ns3:TrackPointExtension>
        </extensions>
      </trkpt>
      <trkpt lat="30.4437581263482570648193359375" lon="120.27167874388396739959716796875">
        <ele>5</ele>
        <time>2026-01-13T14:00:14.000Z</time>
        <extensions>
          <ns3:TrackPointExtension>
            <ns3:hr>160</ns3:hr>
            <ns3:cad>93</ns3:cad>
          </ns3:TrackPointExtension>
        </extensions>
      </trkpt>
      <trkpt lat="30.44373557902872562408447265625" lon="120.271690897643566131591796875">
        <ele>5</ele>
        <time>2026-01-13T14:00:15.000Z</time>
        <extensions>
          <ns3:TrackPointExtension>
            <ns3:hr>160</ns3:hr>
            <ns3:cad>93</ns3:cad>
          </ns3:TrackPointExtension>
        </extensions>
      </trkpt>
      <trkpt lat="30.4437131993472576141357421875" lon="120.27170439250767230987548828125">
        <ele>5</ele>
        <time>2026-01-13T14:00:16.000Z</time>
        <extensions>
          <ns3:TrackPointExtension>
            <ns3:hr>160</ns3:hr>
            <ns3:cad>92</ns3:cad>
          </ns3:TrackPointExtension>
        </extensions>
      </trkpt>
      <trkpt lat="30.4436934180557727813720703125" lon="120.27171562425792217254638671875">
        <ele>5</ele>
        <time>2026-01-13T14:00:17.000Z</time>
        <extensions>
          <ns3:TrackPointExtension>
            <ns3:hr>158</ns3:hr>
            <ns3:cad>91</ns3:cad>
          </ns3:TrackPointExtension>
        </extensions>
      </trkpt>
      <trkpt lat="30.4436810128390789031982421875" lon="120.271724760532379150390625">
        <ele>5</ele>
        <time>2026-01-13T14:00:18.000Z</time>
        <extensions>
          <ns3:TrackPointExtension>
            <ns3:hr>159</ns3:hr>
            <ns3:cad>91</ns3:cad>
          </ns3:TrackPointExtension>
        </extensions>
      </trkpt>
      <trkpt lat="30.4436692781746387481689453125" lon="120.2717333100736141204833984375">
        <ele>5</ele>
        <time>2026-01-13T14:00:19.000Z</time>
        <extensions>
          <ns3:TrackPointExtension>
            <ns3:hr>160</ns3:hr>
            <ns3:cad>91</ns3:cad>
          </ns3:TrackPointExtension>
        </extensions>
      </trkpt>
      <trkpt lat="30.443655364215373992919921875" lon="120.2717420272529125213623046875">
        <ele>4.80000019073486328125</ele>
        <time>2026-01-13T14:00:20.000Z</time>
        <extensions>
          <ns3:TrackPointExtension>
            <ns3:hr>160</ns3:hr>
            <ns3:cad>91</ns3:cad>
          </ns3:TrackPointExtension>
        </extensions>
      </trkpt>
      <trkpt lat="30.4436394385993480682373046875" lon="120.27175401337444782257080078125">
        <ele>4.80000019073486328125</ele>
        <time>2026-01-13T14:00:21.000Z</time>
        <extensions>
          <ns3:TrackPointExtension>
            <ns3:hr>158</ns3:hr>
            <ns3:cad>91</ns3:cad>
          </ns3:TrackPointExtension>
        </extensions>
      </trkpt>
      <trkpt lat="30.4436280392110347747802734375" lon="120.2717631496489048004150390625">
        <ele>4.80000019073486328125</ele>
        <time>2026-01-13T14:00:22.000Z</time>
        <extensions>
          <ns3:TrackPointExtension>
            <ns3:hr>159</ns3:hr>
            <ns3:cad>91</ns3:cad>
          </ns3:TrackPointExtension>
        </extensions>
      </trkpt>
      <trkpt lat="30.44361345469951629638671875" lon="120.27177245356142520904541015625">
        <ele>4.599999904632568359375</ele>
        <time>2026-01-13T14:00:23.000Z</time>
        <extensions>
          <ns3:TrackPointExtension>
            <ns3:hr>160</ns3:hr>
            <ns3:cad>91</ns3:cad>
          </ns3:TrackPointExtension>
        </extensions>
      </trkpt>
      <trkpt lat="30.44359895400702953338623046875" lon="120.27178443968296051025390625">
        <ele>4.599999904632568359375</ele>
        <time>2026-01-13T14:00:24.000Z</time>
        <extensions>
          <ns3:TrackPointExtension>
            <ns3:hr>159</ns3:hr>
            <ns3:cad>91</ns3:cad>
          </ns3:TrackPointExtension>
        </extensions>
      </trkpt>
      <trkpt lat="30.443582274019718170166015625" lon="120.27179592289030551910400390625">
        <ele>4.400000095367431640625</ele>
        <time>2026-01-13T14:00:25.000Z</time>
        <extensions>
          <ns3:TrackPointExtension>
            <ns3:hr>160</ns3:hr>
            <ns3:cad>0</ns3:cad>
          </ns3:TrackPointExtension>
        </extensions>
      </trkpt>
      <trkpt lat="30.44356190599501132965087890625" lon="120.27180916629731655120849609375">
        <ele>4.400000095367431640625</ele>
        <time>2026-01-13T14:00:26.000Z</time>
        <extensions>
          <ns3:TrackPointExtension>
            <ns3:hr>158</ns3:hr>
            <ns3:cad>0</ns3:cad>
          </ns3:TrackPointExtension>
        </extensions>
      </trkpt>
      <trkpt lat="30.4435432143509387969970703125" lon="120.2718218229711055755615234375">
        <ele>4.400000095367431640625</ele>
        <time>2026-01-13T14:00:27.000Z</time>
        <extensions>
          <ns3:TrackPointExtension>
            <ns3:hr>157</ns3:hr>
            <ns3:cad>92</ns3:cad>
          </ns3:TrackPointExtension>
        </extensions>
      </trkpt>
      <trkpt lat="30.443524606525897979736328125" lon="120.27183699421584606170654296875">
        <ele>4.599999904632568359375</ele>
        <time>2026-01-13T14:00:28.000Z</time>
        <extensions>
          <ns3:TrackPointExtension>
            <ns3:hr>158</ns3:hr>
            <ns3:cad>92</ns3:cad>
          </ns3:TrackPointExtension>
        </extensions>
      </trkpt>
      <trkpt lat="30.44350574724376201629638671875" lon="120.271850489079952239990234375">
        <ele>4.599999904632568359375</ele>
        <time>2026-01-13T14:00:29.000Z</time>
        <extensions>
          <ns3:TrackPointExtension>
            <ns3:hr>157</ns3:hr>
            <ns3:cad>91</ns3:cad>
          </ns3:TrackPointExtension>
        </extensions>
      </trkpt>
      <trkpt lat="30.4434867203235626220703125" lon="120.2718628942966461181640625">
        <ele>4.599999904632568359375</ele>
        <time>2026-01-13T14:00:30.000Z</time>
        <extensions>
          <ns3:TrackPointExtension>
            <ns3:hr>157</ns3:hr>
            <ns3:cad>91</ns3:cad>
          </ns3:TrackPointExtension>
        </extensions>
      </trkpt>
      <trkpt lat="30.4434654302895069122314453125" lon="120.27187521569430828094482421875">
        <ele>4.599999904632568359375</ele>
        <time>2026-01-13T14:00:31.000Z</time>
        <extensions>
          <ns3:TrackPointExtension>
            <ns3:hr>156</ns3:hr>
            <ns3:cad>91</ns3:cad>
          </ns3:TrackPointExtension>
        </extensions>
      </trkpt>
      <trkpt lat="30.4434459842741489410400390625" lon="120.271885357797145843505859375">
        <ele>4.80000019073486328125</ele>
        <time>2026-01-13T14:00:32.000Z</time>
        <extensions>
          <ns3:TrackPointExtension>
            <ns3:hr>156</ns3:hr>
            <ns3:cad>91</ns3:cad>
          </ns3:TrackPointExtension>
        </extensions>
      </trkpt>
      <trkpt lat="30.44342570006847381591796875" lon="120.2718959189951419830322265625">
        <ele>5</ele>
        <time>2026-01-13T14:00:33.000Z</time>
        <extensions>
          <ns3:TrackPointExtension>
            <ns3:hr>155</ns3:hr>
            <ns3:cad>89</ns3:cad>
          </ns3:TrackPointExtension>
        </extensions>
      </trkpt>
      <trkpt lat="30.44340969063341617584228515625" lon="120.27190002612769603729248046875">
        <ele>5</ele>
        <time>2026-01-13T14:00:34.000Z</time>
        <extensions>
          <ns3:TrackPointExtension>
            <ns3:hr>155</ns3:hr>
            <ns3:cad>88</ns3:cad>
          </ns3:TrackPointExtension>
        </extensions>
      </trkpt>
      <trkpt lat="30.4433933459222316741943359375" lon="120.27190471999347209930419921875">
        <ele>5.19999980926513671875</ele>
        <time>2026-01-13T14:00:35.000Z</time>
        <extensions>
          <ns3:TrackPointExtension>
            <ns3:hr>156</ns3:hr>
            <ns3:cad>88</ns3:cad>
          </ns3:TrackPointExtension>
        </extensions>
      </trkpt>
      <trkpt lat="30.443380773067474365234375" lon="120.27190991677343845367431640625">
        <ele>5.19999980926513671875</ele>
        <time>2026-01-13T14:00:36.000Z</time>
        <extensions>
          <ns3:TrackPointExtension>
            <ns3:hr>154</ns3:hr>
            <ns3:cad>88</ns3:cad>
          </ns3:TrackPointExtension>
        </extensions>
      </trkpt>
      <trkpt lat="30.44336895458400249481201171875" lon="120.271913520991802215576171875">
        <ele>5.19999980926513671875</ele>
        <time>2026-01-13T14:00:37.000Z</time>
        <extensions>
          <ns3:TrackPointExtension>
            <ns3:hr>153</ns3:hr>
            <ns3:cad>88</ns3:cad>
          </ns3:TrackPointExtension>
        </extensions>
      </trkpt>
      <trkpt lat="30.44335738755762577056884765625" lon="120.2719177119433879852294921875">
        <ele>5.400000095367431640625</ele>
        <time>2026-01-13T14:00:38.000Z</time>
        <extensions>
          <ns3:TrackPointExtension>
            <ns3:hr>153</ns3:hr>
            <ns3:cad>53</ns3:cad>
          </ns3:TrackPointExtension>
        </extensions>
      </trkpt>
      <trkpt lat="30.44334766454994678497314453125" lon="120.27192416600883007049560546875">
        <ele>5.400000095367431640625</ele>
        <time>2026-01-13T14:00:39.000Z</time>
        <extensions>
          <ns3:TrackPointExtension>
            <ns3:hr>154</ns3:hr>
            <ns3:cad>53</ns3:cad>
          </ns3:TrackPointExtension>
        </extensions>
      </trkpt>
      <trkpt lat="30.44333643279969692230224609375" lon="120.2719294466078281402587890625">
        <ele>5.400000095367431640625</ele>
        <time>2026-01-13T14:00:40.000Z</time>
        <extensions>
          <ns3:TrackPointExtension>
            <ns3:hr>154</ns3:hr>
            <ns3:cad>0</ns3:cad>
          </ns3:TrackPointExtension>
        </extensions>
      </trkpt>
      <trkpt lat="30.44332268647849559783935546875" lon="120.2719341404736042022705078125">
        <ele>5.400000095367431640625</ele>
        <time>2026-01-13T14:00:41.000Z</time>
        <extensions>
          <ns3:TrackPointExtension>
            <ns3:hr>153</ns3:hr>
            <ns3:cad>0</ns3:cad>
          </ns3:TrackPointExtension>
        </extensions>
      </trkpt>
      <trkpt lat="30.44330902397632598876953125" lon="120.2719408459961414337158203125">
        <ele>5.400000095367431640625</ele>
        <time>2026-01-13T14:00:42.000Z</time>
        <extensions>
          <ns3:TrackPointExtension>
            <ns3:hr>153</ns3:hr>
            <ns3:cad>0</ns3:cad>
          </ns3:TrackPointExtension>
        </extensions>
      </trkpt>
      <trkpt lat="30.4432961158454418182373046875" lon="120.27194847352802753448486328125">
        <ele>5.400000095367431640625</ele>
        <time>2026-01-13T14:00:43.000Z</time>
        <extensions>
          <ns3:TrackPointExtension>
            <ns3:hr>154</ns3:hr>
            <ns3:cad>0</ns3:cad>
          </ns3:TrackPointExtension>
        </extensions>
      </trkpt>
      <trkpt lat="30.44328396208584308624267578125" lon="120.27195668779313564300537109375">
        <ele>5.400000095367431640625</ele>
        <time>2026-01-13T14:00:44.000Z</time>
        <extensions>
          <ns3:TrackPointExtension>
            <ns3:hr>153</ns3:hr>
            <ns3:cad>55</ns3:cad>
          </ns3:TrackPointExtension>
        </extensions>
      </trkpt>
      <trkpt lat="30.4432706348598003387451171875" lon="120.27196414768695831298828125">
        <ele>5.400000095367431640625</ele>
        <time>2026-01-13T14:00:45.000Z</time>
        <extensions>
          <ns3:TrackPointExtension>
            <ns3:hr>152</ns3:hr>
            <ns3:cad>57</ns3:cad>
          </ns3:TrackPointExtension>
        </extensions>
      </trkpt>
      <trkpt lat="30.44325965456664562225341796875" lon="120.2719675004482269287109375">
        <ele>5.400000095367431640625</ele>
        <time>2026-01-13T14:00:46.000Z</time>
        <extensions>
          <ns3:TrackPointExtension>
            <ns3:hr>152</ns3:hr>
            <ns3:cad>58</ns3:cad>
          </ns3:TrackPointExtension>
        </extensions>
      </trkpt>
      <trkpt lat="30.44325269758701324462890625" lon="120.2719690091907978057861328125">
        <ele>5.400000095367431640625</ele>
        <time>2026-01-13T14:00:47.000Z</time>
        <extensions>
          <ns3:TrackPointExtension>
            <ns3:hr>152</ns3:hr>
            <ns3:cad>58</ns3:cad>
          </ns3:TrackPointExtension>
        </extensions>
      </trkpt>
      <trkpt lat="30.443244986236095428466796875" lon="120.2719686739146709442138671875">
        <ele>5.400000095367431640625</ele>
        <time>2026-01-13T14:00:48.000Z</time>
        <extensions>
          <ns3:TrackPointExtension>
            <ns3:hr>152</ns3:hr>
            <ns3:cad>57</ns3:cad>
          </ns3:TrackPointExtension>
        </extensions>
      </trkpt>
      <trkpt lat="30.44323618523776531219482421875" lon="120.2719690091907978057861328125">
        <ele>5.400000095367431640625</ele>
        <time>2026-01-13T14:00:49.000Z</time>
        <extensions>
          <ns3:TrackPointExtension>
            <ns3:hr>153</ns3:hr>
            <ns3:cad>57</ns3:cad>
          </ns3:TrackPointExtension>
        </extensions>
      </trkpt>
      <trkpt lat="30.44322813861072063446044921875" lon="120.27197219431400299072265625">
        <ele>5.400000095367431640625</ele>
        <time>2026-01-13T14:00:50.000Z</time>
        <extensions>
          <ns3:TrackPointExtension>
            <ns3:hr>151</ns3:hr>
            <ns3:cad>57</ns3:cad>
          </ns3:TrackPointExtension>
        </extensions>
      </trkpt>
      <trkpt lat="30.443220175802707672119140625" lon="120.27197428978979587554931640625">
        <ele>5.400000095367431640625</ele>
        <time>2026-01-13T14:00:51.000Z</time>
        <extensions>
          <ns3:TrackPointExtension>
            <ns3:hr>149</ns3:hr>
            <ns3:cad>0</ns3:cad>
          </ns3:TrackPointExtension>
        </extensions>
      </trkpt>
      <trkpt lat="30.4432210139930248260498046875" lon="120.27197512798011302947998046875">
        <ele>5.400000095367431640625</ele>
        <time>2026-01-13T14:00:52.000Z</time>
        <extensions>
          <ns3:TrackPointExtension>
            <ns3:hr>148</ns3:hr>
            <ns3:cad>0</ns3:cad>
          </ns3:TrackPointExtension>
        </extensions>
      </trkpt>
      <trkpt lat="30.44322076253592967987060546875" lon="120.27197579853236675262451171875">
        <ele>5.400000095367431640625</ele>
        <time>2026-01-13T14:00:53.000Z</time>
        <extensions>
          <ns3:TrackPointExtension>
            <ns3:hr>148</ns3:hr>
            <ns3:cad>0</ns3:cad>
          </ns3:TrackPointExtension>
        </extensions>
      </trkpt>
      <trkpt lat="30.44322042725980281829833984375" lon="120.27197663672268390655517578125">
        <ele>5.400000095367431640625</ele>
        <time>2026-01-13T14:00:54.000Z</time>
        <extensions>
          <ns3:TrackPointExtension>
            <ns3:hr>145</ns3:hr>
            <ns3:cad>0</ns3:cad>
          </ns3:TrackPointExtension>
        </extensions>
      </trkpt>
      <trkpt lat="30.44321975670754909515380859375" lon="120.27197697199881076812744140625">
        <ele>5.400000095367431640625</ele>
        <time>2026-01-13T14:00:55.000Z</time>
        <extensions>
          <ns3:TrackPointExtension>
            <ns3:hr>143</ns3:hr>
            <ns3:cad>0</ns3:cad>
          </ns3:TrackPointExtension>
        </extensions>
      </trkpt>
      <trkpt lat="30.44321916997432708740234375" lon="120.27197680436074733734130859375">
        <ele>5.400000095367431640625</ele>
        <time>2026-01-13T14:00:56.000Z</time>
        <extensions>
          <ns3:TrackPointExtension>
            <ns3:hr>142</ns3:hr>
            <ns3:cad>0</ns3:cad>
          </ns3:TrackPointExtension>
        </extensions>
      </trkpt>
      <trkpt lat="30.44321891851723194122314453125" lon="120.27197680436074733734130859375">
        <ele>5.400000095367431640625</ele>
        <time>2026-01-13T14:00:57.000Z</time>
        <extensions>
          <ns3:TrackPointExtension>
            <ns3:hr>141</ns3:hr>
            <ns3:cad>0</ns3:cad>
          </ns3:TrackPointExtension>
        </extensions>
      </trkpt>
      <trkpt lat="30.4430580697953701019287109375" lon="120.27210840024054050445556640625">
        <ele>5</ele>
        <time>2026-01-13T14:01:54.000Z</time>
        <extensions>
          <ns3:TrackPointExtension>
            <ns3:hr>118</ns3:hr>
            <ns3:cad>90</ns3:cad>
          </ns3:TrackPointExtension>
        </extensions>
      </trkpt>
      <trkpt lat="30.44303216971457004547119140625" lon="120.27213170193135738372802734375">
        <ele>5</ele>
        <time>2026-01-13T14:01:55.000Z</time>
        <extensions>
          <ns3:TrackPointExtension>
            <ns3:hr>117</ns3:hr>
            <ns3:cad>90</ns3:cad>
          </ns3:TrackPointExtension>
        </extensions>
      </trkpt>
      <trkpt lat="30.44300585053861141204833984375" lon="120.272152908146381378173828125">
        <ele>5</ele>
        <time>2026-01-13T14:01:56.000Z</time>
        <extensions>
          <ns3:TrackPointExtension>
            <ns3:hr>117</ns3:hr>
            <ns3:cad>91</ns3:cad>
          </ns3:TrackPointExtension>
        </extensions>
      </trkpt>
      <trkpt lat="30.44297936372458934783935546875" lon="120.2721698395907878875732421875">
        <ele>4.80000019073486328125</ele>
        <time>2026-01-13T14:01:57.000Z</time>
        <extensions>
          <ns3:TrackPointExtension>
            <ns3:hr>117</ns3:hr>
            <ns3:cad>92</ns3:cad>
          </ns3:TrackPointExtension>
        </extensions>
      </trkpt>
      <trkpt lat="30.44295488856732845306396484375" lon="120.27218677103519439697265625">
        <ele>4.80000019073486328125</ele>
        <time>2026-01-13T14:01:58.000Z</time>
        <extensions>
          <ns3:TrackPointExtension>
            <ns3:hr>117</ns3:hr>
            <ns3:cad>93</ns3:cad>
          </ns3:TrackPointExtension>
        </extensions>
      </trkpt>
      <trkpt lat="30.44293192215263843536376953125" lon="120.27219691313803195953369140625">
        <ele>4.80000019073486328125</ele>
        <time>2026-01-13T14:01:59.000Z</time>
        <extensions>
          <ns3:TrackPointExtension>
            <ns3:hr>117</ns3:hr>
            <ns3:cad>93</ns3:cad>
          </ns3:TrackPointExtension>
        </extensions>
      </trkpt>
      <trkpt lat="30.44290694408118724822998046875" lon="120.2722063846886157989501953125">
        <ele>4.80000019073486328125</ele>
        <time>2026-01-13T14:02:00.000Z</time>
        <extensions>
          <ns3:TrackPointExtension>
            <ns3:hr>117</ns3:hr>
            <ns3:cad>93</ns3:cad>
          </ns3:TrackPointExtension>
        </extensions>
      </trkpt>
      <trkpt lat="30.44288129545748233795166015625" lon="120.27221535332500934600830078125">
        <ele>4.80000019073486328125</ele>
        <time>2026-01-13T14:02:01.000Z</time>
        <extensions>
          <ns3:TrackPointExtension>
            <ns3:hr>117</ns3:hr>
            <ns3:cad>92</ns3:cad>
          </ns3:TrackPointExtension>
        </extensions>
      </trkpt>
      <trkpt lat="30.4428589157760143280029296875" lon="120.27222826145589351654052734375">
        <ele>4.599999904632568359375</ele>
        <time>2026-01-13T14:02:02.000Z</time>
        <extensions>
          <ns3:TrackPointExtension>
            <ns3:hr>117</ns3:hr>
            <ns3:cad>92</ns3:cad>
          </ns3:TrackPointExtension>
        </extensions>
      </trkpt>
      <trkpt lat="30.442836284637451171875" lon="120.27224301360547542572021484375">
        <ele>4.599999904632568359375</ele>
        <time>2026-01-13T14:02:03.000Z</time>
        <extensions>
          <ns3:TrackPointExtension>
            <ns3:hr>116</ns3:hr>
            <ns3:cad>94</ns3:cad>
          </ns3:TrackPointExtension>
        </extensions>
      </trkpt>
      <trkpt lat="30.4428133182227611541748046875" lon="120.272258855402469635009765625">
        <ele>4.80000019073486328125</ele>
        <time>2026-01-13T14:02:04.000Z</time>
        <extensions>
          <ns3:TrackPointExtension>
            <ns3:hr>116</ns3:hr>
            <ns3:cad>94</ns3:cad>
          </ns3:TrackPointExtension>
        </extensions>
      </trkpt>
      <trkpt lat="30.44278926216065883636474609375" lon="120.27227369137108325958251953125">
        <ele>4.80000019073486328125</ele>
        <time>2026-01-13T14:02:05.000Z</time>
        <extensions>
          <ns3:TrackPointExtension>
            <ns3:hr>118</ns3:hr>
            <ns3:cad>93</ns3:cad>
          </ns3:TrackPointExtension>
        </extensions>
      </trkpt>
      <trkpt lat="30.4427663795650005340576171875" lon="120.272289700806140899658203125">
        <ele>4.80000019073486328125</ele>
        <time>2026-01-13T14:02:06.000Z</time>
        <extensions>
          <ns3:TrackPointExtension>
            <ns3:hr>119</ns3:hr>
            <ns3:cad>93</ns3:cad>
          </ns3:TrackPointExtension>
        </extensions>
      </trkpt>
      <trkpt lat="30.4427455924451351165771484375" lon="120.2723059616982936859130859375">
        <ele>5</ele>
        <time>2026-01-13T14:02:07.000Z</time>
        <extensions>
          <ns3:TrackPointExtension>
            <ns3:hr>121</ns3:hr>
            <ns3:cad>93</ns3:cad>
          </ns3:TrackPointExtension>
        </extensions>
      </trkpt>
      <trkpt lat="30.44272254221141338348388671875" lon="120.27232347987592220306396484375">
        <ele>4.80000019073486328125</ele>
        <time>2026-01-13T14:02:08.000Z</time>
        <extensions>
          <ns3:TrackPointExtension>
            <ns3:hr>122</ns3:hr>
            <ns3:cad>93</ns3:cad>
          </ns3:TrackPointExtension>
        </extensions>
      </trkpt>
      <trkpt lat="30.44269890524446964263916015625" lon="120.27233898639678955078125">
        <ele>4.599999904632568359375</ele>
        <time>2026-01-13T14:02:09.000Z</time>
        <extensions>
          <ns3:TrackPointExtension>
            <ns3:hr>124</ns3:hr>
            <ns3:cad>94</ns3:cad>
          </ns3:TrackPointExtension>
        </extensions>
      </trkpt>
      <trkpt lat="30.4426761902868747711181640625" lon="120.27235449291765689849853515625">
        <ele>4.400000095367431640625</ele>
        <time>2026-01-13T14:02:10.000Z</time>
        <extensions>
          <ns3:TrackPointExtension>
            <ns3:hr>126</ns3:hr>
            <ns3:cad>95</ns3:cad>
          </ns3:TrackPointExtension>
        </extensions>
      </trkpt>
      <trkpt lat="30.44265330769121646881103515625" lon="120.27236874215304851531982421875">
        <ele>4.400000095367431640625</ele>
        <time>2026-01-13T14:02:11.000Z</time>
        <extensions>
          <ns3:TrackPointExtension>
            <ns3:hr>127</ns3:hr>
            <ns3:cad>95</ns3:cad>
          </ns3:TrackPointExtension>
        </extensions>
      </trkpt>
      <trkpt lat="30.44263252057135105133056640625" lon="120.27238190174102783203125">
        <ele>4.400000095367431640625</ele>
        <time>2026-01-13T14:02:12.000Z</time>
        <extensions>
          <ns3:TrackPointExtension>
            <ns3:hr>129</ns3:hr>
            <ns3:cad>94</ns3:cad>
          </ns3:TrackPointExtension>
        </extensions>
      </trkpt>
      <trkpt lat="30.44261055998504161834716796875" lon="120.27239589951932430267333984375">
        <ele>4.400000095367431640625</ele>
        <time>2026-01-13T14:02:13.000Z</time>
        <extensions>
          <ns3:TrackPointExtension>
            <ns3:hr>130</ns3:hr>
            <ns3:cad>94</ns3:cad>
          </ns3:TrackPointExtension>
        </extensions>
      </trkpt>
      <trkpt lat="30.44258759357035160064697265625" lon="120.2724088914692401885986328125">
        <ele>4.400000095367431640625</ele>
        <time>2026-01-13T14:02:14.000Z</time>
        <extensions>
          <ns3:TrackPointExtension>
            <ns3:hr>132</ns3:hr>
            <ns3:cad>94</ns3:cad>
          </ns3:TrackPointExtension>
        </extensions>
      </trkpt>
      <trkpt lat="30.44256336987018585205078125" lon="120.2724212966859340667724609375">
        <ele>4.400000095367431640625</ele>
        <time>2026-01-13T14:02:15.000Z</time>
        <extensions>
          <ns3:TrackPointExtension>
            <ns3:hr>133</ns3:hr>
            <ns3:cad>94</ns3:cad>
          </ns3:TrackPointExtension>
        </extensions>
      </trkpt>
      <trkpt lat="30.442539565265178680419921875" lon="120.27243378572165966033935546875">
        <ele>4.19999980926513671875</ele>
        <time>2026-01-13T14:02:16.000Z</time>
        <extensions>
          <ns3:TrackPointExtension>
            <ns3:hr>134</ns3:hr>
            <ns3:cad>94</ns3:cad>
          </ns3:TrackPointExtension>
        </extensions>
      </trkpt>
      <trkpt lat="30.44251777231693267822265625" lon="120.2724481187760829925537109375">
        <ele>4.19999980926513671875</ele>
        <time>2026-01-13T14:02:17.000Z</time>
        <extensions>
          <ns3:TrackPointExtension>
            <ns3:hr>135</ns3:hr>
            <ns3:cad>94</ns3:cad>
          </ns3:TrackPointExtension>
        </extensions>
      </trkpt>
      <trkpt lat="30.442497320473194122314453125" lon="120.272463373839855194091796875">
        <ele>4</ele>
        <time>2026-01-13T14:02:18.000Z</time>
        <extensions>
          <ns3:TrackPointExtension>
            <ns3:hr>135</ns3:hr>
            <ns3:cad>93</ns3:cad>
          </ns3:TrackPointExtension>
        </extensions>
      </trkpt>
      <trkpt lat="30.4424760304391384124755859375" lon="120.2724803052842617034912109375">
        <ele>4</ele>
        <time>2026-01-13T14:02:19.000Z</time>
        <extensions>
          <ns3:TrackPointExtension>
            <ns3:hr>136</ns3:hr>
            <ns3:cad>94</ns3:cad>
          </ns3:TrackPointExtension>
        </extensions>
      </trkpt>
      <trkpt lat="30.4424540698528289794921875" lon="120.27249790728092193603515625">
        <ele>4</ele>
        <time>2026-01-13T14:02:20.000Z</time>
        <extensions>
          <ns3:TrackPointExtension>
            <ns3:hr>137</ns3:hr>
            <ns3:cad>94</ns3:cad>
          </ns3:TrackPointExtension>
        </extensions>
      </trkpt>
      <trkpt lat="30.4424334503710269927978515625" lon="120.2725161798298358917236328125">
        <ele>4</ele>
        <time>2026-01-13T14:02:21.000Z</time>
        <extensions>
          <ns3:TrackPointExtension>
            <ns3:hr>137</ns3:hr>
            <ns3:cad>96</ns3:cad>
          </ns3:TrackPointExtension>
        </extensions>
      </trkpt>
      <trkpt lat="30.44241316616535186767578125" lon="120.272533781826496124267578125">
        <ele>3.7999999523162841796875</ele>
        <time>2026-01-13T14:02:22.000Z</time>
        <extensions>
          <ns3:TrackPointExtension>
            <ns3:hr>137</ns3:hr>
            <ns3:cad>96</ns3:cad>
          </ns3:TrackPointExtension>
        </extensions>
      </trkpt>
      <trkpt lat="30.4423923790454864501953125" lon="120.27255079708993434906005859375">
        <ele>3.7999999523162841796875</ele>
        <time>2026-01-13T14:02:23.000Z</time>
        <extensions>
          <ns3:TrackPointExtension>
            <ns3:hr>138</ns3:hr>
            <ns3:cad>96</ns3:cad>
          </ns3:TrackPointExtension>
        </extensions>
      </trkpt>
      <trkpt lat="30.44237251393496990203857421875" lon="120.272566974163055419921875">
        <ele>3.7999999523162841796875</ele>
        <time>2026-01-13T14:02:24.000Z</time>
        <extensions>
          <ns3:TrackPointExtension>
            <ns3:hr>138</ns3:hr>
            <ns3:cad>96</ns3:cad>
          </ns3:TrackPointExtension>
        </extensions>
      </trkpt>
      <trkpt lat="30.442348457872867584228515625" lon="120.272583067417144775390625">
        <ele>3.599999904632568359375</ele>
        <time>2026-01-13T14:02:25.000Z</time>
        <extensions>
          <ns3:TrackPointExtension>
            <ns3:hr>138</ns3:hr>
            <ns3:cad>96</ns3:cad>
          </ns3:TrackPointExtension>
        </extensions>
      </trkpt>
      <trkpt lat="30.442330352962017059326171875" lon="120.27260025031864643096923828125">
        <ele>3.599999904632568359375</ele>
        <time>2026-01-13T14:02:26.000Z</time>
        <extensions>
          <ns3:TrackPointExtension>
            <ns3:hr>139</ns3:hr>
            <ns3:cad>95</ns3:cad>
          </ns3:TrackPointExtension>
        </extensions>
      </trkpt>
      <trkpt lat="30.44231082312762737274169921875" lon="120.27261726558208465576171875">
        <ele>3.7999999523162841796875</ele>
        <time>2026-01-13T14:02:27.000Z</time>
        <extensions>
          <ns3:TrackPointExtension>
            <ns3:hr>139</ns3:hr>
            <ns3:cad>95</ns3:cad>
          </ns3:TrackPointExtension>
        </extensions>
      </trkpt>
      <trkpt lat="30.442290790379047393798828125" lon="120.2726341970264911651611328125">
        <ele>3.7999999523162841796875</ele>
        <time>2026-01-13T14:02:28.000Z</time>
        <extensions>
          <ns3:TrackPointExtension>
            <ns3:hr>139</ns3:hr>
            <ns3:cad>94</ns3:cad>
          </ns3:TrackPointExtension>
        </extensions>
      </trkpt>
      <trkpt lat="30.44227142818272113800048828125" lon="120.272651128470897674560546875">
        <ele>3.7999999523162841796875</ele>
        <time>2026-01-13T14:02:29.000Z</time>
        <extensions>
          <ns3:TrackPointExtension>
            <ns3:hr>139</ns3:hr>
            <ns3:cad>94</ns3:cad>
          </ns3:TrackPointExtension>
        </extensions>
      </trkpt>
      <trkpt lat="30.4422510601580142974853515625" lon="120.272668562829494476318359375">
        <ele>3.7999999523162841796875</ele>
        <time>2026-01-13T14:02:30.000Z</time>
        <extensions>
          <ns3:TrackPointExtension>
            <ns3:hr>139</ns3:hr>
            <ns3:cad>95</ns3:cad>
          </ns3:TrackPointExtension>
        </extensions>
      </trkpt>
      <trkpt lat="30.44222733937203884124755859375" lon="120.27268323116004467010498046875">
        <ele>4</ele>
        <time>2026-01-13T14:02:31.000Z</time>
        <extensions>
          <ns3:TrackPointExtension>
            <ns3:hr>139</ns3:hr>
            <ns3:cad>95</ns3:cad>
          </ns3:TrackPointExtension>
        </extensions>
      </trkpt>
      <trkpt lat="30.44220671989023685455322265625" lon="120.2726992405951023101806640625">
        <ele>4</ele>
        <time>2026-01-13T14:02:32.000Z</time>
        <extensions>
          <ns3:TrackPointExtension>
            <ns3:hr>139</ns3:hr>
            <ns3:cad>94</ns3:cad>
          </ns3:TrackPointExtension>
        </extensions>
      </trkpt>
      <trkpt lat="30.4421876929700374603271484375" lon="120.27271340601146221160888671875">
        <ele>4</ele>
        <time>2026-01-13T14:02:33.000Z</time>
        <extensions>
          <ns3:TrackPointExtension>
            <ns3:hr>139</ns3:hr>
            <ns3:cad>92</ns3:cad>
          </ns3:TrackPointExtension>
        </extensions>
      </trkpt>
      <trkpt lat="30.4421679116785526275634765625" lon="120.27272597886621952056884765625">
        <ele>4.19999980926513671875</ele>
        <time>2026-01-13T14:02:34.000Z</time>
        <extensions>
          <ns3:TrackPointExtension>
            <ns3:hr>139</ns3:hr>
            <ns3:cad>90</ns3:cad>
          </ns3:TrackPointExtension>
        </extensions>
      </trkpt>
      <trkpt lat="30.44214905239641666412353515625" lon="120.27273821644484996795654296875">
        <ele>4.19999980926513671875</ele>
        <time>2026-01-13T14:02:35.000Z</time>
        <extensions>
          <ns3:TrackPointExtension>
            <ns3:hr>139</ns3:hr>
            <ns3:cad>90</ns3:cad>
          </ns3:TrackPointExtension>
        </extensions>
      </trkpt>
      <trkpt lat="30.4421276785433292388916015625" lon="120.27274928055703639984130859375">
        <ele>4.19999980926513671875</ele>
        <time>2026-01-13T14:02:36.000Z</time>
        <extensions>
          <ns3:TrackPointExtension>
            <ns3:hr>139</ns3:hr>
            <ns3:cad>89</ns3:cad>
          </ns3:TrackPointExtension>
        </extensions>
      </trkpt>
      <trkpt lat="30.44210613705217838287353515625" lon="120.27276084758341312408447265625">
        <ele>4.19999980926513671875</ele>
        <time>2026-01-13T14:02:37.000Z</time>
        <extensions>
          <ns3:TrackPointExtension>
            <ns3:hr>140</ns3:hr>
            <ns3:cad>89</ns3:cad>
          </ns3:TrackPointExtension>
        </extensions>
      </trkpt>
      <trkpt lat="30.44208551757037639617919921875" lon="120.27277308516204357147216796875">
        <ele>4.19999980926513671875</ele>
        <time>2026-01-13T14:02:38.000Z</time>
        <extensions>
          <ns3:TrackPointExtension>
            <ns3:hr>140</ns3:hr>
            <ns3:cad>89</ns3:cad>
          </ns3:TrackPointExtension>
        </extensions>
      </trkpt>
      <trkpt lat="30.4420651495456695556640625" lon="120.27278498746454715728759765625">
        <ele>4.400000095367431640625</ele>
        <time>2026-01-13T14:02:39.000Z</time>
        <extensions>
          <ns3:TrackPointExtension>
            <ns3:hr>140</ns3:hr>
            <ns3:cad>89</ns3:cad>
          </ns3:TrackPointExtension>
        </extensions>
      </trkpt>
      <trkpt lat="30.44204478152096271514892578125" lon="120.27279705740511417388916015625">
        <ele>4.400000095367431640625</ele>
        <time>2026-01-13T14:02:40.000Z</time>
        <extensions>
          <ns3:TrackPointExtension>
            <ns3:hr>141</ns3:hr>
            <ns3:cad>90</ns3:cad>
          </ns3:TrackPointExtension>
        </extensions>
      </trkpt>
      <trkpt lat="30.44202290475368499755859375" lon="120.27280862443149089813232421875">
        <ele>4.400000095367431640625</ele>
        <time>2026-01-13T14:02:41.000Z</time>
        <extensions>
          <ns3:TrackPointExtension>
            <ns3:hr>141</ns3:hr>
            <ns3:cad>90</ns3:cad>
          </ns3:TrackPointExtension>
        </extensions>
      </trkpt>
      <trkpt lat="30.44200102798640727996826171875" lon="120.27282178401947021484375">
        <ele>4.400000095367431640625</ele>
        <time>2026-01-13T14:02:42.000Z</time>
        <extensions>
          <ns3:TrackPointExtension>
            <ns3:hr>142</ns3:hr>
            <ns3:cad>90</ns3:cad>
          </ns3:TrackPointExtension>
        </extensions>
      </trkpt>
      <trkpt lat="30.4419801570475101470947265625" lon="120.27283611707389354705810546875">
        <ele>4.400000095367431640625</ele>
        <time>2026-01-13T14:02:43.000Z</time>
        <extensions>
          <ns3:TrackPointExtension>
            <ns3:hr>142</ns3:hr>
            <ns3:cad>90</ns3:cad>
          </ns3:TrackPointExtension>
        </extensions>
      </trkpt>
      <trkpt lat="30.44195928610861301422119140625" lon="120.27285036630928516387939453125">
        <ele>4.599999904632568359375</ele>
        <time>2026-01-13T14:02:44.000Z</time>
        <extensions>
          <ns3:TrackPointExtension>
            <ns3:hr>142</ns3:hr>
            <ns3:cad>91</ns3:cad>
          </ns3:TrackPointExtension>
        </extensions>
      </trkpt>
      <trkpt lat="30.4419389180839061737060546875" lon="120.2728645317256450653076171875">
        <ele>4.599999904632568359375</ele>
        <time>2026-01-13T14:02:45.000Z</time>
        <extensions>
          <ns3:TrackPointExtension>
            <ns3:hr>142</ns3:hr>
            <ns3:cad>91</ns3:cad>
          </ns3:TrackPointExtension>
        </extensions>
      </trkpt>
      <trkpt lat="30.44191871769726276397705078125" lon="120.27287752367556095123291015625">
        <ele>4.599999904632568359375</ele>
        <time>2026-01-13T14:02:46.000Z</time>
        <extensions>
          <ns3:TrackPointExtension>
            <ns3:hr>142</ns3:hr>
            <ns3:cad>91</ns3:cad>
          </ns3:TrackPointExtension>
        </extensions>
      </trkpt>
      <trkpt lat="30.4418976791203022003173828125" lon="120.27288950979709625244140625">
        <ele>4.599999904632568359375</ele>
        <time>2026-01-13T14:02:47.000Z</time>
        <extensions>
          <ns3:TrackPointExtension>
            <ns3:hr>142</ns3:hr>
            <ns3:cad>90</ns3:cad>
          </ns3:TrackPointExtension>
        </extensions>
      </trkpt>
      <trkpt lat="30.4418775625526905059814453125" lon="120.27290233410894870758056640625">
        <ele>4.599999904632568359375</ele>
        <time>2026-01-13T14:02:48.000Z</time>
        <extensions>
          <ns3:TrackPointExtension>
            <ns3:hr>142</ns3:hr>
            <ns3:cad>90</ns3:cad>
          </ns3:TrackPointExtension>
        </extensions>
      </trkpt>
      <trkpt lat="30.4418574459850788116455078125" lon="120.27291499078273773193359375">
        <ele>4.599999904632568359375</ele>
        <time>2026-01-13T14:02:49.000Z</time>
        <extensions>
          <ns3:TrackPointExtension>
            <ns3:hr>142</ns3:hr>
            <ns3:cad>90</ns3:cad>
          </ns3:TrackPointExtension>
        </extensions>
      </trkpt>
      <trkpt lat="30.441835820674896240234375" lon="120.27292706072330474853515625">
        <ele>4.599999904632568359375</ele>
        <time>2026-01-13T14:02:50.000Z</time>
        <extensions>
          <ns3:TrackPointExtension>
            <ns3:hr>142</ns3:hr>
            <ns3:cad>90</ns3:cad>
          </ns3:TrackPointExtension>
        </extensions>
      </trkpt>
      <trkpt lat="30.44181260280311107635498046875" lon="120.27293837629258632659912109375">
        <ele>4.80000019073486328125</ele>
        <time>2026-01-13T14:02:51.000Z</time>
        <extensions>
          <ns3:TrackPointExtension>
            <ns3:hr>142</ns3:hr>
            <ns3:cad>91</ns3:cad>
          </ns3:TrackPointExtension>
        </extensions>
      </trkpt>
      <trkpt lat="30.44179164804518222808837890625" lon="120.27294960804283618927001953125">
        <ele>4.80000019073486328125</ele>
        <time>2026-01-13T14:02:52.000Z</time>
        <extensions>
          <ns3:TrackPointExtension>
            <ns3:hr>142</ns3:hr>
            <ns3:cad>92</ns3:cad>
          </ns3:TrackPointExtension>
        </extensions>
      </trkpt>
      <trkpt lat="30.4417685978114604949951171875" lon="120.27295983396470546722412109375">
        <ele>4.80000019073486328125</ele>
        <time>2026-01-13T14:02:53.000Z</time>
        <extensions>
          <ns3:TrackPointExtension>
            <ns3:hr>143</ns3:hr>
            <ns3:cad>92</ns3:cad>
          </ns3:TrackPointExtension>
        </extensions>
      </trkpt>
      <trkpt lat="30.4417471401393413543701171875" lon="120.2729724906384944915771484375">
        <ele>5</ele>
        <time>2026-01-13T14:02:54.000Z</time>
        <extensions>
          <ns3:TrackPointExtension>
            <ns3:hr>143</ns3:hr>
            <ns3:cad>92</ns3:cad>
          </ns3:TrackPointExtension>
        </extensions>
      </trkpt>
      <trkpt lat="30.44172727502882480621337890625" lon="120.27298497967422008514404296875">
        <ele>5</ele>
        <time>2026-01-13T14:02:55.000Z</time>
        <extensions>
          <ns3:TrackPointExtension>
            <ns3:hr>143</ns3:hr>
            <ns3:cad>92</ns3:cad>
          </ns3:TrackPointExtension>
        </extensions>
      </trkpt>
      <trkpt lat="30.44170774519443511962890625" lon="120.27299922890961170196533203125">
        <ele>5</ele>
        <time>2026-01-13T14:02:56.000Z</time>
        <extensions>
          <ns3:TrackPointExtension>
            <ns3:hr>144</ns3:hr>
            <ns3:cad>92</ns3:cad>
          </ns3:TrackPointExtension>
        </extensions>
      </trkpt>
      <trkpt lat="30.44168989174067974090576171875" lon="120.273012220859527587890625">
        <ele>5.19999980926513671875</ele>
        <time>2026-01-13T14:02:57.000Z</time>
        <extensions>
          <ns3:TrackPointExtension>
            <ns3:hr>144</ns3:hr>
            <ns3:cad>92</ns3:cad>
          </ns3:TrackPointExtension>
        </extensions>
      </trkpt>
      <trkpt lat="30.44167094863951206207275390625" lon="120.27302630245685577392578125">
        <ele>5.19999980926513671875</ele>
        <time>2026-01-13T14:02:58.000Z</time>
        <extensions>
          <ns3:TrackPointExtension>
            <ns3:hr>144</ns3:hr>
            <ns3:cad>94</ns3:cad>
          </ns3:TrackPointExtension>
        </extensions>
      </trkpt>
      <trkpt lat="30.441651083528995513916015625" lon="120.27303895913064479827880859375">
        <ele>5.19999980926513671875</ele>
        <time>2026-01-13T14:02:59.000Z</time>
        <extensions>
          <ns3:TrackPointExtension>
            <ns3:hr>144</ns3:hr>
            <ns3:cad>94</ns3:cad>
          </ns3:TrackPointExtension>
        </extensions>
      </trkpt>
      <trkpt lat="30.44162929058074951171875" lon="120.2730511128902435302734375">
        <ele>5.19999980926513671875</ele>
        <time>2026-01-13T14:03:00.000Z</time>
        <extensions>
          <ns3:TrackPointExtension>
            <ns3:hr>144</ns3:hr>
            <ns3:cad>93</ns3:cad>
          </ns3:TrackPointExtension>
        </extensions>
      </trkpt>
      <trkpt lat="30.44160850346088409423828125" lon="120.27306293137371540069580078125">
        <ele>5.19999980926513671875</ele>
        <time>2026-01-13T14:03:01.000Z</time>
        <extensions>
          <ns3:TrackPointExtension>
            <ns3:hr>144</ns3:hr>
            <ns3:cad>92</ns3:cad>
          </ns3:TrackPointExtension>
        </extensions>
      </trkpt>
      <trkpt lat="30.44159048236906528472900390625" lon="120.27307550422847270965576171875">
        <ele>5.19999980926513671875</ele>
        <time>2026-01-13T14:03:02.000Z</time>
        <extensions>
          <ns3:TrackPointExtension>
            <ns3:hr>144</ns3:hr>
            <ns3:cad>92</ns3:cad>
          </ns3:TrackPointExtension>
        </extensions>
      </trkpt>
      <trkpt lat="30.441571287810802459716796875" lon="120.27308723889291286468505859375">
        <ele>5.19999980926513671875</ele>
        <time>2026-01-13T14:03:03.000Z</time>
        <extensions>
          <ns3:TrackPointExtension>
            <ns3:hr>145</ns3:hr>
            <ns3:cad>91</ns3:cad>
          </ns3:TrackPointExtension>
        </extensions>
      </trkpt>
      <trkpt lat="30.44154890812933444976806640625" lon="120.27309813536703586578369140625">
        <ele>5.19999980926513671875</ele>
        <time>2026-01-13T14:03:04.000Z</time>
        <extensions>
          <ns3:TrackPointExtension>
            <ns3:hr>145</ns3:hr>
            <ns3:cad>91</ns3:cad>
          </ns3:TrackPointExtension>
        </extensions>
      </trkpt>
      <trkpt lat="30.44152937829494476318359375" lon="120.27311020530760288238525390625">
        <ele>5.19999980926513671875</ele>
        <time>2026-01-13T14:03:05.000Z</time>
        <extensions>
          <ns3:TrackPointExtension>
            <ns3:hr>145</ns3:hr>
            <ns3:cad>92</ns3:cad>
          </ns3:TrackPointExtension>
        </extensions>
      </trkpt>
      <trkpt lat="30.441509597003459930419921875" lon="120.2731235325336456298828125">
        <ele>5.19999980926513671875</ele>
        <time>2026-01-13T14:03:06.000Z</time>
        <extensions>
          <ns3:TrackPointExtension>
            <ns3:hr>145</ns3:hr>
            <ns3:cad>92</ns3:cad>
          </ns3:TrackPointExtension>
        </extensions>
      </trkpt>
      <trkpt lat="30.44148922897875308990478515625" lon="120.273137949407100677490234375">
        <ele>5.19999980926513671875</ele>
        <time>2026-01-13T14:03:07.000Z</time>
        <extensions>
          <ns3:TrackPointExtension>
            <ns3:hr>145</ns3:hr>
            <ns3:cad>93</ns3:cad>
          </ns3:TrackPointExtension>
        </extensions>
      </trkpt>
      <trkpt lat="30.44146793894469738006591796875" lon="120.2731511928141117095947265625">
        <ele>5.19999980926513671875</ele>
        <time>2026-01-13T14:03:08.000Z</time>
        <extensions>
          <ns3:TrackPointExtension>
            <ns3:hr>145</ns3:hr>
            <ns3:cad>92</ns3:cad>
          </ns3:TrackPointExtension>
        </extensions>
      </trkpt>
      <trkpt lat="30.44144690036773681640625" lon="120.273164771497249603271484375">
        <ele>5.400000095367431640625</ele>
        <time>2026-01-13T14:03:09.000Z</time>
        <extensions>
          <ns3:TrackPointExtension>
            <ns3:hr>145</ns3:hr>
            <ns3:cad>92</ns3:cad>
          </ns3:TrackPointExtension>
        </extensions>
      </trkpt>
      <trkpt lat="30.44142535887658596038818359375" lon="120.2731776796281337738037109375">
        <ele>5.400000095367431640625</ele>
        <time>2026-01-13T14:03:10.000Z</time>
        <extensions>
          <ns3:TrackPointExtension>
            <ns3:hr>145</ns3:hr>
            <ns3:cad>92</ns3:cad>
          </ns3:TrackPointExtension>
        </extensions>
      </trkpt>
      <trkpt lat="30.4414038173854351043701171875" lon="120.27319067157804965972900390625">
        <ele>5.599999904632568359375</ele>
        <time>2026-01-13T14:03:11.000Z</time>
        <extensions>
          <ns3:TrackPointExtension>
            <ns3:hr>145</ns3:hr>
            <ns3:cad>93</ns3:cad>
          </ns3:TrackPointExtension>
        </extensions>
      </trkpt>
      <trkpt lat="30.441384203732013702392578125" lon="120.27320508845150470733642578125">
        <ele>5.599999904632568359375</ele>
        <time>2026-01-13T14:03:12.000Z</time>
        <extensions>
          <ns3:TrackPointExtension>
            <ns3:hr>145</ns3:hr>
            <ns3:cad>93</ns3:cad>
          </ns3:TrackPointExtension>
        </extensions>
      </trkpt>
      <trkpt lat="30.44136467389762401580810546875" lon="120.2732200920581817626953125">
        <ele>5.80000019073486328125</ele>
        <time>2026-01-13T14:03:13.000Z</time>
        <extensions>
          <ns3:TrackPointExtension>
            <ns3:hr>144</ns3:hr>
            <ns3:cad>93</ns3:cad>
          </ns3:TrackPointExtension>
        </extensions>
      </trkpt>
      <trkpt lat="30.44134522788226604461669921875" lon="120.27323526330292224884033203125">
        <ele>5.80000019073486328125</ele>
        <time>2026-01-13T14:03:14.000Z</time>
        <extensions>
          <ns3:TrackPointExtension>
            <ns3:hr>144</ns3:hr>
            <ns3:cad>93</ns3:cad>
          </ns3:TrackPointExtension>
        </extensions>
      </trkpt>
      <trkpt lat="30.441326200962066650390625" lon="120.27324867434799671173095703125">
        <ele>6</ele>
        <time>2026-01-13T14:03:15.000Z</time>
        <extensions>
          <ns3:TrackPointExtension>
            <ns3:hr>144</ns3:hr>
            <ns3:cad>93</ns3:cad>
          </ns3:TrackPointExtension>
        </extensions>
      </trkpt>
      <trkpt lat="30.44130482710897922515869140625" lon="120.27326376177370548248291015625">
        <ele>5.80000019073486328125</ele>
        <time>2026-01-13T14:03:16.000Z</time>
        <extensions>
          <ns3:TrackPointExtension>
            <ns3:hr>144</ns3:hr>
            <ns3:cad>93</ns3:cad>
          </ns3:TrackPointExtension>
        </extensions>
      </trkpt>
      <trkpt lat="30.44128186069428920745849609375" lon="120.27327666990458965301513671875">
        <ele>5.80000019073486328125</ele>
        <time>2026-01-13T14:03:17.000Z</time>
        <extensions>
          <ns3:TrackPointExtension>
            <ns3:hr>144</ns3:hr>
            <ns3:cad>93</ns3:cad>
          </ns3:TrackPointExtension>
        </extensions>
      </trkpt>
      <trkpt lat="30.4412599839270114898681640625" lon="120.27329024858772754669189453125">
        <ele>5.80000019073486328125</ele>
        <time>2026-01-13T14:03:18.000Z</time>
        <extensions>
          <ns3:TrackPointExtension>
            <ns3:hr>144</ns3:hr>
            <ns3:cad>93</ns3:cad>
          </ns3:TrackPointExtension>
        </extensions>
      </trkpt>
      <trkpt lat="30.441238023340702056884765625" lon="120.27330298908054828643798828125">
        <ele>5.80000019073486328125</ele>
        <time>2026-01-13T14:03:19.000Z</time>
        <extensions>
          <ns3:TrackPointExtension>
            <ns3:hr>144</ns3:hr>
            <ns3:cad>93</ns3:cad>
          </ns3:TrackPointExtension>
        </extensions>
      </trkpt>
      <trkpt lat="30.441218577325344085693359375" lon="120.27331640012562274932861328125">
        <ele>5.80000019073486328125</ele>
        <time>2026-01-13T14:03:20.000Z</time>
        <extensions>
          <ns3:TrackPointExtension>
            <ns3:hr>144</ns3:hr>
            <ns3:cad>92</ns3:cad>
          </ns3:TrackPointExtension>
        </extensions>
      </trkpt>
      <trkpt lat="30.44119887985289096832275390625" lon="120.2733300626277923583984375">
        <ele>5.80000019073486328125</ele>
        <time>2026-01-13T14:03:21.000Z</time>
        <extensions>
          <ns3:TrackPointExtension>
            <ns3:hr>144</ns3:hr>
            <ns3:cad>92</ns3:cad>
          </ns3:TrackPointExtension>
        </extensions>
      </trkpt>
      <trkpt lat="30.4411744885146617889404296875" lon="120.2733433060348033905029296875">
        <ele>5.80000019073486328125</ele>
        <time>2026-01-13T14:03:22.000Z</time>
        <extensions>
          <ns3:TrackPointExtension>
            <ns3:hr>144</ns3:hr>
            <ns3:cad>93</ns3:cad>
          </ns3:TrackPointExtension>
        </extensions>
      </trkpt>
      <trkpt lat="30.4411530308425426483154296875" lon="120.273357219994068145751953125">
        <ele>5.599999904632568359375</ele>
        <time>2026-01-13T14:03:23.000Z</time>
        <extensions>
          <ns3:TrackPointExtension>
            <ns3:hr>144</ns3:hr>
            <ns3:cad>93</ns3:cad>
          </ns3:TrackPointExtension>
        </extensions>
      </trkpt>
      <trkpt lat="30.44112964533269405364990234375" lon="120.27337054722011089324951171875">
        <ele>5.599999904632568359375</ele>
        <time>2026-01-13T14:03:24.000Z</time>
        <extensions>
          <ns3:TrackPointExtension>
            <ns3:hr>144</ns3:hr>
            <ns3:cad>93</ns3:cad>
          </ns3:TrackPointExtension>
        </extensions>
      </trkpt>
      <trkpt lat="30.44110802002251148223876953125" lon="120.273383371531963348388671875">
        <ele>5.599999904632568359375</ele>
        <time>2026-01-13T14:03:25.000Z</time>
        <extensions>
          <ns3:TrackPointExtension>
            <ns3:hr>144</ns3:hr>
            <ns3:cad>93</ns3:cad>
          </ns3:TrackPointExtension>
        </extensions>
      </trkpt>
      <trkpt lat="30.44108823873102664947509765625" lon="120.27339602820575237274169921875">
        <ele>5.599999904632568359375</ele>
        <time>2026-01-13T14:03:26.000Z</time>
        <extensions>
          <ns3:TrackPointExtension>
            <ns3:hr>145</ns3:hr>
            <ns3:cad>92</ns3:cad>
          </ns3:TrackPointExtension>
        </extensions>
      </trkpt>
      <trkpt lat="30.44106678105890750885009765625" lon="120.27340776287019252777099609375">
        <ele>5.599999904632568359375</ele>
        <time>2026-01-13T14:03:27.000Z</time>
        <extensions>
          <ns3:TrackPointExtension>
            <ns3:hr>145</ns3:hr>
            <ns3:cad>90</ns3:cad>
          </ns3:TrackPointExtension>
        </extensions>
      </trkpt>
      <trkpt lat="30.44104448519647121429443359375" lon="120.2734197489917278289794921875">
        <ele>5.400000095367431640625</ele>
        <time>2026-01-13T14:03:28.000Z</time>
        <extensions>
          <ns3:TrackPointExtension>
            <ns3:hr>145</ns3:hr>
            <ns3:cad>90</ns3:cad>
          </ns3:TrackPointExtension>
        </extensions>
      </trkpt>
      <trkpt lat="30.44102503918111324310302734375" lon="120.27343173511326313018798828125">
        <ele>5.400000095367431640625</ele>
        <time>2026-01-13T14:03:29.000Z</time>
        <extensions>
          <ns3:TrackPointExtension>
            <ns3:hr>145</ns3:hr>
            <ns3:cad>90</ns3:cad>
          </ns3:TrackPointExtension>
        </extensions>
      </trkpt>
      <trkpt lat="30.4410024918615818023681640625" lon="120.27344338595867156982421875">
        <ele>5.19999980926513671875</ele>
        <time>2026-01-13T14:03:30.000Z</time>
        <extensions>
          <ns3:TrackPointExtension>
            <ns3:hr>145</ns3:hr>
            <ns3:cad>90</ns3:cad>
          </ns3:TrackPointExtension>
        </extensions>
      </trkpt>
      <trkpt lat="30.440979190170764923095703125" lon="120.273456461727619171142578125">
        <ele>5.19999980926513671875</ele>
        <time>2026-01-13T14:03:31.000Z</time>
        <extensions>
          <ns3:TrackPointExtension>
            <ns3:hr>145</ns3:hr>
            <ns3:cad>90</ns3:cad>
          </ns3:TrackPointExtension>
        </extensions>
      </trkpt>
      <trkpt lat="30.4409587383270263671875" lon="120.2734700404107570648193359375">
        <ele>5</ele>
        <time>2026-01-13T14:03:32.000Z</time>
        <extensions>
          <ns3:TrackPointExtension>
            <ns3:hr>146</ns3:hr>
            <ns3:cad>90</ns3:cad>
          </ns3:TrackPointExtension>
        </extensions>
      </trkpt>
      <trkpt lat="30.4409391246736049652099609375" lon="120.27348303236067295074462890625">
        <ele>5</ele>
        <time>2026-01-13T14:03:33.000Z</time>
        <extensions>
          <ns3:TrackPointExtension>
            <ns3:hr>146</ns3:hr>
            <ns3:cad>90</ns3:cad>
          </ns3:TrackPointExtension>
        </extensions>
      </trkpt>
      <trkpt lat="30.440918840467929840087890625" lon="120.27349644340574741363525390625">
        <ele>4.80000019073486328125</ele>
        <time>2026-01-13T14:03:34.000Z</time>
        <extensions>
          <ns3:TrackPointExtension>
            <ns3:hr>146</ns3:hr>
            <ns3:cad>90</ns3:cad>
          </ns3:TrackPointExtension>
        </extensions>
      </trkpt>
      <trkpt lat="30.4409005679190158843994140625" lon="120.2735109440982341766357421875">
        <ele>4.80000019073486328125</ele>
        <time>2026-01-13T14:03:35.000Z</time>
        <extensions>
          <ns3:TrackPointExtension>
            <ns3:hr>146</ns3:hr>
            <ns3:cad>90</ns3:cad>
          </ns3:TrackPointExtension>
        </extensions>
      </trkpt>
      <trkpt lat="30.44088036753237247467041015625" lon="120.273523516952991485595703125">
        <ele>4.599999904632568359375</ele>
        <time>2026-01-13T14:03:36.000Z</time>
        <extensions>
          <ns3:TrackPointExtension>
            <ns3:hr>146</ns3:hr>
            <ns3:cad>90</ns3:cad>
          </ns3:TrackPointExtension>
        </extensions>
      </trkpt>
      <trkpt lat="30.4408589936792850494384765625" lon="120.27353717945516109466552734375">
        <ele>4.599999904632568359375</ele>
        <time>2026-01-13T14:03:37.000Z</time>
        <extensions>
          <ns3:TrackPointExtension>
            <ns3:hr>146</ns3:hr>
            <ns3:cad>91</ns3:cad>
          </ns3:TrackPointExtension>
        </extensions>
      </trkpt>
      <trkpt lat="30.4408375360071659088134765625" lon="120.2735500037670135498046875">
        <ele>4.400000095367431640625</ele>
        <time>2026-01-13T14:03:38.000Z</time>
        <extensions>
          <ns3:TrackPointExtension>
            <ns3:hr>146</ns3:hr>
            <ns3:cad>92</ns3:cad>
          </ns3:TrackPointExtension>
        </extensions>
      </trkpt>
      <trkpt lat="30.44081716798245906829833984375" lon="120.27356400154531002044677734375">
        <ele>4.19999980926513671875</ele>
        <time>2026-01-13T14:03:39.000Z</time>
        <extensions>
          <ns3:TrackPointExtension>
            <ns3:hr>146</ns3:hr>
            <ns3:cad>92</ns3:cad>
          </ns3:TrackPointExtension>
        </extensions>
      </trkpt>
      <trkpt lat="30.44079520739614963531494140625" lon="120.27357724495232105255126953125">
        <ele>4</ele>
        <time>2026-01-13T14:03:40.000Z</time>
        <extensions>
          <ns3:TrackPointExtension>
            <ns3:hr>146</ns3:hr>
            <ns3:cad>92</ns3:cad>
          </ns3:TrackPointExtension>
        </extensions>
      </trkpt>
      <trkpt lat="30.44077207334339618682861328125" lon="120.27359199710190296173095703125">
        <ele>4</ele>
        <time>2026-01-13T14:03:41.000Z</time>
        <extensions>
          <ns3:TrackPointExtension>
            <ns3:hr>146</ns3:hr>
            <ns3:cad>92</ns3:cad>
          </ns3:TrackPointExtension>
        </extensions>
      </trkpt>
      <trkpt lat="30.44075162149965763092041015625" lon="120.273603312671184539794921875">
        <ele>4.19999980926513671875</ele>
        <time>2026-01-13T14:03:42.000Z</time>
        <extensions>
          <ns3:TrackPointExtension>
            <ns3:hr>146</ns3:hr>
            <ns3:cad>92</ns3:cad>
          </ns3:TrackPointExtension>
        </extensions>
      </trkpt>
      <trkpt lat="30.44073276221752166748046875" lon="120.27361395768821239471435546875">
        <ele>4.19999980926513671875</ele>
        <time>2026-01-13T14:03:43.000Z</time>
        <extensions>
          <ns3:TrackPointExtension>
            <ns3:hr>146</ns3:hr>
            <ns3:cad>92</ns3:cad>
          </ns3:TrackPointExtension>
        </extensions>
      </trkpt>
      <trkpt lat="30.44071256183087825775146484375" lon="120.27362502180039882659912109375">
        <ele>4.19999980926513671875</ele>
        <time>2026-01-13T14:03:44.000Z</time>
        <extensions>
          <ns3:TrackPointExtension>
            <ns3:hr>146</ns3:hr>
            <ns3:cad>93</ns3:cad>
          </ns3:TrackPointExtension>
        </extensions>
      </trkpt>
      <trkpt lat="30.44069278053939342498779296875" lon="120.2736373431980609893798828125">
        <ele>4.400000095367431640625</ele>
        <time>2026-01-13T14:03:45.000Z</time>
        <extensions>
          <ns3:TrackPointExtension>
            <ns3:hr>146</ns3:hr>
            <ns3:cad>93</ns3:cad>
          </ns3:TrackPointExtension>
        </extensions>
      </trkpt>
      <trkpt lat="30.44067400507628917694091796875" lon="120.27364916168153285980224609375">
        <ele>4.400000095367431640625</ele>
        <time>2026-01-13T14:03:46.000Z</time>
        <extensions>
          <ns3:TrackPointExtension>
            <ns3:hr>146</ns3:hr>
            <ns3:cad>92</ns3:cad>
          </ns3:TrackPointExtension>
        </extensions>
      </trkpt>
      <trkpt lat="30.44065254740417003631591796875" lon="120.2736618183553218841552734375">
        <ele>4.400000095367431640625</ele>
        <time>2026-01-13T14:03:47.000Z</time>
        <extensions>
          <ns3:TrackPointExtension>
            <ns3:hr>147</ns3:hr>
            <ns3:cad>90</ns3:cad>
          </ns3:TrackPointExtension>
        </extensions>
      </trkpt>
      <trkpt lat="30.4406306706368923187255859375" lon="120.27367162518203258514404296875">
        <ele>4.599999904632568359375</ele>
        <time>2026-01-13T14:03:48.000Z</time>
        <extensions>
          <ns3:TrackPointExtension>
            <ns3:hr>147</ns3:hr>
            <ns3:cad>89</ns3:cad>
          </ns3:TrackPointExtension>
        </extensions>
      </trkpt>
      <trkpt lat="30.4406087100505828857421875" lon="120.27368201874196529388427734375">
        <ele>4.599999904632568359375</ele>
        <time>2026-01-13T14:03:49.000Z</time>
        <extensions>
          <ns3:TrackPointExtension>
            <ns3:hr>147</ns3:hr>
            <ns3:cad>89</ns3:cad>
          </ns3:TrackPointExtension>
        </extensions>
      </trkpt>
      <trkpt lat="30.4405880905687808990478515625" lon="120.27369224466383457183837890625">
        <ele>4.80000019073486328125</ele>
        <time>2026-01-13T14:03:50.000Z</time>
        <extensions>
          <ns3:TrackPointExtension>
            <ns3:hr>147</ns3:hr>
            <ns3:cad>90</ns3:cad>
          </ns3:TrackPointExtension>
        </extensions>
      </trkpt>
      <trkpt lat="30.44056772254407405853271484375" lon="120.273705907166004180908203125">
        <ele>4.80000019073486328125</ele>
        <time>2026-01-13T14:03:51.000Z</time>
        <extensions>
          <ns3:TrackPointExtension>
            <ns3:hr>147</ns3:hr>
            <ns3:cad>90</ns3:cad>
          </ns3:TrackPointExtension>
        </extensions>
      </trkpt>
      <trkpt lat="30.440548360347747802734375" lon="120.27372191660106182098388671875">
        <ele>4.80000019073486328125</ele>
        <time>2026-01-13T14:03:52.000Z</time>
        <extensions>
          <ns3:TrackPointExtension>
            <ns3:hr>148</ns3:hr>
            <ns3:cad>91</ns3:cad>
          </ns3:TrackPointExtension>
        </extensions>
      </trkpt>
      <trkpt lat="30.44052933342754840850830078125" lon="120.27373750694096088409423828125">
        <ele>5</ele>
        <time>2026-01-13T14:03:53.000Z</time>
        <extensions>
          <ns3:TrackPointExtension>
            <ns3:hr>148</ns3:hr>
            <ns3:cad>92</ns3:cad>
          </ns3:TrackPointExtension>
        </extensions>
      </trkpt>
      <trkpt lat="30.44051139615476131439208984375" lon="120.27375158853828907012939453125">
        <ele>5</ele>
        <time>2026-01-13T14:03:54.000Z</time>
        <extensions>
          <ns3:TrackPointExtension>
            <ns3:hr>148</ns3:hr>
            <ns3:cad>92</ns3:cad>
          </ns3:TrackPointExtension>
        </extensions>
      </trkpt>
      <trkpt lat="30.44049002230167388916015625" lon="120.27376634068787097930908203125">
        <ele>5.19999980926513671875</ele>
        <time>2026-01-13T14:03:55.000Z</time>
        <extensions>
          <ns3:TrackPointExtension>
            <ns3:hr>148</ns3:hr>
            <ns3:cad>91</ns3:cad>
          </ns3:TrackPointExtension>
        </extensions>
      </trkpt>
      <trkpt lat="30.440469570457935333251953125" lon="120.273779667913913726806640625">
        <ele>5.19999980926513671875</ele>
        <time>2026-01-13T14:03:56.000Z</time>
        <extensions>
          <ns3:TrackPointExtension>
            <ns3:hr>148</ns3:hr>
            <ns3:cad>90</ns3:cad>
          </ns3:TrackPointExtension>
        </extensions>
      </trkpt>
      <trkpt lat="30.4404496215283870697021484375" lon="120.27379207313060760498046875">
        <ele>5.19999980926513671875</ele>
        <time>2026-01-13T14:03:57.000Z</time>
        <extensions>
          <ns3:TrackPointExtension>
            <ns3:hr>149</ns3:hr>
            <ns3:cad>90</ns3:cad>
          </ns3:TrackPointExtension>
        </extensions>
      </trkpt>
      <trkpt lat="30.44042766094207763671875" lon="120.27380372397601604461669921875">
        <ele>5.400000095367431640625</ele>
        <time>2026-01-13T14:03:58.000Z</time>
        <extensions>
          <ns3:TrackPointExtension>
            <ns3:hr>149</ns3:hr>
            <ns3:cad>90</ns3:cad>
          </ns3:TrackPointExtension>
        </extensions>
      </trkpt>
      <trkpt lat="30.44040544889867305755615234375" lon="120.27381445281207561492919921875">
        <ele>5.400000095367431640625</ele>
        <time>2026-01-13T14:03:59.000Z</time>
        <extensions>
          <ns3:TrackPointExtension>
            <ns3:hr>149</ns3:hr>
            <ns3:cad>90</ns3:cad>
          </ns3:TrackPointExtension>
        </extensions>
      </trkpt>
      <trkpt lat="30.44038332067430019378662109375" lon="120.2738250978291034698486328125">
        <ele>5.400000095367431640625</ele>
        <time>2026-01-13T14:04:00.000Z</time>
        <extensions>
          <ns3:TrackPointExtension>
            <ns3:hr>149</ns3:hr>
            <ns3:cad>90</ns3:cad>
          </ns3:TrackPointExtension>
        </extensions>
      </trkpt>
      <trkpt lat="30.44036320410668849945068359375" lon="120.27383926324546337127685546875">
        <ele>5.400000095367431640625</ele>
        <time>2026-01-13T14:04:01.000Z</time>
        <extensions>
          <ns3:TrackPointExtension>
            <ns3:hr>149</ns3:hr>
            <ns3:cad>90</ns3:cad>
          </ns3:TrackPointExtension>
        </extensions>
      </trkpt>
      <trkpt lat="30.44034392572939395904541015625" lon="120.27385510504245758056640625">
        <ele>5.19999980926513671875</ele>
        <time>2026-01-13T14:04:02.000Z</time>
        <extensions>
          <ns3:TrackPointExtension>
            <ns3:hr>149</ns3:hr>
            <ns3:cad>90</ns3:cad>
          </ns3:TrackPointExtension>
        </extensions>
      </trkpt>
      <trkpt lat="30.44032380916178226470947265625" lon="120.27386977337300777435302734375">
        <ele>5.19999980926513671875</ele>
        <time>2026-01-13T14:04:03.000Z</time>
        <extensions>
          <ns3:TrackPointExtension>
            <ns3:hr>148</ns3:hr>
            <ns3:cad>90</ns3:cad>
          </ns3:TrackPointExtension>
        </extensions>
      </trkpt>
      <trkpt lat="30.440304279327392578125" lon="120.27388351969420909881591796875">
        <ele>5.19999980926513671875</ele>
        <time>2026-01-13T14:04:04.000Z</time>
        <extensions>
          <ns3:TrackPointExtension>
            <ns3:hr>148</ns3:hr>
            <ns3:cad>90</ns3:cad>
          </ns3:TrackPointExtension>
        </extensions>
      </trkpt>
      <trkpt lat="30.44028407894074916839599609375" lon="120.2738968469202518463134765625">
        <ele>5.19999980926513671875</ele>
        <time>2026-01-13T14:04:05.000Z</time>
        <extensions>
          <ns3:TrackPointExtension>
            <ns3:hr>148</ns3:hr>
            <ns3:cad>90</ns3:cad>
          </ns3:TrackPointExtension>
        </extensions>
      </trkpt>
      <trkpt lat="30.440264046192169189453125" lon="120.2739105932414531707763671875">
        <ele>5.19999980926513671875</ele>
        <time>2026-01-13T14:04:06.000Z</time>
        <extensions>
          <ns3:TrackPointExtension>
            <ns3:hr>148</ns3:hr>
            <ns3:cad>90</ns3:cad>
          </ns3:TrackPointExtension>
        </extensions>
      </trkpt>
      <trkpt lat="30.44024434871971607208251953125" lon="120.27392207644879817962646484375">
        <ele>5.19999980926513671875</ele>
        <time>2026-01-13T14:04:07.000Z</time>
        <extensions>
          <ns3:TrackPointExtension>
            <ns3:hr>148</ns3:hr>
            <ns3:cad>90</ns3:cad>
          </ns3:TrackPointExtension>
        </extensions>
      </trkpt>
      <trkpt lat="30.4402276687324047088623046875" lon="120.27393448166549205780029296875">
        <ele>5</ele>
        <time>2026-01-13T14:04:08.000Z</time>
        <extensions>
          <ns3:TrackPointExtension>
            <ns3:hr>148</ns3:hr>
            <ns3:cad>90</ns3:cad>
          </ns3:TrackPointExtension>
        </extensions>
      </trkpt>
      <trkpt lat="30.44021065346896648406982421875" lon="120.2739454619586467742919921875">
        <ele>5</ele>
        <time>2026-01-13T14:04:09.000Z</time>
        <extensions>
          <ns3:TrackPointExtension>
            <ns3:hr>149</ns3:hr>
            <ns3:cad>90</ns3:cad>
          </ns3:TrackPointExtension>
        </extensions>
      </trkpt>
      <trkpt lat="30.44019439257681369781494140625" lon="120.27395275421440601348876953125">
        <ele>5</ele>
        <time>2026-01-13T14:04:10.000Z</time>
        <extensions>
          <ns3:TrackPointExtension>
            <ns3:hr>149</ns3:hr>
            <ns3:cad>89</ns3:cad>
          </ns3:TrackPointExtension>
        </extensions>
      </trkpt>
      <trkpt lat="30.440179891884326934814453125" lon="120.273957364261150360107421875">
        <ele>5</ele>
        <time>2026-01-13T14:04:11.000Z</time>
        <extensions>
          <ns3:TrackPointExtension>
            <ns3:hr>149</ns3:hr>
            <ns3:cad>89</ns3:cad>
          </ns3:TrackPointExtension>
        </extensions>
      </trkpt>
      <trkpt lat="30.4401683248579502105712890625" lon="120.2739561907947063446044921875">
        <ele>5</ele>
        <time>2026-01-13T14:04:12.000Z</time>
        <extensions>
          <ns3:TrackPointExtension>
            <ns3:hr>149</ns3:hr>
            <ns3:cad>89</ns3:cad>
          </ns3:TrackPointExtension>
        </extensions>
      </trkpt>
      <trkpt lat="30.44015399180352687835693359375" lon="120.27395074255764484405517578125">
        <ele>5</ele>
        <time>2026-01-13T14:04:13.000Z</time>
        <extensions>
          <ns3:TrackPointExtension>
            <ns3:hr>150</ns3:hr>
            <ns3:cad>89</ns3:cad>
          </ns3:TrackPointExtension>
        </extensions>
      </trkpt>
      <trkpt lat="30.4401366412639617919921875" lon="120.2739437855780124664306640625">
        <ele>5</ele>
        <time>2026-01-13T14:04:14.000Z</time>
        <extensions>
          <ns3:TrackPointExtension>
            <ns3:hr>149</ns3:hr>
            <ns3:cad>89</ns3:cad>
          </ns3:TrackPointExtension>
        </extensions>
      </trkpt>
      <trkpt lat="30.44011711142957210540771484375" lon="120.27393154799938201904296875">
        <ele>5.19999980926513671875</ele>
        <time>2026-01-13T14:04:15.000Z</time>
        <extensions>
          <ns3:TrackPointExtension>
            <ns3:hr>149</ns3:hr>
            <ns3:cad>89</ns3:cad>
          </ns3:TrackPointExtension>
        </extensions>
      </trkpt>
      <trkpt lat="30.44010168872773647308349609375" lon="120.27391721494495868682861328125">
        <ele>5.19999980926513671875</ele>
        <time>2026-01-13T14:04:16.000Z</time>
        <extensions>
          <ns3:TrackPointExtension>
            <ns3:hr>149</ns3:hr>
            <ns3:cad>89</ns3:cad>
          </ns3:TrackPointExtension>
        </extensions>
      </trkpt>
      <trkpt lat="30.44008878059685230255126953125" lon="120.27389760129153728485107421875">
        <ele>5.400000095367431640625</ele>
        <time>2026-01-13T14:04:17.000Z</time>
        <extensions>
          <ns3:TrackPointExtension>
            <ns3:hr>149</ns3:hr>
            <ns3:cad>89</ns3:cad>
          </ns3:TrackPointExtension>
        </extensions>
      </trkpt>
      <trkpt lat="30.44007687829434871673583984375" lon="120.27387446723878383636474609375">
        <ele>5.599999904632568359375</ele>
        <time>2026-01-13T14:04:18.000Z</time>
        <extensions>
          <ns3:TrackPointExtension>
            <ns3:hr>149</ns3:hr>
            <ns3:cad>89</ns3:cad>
          </ns3:TrackPointExtension>
        </extensions>
      </trkpt>
      <trkpt lat="30.44006682001054286956787109375" lon="120.27384974062442779541015625">
        <ele>5.80000019073486328125</ele>
        <time>2026-01-13T14:04:19.000Z</time>
        <extensions>
          <ns3:TrackPointExtension>
            <ns3:hr>149</ns3:hr>
            <ns3:cad>89</ns3:cad>
          </ns3:TrackPointExtension>
        </extensions>
      </trkpt>
      <trkpt lat="30.4400575160980224609375" lon="120.2738261036574840545654296875">
        <ele>5.80000019073486328125</ele>
        <time>2026-01-13T14:04:20.000Z</time>
        <extensions>
          <ns3:TrackPointExtension>
            <ns3:hr>149</ns3:hr>
            <ns3:cad>90</ns3:cad>
          </ns3:TrackPointExtension>
        </extensions>
      </trkpt>
      <trkpt lat="30.44004821218550205230712890625" lon="120.27380255050957202911376953125">
        <ele>6</ele>
        <time>2026-01-13T14:04:21.000Z</time>
        <extensions>
          <ns3:TrackPointExtension>
            <ns3:hr>149</ns3:hr>
            <ns3:cad>90</ns3:cad>
          </ns3:TrackPointExtension>
        </extensions>
      </trkpt>
      <trkpt lat="30.44003496877849102020263671875" lon="120.27378193102777004241943359375">
        <ele>6</ele>
        <time>2026-01-13T14:04:22.000Z</time>
        <extensions>
          <ns3:TrackPointExtension>
            <ns3:hr>149</ns3:hr>
            <ns3:cad>91</ns3:cad>
          </ns3:TrackPointExtension>
        </extensions>
      </trkpt>
      <trkpt lat="30.44002206064760684967041015625" lon="120.27375594712793827056884765625">
        <ele>6.19999980926513671875</ele>
        <time>2026-01-13T14:04:23.000Z</time>
        <extensions>
          <ns3:TrackPointExtension>
            <ns3:hr>149</ns3:hr>
            <ns3:cad>91</ns3:cad>
          </ns3:TrackPointExtension>
        </extensions>
      </trkpt>
      <trkpt lat="30.44001267291605472564697265625" lon="120.27373532764613628387451171875">
        <ele>6.19999980926513671875</ele>
        <time>2026-01-13T14:04:24.000Z</time>
        <extensions>
          <ns3:TrackPointExtension>
            <ns3:hr>149</ns3:hr>
            <ns3:cad>90</ns3:cad>
          </ns3:TrackPointExtension>
        </extensions>
      </trkpt>
      <trkpt lat="30.43999909423291683197021484375" lon="120.27370632626116275787353515625">
        <ele>6.400000095367431640625</ele>
        <time>2026-01-13T14:04:25.000Z</time>
        <extensions>
          <ns3:TrackPointExtension>
            <ns3:hr>149</ns3:hr>
            <ns3:cad>90</ns3:cad>
          </ns3:TrackPointExtension>
        </extensions>
      </trkpt>
      <trkpt lat="30.43998735956847667694091796875" lon="120.27368210256099700927734375">
        <ele>6.400000095367431640625</ele>
        <time>2026-01-13T14:04:26.000Z</time>
        <extensions>
          <ns3:TrackPointExtension>
            <ns3:hr>149</ns3:hr>
            <ns3:cad>90</ns3:cad>
          </ns3:TrackPointExtension>
        </extensions>
      </trkpt>
      <trkpt lat="30.439972020685672760009765625" lon="120.27366039343178272247314453125">
        <ele>6.599999904632568359375</ele>
        <time>2026-01-13T14:04:27.000Z</time>
        <extensions>
          <ns3:TrackPointExtension>
            <ns3:hr>149</ns3:hr>
            <ns3:cad>90</ns3:cad>
          </ns3:TrackPointExtension>
        </extensions>
      </trkpt>
      <trkpt lat="30.4399587772786617279052734375" lon="120.27363742701709270477294921875">
        <ele>6.599999904632568359375</ele>
        <time>2026-01-13T14:04:28.000Z</time>
        <extensions>
          <ns3:TrackPointExtension>
            <ns3:hr>150</ns3:hr>
            <ns3:cad>91</ns3:cad>
          </ns3:TrackPointExtension>
        </extensions>
      </trkpt>
      <trkpt lat="30.439949892461299896240234375" lon="120.27361680753529071807861328125">
        <ele>6.599999904632568359375</ele>
        <time>2026-01-13T14:04:29.000Z</time>
        <extensions>
          <ns3:TrackPointExtension>
            <ns3:hr>150</ns3:hr>
            <ns3:cad>92</ns3:cad>
          </ns3:TrackPointExtension>
        </extensions>
      </trkpt>
      <trkpt lat="30.43993723578751087188720703125" lon="120.273595936596393585205078125">
        <ele>6.80000019073486328125</ele>
        <time>2026-01-13T14:04:30.000Z</time>
        <extensions>
          <ns3:TrackPointExtension>
            <ns3:hr>150</ns3:hr>
            <ns3:cad>92</ns3:cad>
          </ns3:TrackPointExtension>
        </extensions>
      </trkpt>
      <trkpt lat="30.4399225674569606781005859375" lon="120.273570120334625244140625">
        <ele>6.80000019073486328125</ele>
        <time>2026-01-13T14:04:31.000Z</time>
        <extensions>
          <ns3:TrackPointExtension>
            <ns3:hr>151</ns3:hr>
            <ns3:cad>90</ns3:cad>
          </ns3:TrackPointExtension>
        </extensions>
      </trkpt>
      <trkpt lat="30.43990706093609333038330078125" lon="120.27354170568287372589111328125">
        <ele>6.80000019073486328125</ele>
        <time>2026-01-13T14:04:32.000Z</time>
        <extensions>
          <ns3:TrackPointExtension>
            <ns3:hr>151</ns3:hr>
            <ns3:cad>90</ns3:cad>
          </ns3:TrackPointExtension>
        </extensions>
      </trkpt>
      <trkpt lat="30.43988828547298908233642578125" lon="120.2735126204788684844970703125">
        <ele>6.80000019073486328125</ele>
        <time>2026-01-13T14:04:33.000Z</time>
        <extensions>
          <ns3:TrackPointExtension>
            <ns3:hr>151</ns3:hr>
            <ns3:cad>91</ns3:cad>
          </ns3:TrackPointExtension>
        </extensions>
      </trkpt>
      <trkpt lat="30.4398762993514537811279296875" lon="120.27348755858838558197021484375">
        <ele>6.80000019073486328125</ele>
        <time>2026-01-13T14:04:34.000Z</time>
        <extensions>
          <ns3:TrackPointExtension>
            <ns3:hr>151</ns3:hr>
            <ns3:cad>92</ns3:cad>
          </ns3:TrackPointExtension>
        </extensions>
      </trkpt>
      <trkpt lat="30.439861714839935302734375" lon="120.273457467555999755859375">
        <ele>6.599999904632568359375</ele>
        <time>2026-01-13T14:04:35.000Z</time>
        <extensions>
          <ns3:TrackPointExtension>
            <ns3:hr>152</ns3:hr>
            <ns3:cad>92</ns3:cad>
          </ns3:TrackPointExtension>
        </extensions>
      </trkpt>
      <trkpt lat="30.4398528300225734710693359375" lon="120.273421593010425567626953125">
        <ele>6.599999904632568359375</ele>
        <time>2026-01-13T14:04:36.000Z</time>
        <extensions>
          <ns3:TrackPointExtension>
            <ns3:hr>152</ns3:hr>
            <ns3:cad>92</ns3:cad>
          </ns3:TrackPointExtension>
        </extensions>
      </trkpt>
      <trkpt lat="30.439845956861972808837890625" lon="120.27338982559740543365478515625">
        <ele>6.400000095367431640625</ele>
        <time>2026-01-13T14:04:37.000Z</time>
        <extensions>
          <ns3:TrackPointExtension>
            <ns3:hr>152</ns3:hr>
            <ns3:cad>92</ns3:cad>
          </ns3:TrackPointExtension>
        </extensions>
      </trkpt>
      <trkpt lat="30.4398464597761631011962890625" lon="120.2733595669269561767578125">
        <ele>6.400000095367431640625</ele>
        <time>2026-01-13T14:04:38.000Z</time>
        <extensions>
          <ns3:TrackPointExtension>
            <ns3:hr>152</ns3:hr>
            <ns3:cad>91</ns3:cad>
          </ns3:TrackPointExtension>
        </extensions>
      </trkpt>
      <trkpt lat="30.43983330018818378448486328125" lon="120.27333668433129787445068359375">
        <ele>6.400000095367431640625</ele>
        <time>2026-01-13T14:04:39.000Z</time>
        <extensions>
          <ns3:TrackPointExtension>
            <ns3:hr>153</ns3:hr>
            <ns3:cad>91</ns3:cad>
          </ns3:TrackPointExtension>
        </extensions>
      </trkpt>
      <trkpt lat="30.4398172907531261444091796875" lon="120.27331254445016384124755859375">
        <ele>6.19999980926513671875</ele>
        <time>2026-01-13T14:04:40.000Z</time>
        <extensions>
          <ns3:TrackPointExtension>
            <ns3:hr>153</ns3:hr>
            <ns3:cad>92</ns3:cad>
          </ns3:TrackPointExtension>
        </extensions>
      </trkpt>
      <trkpt lat="30.4398008622229099273681640625" lon="120.27328941039741039276123046875">
        <ele>6.19999980926513671875</ele>
        <time>2026-01-13T14:04:41.000Z</time>
        <extensions>
          <ns3:TrackPointExtension>
            <ns3:hr>154</ns3:hr>
            <ns3:cad>93</ns3:cad>
          </ns3:TrackPointExtension>
        </extensions>
      </trkpt>
      <trkpt lat="30.43978133238852024078369140625" lon="120.2732628397643566131591796875">
        <ele>6</ele>
        <time>2026-01-13T14:04:42.000Z</time>
        <extensions>
          <ns3:TrackPointExtension>
            <ns3:hr>154</ns3:hr>
            <ns3:cad>93</ns3:cad>
          </ns3:TrackPointExtension>
        </extensions>
      </trkpt>
      <trkpt lat="30.43977462686598300933837890625" lon="120.273230485618114471435546875">
        <ele>6</ele>
        <time>2026-01-13T14:04:43.000Z</time>
        <extensions>
          <ns3:TrackPointExtension>
            <ns3:hr>155</ns3:hr>
            <ns3:cad>93</ns3:cad>
          </ns3:TrackPointExtension>
        </extensions>
      </trkpt>
      <trkpt lat="30.4397669993340969085693359375" lon="120.273200981318950653076171875">
        <ele>5.80000019073486328125</ele>
        <time>2026-01-13T14:04:44.000Z</time>
        <extensions>
          <ns3:TrackPointExtension>
            <ns3:hr>155</ns3:hr>
            <ns3:cad>92</ns3:cad>
          </ns3:TrackPointExtension>
        </extensions>
      </trkpt>
      <trkpt lat="30.43975719250738620758056640625" lon="120.27317441068589687347412109375">
        <ele>5.80000019073486328125</ele>
        <time>2026-01-13T14:04:45.000Z</time>
        <extensions>
          <ns3:TrackPointExtension>
            <ns3:hr>155</ns3:hr>
            <ns3:cad>92</ns3:cad>
          </ns3:TrackPointExtension>
        </extensions>
      </trkpt>
      <trkpt lat="30.43974705040454864501953125" lon="120.27314825914800167083740234375">
        <ele>5.599999904632568359375</ele>
        <time>2026-01-13T14:04:46.000Z</time>
        <extensions>
          <ns3:TrackPointExtension>
            <ns3:hr>155</ns3:hr>
            <ns3:cad>92</ns3:cad>
          </ns3:TrackPointExtension>
        </extensions>
      </trkpt>
      <trkpt lat="30.4397356510162353515625" lon="120.27312445454299449920654296875">
        <ele>5.599999904632568359375</ele>
        <time>2026-01-13T14:04:47.000Z</time>
        <extensions>
          <ns3:TrackPointExtension>
            <ns3:hr>156</ns3:hr>
            <ns3:cad>92</ns3:cad>
          </ns3:TrackPointExtension>
        </extensions>
      </trkpt>
      <trkpt lat="30.43972467072308063507080078125" lon="120.27310333214700222015380859375">
        <ele>5.400000095367431640625</ele>
        <time>2026-01-13T14:04:48.000Z</time>
        <extensions>
          <ns3:TrackPointExtension>
            <ns3:hr>156</ns3:hr>
            <ns3:cad>92</ns3:cad>
          </ns3:TrackPointExtension>
        </extensions>
      </trkpt>
      <trkpt lat="30.4397136904299259185791015625" lon="120.27307801879942417144775390625">
        <ele>5.400000095367431640625</ele>
        <time>2026-01-13T14:04:49.000Z</time>
        <extensions>
          <ns3:TrackPointExtension>
            <ns3:hr>156</ns3:hr>
            <ns3:cad>91</ns3:cad>
          </ns3:TrackPointExtension>
        </extensions>
      </trkpt>
      <trkpt lat="30.43970539234578609466552734375" lon="120.27305169962346553802490234375">
        <ele>5.19999980926513671875</ele>
        <time>2026-01-13T14:04:50.000Z</time>
        <extensions>
          <ns3:TrackPointExtension>
            <ns3:hr>156</ns3:hr>
            <ns3:cad>91</ns3:cad>
          </ns3:TrackPointExtension>
        </extensions>
      </trkpt>
      <trkpt lat="30.43969818390905857086181640625" lon="120.27302454225718975067138671875">
        <ele>5.19999980926513671875</ele>
        <time>2026-01-13T14:04:51.000Z</time>
        <extensions>
          <ns3:TrackPointExtension>
            <ns3:hr>156</ns3:hr>
            <ns3:cad>92</ns3:cad>
          </ns3:TrackPointExtension>
        </extensions>
      </trkpt>
      <trkpt lat="30.43968929909169673919677734375" lon="120.2730016596615314483642578125">
        <ele>5</ele>
        <time>2026-01-13T14:04:52.000Z</time>
        <extensions>
          <ns3:TrackPointExtension>
            <ns3:hr>156</ns3:hr>
            <ns3:cad>94</ns3:cad>
          </ns3:TrackPointExtension>
        </extensions>
      </trkpt>
      <trkpt lat="30.439674295485019683837890625" lon="120.27297668159008026123046875">
        <ele>5</ele>
        <time>2026-01-13T14:04:53.000Z</time>
        <extensions>
          <ns3:TrackPointExtension>
            <ns3:hr>156</ns3:hr>
            <ns3:cad>94</ns3:cad>
          </ns3:TrackPointExtension>
        </extensions>
      </trkpt>
      <trkpt lat="30.43965862132608890533447265625" lon="120.27295363135635852813720703125">
        <ele>5</ele>
        <time>2026-01-13T14:04:54.000Z</time>
        <extensions>
          <ns3:TrackPointExtension>
            <ns3:hr>156</ns3:hr>
            <ns3:cad>95</ns3:cad>
          </ns3:TrackPointExtension>
        </extensions>
      </trkpt>
      <trkpt lat="30.4396456293761730194091796875" lon="120.27293016202747821807861328125">
        <ele>5</ele>
        <time>2026-01-13T14:04:55.000Z</time>
        <extensions>
          <ns3:TrackPointExtension>
            <ns3:hr>155</ns3:hr>
            <ns3:cad>95</ns3:cad>
          </ns3:TrackPointExtension>
        </extensions>
      </trkpt>
      <trkpt lat="30.4396352358162403106689453125" lon="120.27290769852697849273681640625">
        <ele>5</ele>
        <time>2026-01-13T14:04:56.000Z</time>
        <extensions>
          <ns3:TrackPointExtension>
            <ns3:hr>155</ns3:hr>
            <ns3:cad>94</ns3:cad>
          </ns3:TrackPointExtension>
        </extensions>
      </trkpt>
      <trkpt lat="30.43962241150438785552978515625" lon="120.2728829719126224517822265625">
        <ele>5</ele>
        <time>2026-01-13T14:04:57.000Z</time>
        <extensions>
          <ns3:TrackPointExtension>
            <ns3:hr>155</ns3:hr>
            <ns3:cad>94</ns3:cad>
          </ns3:TrackPointExtension>
        </extensions>
      </trkpt>
      <trkpt lat="30.43960765935480594635009765625" lon="120.2728605084121227264404296875">
        <ele>5</ele>
        <time>2026-01-13T14:04:58.000Z</time>
        <extensions>
          <ns3:TrackPointExtension>
            <ns3:hr>155</ns3:hr>
            <ns3:cad>93</ns3:cad>
          </ns3:TrackPointExtension>
        </extensions>
      </trkpt>
      <trkpt lat="30.4395936615765094757080078125" lon="120.27283695526421070098876953125">
        <ele>5</ele>
        <time>2026-01-13T14:04:59.000Z</time>
        <extensions>
          <ns3:TrackPointExtension>
            <ns3:hr>154</ns3:hr>
            <ns3:cad>93</ns3:cad>
          </ns3:TrackPointExtension>
        </extensions>
      </trkpt>
      <trkpt lat="30.43957832269370555877685546875" lon="120.27281600050628185272216796875">
        <ele>5</ele>
        <time>2026-01-13T14:05:00.000Z</time>
        <extensions>
          <ns3:TrackPointExtension>
            <ns3:hr>154</ns3:hr>
            <ns3:cad>93</ns3:cad>
          </ns3:TrackPointExtension>
        </extensions>
      </trkpt>
      <trkpt lat="30.4395651631057262420654296875" lon="120.27279538102447986602783203125">
        <ele>5</ele>
        <time>2026-01-13T14:05:01.000Z</time>
        <extensions>
          <ns3:TrackPointExtension>
            <ns3:hr>153</ns3:hr>
            <ns3:cad>93</ns3:cad>
          </ns3:TrackPointExtension>
        </extensions>
      </trkpt>
      <trkpt lat="30.43954898603260517120361328125" lon="120.2727756835520267486572265625">
        <ele>5</ele>
        <time>2026-01-13T14:05:02.000Z</time>
        <extensions>
          <ns3:TrackPointExtension>
            <ns3:hr>153</ns3:hr>
            <ns3:cad>92</ns3:cad>
          </ns3:TrackPointExtension>
        </extensions>
      </trkpt>
      <trkpt lat="30.43953641317784786224365234375" lon="120.27275296859443187713623046875">
        <ele>5</ele>
        <time>2026-01-13T14:05:03.000Z</time>
        <extensions>
          <ns3:TrackPointExtension>
            <ns3:hr>152</ns3:hr>
            <ns3:cad>92</ns3:cad>
          </ns3:TrackPointExtension>
        </extensions>
      </trkpt>
      <trkpt lat="30.43952082283794879913330078125" lon="120.27273084037005901336669921875">
        <ele>5</ele>
        <time>2026-01-13T14:05:04.000Z</time>
        <extensions>
          <ns3:TrackPointExtension>
            <ns3:hr>152</ns3:hr>
            <ns3:cad>91</ns3:cad>
          </ns3:TrackPointExtension>
        </extensions>
      </trkpt>
      <trkpt lat="30.4395011253654956817626953125" lon="120.27271189726889133453369140625">
        <ele>5</ele>
        <time>2026-01-13T14:05:05.000Z</time>
        <extensions>
          <ns3:TrackPointExtension>
            <ns3:hr>152</ns3:hr>
            <ns3:cad>91</ns3:cad>
          </ns3:TrackPointExtension>
        </extensions>
      </trkpt>
      <trkpt lat="30.43948746286332607269287109375" lon="120.272690691053867340087890625">
        <ele>5</ele>
        <time>2026-01-13T14:05:06.000Z</time>
        <extensions>
          <ns3:TrackPointExtension>
            <ns3:hr>151</ns3:hr>
            <ns3:cad>91</ns3:cad>
          </ns3:TrackPointExtension>
        </extensions>
      </trkpt>
      <trkpt lat="30.4394773207604885101318359375" lon="120.27266822755336761474609375">
        <ele>5.19999980926513671875</ele>
        <time>2026-01-13T14:05:07.000Z</time>
        <extensions>
          <ns3:TrackPointExtension>
            <ns3:hr>151</ns3:hr>
            <ns3:cad>91</ns3:cad>
          </ns3:TrackPointExtension>
        </extensions>
      </trkpt>
      <trkpt lat="30.439467094838619232177734375" lon="120.27264408767223358154296875">
        <ele>5.400000095367431640625</ele>
        <time>2026-01-13T14:05:08.000Z</time>
        <extensions>
          <ns3:TrackPointExtension>
            <ns3:hr>151</ns3:hr>
            <ns3:cad>92</ns3:cad>
          </ns3:TrackPointExtension>
        </extensions>
      </trkpt>
      <trkpt lat="30.43945376761257648468017578125" lon="120.2726233005523681640625">
        <ele>5.599999904632568359375</ele>
        <time>2026-01-13T14:05:09.000Z</time>
        <extensions>
          <ns3:TrackPointExtension>
            <ns3:hr>151</ns3:hr>
            <ns3:cad>92</ns3:cad>
          </ns3:TrackPointExtension>
        </extensions>
      </trkpt>
      <trkpt lat="30.43944672681391239166259765625" lon="120.27260393835604190826416015625">
        <ele>5.599999904632568359375</ele>
        <time>2026-01-13T14:05:10.000Z</time>
        <extensions>
          <ns3:TrackPointExtension>
            <ns3:hr>151</ns3:hr>
            <ns3:cad>92</ns3:cad>
          </ns3:TrackPointExtension>
        </extensions>
      </trkpt>
      <trkpt lat="30.439436919987201690673828125" lon="120.27258348651230335235595703125">
        <ele>5.80000019073486328125</ele>
        <time>2026-01-13T14:05:11.000Z</time>
        <extensions>
          <ns3:TrackPointExtension>
            <ns3:hr>152</ns3:hr>
            <ns3:cad>92</ns3:cad>
          </ns3:TrackPointExtension>
        </extensions>
      </trkpt>
      <trkpt lat="30.439421497285366058349609375" lon="120.27256387285888195037841796875">
        <ele>6</ele>
        <time>2026-01-13T14:05:12.000Z</time>
        <extensions>
          <ns3:TrackPointExtension>
            <ns3:hr>152</ns3:hr>
            <ns3:cad>92</ns3:cad>
          </ns3:TrackPointExtension>
        </extensions>
      </trkpt>
      <trkpt lat="30.43940716423094272613525390625" lon="120.2725440077483654022216796875">
        <ele>6.19999980926513671875</ele>
        <time>2026-01-13T14:05:13.000Z</time>
        <extensions>
          <ns3:TrackPointExtension>
            <ns3:hr>152</ns3:hr>
            <ns3:cad>92</ns3:cad>
          </ns3:TrackPointExtension>
        </extensions>
      </trkpt>
      <trkpt lat="30.43939023278653621673583984375" lon="120.27251743711531162261962890625">
        <ele>6.19999980926513671875</ele>
        <time>2026-01-13T14:05:14.000Z</time>
        <extensions>
          <ns3:TrackPointExtension>
            <ns3:hr>152</ns3:hr>
            <ns3:cad>92</ns3:cad>
          </ns3:TrackPointExtension>
        </extensions>
      </trkpt>
      <trkpt lat="30.43937623500823974609375" lon="120.27249765582382678985595703125">
        <ele>6.400000095367431640625</ele>
        <time>2026-01-13T14:05:15.000Z</time>
        <extensions>
          <ns3:TrackPointExtension>
            <ns3:hr>152</ns3:hr>
            <ns3:cad>92</ns3:cad>
          </ns3:TrackPointExtension>
        </extensions>
      </trkpt>
      <trkpt lat="30.43935871683061122894287109375" lon="120.27247301302850246429443359375">
        <ele>6.400000095367431640625</ele>
        <time>2026-01-13T14:05:16.000Z</time>
        <extensions>
          <ns3:TrackPointExtension>
            <ns3:hr>152</ns3:hr>
            <ns3:cad>92</ns3:cad>
          </ns3:TrackPointExtension>
        </extensions>
      </trkpt>
      <trkpt lat="30.43934564106166362762451171875" lon="120.272443592548370361328125">
        <ele>6.599999904632568359375</ele>
        <time>2026-01-13T14:05:17.000Z</time>
        <extensions>
          <ns3:TrackPointExtension>
            <ns3:hr>152</ns3:hr>
            <ns3:cad>90</ns3:cad>
          </ns3:TrackPointExtension>
        </extensions>
      </trkpt>
      <trkpt lat="30.43933256529271602630615234375" lon="120.272415764629840850830078125">
        <ele>6.80000019073486328125</ele>
        <time>2026-01-13T14:05:18.000Z</time>
        <extensions>
          <ns3:TrackPointExtension>
            <ns3:hr>152</ns3:hr>
            <ns3:cad>90</ns3:cad>
          </ns3:TrackPointExtension>
        </extensions>
      </trkpt>
      <trkpt lat="30.4393132030963897705078125" lon="120.2723948098719120025634765625">
        <ele>6.80000019073486328125</ele>
        <time>2026-01-13T14:05:19.000Z</time>
        <extensions>
          <ns3:TrackPointExtension>
            <ns3:hr>152</ns3:hr>
            <ns3:cad>90</ns3:cad>
          </ns3:TrackPointExtension>
        </extensions>
      </trkpt>
      <trkpt lat="30.439300797879695892333984375" lon="120.2723676525056362152099609375">
        <ele>7</ele>
        <time>2026-01-13T14:05:20.000Z</time>
        <extensions>
          <ns3:TrackPointExtension>
            <ns3:hr>152</ns3:hr>
            <ns3:cad>90</ns3:cad>
          </ns3:TrackPointExtension>
        </extensions>
      </trkpt>
      <trkpt lat="30.43928814120590686798095703125" lon="120.2723431773483753204345703125">
        <ele>7.19999980926513671875</ele>
        <time>2026-01-13T14:05:21.000Z</time>
        <extensions>
          <ns3:TrackPointExtension>
            <ns3:hr>152</ns3:hr>
            <ns3:cad>91</ns3:cad>
          </ns3:TrackPointExtension>
        </extensions>
      </trkpt>
      <trkpt lat="30.43927456252276897430419921875" lon="120.27231954038143157958984375">
        <ele>7.19999980926513671875</ele>
        <time>2026-01-13T14:05:22.000Z</time>
        <extensions>
          <ns3:TrackPointExtension>
            <ns3:hr>152</ns3:hr>
            <ns3:cad>91</ns3:cad>
          </ns3:TrackPointExtension>
        </extensions>
      </trkpt>
      <trkpt lat="30.43926081620156764984130859375" lon="120.272293388843536376953125">
        <ele>7.400000095367431640625</ele>
        <time>2026-01-13T14:05:23.000Z</time>
        <extensions>
          <ns3:TrackPointExtension>
            <ns3:hr>152</ns3:hr>
            <ns3:cad>90</ns3:cad>
          </ns3:TrackPointExtension>
        </extensions>
      </trkpt>
      <trkpt lat="30.43924321420490741729736328125" lon="120.272272266447544097900390625">
        <ele>7.400000095367431640625</ele>
        <time>2026-01-13T14:05:24.000Z</time>
        <extensions>
          <ns3:TrackPointExtension>
            <ns3:hr>152</ns3:hr>
            <ns3:cad>90</ns3:cad>
          </ns3:TrackPointExtension>
        </extensions>
      </trkpt>
      <trkpt lat="30.4392278753221035003662109375" lon="120.27224971912801265716552734375">
        <ele>7.599999904632568359375</ele>
        <time>2026-01-13T14:05:25.000Z</time>
        <extensions>
          <ns3:TrackPointExtension>
            <ns3:hr>152</ns3:hr>
            <ns3:cad>91</ns3:cad>
          </ns3:TrackPointExtension>
        </extensions>
      </trkpt>
      <trkpt lat="30.43921253643929958343505859375" lon="120.27222608216106891632080078125">
        <ele>7.599999904632568359375</ele>
        <time>2026-01-13T14:05:26.000Z</time>
        <extensions>
          <ns3:TrackPointExtension>
            <ns3:hr>152</ns3:hr>
            <ns3:cad>93</ns3:cad>
          </ns3:TrackPointExtension>
        </extensions>
      </trkpt>
      <trkpt lat="30.43919711373746395111083984375" lon="120.27220395393669605255126953125">
        <ele>7.80000019073486328125</ele>
        <time>2026-01-13T14:05:27.000Z</time>
        <extensions>
          <ns3:TrackPointExtension>
            <ns3:hr>152</ns3:hr>
            <ns3:cad>94</ns3:cad>
          </ns3:TrackPointExtension>
        </extensions>
      </trkpt>
      <trkpt lat="30.4391842894256114959716796875" lon="120.2721802331507205963134765625">
        <ele>7.80000019073486328125</ele>
        <time>2026-01-13T14:05:28.000Z</time>
        <extensions>
          <ns3:TrackPointExtension>
            <ns3:hr>152</ns3:hr>
            <ns3:cad>94</ns3:cad>
          </ns3:TrackPointExtension>
        </extensions>
      </trkpt>
      <trkpt lat="30.43917397968471050262451171875" lon="120.2721544168889522552490234375">
        <ele>8</ele>
        <time>2026-01-13T14:05:29.000Z</time>
        <extensions>
          <ns3:TrackPointExtension>
            <ns3:hr>152</ns3:hr>
            <ns3:cad>93</ns3:cad>
          </ns3:TrackPointExtension>
        </extensions>
      </trkpt>
      <trkpt lat="30.4391624964773654937744140625" lon="120.2721332944929599761962890625">
        <ele>8</ele>
        <time>2026-01-13T14:05:30.000Z</time>
        <extensions>
          <ns3:TrackPointExtension>
            <ns3:hr>152</ns3:hr>
            <ns3:cad>93</ns3:cad>
          </ns3:TrackPointExtension>
        </extensions>
      </trkpt>
      <trkpt lat="30.4391490854322910308837890625" lon="120.272112675011157989501953125">
        <ele>7.80000019073486328125</ele>
        <time>2026-01-13T14:05:31.000Z</time>
        <extensions>
          <ns3:TrackPointExtension>
            <ns3:hr>152</ns3:hr>
            <ns3:cad>94</ns3:cad>
          </ns3:TrackPointExtension>
        </extensions>
      </trkpt>
      <trkpt lat="30.43913257308304309844970703125" lon="120.2720933966338634490966796875">
        <ele>7.80000019073486328125</ele>
        <time>2026-01-13T14:05:32.000Z</time>
        <extensions>
          <ns3:TrackPointExtension>
            <ns3:hr>152</ns3:hr>
            <ns3:cad>94</ns3:cad>
          </ns3:TrackPointExtension>
        </extensions>
      </trkpt>
      <trkpt lat="30.4391227662563323974609375" lon="120.27207738719880580902099609375">
        <ele>7.80000019073486328125</ele>
        <time>2026-01-13T14:05:33.000Z</time>
        <extensions>
          <ns3:TrackPointExtension>
            <ns3:hr>151</ns3:hr>
            <ns3:cad>92</ns3:cad>
          </ns3:TrackPointExtension>
        </extensions>
      </trkpt>
      <trkpt lat="30.43910943903028964996337890625" lon="120.2720504812896251678466796875">
        <ele>7.599999904632568359375</ele>
        <time>2026-01-13T14:05:34.000Z</time>
        <extensions>
          <ns3:TrackPointExtension>
            <ns3:hr>151</ns3:hr>
            <ns3:cad>91</ns3:cad>
          </ns3:TrackPointExtension>
        </extensions>
      </trkpt>
      <trkpt lat="30.439100973308086395263671875" lon="120.272028855979442596435546875">
        <ele>7.599999904632568359375</ele>
        <time>2026-01-13T14:05:35.000Z</time>
        <extensions>
          <ns3:TrackPointExtension>
            <ns3:hr>151</ns3:hr>
            <ns3:cad>91</ns3:cad>
          </ns3:TrackPointExtension>
        </extensions>
      </trkpt>
      <trkpt lat="30.43909284286201000213623046875" lon="120.27200144715607166290283203125">
        <ele>7.400000095367431640625</ele>
        <time>2026-01-13T14:05:36.000Z</time>
        <extensions>
          <ns3:TrackPointExtension>
            <ns3:hr>151</ns3:hr>
            <ns3:cad>92</ns3:cad>
          </ns3:TrackPointExtension>
        </extensions>
      </trkpt>
      <trkpt lat="30.43908228166401386260986328125" lon="120.27197278104722499847412109375">
        <ele>7.19999980926513671875</ele>
        <time>2026-01-13T14:05:37.000Z</time>
        <extensions>
          <ns3:TrackPointExtension>
            <ns3:hr>151</ns3:hr>
            <ns3:cad>94</ns3:cad>
          </ns3:TrackPointExtension>
        </extensions>
      </trkpt>
      <trkpt lat="30.43907071463763713836669921875" lon="120.2719472162425518035888671875">
        <ele>7.19999980926513671875</ele>
        <time>2026-01-13T14:05:38.000Z</time>
        <extensions>
          <ns3:TrackPointExtension>
            <ns3:hr>151</ns3:hr>
            <ns3:cad>94</ns3:cad>
          </ns3:TrackPointExtension>
        </extensions>
      </trkpt>
      <trkpt lat="30.4390592314302921295166015625" lon="120.2719197236001491546630859375">
        <ele>7</ele>
        <time>2026-01-13T14:05:39.000Z</time>
        <extensions>
          <ns3:TrackPointExtension>
            <ns3:hr>151</ns3:hr>
            <ns3:cad>94</ns3:cad>
          </ns3:TrackPointExtension>
        </extensions>
      </trkpt>
      <trkpt lat="30.439047999680042266845703125" lon="120.2718915604054927825927734375">
        <ele>6.80000019073486328125</ele>
        <time>2026-01-13T14:05:40.000Z</time>
        <extensions>
          <ns3:TrackPointExtension>
            <ns3:hr>151</ns3:hr>
            <ns3:cad>92</ns3:cad>
          </ns3:TrackPointExtension>
        </extensions>
      </trkpt>
      <trkpt lat="30.43903760612010955810546875" lon="120.27186482213437557220458984375">
        <ele>6.599999904632568359375</ele>
        <time>2026-01-13T14:05:41.000Z</time>
        <extensions>
          <ns3:TrackPointExtension>
            <ns3:hr>151</ns3:hr>
            <ns3:cad>91</ns3:cad>
          </ns3:TrackPointExtension>
        </extensions>
      </trkpt>
      <trkpt lat="30.43902813456952571868896484375" lon="120.2718355692923069000244140625">
        <ele>6.599999904632568359375</ele>
        <time>2026-01-13T14:05:42.000Z</time>
        <extensions>
          <ns3:TrackPointExtension>
            <ns3:hr>152</ns3:hr>
            <ns3:cad>91</ns3:cad>
          </ns3:TrackPointExtension>
        </extensions>
      </trkpt>
      <trkpt lat="30.439017154276371002197265625" lon="120.27180665172636508941650390625">
        <ele>6.400000095367431640625</ele>
        <time>2026-01-13T14:05:43.000Z</time>
        <extensions>
          <ns3:TrackPointExtension>
            <ns3:hr>152</ns3:hr>
            <ns3:cad>92</ns3:cad>
          </ns3:TrackPointExtension>
        </extensions>
      </trkpt>
      <trkpt lat="30.4390072636306285858154296875" lon="120.271778404712677001953125">
        <ele>6.19999980926513671875</ele>
        <time>2026-01-13T14:05:44.000Z</time>
        <extensions>
          <ns3:TrackPointExtension>
            <ns3:hr>153</ns3:hr>
            <ns3:cad>92</ns3:cad>
          </ns3:TrackPointExtension>
        </extensions>
      </trkpt>
      <trkpt lat="30.438995696604251861572265625" lon="120.27175359427928924560546875">
        <ele>6.19999980926513671875</ele>
        <time>2026-01-13T14:05:45.000Z</time>
        <extensions>
          <ns3:TrackPointExtension>
            <ns3:hr>154</ns3:hr>
            <ns3:cad>93</ns3:cad>
          </ns3:TrackPointExtension>
        </extensions>
      </trkpt>
      <trkpt lat="30.4389841295778751373291015625" lon="120.271727778017520904541015625">
        <ele>6</ele>
        <time>2026-01-13T14:05:46.000Z</time>
        <extensions>
          <ns3:TrackPointExtension>
            <ns3:hr>154</ns3:hr>
            <ns3:cad>95</ns3:cad>
          </ns3:TrackPointExtension>
        </extensions>
      </trkpt>
      <trkpt lat="30.4389697127044200897216796875" lon="120.2717024646699428558349609375">
        <ele>5.80000019073486328125</ele>
        <time>2026-01-13T14:05:47.000Z</time>
        <extensions>
          <ns3:TrackPointExtension>
            <ns3:hr>155</ns3:hr>
            <ns3:cad>95</ns3:cad>
          </ns3:TrackPointExtension>
        </extensions>
      </trkpt>
      <trkpt lat="30.43895621784031391143798828125" lon="120.271678827702999114990234375">
        <ele>5.80000019073486328125</ele>
        <time>2026-01-13T14:05:48.000Z</time>
        <extensions>
          <ns3:TrackPointExtension>
            <ns3:hr>155</ns3:hr>
            <ns3:cad>96</ns3:cad>
          </ns3:TrackPointExtension>
        </extensions>
      </trkpt>
      <trkpt lat="30.43894498609006404876708984375" lon="120.27165091596543788909912109375">
        <ele>5.599999904632568359375</ele>
        <time>2026-01-13T14:05:49.000Z</time>
        <extensions>
          <ns3:TrackPointExtension>
            <ns3:hr>154</ns3:hr>
            <ns3:cad>96</ns3:cad>
          </ns3:TrackPointExtension>
        </extensions>
      </trkpt>
      <trkpt lat="30.43893492780625820159912109375" lon="120.271620489656925201416015625">
        <ele>5.400000095367431640625</ele>
        <time>2026-01-13T14:05:50.000Z</time>
        <extensions>
          <ns3:TrackPointExtension>
            <ns3:hr>154</ns3:hr>
            <ns3:cad>95</ns3:cad>
          </ns3:TrackPointExtension>
        </extensions>
      </trkpt>
      <trkpt lat="30.43892386369407176971435546875" lon="120.271590314805507659912109375">
        <ele>5.19999980926513671875</ele>
        <time>2026-01-13T14:05:51.000Z</time>
        <extensions>
          <ns3:TrackPointExtension>
            <ns3:hr>154</ns3:hr>
            <ns3:cad>95</ns3:cad>
          </ns3:TrackPointExtension>
        </extensions>
      </trkpt>
      <trkpt lat="30.4389103688299655914306640625" lon="120.2715633250772953033447265625">
        <ele>5.19999980926513671875</ele>
        <time>2026-01-13T14:05:52.000Z</time>
        <extensions>
          <ns3:TrackPointExtension>
            <ns3:hr>154</ns3:hr>
            <ns3:cad>95</ns3:cad>
          </ns3:TrackPointExtension>
        </extensions>
      </trkpt>
      <trkpt lat="30.4388986341655254364013671875" lon="120.27153742499649524688720703125">
        <ele>5</ele>
        <time>2026-01-13T14:05:53.000Z</time>
        <extensions>
          <ns3:TrackPointExtension>
            <ns3:hr>154</ns3:hr>
            <ns3:cad>95</ns3:cad>
          </ns3:TrackPointExtension>
        </extensions>
      </trkpt>
      <trkpt lat="30.43888949789106845855712890625" lon="120.27150942943990230560302734375">
        <ele>4.80000019073486328125</ele>
        <time>2026-01-13T14:05:54.000Z</time>
        <extensions>
          <ns3:TrackPointExtension>
            <ns3:hr>154</ns3:hr>
            <ns3:cad>95</ns3:cad>
          </ns3:TrackPointExtension>
        </extensions>
      </trkpt>
      <trkpt lat="30.4388721473515033721923828125" lon="120.2714795060455799102783203125">
        <ele>4.80000019073486328125</ele>
        <time>2026-01-13T14:05:55.000Z</time>
        <extensions>
          <ns3:TrackPointExtension>
            <ns3:hr>153</ns3:hr>
            <ns3:cad>95</ns3:cad>
          </ns3:TrackPointExtension>
        </extensions>
      </trkpt>
      <trkpt lat="30.43886099942028522491455078125" lon="120.27145930565893650054931640625">
        <ele>4.599999904632568359375</ele>
        <time>2026-01-13T14:05:56.000Z</time>
        <extensions>
          <ns3:TrackPointExtension>
            <ns3:hr>153</ns3:hr>
            <ns3:cad>95</ns3:cad>
          </ns3:TrackPointExtension>
        </extensions>
      </trkpt>
      <trkpt lat="30.43884423561394214630126953125" lon="120.27143818326294422149658203125">
        <ele>4.400000095367431640625</ele>
        <time>2026-01-13T14:05:57.000Z</time>
        <extensions>
          <ns3:TrackPointExtension>
            <ns3:hr>153</ns3:hr>
            <ns3:cad>94</ns3:cad>
          </ns3:TrackPointExtension>
        </extensions>
      </trkpt>
      <trkpt lat="30.43883015401661396026611328125" lon="120.2714144624769687652587890625">
        <ele>4.400000095367431640625</ele>
        <time>2026-01-13T14:05:58.000Z</time>
        <extensions>
          <ns3:TrackPointExtension>
            <ns3:hr>152</ns3:hr>
            <ns3:cad>94</ns3:cad>
          </ns3:TrackPointExtension>
        </extensions>
      </trkpt>
      <trkpt lat="30.43881540186703205108642578125" lon="120.2713956870138645172119140625">
        <ele>4.400000095367431640625</ele>
        <time>2026-01-13T14:05:59.000Z</time>
        <extensions>
          <ns3:TrackPointExtension>
            <ns3:hr>152</ns3:hr>
            <ns3:cad>94</ns3:cad>
          </ns3:TrackPointExtension>
        </extensions>
      </trkpt>
      <trkpt lat="30.43880500830709934234619140625" lon="120.27137347497045993804931640625">
        <ele>4.400000095367431640625</ele>
        <time>2026-01-13T14:06:00.000Z</time>
        <extensions>
          <ns3:TrackPointExtension>
            <ns3:hr>152</ns3:hr>
            <ns3:cad>94</ns3:cad>
          </ns3:TrackPointExtension>
        </extensions>
      </trkpt>
      <trkpt lat="30.4387926869094371795654296875" lon="120.27135218493640422821044921875">
        <ele>4.400000095367431640625</ele>
        <time>2026-01-13T14:06:01.000Z</time>
        <extensions>
          <ns3:TrackPointExtension>
            <ns3:hr>152</ns3:hr>
            <ns3:cad>95</ns3:cad>
          </ns3:TrackPointExtension>
        </extensions>
      </trkpt>
      <trkpt lat="30.43878204189240932464599609375" lon="120.2713286317884922027587890625">
        <ele>4.400000095367431640625</ele>
        <time>2026-01-13T14:06:02.000Z</time>
        <extensions>
          <ns3:TrackPointExtension>
            <ns3:hr>152</ns3:hr>
            <ns3:cad>95</ns3:cad>
          </ns3:TrackPointExtension>
        </extensions>
      </trkpt>
      <trkpt lat="30.438770391047000885009765625" lon="120.27130591683089733123779296875">
        <ele>4.19999980926513671875</ele>
        <time>2026-01-13T14:06:03.000Z</time>
        <extensions>
          <ns3:TrackPointExtension>
            <ns3:hr>152</ns3:hr>
            <ns3:cad>93</ns3:cad>
          </ns3:TrackPointExtension>
        </extensions>
      </trkpt>
      <trkpt lat="30.4387571476399898529052734375" lon="120.27128295041620731353759765625">
        <ele>4.400000095367431640625</ele>
        <time>2026-01-13T14:06:04.000Z</time>
        <extensions>
          <ns3:TrackPointExtension>
            <ns3:hr>152</ns3:hr>
            <ns3:cad>92</ns3:cad>
          </ns3:TrackPointExtension>
        </extensions>
      </trkpt>
      <trkpt lat="30.43874247930943965911865234375" lon="120.27125378139317035675048828125">
        <ele>4.400000095367431640625</ele>
        <time>2026-01-13T14:06:05.000Z</time>
        <extensions>
          <ns3:TrackPointExtension>
            <ns3:hr>152</ns3:hr>
            <ns3:cad>92</ns3:cad>
          </ns3:TrackPointExtension>
        </extensions>
      </trkpt>
      <trkpt lat="30.43873107992112636566162109375" lon="120.2712293900549411773681640625">
        <ele>4.400000095367431640625</ele>
        <time>2026-01-13T14:06:06.000Z</time>
        <extensions>
          <ns3:TrackPointExtension>
            <ns3:hr>152</ns3:hr>
            <ns3:cad>92</ns3:cad>
          </ns3:TrackPointExtension>
        </extensions>
      </trkpt>
      <trkpt lat="30.43872202746570110321044921875" lon="120.271204747259616851806640625">
        <ele>4.400000095367431640625</ele>
        <time>2026-01-13T14:06:07.000Z</time>
        <extensions>
          <ns3:TrackPointExtension>
            <ns3:hr>152</ns3:hr>
            <ns3:cad>93</ns3:cad>
          </ns3:TrackPointExtension>
        </extensions>
      </trkpt>
      <trkpt lat="30.43871163390576839447021484375" lon="120.27117960155010223388671875">
        <ele>4.400000095367431640625</ele>
        <time>2026-01-13T14:06:08.000Z</time>
        <extensions>
          <ns3:TrackPointExtension>
            <ns3:hr>152</ns3:hr>
            <ns3:cad>93</ns3:cad>
          </ns3:TrackPointExtension>
        </extensions>
      </trkpt>
      <trkpt lat="30.43870023451745510101318359375" lon="120.27116090990602970123291015625">
        <ele>4.599999904632568359375</ele>
        <time>2026-01-13T14:06:09.000Z</time>
        <extensions>
          <ns3:TrackPointExtension>
            <ns3:hr>153</ns3:hr>
            <ns3:cad>93</ns3:cad>
          </ns3:TrackPointExtension>
        </extensions>
      </trkpt>
      <trkpt lat="30.4386842250823974609375" lon="120.27113576419651508331298828125">
        <ele>4.599999904632568359375</ele>
        <time>2026-01-13T14:06:10.000Z</time>
        <extensions>
          <ns3:TrackPointExtension>
            <ns3:hr>153</ns3:hr>
            <ns3:cad>93</ns3:cad>
          </ns3:TrackPointExtension>
        </extensions>
      </trkpt>
      <trkpt lat="30.43867550790309906005859375" lon="120.27111254632472991943359375">
        <ele>4.80000019073486328125</ele>
        <time>2026-01-13T14:06:11.000Z</time>
        <extensions>
          <ns3:TrackPointExtension>
            <ns3:hr>154</ns3:hr>
            <ns3:cad>93</ns3:cad>
          </ns3:TrackPointExtension>
        </extensions>
      </trkpt>
      <trkpt lat="30.4386693052947521209716796875" lon="120.27109603397548198699951171875">
        <ele>4.80000019073486328125</ele>
        <time>2026-01-13T14:06:12.000Z</time>
        <extensions>
          <ns3:TrackPointExtension>
            <ns3:hr>154</ns3:hr>
            <ns3:cad>94</ns3:cad>
          </ns3:TrackPointExtension>
        </extensions>
      </trkpt>
      <trkpt lat="30.43866083957254886627197265625" lon="120.27107055298984050750732421875">
        <ele>4.80000019073486328125</ele>
        <time>2026-01-13T14:06:13.000Z</time>
        <extensions>
          <ns3:TrackPointExtension>
            <ns3:hr>154</ns3:hr>
            <ns3:cad>94</ns3:cad>
          </ns3:TrackPointExtension>
        </extensions>
      </trkpt>
      <trkpt lat="30.43865212239325046539306640625" lon="120.2710490114986896514892578125">
        <ele>5</ele>
        <time>2026-01-13T14:06:14.000Z</time>
        <extensions>
          <ns3:TrackPointExtension>
            <ns3:hr>155</ns3:hr>
            <ns3:cad>93</ns3:cad>
          </ns3:TrackPointExtension>
        </extensions>
      </trkpt>
      <trkpt lat="30.4386398009955883026123046875" lon="120.27102931402623653411865234375">
        <ele>5</ele>
        <time>2026-01-13T14:06:15.000Z</time>
        <extensions>
          <ns3:TrackPointExtension>
            <ns3:hr>154</ns3:hr>
            <ns3:cad>91</ns3:cad>
          </ns3:TrackPointExtension>
        </extensions>
      </trkpt>
      <trkpt lat="30.4386267252266407012939453125" lon="120.27100794017314910888671875">
        <ele>5</ele>
        <time>2026-01-13T14:06:16.000Z</time>
        <extensions>
          <ns3:TrackPointExtension>
            <ns3:hr>154</ns3:hr>
            <ns3:cad>91</ns3:cad>
          </ns3:TrackPointExtension>
        </extensions>
      </trkpt>
      <trkpt lat="30.438616834580898284912109375" lon="120.27098706923425197601318359375">
        <ele>5</ele>
        <time>2026-01-13T14:06:17.000Z</time>
        <extensions>
          <ns3:TrackPointExtension>
            <ns3:hr>154</ns3:hr>
            <ns3:cad>91</ns3:cad>
          </ns3:TrackPointExtension>
        </extensions>
      </trkpt>
      <trkpt lat="30.4386069439351558685302734375" lon="120.27096502482891082763671875">
        <ele>5</ele>
        <time>2026-01-13T14:06:18.000Z</time>
        <extensions>
          <ns3:TrackPointExtension>
            <ns3:hr>154</ns3:hr>
            <ns3:cad>91</ns3:cad>
          </ns3:TrackPointExtension>
        </extensions>
      </trkpt>
      <trkpt lat="30.43859546072781085968017578125" lon="120.27094448916614055633544921875">
        <ele>5</ele>
        <time>2026-01-13T14:06:19.000Z</time>
        <extensions>
          <ns3:TrackPointExtension>
            <ns3:hr>154</ns3:hr>
            <ns3:cad>90</ns3:cad>
          </ns3:TrackPointExtension>
        </extensions>
      </trkpt>
      <trkpt lat="30.43858431279659271240234375" lon="120.2709195949137210845947265625">
        <ele>5</ele>
        <time>2026-01-13T14:06:20.000Z</time>
        <extensions>
          <ns3:TrackPointExtension>
            <ns3:hr>154</ns3:hr>
            <ns3:cad>90</ns3:cad>
          </ns3:TrackPointExtension>
        </extensions>
      </trkpt>
      <trkpt lat="30.43857316486537456512451171875" lon="120.27089486829936504364013671875">
        <ele>5</ele>
        <time>2026-01-13T14:06:21.000Z</time>
        <extensions>
          <ns3:TrackPointExtension>
            <ns3:hr>153</ns3:hr>
            <ns3:cad>90</ns3:cad>
          </ns3:TrackPointExtension>
        </extensions>
      </trkpt>
      <trkpt lat="30.438556484878063201904296875" lon="120.270873494446277618408203125">
        <ele>5</ele>
        <time>2026-01-13T14:06:22.000Z</time>
        <extensions>
          <ns3:TrackPointExtension>
            <ns3:hr>153</ns3:hr>
            <ns3:cad>90</ns3:cad>
          </ns3:TrackPointExtension>
        </extensions>
      </trkpt>
      <trkpt lat="30.4385378770530223846435546875" lon="120.27085279114544391632080078125">
        <ele>4.80000019073486328125</ele>
        <time>2026-01-13T14:06:23.000Z</time>
        <extensions>
          <ns3:TrackPointExtension>
            <ns3:hr>153</ns3:hr>
            <ns3:cad>90</ns3:cad>
          </ns3:TrackPointExtension>
        </extensions>
      </trkpt>
      <trkpt lat="30.43852337636053562164306640625" lon="120.27083569206297397613525390625">
        <ele>4.80000019073486328125</ele>
        <time>2026-01-13T14:06:24.000Z</time>
        <extensions>
          <ns3:TrackPointExtension>
            <ns3:hr>153</ns3:hr>
            <ns3:cad>90</ns3:cad>
          </ns3:TrackPointExtension>
        </extensions>
      </trkpt>
      <trkpt lat="30.43850652873516082763671875" lon="120.27082077227532863616943359375">
        <ele>4.80000019073486328125</ele>
        <time>2026-01-13T14:06:25.000Z</time>
        <extensions>
          <ns3:TrackPointExtension>
            <ns3:hr>153</ns3:hr>
            <ns3:cad>90</ns3:cad>
          </ns3:TrackPointExtension>
        </extensions>
      </trkpt>
      <trkpt lat="30.4384899325668811798095703125" lon="120.2708072774112224578857421875">
        <ele>4.80000019073486328125</ele>
        <time>2026-01-13T14:06:26.000Z</time>
        <extensions>
          <ns3:TrackPointExtension>
            <ns3:hr>153</ns3:hr>
            <ns3:cad>90</ns3:cad>
          </ns3:TrackPointExtension>
        </extensions>
      </trkpt>
      <trkpt lat="30.4384758509695529937744140625" lon="120.27079344727098941802978515625">
        <ele>4.599999904632568359375</ele>
        <time>2026-01-13T14:06:27.000Z</time>
        <extensions>
          <ns3:TrackPointExtension>
            <ns3:hr>153</ns3:hr>
            <ns3:cad>90</ns3:cad>
          </ns3:TrackPointExtension>
        </extensions>
      </trkpt>
      <trkpt lat="30.43846453540027141571044921875" lon="120.27078188024461269378662109375">
        <ele>4.599999904632568359375</ele>
        <time>2026-01-13T14:06:28.000Z</time>
        <extensions>
          <ns3:TrackPointExtension>
            <ns3:hr>152</ns3:hr>
            <ns3:cad>90</ns3:cad>
          </ns3:TrackPointExtension>
        </extensions>
      </trkpt>
      <trkpt lat="30.43846151791512966156005859375" lon="120.2707712352275848388671875">
        <ele>4.599999904632568359375</ele>
        <time>2026-01-13T14:06:29.000Z</time>
        <extensions>
          <ns3:TrackPointExtension>
            <ns3:hr>152</ns3:hr>
            <ns3:cad>90</ns3:cad>
          </ns3:TrackPointExtension>
        </extensions>
      </trkpt>
      <trkpt lat="30.43846034444868564605712890625" lon="120.27077064849436283111572265625">
        <ele>4.599999904632568359375</ele>
        <time>2026-01-13T14:06:30.000Z</time>
        <extensions>
          <ns3:TrackPointExtension>
            <ns3:hr>153</ns3:hr>
            <ns3:cad>90</ns3:cad>
          </ns3:TrackPointExtension>
        </extensions>
      </trkpt>
      <trkpt lat="30.438459925353527069091796875" lon="120.2707707323133945465087890625">
        <ele>4.599999904632568359375</ele>
        <time>2026-01-13T14:06:31.000Z</time>
        <extensions>
          <ns3:TrackPointExtension>
            <ns3:hr>152</ns3:hr>
            <ns3:cad>90</ns3:cad>
          </ns3:TrackPointExtension>
        </extensions>
      </trkpt>
      <trkpt lat="30.43845967389643192291259765625" lon="120.27077098377048969268798828125">
        <ele>4.599999904632568359375</ele>
        <time>2026-01-13T14:06:32.000Z</time>
        <extensions>
          <ns3:TrackPointExtension>
            <ns3:hr>152</ns3:hr>
            <ns3:cad>0</ns3:cad>
          </ns3:TrackPointExtension>
        </extensions>
      </trkpt>
      <trkpt lat="30.438458919525146484375" lon="120.27077048085629940032958984375">
        <ele>4.599999904632568359375</ele>
        <time>2026-01-13T14:06:33.000Z</time>
        <extensions>
          <ns3:TrackPointExtension>
            <ns3:hr>153</ns3:hr>
            <ns3:cad>0</ns3:cad>
          </ns3:TrackPointExtension>
        </extensions>
      </trkpt>
      <trkpt lat="30.43846101500093936920166015625" lon="120.27076897211372852325439453125">
        <ele>4.599999904632568359375</ele>
        <time>2026-01-13T14:06:34.000Z</time>
        <extensions>
          <ns3:TrackPointExtension>
            <ns3:hr>153</ns3:hr>
            <ns3:cad>0</ns3:cad>
          </ns3:TrackPointExtension>
        </extensions>
      </trkpt>
      <trkpt lat="30.4382834024727344512939453125" lon="120.27066134847700595855712890625">
        <ele>3.599999904632568359375</ele>
        <time>2026-01-13T14:07:53.000Z</time>
        <extensions>
          <ns3:TrackPointExtension>
            <ns3:hr>124</ns3:hr>
            <ns3:cad>92</ns3:cad>
          </ns3:TrackPointExtension>
        </extensions>
      </trkpt>
      <trkpt lat="30.4382468573749065399169921875" lon="120.27064659632742404937744140625">
        <ele>3.400000095367431640625</ele>
        <time>2026-01-13T14:07:54.000Z</time>
        <extensions>
          <ns3:TrackPointExtension>
            <ns3:hr>125</ns3:hr>
            <ns3:cad>92</ns3:cad>
          </ns3:TrackPointExtension>
        </extensions>
      </trkpt>
      <trkpt lat="30.4382133297622203826904296875" lon="120.27063385583460330963134765625">
        <ele>3.2000000476837158203125</ele>
        <time>2026-01-13T14:07:55.000Z</time>
        <extensions>
          <ns3:TrackPointExtension>
            <ns3:hr>125</ns3:hr>
            <ns3:cad>92</ns3:cad>
          </ns3:TrackPointExtension>
        </extensions>
      </trkpt>
      <trkpt lat="30.43818441219627857208251953125" lon="120.27062849141657352447509765625">
        <ele>3.2000000476837158203125</ele>
        <time>2026-01-13T14:07:56.000Z</time>
        <extensions>
          <ns3:TrackPointExtension>
            <ns3:hr>126</ns3:hr>
            <ns3:cad>93</ns3:cad>
          </ns3:TrackPointExtension>
        </extensions>
      </trkpt>
      <trkpt lat="30.4381576739251613616943359375" lon="120.27062731795012950897216796875">
        <ele>3</ele>
        <time>2026-01-13T14:07:57.000Z</time>
        <extensions>
          <ns3:TrackPointExtension>
            <ns3:hr>127</ns3:hr>
            <ns3:cad>93</ns3:cad>
          </ns3:TrackPointExtension>
        </extensions>
      </trkpt>
      <trkpt lat="30.4381291754543781280517578125" lon="120.2706268988549709320068359375">
        <ele>3</ele>
        <time>2026-01-13T14:07:58.000Z</time>
        <extensions>
          <ns3:TrackPointExtension>
            <ns3:hr>128</ns3:hr>
            <ns3:cad>93</ns3:cad>
          </ns3:TrackPointExtension>
        </extensions>
      </trkpt>
      <trkpt lat="30.43810260482132434844970703125" lon="120.270629413425922393798828125">
        <ele>3.2000000476837158203125</ele>
        <time>2026-01-13T14:07:59.000Z</time>
        <extensions>
          <ns3:TrackPointExtension>
            <ns3:hr>128</ns3:hr>
            <ns3:cad>92</ns3:cad>
          </ns3:TrackPointExtension>
        </extensions>
      </trkpt>
      <trkpt lat="30.43807678855955600738525390625" lon="120.270633436739444732666015625">
        <ele>3.2000000476837158203125</ele>
        <time>2026-01-13T14:08:00.000Z</time>
        <extensions>
          <ns3:TrackPointExtension>
            <ns3:hr>129</ns3:hr>
            <ns3:cad>92</ns3:cad>
          </ns3:TrackPointExtension>
        </extensions>
      </trkpt>
      <trkpt lat="30.4380587674677371978759765625" lon="120.2706463448703289031982421875">
        <ele>3.2000000476837158203125</ele>
        <time>2026-01-13T14:08:01.000Z</time>
        <extensions>
          <ns3:TrackPointExtension>
            <ns3:hr>129</ns3:hr>
            <ns3:cad>92</ns3:cad>
          </ns3:TrackPointExtension>
        </extensions>
      </trkpt>
      <trkpt lat="30.4380336217582225799560546875" lon="120.27065313421189785003662109375">
        <ele>3.2000000476837158203125</ele>
        <time>2026-01-13T14:08:02.000Z</time>
        <extensions>
          <ns3:TrackPointExtension>
            <ns3:hr>129</ns3:hr>
            <ns3:cad>93</ns3:cad>
          </ns3:TrackPointExtension>
        </extensions>
      </trkpt>
      <trkpt lat="30.438005290925502777099609375" lon="120.2706580795347690582275390625">
        <ele>3.400000095367431640625</ele>
        <time>2026-01-13T14:08:03.000Z</time>
        <extensions>
          <ns3:TrackPointExtension>
            <ns3:hr>129</ns3:hr>
            <ns3:cad>93</ns3:cad>
          </ns3:TrackPointExtension>
        </extensions>
      </trkpt>
      <trkpt lat="30.43797519989311695098876953125" lon="120.27066000737249851226806640625">
        <ele>3.400000095367431640625</ele>
        <time>2026-01-13T14:08:04.000Z</time>
        <extensions>
          <ns3:TrackPointExtension>
            <ns3:hr>129</ns3:hr>
            <ns3:cad>93</ns3:cad>
          </ns3:TrackPointExtension>
        </extensions>
      </trkpt>
      <trkpt lat="30.437943935394287109375" lon="120.27066587470471858978271484375">
        <ele>3.400000095367431640625</ele>
        <time>2026-01-13T14:08:05.000Z</time>
        <extensions>
          <ns3:TrackPointExtension>
            <ns3:hr>129</ns3:hr>
            <ns3:cad>93</ns3:cad>
          </ns3:TrackPointExtension>
        </extensions>
      </trkpt>
      <trkpt lat="30.4379162751138210296630859375" lon="120.270673334598541259765625">
        <ele>3.400000095367431640625</ele>
        <time>2026-01-13T14:08:06.000Z</time>
        <extensions>
          <ns3:TrackPointExtension>
            <ns3:hr>131</ns3:hr>
            <ns3:cad>93</ns3:cad>
          </ns3:TrackPointExtension>
        </extensions>
      </trkpt>
      <trkpt lat="30.4378948174417018890380859375" lon="120.2706751786172389984130859375">
        <ele>3.400000095367431640625</ele>
        <time>2026-01-13T14:08:07.000Z</time>
        <extensions>
          <ns3:TrackPointExtension>
            <ns3:hr>132</ns3:hr>
            <ns3:cad>93</ns3:cad>
          </ns3:TrackPointExtension>
        </extensions>
      </trkpt>
      <trkpt lat="30.437874533236026763916015625" lon="120.27067526243627071380615234375">
        <ele>3.400000095367431640625</ele>
        <time>2026-01-13T14:08:08.000Z</time>
        <extensions>
          <ns3:TrackPointExtension>
            <ns3:hr>133</ns3:hr>
            <ns3:cad>93</ns3:cad>
          </ns3:TrackPointExtension>
        </extensions>
      </trkpt>
      <trkpt lat="30.43785248883068561553955078125" lon="120.270672328770160675048828125">
        <ele>3.400000095367431640625</ele>
        <time>2026-01-13T14:08:09.000Z</time>
        <extensions>
          <ns3:TrackPointExtension>
            <ns3:hr>134</ns3:hr>
            <ns3:cad>93</ns3:cad>
          </ns3:TrackPointExtension>
        </extensions>
      </trkpt>
      <trkpt lat="30.43783036060631275177001953125" lon="120.2706631086766719818115234375">
        <ele>3.400000095367431640625</ele>
        <time>2026-01-13T14:08:10.000Z</time>
        <extensions>
          <ns3:TrackPointExtension>
            <ns3:hr>134</ns3:hr>
            <ns3:cad>92</ns3:cad>
          </ns3:TrackPointExtension>
        </extensions>
      </trkpt>
      <trkpt lat="30.43781493790447711944580078125" lon="120.27064542286098003387451171875">
        <ele>3.2000000476837158203125</ele>
        <time>2026-01-13T14:08:11.000Z</time>
        <extensions>
          <ns3:TrackPointExtension>
            <ns3:hr>135</ns3:hr>
            <ns3:cad>91</ns3:cad>
          </ns3:TrackPointExtension>
        </extensions>
      </trkpt>
      <trkpt lat="30.43780244886875152587890625" lon="120.2706185169517993927001953125">
        <ele>3</ele>
        <time>2026-01-13T14:08:12.000Z</time>
        <extensions>
          <ns3:TrackPointExtension>
            <ns3:hr>135</ns3:hr>
            <ns3:cad>90</ns3:cad>
          </ns3:TrackPointExtension>
        </extensions>
      </trkpt>
      <trkpt lat="30.43778962455689907073974609375" lon="120.270591862499713897705078125">
        <ele>2.7999999523162841796875</ele>
        <time>2026-01-13T14:08:13.000Z</time>
        <extensions>
          <ns3:TrackPointExtension>
            <ns3:hr>136</ns3:hr>
            <ns3:cad>89</ns3:cad>
          </ns3:TrackPointExtension>
        </extensions>
      </trkpt>
      <trkpt lat="30.4377754591405391693115234375" lon="120.27056428603827953338623046875">
        <ele>2.599999904632568359375</ele>
        <time>2026-01-13T14:08:14.000Z</time>
        <extensions>
          <ns3:TrackPointExtension>
            <ns3:hr>136</ns3:hr>
            <ns3:cad>89</ns3:cad>
          </ns3:TrackPointExtension>
        </extensions>
      </trkpt>
      <trkpt lat="30.43776263482868671417236328125" lon="120.27053880505263805389404296875">
        <ele>2.400000095367431640625</ele>
        <time>2026-01-13T14:08:15.000Z</time>
        <extensions>
          <ns3:TrackPointExtension>
            <ns3:hr>137</ns3:hr>
            <ns3:cad>89</ns3:cad>
          </ns3:TrackPointExtension>
        </extensions>
      </trkpt>
      <trkpt lat="30.437749810516834259033203125" lon="120.27051332406699657440185546875">
        <ele>2.2000000476837158203125</ele>
        <time>2026-01-13T14:08:16.000Z</time>
        <extensions>
          <ns3:TrackPointExtension>
            <ns3:hr>137</ns3:hr>
            <ns3:cad>91</ns3:cad>
          </ns3:TrackPointExtension>
        </extensions>
      </trkpt>
      <trkpt lat="30.4377375729382038116455078125" lon="120.270488262176513671875">
        <ele>2</ele>
        <time>2026-01-13T14:08:17.000Z</time>
        <extensions>
          <ns3:TrackPointExtension>
            <ns3:hr>137</ns3:hr>
            <ns3:cad>92</ns3:cad>
          </ns3:TrackPointExtension>
        </extensions>
      </trkpt>
      <trkpt lat="30.43772961013019084930419921875" lon="120.27046135626733303070068359375">
        <ele>2</ele>
        <time>2026-01-13T14:08:18.000Z</time>
        <extensions>
          <ns3:TrackPointExtension>
            <ns3:hr>137</ns3:hr>
            <ns3:cad>93</ns3:cad>
          </ns3:TrackPointExtension>
        </extensions>
      </trkpt>
      <trkpt lat="30.43771938420832157135009765625" lon="120.27043134905397891998291015625">
        <ele>2</ele>
        <time>2026-01-13T14:08:19.000Z</time>
        <extensions>
          <ns3:TrackPointExtension>
            <ns3:hr>137</ns3:hr>
            <ns3:cad>93</ns3:cad>
          </ns3:TrackPointExtension>
        </extensions>
      </trkpt>
      <trkpt lat="30.43770991265773773193359375" lon="120.2704022638499736785888671875">
        <ele>2</ele>
        <time>2026-01-13T14:08:20.000Z</time>
        <extensions>
          <ns3:TrackPointExtension>
            <ns3:hr>138</ns3:hr>
            <ns3:cad>93</ns3:cad>
          </ns3:TrackPointExtension>
        </extensions>
      </trkpt>
      <trkpt lat="30.43769910000264644622802734375" lon="120.27037284336984157562255859375">
        <ele>1.7999999523162841796875</ele>
        <time>2026-01-13T14:08:21.000Z</time>
        <extensions>
          <ns3:TrackPointExtension>
            <ns3:hr>138</ns3:hr>
            <ns3:cad>93</ns3:cad>
          </ns3:TrackPointExtension>
        </extensions>
      </trkpt>
      <trkpt lat="30.43768501840531826019287109375" lon="120.27034032158553600311279296875">
        <ele>1.7999999523162841796875</ele>
        <time>2026-01-13T14:08:22.000Z</time>
        <extensions>
          <ns3:TrackPointExtension>
            <ns3:hr>139</ns3:hr>
            <ns3:cad>93</ns3:cad>
          </ns3:TrackPointExtension>
        </extensions>
      </trkpt>
      <trkpt lat="30.43766926042735576629638671875" lon="120.2703174389898777008056640625">
        <ele>2</ele>
        <time>2026-01-13T14:08:23.000Z</time>
        <extensions>
          <ns3:TrackPointExtension>
            <ns3:hr>139</ns3:hr>
            <ns3:cad>93</ns3:cad>
          </ns3:TrackPointExtension>
        </extensions>
      </trkpt>
      <trkpt lat="30.43765568174421787261962890625" lon="120.2702966518700122833251953125">
        <ele>2</ele>
        <time>2026-01-13T14:08:24.000Z</time>
        <extensions>
          <ns3:TrackPointExtension>
            <ns3:hr>139</ns3:hr>
            <ns3:cad>93</ns3:cad>
          </ns3:TrackPointExtension>
        </extensions>
      </trkpt>
      <trkpt lat="30.43764746747910976409912109375" lon="120.270272679626941680908203125">
        <ele>2</ele>
        <time>2026-01-13T14:08:25.000Z</time>
        <extensions>
          <ns3:TrackPointExtension>
            <ns3:hr>139</ns3:hr>
            <ns3:cad>93</ns3:cad>
          </ns3:TrackPointExtension>
        </extensions>
      </trkpt>
      <trkpt lat="30.43763481080532073974609375" lon="120.27024812065064907073974609375">
        <ele>2</ele>
        <time>2026-01-13T14:08:26.000Z</time>
        <extensions>
          <ns3:TrackPointExtension>
            <ns3:hr>139</ns3:hr>
            <ns3:cad>92</ns3:cad>
          </ns3:TrackPointExtension>
        </extensions>
      </trkpt>
      <trkpt lat="30.43762584216892719268798828125" lon="120.27022297494113445281982421875">
        <ele>1.7999999523162841796875</ele>
        <time>2026-01-13T14:08:27.000Z</time>
        <extensions>
          <ns3:TrackPointExtension>
            <ns3:hr>139</ns3:hr>
            <ns3:cad>92</ns3:cad>
          </ns3:TrackPointExtension>
        </extensions>
      </trkpt>
      <trkpt lat="30.4376158677041530609130859375" lon="120.27020235545933246612548828125">
        <ele>1.7999999523162841796875</ele>
        <time>2026-01-13T14:08:28.000Z</time>
        <extensions>
          <ns3:TrackPointExtension>
            <ns3:hr>139</ns3:hr>
            <ns3:cad>93</ns3:cad>
          </ns3:TrackPointExtension>
        </extensions>
      </trkpt>
      <trkpt lat="30.43760656379163265228271484375" lon="120.27017938904464244842529296875">
        <ele>2</ele>
        <time>2026-01-13T14:08:29.000Z</time>
        <extensions>
          <ns3:TrackPointExtension>
            <ns3:hr>139</ns3:hr>
            <ns3:cad>94</ns3:cad>
          </ns3:TrackPointExtension>
        </extensions>
      </trkpt>
      <trkpt lat="30.43759734369814395904541015625" lon="120.2701568417251110076904296875">
        <ele>2.2000000476837158203125</ele>
        <time>2026-01-13T14:08:30.000Z</time>
        <extensions>
          <ns3:TrackPointExtension>
            <ns3:hr>138</ns3:hr>
            <ns3:cad>94</ns3:cad>
          </ns3:TrackPointExtension>
        </extensions>
      </trkpt>
      <trkpt lat="30.4375823400914669036865234375" lon="120.27013446204364299774169921875">
        <ele>2.400000095367431640625</ele>
        <time>2026-01-13T14:08:31.000Z</time>
        <extensions>
          <ns3:TrackPointExtension>
            <ns3:hr>138</ns3:hr>
            <ns3:cad>94</ns3:cad>
          </ns3:TrackPointExtension>
        </extensions>
      </trkpt>
      <trkpt lat="30.43757119216024875640869140625" lon="120.2701112441718578338623046875">
        <ele>2.400000095367431640625</ele>
        <time>2026-01-13T14:08:32.000Z</time>
        <extensions>
          <ns3:TrackPointExtension>
            <ns3:hr>139</ns3:hr>
            <ns3:cad>91</ns3:cad>
          </ns3:TrackPointExtension>
        </extensions>
      </trkpt>
      <trkpt lat="30.43755375780165195465087890625" lon="120.2700899541378021240234375">
        <ele>2.599999904632568359375</ele>
        <time>2026-01-13T14:08:33.000Z</time>
        <extensions>
          <ns3:TrackPointExtension>
            <ns3:hr>139</ns3:hr>
            <ns3:cad>91</ns3:cad>
          </ns3:TrackPointExtension>
        </extensions>
      </trkpt>
      <trkpt lat="30.4375350661575794219970703125" lon="120.27006589807569980621337890625">
        <ele>3</ele>
        <time>2026-01-13T14:08:34.000Z</time>
        <extensions>
          <ns3:TrackPointExtension>
            <ns3:hr>139</ns3:hr>
            <ns3:cad>91</ns3:cad>
          </ns3:TrackPointExtension>
        </extensions>
      </trkpt>
      <trkpt lat="30.437517799437046051025390625" lon="120.2700416743755340576171875">
        <ele>3.2000000476837158203125</ele>
        <time>2026-01-13T14:08:35.000Z</time>
        <extensions>
          <ns3:TrackPointExtension>
            <ns3:hr>139</ns3:hr>
            <ns3:cad>92</ns3:cad>
          </ns3:TrackPointExtension>
        </extensions>
      </trkpt>
      <trkpt lat="30.4375038854777812957763671875" lon="120.2700202167034149169921875">
        <ele>3.400000095367431640625</ele>
        <time>2026-01-13T14:08:36.000Z</time>
        <extensions>
          <ns3:TrackPointExtension>
            <ns3:hr>139</ns3:hr>
            <ns3:cad>92</ns3:cad>
          </ns3:TrackPointExtension>
        </extensions>
      </trkpt>
      <trkpt lat="30.43749039061367511749267578125" lon="120.269997082650661468505859375">
        <ele>3.400000095367431640625</ele>
        <time>2026-01-13T14:08:37.000Z</time>
        <extensions>
          <ns3:TrackPointExtension>
            <ns3:hr>140</ns3:hr>
            <ns3:cad>92</ns3:cad>
          </ns3:TrackPointExtension>
        </extensions>
      </trkpt>
      <trkpt lat="30.43747714720666408538818359375" lon="120.26997185312211513519287109375">
        <ele>3.599999904632568359375</ele>
        <time>2026-01-13T14:08:38.000Z</time>
        <extensions>
          <ns3:TrackPointExtension>
            <ns3:hr>140</ns3:hr>
            <ns3:cad>92</ns3:cad>
          </ns3:TrackPointExtension>
        </extensions>
      </trkpt>
      <trkpt lat="30.43746742419898509979248046875" lon="120.26994922198355197906494140625">
        <ele>3.7999999523162841796875</ele>
        <time>2026-01-13T14:08:39.000Z</time>
        <extensions>
          <ns3:TrackPointExtension>
            <ns3:hr>141</ns3:hr>
            <ns3:cad>94</ns3:cad>
          </ns3:TrackPointExtension>
        </extensions>
      </trkpt>
      <trkpt lat="30.437458790838718414306640625" lon="120.26993061415851116180419921875">
        <ele>4</ele>
        <time>2026-01-13T14:08:40.000Z</time>
        <extensions>
          <ns3:TrackPointExtension>
            <ns3:hr>141</ns3:hr>
            <ns3:cad>92</ns3:cad>
          </ns3:TrackPointExtension>
        </extensions>
      </trkpt>
      <trkpt lat="30.4374490678310394287109375" lon="120.269909240305423736572265625">
        <ele>4</ele>
        <time>2026-01-13T14:08:41.000Z</time>
        <extensions>
          <ns3:TrackPointExtension>
            <ns3:hr>141</ns3:hr>
            <ns3:cad>94</ns3:cad>
          </ns3:TrackPointExtension>
        </extensions>
      </trkpt>
      <trkpt lat="30.43743607588112354278564453125" lon="120.26988652534782886505126953125">
        <ele>4.19999980926513671875</ele>
        <time>2026-01-13T14:08:42.000Z</time>
        <extensions>
          <ns3:TrackPointExtension>
            <ns3:hr>141</ns3:hr>
            <ns3:cad>94</ns3:cad>
          </ns3:TrackPointExtension>
        </extensions>
      </trkpt>
      <trkpt lat="30.43741981498897075653076171875" lon="120.2698594518005847930908203125">
        <ele>4.400000095367431640625</ele>
        <time>2026-01-13T14:08:43.000Z</time>
        <extensions>
          <ns3:TrackPointExtension>
            <ns3:hr>141</ns3:hr>
            <ns3:cad>94</ns3:cad>
          </ns3:TrackPointExtension>
        </extensions>
      </trkpt>
      <trkpt lat="30.43740204535424709320068359375" lon="120.2698279358446598052978515625">
        <ele>4.599999904632568359375</ele>
        <time>2026-01-13T14:08:44.000Z</time>
        <extensions>
          <ns3:TrackPointExtension>
            <ns3:hr>142</ns3:hr>
            <ns3:cad>93</ns3:cad>
          </ns3:TrackPointExtension>
        </extensions>
      </trkpt>
      <trkpt lat="30.43738997541368007659912109375" lon="120.2698071487247943878173828125">
        <ele>4.80000019073486328125</ele>
        <time>2026-01-13T14:08:45.000Z</time>
        <extensions>
          <ns3:TrackPointExtension>
            <ns3:hr>142</ns3:hr>
            <ns3:cad>93</ns3:cad>
          </ns3:TrackPointExtension>
        </extensions>
      </trkpt>
      <trkpt lat="30.43737958185374736785888671875" lon="120.2697789855301380157470703125">
        <ele>5</ele>
        <time>2026-01-13T14:08:46.000Z</time>
        <extensions>
          <ns3:TrackPointExtension>
            <ns3:hr>143</ns3:hr>
            <ns3:cad>93</ns3:cad>
          </ns3:TrackPointExtension>
        </extensions>
      </trkpt>
      <trkpt lat="30.43736952356994152069091796875" lon="120.2697519958019256591796875">
        <ele>5.19999980926513671875</ele>
        <time>2026-01-13T14:08:47.000Z</time>
        <extensions>
          <ns3:TrackPointExtension>
            <ns3:hr>143</ns3:hr>
            <ns3:cad>93</ns3:cad>
          </ns3:TrackPointExtension>
        </extensions>
      </trkpt>
      <trkpt lat="30.43735929764807224273681640625" lon="120.269724838435649871826171875">
        <ele>5.400000095367431640625</ele>
        <time>2026-01-13T14:08:48.000Z</time>
        <extensions>
          <ns3:TrackPointExtension>
            <ns3:hr>143</ns3:hr>
            <ns3:cad>94</ns3:cad>
          </ns3:TrackPointExtension>
        </extensions>
      </trkpt>
      <trkpt lat="30.437343120574951171875" lon="120.26969969272613525390625">
        <ele>5.599999904632568359375</ele>
        <time>2026-01-13T14:08:49.000Z</time>
        <extensions>
          <ns3:TrackPointExtension>
            <ns3:hr>143</ns3:hr>
            <ns3:cad>95</ns3:cad>
          </ns3:TrackPointExtension>
        </extensions>
      </trkpt>
      <trkpt lat="30.437332727015018463134765625" lon="120.2696730382740497589111328125">
        <ele>5.80000019073486328125</ele>
        <time>2026-01-13T14:08:50.000Z</time>
        <extensions>
          <ns3:TrackPointExtension>
            <ns3:hr>143</ns3:hr>
            <ns3:cad>95</ns3:cad>
          </ns3:TrackPointExtension>
        </extensions>
      </trkpt>
      <trkpt lat="30.4373231716454029083251953125" lon="120.2696447074413299560546875">
        <ele>6</ele>
        <time>2026-01-13T14:08:51.000Z</time>
        <extensions>
          <ns3:TrackPointExtension>
            <ns3:hr>143</ns3:hr>
            <ns3:cad>94</ns3:cad>
          </ns3:TrackPointExtension>
        </extensions>
      </trkpt>
      <trkpt lat="30.43731219135224819183349609375" lon="120.26961327530443668365478515625">
        <ele>6</ele>
        <time>2026-01-13T14:08:52.000Z</time>
        <extensions>
          <ns3:TrackPointExtension>
            <ns3:hr>143</ns3:hr>
            <ns3:cad>94</ns3:cad>
          </ns3:TrackPointExtension>
        </extensions>
      </trkpt>
      <trkpt lat="30.43730129487812519073486328125" lon="120.26958595030009746551513671875">
        <ele>6</ele>
        <time>2026-01-13T14:08:53.000Z</time>
        <extensions>
          <ns3:TrackPointExtension>
            <ns3:hr>143</ns3:hr>
            <ns3:cad>93</ns3:cad>
          </ns3:TrackPointExtension>
        </extensions>
      </trkpt>
      <trkpt lat="30.43729282915592193603515625" lon="120.26955845765769481658935546875">
        <ele>6</ele>
        <time>2026-01-13T14:08:54.000Z</time>
        <extensions>
          <ns3:TrackPointExtension>
            <ns3:hr>143</ns3:hr>
            <ns3:cad>93</ns3:cad>
          </ns3:TrackPointExtension>
        </extensions>
      </trkpt>
      <trkpt lat="30.43728603981435298919677734375" lon="120.26953649707138538360595703125">
        <ele>6</ele>
        <time>2026-01-13T14:08:55.000Z</time>
        <extensions>
          <ns3:TrackPointExtension>
            <ns3:hr>143</ns3:hr>
            <ns3:cad>93</ns3:cad>
          </ns3:TrackPointExtension>
        </extensions>
      </trkpt>
      <trkpt lat="30.43727598153054714202880859375" lon="120.2695077471435070037841796875">
        <ele>6</ele>
        <time>2026-01-13T14:08:56.000Z</time>
        <extensions>
          <ns3:TrackPointExtension>
            <ns3:hr>143</ns3:hr>
            <ns3:cad>94</ns3:cad>
          </ns3:TrackPointExtension>
        </extensions>
      </trkpt>
      <trkpt lat="30.43726491741836071014404296875" lon="120.26948444545269012451171875">
        <ele>6</ele>
        <time>2026-01-13T14:08:57.000Z</time>
        <extensions>
          <ns3:TrackPointExtension>
            <ns3:hr>143</ns3:hr>
            <ns3:cad>94</ns3:cad>
          </ns3:TrackPointExtension>
        </extensions>
      </trkpt>
      <trkpt lat="30.43725435622036457061767578125" lon="120.269459299743175506591796875">
        <ele>6</ele>
        <time>2026-01-13T14:08:58.000Z</time>
        <extensions>
          <ns3:TrackPointExtension>
            <ns3:hr>143</ns3:hr>
            <ns3:cad>94</ns3:cad>
          </ns3:TrackPointExtension>
        </extensions>
      </trkpt>
      <trkpt lat="30.437243878841400146484375" lon="120.26943239383399486541748046875">
        <ele>6</ele>
        <time>2026-01-13T14:08:59.000Z</time>
        <extensions>
          <ns3:TrackPointExtension>
            <ns3:hr>143</ns3:hr>
            <ns3:cad>94</ns3:cad>
          </ns3:TrackPointExtension>
        </extensions>
      </trkpt>
      <trkpt lat="30.43723105452954769134521484375" lon="120.2694024704396724700927734375">
        <ele>6</ele>
        <time>2026-01-13T14:09:00.000Z</time>
        <extensions>
          <ns3:TrackPointExtension>
            <ns3:hr>143</ns3:hr>
            <ns3:cad>94</ns3:cad>
          </ns3:TrackPointExtension>
        </extensions>
      </trkpt>
      <trkpt lat="30.437212027609348297119140625" lon="120.26937707327306270599365234375">
        <ele>6</ele>
        <time>2026-01-13T14:09:01.000Z</time>
        <extensions>
          <ns3:TrackPointExtension>
            <ns3:hr>143</ns3:hr>
            <ns3:cad>93</ns3:cad>
          </ns3:TrackPointExtension>
        </extensions>
      </trkpt>
      <trkpt lat="30.43719249777495861053466796875" lon="120.26935142464935779571533203125">
        <ele>6</ele>
        <time>2026-01-13T14:09:02.000Z</time>
        <extensions>
          <ns3:TrackPointExtension>
            <ns3:hr>144</ns3:hr>
            <ns3:cad>93</ns3:cad>
          </ns3:TrackPointExtension>
        </extensions>
      </trkpt>
      <trkpt lat="30.437172465026378631591796875" lon="120.269327200949192047119140625">
        <ele>6.19999980926513671875</ele>
        <time>2026-01-13T14:09:03.000Z</time>
        <extensions>
          <ns3:TrackPointExtension>
            <ns3:hr>144</ns3:hr>
            <ns3:cad>93</ns3:cad>
          </ns3:TrackPointExtension>
        </extensions>
      </trkpt>
      <trkpt lat="30.4371639154851436614990234375" lon="120.269299037754535675048828125">
        <ele>6.19999980926513671875</ele>
        <time>2026-01-13T14:09:04.000Z</time>
        <extensions>
          <ns3:TrackPointExtension>
            <ns3:hr>144</ns3:hr>
            <ns3:cad>92</ns3:cad>
          </ns3:TrackPointExtension>
        </extensions>
      </trkpt>
      <trkpt lat="30.43715327046811580657958984375" lon="120.2692764066159725189208984375">
        <ele>6.400000095367431640625</ele>
        <time>2026-01-13T14:09:05.000Z</time>
        <extensions>
          <ns3:TrackPointExtension>
            <ns3:hr>145</ns3:hr>
            <ns3:cad>91</ns3:cad>
          </ns3:TrackPointExtension>
        </extensions>
      </trkpt>
      <trkpt lat="30.43714555911719799041748046875" lon="120.269255451858043670654296875">
        <ele>6.400000095367431640625</ele>
        <time>2026-01-13T14:09:06.000Z</time>
        <extensions>
          <ns3:TrackPointExtension>
            <ns3:hr>145</ns3:hr>
            <ns3:cad>91</ns3:cad>
          </ns3:TrackPointExtension>
        </extensions>
      </trkpt>
      <trkpt lat="30.43713591992855072021484375" lon="120.269234664738178253173828125">
        <ele>6.400000095367431640625</ele>
        <time>2026-01-13T14:09:07.000Z</time>
        <extensions>
          <ns3:TrackPointExtension>
            <ns3:hr>145</ns3:hr>
            <ns3:cad>92</ns3:cad>
          </ns3:TrackPointExtension>
        </extensions>
      </trkpt>
      <trkpt lat="30.43712460435926914215087890625" lon="120.26921362616121768951416015625">
        <ele>6.599999904632568359375</ele>
        <time>2026-01-13T14:09:08.000Z</time>
        <extensions>
          <ns3:TrackPointExtension>
            <ns3:hr>146</ns3:hr>
            <ns3:cad>92</ns3:cad>
          </ns3:TrackPointExtension>
        </extensions>
      </trkpt>
      <trkpt lat="30.4371122829616069793701171875" lon="120.26919082738459110260009765625">
        <ele>6.599999904632568359375</ele>
        <time>2026-01-13T14:09:09.000Z</time>
        <extensions>
          <ns3:TrackPointExtension>
            <ns3:hr>147</ns3:hr>
            <ns3:cad>92</ns3:cad>
          </ns3:TrackPointExtension>
        </extensions>
      </trkpt>
      <trkpt lat="30.43710029684007167816162109375" lon="120.269169621169567108154296875">
        <ele>6.599999904632568359375</ele>
        <time>2026-01-13T14:09:10.000Z</time>
        <extensions>
          <ns3:TrackPointExtension>
            <ns3:hr>148</ns3:hr>
            <ns3:cad>91</ns3:cad>
          </ns3:TrackPointExtension>
        </extensions>
      </trkpt>
      <trkpt lat="30.4370911605656147003173828125" lon="120.26914841495454311370849609375">
        <ele>6.80000019073486328125</ele>
        <time>2026-01-13T14:09:11.000Z</time>
        <extensions>
          <ns3:TrackPointExtension>
            <ns3:hr>148</ns3:hr>
            <ns3:cad>91</ns3:cad>
          </ns3:TrackPointExtension>
        </extensions>
      </trkpt>
      <trkpt lat="30.43707867152988910675048828125" lon="120.2691268734633922576904296875">
        <ele>6.80000019073486328125</ele>
        <time>2026-01-13T14:09:12.000Z</time>
        <extensions>
          <ns3:TrackPointExtension>
            <ns3:hr>149</ns3:hr>
            <ns3:cad>94</ns3:cad>
          </ns3:TrackPointExtension>
        </extensions>
      </trkpt>
      <trkpt lat="30.43706391938030719757080078125" lon="120.26910491287708282470703125">
        <ele>7</ele>
        <time>2026-01-13T14:09:13.000Z</time>
        <extensions>
          <ns3:TrackPointExtension>
            <ns3:hr>149</ns3:hr>
            <ns3:cad>94</ns3:cad>
          </ns3:TrackPointExtension>
        </extensions>
      </trkpt>
      <trkpt lat="30.43704832904040813446044921875" lon="120.26908345520496368408203125">
        <ele>7</ele>
        <time>2026-01-13T14:09:14.000Z</time>
        <extensions>
          <ns3:TrackPointExtension>
            <ns3:hr>149</ns3:hr>
            <ns3:cad>93</ns3:cad>
          </ns3:TrackPointExtension>
        </extensions>
      </trkpt>
      <trkpt lat="30.43703190051019191741943359375" lon="120.269058309495449066162109375">
        <ele>7.19999980926513671875</ele>
        <time>2026-01-13T14:09:15.000Z</time>
        <extensions>
          <ns3:TrackPointExtension>
            <ns3:hr>150</ns3:hr>
            <ns3:cad>93</ns3:cad>
          </ns3:TrackPointExtension>
        </extensions>
      </trkpt>
      <trkpt lat="30.43701698072254657745361328125" lon="120.26903391815721988677978515625">
        <ele>7.19999980926513671875</ele>
        <time>2026-01-13T14:09:16.000Z</time>
        <extensions>
          <ns3:TrackPointExtension>
            <ns3:hr>149</ns3:hr>
            <ns3:cad>93</ns3:cad>
          </ns3:TrackPointExtension>
        </extensions>
      </trkpt>
      <trkpt lat="30.43700449168682098388671875" lon="120.26900776661932468414306640625">
        <ele>7.19999980926513671875</ele>
        <time>2026-01-13T14:09:17.000Z</time>
        <extensions>
          <ns3:TrackPointExtension>
            <ns3:hr>150</ns3:hr>
            <ns3:cad>93</ns3:cad>
          </ns3:TrackPointExtension>
        </extensions>
      </trkpt>
      <trkpt lat="30.43698881752789020538330078125" lon="120.2689837105572223663330078125">
        <ele>7.400000095367431640625</ele>
        <time>2026-01-13T14:09:18.000Z</time>
        <extensions>
          <ns3:TrackPointExtension>
            <ns3:hr>149</ns3:hr>
            <ns3:cad>94</ns3:cad>
          </ns3:TrackPointExtension>
        </extensions>
      </trkpt>
      <trkpt lat="30.43697473593056201934814453125" lon="120.2689612470567226409912109375">
        <ele>7.400000095367431640625</ele>
        <time>2026-01-13T14:09:19.000Z</time>
        <extensions>
          <ns3:TrackPointExtension>
            <ns3:hr>150</ns3:hr>
            <ns3:cad>94</ns3:cad>
          </ns3:TrackPointExtension>
        </extensions>
      </trkpt>
      <trkpt lat="30.43695864267647266387939453125" lon="120.26893652044236660003662109375">
        <ele>7.599999904632568359375</ele>
        <time>2026-01-13T14:09:20.000Z</time>
        <extensions>
          <ns3:TrackPointExtension>
            <ns3:hr>150</ns3:hr>
            <ns3:cad>93</ns3:cad>
          </ns3:TrackPointExtension>
        </extensions>
      </trkpt>
      <trkpt lat="30.43694942258298397064208984375" lon="120.26892176829278469085693359375">
        <ele>7.599999904632568359375</ele>
        <time>2026-01-13T14:09:21.000Z</time>
        <extensions>
          <ns3:TrackPointExtension>
            <ns3:hr>150</ns3:hr>
            <ns3:cad>93</ns3:cad>
          </ns3:TrackPointExtension>
        </extensions>
      </trkpt>
      <trkpt lat="30.43694556690752506256103515625" lon="120.2688992209732532501220703125">
        <ele>7.599999904632568359375</ele>
        <time>2026-01-13T14:09:22.000Z</time>
        <extensions>
          <ns3:TrackPointExtension>
            <ns3:hr>150</ns3:hr>
            <ns3:cad>92</ns3:cad>
          </ns3:TrackPointExtension>
        </extensions>
      </trkpt>
    </trkseg>
  </trk>
</gpx>
